

================================================================
== Vitis HLS Report for 'nPELICAN'
================================================================
* Date:           Fri Jul 17 05:58:22 2026

* Version:        2023.2 (Build 4023990 on Oct 11 2023)
* Project:        nPELICAN_split_prj_5ns
* Solution:       solution (Vivado IP Flow Target)
* Product family: virtexuplus
* Target device:  xcu250-figd2104-2L-e


================================================================
== Performance Estimates
================================================================
+ Timing: 
    * Summary: 
    +--------+---------+----------+------------+
    |  Clock |  Target | Estimated| Uncertainty|
    +--------+---------+----------+------------+
    |ap_clk  |  5.00 ns|  4.345 ns|     0.62 ns|
    +--------+---------+----------+------------+

+ Latency: 
    * Summary: 
    +---------+---------+----------+----------+-----+-----+---------+
    |  Latency (cycles) |  Latency (absolute) |  Interval | Pipeline|
    |   min   |   max   |    min   |    max   | min | max |   Type  |
    +---------+---------+----------+----------+-----+-----+---------+
    |       20|       20|  0.100 us|  0.100 us|    1|    1|      yes|
    +---------+---------+----------+----------+-----+-----+---------+

    + Detail: 
        * Instance: 
        +--------------------------+------------+---------+---------+-----------+-----------+-----+-----+---------+
        |                          |            |  Latency (cycles) |   Latency (absolute)  |  Interval | Pipeline|
        |         Instance         |   Module   |   min   |   max   |    min    |    max    | min | max |   Type  |
        +--------------------------+------------+---------+---------+-----------+-----------+-----+-----+---------+
        |grp_np_dots_fu_153        |np_dots     |        4|        4|  20.000 ns|  20.000 ns|    1|    1|      yes|
        |np_bn1_ret_np_bn1_fu_181  |np_bn1      |        0|        0|       0 ns|       0 ns|    1|    1|      yes|
        |grp_np_agg2to2_fu_460     |np_agg2to2  |        3|        3|  15.000 ns|  15.000 ns|    1|    1|      yes|
        |grp_np_eq2to2_fu_948      |np_eq2to2   |        1|        1|   5.000 ns|   5.000 ns|    1|    1|      yes|
        |grp_np_agg2to0_fu_1481    |np_agg2to0  |        4|        4|  20.000 ns|  20.000 ns|    1|    1|      yes|
        |Rp_np_out2to0_fu_2476     |np_out2to0  |        0|        0|       0 ns|       0 ns|    1|    1|      yes|
        +--------------------------+------------+---------+---------+-----------+-----------+-----+-----+---------+

        * Loop: 
        N/A



================================================================
== Utilization Estimates
================================================================
* Summary: 
+---------------------+---------+-------+---------+---------+------+
|         Name        | BRAM_18K|  DSP  |    FF   |   LUT   | URAM |
+---------------------+---------+-------+---------+---------+------+
|DSP                  |        -|      -|        -|        -|     -|
|Expression           |        -|      -|        0|      376|     -|
|FIFO                 |        -|      -|        -|        -|     -|
|Instance             |        -|   1053|    43830|   287752|     -|
|Memory               |        -|      -|        -|        -|     -|
|Multiplexer          |        -|      -|        -|       72|     -|
|Register             |        -|      -|    45832|    16224|     -|
+---------------------+---------+-------+---------+---------+------+
|Total                |        0|   1053|    89662|   304424|     0|
+---------------------+---------+-------+---------+---------+------+
|Available SLR        |     1344|   3072|   864000|   432000|   320|
+---------------------+---------+-------+---------+---------+------+
|Utilization SLR (%)  |        0|     34|       10|       70|     0|
+---------------------+---------+-------+---------+---------+------+
|Available            |     5376|  12288|  3456000|  1728000|  1280|
+---------------------+---------+-------+---------+---------+------+
|Utilization (%)      |        0|      8|        2|       17|     0|
+---------------------+---------+-------+---------+---------+------+

+ Detail: 
    * Instance: 
    +--------------------------+------------+---------+------+-------+--------+-----+
    |         Instance         |   Module   | BRAM_18K|  DSP |   FF  |   LUT  | URAM|
    +--------------------------+------------+---------+------+-------+--------+-----+
    |grp_np_agg2to0_fu_1481    |np_agg2to0  |        0|    16|   6632|   21794|    0|
    |grp_np_agg2to2_fu_460     |np_agg2to2  |        0|    23|   7572|   24394|    0|
    |np_bn1_ret_np_bn1_fu_181  |np_bn1      |        0|     0|      0|   24838|    0|
    |grp_np_dots_fu_153        |np_dots     |        0|  1012|  20503|   39148|    0|
    |grp_np_eq2to2_fu_948      |np_eq2to2   |        0|     1|   9123|  177490|    0|
    |Rp_np_out2to0_fu_2476     |np_out2to0  |        0|     1|      0|      88|    0|
    +--------------------------+------------+---------+------+-------+--------+-----+
    |Total                     |            |        0|  1053|  43830|  287752|    0|
    +--------------------------+------------+---------+------+-------+--------+-----+

    * DSP: 
    N/A

    * Memory: 
    N/A

    * FIFO: 
    N/A

    * Expression: 
    +--------------------------------------------+----------+----+---+----+------------+------------+
    |                Variable Name               | Operation| DSP| FF| LUT| Bitwidth P0| Bitwidth P1|
    +--------------------------------------------+----------+----+---+----+------------+------------+
    |add_ln600_fu_9947_p2                        |         +|   0|  0|  13|           6|           6|
    |nobj_1_fu_2496_p2                           |         +|   0|  0|  12|           5|           2|
    |and_ln600_1_fu_9967_p2                      |       and|   0|  0|   2|           1|           1|
    |and_ln600_2_fu_10005_p2                     |       and|   0|  0|   2|           1|           1|
    |and_ln600_3_fu_10023_p2                     |       and|   0|  0|   2|           1|           1|
    |and_ln600_fu_9937_p2                        |       and|   0|  0|   2|           1|           1|
    |ap_block_pp0_stage0_01001                   |       and|   0|  0|   2|           1|           1|
    |ap_block_pp0_stage0_11001_ignoreCallOp1797  |       and|   0|  0|   2|           1|           1|
    |ap_block_pp0_stage0_11001_ignoreCallOp53    |       and|   0|  0|   2|           1|           1|
    |ap_block_pp0_stage0_11001_ignoreCallOp799   |       and|   0|  0|   2|           1|           1|
    |ap_block_pp0_stage0_11001_ignoreCallOp827   |       and|   0|  0|   2|           1|           1|
    |icmp_ln451_fu_2484_p2                       |      icmp|   0|  0|  12|           5|           1|
    |icmp_ln452_fu_2490_p2                       |      icmp|   0|  0|  12|           5|           5|
    |icmp_ln600_fu_9895_p2                       |      icmp|   0|  0|  12|           5|           1|
    |nobjmask_10_fu_2618_p2                      |      icmp|   0|  0|  12|           5|           4|
    |nobjmask_11_fu_2625_p2                      |      icmp|   0|  0|  12|           5|           4|
    |nobjmask_12_fu_2632_p2                      |      icmp|   0|  0|  12|           5|           4|
    |nobjmask_13_fu_2639_p2                      |      icmp|   0|  0|  12|           5|           4|
    |nobjmask_14_fu_2646_p2                      |      icmp|   0|  0|  12|           5|           4|
    |nobjmask_16_fu_2662_p2                      |      icmp|   0|  0|  13|           5|           6|
    |nobjmask_17_fu_2669_p2                      |      icmp|   0|  0|  12|           5|           5|
    |nobjmask_18_fu_2676_p2                      |      icmp|   0|  0|  12|           5|           5|
    |nobjmask_19_fu_2683_p2                      |      icmp|   0|  0|  12|           5|           5|
    |nobjmask_1_fu_2535_p2                       |      icmp|   0|  0|  12|           4|           1|
    |nobjmask_20_fu_2690_p2                      |      icmp|   0|  0|  12|           5|           5|
    |nobjmask_21_fu_2696_p2                      |      icmp|   0|  0|  12|           5|           5|
    |nobjmask_2_fu_2542_p2                       |      icmp|   0|  0|  12|           5|           2|
    |nobjmask_3_fu_2559_p2                       |      icmp|   0|  0|  10|           3|           1|
    |nobjmask_4_fu_2566_p2                       |      icmp|   0|  0|  12|           5|           3|
    |nobjmask_5_fu_2573_p2                       |      icmp|   0|  0|  12|           5|           3|
    |nobjmask_6_fu_2580_p2                       |      icmp|   0|  0|  12|           5|           3|
    |nobjmask_7_fu_2597_p2                       |      icmp|   0|  0|   9|           2|           1|
    |nobjmask_8_fu_2604_p2                       |      icmp|   0|  0|  12|           5|           4|
    |nobjmask_9_fu_2611_p2                       |      icmp|   0|  0|  12|           5|           4|
    |nobjmask_fu_2518_p2                         |      icmp|   0|  0|  12|           5|           1|
    |ap_block_state1_pp0_stage0_iter0            |        or|   0|  0|   2|           1|           1|
    |or_ln600_1_fu_9999_p2                       |        or|   0|  0|   2|           1|           1|
    |or_ln600_2_fu_10036_p2                      |        or|   0|  0|   2|           1|           1|
    |or_ln600_3_fu_9977_p2                       |        or|   0|  0|   2|           1|           1|
    |or_ln600_4_fu_10011_p2                      |        or|   0|  0|   2|           1|           1|
    |or_ln600_fu_9932_p2                         |        or|   0|  0|   2|           1|           1|
    |nobj_2_fu_2510_p3                           |    select|   0|  0|   5|           1|           1|
    |select_ln600_1_fu_10042_p3                  |    select|   0|  0|   6|           1|           6|
    |select_ln600_fu_10028_p3                    |    select|   0|  0|   7|           1|           5|
    |spec_select1_fu_2502_p3                     |    select|   0|  0|   5|           1|           5|
    |ap_enable_pp0                               |       xor|   0|  0|   2|           1|           2|
    |xor_ln600_1_fu_9972_p2                      |       xor|   0|  0|   2|           1|           2|
    |xor_ln600_2_fu_9993_p2                      |       xor|   0|  0|   2|           1|           2|
    |xor_ln600_3_fu_9983_p2                      |       xor|   0|  0|   2|           1|           1|
    |xor_ln600_4_fu_9988_p2                      |       xor|   0|  0|   2|           1|           2|
    |xor_ln600_5_fu_10017_p2                     |       xor|   0|  0|   2|           1|           2|
    |xor_ln600_fu_9961_p2                        |       xor|   0|  0|   2|           1|           2|
    +--------------------------------------------+----------+----+---+----+------------+------------+
    |Total                                       |          |   0|  0| 376|         151|         134|
    +--------------------------------------------+----------+----+---+----+------------+------------+

    * Multiplexer: 
    +---------------------------+----+-----------+-----+-----------+
    |            Name           | LUT| Input Size| Bits| Total Bits|
    +---------------------------+----+-----------+-----+-----------+
    |beam_input_ap_vld_in_sig   |   9|          2|    1|          2|
    |beam_input_ap_vld_preg     |   9|          2|    1|          2|
    |beam_input_blk_n           |   9|          2|    1|          2|
    |beam_input_in_sig          |   9|          2|   96|        192|
    |model_input_ap_vld_in_sig  |   9|          2|    1|          2|
    |model_input_ap_vld_preg    |   9|          2|    1|          2|
    |model_input_blk_n          |   9|          2|    1|          2|
    |model_input_in_sig         |   9|          2|  960|       1920|
    +---------------------------+----+-----------+-----+-----------+
    |Total                      |  72|         16| 1062|       2124|
    +---------------------------+----+-----------+-----+-----------+

    * Register: 
    +--------------------------+-----+-----+-----+-----------+
    |           Name           |  FF | LUT | Bits| Const Bits|
    +--------------------------+-----+-----+-----+-----------+
    |R_1_reg_18104             |    6|    0|    6|          0|
    |R_2_reg_18109             |    6|    0|    6|          0|
    |R_3_reg_18114             |    6|    0|    6|          0|
    |R_reg_18099               |    6|    0|    6|          0|
    |Rp_reg_18119              |   13|    0|   13|          0|
    |Tp_q_100_reg_13759        |    6|    0|    6|          0|
    |Tp_q_101_reg_13764        |    6|    0|    6|          0|
    |Tp_q_102_reg_13769        |    6|    0|    6|          0|
    |Tp_q_103_reg_13774        |    6|    0|    6|          0|
    |Tp_q_104_reg_13779        |    6|    0|    6|          0|
    |Tp_q_105_reg_13784        |    6|    0|    6|          0|
    |Tp_q_106_reg_13789        |    6|    0|    6|          0|
    |Tp_q_107_reg_13794        |    6|    0|    6|          0|
    |Tp_q_108_reg_13799        |    6|    0|    6|          0|
    |Tp_q_109_reg_13804        |    6|    0|    6|          0|
    |Tp_q_10_reg_13309         |    6|    0|    6|          0|
    |Tp_q_110_reg_13809        |    6|    0|    6|          0|
    |Tp_q_111_reg_13814        |    6|    0|    6|          0|
    |Tp_q_112_reg_13819        |    6|    0|    6|          0|
    |Tp_q_113_reg_13824        |    6|    0|    6|          0|
    |Tp_q_114_reg_13829        |    6|    0|    6|          0|
    |Tp_q_115_reg_13834        |    6|    0|    6|          0|
    |Tp_q_116_reg_13839        |    6|    0|    6|          0|
    |Tp_q_117_reg_13844        |    6|    0|    6|          0|
    |Tp_q_118_reg_13849        |    6|    0|    6|          0|
    |Tp_q_119_reg_13854        |    6|    0|    6|          0|
    |Tp_q_11_reg_13314         |    6|    0|    6|          0|
    |Tp_q_120_reg_13859        |    6|    0|    6|          0|
    |Tp_q_121_reg_13864        |    6|    0|    6|          0|
    |Tp_q_122_reg_13869        |    6|    0|    6|          0|
    |Tp_q_123_reg_13874        |    6|    0|    6|          0|
    |Tp_q_124_reg_13879        |    6|    0|    6|          0|
    |Tp_q_125_reg_13884        |    6|    0|    6|          0|
    |Tp_q_126_reg_13889        |    6|    0|    6|          0|
    |Tp_q_127_reg_13894        |    6|    0|    6|          0|
    |Tp_q_128_reg_13899        |    6|    0|    6|          0|
    |Tp_q_129_reg_13904        |    6|    0|    6|          0|
    |Tp_q_12_reg_13319         |    6|    0|    6|          0|
    |Tp_q_130_reg_13909        |    6|    0|    6|          0|
    |Tp_q_131_reg_13914        |    6|    0|    6|          0|
    |Tp_q_132_reg_13919        |    6|    0|    6|          0|
    |Tp_q_133_reg_13924        |    6|    0|    6|          0|
    |Tp_q_134_reg_13929        |    6|    0|    6|          0|
    |Tp_q_135_reg_13934        |    6|    0|    6|          0|
    |Tp_q_136_reg_13939        |    6|    0|    6|          0|
    |Tp_q_137_reg_13944        |    6|    0|    6|          0|
    |Tp_q_138_reg_13949        |    6|    0|    6|          0|
    |Tp_q_139_reg_13954        |    6|    0|    6|          0|
    |Tp_q_13_reg_13324         |    6|    0|    6|          0|
    |Tp_q_140_reg_13959        |    6|    0|    6|          0|
    |Tp_q_141_reg_13964        |    6|    0|    6|          0|
    |Tp_q_142_reg_13969        |    6|    0|    6|          0|
    |Tp_q_143_reg_13974        |    6|    0|    6|          0|
    |Tp_q_144_reg_13979        |    6|    0|    6|          0|
    |Tp_q_145_reg_13984        |    6|    0|    6|          0|
    |Tp_q_146_reg_13989        |    6|    0|    6|          0|
    |Tp_q_147_reg_13994        |    6|    0|    6|          0|
    |Tp_q_148_reg_13999        |    6|    0|    6|          0|
    |Tp_q_149_reg_14004        |    6|    0|    6|          0|
    |Tp_q_14_reg_13329         |    6|    0|    6|          0|
    |Tp_q_150_reg_14009        |    6|    0|    6|          0|
    |Tp_q_151_reg_14014        |    6|    0|    6|          0|
    |Tp_q_152_reg_14019        |    6|    0|    6|          0|
    |Tp_q_153_reg_14024        |    6|    0|    6|          0|
    |Tp_q_154_reg_14029        |    6|    0|    6|          0|
    |Tp_q_155_reg_14034        |    6|    0|    6|          0|
    |Tp_q_156_reg_14039        |    6|    0|    6|          0|
    |Tp_q_157_reg_14044        |    6|    0|    6|          0|
    |Tp_q_158_reg_14049        |    6|    0|    6|          0|
    |Tp_q_159_reg_14054        |    6|    0|    6|          0|
    |Tp_q_15_reg_13334         |    6|    0|    6|          0|
    |Tp_q_160_reg_14059        |    6|    0|    6|          0|
    |Tp_q_161_reg_14064        |    6|    0|    6|          0|
    |Tp_q_162_reg_14069        |    6|    0|    6|          0|
    |Tp_q_163_reg_14074        |    6|    0|    6|          0|
    |Tp_q_164_reg_14079        |    6|    0|    6|          0|
    |Tp_q_165_reg_14084        |    6|    0|    6|          0|
    |Tp_q_166_reg_14089        |    6|    0|    6|          0|
    |Tp_q_167_reg_14094        |    6|    0|    6|          0|
    |Tp_q_168_reg_14099        |    6|    0|    6|          0|
    |Tp_q_169_reg_14104        |    6|    0|    6|          0|
    |Tp_q_16_reg_13339         |    6|    0|    6|          0|
    |Tp_q_170_reg_14109        |    6|    0|    6|          0|
    |Tp_q_171_reg_14114        |    6|    0|    6|          0|
    |Tp_q_172_reg_14119        |    6|    0|    6|          0|
    |Tp_q_173_reg_14124        |    6|    0|    6|          0|
    |Tp_q_174_reg_14129        |    6|    0|    6|          0|
    |Tp_q_175_reg_14134        |    6|    0|    6|          0|
    |Tp_q_176_reg_14139        |    6|    0|    6|          0|
    |Tp_q_177_reg_14144        |    6|    0|    6|          0|
    |Tp_q_178_reg_14149        |    6|    0|    6|          0|
    |Tp_q_179_reg_14154        |    6|    0|    6|          0|
    |Tp_q_17_reg_13344         |    6|    0|    6|          0|
    |Tp_q_180_reg_14159        |    6|    0|    6|          0|
    |Tp_q_181_reg_14164        |    6|    0|    6|          0|
    |Tp_q_182_reg_14169        |    6|    0|    6|          0|
    |Tp_q_183_reg_14174        |    6|    0|    6|          0|
    |Tp_q_184_reg_14179        |    6|    0|    6|          0|
    |Tp_q_185_reg_14184        |    6|    0|    6|          0|
    |Tp_q_186_reg_14189        |    6|    0|    6|          0|
    |Tp_q_187_reg_14194        |    6|    0|    6|          0|
    |Tp_q_188_reg_14199        |    6|    0|    6|          0|
    |Tp_q_189_reg_14204        |    6|    0|    6|          0|
    |Tp_q_18_reg_13349         |    6|    0|    6|          0|
    |Tp_q_190_reg_14209        |    6|    0|    6|          0|
    |Tp_q_191_reg_14214        |    6|    0|    6|          0|
    |Tp_q_192_reg_14219        |    6|    0|    6|          0|
    |Tp_q_193_reg_14224        |    6|    0|    6|          0|
    |Tp_q_194_reg_14229        |    6|    0|    6|          0|
    |Tp_q_195_reg_14234        |    6|    0|    6|          0|
    |Tp_q_196_reg_14239        |    6|    0|    6|          0|
    |Tp_q_197_reg_14244        |    6|    0|    6|          0|
    |Tp_q_198_reg_14249        |    6|    0|    6|          0|
    |Tp_q_199_reg_14254        |    6|    0|    6|          0|
    |Tp_q_19_reg_13354         |    6|    0|    6|          0|
    |Tp_q_1_reg_13264          |    6|    0|    6|          0|
    |Tp_q_200_reg_14259        |    6|    0|    6|          0|
    |Tp_q_201_reg_14264        |    6|    0|    6|          0|
    |Tp_q_202_reg_14269        |    6|    0|    6|          0|
    |Tp_q_203_reg_14274        |    6|    0|    6|          0|
    |Tp_q_204_reg_14279        |    6|    0|    6|          0|
    |Tp_q_205_reg_14284        |    6|    0|    6|          0|
    |Tp_q_206_reg_14289        |    6|    0|    6|          0|
    |Tp_q_207_reg_14294        |    6|    0|    6|          0|
    |Tp_q_208_reg_14299        |    6|    0|    6|          0|
    |Tp_q_209_reg_14304        |    6|    0|    6|          0|
    |Tp_q_20_reg_13359         |    6|    0|    6|          0|
    |Tp_q_210_reg_14309        |    6|    0|    6|          0|
    |Tp_q_211_reg_14314        |    6|    0|    6|          0|
    |Tp_q_212_reg_14319        |    6|    0|    6|          0|
    |Tp_q_213_reg_14324        |    6|    0|    6|          0|
    |Tp_q_214_reg_14329        |    6|    0|    6|          0|
    |Tp_q_215_reg_14334        |    6|    0|    6|          0|
    |Tp_q_216_reg_14339        |    6|    0|    6|          0|
    |Tp_q_217_reg_14344        |    6|    0|    6|          0|
    |Tp_q_218_reg_14349        |    6|    0|    6|          0|
    |Tp_q_219_reg_14354        |    6|    0|    6|          0|
    |Tp_q_21_reg_13364         |    6|    0|    6|          0|
    |Tp_q_220_reg_14359        |    6|    0|    6|          0|
    |Tp_q_221_reg_14364        |    6|    0|    6|          0|
    |Tp_q_222_reg_14369        |    6|    0|    6|          0|
    |Tp_q_223_reg_14374        |    6|    0|    6|          0|
    |Tp_q_224_reg_14379        |    6|    0|    6|          0|
    |Tp_q_225_reg_14384        |    6|    0|    6|          0|
    |Tp_q_226_reg_14389        |    6|    0|    6|          0|
    |Tp_q_227_reg_14394        |    6|    0|    6|          0|
    |Tp_q_228_reg_14399        |    6|    0|    6|          0|
    |Tp_q_229_reg_14404        |    6|    0|    6|          0|
    |Tp_q_22_reg_13369         |    6|    0|    6|          0|
    |Tp_q_230_reg_14409        |    6|    0|    6|          0|
    |Tp_q_231_reg_14414        |    6|    0|    6|          0|
    |Tp_q_232_reg_14419        |    6|    0|    6|          0|
    |Tp_q_233_reg_14424        |    6|    0|    6|          0|
    |Tp_q_234_reg_14429        |    6|    0|    6|          0|
    |Tp_q_235_reg_14434        |    6|    0|    6|          0|
    |Tp_q_236_reg_14439        |    6|    0|    6|          0|
    |Tp_q_237_reg_14444        |    6|    0|    6|          0|
    |Tp_q_238_reg_14449        |    6|    0|    6|          0|
    |Tp_q_239_reg_14454        |    6|    0|    6|          0|
    |Tp_q_23_reg_13374         |    6|    0|    6|          0|
    |Tp_q_240_reg_14459        |    6|    0|    6|          0|
    |Tp_q_241_reg_14464        |    6|    0|    6|          0|
    |Tp_q_242_reg_14469        |    6|    0|    6|          0|
    |Tp_q_243_reg_14474        |    6|    0|    6|          0|
    |Tp_q_244_reg_14479        |    6|    0|    6|          0|
    |Tp_q_245_reg_14484        |    6|    0|    6|          0|
    |Tp_q_246_reg_14489        |    6|    0|    6|          0|
    |Tp_q_247_reg_14494        |    6|    0|    6|          0|
    |Tp_q_248_reg_14499        |    6|    0|    6|          0|
    |Tp_q_249_reg_14504        |    6|    0|    6|          0|
    |Tp_q_24_reg_13379         |    6|    0|    6|          0|
    |Tp_q_250_reg_14509        |    6|    0|    6|          0|
    |Tp_q_251_reg_14514        |    6|    0|    6|          0|
    |Tp_q_252_reg_14519        |    6|    0|    6|          0|
    |Tp_q_253_reg_14524        |    6|    0|    6|          0|
    |Tp_q_254_reg_14529        |    6|    0|    6|          0|
    |Tp_q_255_reg_14534        |    6|    0|    6|          0|
    |Tp_q_256_reg_14539        |    6|    0|    6|          0|
    |Tp_q_257_reg_14544        |    6|    0|    6|          0|
    |Tp_q_258_reg_14549        |    6|    0|    6|          0|
    |Tp_q_259_reg_14554        |    6|    0|    6|          0|
    |Tp_q_25_reg_13384         |    6|    0|    6|          0|
    |Tp_q_260_reg_14559        |    6|    0|    6|          0|
    |Tp_q_261_reg_14564        |    6|    0|    6|          0|
    |Tp_q_262_reg_14569        |    6|    0|    6|          0|
    |Tp_q_263_reg_14574        |    6|    0|    6|          0|
    |Tp_q_264_reg_14579        |    6|    0|    6|          0|
    |Tp_q_265_reg_14584        |    6|    0|    6|          0|
    |Tp_q_266_reg_14589        |    6|    0|    6|          0|
    |Tp_q_267_reg_14594        |    6|    0|    6|          0|
    |Tp_q_268_reg_14599        |    6|    0|    6|          0|
    |Tp_q_269_reg_14604        |    6|    0|    6|          0|
    |Tp_q_26_reg_13389         |    6|    0|    6|          0|
    |Tp_q_270_reg_14609        |    6|    0|    6|          0|
    |Tp_q_271_reg_14614        |    6|    0|    6|          0|
    |Tp_q_272_reg_14619        |    6|    0|    6|          0|
    |Tp_q_273_reg_14624        |    6|    0|    6|          0|
    |Tp_q_274_reg_14629        |    6|    0|    6|          0|
    |Tp_q_275_reg_14634        |    6|    0|    6|          0|
    |Tp_q_276_reg_14639        |    6|    0|    6|          0|
    |Tp_q_277_reg_14644        |    6|    0|    6|          0|
    |Tp_q_278_reg_14649        |    6|    0|    6|          0|
    |Tp_q_279_reg_14654        |    6|    0|    6|          0|
    |Tp_q_27_reg_13394         |    6|    0|    6|          0|
    |Tp_q_280_reg_14659        |    6|    0|    6|          0|
    |Tp_q_281_reg_14664        |    6|    0|    6|          0|
    |Tp_q_282_reg_14669        |    6|    0|    6|          0|
    |Tp_q_283_reg_14674        |    6|    0|    6|          0|
    |Tp_q_284_reg_14679        |    6|    0|    6|          0|
    |Tp_q_285_reg_14684        |    6|    0|    6|          0|
    |Tp_q_286_reg_14689        |    6|    0|    6|          0|
    |Tp_q_287_reg_14694        |    6|    0|    6|          0|
    |Tp_q_288_reg_14699        |    6|    0|    6|          0|
    |Tp_q_289_reg_14704        |    6|    0|    6|          0|
    |Tp_q_28_reg_13399         |    6|    0|    6|          0|
    |Tp_q_290_reg_14709        |    6|    0|    6|          0|
    |Tp_q_291_reg_14714        |    6|    0|    6|          0|
    |Tp_q_292_reg_14719        |    6|    0|    6|          0|
    |Tp_q_293_reg_14724        |    6|    0|    6|          0|
    |Tp_q_294_reg_14729        |    6|    0|    6|          0|
    |Tp_q_295_reg_14734        |    6|    0|    6|          0|
    |Tp_q_296_reg_14739        |    6|    0|    6|          0|
    |Tp_q_297_reg_14744        |    6|    0|    6|          0|
    |Tp_q_298_reg_14749        |    6|    0|    6|          0|
    |Tp_q_299_reg_14754        |    6|    0|    6|          0|
    |Tp_q_29_reg_13404         |    6|    0|    6|          0|
    |Tp_q_2_reg_13269          |    6|    0|    6|          0|
    |Tp_q_300_reg_14759        |    6|    0|    6|          0|
    |Tp_q_301_reg_14764        |    6|    0|    6|          0|
    |Tp_q_302_reg_14769        |    6|    0|    6|          0|
    |Tp_q_303_reg_14774        |    6|    0|    6|          0|
    |Tp_q_304_reg_14779        |    6|    0|    6|          0|
    |Tp_q_305_reg_14784        |    6|    0|    6|          0|
    |Tp_q_306_reg_14789        |    6|    0|    6|          0|
    |Tp_q_307_reg_14794        |    6|    0|    6|          0|
    |Tp_q_308_reg_14799        |    6|    0|    6|          0|
    |Tp_q_309_reg_14804        |    6|    0|    6|          0|
    |Tp_q_30_reg_13409         |    6|    0|    6|          0|
    |Tp_q_310_reg_14809        |    6|    0|    6|          0|
    |Tp_q_311_reg_14814        |    6|    0|    6|          0|
    |Tp_q_312_reg_14819        |    6|    0|    6|          0|
    |Tp_q_313_reg_14824        |    6|    0|    6|          0|
    |Tp_q_314_reg_14829        |    6|    0|    6|          0|
    |Tp_q_315_reg_14834        |    6|    0|    6|          0|
    |Tp_q_316_reg_14839        |    6|    0|    6|          0|
    |Tp_q_317_reg_14844        |    6|    0|    6|          0|
    |Tp_q_318_reg_14849        |    6|    0|    6|          0|
    |Tp_q_319_reg_14854        |    6|    0|    6|          0|
    |Tp_q_31_reg_13414         |    6|    0|    6|          0|
    |Tp_q_320_reg_14859        |    6|    0|    6|          0|
    |Tp_q_321_reg_14864        |    6|    0|    6|          0|
    |Tp_q_322_reg_14869        |    6|    0|    6|          0|
    |Tp_q_323_reg_14874        |    6|    0|    6|          0|
    |Tp_q_324_reg_14879        |    6|    0|    6|          0|
    |Tp_q_325_reg_14884        |    6|    0|    6|          0|
    |Tp_q_326_reg_14889        |    6|    0|    6|          0|
    |Tp_q_327_reg_14894        |    6|    0|    6|          0|
    |Tp_q_328_reg_14899        |    6|    0|    6|          0|
    |Tp_q_329_reg_14904        |    6|    0|    6|          0|
    |Tp_q_32_reg_13419         |    6|    0|    6|          0|
    |Tp_q_330_reg_14909        |    6|    0|    6|          0|
    |Tp_q_331_reg_14914        |    6|    0|    6|          0|
    |Tp_q_332_reg_14919        |    6|    0|    6|          0|
    |Tp_q_333_reg_14924        |    6|    0|    6|          0|
    |Tp_q_334_reg_14929        |    6|    0|    6|          0|
    |Tp_q_335_reg_14934        |    6|    0|    6|          0|
    |Tp_q_336_reg_14939        |    6|    0|    6|          0|
    |Tp_q_337_reg_14944        |    6|    0|    6|          0|
    |Tp_q_338_reg_14949        |    6|    0|    6|          0|
    |Tp_q_339_reg_14954        |    6|    0|    6|          0|
    |Tp_q_33_reg_13424         |    6|    0|    6|          0|
    |Tp_q_340_reg_14959        |    6|    0|    6|          0|
    |Tp_q_341_reg_14964        |    6|    0|    6|          0|
    |Tp_q_342_reg_14969        |    6|    0|    6|          0|
    |Tp_q_343_reg_14974        |    6|    0|    6|          0|
    |Tp_q_344_reg_14979        |    6|    0|    6|          0|
    |Tp_q_345_reg_14984        |    6|    0|    6|          0|
    |Tp_q_346_reg_14989        |    6|    0|    6|          0|
    |Tp_q_347_reg_14994        |    6|    0|    6|          0|
    |Tp_q_348_reg_14999        |    6|    0|    6|          0|
    |Tp_q_349_reg_15004        |    6|    0|    6|          0|
    |Tp_q_34_reg_13429         |    6|    0|    6|          0|
    |Tp_q_350_reg_15009        |    6|    0|    6|          0|
    |Tp_q_351_reg_15014        |    6|    0|    6|          0|
    |Tp_q_352_reg_15019        |    6|    0|    6|          0|
    |Tp_q_353_reg_15024        |    6|    0|    6|          0|
    |Tp_q_354_reg_15029        |    6|    0|    6|          0|
    |Tp_q_355_reg_15034        |    6|    0|    6|          0|
    |Tp_q_356_reg_15039        |    6|    0|    6|          0|
    |Tp_q_357_reg_15044        |    6|    0|    6|          0|
    |Tp_q_358_reg_15049        |    6|    0|    6|          0|
    |Tp_q_359_reg_15054        |    6|    0|    6|          0|
    |Tp_q_35_reg_13434         |    6|    0|    6|          0|
    |Tp_q_360_reg_15059        |    6|    0|    6|          0|
    |Tp_q_361_reg_15064        |    6|    0|    6|          0|
    |Tp_q_362_reg_15069        |    6|    0|    6|          0|
    |Tp_q_363_reg_15074        |    6|    0|    6|          0|
    |Tp_q_364_reg_15079        |    6|    0|    6|          0|
    |Tp_q_365_reg_15084        |    6|    0|    6|          0|
    |Tp_q_366_reg_15089        |    6|    0|    6|          0|
    |Tp_q_367_reg_15094        |    6|    0|    6|          0|
    |Tp_q_368_reg_15099        |    6|    0|    6|          0|
    |Tp_q_369_reg_15104        |    6|    0|    6|          0|
    |Tp_q_36_reg_13439         |    6|    0|    6|          0|
    |Tp_q_370_reg_15109        |    6|    0|    6|          0|
    |Tp_q_371_reg_15114        |    6|    0|    6|          0|
    |Tp_q_372_reg_15119        |    6|    0|    6|          0|
    |Tp_q_373_reg_15124        |    6|    0|    6|          0|
    |Tp_q_374_reg_15129        |    6|    0|    6|          0|
    |Tp_q_375_reg_15134        |    6|    0|    6|          0|
    |Tp_q_376_reg_15139        |    6|    0|    6|          0|
    |Tp_q_377_reg_15144        |    6|    0|    6|          0|
    |Tp_q_378_reg_15149        |    6|    0|    6|          0|
    |Tp_q_379_reg_15154        |    6|    0|    6|          0|
    |Tp_q_37_reg_13444         |    6|    0|    6|          0|
    |Tp_q_380_reg_15159        |    6|    0|    6|          0|
    |Tp_q_381_reg_15164        |    6|    0|    6|          0|
    |Tp_q_382_reg_15169        |    6|    0|    6|          0|
    |Tp_q_383_reg_15174        |    6|    0|    6|          0|
    |Tp_q_384_reg_15179        |    6|    0|    6|          0|
    |Tp_q_385_reg_15184        |    6|    0|    6|          0|
    |Tp_q_386_reg_15189        |    6|    0|    6|          0|
    |Tp_q_387_reg_15194        |    6|    0|    6|          0|
    |Tp_q_388_reg_15199        |    6|    0|    6|          0|
    |Tp_q_389_reg_15204        |    6|    0|    6|          0|
    |Tp_q_38_reg_13449         |    6|    0|    6|          0|
    |Tp_q_390_reg_15209        |    6|    0|    6|          0|
    |Tp_q_391_reg_15214        |    6|    0|    6|          0|
    |Tp_q_392_reg_15219        |    6|    0|    6|          0|
    |Tp_q_393_reg_15224        |    6|    0|    6|          0|
    |Tp_q_394_reg_15229        |    6|    0|    6|          0|
    |Tp_q_395_reg_15234        |    6|    0|    6|          0|
    |Tp_q_396_reg_15239        |    6|    0|    6|          0|
    |Tp_q_397_reg_15244        |    6|    0|    6|          0|
    |Tp_q_398_reg_15249        |    6|    0|    6|          0|
    |Tp_q_399_reg_15254        |    6|    0|    6|          0|
    |Tp_q_39_reg_13454         |    6|    0|    6|          0|
    |Tp_q_3_reg_13274          |    6|    0|    6|          0|
    |Tp_q_400_reg_15259        |    6|    0|    6|          0|
    |Tp_q_401_reg_15264        |    6|    0|    6|          0|
    |Tp_q_402_reg_15269        |    6|    0|    6|          0|
    |Tp_q_403_reg_15274        |    6|    0|    6|          0|
    |Tp_q_404_reg_15279        |    6|    0|    6|          0|
    |Tp_q_405_reg_15284        |    6|    0|    6|          0|
    |Tp_q_406_reg_15289        |    6|    0|    6|          0|
    |Tp_q_407_reg_15294        |    6|    0|    6|          0|
    |Tp_q_408_reg_15299        |    6|    0|    6|          0|
    |Tp_q_409_reg_15304        |    6|    0|    6|          0|
    |Tp_q_40_reg_13459         |    6|    0|    6|          0|
    |Tp_q_410_reg_15309        |    6|    0|    6|          0|
    |Tp_q_411_reg_15314        |    6|    0|    6|          0|
    |Tp_q_412_reg_15319        |    6|    0|    6|          0|
    |Tp_q_413_reg_15324        |    6|    0|    6|          0|
    |Tp_q_414_reg_15329        |    6|    0|    6|          0|
    |Tp_q_415_reg_15334        |    6|    0|    6|          0|
    |Tp_q_416_reg_15339        |    6|    0|    6|          0|
    |Tp_q_417_reg_15344        |    6|    0|    6|          0|
    |Tp_q_418_reg_15349        |    6|    0|    6|          0|
    |Tp_q_419_reg_15354        |    6|    0|    6|          0|
    |Tp_q_41_reg_13464         |    6|    0|    6|          0|
    |Tp_q_420_reg_15359        |    6|    0|    6|          0|
    |Tp_q_421_reg_15364        |    6|    0|    6|          0|
    |Tp_q_422_reg_15369        |    6|    0|    6|          0|
    |Tp_q_423_reg_15374        |    6|    0|    6|          0|
    |Tp_q_424_reg_15379        |    6|    0|    6|          0|
    |Tp_q_425_reg_15384        |    6|    0|    6|          0|
    |Tp_q_426_reg_15389        |    6|    0|    6|          0|
    |Tp_q_427_reg_15394        |    6|    0|    6|          0|
    |Tp_q_428_reg_15399        |    6|    0|    6|          0|
    |Tp_q_429_reg_15404        |    6|    0|    6|          0|
    |Tp_q_42_reg_13469         |    6|    0|    6|          0|
    |Tp_q_430_reg_15409        |    6|    0|    6|          0|
    |Tp_q_431_reg_15414        |    6|    0|    6|          0|
    |Tp_q_432_reg_15419        |    6|    0|    6|          0|
    |Tp_q_433_reg_15424        |    6|    0|    6|          0|
    |Tp_q_434_reg_15429        |    6|    0|    6|          0|
    |Tp_q_435_reg_15434        |    6|    0|    6|          0|
    |Tp_q_436_reg_15439        |    6|    0|    6|          0|
    |Tp_q_437_reg_15444        |    6|    0|    6|          0|
    |Tp_q_438_reg_15449        |    6|    0|    6|          0|
    |Tp_q_439_reg_15454        |    6|    0|    6|          0|
    |Tp_q_43_reg_13474         |    6|    0|    6|          0|
    |Tp_q_440_reg_15459        |    6|    0|    6|          0|
    |Tp_q_441_reg_15464        |    6|    0|    6|          0|
    |Tp_q_442_reg_15469        |    6|    0|    6|          0|
    |Tp_q_443_reg_15474        |    6|    0|    6|          0|
    |Tp_q_444_reg_15479        |    6|    0|    6|          0|
    |Tp_q_445_reg_15484        |    6|    0|    6|          0|
    |Tp_q_446_reg_15489        |    6|    0|    6|          0|
    |Tp_q_447_reg_15494        |    6|    0|    6|          0|
    |Tp_q_448_reg_15499        |    6|    0|    6|          0|
    |Tp_q_449_reg_15504        |    6|    0|    6|          0|
    |Tp_q_44_reg_13479         |    6|    0|    6|          0|
    |Tp_q_450_reg_15509        |    6|    0|    6|          0|
    |Tp_q_451_reg_15514        |    6|    0|    6|          0|
    |Tp_q_452_reg_15519        |    6|    0|    6|          0|
    |Tp_q_453_reg_15524        |    6|    0|    6|          0|
    |Tp_q_454_reg_15529        |    6|    0|    6|          0|
    |Tp_q_455_reg_15534        |    6|    0|    6|          0|
    |Tp_q_456_reg_15539        |    6|    0|    6|          0|
    |Tp_q_457_reg_15544        |    6|    0|    6|          0|
    |Tp_q_458_reg_15549        |    6|    0|    6|          0|
    |Tp_q_459_reg_15554        |    6|    0|    6|          0|
    |Tp_q_45_reg_13484         |    6|    0|    6|          0|
    |Tp_q_460_reg_15559        |    6|    0|    6|          0|
    |Tp_q_461_reg_15564        |    6|    0|    6|          0|
    |Tp_q_462_reg_15569        |    6|    0|    6|          0|
    |Tp_q_463_reg_15574        |    6|    0|    6|          0|
    |Tp_q_464_reg_15579        |    6|    0|    6|          0|
    |Tp_q_465_reg_15584        |    6|    0|    6|          0|
    |Tp_q_466_reg_15589        |    6|    0|    6|          0|
    |Tp_q_467_reg_15594        |    6|    0|    6|          0|
    |Tp_q_468_reg_15599        |    6|    0|    6|          0|
    |Tp_q_469_reg_15604        |    6|    0|    6|          0|
    |Tp_q_46_reg_13489         |    6|    0|    6|          0|
    |Tp_q_470_reg_15609        |    6|    0|    6|          0|
    |Tp_q_471_reg_15614        |    6|    0|    6|          0|
    |Tp_q_472_reg_15619        |    6|    0|    6|          0|
    |Tp_q_473_reg_15624        |    6|    0|    6|          0|
    |Tp_q_474_reg_15629        |    6|    0|    6|          0|
    |Tp_q_475_reg_15634        |    6|    0|    6|          0|
    |Tp_q_476_reg_15639        |    6|    0|    6|          0|
    |Tp_q_477_reg_15644        |    6|    0|    6|          0|
    |Tp_q_478_reg_15649        |    6|    0|    6|          0|
    |Tp_q_479_reg_15654        |    6|    0|    6|          0|
    |Tp_q_47_reg_13494         |    6|    0|    6|          0|
    |Tp_q_480_reg_15659        |    6|    0|    6|          0|
    |Tp_q_481_reg_15664        |    6|    0|    6|          0|
    |Tp_q_482_reg_15669        |    6|    0|    6|          0|
    |Tp_q_483_reg_15674        |    6|    0|    6|          0|
    |Tp_q_484_reg_15679        |    6|    0|    6|          0|
    |Tp_q_485_reg_15684        |    6|    0|    6|          0|
    |Tp_q_486_reg_15689        |    6|    0|    6|          0|
    |Tp_q_487_reg_15694        |    6|    0|    6|          0|
    |Tp_q_488_reg_15699        |    6|    0|    6|          0|
    |Tp_q_489_reg_15704        |    6|    0|    6|          0|
    |Tp_q_48_reg_13499         |    6|    0|    6|          0|
    |Tp_q_490_reg_15709        |    6|    0|    6|          0|
    |Tp_q_491_reg_15714        |    6|    0|    6|          0|
    |Tp_q_492_reg_15719        |    6|    0|    6|          0|
    |Tp_q_493_reg_15724        |    6|    0|    6|          0|
    |Tp_q_494_reg_15729        |    6|    0|    6|          0|
    |Tp_q_495_reg_15734        |    6|    0|    6|          0|
    |Tp_q_496_reg_15739        |    6|    0|    6|          0|
    |Tp_q_497_reg_15744        |    6|    0|    6|          0|
    |Tp_q_498_reg_15749        |    6|    0|    6|          0|
    |Tp_q_499_reg_15754        |    6|    0|    6|          0|
    |Tp_q_49_reg_13504         |    6|    0|    6|          0|
    |Tp_q_4_reg_13279          |    6|    0|    6|          0|
    |Tp_q_500_reg_15759        |    6|    0|    6|          0|
    |Tp_q_501_reg_15764        |    6|    0|    6|          0|
    |Tp_q_502_reg_15769        |    6|    0|    6|          0|
    |Tp_q_503_reg_15774        |    6|    0|    6|          0|
    |Tp_q_504_reg_15779        |    6|    0|    6|          0|
    |Tp_q_505_reg_15784        |    6|    0|    6|          0|
    |Tp_q_506_reg_15789        |    6|    0|    6|          0|
    |Tp_q_507_reg_15794        |    6|    0|    6|          0|
    |Tp_q_508_reg_15799        |    6|    0|    6|          0|
    |Tp_q_509_reg_15804        |    6|    0|    6|          0|
    |Tp_q_50_reg_13509         |    6|    0|    6|          0|
    |Tp_q_510_reg_15809        |    6|    0|    6|          0|
    |Tp_q_511_reg_15814        |    6|    0|    6|          0|
    |Tp_q_512_reg_15819        |    6|    0|    6|          0|
    |Tp_q_513_reg_15824        |    6|    0|    6|          0|
    |Tp_q_514_reg_15829        |    6|    0|    6|          0|
    |Tp_q_515_reg_15834        |    6|    0|    6|          0|
    |Tp_q_516_reg_15839        |    6|    0|    6|          0|
    |Tp_q_517_reg_15844        |    6|    0|    6|          0|
    |Tp_q_518_reg_15849        |    6|    0|    6|          0|
    |Tp_q_519_reg_15854        |    6|    0|    6|          0|
    |Tp_q_51_reg_13514         |    6|    0|    6|          0|
    |Tp_q_520_reg_15859        |    6|    0|    6|          0|
    |Tp_q_521_reg_15864        |    6|    0|    6|          0|
    |Tp_q_522_reg_15869        |    6|    0|    6|          0|
    |Tp_q_523_reg_15874        |    6|    0|    6|          0|
    |Tp_q_524_reg_15879        |    6|    0|    6|          0|
    |Tp_q_525_reg_15884        |    6|    0|    6|          0|
    |Tp_q_526_reg_15889        |    6|    0|    6|          0|
    |Tp_q_527_reg_15894        |    6|    0|    6|          0|
    |Tp_q_528_reg_15899        |    6|    0|    6|          0|
    |Tp_q_529_reg_15904        |    6|    0|    6|          0|
    |Tp_q_52_reg_13519         |    6|    0|    6|          0|
    |Tp_q_530_reg_15909        |    6|    0|    6|          0|
    |Tp_q_531_reg_15914        |    6|    0|    6|          0|
    |Tp_q_532_reg_15919        |    6|    0|    6|          0|
    |Tp_q_533_reg_15924        |    6|    0|    6|          0|
    |Tp_q_534_reg_15929        |    6|    0|    6|          0|
    |Tp_q_535_reg_15934        |    6|    0|    6|          0|
    |Tp_q_536_reg_15939        |    6|    0|    6|          0|
    |Tp_q_537_reg_15944        |    6|    0|    6|          0|
    |Tp_q_538_reg_15949        |    6|    0|    6|          0|
    |Tp_q_539_reg_15954        |    6|    0|    6|          0|
    |Tp_q_53_reg_13524         |    6|    0|    6|          0|
    |Tp_q_540_reg_15959        |    6|    0|    6|          0|
    |Tp_q_541_reg_15964        |    6|    0|    6|          0|
    |Tp_q_542_reg_15969        |    6|    0|    6|          0|
    |Tp_q_543_reg_15974        |    6|    0|    6|          0|
    |Tp_q_544_reg_15979        |    6|    0|    6|          0|
    |Tp_q_545_reg_15984        |    6|    0|    6|          0|
    |Tp_q_546_reg_15989        |    6|    0|    6|          0|
    |Tp_q_547_reg_15994        |    6|    0|    6|          0|
    |Tp_q_548_reg_15999        |    6|    0|    6|          0|
    |Tp_q_549_reg_16004        |    6|    0|    6|          0|
    |Tp_q_54_reg_13529         |    6|    0|    6|          0|
    |Tp_q_550_reg_16009        |    6|    0|    6|          0|
    |Tp_q_551_reg_16014        |    6|    0|    6|          0|
    |Tp_q_552_reg_16019        |    6|    0|    6|          0|
    |Tp_q_553_reg_16024        |    6|    0|    6|          0|
    |Tp_q_554_reg_16029        |    6|    0|    6|          0|
    |Tp_q_555_reg_16034        |    6|    0|    6|          0|
    |Tp_q_556_reg_16039        |    6|    0|    6|          0|
    |Tp_q_557_reg_16044        |    6|    0|    6|          0|
    |Tp_q_558_reg_16049        |    6|    0|    6|          0|
    |Tp_q_559_reg_16054        |    6|    0|    6|          0|
    |Tp_q_55_reg_13534         |    6|    0|    6|          0|
    |Tp_q_560_reg_16059        |    6|    0|    6|          0|
    |Tp_q_561_reg_16064        |    6|    0|    6|          0|
    |Tp_q_562_reg_16069        |    6|    0|    6|          0|
    |Tp_q_563_reg_16074        |    6|    0|    6|          0|
    |Tp_q_564_reg_16079        |    6|    0|    6|          0|
    |Tp_q_565_reg_16084        |    6|    0|    6|          0|
    |Tp_q_566_reg_16089        |    6|    0|    6|          0|
    |Tp_q_567_reg_16094        |    6|    0|    6|          0|
    |Tp_q_568_reg_16099        |    6|    0|    6|          0|
    |Tp_q_569_reg_16104        |    6|    0|    6|          0|
    |Tp_q_56_reg_13539         |    6|    0|    6|          0|
    |Tp_q_570_reg_16109        |    6|    0|    6|          0|
    |Tp_q_571_reg_16114        |    6|    0|    6|          0|
    |Tp_q_572_reg_16119        |    6|    0|    6|          0|
    |Tp_q_573_reg_16124        |    6|    0|    6|          0|
    |Tp_q_574_reg_16129        |    6|    0|    6|          0|
    |Tp_q_575_reg_16134        |    6|    0|    6|          0|
    |Tp_q_576_reg_16139        |    6|    0|    6|          0|
    |Tp_q_577_reg_16144        |    6|    0|    6|          0|
    |Tp_q_578_reg_16149        |    6|    0|    6|          0|
    |Tp_q_579_reg_16154        |    6|    0|    6|          0|
    |Tp_q_57_reg_13544         |    6|    0|    6|          0|
    |Tp_q_580_reg_16159        |    6|    0|    6|          0|
    |Tp_q_581_reg_16164        |    6|    0|    6|          0|
    |Tp_q_582_reg_16169        |    6|    0|    6|          0|
    |Tp_q_583_reg_16174        |    6|    0|    6|          0|
    |Tp_q_584_reg_16179        |    6|    0|    6|          0|
    |Tp_q_585_reg_16184        |    6|    0|    6|          0|
    |Tp_q_586_reg_16189        |    6|    0|    6|          0|
    |Tp_q_587_reg_16194        |    6|    0|    6|          0|
    |Tp_q_588_reg_16199        |    6|    0|    6|          0|
    |Tp_q_589_reg_16204        |    6|    0|    6|          0|
    |Tp_q_58_reg_13549         |    6|    0|    6|          0|
    |Tp_q_590_reg_16209        |    6|    0|    6|          0|
    |Tp_q_591_reg_16214        |    6|    0|    6|          0|
    |Tp_q_592_reg_16219        |    6|    0|    6|          0|
    |Tp_q_593_reg_16224        |    6|    0|    6|          0|
    |Tp_q_594_reg_16229        |    6|    0|    6|          0|
    |Tp_q_595_reg_16234        |    6|    0|    6|          0|
    |Tp_q_596_reg_16239        |    6|    0|    6|          0|
    |Tp_q_597_reg_16244        |    6|    0|    6|          0|
    |Tp_q_598_reg_16249        |    6|    0|    6|          0|
    |Tp_q_599_reg_16254        |    6|    0|    6|          0|
    |Tp_q_59_reg_13554         |    6|    0|    6|          0|
    |Tp_q_5_reg_13284          |    6|    0|    6|          0|
    |Tp_q_600_reg_16259        |    6|    0|    6|          0|
    |Tp_q_601_reg_16264        |    6|    0|    6|          0|
    |Tp_q_602_reg_16269        |    6|    0|    6|          0|
    |Tp_q_603_reg_16274        |    6|    0|    6|          0|
    |Tp_q_604_reg_16279        |    6|    0|    6|          0|
    |Tp_q_605_reg_16284        |    6|    0|    6|          0|
    |Tp_q_606_reg_16289        |    6|    0|    6|          0|
    |Tp_q_607_reg_16294        |    6|    0|    6|          0|
    |Tp_q_608_reg_16299        |    6|    0|    6|          0|
    |Tp_q_609_reg_16304        |    6|    0|    6|          0|
    |Tp_q_60_reg_13559         |    6|    0|    6|          0|
    |Tp_q_610_reg_16309        |    6|    0|    6|          0|
    |Tp_q_611_reg_16314        |    6|    0|    6|          0|
    |Tp_q_612_reg_16319        |    6|    0|    6|          0|
    |Tp_q_613_reg_16324        |    6|    0|    6|          0|
    |Tp_q_614_reg_16329        |    6|    0|    6|          0|
    |Tp_q_615_reg_16334        |    6|    0|    6|          0|
    |Tp_q_616_reg_16339        |    6|    0|    6|          0|
    |Tp_q_617_reg_16344        |    6|    0|    6|          0|
    |Tp_q_618_reg_16349        |    6|    0|    6|          0|
    |Tp_q_619_reg_16354        |    6|    0|    6|          0|
    |Tp_q_61_reg_13564         |    6|    0|    6|          0|
    |Tp_q_620_reg_16359        |    6|    0|    6|          0|
    |Tp_q_621_reg_16364        |    6|    0|    6|          0|
    |Tp_q_622_reg_16369        |    6|    0|    6|          0|
    |Tp_q_623_reg_16374        |    6|    0|    6|          0|
    |Tp_q_624_reg_16379        |    6|    0|    6|          0|
    |Tp_q_625_reg_16384        |    6|    0|    6|          0|
    |Tp_q_626_reg_16389        |    6|    0|    6|          0|
    |Tp_q_627_reg_16394        |    6|    0|    6|          0|
    |Tp_q_628_reg_16399        |    6|    0|    6|          0|
    |Tp_q_629_reg_16404        |    6|    0|    6|          0|
    |Tp_q_62_reg_13569         |    6|    0|    6|          0|
    |Tp_q_630_reg_16409        |    6|    0|    6|          0|
    |Tp_q_631_reg_16414        |    6|    0|    6|          0|
    |Tp_q_632_reg_16419        |    6|    0|    6|          0|
    |Tp_q_633_reg_16424        |    6|    0|    6|          0|
    |Tp_q_634_reg_16429        |    6|    0|    6|          0|
    |Tp_q_635_reg_16434        |    6|    0|    6|          0|
    |Tp_q_636_reg_16439        |    6|    0|    6|          0|
    |Tp_q_637_reg_16444        |    6|    0|    6|          0|
    |Tp_q_638_reg_16449        |    6|    0|    6|          0|
    |Tp_q_639_reg_16454        |    6|    0|    6|          0|
    |Tp_q_63_reg_13574         |    6|    0|    6|          0|
    |Tp_q_640_reg_16459        |    6|    0|    6|          0|
    |Tp_q_641_reg_16464        |    6|    0|    6|          0|
    |Tp_q_642_reg_16469        |    6|    0|    6|          0|
    |Tp_q_643_reg_16474        |    6|    0|    6|          0|
    |Tp_q_644_reg_16479        |    6|    0|    6|          0|
    |Tp_q_645_reg_16484        |    6|    0|    6|          0|
    |Tp_q_646_reg_16489        |    6|    0|    6|          0|
    |Tp_q_647_reg_16494        |    6|    0|    6|          0|
    |Tp_q_648_reg_16499        |    6|    0|    6|          0|
    |Tp_q_649_reg_16504        |    6|    0|    6|          0|
    |Tp_q_64_reg_13579         |    6|    0|    6|          0|
    |Tp_q_650_reg_16509        |    6|    0|    6|          0|
    |Tp_q_651_reg_16514        |    6|    0|    6|          0|
    |Tp_q_652_reg_16519        |    6|    0|    6|          0|
    |Tp_q_653_reg_16524        |    6|    0|    6|          0|
    |Tp_q_654_reg_16529        |    6|    0|    6|          0|
    |Tp_q_655_reg_16534        |    6|    0|    6|          0|
    |Tp_q_656_reg_16539        |    6|    0|    6|          0|
    |Tp_q_657_reg_16544        |    6|    0|    6|          0|
    |Tp_q_658_reg_16549        |    6|    0|    6|          0|
    |Tp_q_659_reg_16554        |    6|    0|    6|          0|
    |Tp_q_65_reg_13584         |    6|    0|    6|          0|
    |Tp_q_660_reg_16559        |    6|    0|    6|          0|
    |Tp_q_661_reg_16564        |    6|    0|    6|          0|
    |Tp_q_662_reg_16569        |    6|    0|    6|          0|
    |Tp_q_663_reg_16574        |    6|    0|    6|          0|
    |Tp_q_664_reg_16579        |    6|    0|    6|          0|
    |Tp_q_665_reg_16584        |    6|    0|    6|          0|
    |Tp_q_666_reg_16589        |    6|    0|    6|          0|
    |Tp_q_667_reg_16594        |    6|    0|    6|          0|
    |Tp_q_668_reg_16599        |    6|    0|    6|          0|
    |Tp_q_669_reg_16604        |    6|    0|    6|          0|
    |Tp_q_66_reg_13589         |    6|    0|    6|          0|
    |Tp_q_670_reg_16609        |    6|    0|    6|          0|
    |Tp_q_671_reg_16614        |    6|    0|    6|          0|
    |Tp_q_672_reg_16619        |    6|    0|    6|          0|
    |Tp_q_673_reg_16624        |    6|    0|    6|          0|
    |Tp_q_674_reg_16629        |    6|    0|    6|          0|
    |Tp_q_675_reg_16634        |    6|    0|    6|          0|
    |Tp_q_676_reg_16639        |    6|    0|    6|          0|
    |Tp_q_677_reg_16644        |    6|    0|    6|          0|
    |Tp_q_678_reg_16649        |    6|    0|    6|          0|
    |Tp_q_679_reg_16654        |    6|    0|    6|          0|
    |Tp_q_67_reg_13594         |    6|    0|    6|          0|
    |Tp_q_680_reg_16659        |    6|    0|    6|          0|
    |Tp_q_681_reg_16664        |    6|    0|    6|          0|
    |Tp_q_682_reg_16669        |    6|    0|    6|          0|
    |Tp_q_683_reg_16674        |    6|    0|    6|          0|
    |Tp_q_684_reg_16679        |    6|    0|    6|          0|
    |Tp_q_685_reg_16684        |    6|    0|    6|          0|
    |Tp_q_686_reg_16689        |    6|    0|    6|          0|
    |Tp_q_687_reg_16694        |    6|    0|    6|          0|
    |Tp_q_688_reg_16699        |    6|    0|    6|          0|
    |Tp_q_689_reg_16704        |    6|    0|    6|          0|
    |Tp_q_68_reg_13599         |    6|    0|    6|          0|
    |Tp_q_690_reg_16709        |    6|    0|    6|          0|
    |Tp_q_691_reg_16714        |    6|    0|    6|          0|
    |Tp_q_692_reg_16719        |    6|    0|    6|          0|
    |Tp_q_693_reg_16724        |    6|    0|    6|          0|
    |Tp_q_694_reg_16729        |    6|    0|    6|          0|
    |Tp_q_695_reg_16734        |    6|    0|    6|          0|
    |Tp_q_696_reg_16739        |    6|    0|    6|          0|
    |Tp_q_697_reg_16744        |    6|    0|    6|          0|
    |Tp_q_698_reg_16749        |    6|    0|    6|          0|
    |Tp_q_699_reg_16754        |    6|    0|    6|          0|
    |Tp_q_69_reg_13604         |    6|    0|    6|          0|
    |Tp_q_6_reg_13289          |    6|    0|    6|          0|
    |Tp_q_700_reg_16759        |    6|    0|    6|          0|
    |Tp_q_701_reg_16764        |    6|    0|    6|          0|
    |Tp_q_702_reg_16769        |    6|    0|    6|          0|
    |Tp_q_703_reg_16774        |    6|    0|    6|          0|
    |Tp_q_704_reg_16779        |    6|    0|    6|          0|
    |Tp_q_705_reg_16784        |    6|    0|    6|          0|
    |Tp_q_706_reg_16789        |    6|    0|    6|          0|
    |Tp_q_707_reg_16794        |    6|    0|    6|          0|
    |Tp_q_708_reg_16799        |    6|    0|    6|          0|
    |Tp_q_709_reg_16804        |    6|    0|    6|          0|
    |Tp_q_70_reg_13609         |    6|    0|    6|          0|
    |Tp_q_710_reg_16809        |    6|    0|    6|          0|
    |Tp_q_711_reg_16814        |    6|    0|    6|          0|
    |Tp_q_712_reg_16819        |    6|    0|    6|          0|
    |Tp_q_713_reg_16824        |    6|    0|    6|          0|
    |Tp_q_714_reg_16829        |    6|    0|    6|          0|
    |Tp_q_715_reg_16834        |    6|    0|    6|          0|
    |Tp_q_716_reg_16839        |    6|    0|    6|          0|
    |Tp_q_717_reg_16844        |    6|    0|    6|          0|
    |Tp_q_718_reg_16849        |    6|    0|    6|          0|
    |Tp_q_719_reg_16854        |    6|    0|    6|          0|
    |Tp_q_71_reg_13614         |    6|    0|    6|          0|
    |Tp_q_720_reg_16859        |    6|    0|    6|          0|
    |Tp_q_721_reg_16864        |    6|    0|    6|          0|
    |Tp_q_722_reg_16869        |    6|    0|    6|          0|
    |Tp_q_723_reg_16874        |    6|    0|    6|          0|
    |Tp_q_724_reg_16879        |    6|    0|    6|          0|
    |Tp_q_725_reg_16884        |    6|    0|    6|          0|
    |Tp_q_726_reg_16889        |    6|    0|    6|          0|
    |Tp_q_727_reg_16894        |    6|    0|    6|          0|
    |Tp_q_728_reg_16899        |    6|    0|    6|          0|
    |Tp_q_729_reg_16904        |    6|    0|    6|          0|
    |Tp_q_72_reg_13619         |    6|    0|    6|          0|
    |Tp_q_730_reg_16909        |    6|    0|    6|          0|
    |Tp_q_731_reg_16914        |    6|    0|    6|          0|
    |Tp_q_732_reg_16919        |    6|    0|    6|          0|
    |Tp_q_733_reg_16924        |    6|    0|    6|          0|
    |Tp_q_734_reg_16929        |    6|    0|    6|          0|
    |Tp_q_735_reg_16934        |    6|    0|    6|          0|
    |Tp_q_736_reg_16939        |    6|    0|    6|          0|
    |Tp_q_737_reg_16944        |    6|    0|    6|          0|
    |Tp_q_738_reg_16949        |    6|    0|    6|          0|
    |Tp_q_739_reg_16954        |    6|    0|    6|          0|
    |Tp_q_73_reg_13624         |    6|    0|    6|          0|
    |Tp_q_740_reg_16959        |    6|    0|    6|          0|
    |Tp_q_741_reg_16964        |    6|    0|    6|          0|
    |Tp_q_742_reg_16969        |    6|    0|    6|          0|
    |Tp_q_743_reg_16974        |    6|    0|    6|          0|
    |Tp_q_744_reg_16979        |    6|    0|    6|          0|
    |Tp_q_745_reg_16984        |    6|    0|    6|          0|
    |Tp_q_746_reg_16989        |    6|    0|    6|          0|
    |Tp_q_747_reg_16994        |    6|    0|    6|          0|
    |Tp_q_748_reg_16999        |    6|    0|    6|          0|
    |Tp_q_749_reg_17004        |    6|    0|    6|          0|
    |Tp_q_74_reg_13629         |    6|    0|    6|          0|
    |Tp_q_750_reg_17009        |    6|    0|    6|          0|
    |Tp_q_751_reg_17014        |    6|    0|    6|          0|
    |Tp_q_752_reg_17019        |    6|    0|    6|          0|
    |Tp_q_753_reg_17024        |    6|    0|    6|          0|
    |Tp_q_754_reg_17029        |    6|    0|    6|          0|
    |Tp_q_755_reg_17034        |    6|    0|    6|          0|
    |Tp_q_756_reg_17039        |    6|    0|    6|          0|
    |Tp_q_757_reg_17044        |    6|    0|    6|          0|
    |Tp_q_758_reg_17049        |    6|    0|    6|          0|
    |Tp_q_759_reg_17054        |    6|    0|    6|          0|
    |Tp_q_75_reg_13634         |    6|    0|    6|          0|
    |Tp_q_760_reg_17059        |    6|    0|    6|          0|
    |Tp_q_761_reg_17064        |    6|    0|    6|          0|
    |Tp_q_762_reg_17069        |    6|    0|    6|          0|
    |Tp_q_763_reg_17074        |    6|    0|    6|          0|
    |Tp_q_764_reg_17079        |    6|    0|    6|          0|
    |Tp_q_765_reg_17084        |    6|    0|    6|          0|
    |Tp_q_766_reg_17089        |    6|    0|    6|          0|
    |Tp_q_767_reg_17094        |    6|    0|    6|          0|
    |Tp_q_768_reg_17099        |    6|    0|    6|          0|
    |Tp_q_769_reg_17104        |    6|    0|    6|          0|
    |Tp_q_76_reg_13639         |    6|    0|    6|          0|
    |Tp_q_770_reg_17109        |    6|    0|    6|          0|
    |Tp_q_771_reg_17114        |    6|    0|    6|          0|
    |Tp_q_772_reg_17119        |    6|    0|    6|          0|
    |Tp_q_773_reg_17124        |    6|    0|    6|          0|
    |Tp_q_774_reg_17129        |    6|    0|    6|          0|
    |Tp_q_775_reg_17134        |    6|    0|    6|          0|
    |Tp_q_776_reg_17139        |    6|    0|    6|          0|
    |Tp_q_777_reg_17144        |    6|    0|    6|          0|
    |Tp_q_778_reg_17149        |    6|    0|    6|          0|
    |Tp_q_779_reg_17154        |    6|    0|    6|          0|
    |Tp_q_77_reg_13644         |    6|    0|    6|          0|
    |Tp_q_780_reg_17159        |    6|    0|    6|          0|
    |Tp_q_781_reg_17164        |    6|    0|    6|          0|
    |Tp_q_782_reg_17169        |    6|    0|    6|          0|
    |Tp_q_783_reg_17174        |    6|    0|    6|          0|
    |Tp_q_784_reg_17179        |    6|    0|    6|          0|
    |Tp_q_785_reg_17184        |    6|    0|    6|          0|
    |Tp_q_786_reg_17189        |    6|    0|    6|          0|
    |Tp_q_787_reg_17194        |    6|    0|    6|          0|
    |Tp_q_788_reg_17199        |    6|    0|    6|          0|
    |Tp_q_789_reg_17204        |    6|    0|    6|          0|
    |Tp_q_78_reg_13649         |    6|    0|    6|          0|
    |Tp_q_790_reg_17209        |    6|    0|    6|          0|
    |Tp_q_791_reg_17214        |    6|    0|    6|          0|
    |Tp_q_792_reg_17219        |    6|    0|    6|          0|
    |Tp_q_793_reg_17224        |    6|    0|    6|          0|
    |Tp_q_794_reg_17229        |    6|    0|    6|          0|
    |Tp_q_795_reg_17234        |    6|    0|    6|          0|
    |Tp_q_796_reg_17239        |    6|    0|    6|          0|
    |Tp_q_797_reg_17244        |    6|    0|    6|          0|
    |Tp_q_798_reg_17249        |    6|    0|    6|          0|
    |Tp_q_799_reg_17254        |    6|    0|    6|          0|
    |Tp_q_79_reg_13654         |    6|    0|    6|          0|
    |Tp_q_7_reg_13294          |    6|    0|    6|          0|
    |Tp_q_800_reg_17259        |    6|    0|    6|          0|
    |Tp_q_801_reg_17264        |    6|    0|    6|          0|
    |Tp_q_802_reg_17269        |    6|    0|    6|          0|
    |Tp_q_803_reg_17274        |    6|    0|    6|          0|
    |Tp_q_804_reg_17279        |    6|    0|    6|          0|
    |Tp_q_805_reg_17284        |    6|    0|    6|          0|
    |Tp_q_806_reg_17289        |    6|    0|    6|          0|
    |Tp_q_807_reg_17294        |    6|    0|    6|          0|
    |Tp_q_808_reg_17299        |    6|    0|    6|          0|
    |Tp_q_809_reg_17304        |    6|    0|    6|          0|
    |Tp_q_80_reg_13659         |    6|    0|    6|          0|
    |Tp_q_810_reg_17309        |    6|    0|    6|          0|
    |Tp_q_811_reg_17314        |    6|    0|    6|          0|
    |Tp_q_812_reg_17319        |    6|    0|    6|          0|
    |Tp_q_813_reg_17324        |    6|    0|    6|          0|
    |Tp_q_814_reg_17329        |    6|    0|    6|          0|
    |Tp_q_815_reg_17334        |    6|    0|    6|          0|
    |Tp_q_816_reg_17339        |    6|    0|    6|          0|
    |Tp_q_817_reg_17344        |    6|    0|    6|          0|
    |Tp_q_818_reg_17349        |    6|    0|    6|          0|
    |Tp_q_819_reg_17354        |    6|    0|    6|          0|
    |Tp_q_81_reg_13664         |    6|    0|    6|          0|
    |Tp_q_820_reg_17359        |    6|    0|    6|          0|
    |Tp_q_821_reg_17364        |    6|    0|    6|          0|
    |Tp_q_822_reg_17369        |    6|    0|    6|          0|
    |Tp_q_823_reg_17374        |    6|    0|    6|          0|
    |Tp_q_824_reg_17379        |    6|    0|    6|          0|
    |Tp_q_825_reg_17384        |    6|    0|    6|          0|
    |Tp_q_826_reg_17389        |    6|    0|    6|          0|
    |Tp_q_827_reg_17394        |    6|    0|    6|          0|
    |Tp_q_828_reg_17399        |    6|    0|    6|          0|
    |Tp_q_829_reg_17404        |    6|    0|    6|          0|
    |Tp_q_82_reg_13669         |    6|    0|    6|          0|
    |Tp_q_830_reg_17409        |    6|    0|    6|          0|
    |Tp_q_831_reg_17414        |    6|    0|    6|          0|
    |Tp_q_832_reg_17419        |    6|    0|    6|          0|
    |Tp_q_833_reg_17424        |    6|    0|    6|          0|
    |Tp_q_834_reg_17429        |    6|    0|    6|          0|
    |Tp_q_835_reg_17434        |    6|    0|    6|          0|
    |Tp_q_836_reg_17439        |    6|    0|    6|          0|
    |Tp_q_837_reg_17444        |    6|    0|    6|          0|
    |Tp_q_838_reg_17449        |    6|    0|    6|          0|
    |Tp_q_839_reg_17454        |    6|    0|    6|          0|
    |Tp_q_83_reg_13674         |    6|    0|    6|          0|
    |Tp_q_840_reg_17459        |    6|    0|    6|          0|
    |Tp_q_841_reg_17464        |    6|    0|    6|          0|
    |Tp_q_842_reg_17469        |    6|    0|    6|          0|
    |Tp_q_843_reg_17474        |    6|    0|    6|          0|
    |Tp_q_844_reg_17479        |    6|    0|    6|          0|
    |Tp_q_845_reg_17484        |    6|    0|    6|          0|
    |Tp_q_846_reg_17489        |    6|    0|    6|          0|
    |Tp_q_847_reg_17494        |    6|    0|    6|          0|
    |Tp_q_848_reg_17499        |    6|    0|    6|          0|
    |Tp_q_849_reg_17504        |    6|    0|    6|          0|
    |Tp_q_84_reg_13679         |    6|    0|    6|          0|
    |Tp_q_850_reg_17509        |    6|    0|    6|          0|
    |Tp_q_851_reg_17514        |    6|    0|    6|          0|
    |Tp_q_852_reg_17519        |    6|    0|    6|          0|
    |Tp_q_853_reg_17524        |    6|    0|    6|          0|
    |Tp_q_854_reg_17529        |    6|    0|    6|          0|
    |Tp_q_855_reg_17534        |    6|    0|    6|          0|
    |Tp_q_856_reg_17539        |    6|    0|    6|          0|
    |Tp_q_857_reg_17544        |    6|    0|    6|          0|
    |Tp_q_858_reg_17549        |    6|    0|    6|          0|
    |Tp_q_859_reg_17554        |    6|    0|    6|          0|
    |Tp_q_85_reg_13684         |    6|    0|    6|          0|
    |Tp_q_860_reg_17559        |    6|    0|    6|          0|
    |Tp_q_861_reg_17564        |    6|    0|    6|          0|
    |Tp_q_862_reg_17569        |    6|    0|    6|          0|
    |Tp_q_863_reg_17574        |    6|    0|    6|          0|
    |Tp_q_864_reg_17579        |    6|    0|    6|          0|
    |Tp_q_865_reg_17584        |    6|    0|    6|          0|
    |Tp_q_866_reg_17589        |    6|    0|    6|          0|
    |Tp_q_867_reg_17594        |    6|    0|    6|          0|
    |Tp_q_868_reg_17599        |    6|    0|    6|          0|
    |Tp_q_869_reg_17604        |    6|    0|    6|          0|
    |Tp_q_86_reg_13689         |    6|    0|    6|          0|
    |Tp_q_870_reg_17609        |    6|    0|    6|          0|
    |Tp_q_871_reg_17614        |    6|    0|    6|          0|
    |Tp_q_872_reg_17619        |    6|    0|    6|          0|
    |Tp_q_873_reg_17624        |    6|    0|    6|          0|
    |Tp_q_874_reg_17629        |    6|    0|    6|          0|
    |Tp_q_875_reg_17634        |    6|    0|    6|          0|
    |Tp_q_876_reg_17639        |    6|    0|    6|          0|
    |Tp_q_877_reg_17644        |    6|    0|    6|          0|
    |Tp_q_878_reg_17649        |    6|    0|    6|          0|
    |Tp_q_879_reg_17654        |    6|    0|    6|          0|
    |Tp_q_87_reg_13694         |    6|    0|    6|          0|
    |Tp_q_880_reg_17659        |    6|    0|    6|          0|
    |Tp_q_881_reg_17664        |    6|    0|    6|          0|
    |Tp_q_882_reg_17669        |    6|    0|    6|          0|
    |Tp_q_883_reg_17674        |    6|    0|    6|          0|
    |Tp_q_884_reg_17679        |    6|    0|    6|          0|
    |Tp_q_885_reg_17684        |    6|    0|    6|          0|
    |Tp_q_886_reg_17689        |    6|    0|    6|          0|
    |Tp_q_887_reg_17694        |    6|    0|    6|          0|
    |Tp_q_888_reg_17699        |    6|    0|    6|          0|
    |Tp_q_889_reg_17704        |    6|    0|    6|          0|
    |Tp_q_88_reg_13699         |    6|    0|    6|          0|
    |Tp_q_890_reg_17709        |    6|    0|    6|          0|
    |Tp_q_891_reg_17714        |    6|    0|    6|          0|
    |Tp_q_892_reg_17719        |    6|    0|    6|          0|
    |Tp_q_893_reg_17724        |    6|    0|    6|          0|
    |Tp_q_894_reg_17729        |    6|    0|    6|          0|
    |Tp_q_895_reg_17734        |    6|    0|    6|          0|
    |Tp_q_896_reg_17739        |    6|    0|    6|          0|
    |Tp_q_897_reg_17744        |    6|    0|    6|          0|
    |Tp_q_898_reg_17749        |    6|    0|    6|          0|
    |Tp_q_899_reg_17754        |    6|    0|    6|          0|
    |Tp_q_89_reg_13704         |    6|    0|    6|          0|
    |Tp_q_8_reg_13299          |    6|    0|    6|          0|
    |Tp_q_900_reg_17759        |    6|    0|    6|          0|
    |Tp_q_901_reg_17764        |    6|    0|    6|          0|
    |Tp_q_902_reg_17769        |    6|    0|    6|          0|
    |Tp_q_903_reg_17774        |    6|    0|    6|          0|
    |Tp_q_904_reg_17779        |    6|    0|    6|          0|
    |Tp_q_905_reg_17784        |    6|    0|    6|          0|
    |Tp_q_906_reg_17789        |    6|    0|    6|          0|
    |Tp_q_907_reg_17794        |    6|    0|    6|          0|
    |Tp_q_908_reg_17799        |    6|    0|    6|          0|
    |Tp_q_909_reg_17804        |    6|    0|    6|          0|
    |Tp_q_90_reg_13709         |    6|    0|    6|          0|
    |Tp_q_910_reg_17809        |    6|    0|    6|          0|
    |Tp_q_911_reg_17814        |    6|    0|    6|          0|
    |Tp_q_912_reg_17819        |    6|    0|    6|          0|
    |Tp_q_913_reg_17824        |    6|    0|    6|          0|
    |Tp_q_914_reg_17829        |    6|    0|    6|          0|
    |Tp_q_915_reg_17834        |    6|    0|    6|          0|
    |Tp_q_916_reg_17839        |    6|    0|    6|          0|
    |Tp_q_917_reg_17844        |    6|    0|    6|          0|
    |Tp_q_918_reg_17849        |    6|    0|    6|          0|
    |Tp_q_919_reg_17854        |    6|    0|    6|          0|
    |Tp_q_91_reg_13714         |    6|    0|    6|          0|
    |Tp_q_920_reg_17859        |    6|    0|    6|          0|
    |Tp_q_921_reg_17864        |    6|    0|    6|          0|
    |Tp_q_922_reg_17869        |    6|    0|    6|          0|
    |Tp_q_923_reg_17874        |    6|    0|    6|          0|
    |Tp_q_924_reg_17879        |    6|    0|    6|          0|
    |Tp_q_925_reg_17884        |    6|    0|    6|          0|
    |Tp_q_926_reg_17889        |    6|    0|    6|          0|
    |Tp_q_927_reg_17894        |    6|    0|    6|          0|
    |Tp_q_928_reg_17899        |    6|    0|    6|          0|
    |Tp_q_929_reg_17904        |    6|    0|    6|          0|
    |Tp_q_92_reg_13719         |    6|    0|    6|          0|
    |Tp_q_930_reg_17909        |    6|    0|    6|          0|
    |Tp_q_931_reg_17914        |    6|    0|    6|          0|
    |Tp_q_932_reg_17919        |    6|    0|    6|          0|
    |Tp_q_933_reg_17924        |    6|    0|    6|          0|
    |Tp_q_934_reg_17929        |    6|    0|    6|          0|
    |Tp_q_935_reg_17934        |    6|    0|    6|          0|
    |Tp_q_936_reg_17939        |    6|    0|    6|          0|
    |Tp_q_937_reg_17944        |    6|    0|    6|          0|
    |Tp_q_938_reg_17949        |    6|    0|    6|          0|
    |Tp_q_939_reg_17954        |    6|    0|    6|          0|
    |Tp_q_93_reg_13724         |    6|    0|    6|          0|
    |Tp_q_940_reg_17959        |    6|    0|    6|          0|
    |Tp_q_941_reg_17964        |    6|    0|    6|          0|
    |Tp_q_942_reg_17969        |    6|    0|    6|          0|
    |Tp_q_943_reg_17974        |    6|    0|    6|          0|
    |Tp_q_944_reg_17979        |    6|    0|    6|          0|
    |Tp_q_945_reg_17984        |    6|    0|    6|          0|
    |Tp_q_946_reg_17989        |    6|    0|    6|          0|
    |Tp_q_947_reg_17994        |    6|    0|    6|          0|
    |Tp_q_948_reg_17999        |    6|    0|    6|          0|
    |Tp_q_949_reg_18004        |    6|    0|    6|          0|
    |Tp_q_94_reg_13729         |    6|    0|    6|          0|
    |Tp_q_950_reg_18009        |    6|    0|    6|          0|
    |Tp_q_951_reg_18014        |    6|    0|    6|          0|
    |Tp_q_952_reg_18019        |    6|    0|    6|          0|
    |Tp_q_953_reg_18024        |    6|    0|    6|          0|
    |Tp_q_954_reg_18029        |    6|    0|    6|          0|
    |Tp_q_955_reg_18034        |    6|    0|    6|          0|
    |Tp_q_956_reg_18039        |    6|    0|    6|          0|
    |Tp_q_957_reg_18044        |    6|    0|    6|          0|
    |Tp_q_958_reg_18049        |    6|    0|    6|          0|
    |Tp_q_959_reg_18054        |    6|    0|    6|          0|
    |Tp_q_95_reg_13734         |    6|    0|    6|          0|
    |Tp_q_960_reg_18059        |    6|    0|    6|          0|
    |Tp_q_961_reg_18064        |    6|    0|    6|          0|
    |Tp_q_962_reg_18069        |    6|    0|    6|          0|
    |Tp_q_963_reg_18074        |    6|    0|    6|          0|
    |Tp_q_964_reg_18079        |    6|    0|    6|          0|
    |Tp_q_965_reg_18084        |    6|    0|    6|          0|
    |Tp_q_966_reg_18089        |    6|    0|    6|          0|
    |Tp_q_967_reg_18094        |    6|    0|    6|          0|
    |Tp_q_96_reg_13739         |    6|    0|    6|          0|
    |Tp_q_97_reg_13744         |    6|    0|    6|          0|
    |Tp_q_98_reg_13749         |    6|    0|    6|          0|
    |Tp_q_99_reg_13754         |    6|    0|    6|          0|
    |Tp_q_9_reg_13304          |    6|    0|    6|          0|
    |Tp_q_reg_13259            |    6|    0|    6|          0|
    |ap_CS_fsm                 |    1|    0|    1|          0|
    |ap_enable_reg_pp0_iter1   |    1|    0|    1|          0|
    |ap_enable_reg_pp0_iter10  |    1|    0|    1|          0|
    |ap_enable_reg_pp0_iter11  |    1|    0|    1|          0|
    |ap_enable_reg_pp0_iter12  |    1|    0|    1|          0|
    |ap_enable_reg_pp0_iter13  |    1|    0|    1|          0|
    |ap_enable_reg_pp0_iter14  |    1|    0|    1|          0|
    |ap_enable_reg_pp0_iter15  |    1|    0|    1|          0|
    |ap_enable_reg_pp0_iter16  |    1|    0|    1|          0|
    |ap_enable_reg_pp0_iter17  |    1|    0|    1|          0|
    |ap_enable_reg_pp0_iter18  |    1|    0|    1|          0|
    |ap_enable_reg_pp0_iter19  |    1|    0|    1|          0|
    |ap_enable_reg_pp0_iter2   |    1|    0|    1|          0|
    |ap_enable_reg_pp0_iter20  |    1|    0|    1|          0|
    |ap_enable_reg_pp0_iter3   |    1|    0|    1|          0|
    |ap_enable_reg_pp0_iter4   |    1|    0|    1|          0|
    |ap_enable_reg_pp0_iter5   |    1|    0|    1|          0|
    |ap_enable_reg_pp0_iter6   |    1|    0|    1|          0|
    |ap_enable_reg_pp0_iter7   |    1|    0|    1|          0|
    |ap_enable_reg_pp0_iter8   |    1|    0|    1|          0|
    |ap_enable_reg_pp0_iter9   |    1|    0|    1|          0|
    |batch1_100_reg_10840      |   13|    0|   13|          0|
    |batch1_101_reg_10846      |   13|    0|   13|          0|
    |batch1_102_reg_10852      |   13|    0|   13|          0|
    |batch1_103_reg_10858      |   13|    0|   13|          0|
    |batch1_104_reg_10864      |   13|    0|   13|          0|
    |batch1_105_reg_10870      |   13|    0|   13|          0|
    |batch1_106_reg_10876      |   13|    0|   13|          0|
    |batch1_107_reg_10882      |   13|    0|   13|          0|
    |batch1_108_reg_10888      |   13|    0|   13|          0|
    |batch1_109_reg_10894      |   13|    0|   13|          0|
    |batch1_10_reg_10300       |   13|    0|   13|          0|
    |batch1_110_reg_10900      |   13|    0|   13|          0|
    |batch1_111_reg_10906      |   13|    0|   13|          0|
    |batch1_112_reg_10912      |   13|    0|   13|          0|
    |batch1_113_reg_10918      |   13|    0|   13|          0|
    |batch1_114_reg_10924      |   13|    0|   13|          0|
    |batch1_115_reg_10930      |   13|    0|   13|          0|
    |batch1_116_reg_10936      |   13|    0|   13|          0|
    |batch1_117_reg_10942      |   13|    0|   13|          0|
    |batch1_118_reg_10948      |   13|    0|   13|          0|
    |batch1_119_reg_10954      |   13|    0|   13|          0|
    |batch1_11_reg_10306       |   13|    0|   13|          0|
    |batch1_120_reg_10960      |   13|    0|   13|          0|
    |batch1_121_reg_10966      |   13|    0|   13|          0|
    |batch1_122_reg_10972      |   13|    0|   13|          0|
    |batch1_123_reg_10978      |   13|    0|   13|          0|
    |batch1_124_reg_10984      |   13|    0|   13|          0|
    |batch1_125_reg_10990      |   13|    0|   13|          0|
    |batch1_126_reg_10996      |   13|    0|   13|          0|
    |batch1_127_reg_11002      |   13|    0|   13|          0|
    |batch1_128_reg_11008      |   13|    0|   13|          0|
    |batch1_129_reg_11014      |   13|    0|   13|          0|
    |batch1_12_reg_10312       |   13|    0|   13|          0|
    |batch1_130_reg_11020      |   13|    0|   13|          0|
    |batch1_131_reg_11026      |   13|    0|   13|          0|
    |batch1_132_reg_11032      |   13|    0|   13|          0|
    |batch1_133_reg_11038      |   13|    0|   13|          0|
    |batch1_134_reg_11044      |   13|    0|   13|          0|
    |batch1_135_reg_11050      |   13|    0|   13|          0|
    |batch1_136_reg_11056      |   13|    0|   13|          0|
    |batch1_137_reg_11062      |   13|    0|   13|          0|
    |batch1_138_reg_11068      |   13|    0|   13|          0|
    |batch1_139_reg_11074      |   13|    0|   13|          0|
    |batch1_13_reg_10318       |   13|    0|   13|          0|
    |batch1_140_reg_11080      |   13|    0|   13|          0|
    |batch1_141_reg_11086      |   13|    0|   13|          0|
    |batch1_142_reg_11092      |   13|    0|   13|          0|
    |batch1_143_reg_11098      |   13|    0|   13|          0|
    |batch1_144_reg_11104      |   13|    0|   13|          0|
    |batch1_145_reg_11110      |   13|    0|   13|          0|
    |batch1_146_reg_11116      |   13|    0|   13|          0|
    |batch1_147_reg_11122      |   13|    0|   13|          0|
    |batch1_148_reg_11128      |   13|    0|   13|          0|
    |batch1_149_reg_11134      |   13|    0|   13|          0|
    |batch1_14_reg_10324       |   13|    0|   13|          0|
    |batch1_150_reg_11140      |   13|    0|   13|          0|
    |batch1_151_reg_11146      |   13|    0|   13|          0|
    |batch1_152_reg_11152      |   13|    0|   13|          0|
    |batch1_153_reg_11158      |   13|    0|   13|          0|
    |batch1_154_reg_11164      |   13|    0|   13|          0|
    |batch1_155_reg_11170      |   13|    0|   13|          0|
    |batch1_156_reg_11176      |   13|    0|   13|          0|
    |batch1_157_reg_11182      |   13|    0|   13|          0|
    |batch1_158_reg_11188      |   13|    0|   13|          0|
    |batch1_159_reg_11194      |   13|    0|   13|          0|
    |batch1_15_reg_10330       |   13|    0|   13|          0|
    |batch1_160_reg_11200      |   13|    0|   13|          0|
    |batch1_161_reg_11206      |   13|    0|   13|          0|
    |batch1_162_reg_11212      |   13|    0|   13|          0|
    |batch1_163_reg_11218      |   13|    0|   13|          0|
    |batch1_164_reg_11224      |   13|    0|   13|          0|
    |batch1_165_reg_11230      |   13|    0|   13|          0|
    |batch1_166_reg_11236      |   13|    0|   13|          0|
    |batch1_167_reg_11242      |   13|    0|   13|          0|
    |batch1_168_reg_11248      |   13|    0|   13|          0|
    |batch1_169_reg_11254      |   13|    0|   13|          0|
    |batch1_16_reg_10336       |   13|    0|   13|          0|
    |batch1_170_reg_11260      |   13|    0|   13|          0|
    |batch1_171_reg_11266      |   13|    0|   13|          0|
    |batch1_172_reg_11272      |   13|    0|   13|          0|
    |batch1_173_reg_11278      |   13|    0|   13|          0|
    |batch1_174_reg_11284      |   13|    0|   13|          0|
    |batch1_175_reg_11290      |   13|    0|   13|          0|
    |batch1_176_reg_11296      |   13|    0|   13|          0|
    |batch1_177_reg_11302      |   13|    0|   13|          0|
    |batch1_178_reg_11308      |   13|    0|   13|          0|
    |batch1_179_reg_11314      |   13|    0|   13|          0|
    |batch1_17_reg_10342       |   13|    0|   13|          0|
    |batch1_180_reg_11320      |   13|    0|   13|          0|
    |batch1_181_reg_11326      |   13|    0|   13|          0|
    |batch1_182_reg_11332      |   13|    0|   13|          0|
    |batch1_183_reg_11338      |   13|    0|   13|          0|
    |batch1_184_reg_11344      |   13|    0|   13|          0|
    |batch1_185_reg_11350      |   13|    0|   13|          0|
    |batch1_186_reg_11356      |   13|    0|   13|          0|
    |batch1_187_reg_11362      |   13|    0|   13|          0|
    |batch1_188_reg_11368      |   13|    0|   13|          0|
    |batch1_189_reg_11374      |   13|    0|   13|          0|
    |batch1_18_reg_10348       |   13|    0|   13|          0|
    |batch1_190_reg_11380      |   13|    0|   13|          0|
    |batch1_191_reg_11386      |   13|    0|   13|          0|
    |batch1_192_reg_11392      |   13|    0|   13|          0|
    |batch1_193_reg_11398      |   13|    0|   13|          0|
    |batch1_194_reg_11404      |   13|    0|   13|          0|
    |batch1_195_reg_11410      |   13|    0|   13|          0|
    |batch1_196_reg_11416      |   13|    0|   13|          0|
    |batch1_197_reg_11422      |   13|    0|   13|          0|
    |batch1_198_reg_11428      |   13|    0|   13|          0|
    |batch1_199_reg_11434      |   13|    0|   13|          0|
    |batch1_19_reg_10354       |   13|    0|   13|          0|
    |batch1_1_reg_10246        |   13|    0|   13|          0|
    |batch1_200_reg_11440      |   13|    0|   13|          0|
    |batch1_201_reg_11446      |   13|    0|   13|          0|
    |batch1_202_reg_11452      |   13|    0|   13|          0|
    |batch1_203_reg_11458      |   13|    0|   13|          0|
    |batch1_204_reg_11464      |   13|    0|   13|          0|
    |batch1_205_reg_11470      |   13|    0|   13|          0|
    |batch1_206_reg_11476      |   13|    0|   13|          0|
    |batch1_207_reg_11482      |   13|    0|   13|          0|
    |batch1_208_reg_11488      |   13|    0|   13|          0|
    |batch1_209_reg_11494      |   13|    0|   13|          0|
    |batch1_20_reg_10360       |   13|    0|   13|          0|
    |batch1_210_reg_11500      |   13|    0|   13|          0|
    |batch1_211_reg_11506      |   13|    0|   13|          0|
    |batch1_212_reg_11512      |   13|    0|   13|          0|
    |batch1_213_reg_11518      |   13|    0|   13|          0|
    |batch1_214_reg_11524      |   13|    0|   13|          0|
    |batch1_215_reg_11530      |   13|    0|   13|          0|
    |batch1_216_reg_11536      |   13|    0|   13|          0|
    |batch1_217_reg_11542      |   13|    0|   13|          0|
    |batch1_218_reg_11548      |   13|    0|   13|          0|
    |batch1_219_reg_11554      |   13|    0|   13|          0|
    |batch1_21_reg_10366       |   13|    0|   13|          0|
    |batch1_220_reg_11560      |   13|    0|   13|          0|
    |batch1_221_reg_11566      |   13|    0|   13|          0|
    |batch1_222_reg_11572      |   13|    0|   13|          0|
    |batch1_223_reg_11578      |   13|    0|   13|          0|
    |batch1_224_reg_11584      |   13|    0|   13|          0|
    |batch1_225_reg_11590      |   13|    0|   13|          0|
    |batch1_226_reg_11596      |   13|    0|   13|          0|
    |batch1_227_reg_11602      |   13|    0|   13|          0|
    |batch1_228_reg_11608      |   13|    0|   13|          0|
    |batch1_229_reg_11614      |   13|    0|   13|          0|
    |batch1_22_reg_10372       |   13|    0|   13|          0|
    |batch1_230_reg_11620      |   13|    0|   13|          0|
    |batch1_231_reg_11626      |   13|    0|   13|          0|
    |batch1_232_reg_11632      |   13|    0|   13|          0|
    |batch1_233_reg_11638      |   13|    0|   13|          0|
    |batch1_234_reg_11644      |   13|    0|   13|          0|
    |batch1_235_reg_11650      |   13|    0|   13|          0|
    |batch1_236_reg_11656      |   13|    0|   13|          0|
    |batch1_237_reg_11662      |   13|    0|   13|          0|
    |batch1_238_reg_11668      |   13|    0|   13|          0|
    |batch1_239_reg_11674      |   13|    0|   13|          0|
    |batch1_23_reg_10378       |   13|    0|   13|          0|
    |batch1_240_reg_11680      |   13|    0|   13|          0|
    |batch1_241_reg_11686      |   13|    0|   13|          0|
    |batch1_242_reg_11692      |   13|    0|   13|          0|
    |batch1_243_reg_11698      |   13|    0|   13|          0|
    |batch1_244_reg_11704      |   13|    0|   13|          0|
    |batch1_245_reg_11710      |   13|    0|   13|          0|
    |batch1_246_reg_11716      |   13|    0|   13|          0|
    |batch1_247_reg_11722      |   13|    0|   13|          0|
    |batch1_248_reg_11728      |   13|    0|   13|          0|
    |batch1_249_reg_11734      |   13|    0|   13|          0|
    |batch1_24_reg_10384       |   13|    0|   13|          0|
    |batch1_250_reg_11740      |   13|    0|   13|          0|
    |batch1_251_reg_11746      |   13|    0|   13|          0|
    |batch1_252_reg_11752      |   13|    0|   13|          0|
    |batch1_253_reg_11758      |   13|    0|   13|          0|
    |batch1_254_reg_11764      |   13|    0|   13|          0|
    |batch1_255_reg_11770      |   13|    0|   13|          0|
    |batch1_256_reg_11776      |   13|    0|   13|          0|
    |batch1_257_reg_11782      |   13|    0|   13|          0|
    |batch1_258_reg_11788      |   13|    0|   13|          0|
    |batch1_259_reg_11794      |   13|    0|   13|          0|
    |batch1_25_reg_10390       |   13|    0|   13|          0|
    |batch1_260_reg_11800      |   13|    0|   13|          0|
    |batch1_261_reg_11806      |   13|    0|   13|          0|
    |batch1_262_reg_11812      |   13|    0|   13|          0|
    |batch1_263_reg_11818      |   13|    0|   13|          0|
    |batch1_264_reg_11824      |   13|    0|   13|          0|
    |batch1_265_reg_11830      |   13|    0|   13|          0|
    |batch1_266_reg_11836      |   13|    0|   13|          0|
    |batch1_267_reg_11842      |   13|    0|   13|          0|
    |batch1_268_reg_11848      |   13|    0|   13|          0|
    |batch1_269_reg_11854      |   13|    0|   13|          0|
    |batch1_26_reg_10396       |   13|    0|   13|          0|
    |batch1_270_reg_11860      |   13|    0|   13|          0|
    |batch1_271_reg_11866      |   13|    0|   13|          0|
    |batch1_272_reg_11872      |   13|    0|   13|          0|
    |batch1_273_reg_11878      |   13|    0|   13|          0|
    |batch1_274_reg_11884      |   13|    0|   13|          0|
    |batch1_275_reg_11890      |   13|    0|   13|          0|
    |batch1_276_reg_11896      |   13|    0|   13|          0|
    |batch1_277_reg_11902      |   13|    0|   13|          0|
    |batch1_278_reg_11908      |   13|    0|   13|          0|
    |batch1_279_reg_11914      |   13|    0|   13|          0|
    |batch1_27_reg_10402       |   13|    0|   13|          0|
    |batch1_280_reg_11920      |   13|    0|   13|          0|
    |batch1_281_reg_11926      |   13|    0|   13|          0|
    |batch1_282_reg_11932      |   13|    0|   13|          0|
    |batch1_283_reg_11938      |   13|    0|   13|          0|
    |batch1_284_reg_11944      |   13|    0|   13|          0|
    |batch1_285_reg_11950      |   13|    0|   13|          0|
    |batch1_286_reg_11956      |   13|    0|   13|          0|
    |batch1_287_reg_11962      |   13|    0|   13|          0|
    |batch1_288_reg_11968      |   13|    0|   13|          0|
    |batch1_289_reg_11974      |   13|    0|   13|          0|
    |batch1_28_reg_10408       |   13|    0|   13|          0|
    |batch1_290_reg_11980      |   13|    0|   13|          0|
    |batch1_291_reg_11986      |   13|    0|   13|          0|
    |batch1_292_reg_11992      |   13|    0|   13|          0|
    |batch1_293_reg_11998      |   13|    0|   13|          0|
    |batch1_294_reg_12004      |   13|    0|   13|          0|
    |batch1_295_reg_12010      |   13|    0|   13|          0|
    |batch1_296_reg_12016      |   13|    0|   13|          0|
    |batch1_297_reg_12022      |   13|    0|   13|          0|
    |batch1_298_reg_12028      |   13|    0|   13|          0|
    |batch1_299_reg_12034      |   13|    0|   13|          0|
    |batch1_29_reg_10414       |   13|    0|   13|          0|
    |batch1_2_reg_10252        |   13|    0|   13|          0|
    |batch1_300_reg_12040      |   13|    0|   13|          0|
    |batch1_301_reg_12046      |   13|    0|   13|          0|
    |batch1_302_reg_12052      |   13|    0|   13|          0|
    |batch1_303_reg_12058      |   13|    0|   13|          0|
    |batch1_304_reg_12064      |   13|    0|   13|          0|
    |batch1_305_reg_12070      |   13|    0|   13|          0|
    |batch1_306_reg_12076      |   13|    0|   13|          0|
    |batch1_307_reg_12082      |   13|    0|   13|          0|
    |batch1_308_reg_12088      |   13|    0|   13|          0|
    |batch1_309_reg_12094      |   13|    0|   13|          0|
    |batch1_30_reg_10420       |   13|    0|   13|          0|
    |batch1_310_reg_12100      |   13|    0|   13|          0|
    |batch1_311_reg_12106      |   13|    0|   13|          0|
    |batch1_312_reg_12112      |   13|    0|   13|          0|
    |batch1_313_reg_12118      |   13|    0|   13|          0|
    |batch1_314_reg_12124      |   13|    0|   13|          0|
    |batch1_315_reg_12130      |   13|    0|   13|          0|
    |batch1_316_reg_12136      |   13|    0|   13|          0|
    |batch1_317_reg_12142      |   13|    0|   13|          0|
    |batch1_318_reg_12148      |   13|    0|   13|          0|
    |batch1_319_reg_12154      |   13|    0|   13|          0|
    |batch1_31_reg_10426       |   13|    0|   13|          0|
    |batch1_320_reg_12160      |   13|    0|   13|          0|
    |batch1_321_reg_12166      |   13|    0|   13|          0|
    |batch1_322_reg_12172      |   13|    0|   13|          0|
    |batch1_323_reg_12178      |   13|    0|   13|          0|
    |batch1_324_reg_12184      |   13|    0|   13|          0|
    |batch1_325_reg_12190      |   13|    0|   13|          0|
    |batch1_326_reg_12196      |   13|    0|   13|          0|
    |batch1_327_reg_12202      |   13|    0|   13|          0|
    |batch1_328_reg_12208      |   13|    0|   13|          0|
    |batch1_329_reg_12214      |   13|    0|   13|          0|
    |batch1_32_reg_10432       |   13|    0|   13|          0|
    |batch1_330_reg_12220      |   13|    0|   13|          0|
    |batch1_331_reg_12226      |   13|    0|   13|          0|
    |batch1_332_reg_12232      |   13|    0|   13|          0|
    |batch1_333_reg_12238      |   13|    0|   13|          0|
    |batch1_334_reg_12244      |   13|    0|   13|          0|
    |batch1_335_reg_12250      |   13|    0|   13|          0|
    |batch1_336_reg_12256      |   13|    0|   13|          0|
    |batch1_337_reg_12262      |   13|    0|   13|          0|
    |batch1_338_reg_12268      |   13|    0|   13|          0|
    |batch1_339_reg_12274      |   13|    0|   13|          0|
    |batch1_33_reg_10438       |   13|    0|   13|          0|
    |batch1_340_reg_12280      |   13|    0|   13|          0|
    |batch1_341_reg_12286      |   13|    0|   13|          0|
    |batch1_342_reg_12292      |   13|    0|   13|          0|
    |batch1_343_reg_12298      |   13|    0|   13|          0|
    |batch1_344_reg_12304      |   13|    0|   13|          0|
    |batch1_345_reg_12310      |   13|    0|   13|          0|
    |batch1_346_reg_12316      |   13|    0|   13|          0|
    |batch1_347_reg_12322      |   13|    0|   13|          0|
    |batch1_348_reg_12328      |   13|    0|   13|          0|
    |batch1_349_reg_12334      |   13|    0|   13|          0|
    |batch1_34_reg_10444       |   13|    0|   13|          0|
    |batch1_350_reg_12340      |   13|    0|   13|          0|
    |batch1_351_reg_12346      |   13|    0|   13|          0|
    |batch1_352_reg_12352      |   13|    0|   13|          0|
    |batch1_353_reg_12358      |   13|    0|   13|          0|
    |batch1_354_reg_12364      |   13|    0|   13|          0|
    |batch1_355_reg_12370      |   13|    0|   13|          0|
    |batch1_356_reg_12376      |   13|    0|   13|          0|
    |batch1_357_reg_12382      |   13|    0|   13|          0|
    |batch1_358_reg_12388      |   13|    0|   13|          0|
    |batch1_359_reg_12394      |   13|    0|   13|          0|
    |batch1_35_reg_10450       |   13|    0|   13|          0|
    |batch1_360_reg_12400      |   13|    0|   13|          0|
    |batch1_361_reg_12406      |   13|    0|   13|          0|
    |batch1_362_reg_12412      |   13|    0|   13|          0|
    |batch1_363_reg_12418      |   13|    0|   13|          0|
    |batch1_364_reg_12424      |   13|    0|   13|          0|
    |batch1_365_reg_12430      |   13|    0|   13|          0|
    |batch1_366_reg_12436      |   13|    0|   13|          0|
    |batch1_367_reg_12442      |   13|    0|   13|          0|
    |batch1_368_reg_12448      |   13|    0|   13|          0|
    |batch1_369_reg_12454      |   13|    0|   13|          0|
    |batch1_36_reg_10456       |   13|    0|   13|          0|
    |batch1_370_reg_12460      |   13|    0|   13|          0|
    |batch1_371_reg_12466      |   13|    0|   13|          0|
    |batch1_372_reg_12472      |   13|    0|   13|          0|
    |batch1_373_reg_12478      |   13|    0|   13|          0|
    |batch1_374_reg_12484      |   13|    0|   13|          0|
    |batch1_375_reg_12490      |   13|    0|   13|          0|
    |batch1_376_reg_12496      |   13|    0|   13|          0|
    |batch1_377_reg_12502      |   13|    0|   13|          0|
    |batch1_378_reg_12508      |   13|    0|   13|          0|
    |batch1_379_reg_12514      |   13|    0|   13|          0|
    |batch1_37_reg_10462       |   13|    0|   13|          0|
    |batch1_380_reg_12520      |   13|    0|   13|          0|
    |batch1_381_reg_12526      |   13|    0|   13|          0|
    |batch1_382_reg_12532      |   13|    0|   13|          0|
    |batch1_383_reg_12538      |   13|    0|   13|          0|
    |batch1_384_reg_12544      |   13|    0|   13|          0|
    |batch1_385_reg_12550      |   13|    0|   13|          0|
    |batch1_386_reg_12556      |   13|    0|   13|          0|
    |batch1_387_reg_12562      |   13|    0|   13|          0|
    |batch1_388_reg_12568      |   13|    0|   13|          0|
    |batch1_389_reg_12574      |   13|    0|   13|          0|
    |batch1_38_reg_10468       |   13|    0|   13|          0|
    |batch1_390_reg_12580      |   13|    0|   13|          0|
    |batch1_391_reg_12586      |   13|    0|   13|          0|
    |batch1_392_reg_12592      |   13|    0|   13|          0|
    |batch1_393_reg_12598      |   13|    0|   13|          0|
    |batch1_394_reg_12604      |   13|    0|   13|          0|
    |batch1_395_reg_12610      |   13|    0|   13|          0|
    |batch1_396_reg_12616      |   13|    0|   13|          0|
    |batch1_397_reg_12622      |   13|    0|   13|          0|
    |batch1_398_reg_12628      |   13|    0|   13|          0|
    |batch1_399_reg_12634      |   13|    0|   13|          0|
    |batch1_39_reg_10474       |   13|    0|   13|          0|
    |batch1_3_reg_10258        |   13|    0|   13|          0|
    |batch1_400_reg_12640      |   13|    0|   13|          0|
    |batch1_401_reg_12646      |   13|    0|   13|          0|
    |batch1_402_reg_12652      |   13|    0|   13|          0|
    |batch1_403_reg_12658      |   13|    0|   13|          0|
    |batch1_404_reg_12664      |   13|    0|   13|          0|
    |batch1_405_reg_12670      |   13|    0|   13|          0|
    |batch1_406_reg_12676      |   13|    0|   13|          0|
    |batch1_407_reg_12682      |   13|    0|   13|          0|
    |batch1_408_reg_12688      |   13|    0|   13|          0|
    |batch1_409_reg_12694      |   13|    0|   13|          0|
    |batch1_40_reg_10480       |   13|    0|   13|          0|
    |batch1_410_reg_12700      |   13|    0|   13|          0|
    |batch1_411_reg_12706      |   13|    0|   13|          0|
    |batch1_412_reg_12712      |   13|    0|   13|          0|
    |batch1_413_reg_12718      |   13|    0|   13|          0|
    |batch1_414_reg_12724      |   13|    0|   13|          0|
    |batch1_415_reg_12730      |   13|    0|   13|          0|
    |batch1_416_reg_12736      |   13|    0|   13|          0|
    |batch1_417_reg_12742      |   13|    0|   13|          0|
    |batch1_418_reg_12748      |   13|    0|   13|          0|
    |batch1_419_reg_12754      |   13|    0|   13|          0|
    |batch1_41_reg_10486       |   13|    0|   13|          0|
    |batch1_420_reg_12760      |   13|    0|   13|          0|
    |batch1_421_reg_12766      |   13|    0|   13|          0|
    |batch1_422_reg_12772      |   13|    0|   13|          0|
    |batch1_423_reg_12778      |   13|    0|   13|          0|
    |batch1_424_reg_12784      |   13|    0|   13|          0|
    |batch1_425_reg_12790      |   13|    0|   13|          0|
    |batch1_426_reg_12796      |   13|    0|   13|          0|
    |batch1_427_reg_12802      |   13|    0|   13|          0|
    |batch1_428_reg_12808      |   13|    0|   13|          0|
    |batch1_429_reg_12814      |   13|    0|   13|          0|
    |batch1_42_reg_10492       |   13|    0|   13|          0|
    |batch1_430_reg_12820      |   13|    0|   13|          0|
    |batch1_431_reg_12826      |   13|    0|   13|          0|
    |batch1_432_reg_12832      |   13|    0|   13|          0|
    |batch1_433_reg_12838      |   13|    0|   13|          0|
    |batch1_434_reg_12844      |   13|    0|   13|          0|
    |batch1_435_reg_12850      |   13|    0|   13|          0|
    |batch1_436_reg_12856      |   13|    0|   13|          0|
    |batch1_437_reg_12862      |   13|    0|   13|          0|
    |batch1_438_reg_12868      |   13|    0|   13|          0|
    |batch1_439_reg_12874      |   13|    0|   13|          0|
    |batch1_43_reg_10498       |   13|    0|   13|          0|
    |batch1_440_reg_12880      |   13|    0|   13|          0|
    |batch1_441_reg_12886      |   13|    0|   13|          0|
    |batch1_442_reg_12892      |   13|    0|   13|          0|
    |batch1_443_reg_12898      |   13|    0|   13|          0|
    |batch1_444_reg_12904      |   13|    0|   13|          0|
    |batch1_445_reg_12910      |   13|    0|   13|          0|
    |batch1_446_reg_12916      |   13|    0|   13|          0|
    |batch1_447_reg_12922      |   13|    0|   13|          0|
    |batch1_448_reg_12928      |   13|    0|   13|          0|
    |batch1_449_reg_12934      |   13|    0|   13|          0|
    |batch1_44_reg_10504       |   13|    0|   13|          0|
    |batch1_450_reg_12940      |   13|    0|   13|          0|
    |batch1_451_reg_12946      |   13|    0|   13|          0|
    |batch1_452_reg_12952      |   13|    0|   13|          0|
    |batch1_453_reg_12958      |   13|    0|   13|          0|
    |batch1_454_reg_12964      |   13|    0|   13|          0|
    |batch1_455_reg_12970      |   13|    0|   13|          0|
    |batch1_456_reg_12976      |   13|    0|   13|          0|
    |batch1_457_reg_12982      |   13|    0|   13|          0|
    |batch1_458_reg_12988      |   13|    0|   13|          0|
    |batch1_459_reg_12994      |   13|    0|   13|          0|
    |batch1_45_reg_10510       |   13|    0|   13|          0|
    |batch1_460_reg_13000      |   13|    0|   13|          0|
    |batch1_461_reg_13006      |   13|    0|   13|          0|
    |batch1_462_reg_13012      |   13|    0|   13|          0|
    |batch1_463_reg_13018      |   13|    0|   13|          0|
    |batch1_464_reg_13024      |   13|    0|   13|          0|
    |batch1_465_reg_13030      |   13|    0|   13|          0|
    |batch1_466_reg_13036      |   13|    0|   13|          0|
    |batch1_467_reg_13042      |   13|    0|   13|          0|
    |batch1_468_reg_13048      |   13|    0|   13|          0|
    |batch1_469_reg_13054      |   13|    0|   13|          0|
    |batch1_46_reg_10516       |   13|    0|   13|          0|
    |batch1_470_reg_13060      |   13|    0|   13|          0|
    |batch1_471_reg_13066      |   13|    0|   13|          0|
    |batch1_472_reg_13072      |   13|    0|   13|          0|
    |batch1_473_reg_13078      |   13|    0|   13|          0|
    |batch1_474_reg_13084      |   13|    0|   13|          0|
    |batch1_475_reg_13090      |   13|    0|   13|          0|
    |batch1_476_reg_13096      |   13|    0|   13|          0|
    |batch1_477_reg_13102      |   13|    0|   13|          0|
    |batch1_478_reg_13108      |   13|    0|   13|          0|
    |batch1_479_reg_13114      |   13|    0|   13|          0|
    |batch1_47_reg_10522       |   13|    0|   13|          0|
    |batch1_480_reg_13120      |   13|    0|   13|          0|
    |batch1_481_reg_13126      |   13|    0|   13|          0|
    |batch1_482_reg_13132      |   13|    0|   13|          0|
    |batch1_483_reg_13138      |   13|    0|   13|          0|
    |batch1_48_reg_10528       |   13|    0|   13|          0|
    |batch1_49_reg_10534       |   13|    0|   13|          0|
    |batch1_4_reg_10264        |   13|    0|   13|          0|
    |batch1_50_reg_10540       |   13|    0|   13|          0|
    |batch1_51_reg_10546       |   13|    0|   13|          0|
    |batch1_52_reg_10552       |   13|    0|   13|          0|
    |batch1_53_reg_10558       |   13|    0|   13|          0|
    |batch1_54_reg_10564       |   13|    0|   13|          0|
    |batch1_55_reg_10570       |   13|    0|   13|          0|
    |batch1_56_reg_10576       |   13|    0|   13|          0|
    |batch1_57_reg_10582       |   13|    0|   13|          0|
    |batch1_58_reg_10588       |   13|    0|   13|          0|
    |batch1_59_reg_10594       |   13|    0|   13|          0|
    |batch1_5_reg_10270        |   13|    0|   13|          0|
    |batch1_60_reg_10600       |   13|    0|   13|          0|
    |batch1_61_reg_10606       |   13|    0|   13|          0|
    |batch1_62_reg_10612       |   13|    0|   13|          0|
    |batch1_63_reg_10618       |   13|    0|   13|          0|
    |batch1_64_reg_10624       |   13|    0|   13|          0|
    |batch1_65_reg_10630       |   13|    0|   13|          0|
    |batch1_66_reg_10636       |   13|    0|   13|          0|
    |batch1_67_reg_10642       |   13|    0|   13|          0|
    |batch1_68_reg_10648       |   13|    0|   13|          0|
    |batch1_69_reg_10654       |   13|    0|   13|          0|
    |batch1_6_reg_10276        |   13|    0|   13|          0|
    |batch1_70_reg_10660       |   13|    0|   13|          0|
    |batch1_71_reg_10666       |   13|    0|   13|          0|
    |batch1_72_reg_10672       |   13|    0|   13|          0|
    |batch1_73_reg_10678       |   13|    0|   13|          0|
    |batch1_74_reg_10684       |   13|    0|   13|          0|
    |batch1_75_reg_10690       |   13|    0|   13|          0|
    |batch1_76_reg_10696       |   13|    0|   13|          0|
    |batch1_77_reg_10702       |   13|    0|   13|          0|
    |batch1_78_reg_10708       |   13|    0|   13|          0|
    |batch1_79_reg_10714       |   13|    0|   13|          0|
    |batch1_7_reg_10282        |   13|    0|   13|          0|
    |batch1_80_reg_10720       |   13|    0|   13|          0|
    |batch1_81_reg_10726       |   13|    0|   13|          0|
    |batch1_82_reg_10732       |   13|    0|   13|          0|
    |batch1_83_reg_10738       |   13|    0|   13|          0|
    |batch1_84_reg_10744       |   13|    0|   13|          0|
    |batch1_85_reg_10750       |   13|    0|   13|          0|
    |batch1_86_reg_10756       |   13|    0|   13|          0|
    |batch1_87_reg_10762       |   13|    0|   13|          0|
    |batch1_88_reg_10768       |   13|    0|   13|          0|
    |batch1_89_reg_10774       |   13|    0|   13|          0|
    |batch1_8_reg_10288        |   13|    0|   13|          0|
    |batch1_90_reg_10780       |   13|    0|   13|          0|
    |batch1_91_reg_10786       |   13|    0|   13|          0|
    |batch1_92_reg_10792       |   13|    0|   13|          0|
    |batch1_93_reg_10798       |   13|    0|   13|          0|
    |batch1_94_reg_10804       |   13|    0|   13|          0|
    |batch1_95_reg_10810       |   13|    0|   13|          0|
    |batch1_96_reg_10816       |   13|    0|   13|          0|
    |batch1_97_reg_10822       |   13|    0|   13|          0|
    |batch1_98_reg_10828       |   13|    0|   13|          0|
    |batch1_99_reg_10834       |   13|    0|   13|          0|
    |batch1_9_reg_10294        |   13|    0|   13|          0|
    |batch1_reg_10240          |   13|    0|   13|          0|
    |beam_input_ap_vld_preg    |    1|    0|    1|          0|
    |beam_input_preg           |   96|    0|   96|          0|
    |icmp_ln600_reg_18133      |    1|    0|    1|          0|
    |jdotp_10_reg_13199        |    6|    0|    6|          0|
    |jdotp_11_reg_13204        |    6|    0|    6|          0|
    |jdotp_12_reg_13209        |    6|    0|    6|          0|
    |jdotp_13_reg_13214        |    6|    0|    6|          0|
    |jdotp_14_reg_13219        |    6|    0|    6|          0|
    |jdotp_15_reg_13224        |    6|    0|    6|          0|
    |jdotp_16_reg_13229        |    6|    0|    6|          0|
    |jdotp_17_reg_13234        |    6|    0|    6|          0|
    |jdotp_18_reg_13239        |    6|    0|    6|          0|
    |jdotp_19_reg_13244        |    6|    0|    6|          0|
    |jdotp_1_reg_13154         |    6|    0|    6|          0|
    |jdotp_20_reg_13249        |    6|    0|    6|          0|
    |jdotp_21_reg_13254        |    6|    0|    6|          0|
    |jdotp_2_reg_13159         |    6|    0|    6|          0|
    |jdotp_3_reg_13164         |    6|    0|    6|          0|
    |jdotp_4_reg_13169         |    6|    0|    6|          0|
    |jdotp_5_reg_13174         |    6|    0|    6|          0|
    |jdotp_6_reg_13179         |    6|    0|    6|          0|
    |jdotp_7_reg_13184         |    6|    0|    6|          0|
    |jdotp_8_reg_13189         |    6|    0|    6|          0|
    |jdotp_9_reg_13194         |    6|    0|    6|          0|
    |jdotp_reg_13149           |    6|    0|    6|          0|
    |jmass_reg_13144           |    6|    0|    6|          0|
    |model_input_ap_vld_preg   |    1|    0|    1|          0|
    |model_input_preg          |  960|    0|  960|          0|
    |nobj_2_reg_10051          |    5|    0|    5|          0|
    |nobjmask_10_reg_10138     |    1|    0|    1|          0|
    |nobjmask_11_reg_10146     |    1|    0|    1|          0|
    |nobjmask_12_reg_10154     |    1|    0|    1|          0|
    |nobjmask_13_reg_10162     |    1|    0|    1|          0|
    |nobjmask_14_reg_10170     |    1|    0|    1|          0|
    |nobjmask_15_reg_10178     |    1|    0|    1|          0|
    |nobjmask_16_reg_10186     |    1|    0|    1|          0|
    |nobjmask_17_reg_10194     |    1|    0|    1|          0|
    |nobjmask_18_reg_10202     |    1|    0|    1|          0|
    |nobjmask_19_reg_10210     |    1|    0|    1|          0|
    |nobjmask_1_reg_10066      |    1|    0|    1|          0|
    |nobjmask_20_reg_10228     |    1|    0|    1|          0|
    |nobjmask_21_reg_10234     |    1|    0|    1|          0|
    |nobjmask_2_reg_10074      |    1|    0|    1|          0|
    |nobjmask_3_reg_10082      |    1|    0|    1|          0|
    |nobjmask_4_reg_10090      |    1|    0|    1|          0|
    |nobjmask_5_reg_10098      |    1|    0|    1|          0|
    |nobjmask_6_reg_10106      |    1|    0|    1|          0|
    |nobjmask_7_reg_10114      |    1|    0|    1|          0|
    |nobjmask_8_reg_10122      |    1|    0|    1|          0|
    |nobjmask_9_reg_10130      |    1|    0|    1|          0|
    |nobjmask_reg_10058        |    1|    0|    1|          0|
    |tmp_10984_reg_18126       |    1|    0|    1|          0|
    |tmp_10987_reg_18138       |    1|    0|    1|          0|
    |batch1_100_reg_10840      |   64|   32|   13|          0|
    |batch1_101_reg_10846      |   64|   32|   13|          0|
    |batch1_102_reg_10852      |   64|   32|   13|          0|
    |batch1_103_reg_10858      |   64|   32|   13|          0|
    |batch1_104_reg_10864      |   64|   32|   13|          0|
    |batch1_105_reg_10870      |   64|   32|   13|          0|
    |batch1_106_reg_10876      |   64|   32|   13|          0|
    |batch1_107_reg_10882      |   64|   32|   13|          0|
    |batch1_108_reg_10888      |   64|   32|   13|          0|
    |batch1_109_reg_10894      |   64|   32|   13|          0|
    |batch1_10_reg_10300       |   64|   32|   13|          0|
    |batch1_110_reg_10900      |   64|   32|   13|          0|
    |batch1_111_reg_10906      |   64|   32|   13|          0|
    |batch1_112_reg_10912      |   64|   32|   13|          0|
    |batch1_113_reg_10918      |   64|   32|   13|          0|
    |batch1_114_reg_10924      |   64|   32|   13|          0|
    |batch1_115_reg_10930      |   64|   32|   13|          0|
    |batch1_116_reg_10936      |   64|   32|   13|          0|
    |batch1_117_reg_10942      |   64|   32|   13|          0|
    |batch1_118_reg_10948      |   64|   32|   13|          0|
    |batch1_119_reg_10954      |   64|   32|   13|          0|
    |batch1_11_reg_10306       |   64|   32|   13|          0|
    |batch1_120_reg_10960      |   64|   32|   13|          0|
    |batch1_121_reg_10966      |   64|   32|   13|          0|
    |batch1_122_reg_10972      |   64|   32|   13|          0|
    |batch1_123_reg_10978      |   64|   32|   13|          0|
    |batch1_124_reg_10984      |   64|   32|   13|          0|
    |batch1_125_reg_10990      |   64|   32|   13|          0|
    |batch1_126_reg_10996      |   64|   32|   13|          0|
    |batch1_127_reg_11002      |   64|   32|   13|          0|
    |batch1_128_reg_11008      |   64|   32|   13|          0|
    |batch1_129_reg_11014      |   64|   32|   13|          0|
    |batch1_12_reg_10312       |   64|   32|   13|          0|
    |batch1_130_reg_11020      |   64|   32|   13|          0|
    |batch1_131_reg_11026      |   64|   32|   13|          0|
    |batch1_132_reg_11032      |   64|   32|   13|          0|
    |batch1_133_reg_11038      |   64|   32|   13|          0|
    |batch1_134_reg_11044      |   64|   32|   13|          0|
    |batch1_135_reg_11050      |   64|   32|   13|          0|
    |batch1_136_reg_11056      |   64|   32|   13|          0|
    |batch1_137_reg_11062      |   64|   32|   13|          0|
    |batch1_138_reg_11068      |   64|   32|   13|          0|
    |batch1_139_reg_11074      |   64|   32|   13|          0|
    |batch1_13_reg_10318       |   64|   32|   13|          0|
    |batch1_140_reg_11080      |   64|   32|   13|          0|
    |batch1_141_reg_11086      |   64|   32|   13|          0|
    |batch1_142_reg_11092      |   64|   32|   13|          0|
    |batch1_143_reg_11098      |   64|   32|   13|          0|
    |batch1_144_reg_11104      |   64|   32|   13|          0|
    |batch1_145_reg_11110      |   64|   32|   13|          0|
    |batch1_146_reg_11116      |   64|   32|   13|          0|
    |batch1_147_reg_11122      |   64|   32|   13|          0|
    |batch1_148_reg_11128      |   64|   32|   13|          0|
    |batch1_149_reg_11134      |   64|   32|   13|          0|
    |batch1_14_reg_10324       |   64|   32|   13|          0|
    |batch1_150_reg_11140      |   64|   32|   13|          0|
    |batch1_151_reg_11146      |   64|   32|   13|          0|
    |batch1_152_reg_11152      |   64|   32|   13|          0|
    |batch1_153_reg_11158      |   64|   32|   13|          0|
    |batch1_154_reg_11164      |   64|   32|   13|          0|
    |batch1_155_reg_11170      |   64|   32|   13|          0|
    |batch1_156_reg_11176      |   64|   32|   13|          0|
    |batch1_157_reg_11182      |   64|   32|   13|          0|
    |batch1_158_reg_11188      |   64|   32|   13|          0|
    |batch1_159_reg_11194      |   64|   32|   13|          0|
    |batch1_15_reg_10330       |   64|   32|   13|          0|
    |batch1_160_reg_11200      |   64|   32|   13|          0|
    |batch1_161_reg_11206      |   64|   32|   13|          0|
    |batch1_162_reg_11212      |   64|   32|   13|          0|
    |batch1_163_reg_11218      |   64|   32|   13|          0|
    |batch1_164_reg_11224      |   64|   32|   13|          0|
    |batch1_165_reg_11230      |   64|   32|   13|          0|
    |batch1_166_reg_11236      |   64|   32|   13|          0|
    |batch1_167_reg_11242      |   64|   32|   13|          0|
    |batch1_168_reg_11248      |   64|   32|   13|          0|
    |batch1_169_reg_11254      |   64|   32|   13|          0|
    |batch1_16_reg_10336       |   64|   32|   13|          0|
    |batch1_170_reg_11260      |   64|   32|   13|          0|
    |batch1_171_reg_11266      |   64|   32|   13|          0|
    |batch1_172_reg_11272      |   64|   32|   13|          0|
    |batch1_173_reg_11278      |   64|   32|   13|          0|
    |batch1_174_reg_11284      |   64|   32|   13|          0|
    |batch1_175_reg_11290      |   64|   32|   13|          0|
    |batch1_176_reg_11296      |   64|   32|   13|          0|
    |batch1_177_reg_11302      |   64|   32|   13|          0|
    |batch1_178_reg_11308      |   64|   32|   13|          0|
    |batch1_179_reg_11314      |   64|   32|   13|          0|
    |batch1_17_reg_10342       |   64|   32|   13|          0|
    |batch1_180_reg_11320      |   64|   32|   13|          0|
    |batch1_181_reg_11326      |   64|   32|   13|          0|
    |batch1_182_reg_11332      |   64|   32|   13|          0|
    |batch1_183_reg_11338      |   64|   32|   13|          0|
    |batch1_184_reg_11344      |   64|   32|   13|          0|
    |batch1_185_reg_11350      |   64|   32|   13|          0|
    |batch1_186_reg_11356      |   64|   32|   13|          0|
    |batch1_187_reg_11362      |   64|   32|   13|          0|
    |batch1_188_reg_11368      |   64|   32|   13|          0|
    |batch1_189_reg_11374      |   64|   32|   13|          0|
    |batch1_18_reg_10348       |   64|   32|   13|          0|
    |batch1_190_reg_11380      |   64|   32|   13|          0|
    |batch1_191_reg_11386      |   64|   32|   13|          0|
    |batch1_192_reg_11392      |   64|   32|   13|          0|
    |batch1_193_reg_11398      |   64|   32|   13|          0|
    |batch1_194_reg_11404      |   64|   32|   13|          0|
    |batch1_195_reg_11410      |   64|   32|   13|          0|
    |batch1_196_reg_11416      |   64|   32|   13|          0|
    |batch1_197_reg_11422      |   64|   32|   13|          0|
    |batch1_198_reg_11428      |   64|   32|   13|          0|
    |batch1_199_reg_11434      |   64|   32|   13|          0|
    |batch1_19_reg_10354       |   64|   32|   13|          0|
    |batch1_1_reg_10246        |   64|   32|   13|          0|
    |batch1_200_reg_11440      |   64|   32|   13|          0|
    |batch1_201_reg_11446      |   64|   32|   13|          0|
    |batch1_202_reg_11452      |   64|   32|   13|          0|
    |batch1_203_reg_11458      |   64|   32|   13|          0|
    |batch1_204_reg_11464      |   64|   32|   13|          0|
    |batch1_205_reg_11470      |   64|   32|   13|          0|
    |batch1_206_reg_11476      |   64|   32|   13|          0|
    |batch1_207_reg_11482      |   64|   32|   13|          0|
    |batch1_208_reg_11488      |   64|   32|   13|          0|
    |batch1_209_reg_11494      |   64|   32|   13|          0|
    |batch1_20_reg_10360       |   64|   32|   13|          0|
    |batch1_210_reg_11500      |   64|   32|   13|          0|
    |batch1_211_reg_11506      |   64|   32|   13|          0|
    |batch1_212_reg_11512      |   64|   32|   13|          0|
    |batch1_213_reg_11518      |   64|   32|   13|          0|
    |batch1_214_reg_11524      |   64|   32|   13|          0|
    |batch1_215_reg_11530      |   64|   32|   13|          0|
    |batch1_216_reg_11536      |   64|   32|   13|          0|
    |batch1_217_reg_11542      |   64|   32|   13|          0|
    |batch1_218_reg_11548      |   64|   32|   13|          0|
    |batch1_219_reg_11554      |   64|   32|   13|          0|
    |batch1_21_reg_10366       |   64|   32|   13|          0|
    |batch1_220_reg_11560      |   64|   32|   13|          0|
    |batch1_221_reg_11566      |   64|   32|   13|          0|
    |batch1_222_reg_11572      |   64|   32|   13|          0|
    |batch1_223_reg_11578      |   64|   32|   13|          0|
    |batch1_224_reg_11584      |   64|   32|   13|          0|
    |batch1_225_reg_11590      |   64|   32|   13|          0|
    |batch1_226_reg_11596      |   64|   32|   13|          0|
    |batch1_227_reg_11602      |   64|   32|   13|          0|
    |batch1_228_reg_11608      |   64|   32|   13|          0|
    |batch1_229_reg_11614      |   64|   32|   13|          0|
    |batch1_22_reg_10372       |   64|   32|   13|          0|
    |batch1_230_reg_11620      |   64|   32|   13|          0|
    |batch1_231_reg_11626      |   64|   32|   13|          0|
    |batch1_232_reg_11632      |   64|   32|   13|          0|
    |batch1_233_reg_11638      |   64|   32|   13|          0|
    |batch1_234_reg_11644      |   64|   32|   13|          0|
    |batch1_235_reg_11650      |   64|   32|   13|          0|
    |batch1_236_reg_11656      |   64|   32|   13|          0|
    |batch1_237_reg_11662      |   64|   32|   13|          0|
    |batch1_238_reg_11668      |   64|   32|   13|          0|
    |batch1_239_reg_11674      |   64|   32|   13|          0|
    |batch1_23_reg_10378       |   64|   32|   13|          0|
    |batch1_240_reg_11680      |   64|   32|   13|          0|
    |batch1_241_reg_11686      |   64|   32|   13|          0|
    |batch1_242_reg_11692      |   64|   32|   13|          0|
    |batch1_243_reg_11698      |   64|   32|   13|          0|
    |batch1_244_reg_11704      |   64|   32|   13|          0|
    |batch1_245_reg_11710      |   64|   32|   13|          0|
    |batch1_246_reg_11716      |   64|   32|   13|          0|
    |batch1_247_reg_11722      |   64|   32|   13|          0|
    |batch1_248_reg_11728      |   64|   32|   13|          0|
    |batch1_249_reg_11734      |   64|   32|   13|          0|
    |batch1_24_reg_10384       |   64|   32|   13|          0|
    |batch1_250_reg_11740      |   64|   32|   13|          0|
    |batch1_251_reg_11746      |   64|   32|   13|          0|
    |batch1_252_reg_11752      |   64|   32|   13|          0|
    |batch1_253_reg_11758      |   64|   32|   13|          0|
    |batch1_254_reg_11764      |   64|   32|   13|          0|
    |batch1_255_reg_11770      |   64|   32|   13|          0|
    |batch1_256_reg_11776      |   64|   32|   13|          0|
    |batch1_257_reg_11782      |   64|   32|   13|          0|
    |batch1_258_reg_11788      |   64|   32|   13|          0|
    |batch1_259_reg_11794      |   64|   32|   13|          0|
    |batch1_25_reg_10390       |   64|   32|   13|          0|
    |batch1_260_reg_11800      |   64|   32|   13|          0|
    |batch1_261_reg_11806      |   64|   32|   13|          0|
    |batch1_262_reg_11812      |   64|   32|   13|          0|
    |batch1_263_reg_11818      |   64|   32|   13|          0|
    |batch1_264_reg_11824      |   64|   32|   13|          0|
    |batch1_265_reg_11830      |   64|   32|   13|          0|
    |batch1_266_reg_11836      |   64|   32|   13|          0|
    |batch1_267_reg_11842      |   64|   32|   13|          0|
    |batch1_268_reg_11848      |   64|   32|   13|          0|
    |batch1_269_reg_11854      |   64|   32|   13|          0|
    |batch1_26_reg_10396       |   64|   32|   13|          0|
    |batch1_270_reg_11860      |   64|   32|   13|          0|
    |batch1_271_reg_11866      |   64|   32|   13|          0|
    |batch1_272_reg_11872      |   64|   32|   13|          0|
    |batch1_273_reg_11878      |   64|   32|   13|          0|
    |batch1_274_reg_11884      |   64|   32|   13|          0|
    |batch1_275_reg_11890      |   64|   32|   13|          0|
    |batch1_276_reg_11896      |   64|   32|   13|          0|
    |batch1_277_reg_11902      |   64|   32|   13|          0|
    |batch1_278_reg_11908      |   64|   32|   13|          0|
    |batch1_279_reg_11914      |   64|   32|   13|          0|
    |batch1_27_reg_10402       |   64|   32|   13|          0|
    |batch1_280_reg_11920      |   64|   32|   13|          0|
    |batch1_281_reg_11926      |   64|   32|   13|          0|
    |batch1_282_reg_11932      |   64|   32|   13|          0|
    |batch1_283_reg_11938      |   64|   32|   13|          0|
    |batch1_284_reg_11944      |   64|   32|   13|          0|
    |batch1_285_reg_11950      |   64|   32|   13|          0|
    |batch1_286_reg_11956      |   64|   32|   13|          0|
    |batch1_287_reg_11962      |   64|   32|   13|          0|
    |batch1_288_reg_11968      |   64|   32|   13|          0|
    |batch1_289_reg_11974      |   64|   32|   13|          0|
    |batch1_28_reg_10408       |   64|   32|   13|          0|
    |batch1_290_reg_11980      |   64|   32|   13|          0|
    |batch1_291_reg_11986      |   64|   32|   13|          0|
    |batch1_292_reg_11992      |   64|   32|   13|          0|
    |batch1_293_reg_11998      |   64|   32|   13|          0|
    |batch1_294_reg_12004      |   64|   32|   13|          0|
    |batch1_295_reg_12010      |   64|   32|   13|          0|
    |batch1_296_reg_12016      |   64|   32|   13|          0|
    |batch1_297_reg_12022      |   64|   32|   13|          0|
    |batch1_298_reg_12028      |   64|   32|   13|          0|
    |batch1_299_reg_12034      |   64|   32|   13|          0|
    |batch1_29_reg_10414       |   64|   32|   13|          0|
    |batch1_2_reg_10252        |   64|   32|   13|          0|
    |batch1_300_reg_12040      |   64|   32|   13|          0|
    |batch1_301_reg_12046      |   64|   32|   13|          0|
    |batch1_302_reg_12052      |   64|   32|   13|          0|
    |batch1_303_reg_12058      |   64|   32|   13|          0|
    |batch1_304_reg_12064      |   64|   32|   13|          0|
    |batch1_305_reg_12070      |   64|   32|   13|          0|
    |batch1_306_reg_12076      |   64|   32|   13|          0|
    |batch1_307_reg_12082      |   64|   32|   13|          0|
    |batch1_308_reg_12088      |   64|   32|   13|          0|
    |batch1_309_reg_12094      |   64|   32|   13|          0|
    |batch1_30_reg_10420       |   64|   32|   13|          0|
    |batch1_310_reg_12100      |   64|   32|   13|          0|
    |batch1_311_reg_12106      |   64|   32|   13|          0|
    |batch1_312_reg_12112      |   64|   32|   13|          0|
    |batch1_313_reg_12118      |   64|   32|   13|          0|
    |batch1_314_reg_12124      |   64|   32|   13|          0|
    |batch1_315_reg_12130      |   64|   32|   13|          0|
    |batch1_316_reg_12136      |   64|   32|   13|          0|
    |batch1_317_reg_12142      |   64|   32|   13|          0|
    |batch1_318_reg_12148      |   64|   32|   13|          0|
    |batch1_319_reg_12154      |   64|   32|   13|          0|
    |batch1_31_reg_10426       |   64|   32|   13|          0|
    |batch1_320_reg_12160      |   64|   32|   13|          0|
    |batch1_321_reg_12166      |   64|   32|   13|          0|
    |batch1_322_reg_12172      |   64|   32|   13|          0|
    |batch1_323_reg_12178      |   64|   32|   13|          0|
    |batch1_324_reg_12184      |   64|   32|   13|          0|
    |batch1_325_reg_12190      |   64|   32|   13|          0|
    |batch1_326_reg_12196      |   64|   32|   13|          0|
    |batch1_327_reg_12202      |   64|   32|   13|          0|
    |batch1_328_reg_12208      |   64|   32|   13|          0|
    |batch1_329_reg_12214      |   64|   32|   13|          0|
    |batch1_32_reg_10432       |   64|   32|   13|          0|
    |batch1_330_reg_12220      |   64|   32|   13|          0|
    |batch1_331_reg_12226      |   64|   32|   13|          0|
    |batch1_332_reg_12232      |   64|   32|   13|          0|
    |batch1_333_reg_12238      |   64|   32|   13|          0|
    |batch1_334_reg_12244      |   64|   32|   13|          0|
    |batch1_335_reg_12250      |   64|   32|   13|          0|
    |batch1_336_reg_12256      |   64|   32|   13|          0|
    |batch1_337_reg_12262      |   64|   32|   13|          0|
    |batch1_338_reg_12268      |   64|   32|   13|          0|
    |batch1_339_reg_12274      |   64|   32|   13|          0|
    |batch1_33_reg_10438       |   64|   32|   13|          0|
    |batch1_340_reg_12280      |   64|   32|   13|          0|
    |batch1_341_reg_12286      |   64|   32|   13|          0|
    |batch1_342_reg_12292      |   64|   32|   13|          0|
    |batch1_343_reg_12298      |   64|   32|   13|          0|
    |batch1_344_reg_12304      |   64|   32|   13|          0|
    |batch1_345_reg_12310      |   64|   32|   13|          0|
    |batch1_346_reg_12316      |   64|   32|   13|          0|
    |batch1_347_reg_12322      |   64|   32|   13|          0|
    |batch1_348_reg_12328      |   64|   32|   13|          0|
    |batch1_349_reg_12334      |   64|   32|   13|          0|
    |batch1_34_reg_10444       |   64|   32|   13|          0|
    |batch1_350_reg_12340      |   64|   32|   13|          0|
    |batch1_351_reg_12346      |   64|   32|   13|          0|
    |batch1_352_reg_12352      |   64|   32|   13|          0|
    |batch1_353_reg_12358      |   64|   32|   13|          0|
    |batch1_354_reg_12364      |   64|   32|   13|          0|
    |batch1_355_reg_12370      |   64|   32|   13|          0|
    |batch1_356_reg_12376      |   64|   32|   13|          0|
    |batch1_357_reg_12382      |   64|   32|   13|          0|
    |batch1_358_reg_12388      |   64|   32|   13|          0|
    |batch1_359_reg_12394      |   64|   32|   13|          0|
    |batch1_35_reg_10450       |   64|   32|   13|          0|
    |batch1_360_reg_12400      |   64|   32|   13|          0|
    |batch1_361_reg_12406      |   64|   32|   13|          0|
    |batch1_362_reg_12412      |   64|   32|   13|          0|
    |batch1_363_reg_12418      |   64|   32|   13|          0|
    |batch1_364_reg_12424      |   64|   32|   13|          0|
    |batch1_365_reg_12430      |   64|   32|   13|          0|
    |batch1_366_reg_12436      |   64|   32|   13|          0|
    |batch1_367_reg_12442      |   64|   32|   13|          0|
    |batch1_368_reg_12448      |   64|   32|   13|          0|
    |batch1_369_reg_12454      |   64|   32|   13|          0|
    |batch1_36_reg_10456       |   64|   32|   13|          0|
    |batch1_370_reg_12460      |   64|   32|   13|          0|
    |batch1_371_reg_12466      |   64|   32|   13|          0|
    |batch1_372_reg_12472      |   64|   32|   13|          0|
    |batch1_373_reg_12478      |   64|   32|   13|          0|
    |batch1_374_reg_12484      |   64|   32|   13|          0|
    |batch1_375_reg_12490      |   64|   32|   13|          0|
    |batch1_376_reg_12496      |   64|   32|   13|          0|
    |batch1_377_reg_12502      |   64|   32|   13|          0|
    |batch1_378_reg_12508      |   64|   32|   13|          0|
    |batch1_379_reg_12514      |   64|   32|   13|          0|
    |batch1_37_reg_10462       |   64|   32|   13|          0|
    |batch1_380_reg_12520      |   64|   32|   13|          0|
    |batch1_381_reg_12526      |   64|   32|   13|          0|
    |batch1_382_reg_12532      |   64|   32|   13|          0|
    |batch1_383_reg_12538      |   64|   32|   13|          0|
    |batch1_384_reg_12544      |   64|   32|   13|          0|
    |batch1_385_reg_12550      |   64|   32|   13|          0|
    |batch1_386_reg_12556      |   64|   32|   13|          0|
    |batch1_387_reg_12562      |   64|   32|   13|          0|
    |batch1_388_reg_12568      |   64|   32|   13|          0|
    |batch1_389_reg_12574      |   64|   32|   13|          0|
    |batch1_38_reg_10468       |   64|   32|   13|          0|
    |batch1_390_reg_12580      |   64|   32|   13|          0|
    |batch1_391_reg_12586      |   64|   32|   13|          0|
    |batch1_392_reg_12592      |   64|   32|   13|          0|
    |batch1_393_reg_12598      |   64|   32|   13|          0|
    |batch1_394_reg_12604      |   64|   32|   13|          0|
    |batch1_395_reg_12610      |   64|   32|   13|          0|
    |batch1_396_reg_12616      |   64|   32|   13|          0|
    |batch1_397_reg_12622      |   64|   32|   13|          0|
    |batch1_398_reg_12628      |   64|   32|   13|          0|
    |batch1_399_reg_12634      |   64|   32|   13|          0|
    |batch1_39_reg_10474       |   64|   32|   13|          0|
    |batch1_3_reg_10258        |   64|   32|   13|          0|
    |batch1_400_reg_12640      |   64|   32|   13|          0|
    |batch1_401_reg_12646      |   64|   32|   13|          0|
    |batch1_402_reg_12652      |   64|   32|   13|          0|
    |batch1_403_reg_12658      |   64|   32|   13|          0|
    |batch1_404_reg_12664      |   64|   32|   13|          0|
    |batch1_405_reg_12670      |   64|   32|   13|          0|
    |batch1_406_reg_12676      |   64|   32|   13|          0|
    |batch1_407_reg_12682      |   64|   32|   13|          0|
    |batch1_408_reg_12688      |   64|   32|   13|          0|
    |batch1_409_reg_12694      |   64|   32|   13|          0|
    |batch1_40_reg_10480       |   64|   32|   13|          0|
    |batch1_410_reg_12700      |   64|   32|   13|          0|
    |batch1_411_reg_12706      |   64|   32|   13|          0|
    |batch1_412_reg_12712      |   64|   32|   13|          0|
    |batch1_413_reg_12718      |   64|   32|   13|          0|
    |batch1_414_reg_12724      |   64|   32|   13|          0|
    |batch1_415_reg_12730      |   64|   32|   13|          0|
    |batch1_416_reg_12736      |   64|   32|   13|          0|
    |batch1_417_reg_12742      |   64|   32|   13|          0|
    |batch1_418_reg_12748      |   64|   32|   13|          0|
    |batch1_419_reg_12754      |   64|   32|   13|          0|
    |batch1_41_reg_10486       |   64|   32|   13|          0|
    |batch1_420_reg_12760      |   64|   32|   13|          0|
    |batch1_421_reg_12766      |   64|   32|   13|          0|
    |batch1_422_reg_12772      |   64|   32|   13|          0|
    |batch1_423_reg_12778      |   64|   32|   13|          0|
    |batch1_424_reg_12784      |   64|   32|   13|          0|
    |batch1_425_reg_12790      |   64|   32|   13|          0|
    |batch1_426_reg_12796      |   64|   32|   13|          0|
    |batch1_427_reg_12802      |   64|   32|   13|          0|
    |batch1_428_reg_12808      |   64|   32|   13|          0|
    |batch1_429_reg_12814      |   64|   32|   13|          0|
    |batch1_42_reg_10492       |   64|   32|   13|          0|
    |batch1_430_reg_12820      |   64|   32|   13|          0|
    |batch1_431_reg_12826      |   64|   32|   13|          0|
    |batch1_432_reg_12832      |   64|   32|   13|          0|
    |batch1_433_reg_12838      |   64|   32|   13|          0|
    |batch1_434_reg_12844      |   64|   32|   13|          0|
    |batch1_435_reg_12850      |   64|   32|   13|          0|
    |batch1_436_reg_12856      |   64|   32|   13|          0|
    |batch1_437_reg_12862      |   64|   32|   13|          0|
    |batch1_438_reg_12868      |   64|   32|   13|          0|
    |batch1_439_reg_12874      |   64|   32|   13|          0|
    |batch1_43_reg_10498       |   64|   32|   13|          0|
    |batch1_440_reg_12880      |   64|   32|   13|          0|
    |batch1_441_reg_12886      |   64|   32|   13|          0|
    |batch1_442_reg_12892      |   64|   32|   13|          0|
    |batch1_443_reg_12898      |   64|   32|   13|          0|
    |batch1_444_reg_12904      |   64|   32|   13|          0|
    |batch1_445_reg_12910      |   64|   32|   13|          0|
    |batch1_446_reg_12916      |   64|   32|   13|          0|
    |batch1_447_reg_12922      |   64|   32|   13|          0|
    |batch1_448_reg_12928      |   64|   32|   13|          0|
    |batch1_449_reg_12934      |   64|   32|   13|          0|
    |batch1_44_reg_10504       |   64|   32|   13|          0|
    |batch1_450_reg_12940      |   64|   32|   13|          0|
    |batch1_451_reg_12946      |   64|   32|   13|          0|
    |batch1_452_reg_12952      |   64|   32|   13|          0|
    |batch1_453_reg_12958      |   64|   32|   13|          0|
    |batch1_454_reg_12964      |   64|   32|   13|          0|
    |batch1_455_reg_12970      |   64|   32|   13|          0|
    |batch1_456_reg_12976      |   64|   32|   13|          0|
    |batch1_457_reg_12982      |   64|   32|   13|          0|
    |batch1_458_reg_12988      |   64|   32|   13|          0|
    |batch1_459_reg_12994      |   64|   32|   13|          0|
    |batch1_45_reg_10510       |   64|   32|   13|          0|
    |batch1_460_reg_13000      |   64|   32|   13|          0|
    |batch1_461_reg_13006      |   64|   32|   13|          0|
    |batch1_462_reg_13012      |   64|   32|   13|          0|
    |batch1_463_reg_13018      |   64|   32|   13|          0|
    |batch1_464_reg_13024      |   64|   32|   13|          0|
    |batch1_465_reg_13030      |   64|   32|   13|          0|
    |batch1_466_reg_13036      |   64|   32|   13|          0|
    |batch1_467_reg_13042      |   64|   32|   13|          0|
    |batch1_468_reg_13048      |   64|   32|   13|          0|
    |batch1_469_reg_13054      |   64|   32|   13|          0|
    |batch1_46_reg_10516       |   64|   32|   13|          0|
    |batch1_470_reg_13060      |   64|   32|   13|          0|
    |batch1_471_reg_13066      |   64|   32|   13|          0|
    |batch1_472_reg_13072      |   64|   32|   13|          0|
    |batch1_473_reg_13078      |   64|   32|   13|          0|
    |batch1_474_reg_13084      |   64|   32|   13|          0|
    |batch1_475_reg_13090      |   64|   32|   13|          0|
    |batch1_476_reg_13096      |   64|   32|   13|          0|
    |batch1_477_reg_13102      |   64|   32|   13|          0|
    |batch1_478_reg_13108      |   64|   32|   13|          0|
    |batch1_479_reg_13114      |   64|   32|   13|          0|
    |batch1_47_reg_10522       |   64|   32|   13|          0|
    |batch1_480_reg_13120      |   64|   32|   13|          0|
    |batch1_481_reg_13126      |   64|   32|   13|          0|
    |batch1_482_reg_13132      |   64|   32|   13|          0|
    |batch1_483_reg_13138      |   64|   32|   13|          0|
    |batch1_48_reg_10528       |   64|   32|   13|          0|
    |batch1_49_reg_10534       |   64|   32|   13|          0|
    |batch1_4_reg_10264        |   64|   32|   13|          0|
    |batch1_50_reg_10540       |   64|   32|   13|          0|
    |batch1_51_reg_10546       |   64|   32|   13|          0|
    |batch1_52_reg_10552       |   64|   32|   13|          0|
    |batch1_53_reg_10558       |   64|   32|   13|          0|
    |batch1_54_reg_10564       |   64|   32|   13|          0|
    |batch1_55_reg_10570       |   64|   32|   13|          0|
    |batch1_56_reg_10576       |   64|   32|   13|          0|
    |batch1_57_reg_10582       |   64|   32|   13|          0|
    |batch1_58_reg_10588       |   64|   32|   13|          0|
    |batch1_59_reg_10594       |   64|   32|   13|          0|
    |batch1_5_reg_10270        |   64|   32|   13|          0|
    |batch1_60_reg_10600       |   64|   32|   13|          0|
    |batch1_61_reg_10606       |   64|   32|   13|          0|
    |batch1_62_reg_10612       |   64|   32|   13|          0|
    |batch1_63_reg_10618       |   64|   32|   13|          0|
    |batch1_64_reg_10624       |   64|   32|   13|          0|
    |batch1_65_reg_10630       |   64|   32|   13|          0|
    |batch1_66_reg_10636       |   64|   32|   13|          0|
    |batch1_67_reg_10642       |   64|   32|   13|          0|
    |batch1_68_reg_10648       |   64|   32|   13|          0|
    |batch1_69_reg_10654       |   64|   32|   13|          0|
    |batch1_6_reg_10276        |   64|   32|   13|          0|
    |batch1_70_reg_10660       |   64|   32|   13|          0|
    |batch1_71_reg_10666       |   64|   32|   13|          0|
    |batch1_72_reg_10672       |   64|   32|   13|          0|
    |batch1_73_reg_10678       |   64|   32|   13|          0|
    |batch1_74_reg_10684       |   64|   32|   13|          0|
    |batch1_75_reg_10690       |   64|   32|   13|          0|
    |batch1_76_reg_10696       |   64|   32|   13|          0|
    |batch1_77_reg_10702       |   64|   32|   13|          0|
    |batch1_78_reg_10708       |   64|   32|   13|          0|
    |batch1_79_reg_10714       |   64|   32|   13|          0|
    |batch1_7_reg_10282        |   64|   32|   13|          0|
    |batch1_80_reg_10720       |   64|   32|   13|          0|
    |batch1_81_reg_10726       |   64|   32|   13|          0|
    |batch1_82_reg_10732       |   64|   32|   13|          0|
    |batch1_83_reg_10738       |   64|   32|   13|          0|
    |batch1_84_reg_10744       |   64|   32|   13|          0|
    |batch1_85_reg_10750       |   64|   32|   13|          0|
    |batch1_86_reg_10756       |   64|   32|   13|          0|
    |batch1_87_reg_10762       |   64|   32|   13|          0|
    |batch1_88_reg_10768       |   64|   32|   13|          0|
    |batch1_89_reg_10774       |   64|   32|   13|          0|
    |batch1_8_reg_10288        |   64|   32|   13|          0|
    |batch1_90_reg_10780       |   64|   32|   13|          0|
    |batch1_91_reg_10786       |   64|   32|   13|          0|
    |batch1_92_reg_10792       |   64|   32|   13|          0|
    |batch1_93_reg_10798       |   64|   32|   13|          0|
    |batch1_94_reg_10804       |   64|   32|   13|          0|
    |batch1_95_reg_10810       |   64|   32|   13|          0|
    |batch1_96_reg_10816       |   64|   32|   13|          0|
    |batch1_97_reg_10822       |   64|   32|   13|          0|
    |batch1_98_reg_10828       |   64|   32|   13|          0|
    |batch1_99_reg_10834       |   64|   32|   13|          0|
    |batch1_9_reg_10294        |   64|   32|   13|          0|
    |batch1_reg_10240          |   64|   32|   13|          0|
    |nobj_2_reg_10051          |   64|   32|    5|          0|
    |nobjmask_10_reg_10138     |   64|   32|    1|          0|
    |nobjmask_11_reg_10146     |   64|   32|    1|          0|
    |nobjmask_12_reg_10154     |   64|   32|    1|          0|
    |nobjmask_13_reg_10162     |   64|   32|    1|          0|
    |nobjmask_14_reg_10170     |   64|   32|    1|          0|
    |nobjmask_15_reg_10178     |   64|   32|    1|          0|
    |nobjmask_16_reg_10186     |   64|   32|    1|          0|
    |nobjmask_17_reg_10194     |   64|   32|    1|          0|
    |nobjmask_18_reg_10202     |   64|   32|    1|          0|
    |nobjmask_19_reg_10210     |   64|   32|    1|          0|
    |nobjmask_1_reg_10066      |   64|   32|    1|          0|
    |nobjmask_20_reg_10228     |   64|   32|    1|          0|
    |nobjmask_21_reg_10234     |   64|   32|    1|          0|
    |nobjmask_2_reg_10074      |   64|   32|    1|          0|
    |nobjmask_3_reg_10082      |   64|   32|    1|          0|
    |nobjmask_4_reg_10090      |   64|   32|    1|          0|
    |nobjmask_5_reg_10098      |   64|   32|    1|          0|
    |nobjmask_6_reg_10106      |   64|   32|    1|          0|
    |nobjmask_7_reg_10114      |   64|   32|    1|          0|
    |nobjmask_8_reg_10122      |   64|   32|    1|          0|
    |nobjmask_9_reg_10130      |   64|   32|    1|          0|
    |nobjmask_reg_10058        |   64|   32|    1|          0|
    +--------------------------+-----+-----+-----+-----------+
    |Total                     |45832|16224|19703|          0|
    +--------------------------+-----+-----+-----+-----------+



================================================================
== Interface
================================================================
* Summary: 
+--------------------+-----+-----+------------+--------------+--------------+
|      RTL Ports     | Dir | Bits|  Protocol  | Source Object|    C Type    |
+--------------------+-----+-----+------------+--------------+--------------+
|ap_clk              |   in|    1|  ap_ctrl_hs|      nPELICAN|  return value|
|ap_rst              |   in|    1|  ap_ctrl_hs|      nPELICAN|  return value|
|ap_start            |   in|    1|  ap_ctrl_hs|      nPELICAN|  return value|
|ap_done             |  out|    1|  ap_ctrl_hs|      nPELICAN|  return value|
|ap_idle             |  out|    1|  ap_ctrl_hs|      nPELICAN|  return value|
|ap_ready            |  out|    1|  ap_ctrl_hs|      nPELICAN|  return value|
|model_input_ap_vld  |   in|    1|      ap_vld|   model_input|       pointer|
|model_input         |   in|  960|      ap_vld|   model_input|       pointer|
|beam_input_ap_vld   |   in|    1|      ap_vld|    beam_input|       pointer|
|beam_input          |   in|   96|      ap_vld|    beam_input|       pointer|
|nobj                |   in|    5|     ap_none|          nobj|        scalar|
|model_out           |  out|    6|      ap_vld|     model_out|       pointer|
|model_out_ap_vld    |  out|    1|      ap_vld|     model_out|       pointer|
+--------------------+-----+-----+------------+--------------+--------------+

