0 0 48 16 0 0 0 0 0 0 0 0 0 0 0 0 0 0 0 0 0 0 0 0 496 496 112 112 80 48 16 0 0 0 0 0 0 0 0 0 0 0 0 0 48 496 -48 496 496 256 160 80 32 32 16 0 0 0 0 0 0 0 0 0 0 0 16 496 496 352 16 400 400 176 160 96 16 0 0 0 0 0 0 0 0 0 0 0 0 112 496 16 -0 32 32 16 16 16 0 0 0 0 0 0 0 0 0 0 0 0 0 112 256 400 32 -0 -0 16 0 0 0 0 0 0 0 0 0 0 0 0 0 0 0 80 160 400 32 -0 -0 0 -0 0 0 0 0 0 0 0 0 0 0 0 0 0 0 48 80 176 16 16 0 0 0 0 0 0 0 0 0 0 0 0 0 0 0 0 0 16 32 160 16 0 -0 0 -0 0 0 0 0 0 0 0 0 0 0 0 0 0 0 0 32 96 16 0 0 0 0 0 0 0 0 0 0 0 0 0 0 0 0 0 0 0 16 16 0 0 0 0 0 0 0 0 0 0 0 0 0 0 0 0 0 0 0 0 0 0 0 0 0 0 0 0 0 0 0 0 0 0 0 0 0 0 0 0 0 0 0 0 0 0 0 0 0 0 0 0 0 0 0 0 0 0 0 0 0 0 0 0 0 0 0 0 0 0 0 0 0 0 0 0 0 0 0 0 0 0 0 0 0 0 0 0 0 0 0 0 0 0 0 0 0 0 0 0 0 0 0 0 0 0 0 0 0 0 0 0 0 0 0 0 0 0 0 0 0 0 0 0 0 0 0 0 0 0 0 0 0 0 0 0 0 0 0 0 0 0 0 0 0 0 0 0 0 0 0 0 0 0 0 0 0 0 0 0 0 0 0 0 0 0 0 0 0 0 0 0 0 0 0 0 0 0 0 0 0 0 0 0 0 0 0 0 0 0 0 0 0 0 0 0 0 0 0 0 0 0 0 0 0 0 0 0 0 0 0 0 0 0 0 0 0 0 0 0 0 0 0 0 0 0 0 0 0 0 0 0 0 0 0 0 0 0 0 0 0 0 0 0 0 0 0 0 0 0 0 0 0 0 0 0 0 0 0 0
0 0 448 320 32 32 16 16 16 16 16 0 0 0 0 0 0 0 0 0 0 0 0 0 112 64 0 0 0 0 0 0 0 0 0 0 0 0 0 0 0 0 0 0 448 112 48 112 16 48 48 0 48 32 160 16 16 0 0 0 0 0 0 0 0 0 320 64 112 -48 16 32 16 -0 16 0 80 16 16 0 0 0 0 0 0 0 0 0 32 0 16 16 0 0 0 0 0 0 16 0 0 0 0 0 0 0 0 0 0 0 32 0 48 32 0 0 0 0 0 0 16 0 0 0 0 0 0 0 0 0 0 0 16 0 48 16 0 0 -0 -0 -0 0 0 0 0 0 0 0 0 0 0 0 0 0 16 0 0 -0 0 0 -0 -0 -0 0 0 0 0 0 0 0 0 0 0 0 0 0 16 0 48 16 0 0 -0 -0 -0 0 0 0 0 0 0 0 0 0 0 0 0 0 16 0 32 0 0 0 0 0 0 0 0 0 0 0 0 0 0 0 0 0 0 0 16 0 160 80 16 16 0 0 0 0 0 0 0 0 0 0 0 0 0 0 0 0 0 0 16 16 0 0 0 0 0 0 0 0 0 0 0 0 0 0 0 0 0 0 0 0 16 16 0 0 0 0 0 0 0 0 0 0 0 0 0 0 0 0 0 0 0 0 0 0 0 0 0 0 0 0 0 0 0 0 0 0 0 0 0 0 0 0 0 0 0 0 0 0 0 0 0 0 0 0 0 0 0 0 0 0 0 0 0 0 0 0 0 0 0 0 0 0 0 0 0 0 0 0 0 0 0 0 0 0 0 0 0 0 0 0 0 0 0 0 0 0 0 0 0 0 0 0 0 0 0 0 0 0 0 0 0 0 0 0 0 0 0 0 0 0 0 0 0 0 0 0 0 0 0 0 0 0 0 0 0 0 0 0 0 0 0 0 0 0 0 0 0 0 0 0 0 0 0 0 0 0 0 0 0 0 0 0 0 0 0 0 0 0 0 0 0 0 0 0 0 0 0 0 0 0 0 0 0 0 0 0 0 0 0 0 0 0 0 0 0 0 0 0 0 0 0 0 0 0 0 0 0 0 0 0 0 0 0 0 0 0 0 0
0 0 304 144 64 48 32 16 0 16 16 16 0 0 0 0 0 0 0 0 0 0 0 0 128 48 32 16 0 0 0 0 0 0 0 0 0 0 0 0 0 0 0 0 304 128 240 496 48 240 192 96 224 288 48 96 16 16 112 0 0 0 0 0 0 0 144 48 496 -48 240 224 192 -0 240 224 0 80 0 16 48 0 0 0 0 0 0 0 64 32 48 240 0 64 48 16 48 64 16 16 0 0 32 0 0 0 0 0 0 0 48 16 240 224 64 16 0 16 64 16 16 0 0 0 0 0 0 0 0 0 0 0 32 0 192 192 48 0 -0 16 48 0 16 -0 0 0 0 0 0 0 0 0 0 0 16 0 96 -0 16 16 16 -0 16 16 0 16 0 0 0 0 0 0 0 0 0 0 0 0 224 240 48 64 48 16 0 32 16 16 0 0 16 0 0 0 0 0 0 0 16 0 288 224 64 16 0 16 32 0 16 0 0 0 0 0 0 0 0 0 0 0 16 0 48 0 16 16 16 0 16 16 0 0 0 0 0 0 0 0 0 0 0 0 16 0 96 80 16 0 -0 16 16 0 0 -0 0 0 0 0 0 0 0 0 0 0 0 0 16 0 0 0 0 0 0 0 0 0 0 0 0 0 0 0 0 0 0 0 0 0 16 16 0 0 0 0 0 0 0 0 0 0 0 0 0 0 0 0 0 0 0 0 112 48 32 0 0 0 16 0 0 0 0 0 -0 0 0 0 0 0 0 0 0 0 0 0 0 0 0 0 0 0 0 0 0 0 0 0 0 0 0 0 0 0 0 0 0 0 0 0 0 0 0 0 0 0 0 0 0 0 0 0 0 0 0 0 0 0 0 0 0 0 0 0 0 0 0 0 0 0 0 0 0 0 0 0 0 0 0 0 0 0 0 0 0 0 0 0 0 0 0 0 0 0 0 0 0 0 0 0 0 0 0 0 0 0 0 0 0 0 0 0 0 0 0 0 0 0 0 0 0 0 0 0 0 0 0 0 0 0 0 0 0 0 0 0 0 0 0 0 0 0 0 0 0 0 0 0 0 0 0 0 0 0 0 0 0 0 0 0 0 0 0 0 0 0
0 0 496 64 32 16 32 0 16 16 0 0 0 0 0 0 0 0 0 0 0 0 0 0 80 0 0 0 0 0 0 0 0 0 0 0 0 0 0 0 0 0 0 0 496 80 112 496 48 128 64 208 32 32 80 48 0 0 0 0 0 0 0 0 0 0 64 0 496 0 32 16 48 0 16 16 0 0 0 0 0 0 0 0 0 0 0 0 32 0 48 32 0 0 0 0 0 0 0 0 0 0 0 0 0 0 0 0 0 0 16 0 128 16 0 0 0 0 0 0 0 0 0 0 0 0 0 0 0 0 0 0 32 0 64 48 0 0 0 0 0 0 0 0 0 0 0 0 0 0 0 0 0 0 0 0 208 0 0 0 0 0 0 0 0 0 0 0 0 0 0 0 0 0 0 0 16 0 32 16 0 0 0 0 0 0 0 0 0 0 0 0 0 0 0 0 0 0 16 0 32 16 0 0 0 0 0 0 0 0 0 0 0 0 0 0 0 0 0 0 0 0 80 0 0 0 0 0 0 0 0 0 0 0 0 0 0 0 0 0 0 0 0 0 48 0 0 0 0 0 0 0 0 -0 0 0 0 0 0 0 0 0 0 0 0 0 0 0 0 0 0 0 0 0 0 0 0 0 0 0 0 0 0 0 0 0 0 0 0 0 0 0 0 0 0 0 0 0 0 0 0 0 0 0 0 0 0 0 0 0 0 0 0 0 0 0 0 0 0 0 0 0 0 0 0 0 0 0 0 0 0 0 0 0 0 0 0 0 0 0 0 0 0 0 0 0 0 0 0 0 0 0 0 0 0 0 0 0 0 0 0 0 0 0 0 0 0 0 0 0 0 0 0 0 0 0 0 0 0 0 0 0 0 0 0 0 0 0 0 0 0 0 0 0 0 0 0 0 0 0 0 0 0 0 0 0 0 0 0 0 0 0 0 0 0 0 0 0 0 0 0 0 0 0 0 0 0 0 0 0 0 0 0 0 0 0 0 0 0 0 0 0 0 0 0 0 0 0 0 0 0 0 0 0 0 0 0 0 0 0 0 0 0 0 0 0 0 0 0 0 0 0 0 0 0 0 0 0 0 0 0 0 0 0
0 0 416 352 240 112 112 112 64 80 64 48 48 48 64 32 16 16 16 16 16 0 0 0 16 16 16 16 16 16 16 0 0 0 0 0 0 0 0 0 0 0 0 0 416 16 -400 -224 -112 144 32 32 176 -32 48 80 32 64 -32 0 16 16 16 16 0 -0 352 16 -224 -96 -32 176 80 64 176 -0 80 96 48 64 -16 16 16 16 32 16 0 -0 240 16 -112 -32 -0 112 48 48 112 0 48 48 32 48 -0 16 16 16 16 16 0 -0 112 16 144 176 112 16 0 16 0 32 0 16 0 0 32 0 0 -0 0 0 0 -0 112 16 32 80 48 0 -0 -0 16 16 0 16 0 0 16 -0 0 -0 0 -0 0 -0 112 16 32 64 48 16 -0 -0 16 16 0 16 0 0 16 0 0 -0 0 0 -0 -0 64 16 176 176 112 0 16 16 0 32 0 16 0 0 32 0 0 0 0 0 0 0 80 0 -32 -0 0 32 16 16 32 0 16 16 16 16 -0 0 0 0 0 0 0 -0 64 0 48 80 48 0 0 0 0 16 0 0 0 0 16 0 0 0 0 0 -0 -0 48 0 80 96 48 16 16 16 16 16 0 0 0 0 16 0 0 0 0 0 -0 -0 48 0 32 48 32 0 0 0 0 16 0 0 0 0 16 0 0 -0 0 0 0 -0 48 0 64 64 48 0 0 0 0 16 0 0 0 0 16 0 0 0 0 0 0 -0 64 0 -32 -16 -0 32 16 16 32 -0 16 16 16 16 -0 0 0 0 0 0 0 -0 32 0 0 16 16 0 -0 0 0 0 0 0 0 0 0 0 0 0 0 0 0 -0 16 0 16 16 16 0 0 0 0 0 0 0 0 0 0 0 0 0 0 0 0 -0 16 0 16 16 16 -0 -0 -0 0 0 0 0 -0 0 0 0 0 -0 0 0 -0 -0 16 0 16 32 16 0 0 0 0 0 0 0 0 0 0 0 0 0 0 0 -0 -0 16 0 16 16 16 0 -0 0 0 0 0 0 0 0 0 0 0 0 0 0 0 -0 16 0 0 0 0 0 0 -0 0 0 -0 -0 0 0 0 0 0 -0 -0 0 -0 -0 0 0 -0 -0 -0 -0 -0 -0 0 -0 -0 -0 -0 -0 -0 -0 -0 -0 -0 -0 -0 -0
0 0 496 240 192 160 176 176 128 80 80 32 32 32 16 16 16 16 0 0 0 0 0 0 48 16 0 16 0 0 0 0 0 0 0 0 0 0 0 0 0 0 0 0 496 48 256 496 496 496 496 496 400 496 320 -0 32 320 48 96 0 64 48 112 16 0 240 16 496 48 16 160 16 16 0 112 16 64 80 16 32 16 0 0 0 16 0 0 192 0 496 16 -16 112 -0 -0 -16 80 -0 48 48 16 16 16 0 0 0 16 0 0 160 16 496 160 112 -0 112 96 96 0 48 112 112 0 32 0 16 0 0 0 16 0 176 0 496 16 -0 112 0 0 -0 80 0 32 48 16 16 16 0 0 0 16 0 0 176 0 496 16 -0 96 0 -0 -0 64 0 48 64 16 16 16 0 0 0 16 0 0 128 0 400 0 -16 96 -0 -0 -16 64 -0 16 32 16 16 16 0 0 0 0 0 0 80 0 496 112 80 0 80 64 64 -0 32 64 64 0 16 0 16 0 0 0 0 0 80 0 320 16 -0 48 0 0 -0 32 0 16 16 0 0 0 0 0 0 0 0 0 32 0 -0 64 48 112 32 48 16 64 16 -0 0 16 0 0 -0 0 0 0 0 0 32 0 32 80 48 112 48 64 32 64 16 0 0 16 0 0 0 0 0 0 0 0 32 0 320 16 16 0 16 16 16 0 0 16 16 -0 0 0 0 0 0 0 0 0 16 0 48 32 16 32 16 16 16 16 0 0 0 0 -0 0 0 0 0 0 0 0 16 0 96 16 16 0 16 16 16 0 0 0 0 0 0 0 0 0 0 0 0 0 16 0 0 0 0 16 0 0 0 16 0 -0 0 0 0 0 -0 0 0 0 0 0 16 0 64 0 0 0 0 0 0 0 0 0 0 0 0 0 0 0 0 0 0 0 0 0 48 0 0 0 0 0 0 0 0 0 0 0 0 0 0 0 0 0 0 0 0 0 112 16 16 0 16 16 0 0 0 0 0 0 0 0 0 0 0 -0 0 0 0 0 16 0 0 16 0 0 0 0 0 0 0 0 0 0 0 0 0 0 0 0 0 0 0 0 0 0 0 0 0 0 0 0 0 0 0 0 0 0 0 0 0 0
0 0 224 112 64 48 32 16 16 16 16 16 16 0 0 0 0 0 0 0 0 0 0 0 256 128 64 48 32 32 32 16 16 16 16 16 16 0 0 0 0 0 0 0 224 256 -240 256 176 96 416 496 480 160 496 496 0 128 144 -0 256 192 96 144 16 80 112 128 256 -0 0 0 416 496 416 16 496 432 32 112 128 0 96 144 80 80 16 32 64 64 176 0 0 0 224 352 240 16 320 240 16 64 64 0 48 80 48 48 0 16 48 48 96 0 0 0 160 256 160 16 224 176 16 48 48 0 32 64 32 32 0 16 32 32 416 416 224 160 16 16 16 96 32 16 16 0 16 16 48 0 0 16 16 16 16 32 496 496 352 256 16 -0 16 128 0 -0 32 0 16 16 64 0 0 16 16 32 16 32 480 416 240 160 16 16 0 96 16 16 16 0 0 16 48 0 0 0 16 16 16 16 160 16 16 16 96 128 96 -0 112 96 16 32 32 0 16 32 16 16 0 0 16 16 496 496 320 224 32 0 16 112 0 0 32 0 0 16 48 0 0 16 16 16 16 16 496 432 240 176 16 -0 16 96 0 -0 32 0 16 16 48 0 0 16 0 16 16 16 0 32 16 16 16 32 16 16 32 32 0 0 0 0 16 16 0 0 0 0 0 16 128 112 64 48 0 0 0 32 0 0 0 0 0 0 16 0 0 0 0 0 0 16 144 128 64 48 16 16 0 32 0 16 0 0 0 0 16 0 0 0 0 0 0 0 -0 0 0 0 16 16 16 0 16 16 0 0 0 -0 0 0 0 0 0 0 0 0 256 96 48 32 48 64 48 16 48 48 16 16 16 0 0 16 16 0 0 0 0 0 192 144 80 64 0 0 0 32 0 0 16 0 0 0 16 -0 0 0 0 0 0 0 96 80 48 32 0 0 0 16 0 0 0 0 0 0 16 0 0 0 0 0 0 0 144 80 48 32 16 16 0 16 16 16 0 0 0 0 0 0 0 0 0 0 0 0 16 16 0 0 16 16 16 0 16 0 0 0 0 0 0 0 0 0 0 0 0 0 80 32 16 16 16 32 16 0 16 16 0 0 0 0 0 0 0 0 0 -0
0 0 320 64 64 48 16 16 0 0 0 0 0 0 0 0 0 0 0 0 0 0 0 0 272 80 64 32 16 0 0 0 0 0 0 0 0 0 0 0 0 0 0 0 320 272 -208 496 496 496 144 48 32 96 0 0 0 0 0 0 0 0 0 0 0 0 64 80 496 16 64 48 32 80 32 32 0 0 0 0 0 0 0 0 0 0 0 0 64 64 496 64 -16 0 0 48 16 16 0 0 0 0 0 0 0 0 0 0 0 0 48 32 496 48 0 0 0 32 16 16 0 0 0 0 0 0 0 0 0 0 0 0 16 16 144 32 0 0 0 0 0 0 0 0 0 0 0 0 0 0 0 0 0 0 16 0 48 80 48 32 0 -0 -0 0 0 0 0 0 0 0 0 0 0 0 0 0 0 0 32 32 16 16 0 -0 -0 0 0 0 0 0 0 0 0 0 0 0 0 0 0 0 96 32 16 16 0 0 0 -0 0 0 0 0 0 0 0 0 0 0 0 0 0 0 0 0 0 0 0 0 0 0 0 0 0 0 0 0 0 0 0 0 0 0 0 0 0 0 0 0 0 0 0 0 0 0 0 0 0 0 0 0 0 0 0 0 0 0 0 0 0 0 0 0 0 0 0 0 0 0 0 0 0 0 0 0 0 0 0 0 0 0 0 0 0 0 0 0 0 0 0 0 0 0 0 0 0 0 0 0 0 0 0 0 0 0 0 0 0 0 0 0 0 0 0 0 0 0 0 0 0 0 0 0 0 0 0 0 0 0 0 0 0 0 0 0 0 0 0 0 0 0 0 0 0 0 0 0 0 0 0 0 0 0 0 0 0 0 0 0 0 0 0 0 0 0 0 0 0 0 0 0 0 0 0 0 0 0 0 0 0 0 0 0 0 0 0 0 0 0 0 0 0 0 0 0 0 0 0 0 0 0 0 0 0 0 0 0 0 0 0 0 0 0 0 0 0 0 0 0 0 0 0 0 0 0 0 0 0 0 0 0 0 0 0 0 0 0 0 0 0 0 0 0 0 0 0 0 0 0 0 0 0 0 0 0 0 0 0 0 0 0 0 0 0 0 0 0 0 0 0 0 0 0 0 0
0 0 128 96 48 32 32 16 16 16 16 16 16 0 0 0 0 0 0 0 0 0 0 0 96 64 32 16 16 16 16 0 0 0 0 0 0 0 0 0 0 0 0 0 128 96 112 496 448 384 384 128 192 16 80 32 176 0 48 0 32 0 32 0 0 0 96 64 496 -64 -16 -16 -16 -0 -0 48 0 64 0 48 0 16 0 16 32 0 0 0 48 32 448 -16 -16 -0 -0 0 -0 16 0 32 0 16 0 0 0 0 16 0 0 0 32 16 384 -16 -0 0 0 0 -0 16 0 32 0 16 0 0 0 0 16 0 0 0 32 16 384 -16 -0 0 -0 0 -0 16 0 32 0 16 0 0 0 0 16 0 0 0 16 16 128 -0 0 0 0 0 0 0 0 16 0 0 0 0 0 0 0 0 0 0 16 16 192 -0 -0 -0 -0 0 -0 16 0 16 -0 16 0 0 0 0 0 0 0 0 16 0 16 48 16 16 16 0 16 0 0 0 16 0 0 0 0 0 0 0 0 0 16 0 80 0 0 0 0 0 0 0 0 0 0 0 0 0 0 0 0 0 0 0 16 0 32 64 32 32 32 16 16 0 0 0 16 0 0 0 0 0 0 0 0 0 16 0 176 0 0 0 0 0 -0 16 0 16 -0 16 0 0 0 0 0 0 0 0 0 0 0 48 16 16 16 0 16 0 0 0 16 -0 0 0 0 -0 0 0 0 0 0 0 48 0 0 0 0 0 0 0 0 0 0 0 0 0 0 0 0 0 0 0 0 0 0 16 0 0 0 0 0 0 0 0 0 0 0 0 0 0 0 0 0 0 0 0 32 0 0 0 0 0 0 0 0 0 0 0 0 0 0 0 0 0 0 0 0 0 0 16 0 0 0 0 0 0 0 0 0 -0 0 0 0 -0 0 0 0 0 0 0 32 32 16 16 16 0 0 0 0 0 0 0 0 0 0 0 -0 0 0 0 0 0 0 0 0 0 0 0 0 0 0 0 0 0 0 0 0 0 0 0 0 0 0 0 0 0 0 0 0 0 0 0 0 0 0 0 0 0 0 0 0 0 0 0 0 0 0 0 0 0 0 0 0 0 0 0 0 0 0 0 0 0 0 0 0 0
0 0 160 64 32 32 16 16 0 0 0 0 0 0 0 0 0 0 0 0 0 0 0 0 352 144 64 32 48 16 0 0 0 0 0 0 0 0 0 0 0 0 0 0 160 352 208 48 -0 496 16 496 80 80 16 0 0 0 0 0 0 0 0 0 0 0 64 144 48 0 -16 496 0 272 32 32 0 0 0 0 0 0 0 0 0 0 0 0 32 64 -0 -16 -16 208 -0 112 16 16 0 0 0 0 0 0 0 0 0 0 0 0 32 32 496 496 208 -0 128 0 0 0 16 0 0 0 0 0 0 0 0 0 0 0 16 48 16 0 -0 128 -0 64 0 16 0 0 0 0 0 0 0 0 0 0 0 0 16 16 496 272 112 0 64 0 0 0 0 0 0 0 0 0 0 0 0 0 0 0 0 0 80 32 16 0 0 0 -0 0 0 0 0 0 0 0 0 0 0 0 0 0 0 0 80 32 16 0 16 0 0 -0 0 0 0 0 0 0 0 0 0 0 0 0 0 0 16 0 0 16 0 0 0 0 0 0 0 0 0 0 0 0 0 0 0 0 0 0 0 0 0 0 0 0 0 0 0 0 0 0 0 0 0 0 0 0 0 0 0 0 0 0 0 0 0 0 0 0 0 0 0 0 0 0 0 0 0 0 0 0 0 0 0 0 0 0 0 0 0 0 0 0 0 0 0 0 0 0 0 0 0 0 0 0 0 0 0 0 0 0 0 0 0 0 0 0 0 0 0 0 0 0 0 0 0 0 0 0 0 0 0 0 0 0 0 0 0 0 0 0 0 0 0 0 0 0 0 0 0 0 0 0 0 0 0 0 0 0 0 0 0 0 0 0 0 0 0 0 0 0 0 0 0 0 0 0 0 0 0 0 0 0 0 0 0 0 0 0 0 0 0 0 0 0 0 0 0 0 0 0 0 0 0 0 0 0 0 0 0 0 0 0 0 0 0 0 0 0 0 0 0 0 0 0 0 0 0 0 0 0 0 0 0 0 0 0 0 0 0 0 0 0 0 0 0 0 0 0 0 0 0 0 0 0 0 0 0 0 0 0 0 0 0 0 0 0 0 0 0 0 0 0 0 0 0 0 0 0
0 0 272 80 16 0 0 0 0 0 0 0 0 0 0 0 0 0 0 0 0 0 0 0 224 160 16 16 0 0 0 0 0 0 0 0 0 0 0 0 0 0 0 0 272 224 -32 496 112 32 96 160 112 32 16 16 0 0 0 0 0 0 0 0 0 0 80 160 496 -32 -0 48 16 64 -16 16 16 0 0 0 0 0 0 0 0 0 0 0 16 16 112 -0 -0 0 0 0 -0 0 0 0 0 0 0 0 0 0 0 0 0 0 0 16 32 48 0 0 0 0 0 0 0 0 0 0 0 0 0 0 0 0 0 0 0 0 96 16 0 0 -0 0 0 0 0 0 0 0 0 0 0 0 0 0 0 0 0 0 160 64 0 0 0 0 0 0 0 0 0 0 0 0 0 0 0 0 0 0 0 0 112 -16 -0 0 0 0 -0 0 0 0 0 0 0 0 0 0 0 0 0 0 0 0 32 16 0 0 0 0 0 0 0 0 0 0 0 0 0 0 0 0 0 0 0 0 16 16 0 0 0 0 0 0 0 0 0 0 0 0 0 0 0 0 0 0 0 0 16 0 0 0 0 0 0 0 0 -0 0 0 0 0 0 0 0 0 0 0 0 0 0 0 0 0 0 0 0 0 0 0 0 0 0 0 0 0 0 0 0 0 0 0 0 0 0 0 0 0 0 0 0 0 0 0 0 0 0 0 0 0 0 0 0 0 0 0 0 0 0 0 0 0 0 0 0 0 0 0 0 0 0 0 0 0 0 0 0 0 0 0 0 0 0 0 0 0 0 0 0 0 0 0 0 0 0 0 0 0 0 0 0 0 0 0 0 0 0 0 0 0 0 0 0 0 0 0 0 0 0 0 0 0 0 0 0 0 0 0 0 0 0 0 0 0 0 0 0 0 0 0 0 0 0 0 0 0 0 0 0 0 0 0 0 0 0 0 0 0 0 0 0 0 0 0 0 0 0 0 0 0 0 0 0 0 0 0 0 0 0 0 0 0 0 0 0 0 0 0 0 0 0 0 0 0 0 0 0 0 0 0 0 0 0 0 0 0 0 0 0 0 0 0 0 0 0 0 0 0 0 0 0 0 0 0 0 0 0 0
0 0 32 48 16 0 0 0 0 0 0 0 0 0 0 0 0 0 0 0 0 0 0 0 464 320 272 48 32 16 32 16 16 16 16 0 0 16 16 0 0 0 0 0 32 464 -48 496 -48 176 320 240 208 48 -0 80 80 112 32 96 48 32 16 0 0 0 48 320 496 -80 496 144 176 80 304 -0 64 112 112 16 0 128 48 16 0 0 0 0 16 272 -48 496 -32 96 176 144 112 32 -0 48 48 64 16 48 32 16 0 0 0 0 0 48 176 144 96 0 0 32 16 0 16 0 0 0 0 0 0 0 0 0 0 0 0 32 320 176 176 0 0 32 16 16 16 0 0 0 0 0 0 0 0 0 0 0 0 16 240 80 144 32 32 0 32 0 16 16 16 0 0 16 16 0 0 0 0 0 0 32 208 304 112 16 16 32 -0 16 16 -0 0 16 16 -0 0 0 0 0 0 0 0 16 48 -0 32 0 16 0 16 -0 0 0 0 0 -0 0 0 0 0 0 0 0 0 16 -0 64 -0 16 16 16 16 0 -0 0 0 0 0 0 0 0 0 0 0 0 0 16 80 112 48 0 0 16 -0 0 0 -0 0 0 0 0 -0 0 0 0 0 0 0 16 80 112 48 0 0 16 0 0 0 0 0 0 0 0 0 0 0 0 0 0 0 0 112 16 64 0 0 0 16 0 0 0 0 -0 0 0 0 0 0 0 0 0 0 0 32 0 16 0 0 0 16 -0 0 0 0 0 -0 0 0 0 0 0 0 0 0 16 96 128 48 0 0 16 -0 0 0 0 0 0 0 0 0 0 0 0 0 0 0 16 48 48 32 0 0 16 0 0 0 -0 0 0 0 0 -0 0 0 0 0 0 0 0 32 16 16 0 0 0 0 0 0 0 0 0 0 0 0 0 0 0 0 0 0 0 16 0 0 0 0 0 0 0 0 0 0 0 0 0 0 0 0 0 0 0 0 0 0 0 0 0 0 0 0 0 0 0 0 0 0 0 0 0 0 0 0 0 0 0 0 0 0 0 0 0 0 0 0 0 0 0 0 0 0 0 0 0 0 0 0 0 0 0 0 0 0 0 0 0 0 0 0 0 0 0 0 0 0 0 0 0
0 0 272 256 224 96 48 32 32 16 16 0 0 0 0 0 0 0 0 0 0 0 0 0 16 0 0 0 0 0 0 0 0 0 0 0 0 0 0 0 0 0 0 0 272 16 -0 -0 0 0 0 16 32 -0 -0 16 0 0 0 0 0 0 0 0 0 0 256 0 -0 -48 -16 -0 -0 32 16 -0 -0 16 0 0 0 0 0 0 0 0 0 0 224 0 0 -16 -0 -0 0 32 16 -0 -0 0 0 0 0 0 0 0 0 0 0 0 96 0 0 -0 -0 0 0 16 0 -0 -0 0 0 0 0 0 0 0 0 0 0 0 48 0 0 -0 0 0 -0 0 0 -0 -0 0 0 0 0 0 0 0 0 0 0 0 32 0 16 32 32 16 0 0 16 0 0 0 0 0 0 0 0 0 0 0 0 0 32 0 32 16 16 0 0 16 0 0 -0 0 0 0 0 0 0 0 0 0 0 0 16 0 -0 -0 -0 -0 -0 0 0 -0 -0 0 0 0 0 0 0 0 0 0 0 0 16 0 -0 -0 -0 -0 -0 0 -0 -0 -0 0 0 0 0 0 0 0 0 0 0 0 0 0 16 16 0 0 0 0 0 0 0 -0 0 0 0 0 0 0 0 0 0 0 0 0 0 0 0 0 0 0 0 0 0 0 -0 0 0 0 0 0 0 0 0 0 0 0 0 0 0 0 0 0 0 0 0 0 0 0 0 0 0 0 0 0 0 0 0 0 0 0 0 0 0 0 0 0 0 0 0 0 0 0 0 0 0 0 0 0 0 0 0 0 0 0 0 0 0 0 0 0 0 0 0 0 0 0 0 0 0 0 0 0 0 0 0 0 0 0 0 0 0 0 0 0 0 0 0 0 0 0 0 0 0 0 0 0 0 0 0 0 0 0 0 0 0 0 0 0 0 0 0 0 0 0 0 0 0 0 0 0 0 0 0 0 0 0 0 0 0 0 0 0 0 0 0 0 0 0 0 0 0 0 0 0 0 0 0 0 0 0 0 0 0 0 0 0 0 0 0 0 0 0 0 0 0 0 0 0 0 0 0 0 0 0 0 0 0 0 0 0 0 0 0 0 0 0 0 0 0 0 0 0 0 0 0 0 0 0 0 0 0 0
0 0 48 32 16 0 0 0 0 0 0 0 0 0 0 0 0 0 0 0 0 0 0 0 496 400 176 96 64 48 32 16 16 16 16 0 0 0 0 0 0 0 0 0 48 496 -96 496 -16 64 48 0 16 96 48 -0 -0 0 0 0 0 0 0 0 0 0 32 400 496 -16 464 320 160 80 48 16 48 48 16 0 0 0 0 0 0 0 0 0 16 176 -16 464 0 16 16 0 0 32 16 0 -0 0 0 0 0 0 0 0 0 0 0 96 64 320 16 16 0 0 0 16 0 0 -0 0 0 0 0 0 0 0 0 0 0 64 48 160 16 0 0 0 0 0 0 0 -0 0 0 0 0 0 0 0 0 0 0 48 0 80 0 0 0 -0 0 0 0 0 -0 0 0 0 0 0 0 0 0 0 0 32 16 48 0 0 0 0 0 0 0 0 -0 0 0 0 0 0 0 0 0 0 0 16 96 16 32 16 0 0 0 0 0 0 0 0 0 0 0 0 0 0 0 0 0 16 48 48 16 0 0 0 0 0 0 0 0 0 0 0 0 0 0 0 0 0 0 16 -0 48 0 0 0 0 0 0 0 -0 -0 0 0 0 0 0 0 0 0 0 0 16 -0 16 -0 -0 -0 -0 -0 0 0 -0 -0 0 0 0 0 0 0 0 0 0 0 0 0 0 0 0 0 0 0 0 0 0 0 0 0 0 0 0 0 0 0 0 0 0 0 0 0 0 0 0 0 0 0 0 0 0 0 0 0 0 0 0 0 0 0 0 0 0 0 0 0 0 0 0 0 0 0 0 0 0 0 0 0 0 0 0 0 0 0 0 0 0 0 0 0 0 0 0 0 0 0 0 0 0 0 0 0 0 0 0 0 0 0 0 0 0 0 0 0 0 0 0 0 0 0 0 0 0 0 0 0 0 0 0 0 0 0 0 0 0 0 0 0 0 0 0 0 0 0 0 0 0 0 0 0 0 0 0 0 0 0 0 0 0 0 0 0 0 0 0 0 0 0 0 0 0 0 0 0 0 0 0 0 0 0 0 0 0 0 0 0 0 0 0 0 0 0 0 0 0 0 0 0 0 0 0 0 0 0 0 0 0 0 0 0 0 0 0
0 0 32 0 0 0 16 0 0 0 0 0 0 0 0 0 0 0 0 0 0 0 0 0 496 144 112 96 48 64 80 80 48 32 16 16 16 16 16 16 0 0 0 0 32 496 -432 400 240 496 496 496 -0 192 112 16 224 0 32 32 -0 16 16 32 0 0 0 144 400 16 0 32 256 48 64 96 0 32 48 0 0 0 16 16 0 0 0 0 0 112 240 0 0 16 160 32 48 80 0 16 32 0 0 0 0 16 0 0 0 0 0 96 496 32 16 -0 176 0 96 112 16 48 32 16 0 0 16 16 0 0 0 0 16 48 496 256 160 176 -0 144 112 208 96 64 0 16 16 16 16 32 0 0 0 0 0 64 496 48 32 0 144 0 96 128 32 48 16 16 0 0 16 32 0 0 0 0 0 80 -0 64 48 96 112 96 0 32 16 0 32 0 0 0 -0 0 0 0 0 0 0 80 192 96 80 112 208 128 32 -0 16 0 48 16 16 16 0 -0 0 0 0 0 0 48 112 0 0 16 96 32 16 16 0 16 16 0 0 0 0 0 0 0 0 0 0 32 16 32 16 48 64 48 0 0 16 0 16 0 0 0 0 0 0 0 0 0 0 16 224 48 32 32 0 16 32 48 16 16 -0 0 0 0 0 0 0 0 0 0 0 16 0 0 0 16 16 16 0 16 0 0 0 -0 0 0 0 0 0 0 0 0 0 16 32 0 0 0 16 0 0 16 0 0 0 0 0 0 0 0 0 0 0 0 0 16 32 0 0 0 16 0 0 16 0 0 0 0 0 -0 0 0 0 0 0 0 0 16 -0 16 0 16 16 16 -0 0 0 0 0 0 0 0 -0 0 0 0 0 0 0 16 16 16 16 16 32 32 0 -0 0 0 0 0 0 0 0 -0 0 0 0 0 0 0 16 0 0 0 0 0 0 0 0 0 0 0 0 0 0 0 0 0 0 0 0 0 32 0 0 0 0 0 0 0 0 0 0 0 0 0 0 0 0 0 0 0 0 0 0 0 0 0 0 0 0 0 0 0 0 0 0 0 0 0 0 0 0 0 0 0 0 0 0 0 0 0 0 0 0 0 0 0 0 0 0 0 0 0 0 0
0 0 80 64 0 0 0 0 0 0 0 0 0 0 0 0 0 0 0 0 0 0 0 0 496 480 48 16 16 0 0 0 0 0 0 0 0 0 0 0 0 0 0 0 80 496 -304 496 -0 32 64 -0 0 0 0 0 0 0 0 0 0 0 0 0 0 0 64 480 496 160 160 64 -16 16 0 0 0 0 0 0 0 0 0 0 0 0 0 0 0 48 -0 160 0 0 0 -0 0 0 0 0 0 0 0 0 0 0 0 0 0 0 0 16 32 64 0 0 0 0 0 0 0 0 0 0 0 0 0 0 0 0 0 0 0 16 64 -16 0 0 -0 0 0 0 0 0 0 0 0 0 0 0 0 0 0 0 0 0 -0 16 -0 0 0 -0 0 0 0 0 0 0 0 0 0 0 0 0 0 0 0 0 0 0 0 0 0 0 0 0 0 0 0 0 0 0 0 0 0 0 0 0 0 0 0 0 0 0 0 0 0 0 0 0 0 0 0 0 0 0 0 0 0 0 0 0 0 0 0 0 0 0 0 0 0 0 0 0 0 0 0 0 0 0 0 0 0 0 0 0 0 0 0 0 0 0 0 0 0 0 0 0 0 0 0 0 0 0 0 0 0 0 0 0 0 0 0 0 0 0 0 0 0 0 0 0 0 0 0 0 0 0 0 0 0 0 0 0 0 0 0 0 0 0 0 0 0 0 0 0 0 0 0 0 0 0 0 0 0 0 0 0 0 0 0 0 0 0 0 0 0 0 0 0 0 0 0 0 0 0 0 0 0 0 0 0 0 0 0 0 0 0 0 0 0 0 0 0 0 0 0 0 0 0 0 0 0 0 0 0 0 0 0 0 0 0 0 0 0 0 0 0 0 0 0 0 0 0 0 0 0 0 0 0 0 0 0 0 0 0 0 0 0 0 0 0 0 0 0 0 0 0 0 0 0 0 0 0 0 0 0 0 0 0 0 0 0 0 0 0 0 0 0 0 0 0 0 0 0 0 0 0 0 0 0 0 0 0 0 0 0 0 0 0 0 0 0 0 0 0 0 0 0 0 0 0 0 0 0 0 0 0 0 0 0 0 0 0 0 0 0 0 0 0 0 0 0 0
0 0 112 128 16 0 0 0 0 0 0 0 0 0 0 0 0 0 0 0 0 0 0 0 336 224 48 16 0 0 0 0 0 0 0 0 0 0 0 0 0 0 0 0 112 336 -32 496 -16 48 32 0 0 0 0 0 0 0 0 0 0 0 0 0 0 0 128 224 496 96 256 224 -0 0 0 0 0 0 0 0 0 0 0 0 0 0 0 0 16 48 -16 256 -0 0 0 0 0 0 0 0 0 0 0 0 0 0 0 0 0 0 0 16 48 224 0 0 0 0 0 0 0 0 0 0 0 0 0 0 0 0 0 0 0 0 32 -0 0 0 -0 0 0 0 0 0 0 0 0 0 0 0 0 0 0 0 0 0 0 0 0 0 0 0 0 0 0 0 0 0 0 0 0 0 0 0 0 0 0 0 0 0 0 0 0 0 0 0 0 0 0 0 0 0 0 0 0 0 0 0 0 0 0 0 0 0 0 0 0 0 0 0 0 0 0 0 0 0 0 0 0 0 0 0 0 0 0 0 0 0 0 0 0 0 0 0 0 0 0 0 0 0 0 0 0 0 0 0 0 0 0 0 0 0 0 0 0 0 0 0 0 0 0 0 0 0 0 0 0 0 0 0 0 0 0 0 0 0 0 0 0 0 0 0 0 0 0 0 0 0 0 0 0 0 0 0 0 0 0 0 0 0 0 0 0 0 0 0 0 0 0 0 0 0 0 0 0 0 0 0 0 0 0 0 0 0 0 0 0 0 0 0 0 0 0 0 0 0 0 0 0 0 0 0 0 0 0 0 0 0 0 0 0 0 0 0 0 0 0 0 0 0 0 0 0 0 0 0 0 0 0 0 0 0 0 0 0 0 0 0 0 0 0 0 0 0 0 0 0 0 0 0 0 0 0 0 0 0 0 0 0 0 0 0 0 0 0 0 0 0 0 0 0 0 0 0 0 0 0 0 0 0 0 0 0 0 0 0 0 0 0 0 0 0 0 0 0 0 0 0 0 0 0 0 0 0 0 0 0 0 0 0 0 0 0 0 0 0 0 0 0 0 0 0 0 0 0 0 0 0 0 0 0 0 0 0 0 0 0 0 0 0 0 0 0 0
0 0 128 80 32 32 16 16 16 16 0 0 0 0 0 0 0 0 0 0 0 0 0 0 208 32 16 16 16 16 0 0 0 0 0 0 0 0 0 0 0 0 0 0 128 208 -16 496 496 496 416 64 400 496 96 256 304 144 80 96 128 0 176 144 128 64 80 32 496 16 128 -0 80 80 48 64 32 16 16 16 32 0 48 16 0 16 32 0 32 16 496 128 -0 48 -0 16 -0 16 0 0 32 0 0 0 0 0 0 0 0 0 32 16 496 -0 48 -16 32 32 16 16 16 0 16 0 16 0 16 16 0 0 16 0 16 16 416 80 -0 32 -0 0 -0 16 0 0 16 0 -0 0 0 0 0 0 0 0 16 16 64 80 16 32 0 -0 0 16 0 0 16 0 0 0 0 0 0 0 0 0 16 0 400 48 -0 16 -0 0 -0 0 0 -0 16 -0 0 0 0 0 0 0 0 0 16 0 496 64 16 16 16 16 0 0 0 0 16 0 0 0 0 0 0 0 0 0 0 0 96 32 0 16 0 0 0 0 -0 0 0 0 0 0 0 0 0 0 0 0 0 0 256 16 0 0 0 0 -0 0 0 -0 0 0 0 0 0 0 0 0 0 0 0 0 304 16 32 16 16 16 16 16 0 0 0 0 0 0 16 0 0 0 0 0 0 0 144 16 0 0 0 0 -0 0 0 0 0 0 0 0 0 0 0 0 0 0 0 0 80 32 0 16 -0 0 0 0 0 0 0 0 -0 0 0 0 0 0 0 0 0 0 96 0 0 0 0 0 0 0 0 0 0 0 0 0 0 0 0 0 0 0 0 0 128 48 0 16 0 0 0 0 0 0 16 0 0 0 0 0 0 0 0 0 0 0 0 16 0 16 0 0 0 0 0 0 0 0 0 0 0 0 0 0 0 0 0 0 176 0 0 0 0 0 0 0 0 0 0 0 0 0 0 0 -0 0 0 0 0 0 144 16 0 0 0 0 0 0 0 0 0 0 0 0 0 0 0 0 0 0 0 0 128 32 0 16 0 0 0 0 0 0 0 0 0 0 0 0 0 0 0 0 0 0 64 0 0 0 0 0 0 0 0 0 0 0 0 0 0 0 0 0 0 0
0 0 176 80 64 32 32 16 32 16 16 16 16 16 16 16 16 0 0 0 0 0 0 0 144 48 32 32 16 16 16 16 16 16 16 16 16 0 0 0 0 0 0 0 176 144 80 192 496 0 496 128 496 496 496 480 48 48 448 352 336 304 144 16 64 80 80 48 192 0 496 48 288 80 128 240 256 160 0 48 144 112 112 96 32 16 16 48 64 32 496 496 16 464 16 176 64 16 0 16 128 160 0 0 0 0 32 48 0 80 32 32 0 48 464 -0 192 32 128 144 176 96 16 0 96 80 80 64 32 0 16 16 32 16 496 288 16 192 0 64 32 0 0 0 48 64 0 0 0 0 16 16 0 32 16 16 128 80 176 32 64 -0 80 48 64 32 16 0 32 32 32 16 16 0 0 0 32 16 496 128 64 128 32 80 0 48 32 32 32 64 16 16 16 16 0 16 0 32 16 16 496 240 16 144 0 48 48 0 0 0 48 48 0 0 0 0 16 16 0 16 16 16 496 256 0 176 0 64 32 0 0 0 48 64 0 0 -0 0 16 16 0 32 16 16 480 160 16 96 0 32 32 0 0 0 32 32 0 0 0 0 16 16 0 16 16 16 48 0 128 16 48 16 32 48 48 32 0 16 32 16 16 16 0 0 0 16 16 16 48 48 160 0 64 0 64 48 64 32 16 0 32 32 32 16 16 0 0 0 16 16 448 144 0 96 0 32 16 0 0 0 32 32 -0 0 -0 0 0 16 0 16 16 0 352 112 0 80 0 32 16 0 0 0 16 32 0 -0 -0 0 0 16 0 16 16 0 336 112 0 80 0 32 16 0 -0 0 16 32 -0 -0 -0 -0 0 0 0 16 0 0 304 96 0 64 0 16 16 0 0 0 16 16 0 0 -0 0 0 0 0 16 0 0 144 32 32 32 16 16 0 16 16 16 0 16 0 0 0 0 0 0 0 16 0 0 16 16 48 0 16 0 16 16 16 16 0 0 16 16 0 0 0 0 0 0 0 0 64 16 0 16 0 0 0 0 0 0 0 0 0 0 0 0 0 0 0 0 0 0 80 48 80 16 32 0 32 16 32 16 16 0 16 16 16 16 16 0 0 0
0 0 64 16 16 0 0 0 0 0 0 0 0 0 0 0 0 0 0 0 0 0 0 0 496 496 96 80 80 32 32 48 16 0 0 0 0 0 0 0 0 0 0 0 64 496 -368 496 496 0 400 496 352 368 384 0 0 0 0 0 0 0 0 0 0 0 16 496 496 144 496 496 0 448 288 -0 240 0 0 0 0 0 0 0 0 0 0 0 16 96 496 496 -0 144 128 0 0 96 0 0 0 0 0 0 0 0 0 0 0 0 0 80 0 496 144 -0 48 64 48 48 48 0 0 0 0 0 0 0 0 0 0 0 0 80 400 0 128 48 -0 48 32 -0 32 0 0 0 0 0 0 0 0 0 0 0 0 32 496 448 0 64 48 -0 0 32 0 0 0 0 0 0 0 0 0 0 0 0 0 32 352 288 0 48 32 0 0 16 0 0 0 0 0 0 0 0 0 0 0 0 0 48 368 -0 96 48 -0 32 16 -0 16 0 0 0 0 0 0 0 0 0 0 0 0 16 384 240 0 48 32 0 0 16 0 0 0 0 0 0 0 0 0 0 0 0 0 0 0 0 0 0 0 0 0 0 0 0 0 0 0 0 0 0 0 0 0 0 0 0 0 0 0 0 0 0 0 0 0 0 0 0 0 0 0 0 0 0 0 0 0 0 0 0 0 0 0 0 0 0 0 0 0 0 0 0 0 0 0 0 0 0 0 0 0 0 0 0 0 0 0 0 0 0 0 0 0 0 0 0 0 0 0 0 0 0 0 0 0 0 0 0 0 0 0 0 0 0 0 0 0 0 0 0 0 0 0 0 0 0 0 0 0 0 0 0 0 0 0 0 0 0 0 0 0 0 0 0 0 0 0 0 0 0 0 0 0 0 0 0 0 0 0 0 0 0 0 0 0 0 0 0 0 0 0 0 0 0 0 0 0 0 0 0 0 0 0 0 0 0 0 0 0 0 0 0 0 0 0 0 0 0 0 0 0 0 0 0 0 0 0 0 0 0 0 0 0 0 0 0 0 0 0 0 0 0 0 0 0 0 0 0 0 0 0 0 0 0 0 0 0 0 0 0 0 0 0 0 0 0 0 0 0 0 0 0 0 0
0 0 192 256 80 80 80 80 64 64 48 32 32 16 16 16 16 0 16 16 0 0 0 0 48 16 32 16 16 16 16 16 16 0 0 0 0 0 0 0 0 0 0 0 192 48 112 496 496 352 336 496 16 272 16 80 96 144 0 80 64 80 32 96 16 80 256 16 496 -0 496 160 288 240 464 176 320 64 48 32 80 0 32 192 16 -0 80 48 80 32 496 496 32 432 240 256 496 288 352 208 176 96 128 144 48 16 64 112 32 16 80 16 352 160 432 16 16 32 96 16 64 0 0 0 16 0 0 32 0 16 16 16 80 16 336 288 240 16 0 16 96 16 64 16 16 0 16 16 0 16 0 16 16 0 80 16 496 240 256 32 16 -0 160 16 112 16 16 0 32 16 0 32 0 16 16 0 64 16 16 464 496 96 96 160 0 80 0 16 32 48 -0 16 16 32 16 32 0 16 64 16 272 176 288 16 16 16 80 0 48 0 16 0 16 16 0 16 0 16 16 0 48 16 16 320 352 64 64 112 0 48 0 16 16 32 -0 16 16 16 0 16 0 16 32 0 80 64 208 0 16 16 16 0 16 -0 0 0 0 0 0 16 -0 0 0 0 32 0 96 48 176 0 16 16 32 16 16 0 0 0 0 0 0 16 0 0 0 0 16 0 144 32 96 0 0 0 48 0 32 0 0 -0 16 0 0 16 0 0 0 0 16 0 0 80 128 16 16 32 -0 16 -0 0 0 16 -0 0 0 0 0 0 0 0 16 0 80 0 144 0 16 16 16 16 16 0 0 0 0 -0 0 16 0 -0 0 0 16 0 64 32 48 0 0 0 16 0 16 0 0 0 0 0 -0 0 0 0 0 0 0 0 80 192 16 32 16 32 32 16 16 16 16 16 0 16 0 -0 0 16 0 0 16 0 32 16 64 0 0 0 16 0 0 -0 0 0 0 0 0 0 -0 0 0 0 16 0 96 -0 112 16 16 16 32 16 16 0 0 0 0 -0 0 16 0 -0 0 0 0 0 16 80 32 16 16 16 0 16 0 0 0 0 0 0 0 0 0 0 -0 0 0 0 80 48 16 16 0 0 16 0 16 0 0 0 0 0 0 0 0 0 0 -0
0 0 128 48 48 32 32 16 0 16 0 0 0 0 0 0 0 0 0 0 0 0 0 0 224 80 80 48 32 16 16 0 0 0 0 0 0 0 0 0 0 0 0 0 128 224 128 48 0 -0 336 240 -0 384 32 0 16 16 16 16 16 32 16 16 0 0 48 80 48 16 0 0 128 80 -0 144 16 0 16 0 0 16 0 16 0 0 0 0 48 80 0 0 -16 -0 112 80 -0 128 0 -0 0 0 0 0 0 16 0 0 0 0 32 48 -0 0 -0 -16 64 48 -0 80 0 -0 0 0 0 0 0 0 0 0 0 0 32 32 336 128 112 64 16 16 16 64 0 0 0 0 16 0 0 0 0 0 0 0 16 16 240 80 80 48 16 0 0 32 0 0 0 0 0 0 0 0 0 0 0 0 0 16 -0 -0 -0 -0 16 0 -0 16 0 -0 0 0 0 0 0 0 0 0 0 0 16 0 384 144 128 80 64 32 16 -0 16 16 0 0 0 0 0 0 0 0 0 0 0 0 32 16 0 0 0 0 0 16 -0 0 0 0 0 0 0 0 0 0 0 0 0 0 0 0 -0 -0 0 0 -0 16 0 -0 0 0 0 0 0 0 0 0 0 0 0 0 16 16 0 0 0 0 0 0 0 0 0 0 0 0 0 0 0 0 0 0 0 0 16 0 0 0 0 0 0 0 0 0 0 -0 0 0 0 0 0 0 0 0 0 0 16 0 0 0 16 0 0 0 0 0 0 0 0 0 0 0 0 0 0 0 0 0 16 16 0 0 0 0 0 0 0 0 0 0 0 0 0 0 0 0 0 0 0 0 16 0 0 0 0 0 0 0 0 0 0 0 0 0 -0 0 0 0 0 0 0 0 32 16 16 0 0 0 0 0 0 0 0 0 0 0 0 -0 0 0 0 0 0 0 16 0 0 0 0 0 0 0 0 0 0 0 0 0 0 0 0 0 0 0 0 0 16 0 0 0 0 0 0 0 0 0 0 0 0 0 0 0 0 0 0 0 0 0 0 0 0 0 0 0 0 0 0 0 0 0 0 0 0 0 0 0 0 0 0 0 0 0 0 0 0 0 0 0 0 0 0 0 0 0 0 0 0 0 0 0
0 0 112 176 16 16 16 0 0 0 0 0 0 0 0 0 0 0 0 0 0 0 0 0 208 128 32 16 16 16 0 16 0 0 0 0 0 0 0 0 0 0 0 0 112 208 -80 496 32 416 96 32 64 64 32 16 16 16 0 0 0 0 0 0 0 0 176 128 496 64 496 16 272 176 192 384 160 80 80 0 0 0 0 0 0 0 0 0 16 32 32 496 16 80 16 0 16 16 16 0 0 0 0 0 0 0 0 0 0 0 16 16 416 16 80 -0 32 16 32 48 16 16 16 0 0 0 0 0 0 0 0 0 16 16 96 272 16 32 -0 0 -0 0 0 0 0 0 0 0 0 0 0 0 0 0 0 16 32 176 0 16 0 0 0 0 0 0 0 0 0 0 0 0 0 0 0 0 0 0 64 192 16 32 -0 0 -0 0 0 0 0 0 0 0 0 0 0 0 0 0 0 16 64 384 16 48 0 0 0 0 0 0 0 0 0 0 0 0 0 0 0 0 0 0 32 160 16 16 0 0 0 0 -0 0 0 0 0 0 0 0 0 0 0 0 0 0 16 80 0 16 0 0 0 0 0 0 0 0 0 0 0 0 0 0 0 0 0 0 16 80 0 16 0 0 0 0 0 0 0 0 0 0 0 0 0 0 0 0 0 0 16 0 0 0 0 0 0 0 0 0 0 -0 0 0 0 0 0 0 0 0 0 0 0 0 0 0 0 0 0 0 0 0 0 0 0 0 0 0 0 0 0 0 0 0 0 0 0 0 0 0 0 0 0 0 0 0 0 0 0 0 0 0 0 0 0 0 0 0 0 0 0 0 0 0 0 0 0 0 0 0 0 0 0 0 0 0 0 0 0 0 0 0 0 0 0 0 0 0 0 0 0 0 0 0 0 0 0 0 0 0 0 0 0 0 0 0 0 0 0 0 0 0 0 0 0 0 0 0 0 0 0 0 0 0 0 0 0 0 0 0 0 0 0 0 0 0 0 0 0 0 0 0 0 0 0 0 0 0 0 0 0 0 0 0 0 0 0 0 0 0 0 0 0 0 0 0 0 0 0 0 0 0 0 0 0 0 0 0 0 0 0 0 0 0 0 0
0 0 160 192 144 64 64 48 64 32 48 32 32 16 16 16 16 16 16 0 0 0 0 0 48 32 16 16 16 16 16 16 16 16 0 0 0 0 0 0 0 0 0 0 160 48 64 496 496 16 16 16 208 0 192 16 448 96 48 16 32 32 -0 0 32 0 192 32 496 48 496 208 256 160 16 128 16 64 176 0 0 0 0 0 32 16 0 16 144 16 496 496 32 496 496 496 192 416 128 256 0 80 64 80 48 48 112 64 0 16 64 16 16 208 496 -0 0 0 64 -0 64 0 160 32 16 0 16 16 -0 0 16 0 64 16 16 256 496 0 0 0 80 0 80 0 176 32 16 16 16 16 -0 0 16 0 48 16 16 160 496 0 0 0 64 0 48 0 128 32 16 0 16 0 -0 0 16 0 64 16 208 16 192 64 80 64 0 48 0 16 48 0 0 0 0 0 16 0 0 0 32 16 0 128 416 -0 0 0 48 -0 48 0 96 16 16 0 0 0 -0 0 0 0 48 16 192 16 128 64 80 48 0 48 -0 16 32 0 0 0 0 -0 16 0 0 0 32 16 16 64 256 0 0 0 16 0 16 0 64 16 0 0 0 0 0 0 0 0 32 0 448 176 0 160 176 128 48 96 32 64 -0 16 16 16 16 16 32 16 0 0 16 0 96 0 80 32 32 32 0 16 0 16 16 0 0 0 0 0 0 0 0 0 16 0 48 0 64 16 16 16 0 16 0 0 16 0 -0 0 0 -0 0 0 0 0 16 0 16 0 80 0 16 0 0 0 0 0 16 0 0 -0 0 -0 0 0 0 0 16 0 32 0 48 16 16 16 0 0 0 0 16 0 0 0 0 0 0 0 0 0 16 0 32 0 48 16 16 0 0 0 -0 0 16 0 -0 -0 0 -0 0 0 0 0 16 0 -0 32 112 -0 -0 -0 16 -0 16 0 32 0 0 0 0 0 -0 0 0 0 0 0 0 16 64 0 0 0 0 0 0 0 16 0 0 0 0 0 0 0 0 0 0 0 32 0 0 16 16 16 0 0 0 0 0 0 0 0 0 0 0 0 0 0 0 0 0 16 16 0 0 0 0 0 0 0 0 0 0 0 0 0 0 0 0 0
0 0 128 32 32 32 16 16 16 16 16 16 0 0 0 0 0 0 0 0 0 0 0 0 160 48 32 32 32 32 16 16 16 16 16 16 0 0 0 0 0 0 0 0 128 160 32 -0 384 32 496 16 -0 32 16 144 64 224 64 32 0 64 96 32 0 0 32 48 -0 -16 48 -0 272 0 -0 16 -0 16 0 48 16 16 0 16 16 0 0 -0 32 32 384 48 0 32 80 64 32 64 16 -0 0 16 0 16 16 0 16 0 0 0 32 32 32 -0 32 0 192 16 0 16 0 16 0 32 0 0 0 0 16 0 0 -0 16 32 496 272 80 192 -0 240 128 160 80 16 32 16 16 32 32 0 0 0 16 16 16 32 16 0 64 16 240 0 -0 0 0 32 16 32 16 0 0 16 16 0 0 0 16 16 -0 -0 32 0 128 -0 -0 0 0 16 0 16 0 0 0 0 16 0 0 -0 16 16 32 16 64 16 160 0 0 -0 0 16 16 32 16 0 0 16 16 0 0 0 16 16 16 -0 16 0 80 0 0 0 -0 0 0 16 0 0 0 0 0 0 0 -0 16 16 144 16 -0 16 16 32 16 16 0 -0 0 0 0 0 0 0 0 0 0 0 0 16 64 0 0 0 32 16 0 16 0 0 -0 0 0 0 0 0 0 0 0 0 0 16 224 48 16 32 16 32 16 32 16 0 0 0 0 0 0 0 0 0 0 0 0 0 64 16 0 0 16 16 0 16 0 0 0 0 0 0 0 0 0 0 0 0 0 0 32 16 16 0 32 0 0 0 0 0 0 0 0 -0 0 0 0 0 0 0 0 0 0 0 16 0 32 0 0 0 0 0 0 0 0 0 -0 0 0 0 0 0 0 0 64 16 0 0 0 16 0 16 0 0 0 0 0 0 0 -0 0 0 0 0 0 0 96 16 16 16 0 16 16 16 0 0 0 0 0 0 0 0 0 0 0 0 0 0 32 0 0 0 0 0 0 0 0 0 0 0 0 0 0 0 0 0 0 0 0 0 0 0 0 0 16 0 0 0 0 0 0 0 0 0 0 0 0 0 0 0 0 0 0 -0 0 -0 16 0 -0 0 -0 0 0 0 0 0 0 0 0 0 0 -0
0 0 400 496 32 32 16 16 0 0 0 0 0 0 0 0 0 0 0 0 0 0 0 0 64 32 0 0 0 0 0 0 0 0 0 0 0 0 0 0 0 0 0 0 400 64 -352 496 -32 32 16 48 0 0 0 0 0 0 0 0 0 0 0 0 0 0 496 32 496 -48 176 -0 80 -0 0 0 0 0 0 0 0 0 0 0 0 0 0 0 32 0 -32 176 -0 0 0 0 0 0 0 0 0 0 0 0 0 0 0 0 0 0 32 0 32 -0 0 -0 0 -0 0 0 0 0 0 0 0 0 0 0 0 0 0 0 16 0 16 80 0 0 0 0 0 0 0 0 0 0 0 0 0 0 0 0 0 0 16 0 48 -0 0 -0 0 -0 0 0 0 0 0 0 0 0 0 0 0 0 0 0 0 0 0 0 0 0 0 0 0 0 0 0 0 0 0 0 0 0 0 0 0 0 0 0 0 0 0 0 0 0 0 0 0 0 0 0 0 0 0 0 0 0 0 0 0 0 0 0 0 0 0 0 0 0 0 0 0 0 0 0 0 0 0 0 0 0 0 0 0 0 0 0 0 0 0 0 0 0 0 0 0 0 0 0 0 0 0 0 0 0 0 0 0 0 0 0 0 0 0 0 0 0 0 0 0 0 0 0 0 0 0 0 0 0 0 0 0 0 0 0 0 0 0 0 0 0 0 0 0 0 0 0 0 0 0 0 0 0 0 0 0 0 0 0 0 0 0 0 0 0 0 0 0 0 0 0 0 0 0 0 0 0 0 0 0 0 0 0 0 0 0 0 0 0 0 0 0 0 0 0 0 0 0 0 0 0 0 0 0 0 0 0 0 0 0 0 0 0 0 0 0 0 0 0 0 0 0 0 0 0 0 0 0 0 0 0 0 0 0 0 0 0 0 0 0 0 0 0 0 0 0 0 0 0 0 0 0 0 0 0 0 0 0 0 0 0 0 0 0 0 0 0 0 0 0 0 0 0 0 0 0 0 0 0 0 0 0 0 0 0 0 0 0 0 0 0 0 0 0 0 0 0 0 0 0 0 0 0 0 0 0 0 0 0 0 0 0 0 0 0 0 0 0 0 0 0 0 0
0 0 384 192 160 96 80 64 32 32 16 16 16 16 16 16 16 16 0 0 0 0 0 0 80 16 16 16 0 0 0 0 0 0 0 0 0 0 0 0 0 0 0 0 384 80 -176 496 496 496 496 480 400 208 432 64 16 16 16 224 272 272 16 176 64 16 192 16 496 -0 16 -0 0 16 16 -0 64 16 16 48 32 16 32 32 0 32 16 -0 160 16 496 16 -16 -16 0 0 0 -0 48 16 16 64 48 0 16 16 0 16 0 -0 96 16 496 -0 -16 -16 -0 -0 0 -0 32 0 16 32 16 0 16 16 0 16 0 -0 80 0 496 0 0 -0 0 0 0 -0 32 0 16 32 16 0 16 16 0 16 0 -0 64 0 480 16 0 -0 0 -0 0 -0 16 0 0 16 16 0 16 16 0 0 0 -0 32 0 400 16 0 0 0 0 0 -0 16 0 0 16 16 0 0 0 0 0 0 0 32 0 208 -0 -0 -0 -0 -0 -0 -0 0 0 0 16 0 0 0 0 0 0 0 -0 16 0 432 64 48 32 32 16 16 0 0 0 0 16 16 0 0 0 0 0 -0 0 16 0 64 16 16 0 0 0 0 0 0 -0 0 0 0 0 0 0 0 0 0 0 16 0 16 16 16 16 16 0 0 0 0 0 -0 0 0 0 0 0 0 0 0 0 16 0 16 48 64 32 32 16 16 16 16 0 0 -0 0 16 16 16 0 0 0 0 16 0 16 32 48 16 16 16 16 0 16 0 0 0 0 0 0 0 0 0 0 0 16 0 224 16 0 0 0 0 0 0 0 0 0 16 0 0 0 0 0 0 0 0 16 0 272 32 16 16 16 16 0 0 0 0 0 16 0 0 -0 0 0 -0 0 0 16 0 272 32 16 16 16 16 0 0 0 0 0 16 0 0 0 0 0 0 0 0 0 0 16 0 0 0 0 0 0 0 0 0 0 0 0 0 0 0 -0 0 0 -0 0 0 176 32 16 16 16 0 0 0 0 0 0 0 0 0 -0 0 0 -0 0 0 0 0 64 16 0 0 0 0 0 0 -0 0 0 0 0 0 0 0 0 0 -0 0 0 0 16 -0 -0 -0 -0 -0 0 -0 0 0 0 0 0 0 0 0 -0 0 0 -0
0 0 240 48 32 32 16 16 16 16 16 16 16 0 0 0 0 0 0 0 0 0 0 0 224 32 32 32 32 32 32 16 16 16 16 16 0 0 16 0 0 0 0 0 240 224 -224 -16 16 -32 496 496 288 16 416 240 0 96 224 48 336 80 336 64 64 80 48 32 -16 -0 0 -0 96 96 48 0 64 48 0 16 32 16 64 16 64 16 16 16 32 32 16 0 -0 -0 64 48 32 0 48 48 0 16 32 0 48 16 48 0 0 16 32 32 -32 -0 -0 -0 64 64 32 0 48 32 -0 16 32 0 32 16 32 0 0 16 16 32 496 96 64 64 -0 16 0 32 -0 32 16 0 0 0 16 0 0 0 -0 0 16 32 496 96 48 64 16 0 0 32 16 48 16 0 16 0 0 0 16 0 0 0 16 32 288 48 32 32 0 0 -0 16 16 32 16 0 0 0 0 0 16 0 0 0 16 16 16 0 0 0 32 32 16 0 32 16 0 0 16 0 16 0 16 0 0 0 16 16 416 64 48 48 -0 16 16 32 -0 16 16 0 0 0 16 0 0 0 0 0 16 16 240 48 48 32 32 48 32 16 16 -0 16 16 0 0 32 0 16 0 0 0 16 16 0 0 0 -0 16 16 16 0 16 16 0 0 0 0 16 0 16 0 0 0 0 16 96 16 16 16 0 0 0 0 0 16 0 -0 0 0 0 0 0 0 0 0 0 0 224 32 32 32 0 16 0 16 0 0 0 0 -0 0 0 0 0 0 0 0 0 0 48 16 0 0 0 0 0 0 0 0 0 0 0 0 0 0 0 0 0 0 0 16 336 64 48 32 16 0 0 16 16 32 16 0 0 0 0 0 0 0 0 0 0 0 80 16 16 16 0 0 0 0 0 0 0 0 0 0 0 0 0 0 0 0 0 0 336 64 48 32 0 16 16 16 0 16 16 0 0 0 0 0 0 0 0 0 0 0 64 16 0 0 0 0 0 0 0 0 0 0 0 0 0 0 0 0 0 0 0 0 64 16 0 0 -0 0 0 0 0 0 0 0 0 0 0 0 0 0 -0 0 0 0 80 16 16 16 0 0 0 0 0 0 0 0 0 0 0 0 0 0 0 0
0 0 32 16 0 0 0 0 0 0 0 0 0 0 0 0 0 0 0 0 0 0 0 0 496 320 64 64 64 32 32 16 16 16 0 0 0 0 0 0 0 0 0 0 32 496 48 496 320 192 128 -0 16 32 0 144 16 48 0 0 0 0 0 0 0 0 16 320 496 160 32 -0 0 64 32 -16 16 16 -0 16 0 0 0 0 0 0 0 0 0 64 320 32 0 -0 -0 16 16 -0 0 0 -0 0 0 0 0 0 0 0 0 0 0 64 192 -0 -0 -16 -0 16 0 -0 -0 0 -0 0 0 0 0 0 0 0 0 0 0 64 128 0 -0 -0 -0 0 0 -0 -0 0 -0 0 0 0 0 0 0 0 0 0 0 32 -0 64 16 16 0 -0 0 0 0 0 0 0 0 0 0 0 0 0 0 0 0 32 16 32 16 0 0 0 0 0 -0 0 0 0 0 0 0 0 0 0 0 0 0 16 32 -16 -0 -0 -0 0 0 -0 -0 0 -0 0 0 0 0 0 0 0 0 0 0 16 0 16 0 -0 -0 0 -0 -0 -0 0 0 0 0 0 0 0 0 0 0 0 0 16 144 16 0 0 0 0 0 0 0 0 -0 0 0 0 0 0 0 0 0 0 0 0 16 -0 -0 -0 -0 0 0 -0 0 -0 -0 0 0 0 0 0 0 0 0 0 0 0 48 16 0 0 0 0 0 0 0 0 0 0 0 0 0 0 0 0 0 0 0 0 0 0 0 0 0 0 0 0 0 0 0 0 0 0 0 0 0 0 0 0 0 0 0 0 0 0 0 0 0 0 0 0 0 0 0 0 0 0 0 0 0 0 0 0 0 0 0 0 0 0 0 0 0 0 0 0 0 0 0 0 0 0 0 0 0 0 0 0 0 0 0 0 0 0 0 0 0 0 0 0 0 0 0 0 0 0 0 0 0 0 0 0 0 0 0 0 0 0 0 0 0 0 0 0 0 0 0 0 0 0 0 0 0 0 0 0 0 0 0 0 0 0 0 0 0 0 0 0 0 0 0 0 0 0 0 0 0 0 0 0 0 0 0 0 0 0 0 0 0 0 0 0 0 0 0 0 0 0 0 0 0 0 0 0 0 0 0 0 0 0 0 0 0 0
0 0 16 16 16 0 0 0 0 0 0 0 0 0 0 0 0 0 0 0 0 0 0 0 400 336 224 144 128 80 64 48 48 48 16 16 32 16 16 0 0 0 0 0 16 400 48 48 -0 32 320 16 16 128 32 16 144 48 48 0 -0 0 0 0 0 0 16 336 48 48 -0 32 272 16 16 112 16 16 112 48 48 0 -0 0 0 0 0 0 16 224 -0 -0 -32 0 176 -0 -0 80 16 0 80 32 32 0 -0 0 0 0 0 0 0 144 32 32 0 16 112 0 0 48 16 0 48 16 16 0 -0 0 0 0 0 0 0 128 320 272 176 112 -0 64 48 16 16 32 16 16 48 16 0 0 0 0 0 0 0 80 16 16 -0 0 64 0 0 32 0 0 32 16 0 0 -0 0 0 0 0 0 0 64 16 16 -0 0 48 0 0 16 0 0 16 16 16 0 -0 0 0 0 0 0 0 48 128 112 80 48 16 32 16 0 0 16 0 0 32 0 0 0 0 0 0 0 0 48 32 16 16 16 16 0 0 0 -0 0 0 0 16 -0 -0 0 0 0 0 0 0 48 16 16 0 0 32 0 0 16 0 0 16 0 0 0 -0 0 0 0 0 0 0 16 144 112 80 48 16 32 16 0 0 16 -0 0 16 0 0 0 0 0 0 0 0 16 48 48 32 16 16 16 16 0 0 0 0 0 16 0 0 0 0 0 0 0 0 32 48 48 32 16 48 0 16 32 16 0 16 16 0 0 0 0 0 0 0 0 0 16 0 0 0 0 16 0 0 0 -0 0 0 0 0 -0 0 0 0 0 0 0 0 16 -0 -0 -0 -0 0 -0 -0 0 -0 -0 0 0 0 0 -0 0 0 0 0 0 0 0 0 0 0 0 0 0 0 0 0 0 0 0 0 0 0 0 0 0 0 0 0 0 0 0 0 0 0 0 0 0 0 0 0 0 0 0 0 0 0 0 0 0 0 0 0 0 0 0 0 0 0 0 0 0 0 0 0 0 0 0 0 0 0 0 0 0 0 0 0 0 0 0 0 0 0 0 0 0 0 0 0 0 0 0 0 0 0 0 0 0 0 0 0 0 0 0 0 0 0 0 0 0 0 0 0 0 0 0
0 0 48 112 64 32 32 16 16 16 16 16 16 0 0 0 0 0 0 0 0 0 0 0 112 48 48 64 64 16 16 16 0 0 0 0 0 0 0 0 0 0 0 0 48 112 -32 496 496 -16 -0 208 272 -0 96 96 144 144 16 0 0 0 0 0 0 0 112 48 496 32 496 496 496 160 96 352 64 80 16 32 64 80 0 0 0 0 0 0 64 48 496 496 0 432 416 0 16 80 0 -0 16 32 16 16 0 0 0 0 0 0 32 64 -16 496 432 -0 0 128 160 -0 64 48 80 96 16 0 0 0 0 0 0 0 32 64 -0 496 416 0 0 112 144 -0 48 48 80 80 16 0 0 0 0 0 0 0 16 16 208 160 0 128 112 0 0 16 0 -0 0 16 0 0 0 0 0 0 0 0 16 16 272 96 16 160 144 0 0 32 0 0 0 16 0 0 0 0 0 0 0 0 16 16 -0 352 80 -0 -0 16 32 -0 16 16 16 16 0 -0 0 0 0 0 0 0 16 0 96 64 0 64 48 0 0 16 0 0 0 0 0 0 0 0 0 0 0 0 16 0 96 80 -0 48 48 -0 0 16 0 -0 0 0 0 0 0 0 0 0 0 0 16 0 144 16 16 80 80 0 0 16 0 0 -0 0 0 0 0 0 0 0 0 0 0 0 144 32 32 96 80 16 16 16 0 0 0 0 0 0 0 0 0 0 0 0 0 0 16 64 16 16 16 0 0 0 0 0 0 0 0 0 0 0 0 0 0 0 0 0 0 80 16 0 0 0 0 -0 0 0 0 0 0 0 0 0 0 0 0 0 0 0 0 0 0 0 0 0 0 0 0 0 0 0 0 0 0 0 0 0 0 0 0 0 0 0 0 0 0 0 0 0 0 0 0 0 0 0 0 0 0 0 0 0 0 0 0 0 0 0 0 0 0 0 0 0 0 0 0 0 0 0 0 0 0 0 0 0 0 0 0 0 0 0 0 0 0 0 0 0 0 0 0 0 0 0 0 0 0 0 0 0 0 0 0 0 0 0 0 0 0 0 0 0 0 0 0 0 0 0 0 0 0 0 0 0 0 0 0 0 0 0 0 0 0 0 0 0 0 0 0 0
0 0 64 32 16 32 16 16 0 0 16 0 16 0 0 0 0 0 0 0 0 0 0 0 64 128 64 32 32 32 32 32 16 16 16 16 16 16 16 0 0 16 0 0 64 64 64 496 496 16 112 208 208 240 0 192 16 208 160 208 224 32 0 48 16 48 32 128 496 -16 496 496 192 96 64 96 208 16 240 32 16 48 48 64 192 48 64 32 16 64 496 496 32 272 160 32 32 16 64 48 80 32 96 144 160 48 64 16 16 48 32 32 16 496 272 -0 64 112 112 128 0 96 0 112 96 112 128 16 0 16 0 32 16 32 112 192 160 64 -0 32 32 48 16 16 16 32 16 16 16 -0 16 0 0 0 16 32 208 96 32 112 32 0 0 0 16 0 32 0 16 32 32 16 16 0 0 16 0 32 208 64 32 112 32 0 -0 0 32 0 32 0 16 32 32 16 32 0 0 16 0 32 240 96 16 128 48 0 0 0 32 0 32 0 16 32 32 16 32 0 0 16 16 16 0 208 64 0 16 16 32 32 -0 16 0 32 16 32 32 0 0 0 0 0 0 16 192 16 48 96 16 0 0 0 16 0 32 0 0 16 16 0 16 0 0 0 16 16 16 240 80 0 16 32 32 32 0 32 0 32 16 32 32 0 0 0 0 0 0 16 208 32 32 112 32 0 0 0 32 0 32 -0 16 16 16 16 16 0 0 16 0 16 160 16 96 96 16 16 16 16 16 0 16 16 0 0 0 0 16 0 0 0 0 16 208 48 144 112 16 32 32 32 32 16 32 16 0 -0 -0 0 16 16 16 0 0 16 224 48 160 128 16 32 32 32 32 16 32 16 0 -0 -0 0 16 16 16 0 0 0 32 64 48 16 -0 16 16 16 0 0 0 16 0 0 0 -0 0 0 0 0 0 0 0 192 64 0 16 16 32 32 0 16 0 16 16 16 16 0 -0 0 0 0 0 16 48 48 16 16 0 0 0 0 0 0 0 0 0 16 16 0 0 -0 0 0 0 0 16 64 16 0 0 0 0 0 0 0 0 0 0 16 16 0 0 0 0 0 0 0 48 32 48 32 0 16 16 16 0 0 0 16 0 0 0 0 0 0 0 -0
0 0 64 64 16 0 0 0 0 0 0 0 0 0 0 0 0 0 0 0 0 0 0 0 496 240 64 64 48 32 32 32 16 16 0 0 0 0 0 0 0 0 0 0 64 496 -192 496 416 -64 16 32 32 -16 32 -16 16 16 0 0 0 0 0 0 0 0 64 240 496 16 -16 208 176 128 176 80 -0 48 16 16 16 0 0 0 0 0 0 0 16 64 416 -16 -0 32 32 16 32 16 -0 16 0 0 0 0 0 0 0 0 0 0 0 64 -64 208 32 -16 -0 0 0 -0 0 -0 0 0 -0 0 0 0 0 0 0 0 0 48 16 176 32 -0 0 0 0 0 0 -0 0 0 -0 0 0 0 0 0 0 0 0 32 32 128 16 0 0 0 0 0 0 0 0 0 0 0 0 0 0 0 0 0 0 32 32 176 32 0 0 0 -0 0 0 -0 0 0 0 0 0 0 0 0 0 0 0 32 -16 80 16 -0 0 0 0 -0 0 -0 0 0 -0 0 0 0 0 0 0 0 0 16 32 -0 -0 0 0 0 0 0 -0 0 0 0 0 0 0 0 0 0 0 0 0 16 -16 48 16 -0 -0 0 -0 -0 0 -0 0 0 -0 0 0 0 0 0 0 0 0 0 16 16 0 0 0 0 0 0 0 0 -0 0 0 0 0 0 0 0 0 0 0 0 16 16 0 0 0 0 0 0 0 0 0 0 -0 0 0 0 0 0 0 0 0 0 0 16 0 -0 -0 0 0 -0 0 -0 0 -0 -0 0 0 0 0 0 0 0 0 0 0 0 0 0 0 0 0 0 0 0 0 0 0 0 0 0 0 0 0 0 0 0 0 0 0 0 0 0 0 0 0 0 0 0 0 0 0 0 0 0 0 0 0 0 0 0 0 0 0 0 0 0 0 0 0 0 0 0 0 0 0 0 0 0 0 0 0 0 0 0 0 0 0 0 0 0 0 0 0 0 0 0 0 0 0 0 0 0 0 0 0 0 0 0 0 0 0 0 0 0 0 0 0 0 0 0 0 0 0 0 0 0 0 0 0 0 0 0 0 0 0 0 0 0 0 0 0 0 0 0 0 0 0 0 0 0 0 0 0 0 0 0 0 0 0 0 0 0 0 0 0 0
0 0 128 112 64 48 32 0 0 0 0 0 0 0 0 0 0 0 0 0 0 0 0 0 64 48 80 32 16 0 0 0 0 0 0 0 0 0 0 0 0 0 0 0 128 64 -32 32 496 -0 0 80 16 16 -0 0 0 0 0 0 0 0 0 0 0 0 112 48 32 -16 496 0 0 64 32 16 -0 0 0 0 0 0 0 0 0 0 0 0 64 80 496 496 -16 432 192 0 0 32 32 0 0 0 0 0 0 0 0 0 0 0 48 32 -0 0 432 -0 0 32 16 0 -0 0 0 0 0 0 0 0 0 0 0 0 32 16 0 0 192 0 0 16 0 0 -0 0 0 0 0 0 0 0 0 0 0 0 0 0 80 64 0 32 16 0 0 0 0 0 0 0 0 0 0 0 0 0 0 0 0 0 16 32 0 16 0 0 -0 0 0 0 0 0 0 0 0 0 0 0 0 0 0 0 16 16 32 0 0 0 0 0 0 0 0 0 0 0 0 0 0 0 0 0 0 0 -0 -0 32 -0 -0 0 0 0 -0 0 0 0 0 0 0 0 0 0 0 0 0 0 0 0 0 0 0 0 0 0 0 0 0 0 0 0 0 0 0 0 0 0 0 0 0 0 0 0 0 0 0 0 0 0 0 0 0 0 0 0 0 0 0 0 0 0 0 0 0 0 0 0 0 0 0 0 0 0 0 0 0 0 0 0 0 0 0 0 0 0 0 0 0 0 0 0 0 0 0 0 0 0 0 0 0 0 0 0 0 0 0 0 0 0 0 0 0 0 0 0 0 0 0 0 0 0 0 0 0 0 0 0 0 0 0 0 0 0 0 0 0 0 0 0 0 0 0 0 0 0 0 0 0 0 0 0 0 0 0 0 0 0 0 0 0 0 0 0 0 0 0 0 0 0 0 0 0 0 0 0 0 0 0 0 0 0 0 0 0 0 0 0 0 0 0 0 0 0 0 0 0 0 0 0 0 0 0 0 0 0 0 0 0 0 0 0 0 0 0 0 0 0 0 0 0 0 0 0 0 0 0 0 0 0 0 0 0 0 0 0 0 0 0 0 0 0 0 0 0 0 0 0 0 0 0 0 0 0 0 0 0 0
0 0 272 96 48 32 16 16 32 16 16 16 0 0 0 0 0 0 0 0 0 0 0 0 144 16 32 32 16 16 16 16 0 16 0 0 0 0 0 0 0 0 0 0 272 144 -128 496 496 496 496 496 -0 496 128 496 16 176 32 0 0 0 0 0 0 0 96 16 496 -16 432 480 288 272 128 208 0 160 16 128 48 0 0 0 0 0 0 0 48 32 496 432 32 48 128 16 240 16 96 16 48 80 48 0 0 0 0 0 0 0 32 32 496 480 48 0 64 0 176 0 96 0 48 48 32 0 0 0 0 0 0 0 16 16 496 288 128 64 0 48 48 32 48 32 16 16 0 0 0 0 0 0 0 0 16 16 496 272 16 0 48 0 112 0 64 0 32 32 16 0 0 0 0 0 0 0 32 16 -0 128 240 176 48 112 -0 80 16 64 0 16 0 0 0 0 0 0 0 0 16 16 496 208 16 0 32 0 80 0 48 0 16 16 16 0 0 0 0 0 0 0 16 0 128 0 96 96 48 64 16 48 -0 32 0 16 0 0 0 0 0 0 0 0 16 16 496 160 16 0 32 0 64 0 32 0 16 16 16 0 0 0 0 0 0 0 0 0 16 16 48 48 16 32 0 16 0 16 0 0 0 0 0 0 0 0 0 0 0 0 176 128 80 48 16 32 16 16 16 16 0 -0 0 0 0 0 0 0 0 0 0 0 32 48 48 32 0 16 0 16 0 16 0 0 0 0 0 0 0 0 0 0 0 0 0 0 0 0 0 0 0 0 0 0 0 0 0 0 0 0 0 0 0 0 0 0 0 0 0 0 0 0 0 0 0 0 0 0 0 0 0 0 0 0 0 0 0 0 0 0 0 0 0 0 0 0 0 0 0 0 0 0 0 0 0 0 0 0 0 0 0 0 0 0 0 0 0 0 0 0 0 0 0 0 0 0 0 0 0 0 0 0 0 0 0 0 0 0 0 0 0 0 0 0 0 0 0 0 0 0 0 0 0 0 0 0 0 0 0 0 0 0 0 0 0 0 0 0 0 0 0 0 0 0 0 0 0 0 0 0 0 0 0 0 0 0 0 0 0 0 0 0 0 0 0 0
0 0 96 48 16 0 0 0 0 0 0 0 0 0 0 0 0 0 0 0 0 0 0 0 496 96 64 16 16 0 0 0 0 0 0 0 0 0 0 0 0 0 0 0 96 496 496 496 0 304 384 224 288 96 64 96 16 32 32 32 16 0 0 0 0 0 48 96 496 16 320 32 80 0 0 16 16 16 16 16 48 16 0 0 0 0 0 0 16 64 0 320 -0 32 32 16 32 16 0 16 0 0 0 0 0 0 0 0 0 0 0 16 304 32 32 0 16 0 0 0 0 0 0 0 0 0 0 0 0 0 0 0 0 16 384 80 32 16 0 0 0 0 0 0 0 0 0 0 0 0 0 0 0 0 0 0 224 0 16 0 0 0 0 0 0 0 0 0 0 0 0 0 0 0 0 0 0 0 288 0 32 0 0 0 0 0 0 0 0 0 0 0 0 0 0 0 0 0 0 0 96 16 16 0 0 0 0 0 0 0 0 0 0 0 0 0 0 0 0 0 0 0 64 16 0 0 0 0 0 0 0 0 0 0 0 0 0 0 0 0 0 0 0 0 96 16 16 0 0 0 0 0 0 0 0 0 0 0 0 0 0 0 0 0 0 0 16 16 0 0 0 0 0 0 0 0 0 0 0 0 0 0 0 0 0 0 0 0 32 16 0 0 0 0 0 0 0 0 0 0 0 0 0 0 0 0 0 0 0 0 32 48 0 0 0 0 0 0 0 0 0 0 -0 0 0 0 0 0 0 0 0 0 32 16 0 0 0 0 0 0 0 0 0 0 0 -0 0 0 0 0 0 0 0 0 16 0 0 0 0 0 0 0 0 0 0 0 0 0 0 0 0 0 0 0 0 0 0 0 0 0 0 0 0 0 0 0 0 0 0 0 0 0 0 0 0 0 0 0 0 0 0 0 0 0 0 0 0 0 0 0 0 0 0 0 0 0 0 0 0 0 0 0 0 0 0 0 0 0 0 0 0 0 0 0 0 0 0 0 0 0 0 0 0 0 0 0 0 0 0 0 0 0 0 0 0 0 0 0 0 0 0 0 0 0 0 0 0 0 0 0 0 0 0 0 0 0 0 0 0 0 0 0 0 0
0 0 176 96 128 64 32 32 16 0 0 0 0 0 0 0 0 0 0 0 0 0 0 0 80 112 48 32 32 16 0 0 0 0 0 0 0 0 0 0 0 0 0 0 176 80 16 496 16 16 496 32 16 144 0 16 32 16 0 0 0 0 0 0 0 0 96 112 496 16 496 496 16 496 288 0 80 32 32 48 0 0 0 0 0 0 0 0 128 48 16 496 16 16 496 16 16 96 -0 0 16 16 0 0 0 0 0 0 0 0 64 32 16 496 16 16 304 16 16 48 0 0 16 0 0 0 0 0 0 0 0 0 32 32 496 16 496 304 0 192 80 0 16 16 16 16 -0 0 0 0 0 0 0 0 32 16 32 496 16 16 192 -0 0 32 0 0 0 0 0 0 0 0 0 0 0 0 16 0 16 288 16 16 80 0 -0 16 -0 0 0 0 0 0 0 0 0 0 0 0 0 0 144 0 96 48 0 32 16 -0 0 0 0 0 0 0 0 0 0 0 0 0 0 0 0 80 -0 0 16 0 -0 0 -0 0 0 0 0 0 0 0 0 0 0 0 0 0 16 32 0 0 16 0 0 0 0 -0 0 0 0 0 0 0 0 0 0 0 0 0 32 32 16 16 16 0 0 0 0 0 0 0 0 0 0 0 0 0 0 0 0 0 16 48 16 0 16 0 0 0 0 0 0 0 0 0 0 0 0 0 0 0 0 0 0 0 0 0 -0 0 0 0 0 0 0 0 -0 0 0 0 0 0 0 0 0 0 0 0 0 0 0 0 0 0 0 0 0 0 0 0 0 0 0 0 0 0 0 0 0 0 0 0 0 0 0 0 0 0 0 0 0 0 0 0 0 0 0 0 0 0 0 0 0 0 0 0 0 0 0 0 0 0 0 0 0 0 0 0 0 0 0 0 0 0 0 0 0 0 0 0 0 0 0 0 0 0 0 0 0 0 0 0 0 0 0 0 0 0 0 0 0 0 0 0 0 0 0 0 0 0 0 0 0 0 0 0 0 0 0 0 0 0 0 0 0 0 0 0 0 0 0 0 0 0 0 0 0 0 0 0 0 0 0 0 0 0 0 0 0 0 0 0 0 0 0 0 0 0
0 0 48 48 16 16 16 0 0 0 0 0 0 0 0 0 0 0 0 0 0 0 0 0 496 176 96 80 48 32 16 16 16 0 0 0 0 0 0 0 0 0 0 0 48 496 -112 496 496 432 464 256 160 144 80 32 16 0 0 0 0 0 0 0 0 0 48 176 496 -16 -16 0 0 0 16 0 16 0 0 0 0 0 0 0 0 0 0 0 16 96 496 -16 -16 -16 -0 -0 0 -0 0 0 0 0 0 0 0 0 0 0 0 0 16 80 432 0 -16 -16 0 -0 0 0 0 0 0 0 0 0 0 0 0 0 0 0 16 48 464 0 -0 0 0 0 16 0 0 0 0 0 0 0 0 0 0 0 0 0 0 32 256 0 -0 -0 0 -0 0 0 0 0 0 0 0 0 0 0 0 0 0 0 0 16 160 16 0 0 16 0 0 0 0 0 0 0 0 0 0 0 0 0 0 0 0 16 144 0 -0 0 0 0 0 -0 0 0 0 0 0 0 0 0 0 0 0 0 0 16 80 16 0 0 0 0 0 0 0 0 0 0 0 0 0 0 0 0 0 0 0 0 32 0 0 0 0 0 0 0 0 0 0 0 0 0 0 0 0 0 0 0 0 0 16 0 0 0 0 0 0 0 0 0 0 0 0 0 0 0 0 0 0 0 0 0 0 0 0 0 0 0 0 0 0 0 0 0 0 0 0 0 0 0 0 0 0 0 0 0 0 0 0 0 0 0 0 0 0 0 0 0 0 0 0 0 0 0 0 0 0 0 0 0 0 0 0 0 0 0 0 0 0 0 0 0 0 0 0 0 0 0 0 0 0 0 0 0 0 0 0 0 0 0 0 0 0 0 0 0 0 0 0 0 0 0 0 0 0 0 0 0 0 0 0 0 0 0 0 0 0 0 0 0 0 0 0 0 0 0 0 0 0 0 0 0 0 0 0 0 0 0 0 0 0 0 0 0 0 0 0 0 0 0 0 0 0 0 0 0 0 0 0 0 0 0 0 0 0 0 0 0 0 0 0 0 0 0 0 0 0 0 0 0 0 0 0 0 0 0 0 0 0 0 0 0 0 0 0 0 0 0 0 0 0 0 0 0 0 0 0 0
0 0 496 192 0 0 0 0 0 0 0 0 0 0 0 0 0 0 0 0 0 0 0 0 128 64 0 0 0 0 0 0 0 0 0 0 0 0 0 0 0 0 0 0 496 128 16 496 128 128 0 0 0 0 0 0 0 0 0 0 0 0 0 0 0 0 192 64 496 48 48 16 0 0 0 0 0 0 0 0 0 0 0 0 0 0 0 0 0 0 128 48 -0 -0 0 0 0 0 0 0 0 0 0 0 0 0 0 0 0 0 0 0 128 16 -0 -0 0 0 0 0 0 0 0 0 0 0 0 0 0 0 0 0 0 0 0 0 0 0 0 0 0 0 0 0 0 0 0 0 0 0 0 0 0 0 0 0 0 0 0 0 0 0 0 0 0 0 0 0 0 0 0 0 0 0 0 0 0 0 0 0 0 0 0 0 0 0 0 0 0 0 0 0 0 0 0 0 0 0 0 0 0 0 0 0 0 0 0 0 0 0 0 0 0 0 0 0 0 0 0 0 0 0 0 0 0 0 0 0 0 0 0 0 0 0 0 0 0 0 0 0 0 0 0 0 0 0 0 0 0 0 0 0 0 0 0 0 0 0 0 0 0 0 0 0 0 0 0 0 0 0 0 0 0 0 0 0 0 0 0 0 0 0 0 0 0 0 0 0 0 0 0 0 0 0 0 0 0 0 0 0 0 0 0 0 0 0 0 0 0 0 0 0 0 0 0 0 0 0 0 0 0 0 0 0 0 0 0 0 0 0 0 0 0 0 0 0 0 0 0 0 0 0 0 0 0 0 0 0 0 0 0 0 0 0 0 0 0 0 0 0 0 0 0 0 0 0 0 0 0 0 0 0 0 0 0 0 0 0 0 0 0 0 0 0 0 0 0 0 0 0 0 0 0 0 0 0 0 0 0 0 0 0 0 0 0 0 0 0 0 0 0 0 0 0 0 0 0 0 0 0 0 0 0 0 0 0 0 0 0 0 0 0 0 0 0 0 0 0 0 0 0 0 0 0 0 0 0 0 0 0 0 0 0 0 0 0 0 0 0 0 0 0 0 0 0 0 0 0 0 0 0 0 0 0 0 0 0 0 0 0 0 0 0 0
0 0 464 112 96 96 64 32 32 16 0 16 0 0 0 0 0 0 0 0 0 0 0 0 48 48 48 16 16 16 0 0 0 0 0 0 0 0 0 0 0 0 0 0 464 48 -80 496 496 496 496 496 208 224 112 64 112 112 48 0 16 0 0 0 0 0 112 48 496 16 16 496 496 -0 192 176 0 224 -0 32 -0 16 16 0 0 0 0 0 96 48 496 16 0 496 496 -0 176 160 0 192 -0 32 -0 0 16 0 0 0 0 0 96 16 496 496 496 -0 -0 288 0 -0 48 128 32 0 0 0 0 0 0 0 0 0 64 16 496 496 496 -0 -0 176 -0 -0 32 80 16 0 0 0 0 0 0 0 0 0 32 16 496 -0 -0 288 176 -0 64 64 0 64 -0 16 0 0 0 0 0 0 0 0 32 0 208 192 176 0 -0 64 -0 -0 16 32 0 0 0 0 0 0 0 0 0 0 16 0 224 176 160 -0 -0 64 -0 -0 16 16 0 0 0 0 0 0 0 0 0 0 0 0 112 0 0 48 32 0 16 16 0 16 0 0 0 0 0 0 0 0 0 0 16 0 64 224 192 128 80 64 32 16 16 -0 0 16 0 0 0 0 0 0 0 0 0 0 112 -0 -0 32 16 -0 0 0 0 0 -0 0 -0 0 0 0 0 0 0 0 0 0 112 32 32 0 0 16 0 0 0 16 0 -0 0 0 0 0 0 0 0 0 0 0 48 -0 -0 0 0 0 0 0 0 0 -0 0 -0 0 0 0 0 0 0 0 0 0 0 16 0 0 0 0 0 0 0 0 0 0 0 0 0 0 0 0 0 0 0 0 16 16 16 0 0 0 0 0 0 0 0 0 0 0 0 0 0 0 0 0 0 0 0 0 0 0 0 0 0 0 0 0 0 0 0 0 0 0 0 0 0 0 0 0 0 0 0 0 0 0 0 0 0 0 0 0 0 0 0 0 0 0 0 0 0 0 0 0 0 0 0 0 0 0 0 0 0 0 0 0 0 0 0 0 0 0 0 0 0 0 0 0 0 0 0 0 0 0 0 0 0 0 0 0 0 0 0 0 0 0 0 0 0 0 0 0 0 0 0 0 0 0 0 0 0 0 0 0 0 0
0 0 32 16 16 16 16 0 0 0 0 0 0 0 0 0 0 0 0 0 0 0 0 0 272 160 96 80 80 80 64 64 32 32 32 32 32 32 16 0 16 0 0 0 32 272 -32 32 0 16 -0 -16 16 0 192 464 112 208 0 16 16 48 48 48 0 0 16 160 32 32 16 16 16 0 16 0 96 224 48 96 16 16 0 16 16 32 0 0 16 96 0 16 0 0 0 -0 0 0 64 160 32 80 0 0 0 16 16 16 0 0 16 80 16 16 0 -0 0 -0 0 -0 32 112 16 48 0 0 0 16 16 16 0 0 16 80 -0 16 0 0 0 -0 0 0 64 128 32 64 0 0 0 16 16 16 0 0 0 80 -16 0 -0 -0 -0 -0 0 -0 48 128 32 64 0 0 0 16 16 16 0 0 0 64 16 16 0 0 0 0 0 0 48 96 32 48 0 0 0 16 16 16 0 0 0 64 0 0 0 -0 0 -0 0 -0 32 80 16 32 0 0 0 16 0 16 0 0 0 32 192 96 64 32 64 48 48 32 0 16 0 0 16 16 0 0 0 0 0 0 0 32 464 224 160 112 128 128 96 80 16 0 16 0 48 32 16 0 0 0 0 0 0 32 112 48 32 16 32 32 32 16 0 16 0 0 16 0 0 0 0 0 0 0 0 32 208 96 80 48 64 64 48 32 0 0 0 0 16 16 0 0 0 0 0 0 0 32 0 16 0 0 0 0 0 0 16 48 16 16 0 0 0 0 0 0 0 0 0 32 16 16 0 0 0 0 0 0 16 32 0 16 0 0 0 0 0 0 0 0 0 16 16 0 0 0 0 0 0 0 0 16 0 0 0 0 0 0 0 0 0 0 0 0 48 16 16 16 16 16 16 16 0 0 0 0 0 0 0 -0 0 0 0 0 0 16 48 16 16 16 16 16 16 0 0 0 0 0 0 0 0 0 0 0 0 0 0 0 48 32 16 16 16 16 16 16 0 0 0 0 0 0 0 0 0 0 0 0 0 0 0 0 0 0 0 0 0 0 0 0 0 0 0 0 0 0 0 0 0 0 0 0 0 0 0 0 0 0 0 0 0 0 0 0 0 0 0 0 0 0 0 0
0 0 304 224 64 32 32 16 16 16 16 16 0 0 0 0 0 0 0 0 0 0 0 0 96 64 16 16 16 16 16 0 0 0 0 0 0 0 0 0 0 0 0 0 304 96 64 496 0 496 496 288 224 256 496 16 48 16 64 16 0 0 0 0 0 0 224 64 496 0 496 496 496 496 496 496 496 208 112 16 48 32 0 0 0 0 0 0 64 16 0 496 -0 224 80 48 32 48 96 0 16 0 16 0 0 0 0 0 0 0 32 16 496 496 224 0 16 16 32 16 0 32 16 16 32 0 0 0 0 0 0 0 32 16 496 496 80 16 0 0 16 0 0 16 0 16 16 0 0 0 0 0 0 0 16 16 288 496 48 16 0 0 0 0 16 0 0 0 16 0 0 0 0 0 0 0 16 16 224 496 32 32 16 0 0 0 16 0 0 0 16 0 0 0 0 0 0 0 16 0 256 496 48 16 0 0 0 0 0 0 0 0 16 0 0 0 0 0 0 0 16 0 496 496 96 0 0 16 16 0 -0 16 0 0 16 0 0 0 0 0 0 0 16 0 16 208 0 32 16 0 0 0 16 -0 0 0 0 0 0 0 0 0 0 0 0 0 48 112 16 16 0 0 0 0 0 0 0 0 0 0 0 0 0 0 0 0 0 0 16 16 0 16 16 0 0 0 0 0 0 0 0 0 0 0 0 0 0 0 0 0 64 48 16 32 16 16 16 16 16 0 0 0 0 0 0 0 0 0 0 0 0 0 16 32 0 0 0 0 0 0 0 0 0 0 0 -0 0 0 0 0 0 0 0 0 0 0 0 0 0 0 0 0 0 0 0 0 0 0 0 0 0 0 0 0 0 0 0 0 0 0 0 0 0 0 0 0 0 0 0 0 0 0 0 0 0 0 0 0 0 0 0 0 0 0 0 0 0 0 0 0 0 0 0 0 0 0 0 0 0 0 0 0 0 0 0 0 0 0 0 0 0 0 0 0 0 0 0 0 0 0 0 0 0 0 0 0 0 0 0 0 0 0 0 0 0 0 0 0 0 0 0 0 0 0 0 0 0 0 0 0 0 0 0 0 0 0 0 0 0 0 0 0 0 0
0 0 208 80 80 32 32 16 16 16 0 0 0 0 0 0 0 0 0 0 0 0 0 0 160 64 48 32 32 16 16 0 0 0 0 0 0 0 0 0 0 0 0 0 208 160 80 0 496 64 16 48 144 32 0 80 16 32 0 32 0 0 0 0 0 0 80 64 0 -16 496 16 -0 16 64 16 0 32 0 16 0 16 0 0 0 0 0 0 80 48 496 496 16 256 176 176 16 32 16 0 0 0 0 0 0 0 0 0 0 0 32 32 64 16 256 16 0 0 32 16 0 16 0 0 0 0 0 0 0 0 0 0 32 32 16 -0 176 0 -0 0 16 0 0 16 0 0 0 0 0 0 0 0 0 0 16 16 48 16 176 0 0 0 16 16 0 16 0 0 0 0 0 0 0 0 0 0 16 16 144 64 16 32 16 16 0 0 0 0 0 0 0 0 0 0 0 0 0 0 16 0 32 16 32 16 0 16 0 0 0 0 0 0 0 0 0 0 0 0 0 0 0 0 0 0 16 0 0 0 0 0 -0 0 0 0 0 0 0 0 0 0 0 0 0 0 80 32 0 16 16 16 0 0 0 0 0 0 0 0 0 0 0 0 0 0 0 0 16 0 0 0 0 0 0 0 0 0 -0 0 0 0 0 0 0 0 0 0 0 0 32 16 0 0 0 0 0 0 0 0 0 -0 0 0 0 0 0 0 0 0 0 0 0 0 0 0 0 0 0 0 0 0 0 0 0 0 0 0 0 0 0 0 0 0 32 16 0 0 0 0 0 0 0 0 0 0 0 0 0 0 0 0 0 0 0 0 0 0 0 0 0 0 0 0 0 0 0 0 0 0 0 0 0 0 0 0 0 0 0 0 0 0 0 0 0 0 0 0 0 0 0 0 0 0 0 0 0 0 0 0 0 0 0 0 0 0 0 0 0 0 0 0 0 0 0 0 0 0 0 0 0 0 0 0 0 0 0 0 0 0 0 0 0 0 0 0 0 0 0 0 0 0 0 0 0 0 0 0 0 0 0 0 0 0 0 0 0 0 0 0 0 0 0 0 0 0 0 0 0 0 0 0 0 0 0 0 0 0 0 0 0 0 0 0 0 0
0 0 112 80 48 48 32 16 16 16 16 16 16 16 16 16 0 0 0 0 0 0 0 0 64 48 48 32 16 16 16 16 16 16 16 16 16 0 0 0 0 0 0 0 112 64 16 496 496 496 496 496 496 496 400 256 304 256 144 240 272 16 32 64 160 128 80 48 496 0 432 16 -0 16 32 0 16 32 16 16 48 0 0 112 64 80 0 0 48 48 496 432 16 288 208 80 48 112 48 16 32 16 0 32 48 32 16 0 32 32 48 32 496 16 288 0 0 16 16 0 16 16 16 0 32 0 0 80 48 48 0 0 32 16 496 -0 208 0 -0 16 16 -0 16 16 16 0 32 0 0 48 32 32 0 0 16 16 496 16 80 16 16 0 0 0 0 0 0 0 16 0 0 32 16 16 0 0 16 16 496 32 48 16 16 0 0 0 0 0 0 -0 0 0 0 16 16 16 0 0 16 16 496 0 112 0 -0 0 0 0 0 0 0 0 16 0 0 32 16 16 0 0 16 16 400 16 48 16 16 0 0 0 -0 0 0 -0 0 0 0 16 16 16 0 0 16 16 256 32 16 16 16 0 0 0 0 0 0 0 0 0 0 16 0 0 0 0 16 16 304 16 32 16 16 0 0 0 0 0 0 -0 0 0 0 16 0 0 0 0 16 16 256 16 16 0 0 0 -0 0 -0 0 -0 -0 0 -0 0 16 0 0 0 0 16 16 144 48 0 32 32 16 0 16 0 0 0 0 -0 0 0 0 0 0 0 0 16 0 240 0 32 0 0 0 0 0 0 0 0 -0 0 -0 0 16 0 0 0 0 0 0 272 0 48 0 0 0 0 0 0 0 0 0 0 0 0 16 0 0 0 0 0 0 16 112 32 80 48 32 16 32 16 16 16 16 0 16 16 -0 0 0 16 0 0 0 32 64 16 48 32 16 16 16 16 0 0 0 0 0 0 0 0 0 0 0 0 0 64 80 0 48 32 16 16 16 16 0 0 0 0 0 0 0 0 -0 0 0 0 0 160 0 32 0 0 0 0 0 0 0 0 0 0 0 0 16 0 0 0 0 0 0 128 0 32 0 0 0 0 0 0 0 0 0 0 0 0 0 0 0 0 0
0 0 400 80 96 32 32 16 16 0 0 0 0 0 0 0 0 0 0 0 0 0 0 0 176 16 16 16 0 0 0 0 0 0 0 0 0 0 0 0 0 0 0 0 400 176 256 496 496 112 496 128 176 112 240 0 16 0 0 0 0 0 0 0 0 0 80 16 496 16 16 112 0 0 0 0 0 -0 0 0 0 0 0 0 0 0 0 0 96 16 496 16 0 144 0 16 0 16 0 -0 0 0 0 0 0 0 0 0 0 0 32 16 112 112 144 0 48 0 16 16 16 0 0 0 0 0 0 0 0 0 0 0 32 0 496 0 0 48 0 0 0 0 0 -0 0 0 0 0 0 0 0 0 0 0 16 0 128 0 16 0 0 0 0 0 0 -0 0 0 0 0 0 0 0 0 0 0 16 0 176 0 0 16 0 0 -0 0 0 -0 0 0 0 0 0 0 0 0 0 0 0 0 112 0 16 16 0 0 0 0 0 -0 0 0 0 0 0 0 0 0 0 0 0 0 240 0 0 16 0 0 0 0 -0 -0 0 0 0 0 0 0 0 0 0 0 0 0 0 -0 -0 0 -0 -0 -0 -0 -0 -0 -0 0 0 0 0 0 0 0 0 0 0 0 16 0 0 0 0 0 0 0 0 -0 -0 0 0 0 0 0 0 0 0 0 0 0 0 0 0 0 0 0 0 0 0 0 0 0 0 0 0 0 0 0 0 0 0 0 0 0 0 0 0 0 0 0 0 0 0 0 0 0 0 0 0 0 0 0 0 0 0 0 0 0 0 0 0 0 0 0 0 0 0 0 0 0 0 0 0 0 0 0 0 0 0 0 0 0 0 0 0 0 0 0 0 0 0 0 0 0 0 0 0 0 0 0 0 0 0 0 0 0 0 0 0 0 0 0 0 0 0 0 0 0 0 0 0 0 0 0 0 0 0 0 0 0 0 0 0 0 0 0 0 0 0 0 0 0 0 0 0 0 0 0 0 0 0 0 0 0 0 0 0 0 0 0 0 0 0 0 0 0 0 0 0 0 0 0 0 0 0 0 0 0 0 0 0 0 0 0 0 0 0 0 0 0 0 0 0 0 0 0 0 0 0 0 0 0 0 0 0 0
0 0 128 96 96 32 16 0 0 0 0 0 0 0 0 0 0 0 0 0 0 0 0 0 192 208 64 32 0 0 0 0 0 0 0 0 0 0 0 0 0 0 0 0 128 192 -32 496 496 496 304 496 16 80 208 16 0 0 0 0 0 0 0 0 0 0 96 208 496 96 496 496 320 160 320 16 32 16 0 0 0 0 0 0 0 0 0 0 96 64 496 496 -16 -16 0 192 80 0 64 16 0 0 0 0 0 0 0 0 0 0 32 32 496 496 -16 -16 0 64 32 0 32 0 0 0 0 0 0 0 0 0 0 0 16 0 304 320 0 0 -0 16 16 0 0 0 0 0 0 0 0 0 0 0 0 0 0 0 496 160 192 64 16 -0 32 0 0 0 0 0 0 0 0 0 0 0 0 0 0 0 16 320 80 32 16 32 0 0 0 0 0 0 0 0 0 0 0 0 0 0 0 0 80 16 0 0 0 0 0 0 0 0 0 0 0 0 0 0 0 0 0 0 0 0 208 32 64 32 0 0 0 0 0 0 0 0 0 0 0 0 0 0 0 0 0 0 16 16 16 0 0 0 0 0 0 -0 0 0 0 0 0 0 0 0 0 0 0 0 0 0 0 0 0 0 0 0 0 0 0 0 0 0 0 0 0 0 0 0 0 0 0 0 0 0 0 0 0 0 0 0 0 0 0 0 0 0 0 0 0 0 0 0 0 0 0 0 0 0 0 0 0 0 0 0 0 0 0 0 0 0 0 0 0 0 0 0 0 0 0 0 0 0 0 0 0 0 0 0 0 0 0 0 0 0 0 0 0 0 0 0 0 0 0 0 0 0 0 0 0 0 0 0 0 0 0 0 0 0 0 0 0 0 0 0 0 0 0 0 0 0 0 0 0 0 0 0 0 0 0 0 0 0 0 0 0 0 0 0 0 0 0 0 0 0 0 0 0 0 0 0 0 0 0 0 0 0 0 0 0 0 0 0 0 0 0 0 0 0 0 0 0 0 0 0 0 0 0 0 0 0 0 0 0 0 0 0 0 0 0 0 0 0 0 0 0 0 0 0 0 0 0 0 0 0 0 0 0 0 0 0 0 0 0 0 0 0
0 0 48 16 0 16 0 0 0 0 0 0 0 0 0 0 0 0 0 0 0 0 0 0 224 144 224 96 96 80 64 64 48 16 16 48 16 16 16 16 16 16 16 16 48 224 16 496 496 496 496 496 480 496 400 0 16 496 192 160 128 192 96 144 64 208 16 144 496 64 496 32 144 64 64 96 48 48 80 112 16 16 0 32 0 32 0 32 0 224 496 496 16 272 48 48 80 48 32 160 240 0 32 16 32 16 16 0 16 0 16 96 496 32 272 0 96 48 48 64 32 48 48 64 0 16 -0 16 0 16 0 32 0 96 496 144 48 96 0 0 0 0 0 48 80 16 16 0 16 0 0 -0 0 0 0 80 496 64 48 48 0 -0 0 0 0 32 48 16 0 0 0 0 0 0 0 0 0 64 480 64 80 48 0 0 0 0 0 16 48 16 0 0 0 0 0 0 0 0 0 64 496 96 48 64 0 0 0 0 0 32 48 16 16 0 0 0 0 0 0 0 0 48 400 48 32 32 0 0 0 0 0 16 32 16 0 0 0 0 0 0 0 0 0 16 0 48 160 48 48 32 16 32 16 -0 0 32 16 0 0 16 0 0 0 16 0 16 16 80 240 48 80 48 48 48 32 0 -0 48 16 16 16 16 16 16 0 16 0 48 496 112 0 64 16 16 16 16 16 32 48 -0 16 0 16 0 0 0 0 0 0 16 192 16 32 0 16 0 0 16 0 16 16 16 0 0 -0 0 0 0 0 0 0 16 160 16 16 16 0 0 0 0 0 0 16 0 0 0 0 0 0 0 0 0 0 16 128 0 32 -0 16 0 0 0 0 0 16 16 -0 0 -0 0 0 0 -0 0 0 16 192 32 16 16 0 0 0 0 0 16 16 0 0 0 0 0 0 0 0 0 0 16 96 0 16 0 0 0 0 0 0 0 16 0 0 0 0 0 0 0 0 0 0 16 144 32 0 16 -0 0 0 0 0 0 16 0 0 0 0 0 0 -0 0 0 0 16 64 0 16 0 0 0 0 0 0 0 0 0 0 0 -0 0 0 0 -0 0 0 16 208 32 0 32 0 0 0 0 0 16 16 0 0 0 0 0 0 0 0 0
0 0 288 176 128 64 32 16 0 0 0 0 0 0 0 0 0 0 0 0 0 0 0 0 160 32 32 16 0 16 0 0 0 0 0 0 0 0 0 0 0 0 0 0 288 160 -240 496 496 448 496 0 112 16 0 0 0 0 0 0 0 0 0 0 0 0 176 32 496 16 16 48 16 160 208 16 0 0 0 0 0 0 0 0 0 0 0 0 128 32 496 16 0 64 0 128 176 16 0 0 0 0 0 0 0 0 0 0 0 0 64 16 448 48 64 -16 16 32 64 0 0 0 0 0 0 0 0 0 0 0 0 0 32 0 496 16 0 16 0 48 48 0 0 0 0 0 0 0 0 0 0 0 0 0 16 16 0 160 128 32 48 0 0 0 0 0 0 0 0 0 0 0 0 0 0 0 0 0 112 208 176 64 48 0 0 0 0 0 0 0 0 0 0 0 0 0 0 0 0 0 16 16 16 0 0 0 0 0 0 0 0 0 0 0 0 0 0 0 0 0 0 0 0 0 0 0 0 0 0 0 0 0 0 0 0 0 0 0 0 0 0 0 0 0 0 0 0 0 0 0 0 0 0 0 0 0 0 0 0 0 0 0 0 0 0 0 0 0 0 0 0 0 0 0 0 0 0 0 0 0 0 0 0 0 0 0 0 0 0 0 0 0 0 0 0 0 0 0 0 0 0 0 0 0 0 0 0 0 0 0 0 0 0 0 0 0 0 0 0 0 0 0 0 0 0 0 0 0 0 0 0 0 0 0 0 0 0 0 0 0 0 0 0 0 0 0 0 0 0 0 0 0 0 0 0 0 0 0 0 0 0 0 0 0 0 0 0 0 0 0 0 0 0 0 0 0 0 0 0 0 0 0 0 0 0 0 0 0 0 0 0 0 0 0 0 0 0 0 0 0 0 0 0 0 0 0 0 0 0 0 0 0 0 0 0 0 0 0 0 0 0 0 0 0 0 0 0 0 0 0 0 0 0 0 0 0 0 0 0 0 0 0 0 0 0 0 0 0 0 0 0 0 0 0 0 0 0 0 0 0 0 0 0 0 0 0 0 0 0 0 0 0 0 0 0 0 0 0 0 0 0 0 0 0
0 0 112 0 0 0 0 0 0 0 0 0 0 0 0 0 0 0 0 0 0 0 0 0 496 64 32 0 0 0 0 0 0 0 0 0 0 0 0 0 0 0 0 0 112 496 496 -32 64 64 96 64 64 0 0 0 0 0 0 0 0 0 0 0 0 0 0 64 -32 -0 0 0 0 0 0 0 0 0 0 0 0 0 0 0 0 0 0 0 0 32 64 0 0 0 0 0 0 0 0 0 0 0 0 0 0 0 0 0 0 0 0 0 64 0 0 -0 0 0 0 0 0 0 0 0 0 0 0 0 0 0 0 0 0 0 96 0 0 0 -0 0 0 0 0 0 0 0 0 0 0 0 0 0 0 0 0 0 64 0 0 0 0 0 0 0 0 0 0 0 0 0 0 0 0 0 0 0 0 0 64 0 0 0 0 0 0 0 0 0 0 0 0 0 0 0 0 0 0 0 0 0 0 0 0 0 0 0 0 0 0 0 0 0 0 0 0 0 0 0 0 0 0 0 0 0 0 0 0 0 0 0 0 0 0 0 0 0 0 0 0 0 0 0 0 0 0 0 0 0 0 0 0 0 0 0 0 0 0 0 0 0 0 0 0 0 0 0 0 0 0 0 0 0 0 0 0 0 0 0 0 0 0 0 0 0 0 0 0 0 0 0 0 0 0 0 0 0 0 0 0 0 0 0 0 0 0 0 0 0 0 0 0 0 0 0 0 0 0 0 0 0 0 0 0 0 0 0 0 0 0 0 0 0 0 0 0 0 0 0 0 0 0 0 0 0 0 0 0 0 0 0 0 0 0 0 0 0 0 0 0 0 0 0 0 0 0 0 0 0 0 0 0 0 0 0 0 0 0 0 0 0 0 0 0 0 0 0 0 0 0 0 0 0 0 0 0 0 0 0 0 0 0 0 0 0 0 0 0 0 0 0 0 0 0 0 0 0 0 0 0 0 0 0 0 0 0 0 0 0 0 0 0 0 0 0 0 0 0 0 0 0 0 0 0 0 0 0 0 0 0 0 0 0 0 0 0 0 0 0 0 0 0 0 0 0 0 0 0 0 0 0 0 0 0 0 0 0 0 0 0 0 0 0 0 0
0 0 16 0 0 0 0 0 0 0 0 0 0 0 0 0 0 0 0 0 0 0 0 0 496 240 160 128 112 80 64 48 32 0 0 0 0 0 0 0 0 0 0 0 16 496 464 160 48 64 128 32 48 32 16 16 0 0 0 0 0 0 0 0 0 0 0 240 160 32 16 32 16 0 0 16 0 0 0 0 0 0 0 0 0 0 0 0 0 160 48 16 -0 0 32 0 0 0 0 0 0 0 0 0 0 0 0 0 0 0 0 128 64 32 0 0 32 0 16 0 0 0 0 0 0 0 0 0 0 0 0 0 0 112 128 16 32 32 -0 0 0 0 -0 0 0 0 0 0 0 0 0 0 0 0 0 80 32 0 0 0 0 -0 -0 0 -0 0 0 0 0 0 0 0 0 0 0 0 0 64 48 0 0 16 0 -0 -0 0 -0 0 0 0 0 0 0 0 0 0 0 0 0 48 32 16 0 0 0 0 0 0 0 0 0 0 0 0 0 0 0 0 0 0 0 32 16 0 0 0 -0 -0 -0 0 -0 0 0 0 0 0 0 0 0 0 0 0 0 0 16 0 0 0 0 0 0 0 0 -0 0 0 0 0 0 0 0 0 0 0 0 0 0 0 0 0 0 0 0 0 0 0 0 0 0 0 0 0 0 0 0 0 0 0 0 0 0 0 0 0 0 0 0 0 0 0 0 0 0 0 0 0 0 0 0 0 0 0 0 0 0 0 0 0 0 0 0 0 0 0 0 0 0 0 0 0 0 0 0 0 0 0 0 0 0 0 0 0 0 0 0 0 0 0 0 0 0 0 0 0 0 0 0 0 0 0 0 0 0 0 0 0 0 0 0 0 0 0 0 0 0 0 0 0 0 0 0 0 0 0 0 0 0 0 0 0 0 0 0 0 0 0 0 0 0 0 0 0 0 0 0 0 0 0 0 0 0 0 0 0 0 0 0 0 0 0 0 0 0 0 0 0 0 0 0 0 0 0 0 0 0 0 0 0 0 0 0 0 0 0 0 0 0 0 0 0 0 0 0 0 0 0 0 0 0 0 0 0 0 0 0 0 0 0 0 0 0 0 0 0 0 0 0 0 0 0 0 0 0 0
0 0 320 176 80 32 32 32 32 16 0 0 0 0 0 0 0 0 0 0 0 0 0 0 160 32 16 16 16 0 0 0 0 0 0 0 0 0 0 0 0 0 0 0 320 160 -128 496 496 -32 48 352 448 208 0 16 16 64 64 0 32 16 0 0 0 0 176 32 496 80 0 160 272 16 0 16 32 16 48 32 64 16 16 16 0 0 0 0 80 16 496 0 -16 64 112 -0 -0 0 16 0 16 16 32 0 16 0 0 0 0 0 32 16 -32 160 64 -0 0 32 48 16 0 0 0 0 0 0 0 0 0 0 0 0 32 16 48 272 112 0 -0 48 64 32 0 0 0 16 0 0 0 0 0 0 0 0 32 0 352 16 -0 32 48 0 0 0 0 0 16 0 16 0 0 0 0 0 0 0 32 0 448 0 -0 48 64 0 -0 0 16 0 16 0 16 0 0 0 0 0 0 0 16 0 208 16 0 16 32 0 0 0 0 0 0 0 0 0 0 0 0 0 0 0 0 0 0 32 16 0 0 0 16 0 0 0 0 0 0 0 0 0 0 0 0 0 0 0 16 16 0 0 0 0 0 0 0 0 0 0 0 0 0 0 0 0 0 0 0 0 16 48 16 0 0 16 16 0 0 0 0 0 0 0 0 0 0 0 0 0 0 0 64 32 16 0 16 0 0 0 0 0 0 -0 0 0 0 0 0 0 0 0 0 0 64 64 32 0 0 16 16 0 0 0 0 0 -0 0 0 0 0 0 0 0 0 0 0 16 0 0 0 0 0 0 0 0 0 0 0 0 0 0 0 0 0 0 0 0 32 16 16 0 0 0 0 0 0 0 0 0 0 0 -0 0 0 0 0 0 0 0 16 16 0 0 0 0 0 0 0 0 0 0 0 0 0 -0 0 0 0 0 0 0 0 0 0 0 0 0 0 0 0 0 0 0 0 0 0 0 0 0 0 0 0 0 0 0 0 0 0 0 0 0 0 0 0 0 0 0 0 0 0 0 0 0 0 0 0 0 0 0 0 0 0 0 0 0 0 0 0 0 0 0 0 0 0 0 0 0 0 0 0 0 0 0 0 0 0 0 0 0 0 0 0 0 0 0 0 0
0 0 64 48 32 0 0 0 0 0 0 0 0 0 0 0 0 0 0 0 0 0 0 0 384 400 224 48 32 32 16 0 0 0 0 0 0 0 0 0 0 0 0 0 64 384 -96 496 496 -16 160 112 80 16 16 48 16 16 0 0 0 0 0 0 0 0 48 400 496 -112 -48 192 16 0 192 0 64 80 16 0 0 0 0 0 0 0 0 0 32 224 496 -48 -32 112 0 0 112 -0 32 48 0 0 0 0 0 0 0 0 0 0 0 48 -16 192 112 -0 16 16 16 0 0 0 0 0 0 0 0 0 0 0 0 0 0 32 160 16 0 16 0 0 16 0 0 0 0 0 0 0 0 0 0 0 0 0 0 32 112 0 0 16 0 0 16 -0 0 0 0 0 0 0 0 0 0 0 0 0 0 16 80 192 112 16 16 16 -0 0 0 0 0 0 0 0 0 0 0 0 0 0 0 0 16 0 -0 0 0 -0 0 -0 0 0 0 0 0 0 0 0 0 0 0 0 0 0 16 64 32 0 0 0 0 0 0 0 0 0 0 0 0 0 0 0 0 0 0 0 48 80 48 0 0 0 0 0 0 0 0 0 0 0 0 0 0 0 0 0 0 0 16 16 0 0 0 0 0 0 0 0 0 0 0 0 0 0 0 0 0 0 0 0 16 0 0 0 0 0 0 0 0 0 0 0 0 0 0 0 0 0 0 0 0 0 0 0 0 0 0 0 0 0 0 0 0 0 0 0 0 0 0 0 0 0 0 0 0 0 0 0 0 0 0 0 0 0 0 0 0 0 0 0 0 0 0 0 0 0 0 0 0 0 0 0 0 0 0 0 0 0 0 0 0 0 0 0 0 0 0 0 0 0 0 0 0 0 0 0 0 0 0 0 0 0 0 0 0 0 0 0 0 0 0 0 0 0 0 0 0 0 0 0 0 0 0 0 0 0 0 0 0 0 0 0 0 0 0 0 0 0 0 0 0 0 0 0 0 0 0 0 0 0 0 0 0 0 0 0 0 0 0 0 0 0 0 0 0 0 0 0 0 0 0 0 0 0 0 0 0 0 0 0 0 0 0 0 0 0 0 0 0 0 0 0 0 0 0 0
0 0 32 16 0 0 0 0 0 0 0 0 0 0 0 0 0 0 0 0 0 0 0 0 496 256 80 112 96 48 48 16 0 0 0 0 0 0 0 0 0 0 0 0 32 496 -480 496 496 -48 -0 496 -16 16 80 16 0 0 0 0 0 0 0 0 0 0 16 256 496 -48 16 272 208 -16 112 80 0 -0 0 0 0 0 0 0 0 0 0 0 0 80 496 16 0 144 112 0 48 32 0 -0 0 0 0 0 0 0 0 0 0 0 0 112 -48 272 144 -0 -0 80 -0 0 16 0 0 0 0 0 0 0 0 0 0 0 0 96 -0 208 112 -0 0 64 0 0 0 0 0 0 0 0 0 0 0 0 0 0 0 48 496 -16 0 80 64 -0 32 16 0 -0 0 0 0 0 0 0 0 0 0 0 0 48 -16 112 48 -0 0 32 -0 0 0 0 0 0 0 0 0 0 0 0 0 0 0 16 16 80 32 0 0 16 0 -0 0 0 0 0 0 0 0 0 0 0 0 0 0 0 80 0 0 16 0 0 0 0 -0 -0 0 0 0 0 0 0 0 0 0 0 0 0 16 -0 -0 0 0 -0 0 0 -0 -0 0 0 0 0 0 0 0 0 0 0 0 0 0 0 0 0 0 0 0 0 0 0 0 0 0 0 0 0 0 0 0 0 0 0 0 0 0 0 0 0 0 0 0 0 0 0 0 0 0 0 0 0 0 0 0 0 0 0 0 0 0 0 0 0 0 0 0 0 0 0 0 0 0 0 0 0 0 0 0 0 0 0 0 0 0 0 0 0 0 0 0 0 0 0 0 0 0 0 0 0 0 0 0 0 0 0 0 0 0 0 0 0 0 0 0 0 0 0 0 0 0 0 0 0 0 0 0 0 0 0 0 0 0 0 0 0 0 0 0 0 0 0 0 0 0 0 0 0 0 0 0 0 0 0 0 0 0 0 0 0 0 0 0 0 0 0 0 0 0 0 0 0 0 0 0 0 0 0 0 0 0 0 0 0 0 0 0 0 0 0 0 0 0 0 0 0 0 0 0 0 0 0 0 0 0 0 0 0 0 0 0 0 0 0 0 0 0 0 0 0 0 0 0 0 0 0 0 0 0 0
0 0 224 144 0 0 0 0 0 0 0 0 0 0 0 0 0 0 0 0 0 0 0 0 320 112 0 0 0 0 0 0 0 0 0 0 0 0 0 0 0 0 0 0 224 320 272 496 208 240 160 80 96 128 0 0 0 0 0 0 0 0 0 0 0 0 144 112 496 0 0 0 240 80 16 0 0 0 0 0 0 0 0 0 0 0 0 0 0 0 208 0 -0 0 16 0 0 0 0 0 0 0 0 0 0 0 0 0 0 0 0 0 240 0 0 -0 16 0 0 0 0 0 0 0 0 0 0 0 0 0 0 0 0 0 160 240 16 16 0 0 0 0 0 0 0 0 0 0 0 0 0 0 0 0 0 0 80 80 0 0 0 -0 0 0 0 0 0 0 0 0 0 0 0 0 0 0 0 0 96 16 0 0 0 0 0 0 0 0 0 0 0 0 0 0 0 0 0 0 0 0 128 0 0 0 0 0 0 0 0 0 0 0 0 0 0 0 0 0 0 0 0 0 0 0 0 0 0 0 0 0 0 0 0 0 0 0 0 0 0 0 0 0 0 0 0 0 0 0 0 0 0 0 0 0 0 0 0 0 0 0 0 0 0 0 0 0 0 0 0 0 0 0 0 0 0 0 0 0 0 0 0 0 0 0 0 0 0 0 0 0 0 0 0 0 0 0 0 0 0 0 0 0 0 0 0 0 0 0 0 0 0 0 0 0 0 0 0 0 0 0 0 0 0 0 0 0 0 0 0 0 0 0 0 0 0 0 0 0 0 0 0 0 0 0 0 0 0 0 0 0 0 0 0 0 0 0 0 0 0 0 0 0 0 0 0 0 0 0 0 0 0 0 0 0 0 0 0 0 0 0 0 0 0 0 0 0 0 0 0 0 0 0 0 0 0 0 0 0 0 0 0 0 0 0 0 0 0 0 0 0 0 0 0 0 0 0 0 0 0 0 0 0 0 0 0 0 0 0 0 0 0 0 0 0 0 0 0 0 0 0 0 0 0 0 0 0 0 0 0 0 0 0 0 0 0 0 0 0 0 0 0 0 0 0 0 0 0 0 0 0 0 0 0 0 0 0 0 0 0 0 0 0 0 0
0 0 496 496 336 160 128 128 16 0 0 0 0 0 0 0 0 0 0 0 0 0 0 0 48 16 16 16 0 0 0 0 0 0 0 0 0 0 0 0 0 0 0 0 496 48 128 496 496 16 496 496 176 32 0 0 0 0 0 0 0 0 0 0 0 0 496 16 496 -64 -0 496 -0 -0 -16 16 0 0 0 0 0 0 0 0 0 0 0 0 336 16 496 -0 0 496 0 16 -0 16 0 0 0 0 0 0 0 0 0 0 0 0 160 16 16 496 496 -0 224 256 32 0 0 0 0 0 0 0 0 0 0 0 0 0 128 0 496 -0 0 224 0 0 -0 0 0 0 0 0 0 0 0 0 0 0 0 0 128 0 496 -0 16 256 0 0 -0 0 0 0 0 0 0 0 0 0 0 0 0 0 16 0 176 -16 -0 32 -0 -0 -0 0 0 0 0 0 0 0 0 0 0 0 0 0 0 0 32 16 16 0 0 0 0 0 0 0 0 0 0 0 0 0 0 0 0 0 0 0 0 0 0 0 0 0 0 0 0 0 0 0 0 0 0 0 0 0 0 0 0 0 0 0 0 0 0 0 0 0 0 0 0 0 0 0 0 0 0 0 0 0 0 0 0 0 0 0 0 0 0 0 0 0 0 0 0 0 0 0 0 0 0 0 0 0 0 0 0 0 0 0 0 0 0 0 0 0 0 0 0 0 0 0 0 0 0 0 0 0 0 0 0 0 0 0 0 0 0 0 0 0 0 0 0 0 0 0 0 0 0 0 0 0 0 0 0 0 0 0 0 0 0 0 0 0 0 0 0 0 0 0 0 0 0 0 0 0 0 0 0 0 0 0 0 0 0 0 0 0 0 0 0 0 0 0 0 0 0 0 0 0 0 0 0 0 0 0 0 0 0 0 0 0 0 0 0 0 0 0 0 0 0 0 0 0 0 0 0 0 0 0 0 0 0 0 0 0 0 0 0 0 0 0 0 0 0 0 0 0 0 0 0 0 0 0 0 0 0 0 0 0 0 0 0 0 0 0 0 0 0 0 0 0 0 0 0 0 0 0 0 0 0 0 0 0 0 0 0 0 0 0 0 0 0 0 0 0 0 0 0 0
0 0 32 32 16 0 0 0 0 0 0 0 0 0 0 0 0 0 0 0 0 0 0 0 224 144 48 32 48 32 32 16 16 16 16 16 16 16 0 0 0 0 0 0 32 224 128 496 192 96 48 32 80 64 32 32 48 16 48 0 16 0 0 0 0 0 32 144 496 -16 16 -16 160 144 96 160 -0 0 0 32 144 32 32 0 16 0 0 0 16 48 192 16 0 -0 64 48 48 48 0 0 0 16 48 16 16 0 0 0 0 0 0 32 96 -16 -0 -0 32 32 16 32 -0 -0 0 0 16 0 0 0 0 0 0 0 0 48 48 160 64 32 0 16 0 16 16 16 16 0 0 0 0 0 0 0 0 0 0 32 32 144 48 32 16 -0 16 0 16 0 16 0 0 0 0 0 -0 0 0 0 0 32 80 96 48 16 0 16 0 16 0 0 0 0 0 0 0 0 0 0 0 0 0 16 64 160 48 32 16 0 16 -0 16 16 16 0 0 0 0 0 0 0 0 0 0 16 32 -0 0 -0 16 16 0 16 -0 -0 0 0 16 0 0 0 0 0 0 0 0 16 32 0 0 -0 16 0 0 16 -0 -0 0 0 0 0 0 0 0 0 0 0 0 16 48 0 0 0 16 16 0 16 0 0 -0 0 16 0 0 -0 0 0 0 0 0 16 16 32 16 0 0 0 0 0 0 0 0 0 0 0 0 0 0 0 0 0 0 16 48 144 48 16 0 0 0 0 16 0 16 0 0 0 0 0 0 0 0 0 0 16 0 32 16 0 0 0 0 0 0 0 0 0 0 -0 0 0 0 0 0 0 0 0 16 32 16 0 0 0 0 0 0 0 0 0 0 0 -0 0 -0 0 0 0 0 0 0 0 0 0 0 0 0 0 0 0 -0 0 0 0 0 -0 0 0 0 0 0 0 0 16 0 0 0 -0 0 0 0 0 0 0 0 0 -0 0 -0 0 0 0 0 0 0 0 0 0 0 0 0 0 0 0 0 0 0 0 0 0 0 0 0 0 0 0 0 0 0 0 0 0 0 0 0 0 0 0 0 0 0 0 0 0 0 0 0 0 0 0 0 0 0 0 0 0 0 0 0 0 0 0 0 0 0 0 0 0
0 0 192 128 80 48 48 32 32 16 0 0 0 0 0 0 0 0 0 0 0 0 0 0 48 48 48 32 32 16 16 16 0 0 0 0 0 0 0 0 0 0 0 0 192 48 48 80 496 496 496 32 0 160 144 16 160 64 64 32 0 0 0 0 0 0 128 48 80 32 416 416 384 16 0 96 64 0 96 32 32 16 0 0 0 0 0 0 80 48 496 416 -0 32 16 160 112 16 0 16 32 0 16 0 0 0 0 0 0 0 48 32 496 416 32 16 0 144 112 16 0 16 16 0 0 0 0 0 0 0 0 0 48 32 496 384 16 0 0 144 96 0 0 16 16 0 0 0 0 0 0 0 0 0 32 16 32 16 160 144 144 -0 0 32 32 0 32 16 16 0 0 0 0 0 0 0 32 16 0 0 112 112 96 0 -0 32 16 0 32 16 0 0 0 0 0 0 0 0 16 16 160 96 16 16 0 32 32 0 0 0 0 0 0 0 0 0 0 0 0 0 0 0 144 64 0 0 0 32 16 0 -0 0 0 0 0 0 0 0 0 0 0 0 0 0 16 0 16 16 16 0 0 0 0 -0 0 0 0 0 0 0 0 0 0 0 0 0 160 96 32 16 16 32 32 0 0 0 -0 0 0 0 0 0 0 0 0 0 0 0 64 32 0 0 0 16 16 0 0 0 0 -0 0 0 0 0 0 0 0 0 0 0 64 32 16 0 0 16 0 0 0 0 0 0 -0 0 0 0 0 0 0 0 0 0 32 16 0 0 0 0 0 0 0 0 0 0 0 0 0 0 0 0 0 0 0 0 0 0 0 0 0 0 0 0 0 0 0 0 0 0 0 0 0 0 0 0 0 0 0 0 0 0 0 0 0 0 0 0 0 0 0 0 0 0 0 0 0 0 0 0 0 0 0 0 0 0 0 0 0 0 0 0 0 0 0 0 0 0 0 0 0 0 0 0 0 0 0 0 0 0 0 0 0 0 0 0 0 0 0 0 0 0 0 0 0 0 0 0 0 0 0 0 0 0 0 0 0 0 0 0 0 0 0 0 0 0 0 0 0 0 0 0 0 0 0 0 0 0 0 0 0 0 0 0 0 0
0 0 192 96 48 16 16 16 0 16 0 0 0 0 0 0 0 0 0 0 0 0 0 0 80 128 64 16 16 0 16 0 0 0 0 0 0 0 0 0 0 0 0 0 192 80 -16 496 496 496 128 176 496 128 144 48 64 0 0 0 0 0 0 0 0 0 96 128 496 32 -16 -0 80 320 112 160 16 48 16 0 0 0 0 0 0 0 0 0 48 64 496 -16 -32 -0 32 144 64 80 0 32 16 0 0 0 0 0 0 0 0 0 16 16 496 -0 -0 -0 16 48 16 32 0 16 0 0 0 0 0 0 0 0 0 0 16 16 128 80 32 16 0 16 32 0 0 0 0 0 0 0 0 0 0 0 0 0 16 0 176 320 144 48 16 0 64 0 16 0 0 0 0 0 0 0 0 0 0 0 0 16 496 112 64 16 32 64 -0 32 0 16 0 0 0 0 0 0 0 0 0 0 16 0 128 160 80 32 0 0 32 -0 0 0 0 0 0 0 0 0 0 0 0 0 0 0 144 16 0 0 0 16 0 0 0 0 0 0 0 0 0 0 0 0 0 0 0 0 48 48 32 16 0 0 16 0 0 0 0 0 0 0 0 0 0 0 0 0 0 0 64 16 16 0 0 0 0 0 0 0 0 0 0 0 0 0 0 0 0 0 0 0 0 0 0 0 0 0 0 0 0 0 0 0 0 0 0 0 0 0 0 0 0 0 0 0 0 0 0 0 0 0 0 0 0 0 0 0 0 0 0 0 0 0 0 0 0 0 0 0 0 0 0 0 0 0 0 0 0 0 0 0 0 0 0 0 0 0 0 0 0 0 0 0 0 0 0 0 0 0 0 0 0 0 0 0 0 0 0 0 0 0 0 0 0 0 0 0 0 0 0 0 0 0 0 0 0 0 0 0 0 0 0 0 0 0 0 0 0 0 0 0 0 0 0 0 0 0 0 0 0 0 0 0 0 0 0 0 0 0 0 0 0 0 0 0 0 0 0 0 0 0 0 0 0 0 0 0 0 0 0 0 0 0 0 0 0 0 0 0 0 0 0 0 0 0 0 0 0 0 0 0 0 0 0 0 0 0 0 0 0 0 0 0 0 0 0 0
0 0 32 32 16 16 0 0 0 0 0 0 0 0 0 0 0 0 0 0 0 0 0 0 496 272 112 144 96 64 32 32 16 16 16 0 16 16 0 0 0 0 0 0 32 496 192 496 496 496 112 80 496 416 352 192 48 224 16 16 16 32 -0 48 16 0 32 272 496 -48 496 496 320 144 304 432 192 96 128 96 32 32 16 16 16 16 0 0 16 112 496 496 -32 304 352 144 -0 48 -0 0 80 0 32 32 32 32 0 0 0 0 16 144 496 496 304 32 272 160 80 16 48 32 32 16 32 32 16 32 0 0 0 0 0 96 112 320 352 272 0 16 96 80 64 32 0 32 0 0 0 0 0 0 0 0 0 64 80 144 144 160 16 0 48 32 32 16 0 16 0 0 0 0 -0 0 0 0 0 32 496 304 -0 80 96 48 0 16 0 0 16 0 16 0 0 16 0 0 0 0 0 32 416 432 48 16 80 32 16 0 0 0 16 0 0 0 0 0 0 0 0 0 0 16 352 192 -0 48 64 32 0 0 -0 -0 16 0 0 0 0 0 0 0 0 0 0 16 192 96 0 32 32 16 0 0 -0 0 0 0 0 0 0 0 0 0 0 0 0 16 48 128 80 32 0 0 16 16 16 0 -0 0 0 0 0 0 0 0 0 0 0 0 224 96 0 16 32 16 0 0 0 0 0 -0 0 0 0 0 0 0 0 0 0 16 16 32 32 32 0 0 16 0 0 0 0 0 0 0 0 0 -0 0 0 0 0 16 16 32 32 32 0 0 0 0 0 0 0 0 0 0 0 0 0 0 0 0 0 0 16 16 32 16 0 0 0 0 0 0 0 0 0 0 0 0 0 0 0 0 0 0 32 16 32 32 0 0 16 0 0 0 0 0 0 0 0 0 0 0 0 0 0 0 -0 16 0 0 0 -0 0 0 0 0 0 0 -0 0 0 0 -0 0 0 0 0 0 48 16 0 0 0 0 0 0 0 0 0 0 0 0 0 0 0 0 0 0 0 0 16 0 0 0 0 0 0 0 0 0 0 0 0 0 0 0 0 0 0 0 0 0 0 0 0 0 0 0 0 0 0 0 0 0 0 0 0 0 0 0 0 0
0 0 208 64 32 32 16 16 16 0 0 0 0 0 0 0 0 0 0 0 0 0 0 0 144 96 48 32 16 16 16 16 16 0 16 0 0 0 0 0 0 0 0 0 208 144 192 496 496 496 496 496 112 368 496 496 256 224 144 272 0 0 0 0 0 0 64 96 496 32 192 464 0 80 176 0 64 112 0 16 16 32 0 0 0 0 0 0 32 48 496 192 -16 48 32 -0 96 16 0 16 16 0 -0 16 0 0 0 0 0 0 32 32 496 464 48 16 96 16 128 48 0 0 32 0 0 32 0 0 0 0 0 0 16 16 496 0 32 96 -0 16 32 -0 16 16 0 0 0 0 0 0 0 0 0 0 16 16 496 80 -0 16 16 0 48 0 0 0 0 0 0 16 0 0 0 0 0 0 16 16 112 176 96 128 32 48 -0 32 32 32 16 16 0 16 0 0 0 0 0 0 0 16 368 0 16 48 -0 0 32 -0 0 16 0 0 0 0 0 0 0 0 0 0 0 16 496 64 0 0 16 0 32 0 0 0 0 0 0 0 0 0 0 0 0 0 0 0 496 112 16 0 16 0 32 16 0 0 16 0 0 0 0 0 0 0 0 0 0 16 256 0 16 32 0 0 16 0 0 16 -0 0 0 0 0 0 0 0 0 0 0 0 224 16 0 0 0 0 16 0 0 0 0 0 0 0 0 0 0 0 0 0 0 0 144 16 -0 0 0 0 0 0 0 0 0 0 -0 0 0 0 0 0 0 0 0 0 272 32 16 32 0 16 16 0 0 0 0 0 0 0 0 0 0 0 0 0 0 0 0 0 0 0 0 0 0 0 0 0 0 0 0 0 0 0 0 0 0 0 0 0 0 0 0 0 0 0 0 0 0 0 0 0 0 0 0 0 0 0 0 0 0 0 0 0 0 0 0 0 0 0 0 0 0 0 0 0 0 0 0 0 0 0 0 0 0 0 0 0 0 0 0 0 0 0 0 0 0 0 0 0 0 0 0 0 0 0 0 0 0 0 0 0 0 0 0 0 0 0 0 0 0 0 0 0 0 0 0 0 0 0 0 0 0 0 0 0 0 0 0 0 0 0 0 0 0 0 0 0
0 0 32 16 0 0 0 0 0 0 0 0 0 0 0 0 0 0 0 0 0 0 0 0 496 496 240 128 80 32 16 16 0 0 0 0 0 0 0 0 0 0 0 0 32 496 -512 496 -112 -48 176 0 32 32 16 0 0 0 0 0 0 0 0 0 0 0 16 496 496 112 496 400 16 160 160 -48 0 0 0 0 0 0 0 0 0 0 0 0 0 240 -112 496 -16 -16 48 0 16 0 0 0 0 0 0 0 0 0 0 0 0 0 0 128 -48 400 -16 -0 16 0 0 0 0 0 0 0 0 0 0 0 0 0 0 0 0 80 176 16 48 16 -0 16 16 -0 0 0 0 0 0 0 0 0 0 0 0 0 0 32 0 160 0 0 16 0 0 0 0 0 0 0 0 0 0 0 0 0 0 0 0 16 32 160 16 0 16 0 0 0 0 0 0 0 0 0 0 0 0 0 0 0 0 16 32 -48 0 0 -0 0 0 -0 0 0 0 0 0 0 0 0 0 0 0 0 0 0 16 0 0 0 0 0 0 0 0 0 0 0 0 0 0 0 0 0 0 0 0 0 0 0 0 0 0 0 0 0 0 0 0 0 0 0 0 0 0 0 0 0 0 0 0 0 0 0 0 0 0 0 0 0 0 0 0 0 0 0 0 0 0 0 0 0 0 0 0 0 0 0 0 0 0 0 0 0 0 0 0 0 0 0 0 0 0 0 0 0 0 0 0 0 0 0 0 0 0 0 0 0 0 0 0 0 0 0 0 0 0 0 0 0 0 0 0 0 0 0 0 0 0 0 0 0 0 0 0 0 0 0 0 0 0 0 0 0 0 0 0 0 0 0 0 0 0 0 0 0 0 0 0 0 0 0 0 0 0 0 0 0 0 0 0 0 0 0 0 0 0 0 0 0 0 0 0 0 0 0 0 0 0 0 0 0 0 0 0 0 0 0 0 0 0 0 0 0 0 0 0 0 0 0 0 0 0 0 0 0 0 0 0 0 0 0 0 0 0 0 0 0 0 0 0 0 0 0 0 0 0 0 0 0 0 0 0 0 0 0 0 0 0 0 0 0 0 0 0 0 0 0 0 0 0 0 0 0 0 0 0 0
0 0 160 96 32 32 16 16 16 16 16 0 0 0 0 0 0 0 0 0 0 0 0 0 224 64 48 32 16 0 0 0 0 0 0 0 0 0 0 0 0 0 0 0 160 224 0 496 -0 32 208 304 496 288 320 48 80 0 0 0 0 0 0 0 0 0 96 64 496 -0 496 304 0 0 48 0 16 16 0 16 0 0 0 0 0 0 0 0 32 48 -0 496 -0 0 48 80 144 80 80 16 16 0 0 0 0 0 0 0 0 0 32 32 32 304 0 0 32 48 80 48 48 0 16 0 0 0 0 0 0 0 0 0 16 16 208 0 48 32 -0 0 0 0 0 0 0 0 0 0 0 0 0 0 0 0 16 0 304 0 80 48 0 -0 0 0 0 0 0 0 0 0 0 0 0 0 0 0 16 0 496 48 144 80 0 0 -0 0 0 0 0 0 0 0 0 0 0 0 0 0 16 0 288 0 80 48 0 0 0 -0 0 0 0 0 0 0 0 0 0 0 0 0 16 0 320 16 80 48 0 0 0 0 0 0 0 0 0 0 0 0 0 0 0 0 0 0 48 16 16 0 0 0 0 0 0 0 0 0 0 0 0 0 0 0 0 0 0 0 80 0 16 16 0 0 0 0 0 0 -0 0 0 0 0 0 0 0 0 0 0 0 0 16 0 0 0 0 0 0 0 0 0 -0 0 0 0 0 0 0 0 0 0 0 0 0 0 0 0 0 0 0 0 0 0 0 0 0 0 0 0 0 0 0 0 0 0 0 0 0 0 0 0 0 0 0 0 0 0 0 0 0 0 0 0 0 0 0 0 0 0 0 0 0 0 0 0 0 0 0 0 0 0 0 0 0 0 0 0 0 0 0 0 0 0 0 0 0 0 0 0 0 0 0 0 0 0 0 0 0 0 0 0 0 0 0 0 0 0 0 0 0 0 0 0 0 0 0 0 0 0 0 0 0 0 0 0 0 0 0 0 0 0 0 0 0 0 0 0 0 0 0 0 0 0 0 0 0 0 0 0 0 0 0 0 0 0 0 0 0 0 0 0 0 0 0 0 0 0 0 0 0 0 0 0 0 0 0 0 0 0 0 0 0 0 0 0 0
0 0 96 16 32 16 16 16 0 0 0 0 0 0 0 0 0 0 0 0 0 0 0 0 144 144 112 48 32 48 32 32 48 16 32 16 16 16 0 0 16 0 0 0 96 144 128 496 496 496 256 416 496 400 496 448 496 256 288 288 160 0 176 64 192 16 16 144 496 -32 496 240 192 272 0 96 64 -0 64 32 32 64 0 112 32 64 32 32 32 112 496 496 0 0 80 -0 160 16 192 96 80 16 32 32 32 48 16 16 32 16 16 48 496 240 0 -0 48 -0 64 -0 64 32 32 0 16 16 16 16 0 0 16 16 16 32 256 192 80 48 -0 48 48 32 96 32 64 16 32 32 0 0 16 16 16 0 16 48 416 272 -0 -0 48 -0 64 0 80 32 32 0 16 16 16 16 0 0 16 16 0 32 496 0 160 64 48 64 0 32 16 0 16 16 16 16 0 32 0 16 0 0 0 32 400 96 16 -0 32 0 32 -0 16 16 0 0 0 0 0 16 0 0 0 0 0 48 496 64 192 64 96 80 16 16 -0 16 0 0 0 0 0 32 0 16 0 16 0 16 448 -0 96 32 32 32 0 16 16 0 16 0 0 16 0 16 0 16 0 0 0 32 496 64 80 32 64 32 16 0 0 16 0 0 0 0 0 16 0 0 0 0 0 16 256 32 16 0 16 0 16 0 0 0 0 -0 0 0 0 16 -0 0 0 0 0 16 288 32 32 16 32 16 16 0 0 0 0 0 0 0 0 16 0 0 0 0 0 16 288 64 32 16 32 16 16 0 0 16 0 0 0 -0 0 16 0 0 0 0 0 0 160 0 32 16 0 16 0 0 0 0 0 0 0 0 -0 0 0 0 0 0 0 0 0 112 48 16 0 16 32 16 32 16 16 16 16 16 0 -0 0 0 0 0 0 16 176 32 16 0 16 0 0 0 0 0 0 -0 0 0 0 0 -0 0 0 0 0 0 64 64 16 0 16 0 16 0 16 16 0 0 0 0 0 0 0 0 0 0 0 0 192 32 32 16 16 16 0 0 0 0 0 0 0 0 0 0 0 0 0 0 0 0 16 32 16 16 0 16 0 0 16 0 0 0 0 0 0 0 0 0 0 0
0 0 48 16 0 0 0 0 0 0 0 0 0 0 0 0 0 0 0 0 0 0 0 0 496 416 208 80 80 32 16 0 0 0 0 0 0 0 0 0 0 0 0 0 48 496 -96 496 496 16 256 32 32 48 0 0 0 0 0 0 0 0 0 0 0 0 16 416 496 -80 0 224 16 16 48 16 0 0 0 0 0 0 0 0 0 0 0 0 0 208 496 0 16 112 16 0 16 16 0 0 0 0 0 0 0 0 0 0 0 0 0 80 16 224 112 0 32 0 0 0 0 0 0 0 0 0 0 0 0 0 0 0 0 80 256 16 16 32 0 0 16 0 0 0 0 0 0 0 0 0 0 0 0 0 0 32 32 16 0 0 0 0 0 0 0 0 0 0 0 0 0 0 0 0 0 0 0 16 32 48 16 0 16 0 0 0 0 0 0 0 0 0 0 0 0 0 0 0 0 0 48 16 16 0 0 0 0 0 0 0 0 0 0 0 0 0 0 0 0 0 0 0 0 0 0 0 0 0 0 0 0 0 0 0 0 0 0 0 0 0 0 0 0 0 0 0 0 0 0 0 0 0 0 0 0 0 0 0 0 0 0 0 0 0 0 0 0 0 0 0 0 0 0 0 0 0 0 0 0 0 0 0 0 0 0 0 0 0 0 0 0 0 0 0 0 0 0 0 0 0 0 0 0 0 0 0 0 0 0 0 0 0 0 0 0 0 0 0 0 0 0 0 0 0 0 0 0 0 0 0 0 0 0 0 0 0 0 0 0 0 0 0 0 0 0 0 0 0 0 0 0 0 0 0 0 0 0 0 0 0 0 0 0 0 0 0 0 0 0 0 0 0 0 0 0 0 0 0 0 0 0 0 0 0 0 0 0 0 0 0 0 0 0 0 0 0 0 0 0 0 0 0 0 0 0 0 0 0 0 0 0 0 0 0 0 0 0 0 0 0 0 0 0 0 0 0 0 0 0 0 0 0 0 0 0 0 0 0 0 0 0 0 0 0 0 0 0 0 0 0 0 0 0 0 0 0 0 0 0 0 0 0 0 0 0 0 0 0 0 0 0 0 0 0 0 0 0 0 0 0 0 0 0 0
0 0 80 80 0 0 0 0 0 0 0 0 0 0 0 0 0 0 0 0 0 0 0 0 416 368 16 16 16 0 0 0 0 0 0 0 0 0 0 0 0 0 0 0 80 416 128 496 -0 112 80 32 0 0 0 0 0 0 0 0 0 0 0 0 0 0 80 368 496 144 320 496 320 96 0 0 0 0 0 0 0 0 0 0 0 0 0 0 0 16 -0 320 -0 0 0 0 0 0 0 0 0 0 0 0 0 0 0 0 0 0 0 16 112 496 0 -0 0 0 0 0 0 0 0 0 0 0 0 0 0 0 0 0 0 16 80 320 0 0 -0 0 0 0 0 0 0 0 0 0 0 0 0 0 0 0 0 0 32 96 0 0 0 0 0 0 0 0 0 0 0 0 0 0 0 0 0 0 0 0 0 0 0 0 0 0 0 0 0 0 0 0 0 0 0 0 0 0 0 0 0 0 0 0 0 0 0 0 0 0 0 0 0 0 0 0 0 0 0 0 0 0 0 0 0 0 0 0 0 0 0 0 0 0 0 0 0 0 0 0 0 0 0 0 0 0 0 0 0 0 0 0 0 0 0 0 0 0 0 0 0 0 0 0 0 0 0 0 0 0 0 0 0 0 0 0 0 0 0 0 0 0 0 0 0 0 0 0 0 0 0 0 0 0 0 0 0 0 0 0 0 0 0 0 0 0 0 0 0 0 0 0 0 0 0 0 0 0 0 0 0 0 0 0 0 0 0 0 0 0 0 0 0 0 0 0 0 0 0 0 0 0 0 0 0 0 0 0 0 0 0 0 0 0 0 0 0 0 0 0 0 0 0 0 0 0 0 0 0 0 0 0 0 0 0 0 0 0 0 0 0 0 0 0 0 0 0 0 0 0 0 0 0 0 0 0 0 0 0 0 0 0 0 0 0 0 0 0 0 0 0 0 0 0 0 0 0 0 0 0 0 0 0 0 0 0 0 0 0 0 0 0 0 0 0 0 0 0 0 0 0 0 0 0 0 0 0 0 0 0 0 0 0 0 0 0 0 0 0 0 0 0 0 0 0 0 0 0 0 0 0 0 0 0 0 0 0 0 0 0 0 0 0 0 0 0
0 0 176 112 96 96 16 32 16 16 16 16 16 0 0 0 0 0 0 0 0 0 0 0 32 16 16 16 0 0 0 0 0 0 0 0 0 0 0 0 0 0 0 0 176 32 -112 240 112 32 48 224 32 -0 16 0 16 -0 0 0 32 0 16 16 0 16 112 16 240 64 32 48 64 64 0 32 32 32 0 16 16 0 16 16 16 0 0 16 96 16 112 32 -0 0 48 48 0 16 32 16 0 0 0 -0 16 16 16 0 0 0 96 16 32 48 0 -0 32 64 0 16 16 16 0 0 0 -0 16 0 0 0 0 0 16 0 48 64 48 32 0 32 0 0 0 0 0 0 0 0 0 0 0 0 0 0 32 0 224 64 48 64 32 0 0 16 16 16 0 16 0 0 16 0 0 0 0 0 16 0 32 0 0 0 0 0 -0 0 0 0 0 0 0 0 0 0 0 0 0 0 16 0 -0 32 16 16 0 16 0 -0 0 0 0 -0 0 0 0 -0 0 0 0 0 16 0 16 32 32 16 0 16 0 0 0 0 0 0 0 0 0 0 0 0 0 0 16 0 0 32 16 16 0 16 0 0 0 0 0 0 0 0 0 0 0 0 0 0 16 0 16 0 0 0 0 0 0 0 0 0 0 0 0 -0 0 0 0 0 0 0 0 0 -0 16 0 0 0 16 0 -0 0 0 0 0 0 0 0 0 0 0 0 0 0 0 0 16 0 0 0 0 0 0 0 0 0 0 0 0 0 0 0 0 0 0 0 0 0 0 -0 -0 0 0 0 0 0 0 -0 0 0 -0 0 0 0 0 0 0 0 0 32 16 16 16 0 16 0 0 0 0 0 0 0 0 -0 0 0 0 0 0 0 0 0 16 16 0 0 0 0 -0 0 0 0 0 0 0 0 0 0 0 0 0 0 0 16 16 16 0 0 0 0 0 0 0 0 0 0 0 0 0 -0 0 0 0 0 0 16 0 0 0 0 0 0 0 0 0 0 0 0 0 0 0 0 0 0 0 0 0 0 0 0 0 0 0 0 0 0 0 0 0 0 0 0 0 0 0 0 0 0 0 16 16 0 0 0 0 0 0 0 0 0 0 0 0 0 0 0 0 0 0
0 0 96 64 32 32 0 0 0 0 0 0 0 0 0 0 0 0 0 0 0 0 0 0 496 64 112 32 16 32 16 0 16 0 0 0 0 0 0 0 0 0 0 0 96 496 -96 496 496 496 496 -32 240 160 176 256 32 64 16 0 0 0 0 0 0 0 64 64 496 16 496 16 272 240 128 32 128 0 32 0 0 0 0 0 0 0 0 0 32 112 496 496 -16 496 0 96 0 48 0 80 16 16 0 0 0 0 0 0 0 0 32 32 496 16 496 0 96 96 48 0 48 0 16 0 0 0 0 0 0 0 0 0 0 16 496 272 0 96 -0 32 0 16 0 16 0 0 0 0 0 0 0 0 0 0 0 32 -32 240 96 96 32 -0 16 0 16 16 0 0 0 0 0 0 0 0 0 0 0 16 240 128 0 48 0 16 -0 0 0 16 0 0 0 0 0 0 0 0 0 0 0 0 160 32 48 0 16 0 0 0 0 0 0 0 0 0 0 0 0 0 0 0 0 16 176 128 0 48 0 16 0 0 0 0 0 0 0 0 0 0 0 0 0 0 0 0 256 0 80 0 16 16 16 0 0 0 0 0 0 0 0 0 0 0 0 0 0 0 32 32 16 16 0 0 0 0 0 0 -0 0 0 0 0 0 0 0 0 0 0 0 64 0 16 0 0 0 0 0 0 0 0 0 0 0 0 0 0 0 0 0 0 0 16 0 0 0 0 0 0 0 0 0 0 0 0 0 0 0 0 0 0 0 0 0 0 0 0 0 0 0 0 0 0 0 0 0 0 0 0 0 0 0 0 0 0 0 0 0 0 0 0 0 0 0 0 0 0 0 0 0 0 0 0 0 0 0 0 0 0 0 0 0 0 0 0 0 0 0 0 0 0 0 0 0 0 0 0 0 0 0 0 0 0 0 0 0 0 0 0 0 0 0 0 0 0 0 0 0 0 0 0 0 0 0 0 0 0 0 0 0 0 0 0 0 0 0 0 0 0 0 0 0 0 0 0 0 0 0 0 0 0 0 0 0 0 0 0 0 0 0 0 0 0 0 0 0 0 0 0 0 0 0 0 0 0 0 0 0 0 0 0 0 0 0 0 0
0 0 112 32 32 16 0 0 0 0 0 0 0 0 0 0 0 0 0 0 0 0 0 0 208 192 160 144 32 32 32 32 16 0 0 0 0 0 0 0 0 0 0 0 112 208 -32 496 496 496 496 496 496 496 176 160 32 16 16 0 0 0 0 0 0 0 32 192 496 32 -0 496 160 176 208 160 16 32 48 0 -0 0 0 0 0 0 0 0 32 160 496 -0 -32 496 128 144 160 128 16 16 32 0 -0 0 0 0 0 0 0 0 16 144 496 496 496 -16 0 0 0 0 32 16 32 16 0 0 0 0 0 0 0 0 0 32 496 160 128 0 -0 0 0 0 0 0 0 0 0 0 0 0 0 0 0 0 0 32 496 176 144 0 0 -0 0 0 0 0 0 0 0 0 0 0 0 0 0 0 0 32 496 208 160 0 0 0 0 0 0 0 0 0 0 0 0 0 0 0 0 0 0 32 496 160 128 0 0 0 0 0 0 0 0 0 0 0 0 0 0 0 0 0 0 16 176 16 16 32 0 0 0 0 0 0 0 0 0 0 0 0 0 0 0 0 0 0 160 32 16 16 0 0 0 0 0 0 0 0 0 0 0 0 0 0 0 0 0 0 32 48 32 32 0 0 0 0 0 0 0 0 0 0 0 0 0 0 0 0 0 0 16 0 0 16 0 0 0 0 0 0 0 -0 -0 0 0 0 0 0 0 0 0 0 16 -0 -0 0 0 0 0 0 0 0 0 -0 -0 0 0 0 0 0 0 0 0 0 0 0 0 0 0 0 0 0 0 0 0 0 0 0 0 0 0 0 0 0 0 0 0 0 0 0 0 0 0 0 0 0 0 0 0 0 0 0 0 0 0 0 0 0 0 0 0 0 0 0 0 0 0 0 0 0 0 0 0 0 0 0 0 0 0 0 0 0 0 0 0 0 0 0 0 0 0 0 0 0 0 0 0 0 0 0 0 0 0 0 0 0 0 0 0 0 0 0 0 0 0 0 0 0 0 0 0 0 0 0 0 0 0 0 0 0 0 0 0 0 0 0 0 0 0 0 0 0 0 0 0 0 0 0 0 0 0 0 0 0 0 0 0 0 0 0 0 0 0 0 0 0
0 0 48 16 0 0 0 0 0 0 0 0 0 0 0 0 0 0 0 0 0 0 0 0 496 496 224 176 96 80 32 16 0 0 0 0 0 0 0 0 0 0 0 0 48 496 -368 496 208 240 112 80 -32 16 16 32 0 0 0 0 0 0 0 0 0 0 16 496 496 -304 -96 -32 -16 -16 -16 48 32 16 0 0 0 0 0 0 0 0 0 0 0 224 208 -96 -32 -16 -16 -0 -0 16 16 0 0 0 0 0 0 0 0 0 0 0 0 176 240 -32 -16 0 0 0 -0 16 16 0 0 0 0 0 0 0 0 0 0 0 0 96 112 -16 -16 0 -0 -0 -0 16 0 0 0 0 0 0 0 0 0 0 0 0 0 80 80 -16 -0 0 -0 -0 -0 0 0 0 0 0 0 0 0 0 0 0 0 0 0 32 -32 -16 -0 -0 -0 -0 -0 0 0 0 0 0 0 0 0 0 0 0 0 0 0 16 16 48 16 16 16 0 0 -0 0 0 0 0 0 0 0 0 0 0 0 0 0 0 16 32 16 16 0 0 0 0 0 0 0 0 0 0 0 0 0 0 0 0 0 0 32 16 0 0 0 0 0 0 0 0 0 0 0 0 0 0 0 0 0 0 0 0 0 0 0 0 0 0 0 0 0 0 0 0 0 0 0 0 0 0 0 0 0 0 0 0 0 0 0 0 0 0 0 0 0 0 0 0 0 0 0 0 0 0 0 0 0 0 0 0 0 0 0 0 0 0 0 0 0 0 0 0 0 0 0 0 0 0 0 0 0 0 0 0 0 0 0 0 0 0 0 0 0 0 0 0 0 0 0 0 0 0 0 0 0 0 0 0 0 0 0 0 0 0 0 0 0 0 0 0 0 0 0 0 0 0 0 0 0 0 0 0 0 0 0 0 0 0 0 0 0 0 0 0 0 0 0 0 0 0 0 0 0 0 0 0 0 0 0 0 0 0 0 0 0 0 0 0 0 0 0 0 0 0 0 0 0 0 0 0 0 0 0 0 0 0 0 0 0 0 0 0 0 0 0 0 0 0 0 0 0 0 0 0 0 0 0 0 0 0 0 0 0 0 0 0 0 0 0 0 0 0 0 0 0 0 0 0 0 0
0 0 496 144 0 16 0 0 0 0 0 0 0 0 0 0 0 0 0 0 0 0 0 0 160 48 0 0 0 0 0 0 0 0 0 0 0 0 0 0 0 0 0 0 496 160 -64 496 48 288 0 0 0 0 0 0 0 0 0 0 0 0 0 0 0 0 144 48 496 32 -0 96 0 0 0 0 0 0 0 0 0 0 0 0 0 0 0 0 0 0 48 -0 -0 0 0 0 0 0 0 0 0 0 0 0 0 0 0 0 0 0 16 0 288 96 0 0 0 0 0 0 0 0 0 0 0 0 0 0 0 0 0 0 0 0 0 0 0 0 0 0 0 0 0 0 0 0 0 0 0 0 0 0 0 0 0 0 0 0 0 0 0 0 0 0 0 0 0 0 0 0 0 0 0 0 0 0 0 0 0 0 0 0 0 0 0 0 0 0 0 0 0 0 0 0 0 0 0 0 0 0 0 0 0 0 0 0 0 0 0 0 0 0 0 0 0 0 0 0 0 0 0 0 0 0 0 0 0 0 0 0 0 0 0 0 0 0 0 0 0 0 0 0 0 0 0 0 0 0 0 0 0 0 0 0 0 0 0 0 0 0 0 0 0 0 0 0 0 0 0 0 0 0 0 0 0 0 0 0 0 0 0 0 0 0 0 0 0 0 0 0 0 0 0 0 0 0 0 0 0 0 0 0 0 0 0 0 0 0 0 0 0 0 0 0 0 0 0 0 0 0 0 0 0 0 0 0 0 0 0 0 0 0 0 0 0 0 0 0 0 0 0 0 0 0 0 0 0 0 0 0 0 0 0 0 0 0 0 0 0 0 0 0 0 0 0 0 0 0 0 0 0 0 0 0 0 0 0 0 0 0 0 0 0 0 0 0 0 0 0 0 0 0 0 0 0 0 0 0 0 0 0 0 0 0 0 0 0 0 0 0 0 0 0 0 0 0 0 0 0 0 0 0 0 0 0 0 0 0 0 0 0 0 0 0 0 0 0 0 0 0 0 0 0 0 0 0 0 0 0 0 0 0 0 0 0 0 0 0 0 0 0 0 0 0 0 0 0 0 0 0 0 0 0 0 0 0 0 0 0 0 0 0 0 0
0 0 496 224 16 0 0 0 0 0 0 0 0 0 0 0 0 0 0 0 0 0 0 0 96 80 0 0 0 0 0 0 0 0 0 0 0 0 0 0 0 0 0 0 496 96 -192 496 192 -16 0 0 0 0 0 0 0 0 0 0 0 0 0 0 0 0 224 80 496 -64 -0 -0 16 0 0 0 0 0 0 0 0 0 0 0 0 0 0 0 16 0 192 -0 -0 -0 0 0 0 0 0 0 0 0 0 0 0 0 0 0 0 0 0 0 -16 -0 -0 -0 -0 0 0 0 0 0 0 0 0 0 0 0 0 0 0 0 0 0 0 16 0 -0 -0 0 0 0 0 0 0 0 0 0 0 0 0 0 0 0 0 0 0 0 0 0 0 0 0 0 0 0 0 0 0 0 0 0 0 0 0 0 0 0 0 0 0 0 0 0 0 0 0 0 0 0 0 0 0 0 0 0 0 0 0 0 0 0 0 0 0 0 0 0 0 0 0 0 0 0 0 0 0 0 0 0 0 0 0 0 0 0 0 0 0 0 0 0 0 0 0 0 0 0 0 0 0 0 0 0 0 0 0 0 0 0 0 0 0 0 0 0 0 0 0 0 0 0 0 0 0 0 0 0 0 0 0 0 0 0 0 0 0 0 0 0 0 0 0 0 0 0 0 0 0 0 0 0 0 0 0 0 0 0 0 0 0 0 0 0 0 0 0 0 0 0 0 0 0 0 0 0 0 0 0 0 0 0 0 0 0 0 0 0 0 0 0 0 0 0 0 0 0 0 0 0 0 0 0 0 0 0 0 0 0 0 0 0 0 0 0 0 0 0 0 0 0 0 0 0 0 0 0 0 0 0 0 0 0 0 0 0 0 0 0 0 0 0 0 0 0 0 0 0 0 0 0 0 0 0 0 0 0 0 0 0 0 0 0 0 0 0 0 0 0 0 0 0 0 0 0 0 0 0 0 0 0 0 0 0 0 0 0 0 0 0 0 0 0 0 0 0 0 0 0 0 0 0 0 0 0 0 0 0 0 0 0 0 0 0 0 0 0 0 0 0 0 0 0 0 0 0 0 0 0 0 0 0 0 0 0 0 0 0 0 0 0 0 0 0
0 0 416 48 32 16 16 16 16 16 16 0 16 0 0 0 0 0 0 0 0 0 0 0 160 80 48 32 16 16 16 0 0 0 0 0 0 0 0 0 0 0 0 0 416 160 320 496 496 496 336 208 496 96 96 288 144 448 368 224 0 0 0 0 0 0 48 80 496 -16 64 80 48 384 0 288 256 0 240 16 16 0 32 0 0 0 0 0 32 48 496 64 -16 0 16 160 16 112 112 0 112 0 0 0 16 0 0 0 0 0 16 32 496 80 0 0 16 112 16 80 80 0 80 0 0 0 16 0 0 0 0 0 16 16 336 48 16 16 -0 32 0 16 32 -0 32 0 0 0 0 0 0 0 0 0 16 16 208 384 160 112 32 0 64 0 0 32 0 32 16 16 0 0 0 0 0 0 16 16 496 0 16 16 0 64 0 48 48 0 48 0 0 0 0 0 0 0 0 0 16 0 96 288 112 80 16 0 48 -0 0 16 0 16 16 16 0 0 0 0 0 0 16 0 96 256 112 80 32 0 48 0 0 16 0 16 16 16 0 0 0 0 0 0 0 0 288 0 0 0 -0 32 0 16 16 -0 16 0 0 0 0 0 0 0 0 0 16 0 144 240 112 80 32 0 48 0 0 16 0 16 16 16 0 0 0 0 0 0 0 0 448 16 0 0 0 32 0 16 16 0 16 0 0 0 0 0 0 0 0 0 0 0 368 16 0 0 0 16 0 16 16 0 16 0 0 0 0 0 0 0 0 0 0 0 224 0 0 0 0 16 0 16 16 0 16 0 0 0 0 0 0 0 0 0 0 0 0 32 16 16 0 0 0 0 0 0 0 0 0 0 -0 0 0 0 0 0 0 0 0 0 0 0 0 0 0 0 0 0 0 0 0 0 0 0 0 0 0 0 0 0 0 0 0 0 0 0 0 0 0 0 0 0 0 0 0 0 0 0 0 0 0 0 0 0 0 0 0 0 0 0 0 0 0 0 0 0 0 0 0 0 0 0 0 0 0 0 0 0 0 0 0 0 0 0 0 0 0 0 0 0 0 0 0 0 0 0 0 0 0 0 0 0 0 0 0 0 0 0 0 0 0 0 0 0 0 0
0 0 128 48 32 32 0 0 0 0 0 0 0 0 0 0 0 0 0 0 0 0 0 0 368 48 32 32 16 16 16 16 0 0 0 0 0 0 0 0 0 0 0 0 128 368 -32 496 496 496 32 16 -16 -0 96 0 16 0 0 0 0 0 0 0 0 0 48 48 496 -0 -0 0 48 48 32 48 0 16 -0 0 0 0 0 0 0 0 0 0 32 32 496 -0 -0 -0 48 48 32 48 0 16 -0 0 0 0 0 0 0 0 0 0 32 32 496 0 -0 0 32 32 32 32 0 16 0 0 0 0 0 0 0 0 0 0 0 16 32 48 48 32 0 0 0 0 0 0 0 0 0 0 0 0 0 0 0 0 0 16 16 48 48 32 0 0 0 0 0 0 0 0 0 0 0 0 0 0 0 0 0 16 -16 32 32 32 0 0 -0 -0 0 -0 0 0 0 0 0 0 0 0 0 0 0 16 -0 48 48 32 0 0 -0 -0 0 0 0 0 0 0 0 0 0 0 0 0 0 0 96 0 0 0 0 0 0 0 0 0 0 0 0 0 0 0 0 0 0 0 0 0 0 16 16 16 0 0 -0 0 0 0 0 0 0 0 0 0 0 0 0 0 0 0 16 -0 -0 0 0 0 0 0 0 0 -0 0 0 0 0 0 0 0 0 0 0 0 0 0 0 0 0 0 0 0 0 0 0 0 0 0 0 0 0 0 0 0 0 0 0 0 0 0 0 0 0 0 0 0 0 0 0 0 0 0 0 0 0 0 0 0 0 0 0 0 0 0 0 0 0 0 0 0 0 0 0 0 0 0 0 0 0 0 0 0 0 0 0 0 0 0 0 0 0 0 0 0 0 0 0 0 0 0 0 0 0 0 0 0 0 0 0 0 0 0 0 0 0 0 0 0 0 0 0 0 0 0 0 0 0 0 0 0 0 0 0 0 0 0 0 0 0 0 0 0 0 0 0 0 0 0 0 0 0 0 0 0 0 0 0 0 0 0 0 0 0 0 0 0 0 0 0 0 0 0 0 0 0 0 0 0 0 0 0 0 0 0 0 0 0 0 0 0 0 0 0 0 0 0 0 0 0 0 0 0 0 0 0 0 0 0 0 0
0 0 496 240 48 48 32 16 16 0 0 0 0 0 0 0 0 0 0 0 0 0 0 0 48 16 0 0 0 0 0 0 0 0 0 0 0 0 0 0 0 0 0 0 496 48 336 -112 96 416 48 16 80 -16 0 0 0 0 0 0 0 0 0 0 0 0 240 16 -112 -64 16 96 0 -0 16 -0 0 0 0 0 0 0 0 0 0 0 0 0 48 0 96 16 0 16 0 0 0 -0 0 0 0 0 0 0 0 0 0 0 0 0 48 0 416 96 16 -0 16 16 -0 0 0 0 0 0 0 0 0 0 0 0 0 0 32 0 48 0 0 16 0 0 0 -0 0 0 0 0 0 0 0 0 0 0 0 0 16 0 16 -0 0 16 0 0 0 -0 0 0 0 0 0 0 0 0 0 0 0 0 16 0 80 16 0 -0 0 0 -0 0 0 0 0 0 0 0 0 0 0 0 0 0 0 0 -16 -0 -0 0 -0 -0 0 -0 0 0 0 0 0 0 0 0 0 0 0 0 0 0 0 0 0 0 0 0 0 0 0 0 0 0 0 0 0 0 0 0 0 0 0 0 0 0 0 0 0 0 0 0 0 0 0 0 0 0 0 0 0 0 0 0 0 0 0 0 0 0 0 0 0 0 0 0 0 0 0 0 0 0 0 0 0 0 0 0 0 0 0 0 0 0 0 0 0 0 0 0 0 0 0 0 0 0 0 0 0 0 0 0 0 0 0 0 0 0 0 0 0 0 0 0 0 0 0 0 0 0 0 0 0 0 0 0 0 0 0 0 0 0 0 0 0 0 0 0 0 0 0 0 0 0 0 0 0 0 0 0 0 0 0 0 0 0 0 0 0 0 0 0 0 0 0 0 0 0 0 0 0 0 0 0 0 0 0 0 0 0 0 0 0 0 0 0 0 0 0 0 0 0 0 0 0 0 0 0 0 0 0 0 0 0 0 0 0 0 0 0 0 0 0 0 0 0 0 0 0 0 0 0 0 0 0 0 0 0 0 0 0 0 0 0 0 0 0 0 0 0 0 0 0 0 0 0 0 0 0 0 0 0 0 0 0 0 0 0 0 0 0 0 0 0 0 0 0 0 0 0 0 0 0 0
0 0 336 256 272 128 80 48 64 80 80 64 32 32 32 16 16 16 16 0 0 0 0 0 80 16 16 16 0 16 0 0 0 0 0 0 0 0 0 0 0 0 0 0 336 80 -288 496 496 416 496 0 192 496 496 496 96 80 224 96 288 192 224 -0 96 80 256 16 496 32 144 112 0 208 32 32 96 16 32 16 16 0 96 32 96 16 16 16 272 16 496 144 -0 304 48 352 144 -0 16 -0 80 64 48 32 144 64 160 16 16 16 128 16 416 112 304 16 32 48 0 64 144 48 16 0 16 0 48 16 48 0 16 16 80 0 496 0 48 32 -0 64 0 16 32 0 16 0 0 -0 32 0 32 0 0 0 48 16 0 208 352 48 64 0 16 96 144 64 16 16 32 16 32 16 32 0 16 16 64 0 192 32 144 0 0 16 -0 32 64 16 0 -0 0 -0 16 0 16 0 0 0 80 0 496 32 -0 64 16 96 32 -0 0 -0 16 16 16 0 32 16 32 0 0 0 80 0 496 96 16 144 32 144 64 0 -0 0 48 32 32 16 48 16 48 16 0 0 64 0 496 16 -0 48 0 64 16 -0 0 -0 16 16 0 0 32 16 32 0 0 0 32 0 96 32 80 16 16 16 0 16 48 16 0 0 0 0 16 16 16 0 0 0 32 0 80 16 64 0 0 16 -0 16 32 16 0 -0 0 -0 16 0 16 0 0 0 32 0 224 16 48 16 0 32 0 16 32 0 0 0 0 0 16 0 16 0 0 0 16 0 96 0 32 0 -0 16 -0 0 16 0 0 -0 0 -0 16 0 16 0 0 0 16 0 288 96 144 48 32 32 16 32 48 32 16 16 16 16 0 0 0 0 0 0 16 0 192 32 64 16 0 16 0 16 16 16 16 0 0 0 0 0 0 0 0 0 16 0 224 96 160 48 32 32 16 32 48 32 16 16 16 16 0 0 0 0 0 0 0 0 -0 16 16 0 0 0 0 0 16 0 0 0 0 0 0 0 0 -0 0 0 0 0 96 16 16 16 0 16 0 0 0 0 0 0 0 0 0 0 0 0 0 0 0 0 80 16 16 16 0 16 0 0 0 0 0 0 0 0 0 0 0 0 0 0
0 0 192 64 16 16 0 0 0 0 0 0 0 0 0 0 0 0 0 0 0 0 0 0 176 112 16 16 16 16 0 0 0 0 0 0 0 0 0 0 0 0 0 0 192 176 336 496 496 496 208 272 -0 -0 288 32 0 80 128 144 16 32 0 0 0 0 64 112 496 16 48 80 96 -0 128 64 16 112 16 -0 0 32 0 16 0 0 0 0 16 16 496 48 0 0 16 0 16 16 0 16 0 0 0 16 0 0 0 0 0 0 16 16 496 80 0 -0 32 0 16 16 0 16 0 0 0 16 0 0 0 0 0 0 0 16 208 96 16 32 0 0 16 0 16 16 0 0 0 0 0 0 0 0 0 0 0 16 272 -0 0 0 0 -0 16 0 0 16 0 -0 0 0 -0 0 0 0 0 0 0 0 -0 128 16 16 16 16 -0 -0 16 0 0 0 0 0 0 0 0 0 0 0 0 0 -0 64 16 16 0 0 -0 -0 0 0 -0 0 0 0 0 0 0 0 0 0 0 0 288 16 0 0 16 0 16 0 0 0 0 0 0 0 0 0 0 0 0 0 0 0 32 112 16 16 16 16 0 0 0 0 0 0 0 0 0 0 0 0 0 0 0 0 0 16 0 0 0 0 0 -0 0 0 -0 0 0 0 -0 0 0 0 0 0 0 0 80 -0 0 0 0 -0 0 0 0 0 0 -0 0 0 -0 0 0 0 0 0 0 0 128 0 0 0 0 0 0 0 0 0 0 0 0 0 0 0 0 0 0 0 0 0 144 32 16 16 0 0 0 0 0 0 0 0 0 0 0 0 0 0 0 0 0 0 16 0 0 0 0 -0 0 0 0 0 -0 -0 0 0 -0 0 0 0 0 0 0 0 32 16 0 0 0 0 0 0 0 0 0 0 0 0 0 -0 0 0 0 0 0 0 0 0 0 0 0 0 0 0 0 0 0 0 0 0 0 0 0 0 0 0 0 0 0 0 0 0 0 0 0 0 0 0 0 0 0 0 0 0 0 0 0 0 0 0 0 0 0 0 0 0 0 0 0 0 0 0 0 0 0 0 0 0 0 0 0 0 0 0 0 0 0 0 0 0 0 0 0 0 0 0 0 0 0 0 0 0
0 0 496 496 112 32 16 0 0 0 0 0 0 0 0 0 0 0 0 0 0 0 0 0 64 16 0 0 0 0 0 0 0 0 0 0 0 0 0 0 0 0 0 0 496 64 -208 496 496 464 32 48 0 32 0 0 0 0 0 0 0 0 0 0 0 0 496 16 496 16 32 32 32 -0 32 16 0 0 0 0 0 0 0 0 0 0 0 0 112 0 496 32 16 0 0 0 0 0 0 0 0 0 0 0 0 0 0 0 0 0 32 0 464 32 0 0 0 -0 0 0 0 0 0 0 0 0 0 0 0 0 0 0 16 0 32 32 0 0 -0 0 0 0 0 0 0 0 0 0 0 0 0 0 0 0 0 0 48 -0 0 -0 0 -0 0 -0 0 0 0 0 0 0 0 0 0 0 0 0 0 0 0 32 0 0 0 0 -0 0 0 0 0 0 0 0 0 0 0 0 0 0 0 0 32 16 0 0 0 -0 0 0 0 0 0 0 0 0 0 0 0 0 0 0 0 0 0 0 0 0 0 0 0 0 0 0 0 0 0 0 0 0 0 0 0 0 0 0 0 0 0 0 0 0 0 0 0 0 0 0 0 0 0 0 0 0 0 0 0 0 0 0 0 0 0 0 0 0 0 0 0 0 0 0 0 0 0 0 0 0 0 0 0 0 0 0 0 0 0 0 0 0 0 0 0 0 0 0 0 0 0 0 0 0 0 0 0 0 0 0 0 0 0 0 0 0 0 0 0 0 0 0 0 0 0 0 0 0 0 0 0 0 0 0 0 0 0 0 0 0 0 0 0 0 0 0 0 0 0 0 0 0 0 0 0 0 0 0 0 0 0 0 0 0 0 0 0 0 0 0 0 0 0 0 0 0 0 0 0 0 0 0 0 0 0 0 0 0 0 0 0 0 0 0 0 0 0 0 0 0 0 0 0 0 0 0 0 0 0 0 0 0 0 0 0 0 0 0 0 0 0 0 0 0 0 0 0 0 0 0 0 0 0 0 0 0 0 0 0 0 0 0 0 0 0 0 0 0 0 0 0 0 0 0 0 0 0 0 0 0 0 0 0 0 0 0 0 0 0 0 0 0 0 0 0 0 0 0
0 0 496 352 64 64 48 16 0 16 0 16 16 0 0 0 0 0 0 0 0 0 0 0 48 64 16 16 16 0 0 0 0 0 0 0 0 0 0 0 0 0 0 0 496 48 144 496 496 496 496 224 400 336 64 16 32 16 32 32 64 0 0 0 0 0 352 64 496 -48 496 0 -16 112 160 16 80 64 192 64 16 32 96 48 0 0 0 0 64 16 496 496 -16 400 288 32 48 80 0 16 32 16 16 0 0 0 0 0 0 0 64 16 496 0 400 0 0 32 32 0 16 16 32 16 0 0 16 16 0 0 0 0 48 16 496 -16 288 0 -0 16 16 0 16 16 32 16 0 0 16 0 0 0 0 0 16 0 224 112 32 32 16 -0 0 0 -0 0 16 0 0 0 0 0 0 0 0 0 0 0 400 160 48 32 16 0 0 0 0 0 16 0 0 0 0 0 0 0 0 0 16 0 336 16 80 0 0 0 0 0 0 0 16 0 0 0 0 0 0 0 0 0 0 0 64 80 0 16 16 -0 0 0 -0 0 0 0 0 0 0 0 0 0 0 0 16 0 16 64 16 16 16 0 0 0 0 -0 0 0 0 0 0 0 0 0 0 0 16 0 32 192 32 32 32 16 16 16 0 0 0 0 0 0 0 0 0 0 0 0 0 0 16 64 16 16 16 0 0 0 0 0 0 0 0 0 0 0 0 0 0 0 0 0 32 16 16 0 0 0 0 0 0 0 0 0 -0 0 0 0 0 0 0 0 0 0 32 32 0 0 0 0 0 0 0 0 0 0 0 0 0 0 0 0 0 0 0 0 64 96 0 16 16 0 0 0 0 0 0 0 0 0 0 0 0 0 0 0 0 0 0 48 0 16 0 0 0 0 0 0 0 0 0 0 0 -0 0 0 0 0 0 0 0 0 0 0 0 0 0 0 0 0 0 0 0 0 0 0 0 0 0 0 0 0 0 0 0 0 0 0 0 0 0 0 0 0 0 0 0 0 0 0 0 0 0 0 0 0 0 0 0 0 0 0 0 0 0 0 0 0 0 0 0 0 0 0 0 0 0 0 0 0 0 0 0 0 0 0 0 0 0 0 0 0 0 0 0 0
0 0 112 64 80 32 32 32 32 16 16 16 0 0 0 0 0 0 0 0 0 0 0 0 80 112 64 32 32 32 16 16 16 16 16 16 0 0 0 0 0 0 0 0 112 80 -48 496 -0 -0 192 -0 0 0 -0 112 32 16 -0 16 32 16 0 16 0 0 64 112 496 -16 496 256 0 176 144 96 112 -0 0 16 48 112 144 16 16 0 0 0 80 64 -0 496 16 0 144 0 0 0 0 80 32 16 0 16 32 0 0 16 0 0 32 32 -0 256 0 -0 64 0 0 0 0 32 16 0 0 0 16 0 0 0 0 0 32 32 192 0 144 64 -0 48 32 16 32 0 0 0 16 32 48 0 0 0 0 0 32 32 -0 176 0 0 48 0 0 0 0 32 16 0 0 16 16 0 0 0 0 0 32 16 0 144 0 0 32 0 -0 0 0 16 0 0 0 16 16 0 0 0 0 0 16 16 0 96 0 0 16 0 0 -0 0 16 0 0 0 0 16 0 0 0 0 0 16 16 -0 112 0 0 32 0 0 0 0 16 0 0 0 0 16 0 0 0 0 0 16 16 112 -0 80 32 0 32 16 16 16 0 0 0 0 16 16 0 0 0 0 0 0 16 32 0 32 16 0 16 0 0 0 0 0 0 0 0 16 0 0 0 0 0 0 16 16 16 16 0 0 0 0 0 0 0 0 -0 0 0 0 0 0 0 0 0 0 0 -0 48 0 0 16 0 0 0 0 0 0 0 0 0 0 0 0 0 0 0 0 0 16 112 16 0 32 16 16 0 0 16 0 0 0 0 0 0 0 0 0 0 0 0 32 144 32 16 48 16 16 16 16 16 16 0 0 0 -0 0 0 0 0 0 0 0 16 16 0 0 0 0 0 0 0 0 0 0 0 0 0 -0 0 0 0 0 0 0 0 16 0 0 0 0 0 0 0 0 0 0 0 0 0 0 0 0 0 0 0 0 16 0 16 0 0 0 0 0 0 0 0 0 0 0 0 0 0 0 0 0 0 0 0 0 0 0 0 0 0 0 0 0 0 0 0 0 0 0 0 0 0 0 0 0 0 0 0 0 0 0 0 0 0 0 0 0 0 0 0 0 0 0 0 0
0 0 496 96 96 48 16 16 0 0 0 0 0 0 0 0 0 0 0 0 0 0 0 0 144 16 16 16 0 0 0 0 0 0 0 0 0 0 0 0 0 0 0 0 496 144 336 496 496 16 208 64 0 0 0 0 0 0 0 0 0 0 0 0 0 0 96 16 496 -32 -16 32 -0 -0 0 0 0 0 0 0 0 0 0 0 0 0 0 0 96 16 496 -16 16 48 0 0 0 0 0 0 0 0 0 0 0 0 0 0 0 0 48 16 16 32 48 -0 16 0 0 0 0 0 0 0 0 0 0 0 0 0 0 0 16 0 208 -0 0 16 0 0 0 0 0 0 0 0 0 0 0 0 0 0 0 0 16 0 64 -0 0 0 0 0 0 0 0 0 0 0 0 0 0 0 0 0 0 0 0 0 0 0 0 0 0 0 0 0 0 0 0 0 0 0 0 0 0 0 0 0 0 0 0 0 0 0 0 0 0 0 0 0 0 0 0 0 0 0 0 0 0 0 0 0 0 0 0 0 0 0 0 0 0 0 0 0 0 0 0 0 0 0 0 0 0 0 0 0 0 0 0 0 0 0 0 0 0 0 0 0 0 0 0 0 0 0 0 0 0 0 0 0 0 0 0 0 0 0 0 0 0 0 0 0 0 0 0 0 0 0 0 0 0 0 0 0 0 0 0 0 0 0 0 0 0 0 0 0 0 0 0 0 0 0 0 0 0 0 0 0 0 0 0 0 0 0 0 0 0 0 0 0 0 0 0 0 0 0 0 0 0 0 0 0 0 0 0 0 0 0 0 0 0 0 0 0 0 0 0 0 0 0 0 0 0 0 0 0 0 0 0 0 0 0 0 0 0 0 0 0 0 0 0 0 0 0 0 0 0 0 0 0 0 0 0 0 0 0 0 0 0 0 0 0 0 0 0 0 0 0 0 0 0 0 0 0 0 0 0 0 0 0 0 0 0 0 0 0 0 0 0 0 0 0 0 0 0 0 0 0 0 0 0 0 0 0 0 0 0 0 0 0 0 0 0 0 0 0 0 0 0 0 0 0 0 0 0 0 0 0 0 0 0 0 0 0 0 0 0 0 0 0 0 0 0 0
0 0 224 32 48 48 32 16 0 16 16 0 0 0 0 0 0 0 0 0 0 0 0 0 144 96 64 32 32 16 16 0 0 16 16 0 0 0 0 0 0 0 0 0 224 144 64 496 496 32 496 160 480 48 16 192 160 48 192 64 48 0 32 64 32 16 32 96 496 -16 336 496 176 80 0 128 224 16 32 96 -0 0 16 32 0 16 0 0 48 64 496 336 16 384 0 16 48 32 96 16 48 16 16 0 16 16 0 0 0 0 48 32 32 496 384 0 176 48 128 16 0 48 48 16 48 16 16 0 0 16 0 0 32 32 496 176 0 176 -0 0 32 16 48 16 16 0 16 0 0 0 0 0 0 0 16 16 160 80 16 48 0 0 0 0 16 0 0 0 0 0 0 0 0 0 0 0 0 16 480 0 48 128 32 0 -0 16 32 0 0 16 0 0 0 0 0 0 0 0 16 0 48 128 32 16 16 0 16 0 0 0 0 0 0 0 0 0 0 0 0 0 16 0 16 224 96 0 48 16 32 0 0 16 16 0 16 0 0 0 0 0 0 0 0 16 192 16 16 48 16 0 0 0 16 -0 0 0 0 0 0 0 0 0 0 0 0 16 160 32 48 48 16 0 0 0 16 0 0 0 0 0 -0 0 0 0 0 0 0 0 48 96 16 16 0 0 16 0 0 0 0 -0 0 0 0 0 0 0 0 0 0 0 192 -0 16 48 16 0 0 0 16 0 0 0 -0 0 0 0 0 0 0 0 0 0 64 0 0 16 0 0 0 0 0 0 0 0 0 -0 0 0 0 0 0 0 0 0 48 16 16 16 0 0 0 0 0 0 -0 0 0 0 -0 0 0 0 0 0 0 0 0 32 16 0 0 0 0 0 0 0 0 0 0 0 0 0 0 0 0 0 0 0 32 0 0 0 0 0 0 0 0 0 0 0 0 0 0 0 0 0 0 0 0 0 64 16 0 16 0 0 0 0 0 0 0 0 0 0 0 0 0 0 0 0 0 0 32 0 0 0 0 0 0 0 0 0 0 0 0 0 0 0 0 0 -0 0 0 0 16 0 0 0 0 0 0 0 0 0 0 0 0 0 0 0 0 0 0 0
0 0 448 176 96 80 64 48 32 16 16 16 16 0 0 0 0 0 0 0 0 0 0 0 48 32 16 16 16 0 0 0 0 0 0 0 0 0 0 0 0 0 0 0 448 48 320 496 496 96 256 48 32 112 176 16 32 32 16 0 0 0 0 0 0 0 176 32 496 -80 -0 224 -0 128 128 16 48 32 0 32 0 0 0 0 0 0 0 0 96 16 496 -0 16 112 0 80 64 16 16 16 0 16 0 0 0 0 0 0 0 0 80 16 96 224 112 16 48 16 16 16 32 0 16 0 0 0 0 0 0 0 0 0 64 16 256 -0 0 48 -0 32 32 0 16 0 0 16 0 0 0 0 0 0 0 0 48 0 48 128 80 16 32 0 0 16 32 0 0 0 0 0 0 0 0 0 0 0 32 0 32 128 64 16 32 0 0 16 16 0 0 0 0 0 0 0 0 0 0 0 16 0 112 16 16 16 0 16 16 0 0 0 0 0 0 0 0 0 0 0 0 0 16 0 176 48 16 32 16 32 16 0 0 0 0 0 0 0 0 0 0 0 0 0 16 0 16 32 16 0 0 0 0 0 0 0 0 0 0 0 0 0 0 0 0 0 16 0 32 0 0 16 0 0 0 0 0 0 0 0 0 0 0 0 0 0 0 0 0 0 32 32 16 0 16 0 0 0 0 0 0 0 0 0 0 0 0 0 0 0 0 0 16 0 0 0 0 0 0 0 0 0 0 0 0 0 0 0 0 0 0 0 0 0 0 0 0 0 0 0 0 0 0 0 0 0 0 0 0 0 0 0 0 0 0 0 0 0 0 0 0 0 0 0 0 0 0 0 0 0 0 0 0 0 0 0 0 0 0 0 0 0 0 0 0 0 0 0 0 0 0 0 0 0 0 0 0 0 0 0 0 0 0 0 0 0 0 0 0 0 0 0 0 0 0 0 0 0 0 0 0 0 0 0 0 0 0 0 0 0 0 0 0 0 0 0 0 0 0 0 0 0 0 0 0 0 0 0 0 0 0 0 0 0 0 0 0 0 0 0 0 0 0 0 0 0 0 0 0 0 0 0 0 0 0 0 0 0 0 0 0 0 0 0 0 0
0 0 288 128 112 32 32 0 16 0 0 0 0 0 0 0 0 0 0 0 0 0 0 0 176 160 128 32 16 16 16 16 0 0 0 0 0 0 0 0 0 0 0 0 288 176 -32 496 496 208 0 496 80 496 256 96 288 96 176 112 32 32 96 16 16 16 128 160 496 64 496 496 448 192 64 96 0 16 64 64 32 64 32 128 32 32 48 32 112 128 496 496 -32 208 144 80 -0 160 16 -0 48 16 16 16 16 80 16 16 32 16 32 32 208 496 208 -16 16 48 16 112 32 16 32 0 16 0 0 16 16 0 0 0 32 16 0 448 144 16 -0 48 0 64 16 0 16 0 16 0 0 0 0 0 0 0 0 16 496 192 80 48 48 0 16 16 0 0 0 0 0 0 0 16 0 0 0 0 16 16 80 64 -0 16 0 16 -0 16 0 -0 0 0 0 0 0 0 0 0 0 0 0 16 496 96 160 112 64 16 16 -0 0 0 0 0 0 0 0 16 0 0 0 0 0 0 256 0 16 32 16 0 0 0 -0 0 0 0 0 0 0 0 0 0 0 0 0 0 96 16 -0 16 0 0 -0 0 0 -0 0 0 0 0 0 0 0 0 0 0 0 0 288 64 48 32 16 0 0 0 0 0 -0 0 0 0 0 0 0 0 0 0 0 0 96 64 16 0 0 0 0 0 0 0 0 0 0 0 0 0 0 0 0 0 0 0 176 32 16 16 16 0 0 0 0 0 0 0 0 0 0 0 0 0 0 0 0 0 112 64 16 0 0 0 0 0 0 0 0 0 0 0 0 0 0 0 0 0 0 0 32 32 16 0 0 0 0 0 0 0 0 0 0 0 0 0 0 0 0 0 0 0 32 128 80 16 0 16 0 16 0 0 0 0 0 0 0 -0 0 0 0 0 0 0 96 32 16 16 0 0 0 0 0 0 0 0 0 0 0 0 -0 0 0 0 0 0 16 32 16 0 0 0 0 0 0 0 0 0 0 0 0 0 0 -0 0 0 0 0 16 48 32 0 0 0 0 0 0 0 0 0 0 0 0 0 0 0 -0 0 0 0 16 32 16 0 0 0 0 0 0 0 0 0 0 0 0 0 0 0 0 0
0 0 144 32 32 16 16 16 0 0 0 0 0 0 0 0 0 0 0 0 0 0 0 0 320 144 112 64 16 16 16 0 0 0 0 0 0 0 0 0 0 0 0 0 144 320 224 496 496 496 256 384 480 80 96 32 0 0 0 0 0 0 0 0 0 0 32 144 496 -16 -0 176 192 208 64 80 16 16 0 0 0 0 0 0 0 0 0 0 32 112 496 -0 -16 144 144 160 48 48 16 16 0 0 0 0 0 0 0 0 0 0 16 64 496 176 144 0 176 192 0 64 0 32 0 0 0 0 0 0 0 0 0 0 16 16 256 192 144 176 -0 0 64 0 16 0 0 0 0 0 0 0 0 0 0 0 16 16 384 208 160 192 0 0 64 0 16 0 0 0 0 0 0 0 0 0 0 0 0 16 480 64 48 0 64 64 0 16 0 0 0 0 0 0 0 0 0 0 0 0 0 0 80 80 48 64 0 0 16 0 0 0 0 0 0 0 0 0 0 0 0 0 0 0 96 16 16 0 16 16 0 0 -0 0 0 0 0 0 0 0 0 0 0 0 0 0 32 16 16 32 0 0 0 0 0 0 0 0 0 0 0 0 0 0 0 0 0 0 0 0 0 0 0 0 0 0 0 0 0 0 0 0 0 0 0 0 0 0 0 0 0 0 0 0 0 0 0 0 0 0 0 0 0 0 0 0 0 0 0 0 0 0 0 0 0 0 0 0 0 0 0 0 0 0 0 0 0 0 0 0 0 0 0 0 0 0 0 0 0 0 0 0 0 0 0 0 0 0 0 0 0 0 0 0 0 0 0 0 0 0 0 0 0 0 0 0 0 0 0 0 0 0 0 0 0 0 0 0 0 0 0 0 0 0 0 0 0 0 0 0 0 0 0 0 0 0 0 0 0 0 0 0 0 0 0 0 0 0 0 0 0 0 0 0 0 0 0 0 0 0 0 0 0 0 0 0 0 0 0 0 0 0 0 0 0 0 0 0 0 0 0 0 0 0 0 0 0 0 0 0 0 0 0 0 0 0 0 0 0 0 0 0 0 0 0 0 0 0 0 0 0 0 0 0 0 0 0 0 0 0 0 0 0 0 0 0
0 0 400 416 352 96 80 48 48 32 32 16 16 16 16 16 0 0 0 0 0 0 0 0 16 16 16 0 0 0 0 0 0 0 0 0 0 0 0 0 0 0 0 0 400 16 -112 -80 496 16 -16 96 0 112 -16 32 0 0 16 0 0 0 0 0 0 0 416 16 -80 -64 496 32 -16 112 0 112 -0 32 0 16 16 0 0 0 0 0 0 0 352 16 496 496 16 288 144 32 80 16 64 0 64 48 16 16 0 0 0 0 0 0 96 0 16 32 288 16 0 48 0 32 0 16 0 0 0 0 0 0 0 0 0 0 80 0 -16 -16 144 0 -0 16 0 16 -0 0 0 0 0 0 0 0 0 0 0 0 48 0 96 112 32 48 16 0 16 0 16 0 0 0 0 0 0 0 0 0 0 0 48 0 0 0 80 0 0 16 0 16 0 0 0 0 0 0 0 0 0 0 0 0 32 0 112 112 16 32 16 0 16 0 16 0 0 0 0 0 0 0 0 0 0 0 32 0 -16 -0 64 0 -0 16 0 16 -0 0 -0 0 0 0 0 0 0 0 0 0 16 0 32 32 0 16 0 0 0 0 0 0 0 0 0 0 0 0 0 0 0 0 16 0 0 0 64 0 0 0 0 0 -0 0 0 0 0 0 0 0 0 0 0 0 16 0 0 16 48 0 0 0 0 0 0 0 0 -0 0 0 0 0 0 0 0 0 16 0 16 16 16 0 0 0 0 0 0 0 0 0 0 0 0 0 0 0 0 0 16 0 0 0 16 0 0 0 0 0 0 0 0 0 0 0 0 0 0 0 0 0 0 0 0 0 0 0 0 0 0 0 0 0 0 0 0 0 0 0 0 0 0 0 0 0 0 0 0 0 0 0 0 0 0 0 0 0 0 0 0 0 0 0 0 0 0 0 0 0 0 0 0 0 0 0 0 0 0 0 0 0 0 0 0 0 0 0 0 0 0 0 0 0 0 0 0 0 0 0 0 0 0 0 0 0 0 0 0 0 0 0 0 0 0 0 0 0 0 0 0 0 0 0 0 0 0 0 0 0 0 0 0 0 0 0 0 0 0 0 0 0 0 0 0 0 0 0 0 0 0 0 0 0
0 0 64 32 32 16 16 16 16 16 0 0 0 0 0 0 0 0 0 0 0 0 0 0 448 176 176 80 32 32 32 32 32 32 16 48 16 0 16 0 16 16 0 0 64 448 304 448 112 -0 496 496 496 496 144 96 464 432 96 176 0 144 64 64 0 48 32 176 448 -64 160 48 496 496 416 432 -16 -0 304 224 16 112 16 96 48 32 16 32 32 176 112 160 32 -0 336 304 240 272 48 32 192 144 48 80 0 64 16 16 0 16 16 80 -0 48 -0 -16 144 128 96 112 16 16 80 80 16 32 -0 32 16 16 0 16 16 32 496 496 336 144 0 16 0 16 112 96 0 160 32 0 16 0 16 32 0 0 16 32 496 496 304 128 16 -0 -0 -0 112 96 0 112 32 0 16 -0 16 16 0 0 16 32 496 416 240 96 0 -0 -0 -0 96 80 0 96 32 0 16 -0 16 16 0 0 16 32 496 432 272 112 16 -0 -0 0 96 80 0 96 32 0 16 -0 16 16 0 0 0 32 144 -16 48 16 112 112 96 96 -0 0 64 64 0 32 0 16 16 16 0 16 0 32 96 -0 32 16 96 96 80 80 0 -0 48 48 0 16 0 16 16 16 0 0 0 16 464 304 192 80 0 0 0 0 64 48 -0 80 16 0 16 0 16 16 0 0 0 48 432 224 144 80 160 112 96 96 64 48 80 0 32 32 16 16 0 0 0 16 0 16 96 16 48 16 32 32 32 32 0 0 16 32 0 0 0 0 0 0 0 0 0 0 176 112 80 32 0 0 0 0 32 16 0 32 0 0 0 0 0 0 0 0 0 16 0 16 0 -0 16 16 16 16 0 0 16 16 0 0 -0 0 0 0 0 0 0 0 144 96 64 32 0 -0 -0 -0 16 16 0 16 0 0 0 -0 0 0 0 0 0 16 64 48 16 16 16 16 16 16 16 16 16 0 0 0 0 0 -0 0 0 0 0 16 64 32 16 16 32 16 16 16 16 16 16 0 0 0 0 0 0 -0 0 0 0 0 0 16 0 0 0 0 0 0 0 0 0 0 0 0 0 0 0 0 0 0 0 0 48 32 16 16 0 0 0 0 16 0 0 16 0 0 0 0 0 0 0 -0
0 0 496 272 304 128 176 96 48 48 32 32 32 16 16 16 0 0 0 0 0 0 0 0 32 16 16 16 0 0 0 0 0 0 0 0 0 0 0 0 0 0 0 0 496 32 96 496 496 496 496 480 144 336 176 16 112 -0 160 80 16 48 0 0 0 0 272 16 496 64 496 32 496 496 0 0 -0 48 128 64 0 16 -0 0 0 0 0 0 304 16 496 496 -16 496 16 0 288 352 256 96 32 32 144 64 32 32 0 0 0 0 128 16 496 32 496 16 496 272 -0 0 -0 16 48 16 0 0 -0 0 0 0 0 0 176 0 496 496 16 496 16 16 176 208 160 64 32 32 96 32 16 16 0 0 0 0 96 0 480 496 0 272 16 0 96 112 80 32 16 16 48 16 16 16 0 0 0 0 48 0 144 0 288 -0 176 96 -0 0 -0 0 16 0 0 0 -0 0 0 0 0 0 48 0 336 0 352 0 208 112 0 -0 -0 16 16 16 -0 0 -0 0 0 0 0 0 32 0 176 -0 256 -0 160 80 -0 -0 -0 0 16 0 0 0 -0 0 0 0 0 0 32 0 16 48 96 16 64 32 0 16 0 0 0 0 0 0 0 0 0 0 0 0 32 0 112 128 32 48 32 16 16 16 16 0 0 0 16 0 0 0 0 0 0 0 16 0 -0 64 32 16 32 16 0 16 0 0 0 -0 0 0 0 0 0 0 0 0 16 0 160 0 144 0 96 48 0 -0 0 0 16 0 -0 0 0 0 0 0 0 0 16 0 80 16 64 0 32 16 0 0 0 0 0 0 0 -0 -0 0 0 0 0 0 0 0 16 -0 32 -0 16 16 -0 -0 -0 0 0 0 0 -0 -0 0 0 0 0 0 0 0 48 0 32 0 16 16 0 0 0 0 0 0 0 0 0 0 0 0 0 0 0 0 0 0 0 0 0 0 0 0 0 0 0 0 0 0 0 0 0 0 0 0 0 0 0 0 0 0 0 0 0 0 0 0 0 0 0 0 0 0 0 0 0 0 0 0 0 0 0 0 0 0 0 0 0 0 0 0 0 0 0 0 0 0 0 0 0 0 0 0 0 0 0 0 0 0 0 0 0 0 0 0 0 0 0 0 0 0
0 0 80 64 16 16 16 16 0 0 0 0 0 0 0 0 0 0 0 0 0 0 0 0 224 288 64 80 48 48 16 0 0 0 0 0 0 0 0 0 0 0 0 0 80 224 -224 496 496 496 448 480 240 48 32 16 48 16 0 16 0 0 0 0 0 0 64 288 496 -64 256 32 64 48 48 16 -0 64 48 16 0 16 0 0 0 0 0 0 16 64 496 256 0 48 16 16 0 0 0 32 0 0 0 0 0 0 0 0 0 0 16 80 496 32 48 0 16 0 16 0 0 16 16 0 0 0 0 0 0 0 0 0 16 48 448 64 16 16 0 0 0 0 0 16 0 0 0 0 0 0 0 0 0 0 16 48 480 48 16 0 0 -0 0 0 0 16 0 0 0 0 0 0 0 0 0 0 0 16 240 48 0 16 0 0 0 0 0 16 0 0 0 0 0 0 0 0 0 0 0 0 48 16 0 0 0 0 0 0 0 0 0 0 0 0 0 0 0 0 0 0 0 0 32 -0 0 0 0 0 0 0 -0 0 0 0 0 0 0 0 0 0 0 0 0 0 16 64 32 16 16 16 16 0 0 -0 0 0 0 0 0 0 0 0 0 0 0 0 48 48 0 16 0 0 0 0 0 0 0 0 0 0 0 0 0 0 0 0 0 0 16 16 0 0 0 0 0 0 0 0 0 0 0 0 0 0 0 0 0 0 0 0 0 0 0 0 0 0 0 0 0 0 0 0 0 0 0 0 0 0 0 0 0 0 16 16 0 0 0 0 0 0 0 0 0 0 0 0 0 0 0 0 0 0 0 0 0 0 0 0 0 0 0 0 0 0 0 0 0 0 0 0 0 0 0 0 0 0 0 0 0 0 0 0 0 0 0 0 0 0 0 0 0 0 0 0 0 0 0 0 0 0 0 0 0 0 0 0 0 0 0 0 0 0 0 0 0 0 0 0 0 0 0 0 0 0 0 0 0 0 0 0 0 0 0 0 0 0 0 0 0 0 0 0 0 0 0 0 0 0 0 0 0 0 0 0 0 0 0 0 0 0 0 0 0 0 0 0 0 0 0 0 0 0 0 0 0 0 0 0 0 0 0 0 0 0
0 0 288 112 16 16 0 16 0 0 0 0 0 0 0 0 0 0 0 0 0 0 0 0 192 64 16 0 0 0 0 0 0 0 0 0 0 0 0 0 0 0 0 0 288 192 48 496 64 240 80 464 32 48 0 0 0 0 0 0 0 0 0 0 0 0 112 64 496 -16 16 16 -0 96 0 16 0 0 0 0 0 0 0 0 0 0 0 0 16 16 64 16 -0 0 -0 16 0 0 0 0 0 0 0 0 0 0 0 0 0 0 16 0 240 16 0 0 0 16 0 0 0 0 0 0 0 0 0 0 0 0 0 0 0 0 80 -0 -0 0 -0 0 0 0 0 0 0 0 0 0 0 0 0 0 0 0 16 0 464 96 16 16 0 0 0 0 0 0 0 0 0 0 0 0 0 0 0 0 0 0 32 0 0 0 0 0 -0 0 0 0 0 0 0 0 0 0 0 0 0 0 0 0 48 16 0 0 0 0 0 0 0 0 0 0 0 0 0 0 0 0 0 0 0 0 0 0 0 0 0 0 0 0 0 0 0 0 0 0 0 0 0 0 0 0 0 0 0 0 0 0 0 0 0 0 0 0 0 0 0 0 0 0 0 0 0 0 0 0 0 0 0 0 0 0 0 0 0 0 0 0 0 0 0 0 0 0 0 0 0 0 0 0 0 0 0 0 0 0 0 0 0 0 0 0 0 0 0 0 0 0 0 0 0 0 0 0 0 0 0 0 0 0 0 0 0 0 0 0 0 0 0 0 0 0 0 0 0 0 0 0 0 0 0 0 0 0 0 0 0 0 0 0 0 0 0 0 0 0 0 0 0 0 0 0 0 0 0 0 0 0 0 0 0 0 0 0 0 0 0 0 0 0 0 0 0 0 0 0 0 0 0 0 0 0 0 0 0 0 0 0 0 0 0 0 0 0 0 0 0 0 0 0 0 0 0 0 0 0 0 0 0 0 0 0 0 0 0 0 0 0 0 0 0 0 0 0 0 0 0 0 0 0 0 0 0 0 0 0 0 0 0 0 0 0 0 0 0 0 0 0 0 0 0 0 0 0 0 0 0 0 0 0 0 0 0 0 0 0 0 0 0 0 0 0 0 0
0 0 144 80 64 16 16 0 0 0 0 0 0 0 0 0 0 0 0 0 0 0 0 0 176 192 32 32 16 16 16 16 0 16 0 0 0 0 0 0 0 0 0 0 144 176 -192 496 496 496 0 464 144 32 32 176 176 96 32 80 32 16 16 32 16 48 80 192 496 32 496 256 496 368 80 176 272 304 -0 48 32 80 80 16 16 64 48 0 64 32 496 496 -0 416 32 352 112 48 16 144 64 80 32 64 -0 16 16 0 16 16 16 32 496 256 416 0 48 16 0 16 32 16 0 -0 0 0 16 0 0 16 0 0 16 16 0 496 32 48 -0 32 16 0 0 16 16 16 0 0 0 0 0 0 0 0 0 16 464 368 352 16 32 0 16 16 32 0 16 0 0 -0 16 0 0 16 0 0 0 16 144 80 112 0 16 16 -0 0 0 16 0 0 0 0 0 0 0 0 0 0 0 16 32 176 48 16 0 16 0 0 0 16 0 0 0 0 0 0 0 0 0 0 0 0 32 272 16 32 0 32 0 0 0 16 0 0 0 0 0 0 0 0 0 0 0 16 176 304 144 16 16 0 16 16 16 -0 16 0 0 0 0 0 0 0 0 0 0 0 176 -0 64 0 16 16 0 0 0 16 -0 0 0 0 0 0 0 0 0 0 0 0 96 48 80 -0 16 0 0 0 0 0 0 -0 0 0 0 0 -0 0 0 0 0 0 32 32 32 0 0 0 0 0 0 0 0 0 0 0 0 0 0 0 0 0 0 0 80 80 64 0 0 -0 0 0 0 0 0 0 0 -0 0 0 0 0 0 0 0 0 32 80 -0 16 0 16 0 0 0 0 0 0 0 0 -0 0 0 0 0 0 0 0 16 16 16 0 0 0 0 0 0 0 0 0 0 0 0 -0 0 0 0 0 0 0 16 16 16 0 0 0 0 0 0 0 0 -0 0 0 0 0 -0 0 0 0 0 0 32 64 0 16 0 16 0 0 0 0 0 0 0 0 0 0 0 0 0 0 0 0 16 48 16 0 0 0 0 0 0 0 0 0 0 0 0 0 0 0 -0 0 0 0 48 0 16 0 0 0 0 0 0 0 0 0 0 0 0 0 0 0 0 -0
0 0 496 480 208 96 64 64 48 64 48 48 16 48 16 16 16 16 0 0 0 0 0 0 48 32 16 0 0 0 0 0 0 0 0 0 0 0 0 0 0 0 0 0 496 48 496 496 112 496 -16 432 32 432 240 224 64 256 0 128 32 176 48 0 0 0 480 32 496 64 496 -32 336 96 208 112 80 128 48 96 128 32 16 16 0 0 0 0 208 16 112 496 16 160 -0 80 0 80 48 32 16 48 0 16 0 32 16 0 0 0 96 0 496 -32 160 -16 64 0 32 0 0 16 0 16 16 0 0 -0 -0 0 0 0 64 0 -16 336 -0 64 -0 32 0 32 16 16 0 16 -0 16 0 16 0 0 0 0 64 0 432 96 80 0 32 -0 16 -0 -0 0 0 -0 16 0 0 0 0 0 0 0 48 0 32 208 0 32 0 16 0 16 16 16 0 16 0 0 0 16 0 0 0 0 64 0 432 112 80 0 32 -0 16 -0 -0 0 16 -0 16 0 0 0 0 0 0 0 48 0 240 80 48 0 16 -0 16 -0 0 0 0 0 0 0 0 0 0 0 0 0 48 0 224 128 32 16 16 0 16 0 0 0 0 0 0 0 0 0 0 0 0 0 16 0 64 48 16 0 0 0 0 16 0 0 -0 0 0 0 0 0 0 0 0 0 48 0 256 96 48 16 16 -0 16 -0 0 0 0 -0 0 0 0 0 0 0 0 0 16 0 0 128 0 16 -0 16 0 16 0 0 0 0 -0 0 0 0 0 0 0 0 16 0 128 32 16 0 16 0 0 0 0 0 0 0 0 0 0 0 0 0 0 0 16 0 32 16 0 0 0 0 0 0 0 0 0 0 0 0 -0 0 0 0 0 0 16 0 176 16 32 -0 16 0 16 0 0 0 0 0 0 0 0 0 -0 0 0 0 0 0 48 0 16 -0 0 0 0 0 0 0 0 0 0 0 0 -0 -0 0 0 0 0 0 0 0 0 0 0 0 0 0 0 0 0 0 0 0 0 0 0 0 0 0 0 0 0 0 0 0 0 0 0 0 0 0 0 0 0 0 0 0 0 0 0 0 0 0 0 0 0 0 0 0 0 0 0 0 0 0 0 0 0 0 0 0 0 0
0 0 176 48 48 32 16 16 16 0 0 0 0 0 0 0 0 0 0 0 0 0 0 0 144 80 64 80 16 16 16 0 0 0 0 0 0 0 0 0 0 0 0 0 176 144 16 496 496 496 448 192 288 32 0 144 48 128 48 48 0 0 0 0 0 0 48 80 496 -16 496 496 480 256 -0 48 16 112 0 0 0 0 0 0 0 0 0 0 48 64 496 496 0 128 0 -0 224 16 32 0 48 80 32 32 0 0 0 0 0 0 32 80 496 496 128 16 16 32 336 32 64 0 80 112 48 48 0 0 0 0 0 0 16 16 448 480 0 16 -0 0 80 0 16 0 16 32 16 16 0 0 0 0 0 0 16 16 192 256 -0 32 0 -0 32 0 0 0 16 16 0 0 0 0 0 0 0 0 16 16 288 -0 224 336 80 32 -0 16 0 16 0 0 0 0 0 0 0 0 0 0 0 0 32 48 16 32 0 0 16 0 0 0 0 0 0 0 0 0 0 0 0 0 0 0 0 16 32 64 16 0 0 0 -0 0 0 0 0 0 0 0 0 0 0 0 0 0 144 112 0 0 0 0 16 0 0 0 0 0 0 0 0 0 0 0 0 0 0 0 48 0 48 80 16 16 0 0 0 0 0 0 0 0 0 0 0 0 0 0 0 0 128 0 80 112 32 16 0 0 0 0 0 -0 0 -0 0 0 0 0 0 0 0 0 48 0 32 48 16 0 0 0 0 0 0 0 0 0 0 0 0 0 0 0 0 0 48 0 32 48 16 0 0 0 0 0 0 -0 0 0 0 0 0 0 0 0 0 0 0 0 0 0 0 0 0 0 0 0 0 0 0 0 0 0 0 0 0 0 0 0 0 0 0 0 0 0 0 0 0 0 0 0 0 0 0 0 0 0 0 0 0 0 0 0 0 0 0 0 0 0 0 0 0 0 0 0 0 0 0 0 0 0 0 0 0 0 0 0 0 0 0 0 0 0 0 0 0 0 0 0 0 0 0 0 0 0 0 0 0 0 0 0 0 0 0 0 0 0 0 0 0 0 0 0 0 0 0 0 0 0 0 0 0 0 0 0 0 0 0 0 0 0 0 0 0 0 0 0
0 0 496 240 208 64 48 32 48 16 16 16 0 0 0 0 0 0 0 0 0 0 0 0 80 0 0 0 0 0 0 0 0 0 0 0 0 0 0 0 0 0 0 0 496 80 496 496 496 32 32 -16 400 16 48 32 64 0 0 0 0 0 0 0 0 0 240 0 496 16 -16 224 112 48 16 48 0 0 0 0 0 0 0 0 0 0 0 0 208 0 496 -16 -32 192 96 48 0 48 -0 0 0 0 0 0 0 0 0 0 0 0 64 0 32 224 192 -0 0 -0 48 0 0 0 0 0 0 0 0 0 0 0 0 0 48 0 32 112 96 0 0 -0 16 0 0 0 0 0 0 0 0 0 0 0 0 0 32 0 -16 48 48 -0 -0 -0 16 -0 0 0 0 0 0 0 0 0 0 0 0 0 48 0 400 16 0 48 16 16 0 16 0 0 0 0 0 0 0 0 0 0 0 0 16 0 16 48 48 0 0 -0 16 -0 0 0 0 0 0 0 0 0 0 0 0 0 16 0 48 0 -0 0 0 0 0 0 -0 -0 0 0 0 0 0 0 0 0 0 0 16 0 32 0 0 0 0 0 0 0 -0 -0 0 0 0 0 0 0 0 0 0 0 0 0 64 0 0 0 0 0 0 0 0 0 0 0 0 0 0 0 0 0 0 0 0 0 0 0 0 0 0 0 0 0 0 0 0 0 0 0 0 0 0 0 0 0 0 0 0 0 0 0 0 0 0 0 0 0 0 0 0 0 0 0 0 0 0 0 0 0 0 0 0 0 0 0 0 0 0 0 0 0 0 0 0 0 0 0 0 0 0 0 0 0 0 0 0 0 0 0 0 0 0 0 0 0 0 0 0 0 0 0 0 0 0 0 0 0 0 0 0 0 0 0 0 0 0 0 0 0 0 0 0 0 0 0 0 0 0 0 0 0 0 0 0 0 0 0 0 0 0 0 0 0 0 0 0 0 0 0 0 0 0 0 0 0 0 0 0 0 0 0 0 0 0 0 0 0 0 0 0 0 0 0 0 0 0 0 0 0 0 0 0 0 0 0 0 0 0 0 0 0 0 0 0 0 0 0 0 0 0 0 0 0 0 0 0 0 0 0 0 0
0 0 448 496 128 16 16 0 0 0 0 0 0 0 0 0 0 0 0 0 0 0 0 0 112 48 16 0 0 0 0 0 0 0 0 0 0 0 0 0 0 0 0 0 448 112 -416 496 496 -0 -32 160 -0 0 0 0 0 0 0 0 0 0 0 0 0 0 496 48 496 64 496 496 96 304 80 0 0 0 0 0 0 0 0 0 0 0 0 0 128 16 496 496 0 144 48 16 16 0 0 0 0 0 0 0 0 0 0 0 0 0 16 0 -0 496 144 -0 -0 0 -0 0 0 0 0 0 0 0 0 0 0 0 0 0 16 0 -32 96 48 -0 -0 0 -0 0 0 0 0 0 0 0 0 0 0 0 0 0 0 0 160 304 16 0 0 0 0 0 0 0 0 0 0 0 0 0 0 0 0 0 0 0 -0 80 16 -0 -0 0 -0 0 0 0 0 0 0 0 0 0 0 0 0 0 0 0 0 0 0 0 0 0 0 0 0 0 0 0 0 0 0 0 0 0 0 0 0 0 0 0 0 0 0 0 0 0 0 0 0 0 0 0 0 0 0 0 0 0 0 0 0 0 0 0 0 0 0 0 0 0 0 0 0 0 0 0 0 0 0 0 0 0 0 0 0 0 0 0 0 0 0 0 0 0 0 0 0 0 0 0 0 0 0 0 0 0 0 0 0 0 0 0 0 0 0 0 0 0 0 0 0 0 0 0 0 0 0 0 0 0 0 0 0 0 0 0 0 0 0 0 0 0 0 0 0 0 0 0 0 0 0 0 0 0 0 0 0 0 0 0 0 0 0 0 0 0 0 0 0 0 0 0 0 0 0 0 0 0 0 0 0 0 0 0 0 0 0 0 0 0 0 0 0 0 0 0 0 0 0 0 0 0 0 0 0 0 0 0 0 0 0 0 0 0 0 0 0 0 0 0 0 0 0 0 0 0 0 0 0 0 0 0 0 0 0 0 0 0 0 0 0 0 0 0 0 0 0 0 0 0 0 0 0 0 0 0 0 0 0 0 0 0 0 0 0 0 0 0 0 0 0 0 0 0 0 0 0 0 0 0 0 0 0 0 0 0 0 0 0 0 0 0 0 0 0 0 0 0 0 0
0 0 496 192 176 96 80 64 64 48 32 32 16 32 16 16 16 16 16 16 0 0 0 0 80 16 16 16 0 0 0 0 0 0 0 0 0 0 0 0 0 0 0 0 496 80 -240 240 496 112 496 496 496 496 192 -0 32 464 32 48 224 -0 288 64 0 0 192 16 240 32 240 96 112 96 96 80 32 16 32 96 0 0 48 0 64 16 -0 0 176 16 496 240 16 336 16 0 0 16 16 96 112 16 16 16 0 16 16 -0 0 0 96 16 112 96 336 -0 160 128 128 96 32 0 0 96 16 16 48 0 48 16 0 0 80 0 496 112 16 160 0 0 0 0 0 32 48 0 16 0 0 16 16 -0 0 0 64 0 496 96 0 128 0 -0 -0 0 0 32 48 0 0 0 0 0 0 -0 0 0 64 0 496 96 0 128 0 -0 0 0 0 32 48 0 0 0 0 0 0 -0 0 0 48 0 496 80 16 96 0 0 0 0 0 32 32 0 0 0 0 0 0 0 0 0 32 0 192 32 16 32 0 0 0 0 0 16 16 0 0 0 0 0 0 0 0 0 32 0 -0 16 96 0 32 32 32 32 16 -0 0 32 0 0 16 0 16 0 0 0 16 0 32 32 112 0 48 48 48 32 16 0 0 32 0 0 16 0 16 0 0 0 32 0 464 96 16 96 0 0 0 0 0 32 32 0 16 0 0 0 0 0 0 0 16 0 32 0 16 16 16 0 0 0 0 0 0 16 0 0 0 0 0 0 -0 0 16 0 48 0 16 16 0 0 0 0 0 0 0 0 0 0 0 0 0 0 -0 0 16 0 224 48 0 48 0 0 0 0 0 16 16 0 0 0 0 0 0 0 0 0 16 0 -0 0 16 0 16 0 0 0 0 0 0 0 0 0 0 -0 0 0 -0 0 16 0 288 64 16 48 16 0 0 0 0 16 16 0 0 0 0 0 -0 0 0 0 16 0 64 16 -0 16 -0 -0 -0 0 0 0 0 0 0 0 0 0 0 -0 0 -0 0 0 0 -0 0 0 0 0 0 0 0 0 0 0 -0 -0 0 -0 0 0 -0 -0 0 0 0 0 0 0 0 0 0 0 0 0 0 0 0 0 0 0 0 -0 -0 -0
0 0 48 32 32 16 0 0 0 0 0 0 0 0 0 0 0 0 0 0 0 0 0 0 256 320 128 48 64 32 32 16 0 0 0 0 0 0 0 0 0 0 0 0 48 256 -96 496 16 -32 192 -16 16 96 48 16 16 16 0 0 0 0 0 0 0 0 32 320 496 64 496 208 0 128 144 16 32 48 16 32 0 0 0 0 0 0 0 0 32 128 16 496 48 -0 112 0 16 48 16 16 0 16 0 0 0 0 0 0 0 0 16 48 -32 208 -0 -0 32 -0 0 16 0 0 0 0 0 0 0 0 0 0 0 0 0 64 192 0 112 32 -0 16 32 0 0 16 0 0 0 0 0 0 0 0 0 0 0 32 -16 128 0 -0 16 -0 0 16 0 0 0 0 0 0 0 0 0 0 0 0 0 32 16 144 16 0 32 0 0 16 0 0 0 0 0 0 0 0 0 0 0 0 0 16 96 16 48 16 0 16 16 0 0 0 0 0 0 0 0 0 0 0 0 0 0 0 48 32 16 0 0 0 0 0 -0 0 0 0 0 0 0 0 0 0 0 0 0 0 16 48 16 0 16 0 0 0 0 0 0 0 0 0 0 0 0 0 0 0 0 0 16 16 0 0 0 0 0 0 0 0 -0 0 0 0 0 0 0 0 0 0 0 0 16 32 16 0 0 0 0 0 0 0 0 -0 0 0 0 0 0 0 0 0 0 0 0 0 0 0 0 0 0 0 0 0 0 0 0 0 0 0 0 0 0 0 0 0 0 0 0 0 0 0 0 0 0 0 0 0 0 0 0 0 0 0 0 0 0 0 0 0 0 0 0 0 0 0 0 0 0 0 0 0 0 0 0 0 0 0 0 0 0 0 0 0 0 0 0 0 0 0 0 0 0 0 0 0 0 0 0 0 0 0 0 0 0 0 0 0 0 0 0 0 0 0 0 0 0 0 0 0 0 0 0 0 0 0 0 0 0 0 0 0 0 0 0 0 0 0 0 0 0 0 0 0 0 0 0 0 0 0 0 0 0 0 0 0 0 0 0 0 0 0 0 0 0 0 0 0 0 0 0 0 0 0 0 0 0 0 0 0 0 0 0 0 0 0 0 0
0 0 128 128 80 48 16 16 0 0 0 0 0 0 0 0 0 0 0 0 0 0 0 0 176 160 112 80 16 16 0 0 0 0 0 0 0 0 0 0 0 0 0 0 128 176 192 496 64 32 16 16 16 -0 16 0 0 0 0 0 0 0 0 0 0 0 128 160 496 -80 496 496 192 112 32 -0 32 -0 0 0 0 0 0 0 0 0 0 0 80 112 64 496 -16 -16 0 0 0 -0 16 0 0 0 0 0 0 0 0 0 0 0 48 80 32 496 -16 -16 -0 0 0 -0 16 0 0 0 0 0 0 0 0 0 0 0 16 16 16 192 0 -0 -0 0 0 -0 0 0 0 0 0 0 0 0 0 0 0 0 16 16 16 112 0 0 0 0 0 -0 0 0 0 0 0 0 0 0 0 0 0 0 0 0 16 32 0 0 0 0 0 -0 0 0 0 0 0 0 0 0 0 0 0 0 0 0 -0 -0 -0 -0 -0 -0 -0 -0 0 -0 0 0 0 0 0 0 0 0 0 0 0 0 16 32 16 16 0 0 0 0 0 0 0 0 0 0 0 0 0 0 0 0 0 0 0 -0 0 0 0 0 0 -0 0 -0 0 0 0 0 0 0 0 0 0 0 0 0 0 0 0 0 0 0 0 0 0 0 0 0 0 0 0 0 0 0 0 0 0 0 0 0 0 0 0 0 0 0 0 0 0 0 0 0 0 0 0 0 0 0 0 0 0 0 0 0 0 0 0 0 0 0 0 0 0 0 0 0 0 0 0 0 0 0 0 0 0 0 0 0 0 0 0 0 0 0 0 0 0 0 0 0 0 0 0 0 0 0 0 0 0 0 0 0 0 0 0 0 0 0 0 0 0 0 0 0 0 0 0 0 0 0 0 0 0 0 0 0 0 0 0 0 0 0 0 0 0 0 0 0 0 0 0 0 0 0 0 0 0 0 0 0 0 0 0 0 0 0 0 0 0 0 0 0 0 0 0 0 0 0 0 0 0 0 0 0 0 0 0 0 0 0 0 0 0 0 0 0 0 0 0 0 0 0 0 0 0 0 0 0 0 0 0 0 0 0 0 0 0 0 0 0 0 0 0 0 0 0 0 0 0 0 0 0 0 0
0 0 96 64 48 16 16 16 0 16 16 16 0 0 0 0 0 0 0 0 0 0 0 0 128 80 64 32 32 16 16 16 0 16 0 16 0 0 0 0 0 0 0 0 96 128 16 16 32 288 272 32 96 16 128 16 0 144 -0 0 32 16 16 0 0 0 64 80 16 -16 0 240 208 16 80 0 48 0 0 112 -0 0 16 16 16 0 0 0 48 64 32 0 16 176 160 16 64 0 48 0 0 80 -0 0 16 16 16 0 0 0 16 32 288 240 176 16 48 48 0 32 80 32 16 0 16 0 16 0 0 0 0 0 16 32 272 208 160 48 0 64 16 48 96 48 16 16 16 0 32 0 0 0 0 0 16 16 32 16 16 48 64 0 16 0 0 0 0 16 0 0 0 0 0 0 0 0 0 16 96 80 64 0 16 16 0 16 32 16 0 0 0 0 16 0 0 0 0 0 16 16 16 0 0 32 48 0 16 0 0 0 0 16 0 0 0 0 0 0 0 0 16 0 128 48 48 80 96 0 32 0 0 0 0 32 0 0 0 0 0 0 0 0 16 16 16 0 0 32 48 0 16 0 0 -0 0 16 0 0 0 0 0 0 0 0 0 0 0 0 0 16 16 0 0 0 0 0 -0 16 -0 0 0 0 0 0 0 0 0 16 144 112 80 0 16 16 0 16 32 16 16 0 0 0 0 0 0 0 0 0 0 0 -0 -0 -0 16 16 0 0 0 0 0 -0 0 -0 0 0 0 0 0 0 0 0 0 0 0 0 0 0 0 0 0 0 0 0 0 0 -0 0 0 0 0 0 0 0 0 32 16 16 16 32 0 16 0 0 0 0 0 0 0 0 0 0 0 0 0 0 0 16 16 16 0 0 0 0 0 0 0 0 0 0 0 0 0 0 0 0 0 0 0 16 16 16 0 0 0 0 0 0 0 0 0 0 0 0 0 -0 0 0 0 0 0 0 0 0 0 0 0 0 0 0 0 0 0 0 0 0 0 0 -0 0 0 0 0 0 0 0 0 0 0 0 0 0 0 0 0 0 0 0 0 0 0 0 0 0 0 0 0 0 0 0 0 0 0 0 0 0 0 0 0 0 0 0 0 0 0
0 0 496 192 16 0 0 0 0 0 0 0 0 0 0 0 0 0 0 0 0 0 0 0 64 96 16 0 0 0 0 0 0 0 0 0 0 0 0 0 0 0 0 0 496 64 -144 496 496 352 16 0 0 0 0 0 0 0 0 0 0 0 0 0 0 0 192 96 496 64 16 0 48 0 0 0 0 0 0 0 0 0 0 0 0 0 0 0 16 16 496 16 0 0 0 0 0 0 0 0 0 0 0 0 0 0 0 0 0 0 0 0 352 0 0 -0 0 0 0 0 0 0 0 0 0 0 0 0 0 0 0 0 0 0 16 48 0 0 0 0 0 0 0 0 0 0 0 0 0 0 0 0 0 0 0 0 0 0 0 0 0 0 0 0 0 0 0 0 0 0 0 0 0 0 0 0 0 0 0 0 0 0 0 0 0 0 0 0 0 0 0 0 0 0 0 0 0 0 0 0 0 0 0 0 0 0 0 0 0 0 0 0 0 0 0 0 0 0 0 0 0 0 0 0 0 0 0 0 0 0 0 0 0 0 0 0 0 0 0 0 0 0 0 0 0 0 0 0 0 0 0 0 0 0 0 0 0 0 0 0 0 0 0 0 0 0 0 0 0 0 0 0 0 0 0 0 0 0 0 0 0 0 0 0 0 0 0 0 0 0 0 0 0 0 0 0 0 0 0 0 0 0 0 0 0 0 0 0 0 0 0 0 0 0 0 0 0 0 0 0 0 0 0 0 0 0 0 0 0 0 0 0 0 0 0 0 0 0 0 0 0 0 0 0 0 0 0 0 0 0 0 0 0 0 0 0 0 0 0 0 0 0 0 0 0 0 0 0 0 0 0 0 0 0 0 0 0 0 0 0 0 0 0 0 0 0 0 0 0 0 0 0 0 0 0 0 0 0 0 0 0 0 0 0 0 0 0 0 0 0 0 0 0 0 0 0 0 0 0 0 0 0 0 0 0 0 0 0 0 0 0 0 0 0 0 0 0 0 0 0 0 0 0 0 0 0 0 0 0 0 0 0 0 0 0 0 0 0 0 0 0 0 0 0 0 0 0 0 0 0 0 0 0 0 0 0 0 0 0 0 0 0 0 0
0 0 32 32 16 16 16 0 0 0 0 0 0 0 0 0 0 0 0 0 0 0 0 0 448 256 144 96 96 80 48 32 16 0 16 0 0 0 0 0 0 0 0 0 32 448 368 496 16 160 384 176 32 0 16 16 16 32 16 16 0 0 0 0 0 0 32 256 496 -32 272 112 -0 256 80 80 48 48 48 16 32 0 0 0 0 0 0 0 16 144 16 272 -32 32 96 32 0 -0 0 0 0 0 0 0 0 0 0 0 0 0 16 96 160 112 32 -16 32 96 0 0 0 0 16 0 16 0 0 0 0 0 0 0 16 96 384 -0 96 32 0 96 32 16 16 16 16 0 16 0 0 0 0 0 0 0 0 80 176 256 32 96 96 0 16 16 0 16 0 0 0 0 0 0 0 0 0 0 0 48 32 80 0 0 32 16 0 -0 0 0 0 0 0 0 0 0 0 0 0 0 0 32 0 80 -0 0 16 16 -0 -0 -0 0 0 0 0 0 0 0 0 0 0 0 0 16 16 48 0 0 16 0 0 -0 0 0 0 0 0 0 0 0 0 0 0 0 0 0 16 48 0 0 16 16 0 0 0 -0 0 0 0 0 0 0 0 0 0 0 0 16 16 48 0 16 16 0 0 0 0 0 0 0 0 0 0 0 0 0 0 0 0 0 32 16 0 0 0 0 0 0 0 0 0 0 0 0 0 0 0 0 0 0 0 0 16 32 0 16 16 0 0 0 0 0 0 0 -0 0 0 0 0 0 0 0 0 0 16 0 0 0 0 0 0 0 0 0 0 0 0 0 0 0 0 0 0 0 0 0 0 0 0 0 0 0 0 0 0 0 0 0 0 0 0 0 0 0 0 0 0 0 0 0 0 0 0 0 0 0 0 0 0 0 0 0 0 0 0 0 0 0 0 0 0 0 0 0 0 0 0 0 0 0 0 0 0 0 0 0 0 0 0 0 0 0 0 0 0 0 0 0 0 0 0 0 0 0 0 0 0 0 0 0 0 0 0 0 0 0 0 0 0 0 0 0 0 0 0 0 0 0 0 0 0 0 0 0 0 0 0 0 0 0 0 0 0 0 0 0 0 0 0 0 0 0 0 0 0 0
0 0 192 144 128 208 112 64 32 32 16 16 0 0 0 0 0 0 0 0 0 0 0 0 48 48 32 16 16 0 0 0 0 0 0 0 0 0 0 0 0 0 0 0 192 48 48 -0 16 496 496 288 176 160 144 0 16 32 16 32 -0 16 -0 0 0 0 144 48 -0 -32 -16 496 384 224 128 128 112 0 16 16 16 32 -0 0 -0 0 0 0 128 32 16 -16 -0 496 368 208 112 112 96 0 16 16 16 16 -0 0 -0 0 0 0 208 16 496 496 496 -48 -16 0 -0 0 96 64 48 16 32 48 16 0 -0 0 0 0 112 16 496 384 368 -16 -0 0 -0 0 48 32 32 0 16 32 0 0 -0 0 0 0 64 0 288 224 208 0 0 0 0 0 32 16 16 0 16 16 0 0 0 0 0 0 32 0 176 128 112 -0 -0 0 -0 0 16 16 16 0 0 16 0 0 -0 0 0 0 32 0 160 128 112 0 0 0 0 0 16 16 0 0 0 0 0 0 0 0 0 0 16 0 144 112 96 96 48 32 16 16 -0 16 16 0 0 0 0 0 0 0 0 0 16 0 0 0 0 64 32 16 16 16 16 0 0 0 0 0 -0 0 -0 0 0 0 0 0 16 16 16 48 32 16 16 0 16 0 -0 0 0 0 -0 0 -0 0 0 0 0 0 32 16 16 16 0 0 0 0 0 0 0 0 0 0 0 0 -0 0 0 0 0 0 16 16 16 32 16 16 0 0 0 0 0 0 0 0 0 0 0 0 0 0 0 0 32 32 16 48 32 16 16 0 0 0 0 0 0 0 0 0 0 0 0 0 0 0 -0 -0 -0 16 0 0 0 0 0 -0 -0 0 0 0 -0 0 -0 0 0 0 0 0 16 0 0 0 0 0 0 0 0 0 0 0 0 0 0 -0 0 0 0 0 0 0 -0 -0 -0 -0 -0 0 -0 0 0 -0 -0 -0 0 0 -0 0 -0 0 0 0 0 0 0 0 0 0 0 0 0 0 0 0 0 0 0 0 0 0 0 0 0 0 0 0 0 0 0 0 0 0 0 0 0 0 0 0 0 0 0 0 0 0 0 0 0 0 0 0 0 0 0 0 0 0 0 0 0 0 0 0 0 0 0 0 0 0
0 0 96 32 32 16 16 0 0 0 0 0 0 0 0 0 0 0 0 0 0 0 0 0 496 208 160 96 80 32 16 16 16 16 16 16 0 0 0 0 0 0 0 0 96 496 -112 496 16 -16 16 0 176 48 288 48 272 208 16 64 -0 48 0 0 0 0 32 208 496 32 496 448 416 192 336 192 0 160 128 160 32 0 16 16 0 0 0 0 32 160 16 496 -16 -0 -0 0 48 16 80 16 64 48 0 16 -0 16 0 0 0 0 16 96 -16 448 -0 -0 -0 0 32 16 48 16 48 32 0 16 -0 0 0 0 0 0 16 80 16 416 -0 -0 0 0 32 0 48 0 32 32 0 16 -0 0 0 0 0 0 0 32 0 192 0 0 0 -0 16 0 16 0 16 16 0 0 -0 0 0 0 0 0 0 16 176 336 48 32 32 16 0 0 32 0 16 16 0 16 0 0 0 0 0 0 0 16 48 192 16 16 0 0 0 -0 16 -0 16 0 0 0 -0 0 0 0 0 0 0 16 288 0 80 48 48 16 32 16 -0 16 16 16 0 0 0 0 0 0 0 0 0 16 48 160 16 16 0 0 0 -0 16 -0 16 0 0 0 0 0 0 0 0 0 0 16 272 128 64 48 32 16 16 16 16 16 -0 0 0 0 0 0 0 0 0 0 0 16 208 160 48 32 32 16 16 0 16 0 0 0 0 0 0 0 0 0 0 0 0 0 16 32 0 0 0 0 0 0 0 0 0 0 0 0 -0 0 0 0 0 0 0 0 64 0 16 16 16 0 16 0 0 0 0 0 0 -0 0 0 0 0 0 0 0 0 -0 16 -0 -0 -0 -0 0 -0 0 0 0 0 -0 0 -0 0 0 0 0 0 0 0 48 16 16 0 0 0 0 0 0 0 0 0 0 0 0 0 0 0 0 0 0 0 0 0 0 0 0 0 0 0 0 0 0 0 0 0 0 0 0 0 0 0 0 0 0 0 0 0 0 0 0 0 0 0 0 0 0 0 0 0 0 0 0 0 0 0 0 0 0 0 0 0 0 0 0 0 0 0 0 0 0 0 0 0 0 0 0 0 0 0 0 0 0 0 0 0 0 0 0 0 0 0 0 0 0 0 0 0
0 0 176 80 80 16 0 0 0 0 0 0 0 0 0 0 0 0 0 0 0 0 0 0 256 96 32 32 16 0 0 0 0 0 0 0 0 0 0 0 0 0 0 0 176 256 -80 496 496 496 304 480 352 256 176 48 0 0 0 0 0 0 0 0 0 0 80 96 496 16 496 112 64 16 16 32 0 80 0 0 0 0 0 0 0 0 0 0 80 32 496 496 0 432 208 144 64 16 64 0 0 0 0 0 0 0 0 0 0 0 16 32 496 112 432 0 0 16 16 16 0 16 0 0 0 0 0 0 0 0 0 0 0 16 304 64 208 0 0 0 0 16 0 0 0 0 0 0 0 0 0 0 0 0 0 0 480 16 144 16 0 0 0 0 0 0 0 0 0 0 0 0 0 0 0 0 0 0 352 16 64 16 0 0 -0 0 0 0 0 0 0 0 0 0 0 0 0 0 0 0 256 32 16 16 16 0 0 -0 0 0 0 0 0 0 0 0 0 0 0 0 0 0 176 0 64 0 0 0 0 0 0 0 0 0 0 0 0 0 0 0 0 0 0 0 48 80 0 16 0 0 0 0 0 0 0 0 0 0 0 0 0 0 0 0 0 0 0 0 0 0 0 0 0 0 0 0 0 0 0 0 0 0 0 0 0 0 0 0 0 0 0 0 0 0 0 0 0 0 0 0 0 0 0 0 0 0 0 0 0 0 0 0 0 0 0 0 0 0 0 0 0 0 0 0 0 0 0 0 0 0 0 0 0 0 0 0 0 0 0 0 0 0 0 0 0 0 0 0 0 0 0 0 0 0 0 0 0 0 0 0 0 0 0 0 0 0 0 0 0 0 0 0 0 0 0 0 0 0 0 0 0 0 0 0 0 0 0 0 0 0 0 0 0 0 0 0 0 0 0 0 0 0 0 0 0 0 0 0 0 0 0 0 0 0 0 0 0 0 0 0 0 0 0 0 0 0 0 0 0 0 0 0 0 0 0 0 0 0 0 0 0 0 0 0 0 0 0 0 0 0 0 0 0 0 0 0 0 0 0 0 0 0 0 0 0 0 0 0 0 0 0 0 0 0 0 0 0 0 0 0 0 0 0 0
0 0 192 48 16 32 32 16 16 0 16 0 0 0 0 0 0 0 0 0 0 0 0 0 336 96 160 32 48 16 16 16 0 0 0 0 0 0 0 0 0 0 0 0 192 336 -64 -16 496 496 16 -16 48 272 448 16 16 -0 -16 16 0 0 0 0 0 0 48 96 -16 -16 496 416 0 -0 16 80 128 0 0 -0 -0 0 0 0 0 0 0 0 16 160 496 496 0 496 496 288 336 48 352 160 80 48 48 0 0 0 0 0 0 0 32 32 496 416 496 0 208 96 32 64 0 32 16 16 16 0 0 0 0 0 0 0 32 48 16 0 496 208 0 0 16 32 64 0 0 -0 -0 0 0 0 0 0 0 0 16 16 -16 -0 288 96 0 -0 0 16 32 0 0 -0 -0 0 0 0 0 0 0 0 16 16 48 16 336 32 16 0 -0 16 16 0 0 0 -0 0 0 0 0 0 0 0 0 16 272 80 48 64 32 16 16 -0 16 16 0 0 0 0 0 0 0 0 0 0 16 0 448 128 352 0 64 32 16 16 -0 16 0 0 0 0 0 0 0 0 0 0 0 0 16 0 160 32 0 0 0 16 16 -0 0 0 -0 0 0 0 0 0 0 0 0 0 16 0 80 16 0 0 0 0 0 0 0 0 0 0 0 0 0 0 0 0 0 0 -0 -0 48 16 -0 -0 0 0 0 0 0 -0 -0 0 0 0 0 0 0 0 0 0 -16 -0 48 16 -0 -0 -0 0 0 -0 0 -0 -0 0 0 0 0 0 0 0 0 0 16 0 0 0 0 0 0 0 0 0 0 0 0 0 0 0 0 0 0 0 0 0 0 0 0 0 0 0 0 0 0 0 0 0 0 0 0 0 0 0 0 0 0 0 0 0 0 0 0 0 0 0 0 0 0 0 0 0 0 0 0 0 0 0 0 0 0 0 0 0 0 0 0 0 0 0 0 0 0 0 0 0 0 0 0 0 0 0 0 0 0 0 0 0 0 0 0 0 0 0 0 0 0 0 0 0 0 0 0 0 0 0 0 0 0 0 0 0 0 0 0 0 0 0 0 0 0 0 0 0 0 0 0 0 0 0 0 0 0 0 0 0 0 0 0 0 0 0 0 0 0 0
0 0 64 32 16 16 16 0 0 0 0 0 0 0 0 0 0 0 0 0 0 0 0 0 256 304 64 96 48 48 48 32 32 16 16 16 16 0 0 0 0 0 0 0 64 256 -176 496 80 192 -16 208 160 -0 -0 -0 -0 16 -0 0 0 0 0 0 0 0 32 304 496 16 432 -16 144 32 16 80 80 80 48 80 16 0 0 0 0 0 0 0 16 64 80 432 0 128 16 96 80 16 16 0 0 0 0 0 0 0 0 0 0 0 16 96 192 -16 128 -16 48 0 0 16 32 16 16 16 0 0 0 0 0 0 0 0 16 48 -16 144 16 48 -0 48 32 0 0 0 0 0 -0 0 0 0 0 0 0 0 0 48 208 32 96 0 48 0 0 16 16 16 16 16 0 0 0 0 0 0 0 0 0 48 160 16 80 0 32 0 0 16 16 16 16 16 0 0 0 0 0 0 0 0 0 32 -0 80 16 16 0 16 16 0 0 0 0 0 -0 0 0 0 0 0 0 0 0 32 -0 80 16 32 0 16 16 0 0 0 0 0 0 0 0 0 0 0 0 0 0 16 -0 80 0 16 0 16 16 0 0 -0 0 0 0 0 0 0 0 0 0 0 0 16 -0 48 0 16 0 16 16 0 0 0 0 0 -0 0 0 0 0 0 0 0 0 16 16 80 0 16 0 16 16 0 0 0 0 0 0 0 0 0 0 0 0 0 0 16 -0 16 0 0 -0 0 0 -0 0 0 -0 0 -0 -0 0 0 0 0 0 0 0 0 0 0 0 0 0 0 0 0 0 0 0 0 -0 -0 0 0 0 0 0 0 0 0 0 0 0 0 0 0 0 0 0 0 0 0 0 0 0 0 0 0 0 0 0 0 0 0 0 0 0 0 0 0 0 0 0 0 0 0 0 0 0 0 0 0 0 0 0 0 0 0 0 0 0 0 0 0 0 0 0 0 0 0 0 0 0 0 0 0 0 0 0 0 0 0 0 0 0 0 0 0 0 0 0 0 0 0 0 0 0 0 0 0 0 0 0 0 0 0 0 0 0 0 0 0 0 0 0 0 0 0 0 0 0 0 0 0 0 0 0 0 0 0 0 0 0 0 0 0 0 0 0 0
0 0 208 80 16 16 16 0 0 16 0 0 0 0 0 0 0 0 0 0 0 0 0 0 112 144 32 32 16 16 16 0 0 0 0 0 0 0 0 0 0 0 0 0 208 112 -96 496 496 496 448 144 208 128 0 176 304 16 0 0 0 0 0 0 0 0 80 144 496 -32 -0 -0 0 16 -0 304 128 16 48 96 0 0 0 0 0 0 0 0 16 32 496 -0 -0 -0 0 0 -0 48 32 0 16 16 0 0 0 0 0 0 0 0 16 32 496 -0 -0 -0 -0 -0 -0 48 32 0 16 16 0 0 0 0 0 0 0 0 16 16 448 0 0 -0 0 0 -0 48 16 0 0 16 0 0 0 0 0 0 0 0 0 16 144 16 0 -0 0 -0 0 16 0 0 0 0 0 0 0 0 0 0 0 0 0 16 208 -0 -0 -0 -0 0 -0 16 16 0 0 0 0 0 0 0 0 0 0 0 16 0 128 304 48 48 48 16 16 0 0 16 16 0 0 0 0 0 0 0 0 0 0 0 0 128 32 32 16 0 16 0 -0 0 16 0 0 0 0 0 0 0 0 0 0 0 176 16 0 0 0 0 0 16 0 0 0 0 0 0 0 0 0 0 0 0 0 0 304 48 16 16 0 0 0 16 16 0 0 0 0 0 0 0 0 0 0 0 0 0 16 96 16 16 16 0 0 0 0 0 0 0 0 0 0 0 0 0 0 0 0 0 0 0 0 0 0 0 0 0 0 0 0 0 0 0 0 0 0 0 0 0 0 0 0 0 0 0 0 0 0 0 0 0 0 0 0 0 0 0 0 0 0 0 0 0 0 0 0 0 0 0 0 0 0 0 0 0 0 0 0 0 0 0 0 0 0 0 0 0 0 0 0 0 0 0 0 0 0 0 0 0 0 0 0 0 0 0 0 0 0 0 0 0 0 0 0 0 0 0 0 0 0 0 0 0 0 0 0 0 0 0 0 0 0 0 0 0 0 0 0 0 0 0 0 0 0 0 0 0 0 0 0 0 0 0 0 0 0 0 0 0 0 0 0 0 0 0 0 0 0 0 0 0 0 0 0 0 0 0 0 0 0 0 0 0 0 0 0 0 0 0 0 0 0 0
0 0 192 176 112 64 96 48 48 16 16 16 0 0 16 0 0 0 0 0 0 0 0 0 32 32 32 48 16 32 16 16 0 0 0 0 0 0 0 0 0 0 0 0 192 32 112 496 496 496 496 496 224 272 96 144 224 112 0 96 96 48 48 0 0 0 176 32 496 -48 16 496 0 496 -0 336 -0 80 144 144 48 96 64 64 64 0 0 0 112 32 496 16 -0 496 -0 496 -0 272 0 48 96 128 48 80 48 48 48 0 0 0 64 48 496 496 496 0 496 0 336 0 160 48 64 0 32 16 16 0 0 16 0 0 96 16 496 0 -0 496 -0 496 -0 208 -0 48 80 96 32 64 32 48 48 0 0 0 48 32 496 496 496 0 496 -0 272 0 128 32 48 0 32 0 16 0 0 16 0 0 48 16 224 -0 -0 336 -0 272 -0 80 -0 16 32 32 16 16 16 16 16 0 0 0 16 16 272 336 272 0 208 0 80 -0 32 16 16 0 16 0 0 0 0 0 0 0 16 0 96 -0 0 160 -0 128 -0 32 -0 16 16 16 0 16 0 0 0 0 0 0 16 0 144 80 48 48 48 32 16 16 16 0 0 0 0 0 0 0 0 0 0 0 0 0 224 144 96 64 80 48 32 16 16 0 0 0 16 0 -0 0 0 0 0 0 0 0 112 144 128 0 96 0 32 0 16 0 0 0 0 0 0 0 0 0 0 0 16 0 0 48 48 32 32 32 16 16 0 0 16 0 0 0 0 0 0 0 0 0 0 0 96 96 80 16 64 0 16 0 16 0 0 0 0 -0 0 0 0 0 0 0 0 0 96 64 48 16 32 16 16 0 0 0 -0 0 0 0 -0 0 0 0 0 0 0 0 48 64 48 0 48 0 16 0 0 0 0 0 0 0 0 0 0 0 0 0 0 0 48 64 48 0 48 0 16 0 0 0 0 0 0 0 0 0 0 0 0 0 0 0 0 0 0 16 0 16 0 0 0 0 0 0 0 0 0 0 0 -0 0 0 0 0 0 0 0 0 0 0 0 0 0 0 0 0 0 0 0 0 0 0 0 0 0 0 0 0 0 0 0 0 0 0 0 0 0 0 0 0 0 0 0 0 0 0
0 0 224 48 112 64 32 32 32 32 32 32 16 16 16 16 0 0 0 0 0 0 0 0 64 48 16 16 32 16 16 0 0 0 0 0 0 0 0 0 0 0 0 0 224 64 -112 496 96 496 496 496 496 64 64 112 432 256 16 64 160 80 16 96 16 32 48 48 496 16 496 496 0 320 272 304 208 320 240 160 128 144 0 16 16 0 48 0 112 16 96 496 -0 192 496 192 176 0 16 16 144 80 0 0 96 48 16 64 0 16 64 16 496 496 192 16 352 16 16 64 32 48 16 0 32 16 64 16 16 32 0 16 32 32 496 0 496 352 -0 240 192 208 144 208 176 112 80 96 0 0 16 -0 32 0 32 16 496 320 192 16 240 0 0 64 32 48 0 0 32 16 48 16 16 16 16 0 32 16 496 272 176 16 192 0 0 64 32 48 0 0 32 16 32 16 16 16 16 0 32 0 64 304 0 64 208 64 64 0 0 0 48 32 0 0 32 16 0 16 0 0 32 0 64 208 16 32 144 32 32 0 -0 0 32 16 0 0 32 16 0 16 -0 0 32 0 112 320 16 48 208 48 48 0 0 0 32 16 0 0 32 16 0 16 0 0 16 0 432 240 144 16 176 0 0 48 32 32 0 0 16 16 32 16 16 16 0 0 16 0 256 160 80 0 112 0 0 32 16 16 0 0 16 0 16 0 0 16 0 0 16 0 16 128 0 32 80 32 32 0 0 0 16 16 0 0 16 0 0 16 0 0 16 0 64 144 0 16 96 16 16 0 0 0 16 0 0 -0 16 0 0 16 0 0 0 0 160 0 96 64 0 48 32 32 32 32 32 16 16 16 0 0 0 0 0 0 0 0 80 16 48 16 0 16 16 16 16 16 16 0 0 0 0 -0 0 0 0 0 0 0 16 16 16 16 16 16 16 0 0 0 16 0 0 0 0 0 -0 0 0 0 0 0 96 0 64 32 -0 16 16 16 16 16 16 16 16 16 0 0 0 -0 0 0 0 0 16 48 0 0 32 16 16 0 -0 0 0 0 0 0 0 0 0 0 -0 0 0 0 32 0 16 16 0 0 0 0 0 0 0 0 0 0 0 0 0 0 0 0
0 0 32 16 16 16 16 16 16 16 16 16 16 0 0 0 0 0 0 0 0 0 0 0 80 96 64 48 48 48 48 48 32 32 32 16 16 16 16 16 16 16 16 0 32 80 -32 80 48 64 32 32 32 48 32 16 32 16 32 0 16 0 16 16 16 0 16 96 80 0 80 96 64 16 48 64 48 48 48 32 0 16 16 16 16 0 0 16 16 64 48 80 -16 -0 -16 0 -0 -0 -0 -0 -0 -0 16 0 0 0 32 0 0 0 16 48 64 96 -0 -0 -0 16 0 0 0 0 0 -0 32 0 0 0 32 0 0 0 16 48 32 64 -16 -0 -0 0 -0 -0 -0 -0 -0 -0 16 0 0 0 16 0 0 0 16 48 32 16 0 16 0 -0 0 0 0 0 0 0 0 0 0 0 16 0 0 16 16 48 32 48 -0 0 -0 0 -0 -0 0 0 -0 0 16 0 0 0 16 0 0 0 16 48 48 64 -0 0 -0 0 -0 0 0 0 -0 0 16 0 0 0 16 0 0 0 16 32 32 48 -0 0 -0 0 0 0 0 0 0 0 16 0 0 0 16 0 0 0 16 32 16 48 -0 0 -0 0 0 0 0 0 0 0 16 0 0 0 16 0 0 0 16 32 32 48 -0 0 -0 0 -0 -0 0 0 -0 0 16 0 0 0 16 0 0 0 0 16 16 32 -0 -0 -0 0 0 0 0 0 0 0 16 0 0 0 16 0 0 0 0 16 32 0 16 32 16 0 16 16 16 16 16 16 -0 0 0 0 0 0 0 0 0 16 0 16 0 0 0 0 0 0 0 0 0 0 0 -0 0 0 0 0 0 0 0 16 16 16 0 0 0 0 0 0 0 0 0 0 0 0 0 0 0 0 0 0 0 16 0 16 0 0 0 0 0 0 0 0 0 0 0 0 0 0 0 0 0 0 0 16 16 16 32 32 16 16 16 16 16 16 16 16 0 0 0 0 0 0 0 0 0 16 16 0 0 0 0 0 0 0 0 0 0 0 0 0 0 0 0 0 0 0 0 16 16 0 0 0 0 0 0 0 0 0 0 0 0 0 0 0 0 0 0 0 0 0 0 16 0 0 0 16 0 0 0 0 0 0 0 0 0 0 0 0 0 0
0 0 336 80 64 48 32 16 16 0 0 0 0 0 0 0 0 0 0 0 0 0 0 0 176 64 48 32 16 16 0 0 0 0 0 0 0 0 0 0 0 0 0 0 336 176 192 496 496 496 0 496 384 192 448 16 256 0 64 32 0 0 0 0 0 0 80 64 496 -16 -16 -0 224 -0 0 0 32 64 48 16 64 16 16 0 0 0 0 0 64 48 496 -16 -16 -0 144 -0 0 -0 16 48 32 16 48 16 0 0 0 0 0 0 48 32 496 -0 -0 0 96 0 0 0 16 32 16 16 32 16 0 0 0 0 0 0 32 16 0 224 144 96 -0 48 32 16 48 0 16 0 0 0 0 0 0 0 0 0 16 16 496 -0 -0 0 48 0 0 -0 0 16 16 0 16 0 0 0 0 0 0 0 16 0 384 0 0 0 32 0 0 0 0 16 0 0 16 0 0 0 0 0 0 0 0 0 192 0 -0 0 16 -0 0 -0 0 0 0 0 0 0 0 0 0 0 0 0 0 0 448 32 16 16 48 0 0 0 0 16 0 0 0 0 0 0 0 0 0 0 0 0 16 64 48 32 0 16 16 0 16 0 0 0 0 0 -0 0 0 0 0 0 0 0 256 48 32 16 16 16 0 0 0 0 0 0 0 0 0 0 0 0 0 0 0 0 0 16 16 16 0 0 0 0 0 0 0 -0 0 0 0 0 0 0 0 0 0 0 64 64 48 32 0 16 16 0 0 0 0 0 0 0 -0 0 0 0 0 0 0 0 32 16 16 16 0 0 0 0 0 0 0 0 0 0 0 0 0 0 0 0 0 0 0 16 0 0 0 0 0 0 0 -0 0 0 -0 0 -0 0 0 0 0 0 0 0 0 0 0 0 0 0 0 0 0 0 0 0 0 0 0 0 0 0 0 0 0 0 0 0 0 0 0 0 0 0 0 0 0 0 0 0 0 0 0 0 0 0 0 0 0 0 0 0 0 0 0 0 0 0 0 0 0 0 0 0 0 0 0 0 0 0 0 0 0 0 0 0 0 0 0 0 0 0 0 0 0 0 0 0 0 0 0 0 0 0 0 0 0 0 0 0 0 0 0 0 0 0 0 0 0 0 0 0
0 0 256 256 192 96 96 48 64 32 48 32 32 16 16 16 16 16 16 16 16 16 0 0 80 16 16 0 0 0 0 16 0 0 0 0 0 0 0 0 0 0 0 0 256 80 144 496 496 496 496 144 496 0 464 304 368 176 0 32 16 16 80 288 416 128 256 16 496 -80 -0 96 0 192 -0 320 -16 16 0 32 208 96 160 128 32 64 96 0 192 16 496 -0 32 112 32 160 16 256 0 16 16 32 160 64 128 96 32 48 80 0 96 0 496 96 112 0 32 176 32 192 16 16 16 32 128 80 96 96 32 16 16 16 96 0 496 0 32 32 0 96 16 128 -0 0 0 16 80 32 64 48 16 16 32 0 48 0 144 192 160 176 96 -0 48 16 32 16 16 16 16 -0 0 0 0 32 48 0 64 0 496 -0 16 32 16 48 0 80 0 0 0 16 48 16 32 32 0 16 32 0 32 16 0 320 256 192 128 16 80 -0 48 32 32 16 -0 0 0 0 0 32 32 16 48 0 464 -16 0 16 -0 32 0 48 -0 0 0 0 32 16 16 16 0 16 16 0 32 0 304 16 16 16 0 16 0 32 0 0 0 0 16 16 16 16 0 0 16 0 32 0 368 0 16 16 0 16 0 32 0 0 0 0 16 16 16 16 0 16 16 0 16 0 176 32 32 32 16 16 16 16 0 0 0 -0 16 0 16 16 0 0 16 0 16 0 0 208 160 128 80 16 48 -0 32 16 16 16 -0 0 0 0 0 16 16 16 16 0 32 96 64 80 32 -0 16 0 16 16 16 0 0 -0 0 0 0 16 16 0 16 0 16 160 128 96 64 0 32 0 16 16 16 16 0 0 0 0 0 16 16 0 16 0 16 128 96 96 48 0 32 0 16 16 16 16 0 0 0 -0 0 16 16 0 16 0 80 32 32 32 16 0 0 0 0 0 0 0 0 0 0 0 0 0 16 0 16 0 288 64 48 16 16 32 16 32 16 0 16 0 16 16 16 16 0 0 0 0 16 0 416 96 80 16 32 48 32 32 16 16 16 16 16 16 16 16 16 0 0 0 16 0 128 0 0 16 0 0 0 16 0 0 0 0 16 0 0 0 0 0 0 -0
0 0 496 464 48 16 16 16 0 0 0 0 0 0 0 0 0 0 0 0 0 0 0 0 80 32 0 0 0 0 0 0 0 0 0 0 0 0 0 0 0 0 0 0 496 80 80 -80 -64 32 128 160 16 0 0 0 0 0 0 0 0 0 0 0 0 0 464 32 -80 -112 -32 0 64 80 16 0 0 0 0 0 0 0 0 0 0 0 0 0 48 0 -64 -32 -0 -0 0 0 0 0 0 0 0 0 0 0 0 0 0 0 0 0 16 0 32 0 -0 -0 -0 0 0 0 0 0 0 0 0 0 0 0 0 0 0 0 16 0 128 64 0 -0 -0 -0 0 0 0 0 0 0 0 0 0 0 0 0 0 0 16 0 160 80 0 0 -0 -0 0 0 0 0 0 0 0 0 0 0 0 0 0 0 0 0 16 16 0 0 0 0 0 0 0 0 0 0 0 0 0 0 0 0 0 0 0 0 0 0 0 0 0 0 0 0 0 0 0 0 0 0 0 0 0 0 0 0 0 0 0 0 0 0 0 0 0 0 0 0 0 0 0 0 0 0 0 0 0 0 0 0 0 0 0 0 0 0 0 0 0 0 0 0 0 0 0 0 0 0 0 0 0 0 0 0 0 0 0 0 0 0 0 0 0 0 0 0 0 0 0 0 0 0 0 0 0 0 0 0 0 0 0 0 0 0 0 0 0 0 0 0 0 0 0 0 0 0 0 0 0 0 0 0 0 0 0 0 0 0 0 0 0 0 0 0 0 0 0 0 0 0 0 0 0 0 0 0 0 0 0 0 0 0 0 0 0 0 0 0 0 0 0 0 0 0 0 0 0 0 0 0 0 0 0 0 0 0 0 0 0 0 0 0 0 0 0 0 0 0 0 0 0 0 0 0 0 0 0 0 0 0 0 0 0 0 0 0 0 0 0 0 0 0 0 0 0 0 0 0 0 0 0 0 0 0 0 0 0 0 0 0 0 0 0 0 0 0 0 0 0 0 0 0 0 0 0 0 0 0 0 0 0 0 0 0 0 0 0 0 0 0 0 0 0 0 0 0 0 0 0 0 0 0 0 0 0 0 0 0 0 0 0 0 0 0 0 0 0 0 0 0
0 0 288 256 64 80 64 32 32 16 16 16 16 16 0 16 0 0 0 0 0 0 0 0 96 48 16 16 16 0 0 16 0 0 0 0 0 0 0 0 0 0 0 0 288 96 -176 496 496 496 496 400 96 496 96 160 160 160 96 144 0 32 112 16 48 32 256 48 496 0 112 496 496 0 176 448 64 16 16 16 32 0 96 16 112 32 80 96 64 16 496 112 16 496 416 16 48 112 0 16 0 0 0 0 16 0 16 0 16 32 80 16 496 496 496 16 16 208 64 432 112 96 112 96 80 64 16 32 48 16 0 0 64 16 496 496 416 16 0 176 48 352 96 80 80 80 64 64 16 16 32 16 0 0 32 0 400 0 16 208 176 -0 16 80 16 -0 0 0 0 0 16 0 16 0 0 16 32 0 96 176 48 64 48 16 0 80 16 0 16 16 16 0 0 0 16 0 0 0 16 16 496 448 112 432 352 80 80 16 32 48 16 16 0 16 16 16 16 16 32 16 16 0 96 64 0 112 96 16 16 32 0 0 0 0 0 0 0 0 0 0 0 0 16 0 160 16 16 96 80 -0 0 48 0 0 0 0 0 0 0 0 16 0 0 0 16 0 160 16 0 112 80 0 16 16 0 0 -0 -0 0 0 0 0 0 0 0 0 16 0 160 16 0 96 80 0 16 16 0 0 -0 -0 0 0 0 0 0 0 0 0 0 0 96 32 0 80 64 0 16 0 0 0 0 0 -0 0 0 0 0 0 0 0 16 0 144 0 0 64 64 0 0 16 0 0 0 0 0 0 0 0 0 0 0 0 0 0 0 96 16 16 16 16 0 16 0 0 0 0 0 0 -0 0 0 0 0 0 0 0 32 16 0 32 16 0 0 16 0 0 0 0 0 0 0 0 0 0 0 0 0 0 112 112 16 48 32 16 16 16 0 16 0 0 0 0 0 0 0 0 0 0 0 0 16 32 0 16 16 0 0 16 0 0 0 0 0 0 0 0 0 0 0 0 0 0 48 80 16 0 0 0 0 32 0 0 0 0 0 0 0 0 0 0 -0 0 0 0 32 96 32 0 0 16 0 16 0 0 0 0 0 0 0 0 0 0 0 0
0 0 384 48 32 16 16 16 0 16 0 16 16 0 0 0 0 16 0 0 0 0 0 0 112 48 32 16 0 16 16 0 0 0 0 0 0 0 0 0 0 0 0 0 384 112 0 496 496 496 256 496 496 144 416 0 64 48 384 288 256 112 224 144 64 80 48 48 496 16 16 80 256 96 32 240 32 80 144 64 16 0 48 128 48 32 16 0 32 32 496 16 0 32 144 48 16 160 16 48 80 32 0 0 16 80 16 16 0 0 16 16 496 80 32 -0 32 0 0 80 0 16 32 16 0 16 0 48 0 0 0 0 16 0 256 256 144 32 -0 32 48 32 16 0 0 0 16 32 0 16 0 0 0 0 16 16 496 96 48 0 32 0 0 80 0 16 32 16 0 16 0 48 0 0 0 0 0 16 496 32 16 0 48 0 -0 80 0 16 32 16 0 0 0 32 0 0 0 0 16 0 144 240 160 80 32 80 80 -0 32 0 0 16 32 16 32 0 16 16 16 0 0 0 416 32 16 0 16 0 0 32 0 16 16 0 0 0 0 16 0 0 0 0 16 0 0 80 48 16 0 16 16 0 16 0 0 0 16 0 0 0 0 0 0 0 16 0 64 144 80 32 0 32 32 0 16 0 0 0 16 16 16 0 16 0 0 0 0 0 48 64 32 16 0 16 16 16 0 0 0 0 0 0 0 0 0 0 0 0 0 0 384 16 0 0 16 0 0 32 0 16 16 0 0 0 0 16 0 0 0 0 0 0 288 0 0 16 32 16 0 16 0 0 16 0 0 -0 0 16 0 0 0 -0 0 0 256 48 16 0 0 0 0 32 0 0 16 0 0 0 -0 16 -0 0 0 0 16 0 112 128 80 48 16 48 32 0 16 0 0 0 16 16 16 0 16 0 0 0 0 0 224 48 16 0 0 0 0 16 0 0 16 0 0 0 -0 16 -0 0 0 0 0 0 144 32 16 0 0 0 0 16 0 0 0 0 0 0 0 0 0 0 0 0 0 0 64 16 0 0 0 0 0 16 0 0 0 0 0 0 0 0 0 0 -0 0 0 0 80 0 0 0 0 0 0 0 0 0 0 0 0 -0 0 0 0 0 0 -0
0 0 288 48 48 64 48 32 16 0 0 0 16 0 0 0 0 0 0 0 0 0 0 0 112 64 64 16 16 16 0 0 0 0 0 0 0 0 0 0 0 0 0 0 288 112 -0 496 496 496 480 80 -0 192 352 16 64 192 48 272 112 64 16 16 0 96 48 64 496 -32 -16 496 448 304 112 16 -0 64 80 -0 112 0 32 0 16 48 32 0 48 64 496 -16 -0 496 448 320 128 16 0 80 80 -0 112 0 32 0 16 48 32 0 64 16 496 496 496 16 0 128 48 48 80 32 0 32 32 48 48 16 16 16 0 16 48 16 480 448 448 0 -0 80 32 32 48 16 0 16 32 32 32 0 16 16 0 16 32 16 80 304 320 128 80 0 0 16 32 0 16 16 0 32 0 0 0 0 0 0 16 0 -0 112 128 48 32 0 -0 0 16 0 0 0 0 16 0 0 0 0 0 0 0 0 192 16 16 48 32 16 0 0 0 0 0 0 16 0 0 0 0 0 0 0 0 0 352 -0 0 80 48 32 16 0 0 16 16 -0 16 0 0 0 0 0 0 0 0 0 16 64 80 32 16 0 0 0 16 0 0 0 0 0 0 0 0 0 0 0 16 0 64 80 80 0 0 16 0 0 16 0 0 0 0 0 0 0 0 0 0 0 0 0 192 -0 -0 32 16 16 0 0 -0 0 0 -0 0 0 0 -0 0 0 0 0 0 0 48 112 112 32 32 0 0 16 16 0 0 0 -0 16 0 0 0 -0 0 0 0 0 272 0 0 48 32 32 16 0 0 0 0 0 16 -0 0 0 0 0 0 0 0 0 112 32 32 48 32 0 0 0 0 0 0 0 0 0 -0 0 0 0 0 0 0 0 64 0 0 16 0 0 0 0 0 0 0 -0 0 0 0 -0 0 0 0 0 0 0 16 16 16 16 16 0 0 0 0 0 0 0 0 0 0 0 0 0 0 0 0 0 16 48 48 16 16 0 0 0 0 0 0 0 -0 0 0 0 0 -0 0 0 0 0 0 32 32 0 0 0 0 0 0 0 0 0 0 0 0 0 0 0 0 0 0 0 96 0 0 16 16 0 0 0 0 0 0 0 0 0 0 0 0 0 0 0
0 0 96 176 112 128 112 64 80 64 32 48 48 48 32 32 48 16 32 32 16 32 0 0 16 16 16 0 0 0 0 0 0 0 0 0 0 0 0 0 0 0 0 0 96 16 64 496 144 448 256 112 288 224 64 80 144 128 64 64 160 16 96 48 0 96 176 16 496 -32 272 -16 160 48 -0 -16 144 16 -0 64 32 48 -0 96 48 32 64 -0 112 16 144 272 -0 192 32 32 128 80 0 16 48 16 64 0 64 32 16 0 16 48 128 0 448 -16 192 -16 112 32 -0 -0 96 16 -0 32 32 32 -0 64 32 16 48 -0 112 0 256 160 32 112 -0 48 80 48 16 16 32 0 64 0 32 48 0 0 32 32 64 0 112 48 32 32 48 0 32 16 32 0 16 16 16 0 16 16 16 0 16 0 80 0 288 -0 128 -0 80 32 0 -0 64 16 0 32 16 32 0 48 32 16 32 0 64 0 224 -16 80 -0 48 16 -0 -0 48 0 -0 16 16 16 -0 32 16 0 16 0 32 0 64 144 0 96 16 32 64 48 0 16 32 16 32 0 32 16 0 0 0 16 48 0 80 16 16 16 16 0 16 0 16 -0 0 0 0 0 0 16 0 0 0 0 48 0 144 -0 48 -0 32 16 0 -0 32 0 0 16 16 16 0 16 16 0 16 0 48 0 128 64 16 32 0 16 32 16 16 0 16 0 32 0 16 16 0 0 16 16 32 0 64 32 64 32 64 16 16 16 32 0 16 32 -0 16 16 0 16 16 0 0 32 0 64 48 0 32 0 0 32 16 0 0 16 0 16 -0 16 16 0 -0 0 16 48 0 160 -0 64 -0 32 16 0 -0 32 0 0 16 16 16 0 16 16 0 16 0 16 0 16 96 32 64 48 16 48 32 16 16 16 16 0 16 16 -0 16 16 0 16 32 0 96 48 16 32 0 16 32 16 0 0 16 0 16 0 16 16 0 0 16 16 32 0 48 32 0 16 0 0 16 0 0 0 0 0 16 -0 0 16 0 -0 0 0 16 0 0 64 16 48 32 16 32 16 0 0 16 16 0 0 16 0 16 0 0 16 32 0 96 -0 48 -0 32 0 0 0 16 0 0 16 0 16 0 16 16 0 16 0
0 0 96 48 48 0 0 0 0 0 0 0 0 0 0 0 0 0 0 0 0 0 0 0 496 432 224 48 16 16 16 0 0 0 0 0 0 0 0 0 0 0 0 0 96 496 -64 496 496 -0 0 -16 224 0 -0 0 0 0 0 0 0 0 0 0 0 0 48 432 496 -32 496 192 32 32 16 0 0 0 0 0 0 0 0 0 0 0 0 0 48 224 496 496 -32 272 144 144 304 32 0 0 0 0 0 0 0 0 0 0 0 0 0 48 -0 192 272 -0 -0 -0 16 -0 -0 0 0 0 0 0 0 0 0 0 0 0 0 16 0 32 144 -0 -0 -0 0 -0 -0 0 0 0 0 0 0 0 0 0 0 0 0 16 -16 32 144 -0 -0 -0 0 0 -0 0 0 0 0 0 0 0 0 0 0 0 0 16 224 16 304 16 0 0 -0 0 0 0 0 0 0 0 0 0 0 0 0 0 0 0 0 0 32 -0 -0 0 0 -0 0 0 0 0 0 0 0 0 0 0 0 0 0 0 -0 0 0 -0 -0 -0 0 0 -0 0 0 0 0 0 0 0 0 0 0 0 0 0 0 0 0 0 0 0 0 0 0 0 0 0 0 0 0 0 0 0 0 0 0 0 0 0 0 0 0 0 0 0 0 0 0 0 0 0 0 0 0 0 0 0 0 0 0 0 0 0 0 0 0 0 0 0 0 0 0 0 0 0 0 0 0 0 0 0 0 0 0 0 0 0 0 0 0 0 0 0 0 0 0 0 0 0 0 0 0 0 0 0 0 0 0 0 0 0 0 0 0 0 0 0 0 0 0 0 0 0 0 0 0 0 0 0 0 0 0 0 0 0 0 0 0 0 0 0 0 0 0 0 0 0 0 0 0 0 0 0 0 0 0 0 0 0 0 0 0 0 0 0 0 0 0 0 0 0 0 0 0 0 0 0 0 0 0 0 0 0 0 0 0 0 0 0 0 0 0 0 0 0 0 0 0 0 0 0 0 0 0 0 0 0 0 0 0 0 0 0 0 0 0 0 0 0 0 0 0 0 0 0 0 0 0 0 0 0 0 0 0 0 0 0 0 0 0 0 0 0 0 0 0 0 0 0 0 0 0 0 0 0
0 0 112 32 16 16 16 16 0 0 0 0 0 0 0 0 0 0 0 0 0 0 0 0 256 64 80 32 16 32 16 16 16 16 16 16 16 16 16 16 0 0 0 0 112 256 -80 48 496 32 48 -0 32 208 0 240 0 -0 160 32 16 0 80 0 0 -0 32 64 48 16 224 16 16 0 16 48 0 64 0 0 32 16 0 0 16 0 0 0 16 80 496 224 0 112 32 48 32 0 48 0 32 32 0 32 48 16 48 16 16 16 16 32 32 16 112 0 16 0 0 32 0 32 0 0 16 0 0 0 0 0 0 0 16 16 48 16 32 16 0 0 0 16 0 16 0 0 0 0 0 0 16 0 0 0 16 32 -0 0 48 0 0 -0 0 16 0 16 -0 -0 16 0 0 -0 0 0 -0 0 0 16 32 16 32 0 0 0 0 16 0 16 0 0 0 0 0 0 0 0 0 0 0 16 208 48 0 32 16 16 16 0 16 0 0 0 0 0 16 0 16 0 0 0 0 16 0 0 48 0 0 0 0 16 -0 16 0 0 16 0 0 0 0 0 0 0 0 16 240 64 0 32 16 16 16 0 16 0 16 16 0 0 16 0 16 0 0 0 0 16 0 0 32 0 0 -0 0 0 0 16 -0 0 0 0 0 -0 0 -0 -0 0 0 16 -0 0 32 0 0 -0 0 0 0 16 0 -0 0 0 0 0 0 0 0 -0 0 16 160 32 0 16 0 16 0 0 16 0 0 0 -0 0 16 0 16 0 0 0 0 16 32 16 32 0 0 0 0 0 0 0 0 0 0 0 0 0 0 -0 0 0 0 16 16 0 48 0 0 0 0 16 0 16 0 0 16 0 -0 0 0 -0 0 0 0 16 0 0 16 0 0 -0 0 0 0 0 -0 0 0 0 0 -0 0 -0 0 0 0 0 80 16 48 0 16 0 0 16 0 16 0 0 16 0 0 0 0 0 0 0 0 0 0 0 16 0 0 0 0 0 0 0 -0 0 0 -0 -0 -0 0 -0 0 0 0 0 0 0 16 0 0 -0 0 0 0 0 -0 0 0 0 0 0 0 0 0 0 0 0 -0 0 16 0 0 0 0 0 0 0 0 -0 0 0 0 0 0 0 0 -0
0 0 496 256 320 32 32 16 16 0 0 0 0 0 0 0 0 0 0 0 0 0 0 0 32 48 48 0 0 0 0 0 0 0 0 0 0 0 0 0 0 0 0 0 496 32 -32 496 496 224 288 16 16 32 16 0 0 0 0 0 0 0 0 0 0 0 256 48 496 32 496 0 0 64 32 0 32 0 0 0 0 0 0 0 0 0 0 0 320 48 496 496 48 496 448 256 176 32 16 0 0 0 0 0 0 0 0 0 0 0 32 0 224 0 496 -0 0 0 0 0 0 0 0 0 0 0 0 0 0 0 0 0 32 0 288 0 448 0 -0 0 0 0 0 0 0 0 0 0 0 0 0 0 0 0 16 0 16 64 256 0 0 0 0 0 0 0 0 0 0 0 0 0 0 0 0 0 16 0 16 32 176 0 0 0 -0 0 0 0 0 0 0 0 0 0 0 0 0 0 0 0 32 0 32 0 0 0 0 0 0 0 0 0 0 0 0 0 0 0 0 0 0 0 16 32 16 0 0 0 0 0 0 0 0 0 0 0 0 0 0 0 0 0 0 0 0 0 0 0 0 0 0 0 0 0 0 0 0 0 0 0 0 0 0 0 0 0 0 0 0 0 0 0 0 0 0 0 0 0 0 0 0 0 0 0 0 0 0 0 0 0 0 0 0 0 0 0 0 0 0 0 0 0 0 0 0 0 0 0 0 0 0 0 0 0 0 0 0 0 0 0 0 0 0 0 0 0 0 0 0 0 0 0 0 0 0 0 0 0 0 0 0 0 0 0 0 0 0 0 0 0 0 0 0 0 0 0 0 0 0 0 0 0 0 0 0 0 0 0 0 0 0 0 0 0 0 0 0 0 0 0 0 0 0 0 0 0 0 0 0 0 0 0 0 0 0 0 0 0 0 0 0 0 0 0 0 0 0 0 0 0 0 0 0 0 0 0 0 0 0 0 0 0 0 0 0 0 0 0 0 0 0 0 0 0 0 0 0 0 0 0 0 0 0 0 0 0 0 0 0 0 0 0 0 0 0 0 0 0 0 0 0 0 0 0 0 0 0 0 0 0 0 0 0 0 0 0 0 0 0 0 0 0 0 0
0 0 32 16 16 0 0 0 0 0 0 0 0 0 0 0 0 0 0 0 0 0 0 0 288 336 128 64 48 32 16 32 32 32 16 32 16 32 16 0 0 0 0 0 32 288 80 496 304 144 112 16 16 96 240 128 48 96 112 48 64 32 0 0 0 0 16 336 496 16 224 -0 64 96 112 -16 64 32 64 16 96 0 32 32 0 -0 0 0 16 128 304 224 -16 32 0 16 16 16 16 64 -0 16 0 16 0 32 0 0 0 0 0 64 144 -0 32 -0 16 16 16 -0 16 0 0 0 16 0 0 0 0 -0 0 0 0 48 112 64 0 16 0 16 16 0 16 16 0 0 0 0 0 16 0 0 0 0 0 32 16 96 16 16 16 0 0 16 16 16 0 16 16 0 0 0 0 0 0 0 0 16 16 112 16 16 16 0 0 16 16 16 0 16 0 0 0 0 0 0 -0 0 0 32 96 -16 16 -0 0 16 16 -0 0 0 0 0 16 -0 0 0 0 -0 0 0 0 32 240 64 16 16 16 16 16 0 0 16 0 0 0 0 0 0 0 0 0 0 0 32 128 32 64 0 16 16 16 0 16 -0 16 16 16 0 16 0 0 -0 0 0 0 16 48 64 -0 0 0 0 0 0 0 16 -0 0 0 0 0 0 0 0 0 0 0 32 96 16 16 0 0 16 16 0 0 16 0 0 0 0 0 0 0 0 0 0 0 16 112 96 0 16 0 16 0 16 0 16 0 0 0 0 0 0 0 0 0 0 0 32 48 0 16 0 0 0 0 -0 0 0 0 0 0 0 0 0 0 -0 0 0 0 16 64 32 0 0 0 0 0 0 0 16 0 0 0 0 0 0 0 0 0 0 0 0 32 32 32 0 16 0 0 0 0 0 0 0 0 0 0 0 0 0 0 0 0 0 0 0 0 0 0 0 0 0 0 0 0 0 0 0 0 0 0 0 0 0 0 0 0 -0 0 -0 0 0 0 -0 0 -0 0 0 0 -0 0 0 0 -0 0 0 0 0 0 0 0 0 0 0 -0 0 0 0 0 0 0 0 0 0 0 0 -0 0 0 0 0 0 0 0 0 0 0 0 0 0 0 0 0 0 0 0 0 0 0 0
0 0 240 144 80 64 16 16 16 16 0 0 0 0 0 0 0 0 0 0 0 0 0 0 112 48 16 16 0 0 0 0 0 0 0 0 0 0 0 0 0 0 0 0 240 112 192 496 240 304 64 16 48 192 112 48 16 -0 0 0 0 0 0 0 0 0 144 48 496 -16 112 -16 16 64 -0 32 16 32 16 -0 0 0 0 0 0 0 0 0 80 16 240 112 0 48 16 16 0 32 16 0 0 0 0 0 0 0 0 0 0 0 64 16 304 -16 48 -16 0 32 -0 16 0 16 0 -0 0 0 0 0 0 0 0 0 16 0 64 16 16 0 0 0 0 16 0 0 0 -0 0 0 0 0 0 0 0 0 16 0 16 64 16 32 0 0 0 16 0 0 0 -0 0 0 0 0 0 0 0 0 16 0 48 -0 0 -0 0 0 -0 0 0 0 0 -0 0 0 0 0 0 0 0 0 16 0 192 32 32 16 16 16 0 0 0 0 0 0 0 0 0 0 0 0 0 0 0 0 112 16 16 0 0 0 0 0 -0 0 0 0 0 0 0 0 0 0 0 0 0 0 48 32 0 16 0 0 0 0 0 0 0 0 0 0 0 0 0 0 0 0 0 0 16 16 0 0 0 0 0 0 0 0 0 0 0 0 0 0 0 0 0 0 0 0 -0 -0 0 -0 -0 -0 -0 0 0 0 0 -0 0 0 0 0 0 0 0 0 0 0 0 0 0 0 0 0 0 0 0 0 0 0 0 0 0 0 0 0 0 0 0 0 0 0 0 0 0 0 0 0 0 0 0 0 0 0 0 0 0 0 0 0 0 0 0 0 0 0 0 0 0 0 0 0 0 0 0 0 0 0 0 0 0 0 0 0 0 0 0 0 0 0 0 0 0 0 0 0 0 0 0 0 0 0 0 0 0 0 0 0 0 0 0 0 0 0 0 0 0 0 0 0 0 0 0 0 0 0 0 0 0 0 0 0 0 0 0 0 0 0 0 0 0 0 0 0 0 0 0 0 0 0 0 0 0 0 0 0 0 0 0 0 0 0 0 0 0 0 0 0 0 0 0 0 0 0 0 0 0 0 0 0 0 0 0 0 0 0 0 0 0 0 0 0
0 0 208 96 32 16 16 16 0 0 0 0 0 0 0 0 0 0 0 0 0 0 0 0 160 64 80 32 16 16 16 16 0 0 0 0 0 0 0 0 0 0 0 0 208 160 80 496 496 496 16 496 352 240 32 240 16 112 80 144 208 96 48 96 32 32 96 64 496 -16 496 224 384 -0 224 176 208 0 96 32 32 112 112 64 16 64 48 32 32 80 496 496 -0 32 208 144 -0 0 48 80 32 16 16 0 0 0 32 0 0 0 16 32 496 224 32 0 80 32 0 16 32 16 16 0 0 0 0 0 0 0 0 0 16 16 16 384 208 80 0 48 32 16 0 16 0 16 0 16 16 16 0 16 0 0 16 16 496 -0 144 32 48 -0 32 16 32 0 16 0 0 16 16 0 0 16 0 0 0 16 352 224 -0 0 32 32 -0 0 16 16 0 0 0 0 0 0 0 0 0 0 0 16 240 176 0 16 16 16 0 0 0 16 0 0 0 0 0 0 0 0 0 0 0 0 32 208 48 32 0 32 16 0 0 16 0 0 0 0 0 0 0 0 0 0 0 0 240 0 80 16 16 0 16 16 16 0 0 0 0 0 0 0 0 0 0 0 0 0 16 96 32 16 0 16 0 0 0 0 -0 0 0 0 0 0 0 0 0 0 0 0 112 32 16 0 16 0 0 0 0 0 0 0 0 0 0 0 0 0 0 0 0 0 80 32 16 0 0 0 0 0 0 0 0 0 -0 0 0 0 0 0 0 0 0 0 144 112 0 0 16 16 0 0 0 0 0 0 0 0 0 0 0 0 0 0 0 0 208 112 0 0 16 16 0 0 0 0 0 0 0 0 0 0 0 0 0 0 0 0 96 64 0 0 16 0 0 0 0 0 0 0 0 0 0 0 0 0 0 -0 0 0 48 16 32 0 0 0 0 0 0 0 0 0 0 0 0 0 0 0 0 0 0 0 96 64 0 0 16 16 0 0 0 0 0 0 0 0 0 0 0 0 0 0 0 0 32 48 0 0 0 0 0 0 0 0 0 0 0 0 0 0 0 0 -0 -0 0 0 32 32 0 0 0 0 0 0 0 0 0 0 0 0 0 -0 0 0 -0 -0
0 0 48 16 16 0 0 0 0 0 0 0 0 0 0 0 0 0 0 0 0 0 0 0 496 496 176 48 48 48 32 16 16 16 16 16 0 0 0 0 0 0 0 0 48 496 0 496 -32 32 128 144 144 64 16 64 48 64 48 0 96 0 0 0 0 0 16 496 496 176 496 80 64 80 16 80 32 32 48 16 32 48 16 0 0 0 0 0 16 176 -32 496 -16 0 16 32 32 16 0 16 16 16 16 0 16 0 0 0 0 0 0 48 32 80 0 -0 -0 -0 0 0 -0 -0 0 -0 0 0 0 0 0 0 0 0 0 48 128 64 16 -0 -0 0 0 0 -0 0 0 0 0 0 0 0 0 0 0 0 0 48 144 80 32 -0 0 0 0 0 -0 0 0 0 0 0 0 0 0 0 0 0 0 32 144 16 32 0 0 0 -0 0 0 0 0 0 0 0 0 0 0 0 0 0 0 16 64 80 16 0 0 0 0 -0 0 -0 0 0 0 0 0 0 0 0 0 0 0 16 16 32 0 -0 -0 -0 0 0 -0 0 0 -0 0 0 0 0 0 0 0 0 0 16 64 32 16 -0 0 0 0 -0 0 -0 0 0 -0 0 0 0 0 0 0 0 0 16 48 48 16 0 0 0 0 0 0 0 0 0 0 0 0 0 0 0 0 0 0 16 64 16 16 -0 0 0 0 0 -0 0 0 -0 0 0 0 0 0 0 0 0 0 0 48 32 16 0 0 0 0 0 0 -0 0 0 0 0 0 0 0 0 0 0 0 0 0 48 0 0 0 0 0 0 0 0 0 0 0 0 0 0 0 0 0 0 0 0 96 16 16 0 0 0 0 0 0 0 0 0 0 0 -0 0 0 0 0 0 0 0 0 0 0 0 0 0 0 0 0 0 0 0 0 0 0 0 0 0 0 0 0 0 0 0 0 0 0 0 0 0 0 0 0 0 0 0 0 0 0 0 0 0 0 0 0 0 0 0 0 0 0 0 0 0 0 0 0 0 0 0 0 0 0 0 0 0 0 0 0 0 0 0 0 0 0 0 0 0 0 0 0 0 0 0 0 0 0 0 0 0 0 0 0 0 0 0 0 0 0 0 0 0 0 0 0 0 0 0
0 0 160 16 0 0 0 0 0 0 0 0 0 0 0 0 0 0 0 0 0 0 0 0 288 32 32 16 16 0 0 0 0 0 0 0 0 0 0 0 0 0 0 0 160 288 -144 -64 288 400 304 64 48 96 48 16 16 16 0 0 0 0 0 0 0 0 16 32 -64 -16 32 48 32 0 0 16 0 0 0 0 0 0 0 0 0 0 0 0 0 32 288 32 0 0 0 0 0 0 0 0 0 0 0 0 0 0 0 0 0 0 0 16 400 48 0 -0 -0 0 0 0 0 0 0 0 0 0 0 0 0 0 0 0 0 16 304 32 0 -0 -0 0 0 0 0 0 0 0 0 0 0 0 0 0 0 0 0 0 64 0 0 0 0 0 0 0 0 0 0 0 0 0 0 0 0 0 0 0 0 0 48 0 0 0 0 0 0 0 0 0 0 0 0 0 0 0 0 0 0 0 0 0 96 16 0 0 0 0 0 0 0 0 0 0 0 0 0 0 0 0 0 0 0 0 48 0 0 0 0 0 0 0 -0 0 0 0 0 0 0 0 0 0 0 0 0 0 16 0 0 0 0 0 0 0 0 0 0 0 0 0 0 0 0 0 0 0 0 0 16 0 0 0 0 0 0 0 0 0 0 0 0 0 0 0 0 0 0 0 0 0 16 0 0 0 0 0 0 0 0 0 0 -0 0 0 0 0 0 0 0 0 0 0 0 0 0 0 0 0 0 0 0 0 0 0 0 0 0 0 0 0 0 0 0 0 0 0 0 0 0 0 0 0 0 0 0 0 0 0 0 0 0 0 0 0 0 0 0 0 0 0 0 0 0 0 0 0 0 0 0 0 0 0 0 0 0 0 0 0 0 0 0 0 0 0 0 0 0 0 0 0 0 0 0 0 0 0 0 0 0 0 0 0 0 0 0 0 0 0 0 0 0 0 0 0 0 0 0 0 0 0 0 0 0 0 0 0 0 0 0 0 0 0 0 0 0 0 0 0 0 0 0 0 0 0 0 0 0 0 0 0 0 0 0 0 0 0 0 0 0 0 0 0 0 0 0 0 0 0 0 0 0 0 0 0 0 0 0 0 0 0 0 0 0 0 0 0
0 0 320 208 48 48 48 48 48 16 16 16 16 0 16 16 0 0 0 0 0 0 0 0 64 48 16 16 16 0 0 0 0 0 0 0 0 0 0 0 0 0 0 0 320 64 -272 -64 -32 -0 -16 368 384 0 -0 160 64 16 0 64 64 0 0 0 0 0 208 48 -64 16 -0 16 0 256 272 16 -0 112 48 16 0 48 32 0 0 0 0 0 48 16 -32 -0 -0 0 -0 64 64 0 -0 32 16 0 0 16 16 0 0 0 0 0 48 16 -0 16 0 0 0 48 48 0 0 16 16 0 0 16 16 0 0 0 0 0 48 16 -16 0 -0 0 0 48 64 0 -0 16 16 0 0 16 16 0 0 0 0 0 48 0 368 256 64 48 48 -0 0 16 32 0 0 32 0 0 -0 0 0 0 0 0 48 0 384 272 64 48 64 0 0 16 32 0 0 32 0 0 0 0 0 0 0 0 16 0 0 16 0 0 0 16 16 0 0 16 0 0 0 0 0 0 0 0 0 0 16 0 -0 -0 -0 0 -0 32 32 0 -0 16 0 -0 0 0 0 -0 0 0 0 0 16 0 160 112 32 16 16 0 0 16 16 0 0 16 0 0 -0 0 0 0 0 0 16 0 64 48 16 16 16 0 0 0 0 0 0 0 0 0 0 0 0 0 0 0 0 0 16 16 0 0 0 32 32 0 -0 16 0 -0 0 0 0 -0 0 0 0 0 16 0 0 0 0 0 0 0 0 0 0 0 0 0 -0 0 0 0 0 0 0 0 16 0 64 48 16 16 16 0 0 0 0 0 0 0 0 0 0 0 0 0 0 0 0 0 64 32 16 16 16 -0 0 0 0 -0 0 0 0 0 -0 0 0 0 0 0 0 0 0 0 0 0 0 0 0 0 -0 0 0 -0 0 0 0 -0 0 0 0 0 0 0 0 0 0 0 0 0 0 0 0 0 0 0 0 0 0 0 0 0 0 0 0 0 0 0 0 0 0 0 0 0 0 0 0 0 0 0 0 0 0 0 0 0 0 0 0 0 0 0 0 0 0 0 0 0 0 0 0 0 0 0 0 0 0 0 0 0 0 0 0 0 0 0 0 0 0 0 0 0 0 0 0 0 0 0 0 0
0 0 64 32 80 16 16 0 0 0 0 0 0 0 0 0 0 0 0 0 0 0 0 0 256 400 192 128 48 16 0 0 0 0 0 0 0 0 0 0 0 0 0 0 64 256 64 496 496 496 496 16 48 0 0 0 0 0 0 0 0 0 0 0 0 0 32 400 496 -16 496 -0 496 32 16 0 0 0 0 0 0 0 0 0 0 0 0 0 80 192 496 496 0 496 16 128 128 0 0 0 0 0 0 0 0 0 0 0 0 0 16 128 496 -0 496 -0 480 16 0 0 0 0 0 0 0 0 0 0 0 0 0 0 16 48 496 496 16 480 0 32 32 0 0 0 0 0 0 0 0 0 0 0 0 0 0 16 16 32 128 16 32 0 0 0 0 0 0 0 0 0 0 0 0 0 0 0 0 0 48 16 128 0 32 0 -0 0 0 0 0 0 0 0 0 0 0 0 0 0 0 0 0 0 0 0 0 0 0 0 0 0 0 0 0 0 0 0 0 0 0 0 0 0 0 0 0 0 0 0 0 0 0 0 0 0 0 0 0 0 0 0 0 0 0 0 0 0 0 0 0 0 0 0 0 0 0 0 0 0 0 0 0 0 0 0 0 0 0 0 0 0 0 0 0 0 0 0 0 0 0 0 0 0 0 0 0 0 0 0 0 0 0 0 0 0 0 0 0 0 0 0 0 0 0 0 0 0 0 0 0 0 0 0 0 0 0 0 0 0 0 0 0 0 0 0 0 0 0 0 0 0 0 0 0 0 0 0 0 0 0 0 0 0 0 0 0 0 0 0 0 0 0 0 0 0 0 0 0 0 0 0 0 0 0 0 0 0 0 0 0 0 0 0 0 0 0 0 0 0 0 0 0 0 0 0 0 0 0 0 0 0 0 0 0 0 0 0 0 0 0 0 0 0 0 0 0 0 0 0 0 0 0 0 0 0 0 0 0 0 0 0 0 0 0 0 0 0 0 0 0 0 0 0 0 0 0 0 0 0 0 0 0 0 0 0 0 0 0 0 0 0 0 0 0 0 0 0 0 0 0 0 0 0 0 0 0 0 0 0 0 0 0 0 0 0 0 0 0 0 0 0 0 0 0 0
0 0 496 192 128 112 48 32 32 16 32 16 16 16 16 16 0 0 0 16 0 0 0 0 32 16 16 16 0 0 0 0 0 0 0 0 0 0 0 0 0 0 0 0 496 32 -272 496 496 496 384 256 -16 32 16 368 16 0 16 16 32 48 32 16 32 16 192 16 496 80 16 16 16 16 80 32 48 64 32 48 32 32 0 16 0 16 16 0 128 16 496 16 -16 -16 0 0 64 16 32 32 32 48 32 32 0 16 0 16 16 0 112 16 496 16 -16 -16 0 0 48 16 32 32 16 32 16 16 0 0 0 16 16 0 48 0 384 16 0 0 0 0 32 0 16 16 16 16 16 16 0 0 0 0 0 0 32 0 256 16 0 0 0 0 16 0 16 0 0 16 0 0 0 0 0 0 0 0 32 0 -16 80 64 48 32 16 -0 0 0 16 0 0 0 0 0 0 0 0 0 0 16 0 32 32 16 16 0 0 0 -0 0 0 0 0 0 0 0 0 0 0 0 0 32 0 16 48 32 32 16 16 0 0 0 16 0 0 0 0 0 0 0 0 0 0 16 0 368 64 32 32 16 0 16 0 16 0 16 16 16 16 0 0 0 0 0 0 16 0 16 32 32 16 16 0 0 0 0 16 -0 0 0 0 0 0 0 0 0 0 16 0 0 48 48 32 16 16 0 0 0 16 0 0 0 0 0 0 0 0 0 0 16 0 16 32 32 16 16 0 0 0 0 16 0 0 0 0 0 0 0 0 0 0 16 0 16 32 32 16 16 0 0 0 0 16 0 0 0 0 0 0 0 0 0 0 0 0 32 0 0 0 0 0 0 0 0 0 0 0 0 0 0 0 0 0 0 0 0 0 48 16 16 0 0 0 0 0 0 0 0 0 0 0 0 0 0 0 0 0 0 0 32 0 0 0 0 0 0 0 0 0 0 0 0 0 0 0 0 0 0 0 16 0 16 16 16 16 0 0 0 0 0 0 0 0 0 0 0 0 0 0 0 0 0 0 32 16 16 16 0 0 0 0 0 0 0 0 0 0 0 0 0 0 0 0 0 0 16 0 0 0 0 0 0 0 0 0 0 0 0 0 0 0 0 0 0 0
0 0 128 64 32 0 0 0 0 0 0 0 0 0 0 0 0 0 0 0 0 0 0 0 400 304 96 0 0 0 0 0 0 0 0 0 0 0 0 0 0 0 0 0 128 400 -48 496 224 0 32 0 0 0 0 0 0 0 0 0 0 0 0 0 0 0 64 304 496 -32 496 32 16 0 0 0 0 0 0 0 0 0 0 0 0 0 0 0 32 96 224 496 -0 -0 0 0 0 0 0 0 0 0 0 0 0 0 0 0 0 0 0 0 0 32 -0 -0 0 0 0 0 0 0 0 0 0 0 0 0 0 0 0 0 0 0 32 16 0 0 0 0 0 0 0 0 0 0 0 0 0 0 0 0 0 0 0 0 0 0 0 0 0 0 0 0 0 0 0 0 0 0 0 0 0 0 0 0 0 0 0 0 0 0 0 0 0 0 0 0 0 0 0 0 0 0 0 0 0 0 0 0 0 0 0 0 0 0 0 0 0 0 0 0 0 0 0 0 0 0 0 0 0 0 0 0 0 0 0 0 0 0 0 0 0 0 0 0 0 0 0 0 0 0 0 0 0 0 0 0 0 0 0 0 0 0 0 0 0 0 0 0 0 0 0 0 0 0 0 0 0 0 0 0 0 0 0 0 0 0 0 0 0 0 0 0 0 0 0 0 0 0 0 0 0 0 0 0 0 0 0 0 0 0 0 0 0 0 0 0 0 0 0 0 0 0 0 0 0 0 0 0 0 0 0 0 0 0 0 0 0 0 0 0 0 0 0 0 0 0 0 0 0 0 0 0 0 0 0 0 0 0 0 0 0 0 0 0 0 0 0 0 0 0 0 0 0 0 0 0 0 0 0 0 0 0 0 0 0 0 0 0 0 0 0 0 0 0 0 0 0 0 0 0 0 0 0 0 0 0 0 0 0 0 0 0 0 0 0 0 0 0 0 0 0 0 0 0 0 0 0 0 0 0 0 0 0 0 0 0 0 0 0 0 0 0 0 0 0 0 0 0 0 0 0 0 0 0 0 0 0 0 0 0 0 0 0 0 0 0 0 0 0 0 0 0 0 0 0 0 0 0 0 0 0 0 0 0 0 0 0 0 0 0 0 0
0 0 256 32 32 16 16 0 0 0 0 0 0 0 0 0 0 0 0 0 0 0 0 0 416 80 64 32 32 16 0 0 0 0 0 0 0 0 0 0 0 0 0 0 256 416 112 496 16 448 416 32 144 80 160 32 0 0 0 0 0 0 0 0 0 0 32 80 496 -16 192 32 -16 48 0 0 48 16 0 0 0 0 0 0 0 0 0 0 32 64 16 192 0 64 64 0 16 16 16 0 0 0 0 0 0 0 0 0 0 0 16 32 448 32 64 0 16 16 0 0 16 0 0 0 0 0 0 0 0 0 0 0 16 32 416 -16 64 16 -0 16 0 0 16 0 0 0 0 0 0 0 0 0 0 0 0 16 32 48 0 16 16 0 0 0 0 0 0 0 0 0 0 0 0 0 0 0 0 0 144 0 16 0 0 0 0 0 0 0 0 0 0 0 0 0 0 0 0 0 0 0 80 0 16 0 0 0 0 -0 0 0 0 0 0 0 0 0 0 0 0 0 0 0 160 48 16 16 16 0 0 0 0 0 -0 0 0 0 0 0 0 0 0 0 0 0 32 16 0 0 0 0 0 0 0 -0 0 0 0 0 0 0 0 0 0 0 0 0 0 0 0 0 0 0 0 0 -0 0 -0 0 0 0 0 0 0 0 0 0 0 0 0 0 0 0 0 0 0 0 0 0 0 0 0 0 0 0 0 0 0 0 0 0 0 0 0 0 0 0 0 0 0 0 0 0 0 0 0 0 0 0 0 0 0 0 0 0 0 0 0 0 0 0 0 0 0 0 0 0 0 0 0 0 0 0 0 0 0 0 0 0 0 0 0 0 0 0 0 0 0 0 0 0 0 0 0 0 0 0 0 0 0 0 0 0 0 0 0 0 0 0 0 0 0 0 0 0 0 0 0 0 0 0 0 0 0 0 0 0 0 0 0 0 0 0 0 0 0 0 0 0 0 0 0 0 0 0 0 0 0 0 0 0 0 0 0 0 0 0 0 0 0 0 0 0 0 0 0 0 0 0 0 0 0 0 0 0 0 0 0 0 0 0 0 0 0 0 0 0 0 0 0 0 0 0 0 0 0 0 0 0 0 0 0 0 0 0
0 0 80 16 16 0 0 0 0 0 0 0 0 0 0 0 0 0 0 0 0 0 0 0 496 144 80 48 48 48 32 32 0 0 0 0 0 0 0 0 0 0 0 0 80 496 16 496 352 16 176 -0 80 16 16 0 32 0 0 0 0 0 0 0 0 0 16 144 496 16 0 64 16 64 0 32 0 16 0 0 0 0 0 0 0 0 0 0 16 80 352 0 0 32 0 32 -0 16 0 0 0 0 0 0 0 0 0 0 0 0 0 48 16 64 32 0 16 0 0 0 0 0 0 0 0 0 0 0 0 0 0 0 0 48 176 16 0 16 0 16 0 0 0 0 0 0 0 0 0 0 0 0 0 0 0 48 -0 64 32 0 16 -0 0 0 0 0 0 0 0 0 0 0 0 0 0 0 0 32 80 0 -0 0 0 0 -0 0 0 0 0 0 0 0 0 0 0 0 0 0 0 32 16 32 16 0 0 0 0 0 0 0 0 0 0 0 0 0 0 0 0 0 0 0 16 0 0 0 0 0 0 0 0 0 0 0 0 0 0 0 0 0 0 0 0 0 0 16 0 0 0 0 0 0 0 -0 0 0 0 0 0 0 0 0 0 0 0 0 32 0 0 0 0 0 0 0 0 0 0 0 0 0 0 0 0 0 0 0 0 0 0 0 0 0 0 0 0 0 0 0 0 0 0 0 0 0 0 0 0 0 0 0 0 0 0 0 0 0 0 0 0 0 0 0 0 0 0 0 0 0 0 0 0 0 0 0 0 0 0 0 0 0 0 0 0 0 0 0 0 0 0 0 0 0 0 0 0 0 0 0 0 0 0 0 0 0 0 0 0 0 0 0 0 0 0 0 0 0 0 0 0 0 0 0 0 0 0 0 0 0 0 0 0 0 0 0 0 0 0 0 0 0 0 0 0 0 0 0 0 0 0 0 0 0 0 0 0 0 0 0 0 0 0 0 0 0 0 0 0 0 0 0 0 0 0 0 0 0 0 0 0 0 0 0 0 0 0 0 0 0 0 0 0 0 0 0 0 0 0 0 0 0 0 0 0 0 0 0 0 0 0 0 0 0 0 0 0 0 0 0 0 0 0 0 0 0
0 0 80 96 16 16 16 0 0 0 0 0 0 0 0 0 0 0 0 0 0 0 0 0 272 128 48 32 16 16 16 16 16 16 0 0 0 0 0 0 0 0 0 0 80 272 -96 496 -16 -0 160 -16 128 96 16 0 16 16 0 64 64 16 0 32 16 0 96 128 496 -16 288 176 -16 96 0 0 48 80 32 48 16 48 16 48 16 0 0 0 16 48 -16 288 -0 -0 32 -0 16 16 0 0 0 0 0 16 16 0 0 0 0 0 16 32 -0 176 -0 -0 16 -0 16 16 0 0 0 0 0 16 0 0 0 0 0 0 16 16 160 -16 32 16 -0 16 -0 -0 0 0 0 0 0 0 0 0 0 0 0 0 0 16 -16 96 -0 -0 16 -0 0 0 0 0 0 0 0 0 0 0 0 0 0 0 0 16 128 0 16 16 -0 0 0 0 0 0 0 0 0 0 0 0 0 0 0 0 0 16 96 0 16 16 -0 0 0 0 0 0 0 0 0 0 0 0 0 0 0 0 0 16 16 48 0 0 0 0 0 0 -0 0 0 0 0 0 0 0 0 0 0 0 0 16 0 80 0 0 0 0 0 0 0 0 0 0 0 0 0 0 0 0 0 0 0 0 16 32 0 0 0 0 0 0 0 0 0 0 0 0 0 0 0 0 0 0 0 0 16 48 0 0 0 0 0 0 0 0 0 0 0 0 0 0 0 0 0 0 0 0 0 16 0 0 0 0 0 0 0 0 0 0 0 0 0 0 0 0 0 0 0 0 64 48 16 16 0 0 0 0 0 0 0 0 0 -0 0 0 0 0 0 0 0 0 64 16 16 0 0 0 0 0 0 0 0 0 0 0 0 0 0 0 0 0 0 0 16 48 0 0 0 0 0 0 0 0 0 0 0 0 0 0 0 0 0 0 0 0 0 16 0 0 0 0 0 0 0 0 0 0 0 0 0 0 0 0 0 0 0 0 32 0 0 0 0 0 0 0 0 0 0 0 0 0 0 0 0 0 0 0 0 0 16 0 0 0 0 0 0 0 0 0 0 0 0 0 0 0 0 0 0 0 0 0 0 0 0 0 0 0 0 0 0 0 0 0 0 0 0 0 0 0 0 0
0 0 112 16 16 16 16 0 0 0 0 0 0 0 0 0 0 0 0 0 0 0 0 0 496 80 48 80 48 32 32 16 0 0 0 0 0 0 0 0 0 0 0 0 112 496 -512 -16 496 -48 496 -16 16 -0 48 64 0 0 0 0 0 0 0 0 0 0 16 80 -16 0 144 -0 112 0 0 0 0 0 0 0 0 0 0 0 0 0 0 0 16 48 496 144 0 96 0 48 32 32 16 0 0 0 0 0 0 0 0 0 0 0 16 80 -48 -0 96 -16 80 -0 0 0 0 0 0 0 0 0 0 0 0 0 0 0 16 48 496 112 0 80 -0 32 32 32 0 0 0 0 0 0 0 0 0 0 0 0 0 32 -16 0 48 -0 32 -0 0 0 0 0 0 0 0 0 0 0 0 0 0 0 0 32 16 0 32 0 32 0 0 0 0 0 0 0 0 0 0 0 0 0 0 0 0 16 -0 0 32 0 32 0 0 0 0 0 0 0 0 0 0 0 0 0 0 0 0 0 48 0 16 0 0 0 0 0 -0 0 0 0 0 0 0 0 0 0 0 0 0 0 64 0 0 0 0 0 0 0 0 0 0 0 0 0 0 0 0 0 0 0 0 0 0 0 0 0 0 0 0 0 0 0 0 0 0 0 0 0 0 0 0 0 0 0 0 0 0 0 0 0 0 0 0 0 0 0 0 0 0 0 0 0 0 0 0 0 0 0 0 0 0 0 0 0 0 0 0 0 0 0 0 0 0 0 0 0 0 0 0 0 0 0 0 0 0 0 0 0 0 0 0 0 0 0 0 0 0 0 0 0 0 0 0 0 0 0 0 0 0 0 0 0 0 0 0 0 0 0 0 0 0 0 0 0 0 0 0 0 0 0 0 0 0 0 0 0 0 0 0 0 0 0 0 0 0 0 0 0 0 0 0 0 0 0 0 0 0 0 0 0 0 0 0 0 0 0 0 0 0 0 0 0 0 0 0 0 0 0 0 0 0 0 0 0 0 0 0 0 0 0 0 0 0 0 0 0 0 0 0 0 0 0 0 0 0 0 0 0 0 0 0 0 0 0 0 0 0 0 0 0 0 0 0 0 0 0 0 0 0 0
0 0 496 288 176 64 32 16 16 16 0 0 0 0 0 0 0 0 0 0 0 0 0 0 64 32 0 0 0 0 0 0 0 0 0 0 0 0 0 0 0 0 0 0 496 64 -192 496 -48 -96 128 400 128 192 96 0 0 0 0 0 0 0 0 0 0 0 288 32 496 -16 496 160 16 16 16 -0 -0 0 0 0 0 0 0 0 0 0 0 0 176 0 -48 496 -16 -16 16 48 16 16 16 0 0 0 0 0 0 0 0 0 0 0 64 0 -96 160 -16 -16 0 16 0 0 0 0 0 0 0 0 0 0 0 0 0 0 32 0 128 16 16 0 -0 0 0 0 0 0 0 0 0 0 0 0 0 0 0 0 16 0 400 16 48 16 0 0 0 0 0 0 0 0 0 0 0 0 0 0 0 0 16 0 128 16 16 0 0 0 0 0 0 0 0 0 0 0 0 0 0 0 0 0 16 0 192 -0 16 0 0 0 0 -0 0 0 0 0 0 0 0 0 0 0 0 0 0 0 96 -0 16 0 0 0 0 0 -0 0 0 0 0 0 0 0 0 0 0 0 0 0 0 0 0 0 0 0 0 0 0 0 0 0 0 0 0 0 0 0 0 0 0 0 0 0 0 0 0 0 0 0 0 0 0 0 0 0 0 0 0 0 0 0 0 0 0 0 0 0 0 0 0 0 0 0 0 0 0 0 0 0 0 0 0 0 0 0 0 0 0 0 0 0 0 0 0 0 0 0 0 0 0 0 0 0 0 0 0 0 0 0 0 0 0 0 0 0 0 0 0 0 0 0 0 0 0 0 0 0 0 0 0 0 0 0 0 0 0 0 0 0 0 0 0 0 0 0 0 0 0 0 0 0 0 0 0 0 0 0 0 0 0 0 0 0 0 0 0 0 0 0 0 0 0 0 0 0 0 0 0 0 0 0 0 0 0 0 0 0 0 0 0 0 0 0 0 0 0 0 0 0 0 0 0 0 0 0 0 0 0 0 0 0 0 0 0 0 0 0 0 0 0 0 0 0 0 0 0 0 0 0 0 0 0 0 0 0 0 0 0 0 0 0 0 0 0 0 0 0 0 0 0 0 0 0 0 0 0 0 0 0
0 0 48 16 16 16 16 0 0 0 0 0 0 0 0 0 0 0 0 0 0 0 0 0 464 128 128 96 112 64 16 16 32 16 16 16 0 0 0 0 0 0 0 0 48 464 -384 -48 16 352 -32 496 -16 160 160 48 96 80 32 32 0 0 0 0 0 0 16 128 -48 -16 16 80 16 144 0 32 48 16 16 16 0 0 0 0 0 0 0 0 16 128 16 16 32 128 16 160 0 48 48 16 16 16 16 0 0 0 0 0 0 0 16 96 352 80 128 0 128 96 16 16 96 0 16 32 -0 16 0 0 0 0 0 0 16 112 -32 16 16 128 0 176 0 48 32 16 32 16 16 0 0 0 0 0 0 0 0 64 496 144 160 96 176 -0 32 0 48 0 -0 16 0 0 0 0 0 0 0 0 0 16 -16 0 0 16 0 32 -0 16 16 0 0 0 0 0 0 0 0 0 0 0 0 16 160 32 48 16 48 0 16 -0 16 0 0 0 -0 0 0 0 0 0 0 0 0 32 160 48 48 96 32 48 16 16 -0 16 0 0 0 0 0 0 0 0 0 0 0 16 48 16 16 0 16 0 0 0 16 0 0 0 -0 0 0 0 0 0 0 0 0 16 96 16 16 16 32 -0 0 0 0 0 -0 0 0 0 0 0 0 0 0 0 0 16 80 16 16 32 16 16 0 0 0 0 0 0 0 0 0 0 0 0 0 0 0 0 32 0 16 -0 16 0 0 -0 0 -0 0 0 -0 0 0 0 0 0 0 0 0 0 32 0 0 16 0 0 0 0 0 0 0 0 0 0 0 0 0 0 0 0 0 0 0 0 0 0 0 0 0 0 0 0 0 0 0 0 0 0 0 0 0 0 0 0 0 0 0 0 0 0 0 0 0 0 0 0 0 0 0 0 0 0 0 0 0 0 0 0 0 0 0 0 0 0 0 0 0 0 0 0 0 0 0 0 0 0 0 0 0 0 0 0 0 0 0 0 0 0 0 0 0 0 0 0 0 0 0 0 0 0 0 0 0 0 0 0 0 0 0 0 0 0 0 0 0 0 0 0 0 0 0 0 0 0 0 0 0 0 0 0 0 0 0 0 0 0 0 0 0 0 0 0
0 0 32 16 16 16 0 16 16 16 0 0 0 0 0 0 0 0 0 0 0 0 0 0 368 112 144 96 160 64 80 48 80 48 48 16 16 0 0 0 0 0 0 0 32 368 -160 496 -16 496 496 496 -16 496 384 -0 416 128 16 112 0 16 0 0 0 0 16 112 496 -16 496 -16 496 0 464 16 272 256 96 0 48 0 16 0 0 0 0 0 16 144 -16 496 0 496 272 336 0 192 144 0 144 48 0 48 0 0 0 0 0 0 16 96 496 -16 496 -16 496 0 368 16 240 208 80 0 32 0 0 0 0 0 0 0 0 160 496 496 272 496 16 352 176 208 0 80 32 32 -0 48 0 0 0 0 0 0 16 64 496 0 336 0 352 0 224 0 160 128 64 0 32 0 0 0 0 0 0 0 16 80 -16 464 0 368 176 224 0 128 96 0 96 32 0 32 0 0 0 0 0 0 16 48 496 16 192 16 208 0 128 0 96 80 32 0 16 0 0 0 0 0 0 0 0 80 384 272 144 240 0 160 96 96 0 48 16 16 -0 16 0 0 0 0 0 0 0 48 -0 256 0 208 80 128 0 80 48 0 48 16 0 16 0 0 0 0 0 0 0 48 416 96 144 80 32 64 96 32 16 48 -0 0 0 16 0 0 0 0 0 0 0 16 128 0 48 0 32 0 32 0 16 16 0 0 0 0 0 0 0 0 0 0 0 16 16 48 0 32 -0 32 0 16 -0 0 0 0 -0 0 0 0 0 0 0 0 0 0 112 0 48 0 48 0 32 0 16 16 16 0 0 -0 0 0 0 0 0 0 0 0 0 16 0 0 0 0 0 0 0 0 0 0 0 0 -0 0 0 0 0 0 0 0 16 0 0 0 0 0 0 0 0 0 0 0 0 0 0 0 0 0 0 0 0 0 0 0 0 0 0 0 0 0 0 0 0 0 0 0 0 0 0 0 0 0 0 0 0 0 0 0 0 0 0 0 0 0 0 0 0 0 0 0 0 0 0 0 0 0 0 0 0 0 0 0 0 0 0 0 0 0 0 0 0 0 0 0 0 0 0 0 0 0 0 0 0 0 0 0 0 0 0 0 0 0 0 0 0 0 0 0
0 0 496 112 144 64 64 48 32 32 16 16 16 16 16 16 16 0 0 16 0 0 0 0 80 32 16 16 16 16 0 0 0 0 0 0 0 0 0 0 0 0 0 0 496 80 64 496 496 496 496 496 496 384 240 224 208 496 96 64 144 48 0 208 32 64 112 32 496 -32 288 112 -16 -0 48 32 0 32 32 16 0 0 0 0 16 32 0 16 144 16 496 288 48 496 176 160 0 0 32 32 112 32 16 32 0 16 32 0 16 48 64 16 496 112 496 16 80 48 96 64 32 48 0 32 16 0 16 0 0 32 0 0 64 16 496 -16 176 80 -0 0 32 16 0 16 16 0 0 0 0 0 16 16 0 16 48 16 496 -0 160 48 0 0 32 16 0 16 16 16 0 0 0 0 0 16 0 0 32 0 496 48 0 96 32 32 -0 0 0 0 16 0 0 0 -0 0 0 0 0 16 32 0 384 32 0 64 16 16 0 -0 0 0 16 0 0 0 -0 0 0 0 0 0 16 0 240 0 32 32 0 0 0 0 -0 0 16 0 -0 0 -0 0 0 0 0 0 16 0 224 32 32 48 16 16 0 0 0 0 16 16 0 0 0 0 0 0 0 0 16 0 208 32 112 0 16 16 16 16 16 16 -0 0 0 0 0 0 0 16 0 0 16 0 496 16 32 32 0 16 0 0 0 16 0 -0 0 0 0 0 0 0 0 0 16 0 96 0 16 16 0 0 0 0 -0 0 0 0 -0 0 -0 0 0 0 -0 0 16 0 64 0 32 0 0 0 0 0 0 0 0 0 0 -0 0 -0 0 0 -0 0 16 0 144 0 0 16 0 0 -0 -0 -0 0 0 0 -0 0 -0 0 0 0 0 0 0 0 48 0 16 0 0 0 0 0 0 0 0 0 0 -0 0 0 0 0 0 0 0 0 0 16 32 0 16 0 0 0 0 0 0 0 0 0 0 0 -0 0 0 0 16 0 208 32 0 32 16 16 0 0 0 0 16 0 0 0 0 0 0 -0 0 0 0 0 32 0 16 0 0 0 0 0 0 0 0 0 -0 -0 0 0 0 0 -0 0 0 0 64 16 48 0 16 0 16 0 0 0 0 0 0 0 0 0 0 0 0 0
0 0 160 48 0 0 0 0 0 0 0 0 0 0 0 0 0 0 0 0 0 0 0 0 320 384 16 16 0 0 0 0 0 0 0 0 0 0 0 0 0 0 0 0 160 320 80 496 128 224 176 -16 48 0 0 0 0 0 0 0 0 0 0 0 0 0 48 384 496 96 80 -16 -0 32 0 0 0 0 0 0 0 0 0 0 0 0 0 0 0 16 128 80 0 0 0 0 0 0 0 0 0 0 0 0 0 0 0 0 0 0 0 16 224 -16 0 -0 -0 0 0 0 0 0 0 0 0 0 0 0 0 0 0 0 0 0 176 -0 0 -0 -0 0 0 0 0 0 0 0 0 0 0 0 0 0 0 0 0 0 -16 32 0 0 0 -0 0 0 0 0 0 0 0 0 0 0 0 0 0 0 0 0 48 0 0 0 0 0 -0 0 0 0 0 0 0 0 0 0 0 0 0 0 0 0 0 0 0 0 0 0 0 0 0 0 0 0 0 0 0 0 0 0 0 0 0 0 0 0 0 0 0 0 0 0 0 0 0 0 0 0 0 0 0 0 0 0 0 0 0 0 0 0 0 0 0 0 0 0 0 0 0 0 0 0 0 0 0 0 0 0 0 0 0 0 0 0 0 0 0 0 0 0 0 0 0 0 0 0 0 0 0 0 0 0 0 0 0 0 0 0 0 0 0 0 0 0 0 0 0 0 0 0 0 0 0 0 0 0 0 0 0 0 0 0 0 0 0 0 0 0 0 0 0 0 0 0 0 0 0 0 0 0 0 0 0 0 0 0 0 0 0 0 0 0 0 0 0 0 0 0 0 0 0 0 0 0 0 0 0 0 0 0 0 0 0 0 0 0 0 0 0 0 0 0 0 0 0 0 0 0 0 0 0 0 0 0 0 0 0 0 0 0 0 0 0 0 0 0 0 0 0 0 0 0 0 0 0 0 0 0 0 0 0 0 0 0 0 0 0 0 0 0 0 0 0 0 0 0 0 0 0 0 0 0 0 0 0 0 0 0 0 0 0 0 0 0 0 0 0 0 0 0 0 0 0 0 0 0 0 0 0 0 0 0 0 0 0 0 0 0 0 0 0 0 0 0 0 0
0 0 96 48 16 0 0 0 0 0 0 0 0 0 0 0 0 0 0 0 0 0 0 0 496 432 208 80 64 64 64 48 32 16 16 16 16 16 0 0 0 0 0 0 96 496 -176 496 496 496 496 496 496 448 160 208 224 176 128 240 32 0 0 0 0 0 48 432 496 -192 496 160 192 64 240 64 -0 32 64 16 16 64 0 0 0 0 0 0 16 208 496 496 -32 16 -0 16 0 0 16 16 -0 0 16 0 -0 0 0 0 0 0 0 80 496 160 16 0 0 0 0 -0 0 0 0 0 0 0 -0 0 0 0 0 0 0 64 496 192 -0 0 -0 0 0 -0 0 0 0 0 0 0 -0 0 0 0 0 0 0 64 496 64 16 0 0 0 16 0 0 0 0 0 0 0 -0 0 0 0 0 0 0 64 496 240 0 0 0 16 0 0 16 0 0 0 0 0 -0 0 0 0 0 0 0 48 448 64 0 -0 -0 0 0 -0 0 0 0 -0 0 0 -0 0 0 0 0 0 0 32 160 -0 16 0 0 0 16 0 -0 0 0 0 0 0 0 0 0 0 0 0 0 16 208 32 16 0 0 0 0 0 0 0 0 0 0 0 -0 0 0 0 0 0 0 16 224 64 -0 0 0 0 0 0 0 0 0 0 0 0 0 0 0 0 0 0 0 16 176 16 0 0 0 0 0 -0 0 0 0 -0 0 0 -0 0 0 0 0 0 0 16 128 16 16 0 0 0 0 0 0 0 0 0 0 0 -0 0 0 0 0 0 0 16 240 64 0 0 0 0 0 0 0 0 0 0 0 -0 -0 0 0 0 0 0 0 0 32 0 -0 -0 -0 -0 -0 -0 0 -0 0 -0 -0 -0 -0 0 0 0 0 0 0 0 0 0 0 0 0 0 0 0 0 0 0 0 0 0 0 0 0 0 0 0 0 0 0 0 0 0 0 0 0 0 0 0 0 0 0 0 0 0 0 0 0 0 0 0 0 0 0 0 0 0 0 0 0 0 0 0 0 0 0 0 0 0 0 0 0 0 0 0 0 0 0 0 0 0 0 0 0 0 0 0 0 0 0 0 0 0 0 0 0 0 0 0 0 0 0 0 0 0 0 0 0 0 0 0 0 0 0 0
0 0 384 384 128 64 48 32 16 16 16 0 0 0 0 0 0 0 0 0 0 0 0 0 64 32 16 16 0 0 0 0 0 0 0 0 0 0 0 0 0 0 0 0 384 64 48 496 0 96 144 144 16 144 -0 0 0 0 0 0 0 0 0 0 0 0 384 32 496 -80 496 496 48 64 192 16 48 0 0 0 0 0 0 0 0 0 0 0 128 16 0 496 -0 32 48 48 0 48 -0 0 0 0 0 0 0 0 0 0 0 0 64 16 96 496 32 16 48 48 0 32 0 0 0 0 0 0 0 0 0 0 0 0 48 0 144 48 48 48 -0 0 16 0 0 0 0 0 0 0 0 0 0 0 0 0 32 0 144 64 48 48 0 0 16 0 0 0 0 0 0 0 0 0 0 0 0 0 16 0 16 192 0 0 16 16 -0 0 0 0 0 0 0 0 0 0 0 0 0 0 16 0 144 16 48 32 0 0 0 0 0 0 0 0 0 0 0 0 0 0 0 0 16 0 -0 48 -0 0 0 0 0 0 -0 0 0 0 0 0 0 0 0 0 0 0 0 0 0 0 0 0 0 0 0 0 0 0 0 0 0 0 0 0 0 0 0 0 0 0 0 0 0 0 0 0 0 0 0 0 0 0 0 0 0 0 0 0 0 0 0 0 0 0 0 0 0 0 0 0 0 0 0 0 0 0 0 0 0 0 0 0 0 0 0 0 0 0 0 0 0 0 0 0 0 0 0 0 0 0 0 0 0 0 0 0 0 0 0 0 0 0 0 0 0 0 0 0 0 0 0 0 0 0 0 0 0 0 0 0 0 0 0 0 0 0 0 0 0 0 0 0 0 0 0 0 0 0 0 0 0 0 0 0 0 0 0 0 0 0 0 0 0 0 0 0 0 0 0 0 0 0 0 0 0 0 0 0 0 0 0 0 0 0 0 0 0 0 0 0 0 0 0 0 0 0 0 0 0 0 0 0 0 0 0 0 0 0 0 0 0 0 0 0 0 0 0 0 0 0 0 0 0 0 0 0 0 0 0 0 0 0 0 0 0 0 0 0 0 0 0 0 0 0 0 0 0 0 0 0 0 0 0 0 0 0 0 0
0 0 480 48 96 48 48 16 16 16 16 16 0 0 0 0 0 0 0 0 0 0 0 0 128 16 16 16 0 16 0 0 0 0 0 0 0 0 0 0 0 0 0 0 480 128 448 368 496 96 496 160 96 48 272 128 192 160 80 48 96 16 0 32 16 0 48 16 368 -16 192 0 112 -0 48 16 0 0 0 16 16 0 0 0 0 0 0 0 96 16 496 192 -16 160 -0 80 80 32 48 64 32 0 32 0 0 0 0 0 0 0 48 16 96 0 160 -0 96 0 16 0 16 0 16 16 16 0 16 0 0 0 0 0 48 0 496 112 -0 96 -0 48 48 16 32 32 16 0 16 0 0 0 0 0 0 0 16 16 160 -0 80 0 48 0 16 0 0 0 0 0 0 0 0 0 0 0 0 0 16 0 96 48 80 16 48 16 -0 0 16 16 16 16 0 0 0 0 0 0 0 0 16 0 48 16 32 0 16 0 0 -0 0 0 0 0 0 0 0 0 0 0 0 0 16 0 272 0 48 16 32 0 16 0 0 0 0 0 0 0 0 0 0 0 0 0 16 0 128 0 64 0 32 0 16 0 0 0 0 0 0 0 0 0 0 0 0 0 0 0 192 0 32 16 16 0 16 0 0 0 -0 0 0 0 0 0 0 0 0 0 0 0 160 16 0 16 0 0 16 0 0 0 0 0 0 0 0 0 0 0 0 0 0 0 80 16 32 16 16 0 0 0 0 0 0 0 0 0 0 0 0 0 0 0 0 0 48 0 0 0 0 0 0 0 0 0 0 0 0 0 0 0 0 0 0 0 0 0 96 0 0 16 0 0 0 0 0 0 0 0 0 0 0 0 0 0 0 0 0 0 16 0 0 0 0 0 0 0 0 0 0 0 0 0 0 -0 0 0 0 0 0 0 0 0 0 0 0 0 0 0 0 0 0 0 0 0 0 0 -0 0 0 0 0 0 32 0 0 0 0 0 0 0 0 0 0 0 0 0 0 0 0 0 0 0 0 0 16 0 0 0 0 0 0 0 0 0 0 0 0 0 0 0 0 0 0 0 0 0 0 0 0 0 0 0 0 0 0 0 0 0 0 0 0 0 0 0 0 0
0 0 496 144 112 64 32 48 32 32 16 16 32 16 0 0 16 0 0 0 0 0 0 0 64 32 16 0 0 0 0 0 0 0 0 0 0 0 0 0 0 0 0 0 496 64 352 496 496 496 496 -16 496 80 176 128 192 80 96 96 32 0 0 0 0 0 144 32 496 16 496 496 -0 224 320 208 112 96 256 80 16 32 48 0 0 0 0 0 112 16 496 496 32 320 112 48 208 48 64 48 32 0 0 32 16 0 0 0 0 0 64 0 496 496 320 -0 96 32 0 32 -0 -0 64 32 16 0 0 0 0 0 0 0 32 0 496 -0 112 96 -0 48 64 32 16 16 48 16 0 0 16 0 0 0 0 0 48 0 -16 224 48 32 48 -0 32 0 0 0 16 0 0 0 0 0 0 0 0 0 32 0 496 320 208 0 64 32 -0 16 0 0 32 16 16 0 0 0 0 0 0 0 32 0 80 208 48 32 32 0 16 0 0 0 0 0 0 0 0 0 0 0 0 0 16 0 176 112 64 -0 16 0 0 0 -0 -0 16 0 0 0 0 0 0 0 0 0 16 0 128 96 48 -0 16 0 0 0 -0 -0 16 0 0 0 0 0 0 0 0 0 32 0 192 256 32 64 48 16 32 0 16 16 -0 0 0 0 0 0 0 0 0 0 16 0 80 80 0 32 16 0 16 0 0 0 0 0 0 0 0 0 0 0 0 0 0 0 96 16 0 16 0 0 16 0 0 0 0 0 -0 0 0 0 0 0 0 0 0 0 96 32 32 0 0 0 0 0 0 0 0 0 0 0 0 0 0 0 0 0 16 0 32 48 16 0 16 0 0 0 0 0 0 0 0 0 0 0 0 0 0 0 0 0 0 0 0 0 0 0 0 0 0 0 0 0 0 0 0 0 0 0 0 0 0 0 0 0 0 0 0 0 0 0 0 0 0 0 0 0 0 0 0 0 0 0 0 0 0 0 0 0 0 0 0 0 0 0 0 0 0 0 0 0 0 0 0 0 0 0 0 0 0 0 0 0 0 0 0 0 0 0 0 0 0 0 0 0 0 0 0 0 0 0 0 0 0 0 0 0 0 0 0 0 0 0 0 0 0 0 0 0
0 0 112 128 128 32 32 16 16 16 16 16 0 0 0 0 0 0 0 0 0 0 0 0 112 80 64 16 16 16 16 0 0 0 0 0 0 0 0 0 0 0 0 0 112 112 48 432 496 192 176 112 96 32 192 64 32 0 80 0 0 0 0 0 0 0 128 80 432 16 80 32 16 0 0 0 64 0 0 0 32 0 0 0 0 0 0 0 128 64 496 80 -32 16 -0 -0 0 0 32 0 0 16 32 -0 0 0 0 0 0 0 32 16 192 32 16 0 0 0 0 0 16 0 0 0 0 -0 0 0 0 0 0 0 32 16 176 16 -0 0 -0 0 0 0 0 -0 0 0 0 -0 0 0 0 0 0 0 16 16 112 0 -0 0 0 -0 0 0 0 0 0 0 0 -0 0 0 0 0 0 0 16 16 96 0 0 0 0 0 0 0 0 0 0 0 0 -0 0 0 0 0 0 0 16 0 32 0 0 0 0 0 0 -0 0 0 0 0 0 0 0 0 0 0 0 0 16 0 192 64 32 16 0 0 0 0 0 0 0 0 0 -0 0 0 0 0 0 0 16 0 64 0 0 0 -0 0 0 0 0 -0 -0 0 0 -0 0 0 0 0 0 0 0 0 32 0 0 0 0 0 0 0 0 -0 0 0 0 -0 0 0 0 0 0 0 0 0 0 0 16 0 0 0 0 0 0 0 0 -0 0 0 0 0 0 0 0 0 0 0 80 32 32 0 0 0 0 0 0 0 0 0 0 0 0 0 0 0 0 0 0 0 0 0 -0 -0 -0 -0 -0 0 -0 -0 -0 0 0 -0 0 0 0 0 0 0 0 0 0 0 0 0 0 0 0 0 0 0 0 0 0 0 0 0 0 0 0 0 0 0 0 0 0 0 0 0 0 0 0 0 0 0 0 0 0 0 0 0 0 0 0 0 0 0 0 0 0 0 0 0 0 0 0 0 0 0 0 0 0 0 0 0 0 0 0 0 0 0 0 0 0 0 0 0 0 0 0 0 0 0 0 0 0 0 0 0 0 0 0 0 0 0 0 0 0 0 0 0 0 0 0 0 0 0 0 0 0 0 0 0 0 0 0 0 0 0 0 0 0 0 0 0 0 0 0 0 0 0
0 0 256 160 144 48 48 32 16 16 16 16 16 0 0 0 0 0 0 0 0 0 0 0 64 80 32 16 16 16 0 0 0 0 0 0 0 0 0 0 0 0 0 0 256 64 144 496 80 48 16 16 16 0 64 0 16 32 0 16 16 48 0 0 0 0 160 80 496 48 496 368 160 96 112 64 0 48 96 0 32 0 32 64 0 0 0 0 144 32 80 496 32 32 0 0 16 0 32 0 16 16 0 0 0 16 0 0 0 0 48 16 48 368 32 -0 16 16 0 0 16 0 0 16 0 0 0 0 0 0 0 0 48 16 16 160 0 16 -0 0 0 -0 16 0 0 0 -0 0 0 0 0 0 0 0 32 16 16 96 0 16 0 0 0 0 0 0 0 0 0 0 0 0 0 0 0 0 16 0 16 112 16 0 0 0 0 0 0 0 0 0 0 0 0 0 0 0 0 0 16 0 0 64 0 0 -0 0 0 -0 0 0 0 0 -0 0 0 0 0 0 0 0 16 0 64 0 32 16 16 0 0 0 0 0 0 0 0 0 0 0 0 0 0 0 16 0 0 48 0 0 0 0 0 0 0 -0 0 0 0 0 0 0 0 0 0 0 16 0 16 96 16 0 0 0 0 0 0 0 -0 0 0 0 0 0 0 0 0 0 0 0 32 0 16 16 0 0 0 0 0 0 0 -0 0 -0 0 0 0 0 0 0 0 0 0 32 0 0 -0 0 0 -0 0 0 0 0 -0 0 0 0 0 0 0 0 0 0 16 0 0 0 0 0 0 0 0 0 0 -0 0 -0 0 0 0 0 0 0 0 0 16 32 0 0 0 0 0 0 0 0 0 0 0 0 0 0 0 0 0 0 0 0 48 64 16 0 0 0 0 0 0 0 0 0 0 0 0 0 0 0 0 0 0 0 0 0 0 0 0 0 0 0 0 0 0 0 0 0 0 0 0 0 0 0 0 0 0 0 0 0 0 0 0 0 0 0 0 0 0 0 0 0 0 0 0 0 0 0 0 0 0 0 0 0 0 0 0 0 0 0 0 0 0 0 0 0 0 0 0 0 0 0 0 0 0 0 0 0 0 0 0 0 0 0 0 0 0 0 0 0
0 0 32 32 16 32 0 0 16 16 0 0 0 0 0 0 0 0 0 0 0 0 0 0 128 112 160 48 96 80 32 32 64 64 32 16 16 0 16 0 0 0 0 0 32 128 32 16 496 496 496 496 0 16 368 400 16 16 64 80 16 16 0 0 16 0 32 112 16 -0 496 496 432 384 0 0 272 304 0 0 48 64 16 16 0 0 0 0 16 160 496 496 -0 496 0 0 176 144 16 16 96 32 -0 128 0 64 16 0 32 0 32 48 496 496 496 32 496 496 192 144 496 496 144 80 144 0 64 16 16 32 0 16 0 96 496 432 0 496 -0 -0 144 112 0 -0 80 16 0 80 16 48 16 0 16 0 0 80 496 384 0 496 -0 0 128 96 0 0 64 16 0 64 0 48 0 0 16 0 16 32 0 0 176 192 144 128 0 0 80 96 0 0 16 16 0 0 0 0 0 0 16 32 16 0 144 144 112 96 0 -0 64 80 0 0 16 16 0 0 0 0 0 0 0 64 368 272 16 496 0 0 80 64 0 0 48 16 0 48 0 32 0 0 16 0 0 64 400 304 16 496 -0 0 96 80 0 0 64 16 0 48 0 32 0 0 16 0 0 32 16 0 96 144 80 64 0 0 48 64 0 0 16 16 0 0 0 0 0 0 0 16 16 0 32 80 16 16 0 0 16 16 0 -0 0 0 0 0 0 0 0 0 0 16 64 48 -0 144 0 0 16 16 0 0 16 0 -0 16 0 0 0 0 0 0 0 0 80 64 128 0 80 64 16 16 48 48 16 0 16 -0 0 0 0 0 0 0 0 16 16 16 0 64 16 0 0 0 0 0 0 0 0 0 -0 0 0 0 0 0 0 0 16 16 64 16 48 48 0 0 32 32 0 0 0 0 0 0 0 0 0 0 0 0 0 0 16 16 16 0 0 0 0 0 0 0 0 0 0 0 -0 0 0 0 0 0 0 0 0 32 0 0 0 0 0 0 0 0 0 0 0 0 0 -0 0 0 0 0 16 0 32 0 16 16 0 0 16 16 0 0 0 0 0 0 0 0 0 0 0 0 0 0 0 16 0 0 0 0 0 0 0 0 0 0 0 0 0 0 0 0
0 0 496 368 32 16 0 16 16 0 0 0 0 0 0 0 0 0 0 0 0 0 0 0 192 48 0 0 0 0 0 0 0 0 0 0 0 0 0 0 0 0 0 0 496 192 -64 496 496 416 64 144 240 48 0 16 -16 32 32 -0 0 0 0 0 0 0 368 48 496 -128 -32 16 192 32 128 0 80 64 0 16 16 16 0 0 0 0 0 0 32 0 496 -32 -0 0 16 0 16 0 0 0 0 0 0 0 0 0 0 0 0 0 16 0 416 16 0 -0 16 0 16 0 0 0 0 0 0 0 0 0 0 0 0 0 0 0 64 192 16 16 0 0 0 0 -0 0 0 0 0 0 0 0 0 0 0 0 16 0 144 32 0 0 0 0 0 0 0 0 0 0 0 0 0 0 0 0 0 0 16 0 240 128 16 16 0 0 0 0 0 0 0 0 0 0 0 0 0 0 0 0 0 0 48 0 0 0 0 0 0 -0 0 0 -0 0 0 0 0 0 0 0 0 0 0 0 0 80 0 0 -0 0 0 0 -0 -0 -0 0 0 0 0 0 0 0 0 0 0 0 16 64 0 0 0 0 0 0 -0 -0 0 0 0 0 0 0 0 0 0 0 0 0 -16 0 0 0 0 0 0 -0 -0 0 -0 0 -0 -0 0 0 0 0 0 0 0 0 32 16 0 0 0 0 0 0 0 0 0 0 0 0 0 0 0 0 0 0 0 0 32 16 0 0 0 0 0 0 0 0 -0 0 0 0 0 0 0 0 0 0 0 0 -0 16 0 0 0 0 0 0 0 0 -0 0 0 -0 0 0 0 0 0 0 0 0 0 0 0 0 0 0 0 0 0 0 0 0 0 0 0 0 0 0 0 0 0 0 0 0 0 0 0 0 0 0 0 0 0 0 0 0 0 0 0 0 0 0 0 0 0 0 0 0 0 0 0 0 0 0 0 0 0 0 0 0 0 0 0 0 0 0 0 0 0 0 0 0 0 0 0 0 0 0 0 0 0 0 0 0 0 0 0 0 0 0 0 0 0 0 0 0 0 0 0 0 0 0 0 0 0 0 0 0 0 0 0 0 0 0 0 0 0 0 0 0 0 0 0 0 0 0 0 0 0 0
0 0 112 80 32 16 16 0 0 0 0 0 0 0 0 0 0 0 0 0 0 0 0 0 288 64 80 16 16 16 0 16 0 0 0 0 0 0 0 0 0 0 0 0 112 288 -256 496 16 240 224 16 -0 16 16 96 0 48 0 0 0 0 0 0 0 0 80 64 496 16 272 0 16 80 32 80 0 16 32 48 0 0 0 0 0 0 0 0 32 80 16 272 -16 32 32 16 -0 16 0 16 0 16 0 0 0 0 0 0 0 0 16 16 240 0 32 -0 0 16 0 16 0 0 0 16 0 0 0 0 0 0 0 0 16 16 224 16 32 0 0 16 0 16 0 0 0 16 0 0 0 0 0 0 0 0 0 16 16 80 16 16 16 0 0 0 0 0 0 0 0 0 0 0 0 0 0 0 0 0 -0 32 -0 0 0 0 -0 0 0 0 0 0 0 0 0 0 0 0 0 0 0 16 16 80 16 16 16 0 0 0 0 0 0 0 0 0 0 0 0 0 0 0 0 0 16 0 0 0 0 0 0 0 -0 0 0 0 0 0 0 0 0 0 0 0 0 0 96 16 16 0 0 0 0 0 0 0 0 0 0 0 0 0 0 0 0 0 0 0 0 32 0 0 0 0 0 0 0 0 -0 0 0 0 0 0 0 0 0 0 0 0 48 48 16 16 16 0 0 0 0 0 0 0 0 0 0 0 0 0 0 0 0 0 0 0 0 0 0 0 0 0 0 0 0 0 0 0 0 0 0 0 0 0 0 0 0 0 0 0 0 0 0 0 0 0 0 0 0 0 0 0 0 0 0 0 0 0 0 0 0 0 0 0 0 0 0 0 0 0 0 0 0 0 0 0 0 0 0 0 0 0 0 0 0 0 0 0 0 0 0 0 0 0 0 0 0 0 0 0 0 0 0 0 0 0 0 0 0 0 0 0 0 0 0 0 0 0 0 0 0 0 0 0 0 0 0 0 0 0 0 0 0 0 0 0 0 0 0 0 0 0 0 0 0 0 0 0 0 0 0 0 0 0 0 0 0 0 0 0 0 0 0 0 0 0 0 0 0 0 0 0 0 0 0 0 0 0 0 0 0 0 0 0 0 0 0 0
0 0 96 48 32 32 16 16 16 16 16 16 16 16 16 16 0 0 0 0 0 0 0 0 112 64 48 32 32 32 16 16 16 16 16 16 16 16 0 16 0 0 0 0 96 112 -64 496 416 256 176 80 176 144 160 0 96 -0 112 416 48 32 48 16 32 0 48 64 496 0 0 0 0 48 0 0 0 80 32 64 -0 96 0 80 0 16 64 16 32 48 416 0 -0 0 0 32 0 -0 -0 48 32 48 0 80 0 48 0 16 48 16 32 32 256 0 0 0 0 16 0 0 0 32 16 32 0 64 0 32 0 0 32 16 16 32 176 0 0 0 0 16 0 -0 0 16 16 16 0 48 0 32 0 0 16 0 16 32 80 48 32 16 16 -0 16 16 16 16 16 0 16 64 0 16 16 0 16 0 16 16 176 0 0 0 0 16 -0 -0 0 16 16 16 -0 32 0 32 0 0 16 0 16 16 144 0 -0 0 -0 16 -0 -0 0 16 0 16 0 32 0 16 0 0 16 0 16 16 160 0 -0 0 0 16 0 0 -0 16 16 16 0 32 0 16 0 0 16 0 16 16 0 80 48 32 16 16 16 16 16 0 16 0 16 64 0 0 0 0 0 0 16 16 96 32 32 16 16 16 16 0 16 16 0 16 0 32 0 16 0 0 16 0 16 16 -0 64 48 32 16 0 16 16 16 0 16 -0 16 48 0 0 0 0 0 0 16 16 112 -0 0 0 0 16 -0 0 0 16 0 16 -0 16 0 16 0 0 16 0 16 16 416 96 80 64 48 64 32 32 32 64 32 48 16 16 16 32 16 16 16 16 0 0 48 0 0 0 0 0 0 0 0 0 0 0 0 16 0 16 0 0 0 0 0 16 32 80 48 32 32 16 32 16 16 0 16 0 16 32 16 -0 16 0 0 0 0 0 48 0 0 0 0 16 0 0 0 0 0 0 0 16 0 16 -0 0 0 0 0 0 16 16 16 0 0 0 0 0 0 0 0 0 0 16 0 0 0 0 0 0 0 0 32 64 48 32 16 16 16 16 16 0 16 0 16 16 0 0 0 0 0 0 0 0 0 16 16 16 0 0 0 0 0 0 0 0 0 16 0 0 0 0 0 0
0 0 80 48 16 0 0 0 0 0 0 0 0 0 0 0 0 0 0 0 0 0 0 0 352 272 48 32 32 32 32 16 16 16 16 16 0 0 0 0 0 0 0 0 80 352 -128 496 -16 -16 0 288 0 32 80 192 -0 0 32 0 32 32 16 0 0 0 48 272 496 96 336 192 208 -16 128 272 0 160 64 64 16 48 16 64 32 0 0 0 16 48 -16 336 -0 -0 0 32 0 0 16 32 -0 0 0 0 0 0 0 0 0 0 0 32 -16 192 -0 -0 -0 16 -0 0 0 16 -0 0 0 0 0 0 0 0 0 0 0 32 0 208 0 -0 -0 16 -0 0 0 16 0 -0 0 0 0 0 0 -0 0 0 0 32 288 -16 32 16 16 -0 16 32 -0 16 0 0 0 0 0 0 0 0 0 0 0 32 0 128 0 -0 -0 16 -0 0 0 16 0 -0 0 0 0 0 0 0 0 0 0 16 32 272 0 0 0 32 0 0 16 16 0 0 0 0 0 0 0 -0 0 0 0 16 80 0 16 0 0 -0 0 16 -0 16 0 0 0 0 0 0 0 0 0 0 0 16 192 160 32 16 16 16 16 16 16 -0 0 0 0 0 0 0 0 0 0 0 0 16 -0 64 -0 -0 0 0 0 0 0 0 -0 0 0 0 0 0 0 0 0 0 0 16 0 64 0 0 -0 0 -0 0 0 0 0 0 0 0 0 0 0 0 0 0 0 0 32 16 0 0 0 0 0 0 0 0 0 0 0 0 0 0 0 0 0 0 0 0 0 48 0 0 0 0 0 0 0 0 0 0 0 0 0 0 0 0 0 0 0 0 32 16 0 0 0 0 0 0 0 0 0 0 0 0 0 0 0 0 0 0 0 0 32 64 0 0 0 0 0 0 0 0 0 0 0 0 0 -0 0 -0 0 0 0 0 16 32 0 0 0 0 0 0 0 0 0 0 0 0 0 0 0 0 0 0 0 0 0 0 0 0 -0 0 0 -0 0 0 0 0 0 0 0 -0 0 -0 0 0 0 0 0 0 0 0 0 0 0 0 0 0 0 0 0 0 0 0 0 0 0 0 0 0 0 0 0 0 0 0 0 0 0 0 0 0 0 0 0 0 0 0 0 0
0 0 48 32 16 16 16 16 0 0 0 0 0 0 0 0 0 0 0 0 0 0 0 0 432 256 128 96 64 64 64 32 32 16 16 16 0 16 0 0 0 0 0 0 48 432 -96 496 272 496 496 96 128 496 368 16 48 112 128 48 16 32 16 0 64 0 32 256 496 112 32 320 336 16 32 208 112 16 16 32 32 32 32 16 0 16 32 0 16 128 272 32 0 128 144 -0 0 80 48 0 0 16 16 16 16 0 0 16 16 0 16 96 496 320 128 0 16 80 64 16 0 32 16 -0 0 16 32 16 0 16 0 16 16 64 496 336 144 16 16 80 80 0 0 32 16 0 0 16 32 0 0 16 0 16 16 64 96 16 -0 80 80 -0 0 48 32 0 0 16 16 16 0 0 0 0 0 0 0 64 128 32 0 64 80 0 0 48 16 0 0 0 16 0 0 0 0 0 0 0 0 32 496 208 80 16 0 48 48 0 0 32 0 0 0 16 16 0 0 16 0 0 0 32 368 112 48 0 0 32 16 0 -0 16 0 0 0 0 16 0 0 0 0 0 0 16 16 16 0 32 32 0 0 32 16 0 0 0 0 0 0 0 0 0 0 0 0 16 48 16 0 16 16 0 0 0 0 0 0 0 0 0 0 0 -0 0 0 0 0 16 112 32 16 -0 0 16 0 0 0 0 0 -0 0 0 0 0 0 0 0 0 0 0 128 32 16 0 0 16 16 0 0 0 0 0 0 0 0 0 0 0 0 0 0 16 48 32 16 16 16 16 0 16 0 0 0 0 0 0 0 0 0 0 0 0 0 0 16 32 16 32 32 0 0 16 16 0 0 0 0 0 0 0 0 0 0 0 0 0 32 16 0 16 0 0 0 0 0 0 0 0 0 0 0 0 0 0 0 0 0 0 16 0 0 0 0 0 0 0 0 0 -0 0 0 0 0 0 -0 0 0 0 0 0 0 16 16 16 16 0 0 16 0 0 0 0 0 0 0 0 0 -0 0 0 0 0 64 32 16 0 0 0 0 0 0 0 0 0 0 0 0 0 0 0 0 0 0 0 0 0 0 16 16 0 0 0 0 0 0 0 0 0 0 0 0 0 0 0
0 0 64 96 16 16 16 16 0 0 0 0 0 0 0 0 0 0 0 0 0 0 0 0 272 96 80 64 64 48 32 16 16 16 16 0 0 0 0 0 0 0 0 0 64 272 -96 496 32 32 32 16 16 -16 16 208 64 112 48 16 32 0 0 0 0 0 96 96 496 80 496 496 496 496 272 160 208 496 144 48 32 112 16 0 0 0 0 0 16 80 32 496 0 16 -0 -0 0 -0 0 64 16 32 16 16 0 0 0 0 0 0 16 64 32 496 16 16 16 0 0 -0 0 64 16 32 16 0 0 0 0 0 0 0 16 64 32 496 -0 16 -0 -0 -0 -0 0 48 0 32 16 16 0 0 0 0 0 0 16 48 16 496 -0 0 -0 -0 0 -0 0 48 0 16 0 0 0 0 0 0 0 0 0 32 16 272 0 0 -0 0 0 -0 0 16 0 16 0 0 0 0 0 0 0 0 0 16 -16 160 -0 -0 -0 -0 -0 -0 0 16 0 0 0 0 0 0 0 0 0 0 0 16 16 208 0 0 0 0 0 0 0 0 0 16 0 0 0 0 0 0 0 0 0 16 208 496 64 64 48 48 16 16 0 -0 0 32 16 16 0 0 0 0 0 0 0 16 64 144 16 16 0 0 0 0 0 0 -0 16 0 0 0 0 0 0 0 0 0 0 112 48 32 32 32 16 16 0 16 32 16 -0 0 0 0 0 0 0 0 0 0 0 48 32 16 16 16 0 0 0 0 16 0 0 0 0 0 0 0 0 0 0 0 0 16 112 16 0 16 0 0 0 0 16 0 0 0 -0 0 0 0 0 0 0 0 0 32 16 0 0 0 0 0 0 0 0 0 0 0 0 0 0 0 0 0 0 0 0 0 0 0 0 0 0 0 0 0 0 0 0 0 0 0 0 0 0 0 0 0 0 0 0 0 0 0 0 0 0 0 0 0 0 0 0 0 0 0 0 0 0 0 0 0 0 0 0 0 0 0 0 0 0 0 0 0 0 0 0 0 0 0 0 0 0 0 0 0 0 0 0 0 0 0 0 0 0 0 0 0 0 0 0 0 0 0 0 0 0 0 0 0 0 0 0 0 0 0 0 0 0 0 0 0 0 0 0
0 0 64 16 32 32 16 16 16 16 16 16 0 16 16 0 0 0 0 0 0 0 0 0 96 48 32 16 32 32 16 32 16 16 16 16 0 16 0 0 0 0 0 0 64 96 16 128 128 144 64 80 48 80 16 48 16 48 48 48 32 16 16 16 0 0 16 48 128 -16 192 192 -0 -0 96 -0 0 0 0 64 64 48 16 32 0 16 0 0 32 32 128 192 -0 0 112 112 0 96 48 64 48 0 -0 16 32 0 16 0 0 0 32 16 144 192 0 0 112 112 0 112 48 64 48 0 0 16 32 0 16 0 0 0 16 32 64 -0 112 112 0 0 64 0 0 0 0 32 32 32 16 16 0 16 0 0 16 32 80 -0 112 112 0 0 64 0 0 0 0 32 32 32 16 16 0 16 0 0 16 16 48 96 0 0 64 64 0 48 16 32 16 0 0 16 16 0 16 0 0 0 16 32 80 -0 96 112 0 0 48 0 0 0 0 32 32 32 0 16 0 16 0 0 16 16 16 0 48 48 0 0 16 0 -0 0 0 16 16 16 0 0 0 0 0 0 16 16 48 0 64 64 0 0 32 0 0 0 0 16 16 16 0 16 0 0 0 0 0 16 16 0 48 48 0 0 16 0 0 0 -0 16 16 0 0 0 0 0 0 0 16 16 48 64 0 0 32 32 0 32 16 16 16 0 0 0 16 0 0 0 0 0 16 0 48 64 -0 0 32 32 0 32 16 16 16 0 -0 0 16 0 0 0 0 0 0 16 48 48 16 16 32 32 16 32 16 16 0 0 0 0 16 0 0 0 0 0 0 0 32 16 32 32 16 16 16 0 0 0 0 16 16 16 -0 0 0 0 0 0 0 0 16 32 0 0 16 16 0 16 0 16 0 0 0 0 0 0 0 0 0 0 0 0 16 0 16 16 0 0 16 0 0 0 0 0 0 0 0 0 0 0 0 0 0 0 16 16 0 0 16 16 0 16 0 0 0 0 0 0 0 0 0 0 0 0 0 0 0 0 0 0 0 0 0 0 0 0 0 0 0 0 0 0 0 0 0 0 0 0 0 0 0 0 0 0 0 0 0 0 0 0 0 0 0 0 0 0 0 0
0 0 496 80 64 64 48 16 16 16 16 16 0 16 0 0 0 0 0 0 0 0 0 0 64 32 0 0 0 0 0 0 0 0 0 0 0 0 0 0 0 0 0 0 496 64 48 496 480 496 400 496 496 496 496 496 336 192 128 80 80 96 32 0 0 0 80 32 496 16 448 448 272 32 32 0 0 16 0 16 16 0 32 32 32 0 0 0 64 0 480 448 -0 -0 0 80 64 112 96 48 32 16 16 16 0 0 0 0 0 0 64 0 496 448 -0 -0 0 80 64 112 96 48 32 16 16 16 0 0 0 0 0 0 48 0 400 272 0 0 0 48 32 64 64 32 32 16 16 0 0 0 0 0 0 0 16 0 496 32 80 80 48 -0 0 16 0 0 0 0 0 0 0 0 16 0 0 0 16 0 496 32 64 64 32 0 0 0 0 0 0 0 0 0 0 0 0 0 0 0 16 0 496 0 112 112 64 16 0 -0 0 0 0 0 0 0 0 0 16 0 0 0 16 0 496 0 96 96 64 0 0 0 -0 0 -0 0 0 0 0 0 16 0 0 0 16 0 496 16 48 48 32 0 0 0 0 0 0 0 0 0 0 0 0 0 0 0 0 0 336 0 32 32 32 0 0 0 -0 0 -0 0 0 0 0 0 0 0 0 0 16 0 192 16 16 16 16 0 0 0 0 0 0 0 0 0 0 0 0 0 0 0 0 0 128 16 16 16 16 0 0 0 0 0 0 0 0 0 0 0 0 0 0 0 0 0 80 0 16 16 0 0 0 0 0 0 0 0 0 0 0 0 0 0 0 0 0 0 80 32 0 0 0 0 0 0 0 0 0 0 0 0 -0 0 0 0 0 0 0 0 96 32 0 0 0 0 0 0 0 0 0 0 0 0 0 0 0 0 0 0 0 0 32 32 0 0 0 16 0 16 16 0 0 0 0 0 0 0 0 0 0 0 0 0 0 0 0 0 0 0 0 0 0 0 0 0 0 0 0 0 0 0 0 0 0 0 0 0 0 0 0 0 0 0 0 0 0 0 0 0 0 0 0 0 0 0 0 0 0 0 0 0 0 0 0 0 0 0 0 0 0 0 0 0 0 0 0 0
0 0 64 32 16 0 0 0 0 0 0 0 0 0 0 0 0 0 0 0 0 0 0 0 496 480 128 112 48 48 32 32 16 16 16 0 0 0 0 0 0 0 0 0 64 496 496 496 32 32 496 16 304 64 144 144 80 64 0 0 0 0 0 0 0 0 32 480 496 192 496 416 16 240 0 320 16 0 -0 -0 0 0 0 0 0 0 0 0 16 128 32 496 -0 0 96 0 48 0 32 32 16 16 0 0 0 0 0 0 0 0 0 112 32 416 0 -16 48 -0 32 16 16 16 0 0 0 0 0 0 0 0 0 0 0 48 496 16 96 48 -0 32 0 32 0 0 0 -0 0 0 0 0 0 0 0 0 0 48 16 240 0 -0 32 -0 16 0 0 0 0 0 0 0 0 0 0 0 0 0 0 32 304 0 48 32 0 16 -0 16 0 0 -0 -0 0 0 0 0 0 0 0 0 0 32 64 320 0 16 32 0 16 0 16 16 0 0 0 0 0 0 0 0 0 0 0 16 144 16 32 16 0 0 0 16 0 0 0 -0 0 0 0 0 0 0 0 0 0 16 144 0 32 16 0 0 0 16 0 -0 -0 -0 0 0 0 0 0 0 0 0 0 16 80 -0 16 0 0 0 -0 0 0 -0 -0 -0 0 0 0 0 0 0 0 0 0 0 64 -0 16 0 -0 0 -0 0 -0 -0 -0 -0 0 0 0 0 0 0 0 0 0 0 0 0 0 0 0 0 0 0 0 0 0 0 0 0 0 0 0 0 0 0 0 0 0 0 0 0 0 0 0 0 0 0 0 0 0 0 0 0 0 0 0 0 0 0 0 0 0 0 0 0 0 0 0 0 0 0 0 0 0 0 0 0 0 0 0 0 0 0 0 0 0 0 0 0 0 0 0 0 0 0 0 0 0 0 0 0 0 0 0 0 0 0 0 0 0 0 0 0 0 0 0 0 0 0 0 0 0 0 0 0 0 0 0 0 0 0 0 0 0 0 0 0 0 0 0 0 0 0 0 0 0 0 0 0 0 0 0 0 0 0 0 0 0 0 0 0 0 0 0 0 0 0 0 0 0 0 0 0 0 0 0 0 0 0 0 0 0 0 0 0 0 0 0 0
0 0 32 32 32 16 16 0 0 0 0 0 0 0 0 0 0 0 0 0 0 0 0 0 160 128 128 80 48 32 16 16 16 16 0 0 0 0 0 0 0 0 0 0 32 160 -144 496 496 -32 144 192 144 16 96 96 0 0 0 0 0 0 0 0 0 0 32 128 496 16 16 272 0 16 0 112 0 16 0 0 0 0 0 0 0 0 0 0 32 128 496 16 16 304 16 16 0 112 0 16 0 0 0 0 0 0 0 0 0 0 16 80 -32 272 304 -0 96 96 80 0 48 64 0 0 0 0 0 0 0 0 0 0 16 48 144 0 16 96 0 0 0 32 0 0 0 0 0 0 0 0 0 0 0 0 0 32 192 16 16 96 0 0 0 32 0 0 0 0 0 0 0 0 0 0 0 0 0 16 144 0 0 80 0 0 -0 32 0 0 0 0 0 0 0 0 0 0 0 0 0 16 16 112 112 0 32 32 32 0 16 16 0 0 0 0 0 0 0 0 0 0 0 16 96 0 0 48 0 0 0 16 0 0 0 0 0 0 0 0 0 0 0 0 0 16 96 16 16 64 0 0 0 16 0 -0 0 0 0 0 0 0 0 0 0 0 0 0 0 0 0 0 0 0 0 0 0 0 0 0 0 0 0 0 0 0 0 0 0 0 0 0 0 0 0 0 0 0 0 0 0 0 0 0 0 0 0 0 0 0 0 0 0 0 0 0 0 0 0 0 0 0 0 0 0 0 0 0 0 0 0 0 0 0 0 0 0 0 0 0 0 0 0 0 0 0 0 0 0 0 0 0 0 0 0 0 0 0 0 0 0 0 0 0 0 0 0 0 0 0 0 0 0 0 0 0 0 0 0 0 0 0 0 0 0 0 0 0 0 0 0 0 0 0 0 0 0 0 0 0 0 0 0 0 0 0 0 0 0 0 0 0 0 0 0 0 0 0 0 0 0 0 0 0 0 0 0 0 0 0 0 0 0 0 0 0 0 0 0 0 0 0 0 0 0 0 0 0 0 0 0 0 0 0 0 0 0 0 0 0 0 0 0 0 0 0 0 0 0 0 0 0 0 0 0 0 0 0 0 0 0 0 0 0 0 0
0 0 112 32 32 32 16 16 16 16 16 0 0 0 0 0 0 0 0 0 0 0 0 0 224 128 64 80 32 32 32 16 16 16 0 0 0 0 0 0 0 0 0 0 112 224 -64 496 496 496 496 496 -16 496 496 0 128 16 96 80 32 0 0 0 0 0 32 128 496 16 496 496 496 496 256 496 496 96 128 32 112 48 32 16 0 0 0 0 32 64 496 496 0 0 112 48 208 0 16 48 0 48 0 16 0 0 0 0 0 0 32 80 496 496 0 0 128 64 192 16 32 48 0 48 0 16 0 0 0 0 0 0 16 32 496 496 112 128 0 32 320 16 0 80 16 48 0 32 0 0 0 0 0 0 16 32 496 496 48 64 32 32 192 0 0 48 16 32 0 16 0 0 0 0 0 0 16 32 -16 256 208 192 320 192 -0 112 96 0 16 0 16 16 0 0 0 0 0 0 16 16 496 496 0 16 16 0 112 -0 -0 32 0 16 -0 16 0 0 0 0 0 0 16 16 496 496 16 32 0 0 96 -0 -0 16 0 16 0 16 0 0 0 0 0 0 0 16 0 96 48 48 80 48 0 32 16 0 0 0 0 0 0 0 0 0 0 0 0 0 128 128 0 0 16 16 16 0 0 0 0 0 0 0 0 0 0 0 0 0 0 0 16 32 48 48 48 32 0 16 16 0 0 0 0 0 0 0 0 0 0 0 0 0 96 112 0 0 0 0 16 -0 0 0 0 0 -0 0 0 0 0 0 0 0 0 0 80 48 16 16 32 16 16 16 16 0 0 0 0 0 0 0 0 0 0 0 0 0 32 32 0 0 0 0 0 0 0 0 0 0 0 0 0 0 0 0 0 0 0 0 0 16 0 0 0 0 0 0 0 0 0 0 0 0 0 -0 0 0 0 0 0 0 0 0 0 0 0 0 0 0 0 0 0 0 0 0 0 0 0 0 0 0 0 0 0 0 0 0 0 0 0 0 0 0 0 0 0 0 0 0 0 0 0 0 0 0 0 0 0 0 0 0 0 0 0 0 0 0 0 0 0 0 0 0 0 0 0 0 0 0 0 0 0 0 0 0 0 0 0 0 0 0 0 0 0 0 0 0
0 0 496 272 224 80 16 16 16 16 0 0 16 16 0 0 0 0 0 0 0 0 0 0 48 16 16 16 0 0 0 0 0 0 0 0 0 0 0 0 0 0 0 0 496 48 -208 64 128 496 0 128 144 272 16 144 64 64 80 48 48 16 0 0 0 0 272 16 64 32 32 400 0 32 48 64 0 48 32 32 16 16 16 0 0 0 0 0 224 16 128 32 16 416 0 32 48 64 0 48 16 32 16 16 16 0 0 0 0 0 80 16 496 400 416 0 16 16 -0 16 0 0 48 16 0 32 16 16 0 0 0 0 16 0 0 0 0 16 -0 0 0 0 -0 0 0 0 0 0 0 0 0 0 0 0 16 0 128 32 32 16 0 0 0 0 -0 0 0 0 0 0 0 0 0 0 0 0 16 0 144 48 48 -0 0 0 -0 0 -0 0 0 0 0 0 0 0 0 0 0 0 16 0 272 64 64 16 0 0 0 0 0 0 0 0 0 0 0 0 0 0 0 0 0 0 16 0 0 0 -0 -0 -0 0 -0 0 0 0 0 0 0 0 0 0 0 0 0 0 144 48 48 0 0 0 0 0 0 0 0 0 0 0 0 0 0 0 0 0 16 0 64 32 16 48 0 0 0 0 0 0 -0 0 0 0 0 0 0 0 0 0 16 0 64 32 32 16 0 0 0 0 0 0 0 -0 0 0 0 0 0 0 0 0 0 0 80 16 16 0 0 0 0 0 0 0 0 0 0 0 0 0 0 0 0 0 0 0 48 16 16 32 0 0 0 0 0 0 0 0 0 0 0 0 0 0 0 0 0 0 48 16 16 16 0 0 0 0 0 0 0 0 0 0 0 0 0 0 0 0 0 0 16 0 0 16 0 0 0 0 0 0 0 0 0 0 0 0 0 0 0 0 0 0 0 0 0 0 0 0 0 0 0 0 0 0 0 0 0 0 0 0 0 0 0 0 0 0 0 0 0 0 0 0 0 0 0 0 0 0 0 0 0 0 0 0 0 0 0 0 0 0 0 0 0 0 0 0 0 0 0 0 0 0 0 0 0 0 0 0 0 0 0 0 0 0 0 0 0 0 0 0 0 0 0 0 0 0 0 0
0 0 208 32 16 16 0 0 0 0 0 0 0 0 0 0 0 0 0 0 0 0 0 0 192 128 16 16 16 16 16 0 0 0 0 0 0 0 0 0 0 0 0 0 208 192 -112 496 128 48 16 320 320 64 96 112 160 32 128 144 128 0 0 0 0 0 32 128 496 -16 208 112 128 0 -0 64 16 16 0 64 32 16 16 0 0 0 0 0 16 16 128 208 0 -0 0 16 16 0 0 0 0 0 0 16 0 0 0 0 0 0 16 16 48 112 -0 -0 -0 0 0 0 0 0 0 0 0 0 0 0 0 0 0 0 0 16 16 128 0 -0 -0 16 0 0 0 0 0 0 0 0 0 0 0 0 0 0 0 16 320 0 16 0 16 0 0 0 0 0 0 0 0 0 0 0 0 0 0 0 0 16 320 -0 16 0 0 0 -0 0 0 0 0 0 0 0 0 0 0 0 0 0 0 0 64 64 0 0 0 0 0 0 0 0 0 0 0 0 0 0 0 0 0 0 0 0 96 16 0 0 0 0 0 0 -0 0 0 0 0 0 0 0 0 0 0 0 0 0 112 16 0 0 0 0 0 0 0 0 0 0 0 0 0 0 0 0 0 0 0 0 160 0 0 0 0 0 0 0 0 0 0 0 0 0 0 0 0 0 0 0 0 0 32 64 0 0 0 0 0 0 0 0 0 -0 0 0 0 0 0 0 0 0 0 0 128 32 0 0 0 0 0 0 0 0 0 0 0 0 0 0 0 0 0 0 0 0 144 16 16 0 0 0 0 0 0 0 0 0 0 0 0 0 0 0 0 0 0 0 128 16 0 0 0 0 0 0 0 0 0 0 0 0 0 0 0 0 0 0 0 0 0 0 0 0 0 0 0 0 0 0 0 0 0 0 0 0 0 0 0 0 0 0 0 0 0 0 0 0 0 0 0 0 0 0 0 0 0 0 0 0 0 0 0 0 0 0 0 0 0 0 0 0 0 0 0 0 0 0 0 0 0 0 0 0 0 0 0 0 0 0 0 0 0 0 0 0 0 0 0 0 0 0 0 0 0 0 0 0 0 0 0 0 0 0 0 0 0 0 0 0 0 0 0 0 0 0 0 0
0 0 128 80 48 48 16 32 16 16 16 16 16 16 0 0 0 0 0 0 0 0 0 0 192 32 32 16 16 16 16 16 0 0 0 0 0 0 0 0 0 0 0 0 128 192 32 496 496 496 496 496 224 496 352 336 128 464 240 32 176 320 176 432 16 144 80 32 496 0 16 0 352 16 16 0 16 0 32 64 16 96 -0 32 0 48 32 0 48 32 496 16 16 0 240 16 16 0 16 0 32 48 16 80 0 16 0 32 32 0 48 16 496 0 0 -0 192 0 16 0 16 0 32 32 16 64 -0 16 -0 32 32 0 16 16 496 352 240 192 -0 144 112 80 112 80 96 0 16 80 32 16 32 0 48 32 32 16 496 16 16 0 144 -0 16 0 0 0 16 32 16 48 0 16 0 16 16 0 16 16 224 16 16 16 112 16 0 0 0 0 0 16 0 16 0 16 0 16 0 0 16 16 496 0 0 0 80 0 0 0 0 0 16 16 0 32 0 0 0 16 16 0 16 0 352 16 16 16 112 0 0 0 0 0 0 16 16 16 0 16 0 16 0 0 16 0 336 0 0 0 80 0 0 0 0 0 0 16 0 16 0 0 0 16 0 0 16 0 128 32 32 32 96 16 0 16 0 0 0 16 16 16 0 16 0 16 0 0 16 0 464 64 48 32 0 32 16 16 16 16 16 0 0 32 0 0 0 0 16 0 0 0 240 16 16 16 16 16 0 0 16 0 16 0 -0 16 0 0 0 0 0 0 0 0 32 96 80 64 80 48 16 32 16 16 16 32 16 0 16 16 16 16 0 16 0 0 176 -0 0 -0 32 0 0 0 0 0 0 0 0 16 -0 0 -0 0 0 0 0 0 320 32 16 16 16 16 16 0 16 0 16 0 0 16 0 -0 0 0 16 0 0 0 176 0 0 -0 32 0 0 0 0 0 0 0 0 16 -0 0 -0 0 0 0 0 0 432 48 32 32 0 16 16 16 16 16 16 0 0 16 0 0 0 0 16 0 0 0 16 32 32 32 48 16 0 16 0 0 0 16 0 0 0 16 0 16 0 0 0 0 144 0 0 0 32 0 0 0 0 0 0 0 0 16 0 0 0 0 0 0
0 0 80 32 32 16 16 16 0 0 0 0 0 0 0 0 0 0 0 0 0 0 0 0 224 240 96 80 32 32 32 16 16 16 16 16 0 0 0 0 0 0 0 0 80 224 128 496 32 352 48 16 48 96 16 32 160 32 32 -0 32 0 0 0 0 0 32 240 496 -48 400 -16 288 144 32 -0 64 0 80 0 -0 0 16 0 0 0 0 0 32 96 32 400 -0 112 16 0 16 32 0 0 64 16 16 -0 16 0 0 0 0 0 16 80 352 -16 112 -16 96 48 0 0 16 -0 32 0 -0 0 0 0 0 0 0 0 16 32 48 288 16 96 0 0 16 16 0 16 32 0 0 0 0 0 0 0 0 0 16 32 16 144 0 48 0 0 0 16 0 0 16 0 0 -0 0 0 0 0 0 0 0 32 48 32 16 0 16 0 -0 0 0 -0 16 0 0 -0 0 0 0 0 0 0 0 16 96 -0 32 0 16 16 0 -0 0 0 16 0 0 0 0 0 0 0 0 0 0 16 16 64 0 16 0 0 0 0 0 0 16 0 0 -0 0 0 0 0 0 0 0 16 32 0 0 -0 16 0 -0 0 0 -0 0 0 -0 -0 0 0 0 0 0 0 0 16 160 80 64 32 32 16 16 16 16 0 0 0 0 0 0 0 0 0 0 0 0 16 32 0 16 0 0 0 0 0 0 0 0 0 0 0 0 0 0 0 0 0 0 0 32 -0 16 -0 0 0 0 0 0 -0 0 0 -0 0 0 0 0 0 0 0 0 0 -0 0 -0 0 0 -0 -0 0 -0 -0 0 0 0 -0 0 0 0 0 0 0 0 0 32 16 16 0 0 0 0 0 0 0 0 0 0 0 0 0 0 0 0 0 0 0 0 0 0 0 0 0 0 0 0 0 0 0 0 0 0 0 0 0 0 0 0 0 0 0 0 0 0 0 0 0 0 0 0 0 0 0 0 0 0 0 0 0 0 0 0 0 0 0 0 0 0 0 0 0 0 0 0 0 0 0 0 0 0 0 0 0 0 0 0 0 0 0 0 0 0 0 0 0 0 0 0 0 0 0 0 0 0 0 0 0 0 0 0 0 0 0 0 0 0 0 0 0 0 0 0 0 0 0
0 0 496 96 176 64 48 80 32 32 0 0 0 0 0 0 0 0 0 0 0 0 0 0 96 16 0 0 0 0 0 0 0 0 0 0 0 0 0 0 0 0 0 0 496 96 336 64 496 496 48 496 496 176 48 0 0 0 0 0 0 0 0 0 0 0 96 16 64 0 256 96 0 160 64 32 0 0 0 0 0 0 0 0 0 0 0 0 176 0 496 256 -0 112 112 160 80 0 16 0 0 0 0 0 0 0 0 0 0 0 64 0 496 96 112 -0 48 0 0 16 0 0 0 0 0 0 0 0 0 0 0 0 48 0 48 0 112 48 0 96 32 16 0 0 0 0 0 0 0 0 0 0 0 0 80 0 496 160 160 0 96 0 -0 16 0 0 0 0 0 0 0 0 0 0 0 0 32 0 496 64 80 0 32 -0 -0 16 0 0 0 0 0 0 0 0 0 0 0 0 32 0 176 32 0 16 16 16 16 -0 0 0 0 0 0 0 0 0 0 0 0 0 0 0 48 0 16 0 0 0 0 0 0 0 0 0 0 0 0 0 0 0 0 0 0 0 0 0 0 0 0 0 0 0 0 0 0 0 0 0 0 0 0 0 0 0 0 0 0 0 0 0 0 0 0 0 0 0 0 0 0 0 0 0 0 0 0 0 0 0 0 0 0 0 0 0 0 0 0 0 0 0 0 0 0 0 0 0 0 0 0 0 0 0 0 0 0 0 0 0 0 0 0 0 0 0 0 0 0 0 0 0 0 0 0 0 0 0 0 0 0 0 0 0 0 0 0 0 0 0 0 0 0 0 0 0 0 0 0 0 0 0 0 0 0 0 0 0 0 0 0 0 0 0 0 0 0 0 0 0 0 0 0 0 0 0 0 0 0 0 0 0 0 0 0 0 0 0 0 0 0 0 0 0 0 0 0 0 0 0 0 0 0 0 0 0 0 0 0 0 0 0 0 0 0 0 0 0 0 0 0 0 0 0 0 0 0 0 0 0 0 0 0 0 0 0 0 0 0 0 0 0 0 0 0 0 0 0 0 0 0 0 0 0 0 0 0 0 0 0 0 0 0 0 0 0 0 0 0 0 0 0 0 0 0 0
0 0 208 96 32 32 0 0 0 0 0 0 0 0 0 0 0 0 0 0 0 0 0 0 208 224 64 64 16 0 0 0 0 0 0 0 0 0 0 0 0 0 0 0 208 208 160 496 496 496 496 16 160 32 0 0 0 0 0 0 0 0 0 0 0 0 96 224 496 80 496 16 336 224 64 16 0 0 0 0 0 0 0 0 0 0 0 0 32 64 496 496 -0 368 0 112 0 0 0 0 0 0 0 0 0 0 0 0 0 0 32 64 496 16 368 -0 96 64 16 0 0 0 0 0 0 0 0 0 0 0 0 0 0 16 496 336 0 96 0 32 0 0 0 0 0 0 0 0 0 0 0 0 0 0 0 0 16 224 112 64 32 -0 0 0 0 0 0 0 0 0 0 0 0 0 0 0 0 0 160 64 0 16 0 0 0 0 0 0 0 0 0 0 0 0 0 0 0 0 0 0 32 16 0 0 0 0 0 0 0 0 0 0 0 0 0 0 0 0 0 0 0 0 0 0 0 0 0 0 0 0 0 0 0 0 0 0 0 0 0 0 0 0 0 0 0 0 0 0 0 0 0 0 0 0 0 0 0 0 0 0 0 0 0 0 0 0 0 0 0 0 0 0 0 0 0 0 0 0 0 0 0 0 0 0 0 0 0 0 0 0 0 0 0 0 0 0 0 0 0 0 0 0 0 0 0 0 0 0 0 0 0 0 0 0 0 0 0 0 0 0 0 0 0 0 0 0 0 0 0 0 0 0 0 0 0 0 0 0 0 0 0 0 0 0 0 0 0 0 0 0 0 0 0 0 0 0 0 0 0 0 0 0 0 0 0 0 0 0 0 0 0 0 0 0 0 0 0 0 0 0 0 0 0 0 0 0 0 0 0 0 0 0 0 0 0 0 0 0 0 0 0 0 0 0 0 0 0 0 0 0 0 0 0 0 0 0 0 0 0 0 0 0 0 0 0 0 0 0 0 0 0 0 0 0 0 0 0 0 0 0 0 0 0 0 0 0 0 0 0 0 0 0 0 0 0 0 0 0 0 0 0 0 0 0 0 0 0 0 0 0 0 0 0 0 0 0 0 0 0 0 0 0 0 0
0 0 432 272 160 32 32 48 32 16 0 0 0 0 0 0 0 0 0 0 0 0 0 0 112 32 16 16 16 0 0 0 0 0 0 0 0 0 0 0 0 0 0 0 432 112 -224 496 496 -32 64 368 432 208 0 96 80 32 80 32 32 0 0 0 0 0 272 32 496 -16 96 384 496 16 -0 -16 64 0 48 16 32 0 0 0 0 0 0 0 160 16 496 96 48 176 240 16 0 -0 32 0 16 16 16 0 0 0 0 0 0 0 32 16 -32 384 176 -0 -0 32 48 16 0 16 0 0 0 0 0 0 0 0 0 0 32 16 64 496 240 -0 0 48 64 32 0 16 16 0 0 0 0 0 0 0 0 0 48 0 368 16 16 32 48 0 0 -0 0 0 0 0 0 0 0 0 0 0 0 0 32 0 432 -0 0 48 64 0 -0 -0 0 -0 0 0 0 0 0 0 0 0 0 0 16 0 208 -16 -0 16 32 -0 -0 -0 0 -0 0 0 0 0 0 0 0 0 0 0 0 0 0 64 32 0 0 0 0 0 -0 0 0 0 0 0 0 0 0 0 0 0 0 0 96 0 0 16 16 0 -0 -0 0 -0 0 0 0 0 0 0 0 0 0 0 0 0 80 48 16 0 16 0 0 0 0 0 0 0 0 0 0 0 0 0 0 0 0 0 32 16 16 0 0 0 0 0 0 0 0 0 0 0 0 0 0 0 0 0 0 0 80 32 16 0 0 0 0 0 0 0 0 0 0 0 0 0 0 0 0 0 0 0 32 0 0 0 0 0 0 0 0 0 0 0 0 0 0 0 0 0 0 0 0 0 32 0 0 0 0 0 0 0 0 0 0 0 0 0 0 0 0 0 0 0 0 0 0 0 0 0 0 0 0 0 0 0 0 0 0 0 0 0 0 0 0 0 0 0 0 0 0 0 0 0 0 0 0 0 0 0 0 0 0 0 0 0 0 0 0 0 0 0 0 0 0 0 0 0 0 0 0 0 0 0 0 0 0 0 0 0 0 0 0 0 0 0 0 0 0 0 0 0 0 0 0 0 0 0 0 0 0 0 0 0 0 0 0 0 0 0 0 0 0 0 0 0 0 0 0 0 0 0 0 0
0 0 16 16 16 0 0 0 0 0 0 0 0 0 0 0 0 0 0 0 0 0 0 0 400 384 336 160 128 112 80 32 16 16 0 16 0 0 0 0 0 0 0 0 16 400 128 496 48 336 16 32 16 0 16 16 80 16 0 0 0 0 0 0 0 0 16 384 496 32 496 16 256 224 176 0 48 0 64 48 16 0 0 0 0 0 0 0 16 336 48 496 -0 288 -0 16 0 0 0 16 64 0 0 0 0 0 0 0 0 0 0 160 336 16 288 0 96 96 64 0 16 0 32 16 0 0 0 0 0 0 0 0 0 128 16 256 -0 96 -0 0 0 0 0 0 16 0 0 0 0 0 0 0 0 0 0 112 32 224 16 96 0 0 0 0 0 0 16 0 0 0 0 0 0 0 0 0 0 80 16 176 0 64 0 0 0 0 0 0 16 0 0 0 0 0 0 0 0 0 0 32 0 0 0 0 0 0 0 -0 0 -0 0 0 0 0 0 0 0 0 0 0 0 16 16 48 0 16 0 0 0 0 0 0 0 0 0 0 0 0 0 0 0 0 0 16 16 0 16 0 0 0 0 -0 0 -0 0 0 0 0 0 0 0 0 0 0 0 0 80 64 64 32 16 16 16 0 0 0 -0 0 0 0 0 0 0 0 0 0 0 16 16 48 0 16 0 0 0 0 0 0 0 0 0 0 0 0 0 0 0 0 0 0 0 16 0 0 0 0 0 0 0 0 0 0 -0 0 0 0 0 0 0 0 0 0 0 0 0 0 0 0 0 0 0 0 0 0 0 -0 0 0 0 0 0 0 0 0 0 0 0 0 0 0 0 0 0 0 0 0 0 0 0 0 0 0 0 0 0 0 0 0 0 0 0 0 0 0 0 0 0 0 0 0 0 0 0 0 0 0 0 0 0 0 0 0 0 0 0 0 0 0 0 0 0 0 0 0 0 0 0 0 0 0 0 0 0 0 0 0 0 0 0 0 0 0 0 0 0 0 0 0 0 0 0 0 0 0 0 0 0 0 0 0 0 0 0 0 0 0 0 0 0 0 0 0 0 0 0 0 0 0 0 0 0 0 0 0 0 0 0 0 0 0 0 0 0 0
0 0 128 32 0 0 0 0 0 0 0 0 0 0 0 0 0 0 0 0 0 0 0 0 384 192 48 32 32 0 0 0 0 0 0 0 0 0 0 0 0 0 0 0 128 384 -96 496 480 224 288 0 48 32 48 16 0 0 0 0 0 0 0 0 0 0 32 192 496 16 -0 16 0 16 32 0 16 16 0 0 0 0 0 0 0 0 0 0 0 48 480 -0 -0 0 0 0 0 0 0 0 0 0 0 0 0 0 0 0 0 0 0 32 224 16 0 0 0 0 0 -0 0 0 0 0 0 0 0 0 0 0 0 0 0 32 288 0 0 0 0 0 0 0 0 0 0 0 0 0 0 0 0 0 0 0 0 0 0 16 0 0 0 0 0 0 0 0 0 0 0 0 0 0 0 0 0 0 0 0 48 32 0 0 0 0 0 0 0 0 0 0 0 0 0 0 0 0 0 0 0 0 32 0 0 -0 0 0 0 -0 0 0 0 0 0 0 0 0 0 0 0 0 0 0 48 16 0 0 0 0 0 0 0 0 0 0 0 0 0 0 0 0 0 0 0 0 16 16 0 0 0 0 0 0 0 0 0 0 0 0 0 0 0 0 0 0 0 0 0 0 0 0 0 0 0 0 0 0 0 0 0 0 0 0 0 0 0 0 0 0 0 0 0 0 0 0 0 0 0 0 0 0 0 0 0 0 0 0 0 0 0 0 0 0 0 0 0 0 0 0 0 0 0 0 0 0 0 0 0 0 0 0 0 0 0 0 0 0 0 0 0 0 0 0 0 0 0 0 0 0 0 0 0 0 0 0 0 0 0 0 0 0 0 0 0 0 0 0 0 0 0 0 0 0 0 0 0 0 0 0 0 0 0 0 0 0 0 0 0 0 0 0 0 0 0 0 0 0 0 0 0 0 0 0 0 0 0 0 0 0 0 0 0 0 0 0 0 0 0 0 0 0 0 0 0 0 0 0 0 0 0 0 0 0 0 0 0 0 0 0 0 0 0 0 0 0 0 0 0 0 0 0 0 0 0 0 0 0 0 0 0 0 0 0 0 0 0 0 0 0 0 0 0 0 0 0 0 0 0 0 0 0 0 0 0 0
0 0 96 32 32 32 16 16 16 0 0 0 0 0 0 0 0 0 0 0 0 0 0 0 240 96 64 32 16 16 16 16 0 0 0 0 0 0 0 0 0 0 0 0 96 240 144 16 32 496 496 48 432 80 48 16 64 64 -0 16 32 16 32 0 0 0 32 96 16 -16 0 400 192 16 176 32 16 0 32 32 -0 16 16 0 16 0 0 0 32 64 32 0 16 256 128 16 112 16 16 0 16 16 -0 0 0 0 0 0 0 0 32 32 496 400 256 0 0 48 0 16 16 16 0 0 16 0 0 0 0 0 0 0 16 16 496 192 128 0 -0 32 0 16 0 0 0 0 0 0 0 0 0 0 0 0 16 16 48 16 16 48 32 -0 32 0 0 -0 0 0 -0 0 0 0 0 0 0 0 16 16 432 176 112 0 0 32 0 16 0 0 0 0 0 0 0 0 0 0 0 0 0 16 80 32 16 16 16 0 16 0 0 0 0 0 0 0 0 0 0 0 0 0 0 0 48 16 16 16 0 0 0 0 -0 0 0 0 0 -0 0 0 0 0 0 0 0 0 16 0 0 16 0 -0 0 0 0 -0 0 0 -0 0 0 0 0 0 0 0 0 0 64 32 16 0 0 0 0 0 0 0 -0 -0 0 -0 0 0 0 0 0 0 0 0 64 32 16 0 0 0 0 0 0 0 -0 -0 0 -0 0 0 0 0 0 0 0 0 -0 -0 -0 16 0 -0 0 0 0 -0 0 0 -0 0 0 0 0 0 0 0 0 0 16 16 0 0 0 0 0 0 -0 0 -0 -0 0 -0 0 0 0 0 0 0 0 0 32 16 0 0 0 0 0 0 0 0 0 0 0 0 0 0 0 0 0 0 0 0 16 0 0 0 0 0 0 0 0 0 0 0 0 0 0 0 0 0 0 0 0 0 32 16 0 0 0 0 0 0 0 0 0 0 0 0 0 0 0 0 0 0 0 0 0 0 0 0 0 0 0 0 0 0 0 0 0 0 0 0 0 0 0 0 0 0 0 0 0 0 0 0 0 0 0 0 0 0 0 0 0 0 0 0 0 0 0 0 0 0 0 0 0 0 0 0 0 0 0 0 0 0 0 0 0 0 0 0
0 0 64 32 16 16 16 0 0 0 0 0 0 0 0 0 0 0 0 0 0 0 0 0 320 128 128 80 48 64 48 48 32 32 48 32 32 32 16 16 0 16 16 0 64 320 -208 -112 240 208 496 384 272 80 -16 112 448 16 128 80 -16 16 192 208 96 16 32 128 -112 -64 64 64 224 128 96 16 -16 32 176 -0 48 32 -0 0 80 80 32 0 16 128 240 64 16 16 272 32 96 0 32 48 64 16 48 32 16 16 96 48 32 16 16 80 208 64 16 0 176 16 64 0 32 32 32 16 32 16 0 16 64 32 32 16 16 48 496 224 272 176 -0 144 16 96 64 16 208 48 16 16 16 16 80 80 0 16 0 64 384 128 32 16 144 0 48 16 48 32 32 16 32 16 16 16 80 16 16 16 0 48 272 96 96 64 16 48 -0 32 32 0 112 16 -0 0 0 0 64 48 0 16 0 48 80 16 0 0 96 16 32 0 16 16 32 0 16 16 0 16 32 16 16 0 0 32 -16 -16 32 32 64 48 32 16 0 16 48 0 16 16 -0 0 16 32 16 0 0 32 112 32 48 32 16 32 0 16 16 0 80 0 0 0 0 0 32 32 0 0 0 48 448 176 64 32 208 32 112 32 48 80 0 32 64 48 16 32 48 0 32 0 0 32 16 -0 16 16 48 16 16 0 0 0 32 0 0 0 -0 0 16 16 0 0 0 32 128 48 48 32 16 32 -0 16 16 0 64 0 -0 0 0 0 32 32 0 0 0 32 80 32 32 16 16 16 0 16 16 0 48 0 0 0 0 0 32 16 0 0 0 16 -16 -0 16 0 16 16 0 0 -0 0 16 -0 0 0 -0 0 16 16 0 0 0 16 16 0 16 16 16 16 0 16 0 0 32 0 0 0 0 0 16 16 0 0 0 0 192 80 96 64 80 80 64 32 16 32 48 16 32 32 16 16 0 16 16 0 0 16 208 80 48 32 80 16 48 16 32 32 0 16 32 16 16 16 16 0 16 0 0 16 96 32 32 32 0 16 0 16 16 0 32 0 0 0 0 0 16 16 0 0 0 0 16 0 16 16 16 16 16 0 0 0 0 0 0 0 0 0 0 0 0 0
0 0 144 32 16 0 0 0 0 0 0 0 0 0 0 0 0 0 0 0 0 0 0 0 400 160 48 32 32 16 16 16 16 0 0 0 0 0 0 0 0 0 0 0 144 400 -144 496 -32 160 320 0 240 96 240 16 16 96 16 32 0 0 0 0 0 0 32 160 496 48 96 -0 32 0 16 0 64 16 0 16 16 16 0 0 0 0 0 0 16 48 -32 96 -0 16 32 0 32 16 32 0 0 16 0 0 0 0 0 0 0 0 0 32 160 -0 16 -0 0 -0 0 0 16 0 0 0 0 0 0 0 0 0 0 0 0 32 320 32 32 0 0 0 0 0 0 0 0 0 0 0 0 0 0 0 0 0 0 16 0 0 0 -0 0 -0 0 0 0 0 0 0 0 0 0 0 0 0 0 0 0 16 240 16 32 0 0 0 0 0 0 0 0 0 0 0 0 0 0 0 0 0 0 16 96 0 16 0 0 0 0 0 0 0 0 0 0 0 0 0 0 0 0 0 0 16 240 64 32 16 0 0 0 0 0 0 0 0 0 0 0 0 0 0 0 0 0 0 16 16 0 0 0 0 0 0 0 0 0 0 0 0 0 0 0 0 0 0 0 0 16 0 0 0 0 0 0 0 0 0 -0 0 0 0 0 0 0 0 0 0 0 0 96 16 16 0 0 0 0 0 0 0 0 0 0 0 0 0 0 0 0 0 0 0 16 16 0 0 0 0 0 0 0 0 0 0 -0 0 0 0 0 0 0 0 0 0 32 16 0 0 0 0 0 0 0 0 0 0 0 0 0 0 0 0 0 0 0 0 0 0 0 0 0 0 0 0 0 0 0 0 0 0 0 0 0 0 0 0 0 0 0 0 0 0 0 0 0 0 0 0 0 0 0 0 0 0 0 0 0 0 0 0 0 0 0 0 0 0 0 0 0 0 0 0 0 0 0 0 0 0 0 0 0 0 0 0 0 0 0 0 0 0 0 0 0 0 0 0 0 0 0 0 0 0 0 0 0 0 0 0 0 0 0 0 0 0 0 0 0 0 0 0 0 0 0 0 0 0 0 0 0 0 0 0 0 0 0 0 0 0 0 0 0 0 0 0 0 0
0 0 160 80 32 32 16 16 0 16 0 0 0 0 0 0 0 0 0 0 0 0 0 0 432 80 64 48 32 16 16 0 16 16 0 16 0 0 0 0 0 0 0 0 160 432 464 496 64 112 80 496 64 496 32 16 240 144 48 -0 16 0 80 96 0 0 80 80 496 16 496 496 496 32 320 16 96 160 16 288 112 64 32 48 0 16 16 0 32 64 64 496 -16 0 0 288 16 80 0 0 32 32 0 -0 0 0 16 16 0 0 32 48 112 496 0 0 0 208 16 64 0 0 32 16 0 0 0 0 16 16 0 0 16 32 80 496 0 0 0 176 16 48 0 0 16 16 0 0 0 0 16 16 0 0 16 16 496 32 288 208 176 0 96 0 32 48 0 64 32 16 0 16 0 0 0 0 0 16 64 320 16 16 16 96 0 32 0 0 16 16 0 0 0 0 0 0 0 0 16 0 496 16 80 64 48 0 32 0 16 16 0 16 16 0 0 0 0 0 0 0 0 16 32 96 0 0 0 32 0 16 0 0 0 0 0 0 0 0 0 0 0 0 0 16 16 160 0 0 0 48 0 16 0 -0 0 0 0 0 0 -0 0 0 0 0 0 0 240 16 32 32 16 0 16 0 0 0 -0 16 0 0 0 0 0 0 0 0 0 16 144 288 32 16 16 64 16 16 0 0 16 -0 0 0 0 0 0 0 -0 0 0 0 48 112 0 0 0 32 0 16 0 0 0 0 0 0 0 0 0 0 0 0 0 0 -0 64 -0 0 0 16 0 0 0 0 0 0 0 -0 0 0 0 0 0 0 0 0 16 32 0 0 0 0 0 0 0 0 0 0 0 0 0 0 0 0 0 0 0 0 0 48 0 0 0 16 0 0 0 -0 0 0 0 0 0 -0 0 0 0 0 0 0 80 0 16 16 16 0 0 0 0 0 0 0 0 0 0 0 0 0 0 0 0 0 96 16 16 16 16 0 0 0 0 0 0 0 0 0 0 0 0 0 0 0 0 0 0 16 0 0 0 0 0 0 0 0 0 -0 0 0 0 0 0 0 0 0 0 0 0 0 0 0 0 0 0 0 0 0 0 0 0 0 0 0 0 0 0 0
0 0 96 48 32 16 16 16 0 0 0 0 0 0 0 0 0 0 0 0 0 0 0 0 496 96 160 32 32 32 48 32 32 32 16 16 16 0 0 0 0 0 0 0 96 496 -352 496 496 496 496 496 320 16 496 128 272 496 304 432 48 320 32 48 0 48 48 96 496 64 496 96 96 96 272 336 176 208 80 80 32 16 64 16 16 32 32 48 32 160 496 496 -48 128 128 112 0 112 16 16 -0 32 0 32 16 16 0 32 16 32 16 32 496 96 128 -0 0 -0 64 96 32 48 16 16 0 0 16 0 0 16 16 16 16 32 496 96 128 0 0 -0 64 96 16 48 16 0 0 0 16 -0 0 16 16 16 16 32 496 96 112 -0 -0 -0 48 80 16 48 16 0 0 0 16 -0 0 16 0 16 0 48 320 272 0 64 64 48 -0 16 0 0 0 16 0 16 0 0 0 0 0 0 0 32 16 336 112 96 96 80 16 0 16 0 16 16 16 16 0 16 0 0 0 0 0 32 496 176 16 32 16 16 0 16 -0 0 0 0 0 0 0 0 0 0 0 0 0 32 128 208 16 48 48 48 0 0 0 -0 0 16 0 16 0 0 0 0 0 0 0 16 272 80 -0 16 16 16 0 16 0 0 -0 0 0 0 0 0 0 0 0 0 0 16 496 80 32 16 0 0 16 16 0 16 0 0 0 0 0 0 0 0 0 0 0 16 304 32 0 0 0 0 0 16 0 0 0 0 -0 0 0 0 0 0 0 0 0 0 432 16 32 0 0 0 16 16 0 16 0 0 0 0 0 0 0 0 0 0 0 0 48 64 16 16 16 16 0 0 0 0 0 0 0 0 0 0 0 0 0 0 0 0 320 16 16 0 -0 -0 0 16 0 0 0 0 0 0 0 -0 0 0 0 0 0 0 32 16 0 0 0 0 0 0 0 0 0 0 0 0 0 0 0 0 0 0 0 0 48 32 32 16 16 16 0 0 0 0 0 0 0 0 0 0 0 -0 0 0 0 0 0 32 16 16 16 0 0 0 0 0 0 0 0 0 0 0 0 0 0 0 0 0 48 48 32 16 16 16 0 0 0 0 0 0 0 0 0 0 0 0 0 0
0 0 64 16 0 0 0 0 0 0 0 0 0 0 0 0 0 0 0 0 0 0 0 0 496 96 112 48 48 32 32 16 16 16 16 0 0 0 0 0 0 0 0 0 64 496 288 496 352 496 496 176 480 80 144 48 16 0 0 0 0 0 0 0 0 0 16 96 496 -0 96 -0 0 0 0 16 0 16 16 0 0 0 0 0 0 0 0 0 0 112 352 96 0 48 64 16 32 0 0 0 0 0 0 0 0 0 0 0 0 0 0 48 496 -0 48 -0 0 0 0 0 -0 0 0 0 0 0 0 0 0 0 0 0 0 48 496 0 64 0 -0 0 0 0 0 16 16 0 0 0 0 0 0 0 0 0 0 32 176 0 16 0 0 0 0 0 0 0 0 0 0 0 0 0 0 0 0 0 0 32 480 0 32 0 0 0 0 0 -0 0 0 0 0 0 0 0 0 0 0 0 0 16 80 16 0 0 0 0 0 0 0 0 0 0 0 0 0 0 0 0 0 0 0 16 144 0 0 -0 0 0 -0 0 -0 0 0 0 0 0 0 0 0 0 0 0 0 16 48 16 0 0 16 0 0 0 0 0 0 0 0 0 0 0 0 0 0 0 0 16 16 16 0 0 16 0 0 0 0 0 -0 0 0 0 0 0 0 0 0 0 0 0 0 0 0 0 0 0 0 0 0 0 0 0 0 0 0 0 0 0 0 0 0 0 0 0 0 0 0 0 0 0 0 0 0 0 0 0 0 0 0 0 0 0 0 0 0 0 0 0 0 0 0 0 0 0 0 0 0 0 0 0 0 0 0 0 0 0 0 0 0 0 0 0 0 0 0 0 0 0 0 0 0 0 0 0 0 0 0 0 0 0 0 0 0 0 0 0 0 0 0 0 0 0 0 0 0 0 0 0 0 0 0 0 0 0 0 0 0 0 0 0 0 0 0 0 0 0 0 0 0 0 0 0 0 0 0 0 0 0 0 0 0 0 0 0 0 0 0 0 0 0 0 0 0 0 0 0 0 0 0 0 0 0 0 0 0 0 0 0 0 0 0 0 0 0 0 0 0 0 0 0 0 0 0 0 0 0 0 0 0 0 0 0 0 0 0 0
0 0 32 16 16 16 0 0 0 0 0 0 0 0 0 0 0 0 0 0 0 0 0 0 480 496 144 128 96 48 80 64 32 64 32 48 32 16 32 16 16 16 0 0 32 480 -176 496 496 -32 480 496 448 240 -0 208 496 240 96 0 112 16 112 80 32 32 16 496 496 16 496 480 0 368 16 0 208 48 272 -16 80 128 64 64 16 16 48 16 16 144 496 496 -0 368 160 -0 224 96 112 192 0 112 32 64 128 48 80 48 0 0 16 128 -32 480 368 -32 80 112 80 32 -0 32 96 32 16 -0 32 -0 16 16 0 0 0 96 480 0 160 80 -0 48 0 -0 32 16 32 -0 16 16 16 16 0 0 0 0 0 48 496 368 -0 112 48 -0 64 32 32 64 -0 32 16 16 48 16 32 16 0 0 0 80 448 16 224 80 0 64 0 0 32 0 48 -0 16 16 0 16 0 0 16 0 0 64 240 0 96 32 -0 32 0 -0 16 0 16 -0 0 16 16 0 0 0 0 0 0 32 -0 208 112 -0 32 32 32 16 -0 16 32 16 0 -0 16 0 16 0 0 0 0 64 208 48 192 32 16 64 0 0 16 0 48 0 16 16 0 0 0 0 0 0 0 32 496 272 0 96 32 -0 48 16 32 48 0 32 16 16 32 16 16 16 0 0 0 48 240 -16 112 32 -0 32 -0 -0 16 0 32 -0 0 16 0 0 0 0 0 0 0 32 96 80 32 16 16 16 16 0 0 16 16 0 0 0 16 0 0 0 0 0 0 16 0 128 64 -0 16 16 16 16 -0 16 16 16 0 -0 0 0 0 0 0 0 0 32 112 64 128 32 16 48 0 16 16 0 32 0 16 0 0 0 0 0 0 0 0 16 16 64 48 -0 16 16 16 0 0 0 16 0 0 0 0 0 0 0 0 0 0 16 112 16 80 16 0 32 0 0 16 0 16 0 0 0 0 0 0 0 0 0 0 16 80 16 48 16 0 16 0 0 0 0 16 0 0 0 0 0 0 0 0 0 0 0 32 48 0 0 0 0 16 0 0 0 0 0 0 0 0 0 0 0 -0 0 0 0 32 16 0 0 0 0 0 0 0 0 0 0 0 0 0 0 0 0 0 0
0 0 64 48 16 16 16 0 0 0 0 0 0 0 0 0 0 0 0 0 0 0 0 0 352 144 96 80 64 32 16 16 0 0 0 0 0 0 0 0 0 0 0 0 64 352 -80 496 48 -32 16 16 0 16 48 32 48 32 0 0 0 0 0 0 0 0 48 144 496 -64 496 496 480 288 144 80 64 16 16 80 0 0 0 0 0 0 0 0 16 96 48 496 0 -0 0 0 0 16 0 16 16 16 0 0 0 0 0 0 0 0 16 80 -32 496 -0 -16 -0 -0 -0 0 0 0 16 16 0 0 0 0 0 0 0 0 16 64 16 480 0 -0 0 0 0 0 0 0 0 0 0 0 0 0 0 0 0 0 0 32 16 288 0 -0 0 0 0 0 0 0 0 0 0 0 0 0 0 0 0 0 0 16 0 144 0 -0 0 0 -0 0 0 0 0 0 0 0 0 0 0 0 0 0 0 16 16 80 16 0 0 0 0 0 0 0 0 0 0 0 0 0 0 0 0 0 0 0 48 64 0 0 0 0 0 0 -0 0 0 0 0 0 0 0 0 0 0 0 0 0 32 16 16 0 0 0 0 0 0 0 0 0 0 0 0 0 0 0 0 0 0 0 48 16 16 16 0 0 0 0 0 0 0 0 0 0 0 0 0 0 0 0 0 0 32 80 16 16 0 0 0 0 0 0 0 0 0 0 0 0 0 0 0 0 0 0 0 0 0 0 0 0 0 0 0 0 0 0 0 0 0 0 0 0 0 0 0 0 0 0 0 0 0 0 0 0 0 0 0 0 0 0 0 0 0 0 0 0 0 0 0 0 0 0 0 0 0 0 0 0 0 0 0 0 0 0 0 0 0 0 0 0 0 0 0 0 0 0 0 0 0 0 0 0 0 0 0 0 0 0 0 0 0 0 0 0 0 0 0 0 0 0 0 0 0 0 0 0 0 0 0 0 0 0 0 0 0 0 0 0 0 0 0 0 0 0 0 0 0 0 0 0 0 0 0 0 0 0 0 0 0 0 0 0 0 0 0 0 0 0 0 0 0 0 0 0 0 0 0 0 0 0 0 0 0 0 0 0 0 0 0 0 0 0 0 0 0 0 0 0
0 0 144 48 64 16 16 0 0 0 0 0 0 0 0 0 0 0 0 0 0 0 0 0 144 224 144 80 16 16 0 0 0 0 0 0 0 0 0 0 0 0 0 0 144 144 80 496 496 496 32 272 48 16 32 16 16 0 0 0 0 0 0 0 0 0 48 224 496 -0 496 -16 496 80 256 336 256 32 32 0 0 0 0 0 0 0 0 0 64 144 496 496 16 496 176 144 112 112 112 0 16 0 0 0 0 0 0 0 0 0 16 80 496 -16 496 -0 256 16 96 112 80 16 16 0 0 0 0 0 0 0 0 0 16 16 32 496 176 256 0 32 0 0 0 0 0 0 0 0 0 0 0 0 0 0 0 16 272 80 144 16 32 -0 16 16 16 0 0 0 0 0 0 0 0 0 0 0 0 0 48 256 112 96 0 16 0 0 0 0 0 0 0 0 0 0 0 0 0 0 0 0 16 336 112 112 0 16 0 -0 0 0 0 0 0 0 0 0 0 0 0 0 0 0 32 256 112 80 0 16 0 0 0 0 0 0 0 0 0 0 0 0 0 0 0 0 16 32 0 16 0 0 0 0 0 0 0 0 0 0 0 0 0 0 0 0 0 0 16 32 16 16 0 0 0 0 0 0 0 0 0 0 0 0 0 0 0 0 0 0 0 0 0 0 0 0 0 0 0 0 0 0 0 0 0 0 0 0 0 0 0 0 0 0 0 0 0 0 0 0 0 0 0 0 0 0 0 0 0 0 0 0 0 0 0 0 0 0 0 0 0 0 0 0 0 0 0 0 0 0 0 0 0 0 0 0 0 0 0 0 0 0 0 0 0 0 0 0 0 0 0 0 0 0 0 0 0 0 0 0 0 0 0 0 0 0 0 0 0 0 0 0 0 0 0 0 0 0 0 0 0 0 0 0 0 0 0 0 0 0 0 0 0 0 0 0 0 0 0 0 0 0 0 0 0 0 0 0 0 0 0 0 0 0 0 0 0 0 0 0 0 0 0 0 0 0 0 0 0 0 0 0 0 0 0 0 0 0 0 0 0 0 0 0 0 0 0 0 0 0 0 0 0 0 0 0 0 0 0 0 0 0 0 0 0 0
0 0 16 16 16 0 16 0 0 0 0 0 0 0 0 0 0 0 0 0 0 0 0 0 432 224 128 192 112 192 96 80 96 64 64 80 64 32 16 32 16 16 0 0 16 432 -368 496 496 -48 448 -32 240 320 -32 288 240 -16 -16 0 64 -16 64 16 16 0 16 224 496 -64 496 224 496 432 -16 336 128 304 320 144 128 16 0 48 48 0 16 0 16 128 496 496 -16 288 -16 400 272 -0 128 -0 -0 160 112 64 48 32 0 16 0 0 0 192 -48 224 288 16 240 48 96 160 0 144 128 16 16 0 32 0 32 0 0 0 16 112 448 496 -16 240 -16 336 224 -16 112 -0 -0 128 96 48 48 32 0 16 0 0 0 192 -32 432 400 48 336 0 176 240 32 208 176 0 -0 16 48 0 48 16 16 0 0 96 240 -16 272 96 224 176 -0 144 48 128 144 64 48 16 0 16 16 0 0 0 0 80 320 336 -0 160 -16 240 144 -16 80 -0 -0 96 64 32 32 16 0 0 0 0 0 96 -32 128 128 0 112 32 48 80 0 64 64 16 0 0 16 0 16 0 0 0 0 64 288 304 -0 144 -0 208 128 -0 64 -0 -0 80 48 32 32 16 0 0 0 0 0 64 240 320 -0 128 -0 176 144 -0 64 -0 -0 80 48 32 32 16 0 0 0 0 0 80 -16 144 160 16 128 0 64 96 16 80 80 0 -0 0 16 0 16 0 0 0 0 64 -16 128 112 16 96 -0 48 64 0 48 48 -0 -0 0 16 0 16 0 0 0 0 32 0 16 64 0 48 16 16 32 0 32 32 0 0 0 0 0 0 0 0 0 0 16 64 0 48 32 48 48 0 32 16 32 32 16 16 0 0 0 0 0 0 0 0 32 -16 48 32 0 32 0 16 16 0 16 16 0 0 0 0 -0 0 0 0 0 0 16 64 48 0 32 0 48 16 0 16 0 0 16 16 0 0 0 0 0 0 0 0 16 16 0 16 0 16 16 0 0 0 0 0 0 0 0 0 0 0 -0 0 0 0 0 16 16 0 0 0 16 0 0 0 0 0 0 0 0 0 0 0 0 0 0 0 0 0 0 0 0 0 0 0 0 0 0 0 0 0 0 0 0 0 0 0 0
0 0 416 368 224 128 64 96 112 64 64 32 32 32 16 32 16 0 0 0 0 0 0 0 32 16 16 0 16 0 0 16 0 0 0 0 0 0 0 0 0 0 0 0 416 32 112 496 496 496 288 496 496 224 16 160 16 176 64 256 48 0 0 0 0 0 368 16 496 -32 -16 -0 464 32 -0 496 304 272 256 256 176 0 32 32 0 0 0 0 224 16 496 -16 -0 0 240 16 0 256 160 128 128 128 96 0 16 16 0 0 0 0 128 0 496 -0 0 0 160 16 0 176 112 96 96 80 64 0 16 16 0 0 0 0 64 16 288 464 240 160 -0 96 128 -0 32 -0 16 -0 0 32 0 0 0 0 0 0 96 0 496 32 16 16 96 -0 16 112 96 64 80 48 48 0 0 16 0 0 0 0 112 0 496 -0 0 0 128 16 0 144 96 80 80 80 48 0 16 16 0 0 0 0 64 16 224 496 256 176 -0 112 144 -0 16 -0 16 -0 -0 32 0 0 0 0 0 0 64 0 16 304 160 112 32 96 96 16 -0 16 -0 16 0 32 0 0 0 0 0 0 32 0 160 272 128 96 -0 64 80 -0 16 -0 16 -0 0 16 -0 0 0 0 0 0 32 0 16 256 128 96 16 80 80 16 -0 16 -0 16 0 16 0 0 0 0 0 0 32 0 176 256 128 80 -0 48 80 -0 16 -0 16 -0 0 16 0 0 0 0 0 0 16 0 64 176 96 64 0 48 48 -0 0 0 0 0 -0 16 0 0 0 0 0 0 32 0 256 0 0 0 32 0 0 32 32 16 16 16 16 0 0 0 0 0 0 0 16 0 48 32 16 16 0 0 16 0 0 -0 0 0 0 0 -0 0 0 0 0 0 0 0 0 32 16 16 0 16 16 0 0 0 0 0 0 0 0 -0 0 0 0 0 0 0 0 0 0 0 0 0 0 0 0 0 0 0 0 0 0 0 0 0 0 0 0 0 0 0 0 0 0 0 0 0 0 0 0 0 0 0 0 0 0 0 0 0 0 0 0 0 0 0 0 0 0 0 0 0 0 0 0 0 0 0 0 0 0 0 0 0 0 0 0 0 0 0 0 0 0 0 0 0 0 0 0 0 0 0 0 0
0 0 384 304 144 96 48 48 32 16 0 0 0 0 0 0 0 0 0 0 0 0 0 0 96 32 16 32 16 0 0 0 0 0 0 0 0 0 0 0 0 0 0 0 384 96 -208 496 496 -16 16 240 112 128 16 16 16 16 0 0 0 0 0 0 0 0 304 32 496 32 496 448 240 0 -0 80 48 32 16 16 0 0 0 0 0 0 0 0 144 16 496 496 16 496 432 336 224 64 48 32 16 0 0 0 0 0 0 0 0 0 96 32 -16 448 496 0 0 64 32 32 0 0 0 0 0 0 0 0 0 0 0 0 48 16 16 240 432 0 0 32 16 16 0 0 0 0 0 0 0 0 0 0 0 0 48 0 240 0 336 64 32 0 -0 16 0 0 0 0 0 0 0 0 0 0 0 0 32 0 112 -0 224 32 16 -0 -0 16 0 0 0 0 0 0 0 0 0 0 0 0 16 0 128 80 64 32 16 16 16 0 0 0 0 0 0 0 0 0 0 0 0 0 0 0 16 48 48 0 0 0 0 0 0 0 0 0 0 0 0 0 0 0 0 0 0 0 16 32 32 0 0 0 0 0 0 -0 0 0 0 0 0 0 0 0 0 0 0 0 16 16 16 0 0 0 0 0 0 0 0 0 0 0 0 0 0 0 0 0 0 0 16 16 0 0 0 0 0 0 0 0 0 0 0 0 0 0 0 0 0 0 0 0 0 0 0 0 0 0 0 0 0 0 0 0 0 0 0 0 0 0 0 0 0 0 0 0 0 0 0 0 0 0 0 0 0 0 0 0 0 0 0 0 0 0 0 0 0 0 0 0 0 0 0 0 0 0 0 0 0 0 0 0 0 0 0 0 0 0 0 0 0 0 0 0 0 0 0 0 0 0 0 0 0 0 0 0 0 0 0 0 0 0 0 0 0 0 0 0 0 0 0 0 0 0 0 0 0 0 0 0 0 0 0 0 0 0 0 0 0 0 0 0 0 0 0 0 0 0 0 0 0 0 0 0 0 0 0 0 0 0 0 0 0 0 0 0 0 0 0 0 0 0 0 0 0 0 0 0 0 0 0 0 0 0 0 0 0 0 0 0 0 0 0 0 0 0
0 0 128 160 80 64 48 16 16 16 0 16 16 16 16 0 16 0 0 0 0 0 0 0 144 80 48 32 16 16 16 0 16 0 0 0 0 0 0 0 0 0 0 0 128 144 -48 496 464 496 496 48 496 336 16 496 112 112 464 0 224 32 16 48 80 0 160 80 496 0 496 496 496 496 0 0 304 208 128 80 208 272 128 288 96 32 0 0 80 48 464 496 -0 64 48 128 144 64 64 112 0 0 96 48 32 64 32 32 16 0 64 32 496 496 64 -16 -0 192 144 80 96 48 -0 -0 32 64 0 80 48 32 16 0 48 16 496 496 48 -0 -0 128 96 48 64 32 -0 0 16 32 0 48 32 16 16 0 16 16 48 496 128 192 128 0 96 48 -0 112 32 32 96 0 48 0 0 0 16 0 16 16 496 0 144 144 96 96 0 0 48 32 16 16 32 48 16 48 16 0 0 0 16 0 336 0 64 80 48 48 0 0 32 16 16 0 16 16 16 32 0 0 0 0 0 16 16 304 64 96 64 -0 48 32 -0 48 16 16 48 0 16 0 0 0 0 0 16 0 496 208 112 48 32 112 32 16 48 0 0 0 0 32 0 32 16 16 0 0 16 0 112 128 0 -0 -0 32 16 16 16 0 -0 -0 0 16 0 16 0 0 0 0 16 0 112 80 0 -0 0 32 16 0 16 0 -0 -0 0 16 0 16 0 0 0 0 16 0 464 208 96 32 16 96 32 16 48 0 0 0 -0 32 0 32 16 16 0 0 0 0 0 272 48 64 32 0 48 16 0 32 16 16 32 -0 16 0 0 0 0 0 16 0 224 128 32 0 0 48 16 16 16 0 0 0 0 16 0 16 16 0 0 0 0 0 32 288 64 80 48 0 48 32 0 32 16 16 32 0 16 -0 0 0 0 0 0 0 16 96 32 48 32 0 16 0 0 16 0 0 16 0 16 0 -0 0 0 0 0 0 48 32 32 32 16 0 0 0 0 16 0 0 16 0 0 0 0 -0 0 0 0 0 80 0 16 16 16 16 0 0 0 0 0 0 0 0 0 0 0 0 -0 0 0 0 0 0 0 0 0 0 0 0 0 0 0 0 0 0 0 0 0 0 0 0
0 0 128 64 0 0 0 0 0 0 0 0 0 0 0 0 0 0 0 0 0 0 0 0 256 320 16 16 0 0 0 0 0 0 0 0 0 0 0 0 0 0 0 0 128 256 -80 496 304 144 64 32 0 0 0 0 0 0 0 0 0 0 0 0 0 0 64 320 496 64 32 -32 16 -0 0 0 0 0 0 0 0 0 0 0 0 0 0 0 0 16 304 32 0 -0 0 -0 0 0 0 0 0 0 0 0 0 0 0 0 0 0 0 16 144 -32 -0 -0 0 -0 0 0 0 0 0 0 0 0 0 0 0 0 0 0 0 0 64 16 0 0 0 -0 0 0 0 0 0 0 0 0 0 0 0 0 0 0 0 0 32 -0 -0 -0 -0 -0 0 0 0 0 0 0 0 0 0 0 0 0 0 0 0 0 0 0 0 0 0 0 0 0 0 0 0 0 0 0 0 0 0 0 0 0 0 0 0 0 0 0 0 0 0 0 0 0 0 0 0 0 0 0 0 0 0 0 0 0 0 0 0 0 0 0 0 0 0 0 0 0 0 0 0 0 0 0 0 0 0 0 0 0 0 0 0 0 0 0 0 0 0 0 0 0 0 0 0 0 0 0 0 0 0 0 0 0 0 0 0 0 0 0 0 0 0 0 0 0 0 0 0 0 0 0 0 0 0 0 0 0 0 0 0 0 0 0 0 0 0 0 0 0 0 0 0 0 0 0 0 0 0 0 0 0 0 0 0 0 0 0 0 0 0 0 0 0 0 0 0 0 0 0 0 0 0 0 0 0 0 0 0 0 0 0 0 0 0 0 0 0 0 0 0 0 0 0 0 0 0 0 0 0 0 0 0 0 0 0 0 0 0 0 0 0 0 0 0 0 0 0 0 0 0 0 0 0 0 0 0 0 0 0 0 0 0 0 0 0 0 0 0 0 0 0 0 0 0 0 0 0 0 0 0 0 0 0 0 0 0 0 0 0 0 0 0 0 0 0 0 0 0 0 0 0 0 0 0 0 0 0 0 0 0 0 0 0 0 0 0 0 0 0 0 0 0 0 0 0 0 0 0 0 0 0 0 0 0 0 0 0 0 0 0 0 0 0 0 0 0 0
0 0 496 160 64 0 0 0 0 0 0 0 0 0 0 0 0 0 0 0 0 0 0 0 128 96 16 0 0 0 0 0 0 0 0 0 0 0 0 0 0 0 0 0 496 128 320 496 80 192 32 0 0 0 0 0 0 0 0 0 0 0 0 0 0 0 160 96 496 -16 496 16 16 0 0 0 0 0 0 0 0 0 0 0 0 0 0 0 64 16 80 496 0 16 0 0 0 0 0 0 0 0 0 0 0 0 0 0 0 0 0 0 192 16 16 0 0 0 0 0 0 0 0 0 0 0 0 0 0 0 0 0 0 0 32 16 0 0 -0 0 0 0 0 0 0 0 0 0 0 0 0 0 0 0 0 0 0 0 0 0 0 0 0 0 0 0 0 0 0 0 0 0 0 0 0 0 0 0 0 0 0 0 0 0 0 0 0 0 0 0 0 0 0 0 0 0 0 0 0 0 0 0 0 0 0 0 0 0 0 0 0 0 0 0 0 0 0 0 0 0 0 0 0 0 0 0 0 0 0 0 0 0 0 0 0 0 0 0 0 0 0 0 0 0 0 0 0 0 0 0 0 0 0 0 0 0 0 0 0 0 0 0 0 0 0 0 0 0 0 0 0 0 0 0 0 0 0 0 0 0 0 0 0 0 0 0 0 0 0 0 0 0 0 0 0 0 0 0 0 0 0 0 0 0 0 0 0 0 0 0 0 0 0 0 0 0 0 0 0 0 0 0 0 0 0 0 0 0 0 0 0 0 0 0 0 0 0 0 0 0 0 0 0 0 0 0 0 0 0 0 0 0 0 0 0 0 0 0 0 0 0 0 0 0 0 0 0 0 0 0 0 0 0 0 0 0 0 0 0 0 0 0 0 0 0 0 0 0 0 0 0 0 0 0 0 0 0 0 0 0 0 0 0 0 0 0 0 0 0 0 0 0 0 0 0 0 0 0 0 0 0 0 0 0 0 0 0 0 0 0 0 0 0 0 0 0 0 0 0 0 0 0 0 0 0 0 0 0 0 0 0 0 0 0 0 0 0 0 0 0 0 0 0 0 0 0 0 0 0 0 0 0 0 0 0 0 0 0 0 0 0 0 0 0
0 0 48 48 16 16 32 48 16 16 16 16 0 0 0 0 0 0 0 0 0 0 0 0 128 32 64 64 16 16 32 32 32 16 0 0 0 0 0 0 0 0 0 0 48 128 -16 496 16 16 496 496 496 0 -0 224 144 112 80 64 16 32 32 0 0 0 48 32 496 -32 416 448 -16 -0 176 256 160 -0 0 16 32 64 16 0 48 16 0 0 16 64 16 416 0 -0 352 448 256 16 0 112 80 48 32 32 0 16 16 0 0 0 16 64 16 448 -0 -16 368 480 256 16 0 128 80 48 32 16 0 16 16 0 0 0 32 16 496 -16 352 368 -0 0 160 208 144 0 0 16 16 48 16 0 32 16 0 0 48 16 496 -0 448 480 0 -0 192 272 176 0 0 16 32 64 16 0 48 16 0 0 16 32 496 176 256 256 160 192 -0 224 128 64 32 0 -0 16 0 -0 16 0 0 0 16 32 0 256 16 16 208 272 224 0 0 64 48 32 32 32 0 16 16 0 0 0 16 32 -0 160 0 0 144 176 128 0 0 48 32 16 16 16 0 0 0 0 0 0 16 16 224 -0 112 128 0 0 64 64 48 -0 0 0 16 16 0 0 16 0 0 0 0 0 144 0 80 80 0 0 32 48 32 0 0 0 0 16 0 0 0 0 0 0 0 0 112 16 48 48 16 16 0 32 16 0 0 0 0 0 0 0 0 0 0 0 0 0 80 32 32 32 16 32 -0 32 16 16 0 0 -0 0 0 -0 0 0 0 0 0 0 64 64 32 16 48 64 16 32 16 16 16 0 0 0 0 0 0 0 0 0 0 0 16 16 0 0 16 16 0 0 0 0 0 0 0 0 -0 0 0 0 0 0 0 0 32 0 16 16 0 0 -0 16 0 0 0 0 -0 0 0 -0 0 0 0 0 0 0 32 48 16 16 32 48 16 16 0 16 0 0 0 0 0 0 0 0 0 0 0 0 0 16 0 0 16 16 0 0 0 0 0 0 0 0 0 0 0 -0 0 0 0 0 0 0 0 0 0 0 0 0 0 0 0 0 0 0 0 0 0 0 0 0 0 0 0 0 0 0 0 0 0 0 0 0 0 0 0 0 0 0 0 0 0 0
0 0 64 16 0 0 0 0 0 0 0 0 0 0 0 0 0 0 0 0 0 0 0 0 496 192 64 32 16 16 16 16 0 0 0 0 0 0 0 0 0 0 0 0 64 496 16 496 16 272 176 0 -16 144 112 32 16 -0 0 0 0 0 0 0 0 0 16 192 496 32 192 0 16 48 64 0 0 32 16 0 0 0 0 0 0 0 0 0 0 64 16 192 0 32 16 0 -0 16 16 0 0 -0 0 0 0 0 0 0 0 0 0 32 272 0 32 0 0 0 0 0 0 0 0 0 0 0 0 0 0 0 0 0 0 16 176 16 16 0 0 0 0 0 0 0 0 0 0 0 0 0 0 0 0 0 0 16 0 48 0 0 0 -0 -0 0 0 0 0 -0 0 0 0 0 0 0 0 0 0 16 -16 64 -0 0 0 -0 -0 0 0 0 0 -0 0 0 0 0 0 0 0 0 0 16 144 0 16 0 0 0 0 -0 0 0 0 0 0 0 0 0 0 0 0 0 0 0 112 0 16 0 0 0 0 0 0 0 0 0 0 0 0 0 0 0 0 0 0 0 32 32 0 0 0 0 0 0 0 0 0 -0 0 0 0 0 0 0 0 0 0 0 16 16 0 0 0 0 0 0 0 0 0 -0 0 0 0 0 0 0 0 0 0 0 -0 0 -0 0 0 -0 -0 0 0 -0 -0 -0 0 0 0 0 0 0 0 0 0 0 0 0 0 0 0 0 0 0 0 0 0 0 0 0 0 0 0 0 0 0 0 0 0 0 0 0 0 0 0 0 0 0 0 0 0 0 0 0 0 0 0 0 0 0 0 0 0 0 0 0 0 0 0 0 0 0 0 0 0 0 0 0 0 0 0 0 0 0 0 0 0 0 0 0 0 0 0 0 0 0 0 0 0 0 0 0 0 0 0 0 0 0 0 0 0 0 0 0 0 0 0 0 0 0 0 0 0 0 0 0 0 0 0 0 0 0 0 0 0 0 0 0 0 0 0 0 0 0 0 0 0 0 0 0 0 0 0 0 0 0 0 0 0 0 0 0 0 0 0 0 0 0 0 0 0 0 0 0 0 0 0 0 0 0 0 0 0 0 0 0 0 0 0 0
0 0 112 32 32 16 0 0 0 0 0 0 0 0 0 0 0 0 0 0 0 0 0 0 352 256 224 64 64 16 16 0 0 0 0 0 0 0 0 0 0 0 0 0 112 352 176 496 496 64 496 32 176 144 16 0 0 0 0 0 0 0 0 0 0 0 32 256 496 48 16 496 48 176 0 48 16 0 0 0 0 0 0 0 0 0 0 0 32 224 496 16 -16 496 32 144 0 48 16 0 0 0 0 0 0 0 0 0 0 0 16 64 64 496 496 16 208 0 32 32 0 0 0 0 0 0 0 0 0 0 0 0 0 64 496 48 32 208 0 64 16 16 0 0 0 0 0 0 0 0 0 0 0 0 0 16 32 176 144 0 64 0 16 0 0 0 0 0 0 0 0 0 0 0 0 0 0 16 176 0 0 32 16 16 -0 0 0 0 0 0 0 0 0 0 0 0 0 0 0 0 144 48 48 32 16 0 0 0 0 0 0 0 0 0 0 0 0 0 0 0 0 0 16 16 16 0 0 0 0 0 0 0 0 0 0 0 0 0 0 0 0 0 0 0 0 0 0 0 0 0 0 0 0 0 0 0 0 0 0 0 0 0 0 0 0 0 0 0 0 0 0 0 0 0 0 0 0 0 0 0 0 0 0 0 0 0 0 0 0 0 0 0 0 0 0 0 0 0 0 0 0 0 0 0 0 0 0 0 0 0 0 0 0 0 0 0 0 0 0 0 0 0 0 0 0 0 0 0 0 0 0 0 0 0 0 0 0 0 0 0 0 0 0 0 0 0 0 0 0 0 0 0 0 0 0 0 0 0 0 0 0 0 0 0 0 0 0 0 0 0 0 0 0 0 0 0 0 0 0 0 0 0 0 0 0 0 0 0 0 0 0 0 0 0 0 0 0 0 0 0 0 0 0 0 0 0 0 0 0 0 0 0 0 0 0 0 0 0 0 0 0 0 0 0 0 0 0 0 0 0 0 0 0 0 0 0 0 0 0 0 0 0 0 0 0 0 0 0 0 0 0 0 0 0 0 0 0 0 0 0 0 0 0 0 0 0 0 0 0 0 0 0 0 0 0 0 0 0 0 0 0 0 0 0
0 0 48 16 16 16 0 0 0 0 0 0 0 0 0 0 0 0 0 0 0 0 0 0 496 496 400 288 80 16 16 16 16 0 0 0 0 0 0 0 0 0 0 0 48 496 16 496 496 496 16 112 0 48 80 32 16 0 0 0 0 0 0 0 0 0 16 496 496 224 0 -0 224 176 48 80 32 16 16 0 0 0 0 0 0 0 0 0 16 400 496 0 -80 -64 112 96 16 48 16 16 16 0 0 0 0 0 0 0 0 0 16 288 496 -0 -64 -48 80 64 16 32 16 0 0 0 0 0 0 0 0 0 0 0 0 80 16 224 112 80 0 16 0 16 16 0 0 0 0 0 0 0 0 0 0 0 0 16 112 176 96 64 16 0 0 0 0 0 0 0 0 0 0 0 0 0 0 0 0 16 0 48 16 16 0 0 -0 0 0 0 0 0 0 0 0 0 0 0 0 0 0 16 48 80 48 32 16 0 0 -0 0 0 0 0 0 0 0 0 0 0 0 0 0 16 80 32 16 16 16 0 0 0 0 0 0 0 0 0 0 0 0 0 0 0 0 0 32 16 16 0 0 0 0 0 0 0 0 0 0 0 0 0 0 0 0 0 0 0 16 16 16 0 0 0 0 0 0 0 0 0 0 0 0 0 0 0 0 0 0 0 0 0 0 0 0 0 0 0 0 0 0 0 0 0 0 0 0 0 0 0 0 0 0 0 0 0 0 0 0 0 0 0 0 0 0 0 0 0 0 0 0 0 0 0 0 0 0 0 0 0 0 0 0 0 0 0 0 0 0 0 0 0 0 0 0 0 0 0 0 0 0 0 0 0 0 0 0 0 0 0 0 0 0 0 0 0 0 0 0 0 0 0 0 0 0 0 0 0 0 0 0 0 0 0 0 0 0 0 0 0 0 0 0 0 0 0 0 0 0 0 0 0 0 0 0 0 0 0 0 0 0 0 0 0 0 0 0 0 0 0 0 0 0 0 0 0 0 0 0 0 0 0 0 0 0 0 0 0 0 0 0 0 0 0 0 0 0 0 0 0 0 0 0 0 0 0 0 0 0 0 0 0 0 0 0 0 0 0 0 0 0 0 0 0 0 0
0 0 496 496 256 176 128 16 0 0 0 0 0 0 0 0 0 0 0 0 0 0 0 0 32 16 0 0 0 0 0 0 0 0 0 0 0 0 0 0 0 0 0 0 496 32 -224 496 496 496 496 -0 64 64 0 16 0 0 0 0 0 0 0 0 0 0 496 16 496 -96 -0 16 0 32 48 64 0 -16 0 0 0 0 0 0 0 0 0 0 256 0 496 -0 0 0 0 16 16 16 0 -0 0 0 0 0 0 0 0 0 0 0 176 0 496 16 0 0 0 0 16 16 0 -0 0 0 0 0 0 0 0 0 0 0 128 0 496 0 0 0 0 0 0 16 0 -0 0 0 0 0 0 0 0 0 0 0 16 0 -0 32 16 0 0 -0 0 0 0 -0 0 0 0 0 0 0 0 0 0 0 0 0 64 48 16 16 0 0 -0 0 0 -0 0 0 0 0 0 0 0 0 0 0 0 0 64 64 16 16 16 0 0 0 0 0 0 0 0 0 0 0 0 0 0 0 0 0 0 0 0 0 0 0 0 0 -0 0 0 0 0 0 0 0 0 0 0 0 0 0 16 -16 -0 -0 -0 -0 -0 0 0 -0 0 0 0 0 0 0 0 0 0 0 0 0 0 0 0 0 0 0 0 0 0 0 0 0 0 0 0 0 0 0 0 0 0 0 0 0 0 0 0 0 0 0 0 0 0 0 0 0 0 0 0 0 0 0 0 0 0 0 0 0 0 0 0 0 0 0 0 0 0 0 0 0 0 0 0 0 0 0 0 0 0 0 0 0 0 0 0 0 0 0 0 0 0 0 0 0 0 0 0 0 0 0 0 0 0 0 0 0 0 0 0 0 0 0 0 0 0 0 0 0 0 0 0 0 0 0 0 0 0 0 0 0 0 0 0 0 0 0 0 0 0 0 0 0 0 0 0 0 0 0 0 0 0 0 0 0 0 0 0 0 0 0 0 0 0 0 0 0 0 0 0 0 0 0 0 0 0 0 0 0 0 0 0 0 0 0 0 0 0 0 0 0 0 0 0 0 0 0 0 0 0 0 0 0 0 0 0 0 0 0 0 0 0 0 0 0 0 0 0 0 0 0 0 0 0 0 0 0 0 0
0 0 32 16 16 16 0 0 0 0 0 0 0 0 0 0 0 0 0 0 0 0 0 0 496 496 208 176 16 16 16 0 0 0 0 0 0 0 0 0 0 0 0 0 32 496 496 288 496 496 -0 96 0 0 16 0 0 0 0 0 0 0 0 0 0 0 16 496 288 -0 416 496 -16 64 -0 0 0 0 0 0 0 0 0 0 0 0 0 0 16 208 496 416 -16 32 -0 16 16 -0 0 0 0 0 0 0 0 0 0 0 0 0 16 176 496 496 32 -16 0 32 16 -0 0 0 0 0 0 0 0 0 0 0 0 0 0 16 -0 -16 -0 0 -0 0 -0 -0 0 0 0 0 0 0 0 0 0 0 0 0 0 16 96 64 16 32 0 0 0 0 0 0 0 0 0 0 0 0 0 0 0 0 0 16 0 -0 16 16 -0 0 -0 0 0 0 0 0 0 0 0 0 0 0 0 0 0 0 0 0 -0 -0 -0 0 0 -0 0 0 0 0 0 0 0 0 0 0 0 0 0 0 16 0 0 0 0 0 0 0 0 0 0 0 0 0 0 0 0 0 0 0 0 0 0 0 0 0 0 0 0 0 0 0 0 0 0 0 0 0 0 0 0 0 0 0 0 0 0 0 0 0 0 0 0 0 0 0 0 0 0 0 0 0 0 0 0 0 0 0 0 0 0 0 0 0 0 0 0 0 0 0 0 0 0 0 0 0 0 0 0 0 0 0 0 0 0 0 0 0 0 0 0 0 0 0 0 0 0 0 0 0 0 0 0 0 0 0 0 0 0 0 0 0 0 0 0 0 0 0 0 0 0 0 0 0 0 0 0 0 0 0 0 0 0 0 0 0 0 0 0 0 0 0 0 0 0 0 0 0 0 0 0 0 0 0 0 0 0 0 0 0 0 0 0 0 0 0 0 0 0 0 0 0 0 0 0 0 0 0 0 0 0 0 0 0 0 0 0 0 0 0 0 0 0 0 0 0 0 0 0 0 0 0 0 0 0 0 0 0 0 0 0 0 0 0 0 0 0 0 0 0 0 0 0 0 0 0 0 0 0 0 0 0 0 0 0 0 0 0 0 0 0 0 0 0 0 0 0 0 0 0 0 0
0 0 320 240 48 16 16 16 16 0 0 0 0 0 0 0 0 0 0 0 0 0 0 0 208 80 64 0 0 0 0 0 0 0 0 0 0 0 0 0 0 0 0 0 320 208 -16 496 496 160 -16 16 0 16 208 128 176 64 48 64 64 16 0 0 0 0 240 80 496 112 496 0 64 144 96 144 304 176 16 64 96 80 0 0 0 0 0 0 48 64 496 496 32 224 112 64 64 32 16 16 112 32 0 16 48 32 0 0 0 0 16 0 160 0 224 -0 0 0 0 0 16 16 0 0 0 0 0 -0 0 0 0 0 16 0 -16 64 112 0 -0 0 0 0 16 0 0 0 0 0 0 0 0 0 0 0 16 0 16 144 64 0 0 0 0 0 0 0 0 0 0 0 0 0 0 0 0 0 16 0 0 96 64 0 0 0 -0 0 0 0 0 0 0 0 0 0 0 0 0 0 0 0 16 144 32 0 0 0 0 0 0 0 0 0 0 0 0 0 0 0 0 0 0 0 208 304 16 16 16 0 0 0 0 0 16 0 0 0 0 0 0 0 0 0 0 0 128 176 16 16 0 0 0 0 0 0 0 0 0 0 0 0 0 0 0 0 0 0 176 16 112 0 0 0 0 0 16 0 0 0 0 0 0 0 0 0 0 0 0 0 64 64 32 0 0 0 0 0 0 0 0 -0 0 0 0 0 0 0 0 0 0 0 48 96 0 0 0 0 0 0 0 0 0 0 -0 0 0 0 0 0 0 0 0 0 64 80 16 0 0 0 0 0 0 0 0 0 0 0 0 0 0 0 0 0 0 0 64 0 48 0 0 0 0 0 0 0 0 0 0 0 -0 0 0 0 0 0 0 0 16 0 32 -0 0 0 0 0 0 0 0 0 0 0 0 -0 0 0 0 0 0 0 0 0 0 0 0 0 0 0 0 0 0 0 0 0 0 0 0 0 0 0 0 0 0 0 0 0 0 0 0 0 0 0 0 0 0 0 0 0 0 0 0 0 0 0 0 0 0 0 0 0 0 0 0 0 0 0 0 0 0 0 0 0 0 0 0 0 0 0 0 0 0 0 0 0 0 0 0 0 0 0 0 0 0 0 0 0
0 0 32 0 0 0 0 0 0 0 0 0 0 0 0 0 0 0 0 0 0 0 0 0 496 208 96 80 32 16 0 0 0 0 0 0 0 0 0 0 0 0 0 0 32 496 -176 496 496 -16 352 -16 0 0 0 0 0 0 0 0 0 0 0 0 0 0 0 208 496 16 -0 144 0 16 0 0 0 0 0 0 0 0 0 0 0 0 0 0 0 96 496 -0 -16 64 0 16 0 0 0 0 0 0 0 0 0 0 0 0 0 0 0 80 -16 144 64 -0 32 -0 0 0 0 0 0 0 0 0 0 0 0 0 0 0 0 32 352 0 0 32 0 0 0 0 0 0 0 0 0 0 0 0 0 0 0 0 0 16 -16 16 16 -0 0 -0 0 0 0 0 0 0 0 0 0 0 0 0 0 0 0 0 0 0 0 0 0 0 0 0 0 0 0 0 0 0 0 0 0 0 0 0 0 0 0 0 0 0 0 0 0 0 0 0 0 0 0 0 0 0 0 0 0 0 0 0 0 0 0 0 0 0 0 0 0 0 0 0 0 0 0 0 0 0 0 0 0 0 0 0 0 0 0 0 0 0 0 0 0 0 0 0 0 0 0 0 0 0 0 0 0 0 0 0 0 0 0 0 0 0 0 0 0 0 0 0 0 0 0 0 0 0 0 0 0 0 0 0 0 0 0 0 0 0 0 0 0 0 0 0 0 0 0 0 0 0 0 0 0 0 0 0 0 0 0 0 0 0 0 0 0 0 0 0 0 0 0 0 0 0 0 0 0 0 0 0 0 0 0 0 0 0 0 0 0 0 0 0 0 0 0 0 0 0 0 0 0 0 0 0 0 0 0 0 0 0 0 0 0 0 0 0 0 0 0 0 0 0 0 0 0 0 0 0 0 0 0 0 0 0 0 0 0 0 0 0 0 0 0 0 0 0 0 0 0 0 0 0 0 0 0 0 0 0 0 0 0 0 0 0 0 0 0 0 0 0 0 0 0 0 0 0 0 0 0 0 0 0 0 0 0 0 0 0 0 0 0 0 0 0 0 0 0 0 0 0 0 0 0 0 0 0 0 0 0 0 0 0 0 0 0 0 0 0 0 0 0 0
0 0 240 80 16 0 0 0 0 0 0 0 0 0 0 0 0 0 0 0 0 0 0 0 256 64 16 0 0 0 0 0 0 0 0 0 0 0 0 0 0 0 0 0 240 256 32 32 128 0 80 32 0 0 0 0 0 0 0 0 0 0 0 0 0 0 80 64 32 -0 48 -0 32 16 0 0 0 0 0 0 0 0 0 0 0 0 0 0 16 16 128 48 0 0 0 0 0 0 0 0 0 0 0 0 0 0 0 0 0 0 0 0 0 -0 0 -0 0 0 0 0 0 0 0 0 0 0 0 0 0 0 0 0 0 0 80 32 0 0 -0 0 0 0 0 0 0 0 0 0 0 0 0 0 0 0 0 0 32 16 0 0 0 0 0 0 0 0 0 0 0 0 0 0 0 0 0 0 0 0 0 0 0 0 0 0 0 0 0 0 0 0 0 0 0 0 0 0 0 0 0 0 0 0 0 0 0 0 0 0 0 0 0 0 0 0 0 0 0 0 0 0 0 0 0 0 0 0 0 0 0 0 0 0 0 0 0 0 0 0 0 0 0 0 0 0 0 0 0 0 0 0 0 0 0 0 0 0 0 0 0 0 0 0 0 0 0 0 0 0 0 0 0 0 0 0 0 0 0 0 0 0 0 0 0 0 0 0 0 0 0 0 0 0 0 0 0 0 0 0 0 0 0 0 0 0 0 0 0 0 0 0 0 0 0 0 0 0 0 0 0 0 0 0 0 0 0 0 0 0 0 0 0 0 0 0 0 0 0 0 0 0 0 0 0 0 0 0 0 0 0 0 0 0 0 0 0 0 0 0 0 0 0 0 0 0 0 0 0 0 0 0 0 0 0 0 0 0 0 0 0 0 0 0 0 0 0 0 0 0 0 0 0 0 0 0 0 0 0 0 0 0 0 0 0 0 0 0 0 0 0 0 0 0 0 0 0 0 0 0 0 0 0 0 0 0 0 0 0 0 0 0 0 0 0 0 0 0 0 0 0 0 0 0 0 0 0 0 0 0 0 0 0 0 0 0 0 0 0 0 0 0 0 0 0 0 0 0 0 0 0 0 0 0 0 0 0 0 0 0 0 0 0 0 0 0
0 0 496 496 64 80 48 48 32 32 16 16 16 16 16 0 0 0 0 0 0 0 0 0 32 32 0 0 0 0 0 0 0 0 0 0 0 0 0 0 0 0 0 0 496 32 -512 496 496 16 496 -16 288 80 16 16 64 48 32 48 0 0 0 0 0 0 496 32 496 192 176 496 48 192 48 -0 112 32 32 160 32 16 0 0 0 0 0 0 64 0 496 176 16 144 0 64 16 16 32 16 16 32 16 0 0 0 0 0 0 0 80 0 16 496 144 -16 80 0 48 16 0 0 16 0 0 0 0 0 0 0 0 0 48 0 496 48 0 80 -0 32 0 0 16 0 0 16 0 0 0 0 0 0 0 0 48 0 -16 192 64 0 32 0 16 0 0 0 0 0 0 0 0 0 0 0 0 0 32 0 288 48 16 48 0 16 0 0 16 0 0 16 0 0 0 0 0 0 0 0 32 0 80 -0 16 16 0 0 0 -0 0 0 0 0 0 0 0 0 0 0 0 0 16 0 16 112 32 0 16 0 16 0 0 0 0 0 0 0 0 0 0 0 0 0 16 0 16 32 16 0 0 0 0 0 0 -0 0 0 0 0 0 0 0 0 0 0 16 0 64 32 16 16 0 0 0 0 0 0 0 0 0 0 0 0 0 0 0 0 16 0 48 160 32 0 16 0 16 0 0 0 0 -0 0 0 0 0 0 0 0 0 16 0 32 32 16 0 0 0 0 0 0 0 0 0 0 0 0 0 0 0 0 0 0 0 48 16 0 0 0 0 0 0 0 0 0 0 0 0 0 0 0 0 0 0 0 0 0 0 0 0 0 0 0 0 0 0 0 0 0 0 0 0 0 0 0 0 0 0 0 0 0 0 0 0 0 0 0 0 0 0 0 0 0 0 0 0 0 0 0 0 0 0 0 0 0 0 0 0 0 0 0 0 0 0 0 0 0 0 0 0 0 0 0 0 0 0 0 0 0 0 0 0 0 0 0 0 0 0 0 0 0 0 0 0 0 0 0 0 0 0 0 0 0 0 0 0 0 0 0 0 0 0 0 0 0 0 0 0 0 0 0 0 0 0 0 0 0 0 0 0 0 0 0 0 0 0
0 0 144 16 16 0 0 0 0 0 0 0 0 0 0 0 0 0 0 0 0 0 0 0 416 96 64 16 0 0 0 0 0 0 0 0 0 0 0 0 0 0 0 0 144 416 -80 496 16 64 48 16 0 0 0 0 0 0 0 0 0 0 0 0 0 0 16 96 496 -0 80 -0 32 0 0 0 0 0 0 0 0 0 0 0 0 0 0 0 16 64 16 80 0 0 0 0 0 0 0 0 0 0 0 0 0 0 0 0 0 0 0 16 64 -0 0 -0 0 0 0 0 0 0 0 0 0 0 0 0 0 0 0 0 0 0 48 32 0 0 -0 0 0 0 0 0 0 0 0 0 0 0 0 0 0 0 0 0 16 0 0 0 0 0 0 0 0 0 0 0 0 0 0 0 0 0 0 0 0 0 0 0 0 0 0 0 0 0 0 0 0 0 0 0 0 0 0 0 0 0 0 0 0 0 0 0 0 0 0 0 0 0 0 0 0 0 0 0 0 0 0 0 0 0 0 0 0 0 0 0 0 0 0 0 0 0 0 0 0 0 0 0 0 0 0 0 0 0 0 0 0 0 0 0 0 0 0 0 0 0 0 0 0 0 0 0 0 0 0 0 0 0 0 0 0 0 0 0 0 0 0 0 0 0 0 0 0 0 0 0 0 0 0 0 0 0 0 0 0 0 0 0 0 0 0 0 0 0 0 0 0 0 0 0 0 0 0 0 0 0 0 0 0 0 0 0 0 0 0 0 0 0 0 0 0 0 0 0 0 0 0 0 0 0 0 0 0 0 0 0 0 0 0 0 0 0 0 0 0 0 0 0 0 0 0 0 0 0 0 0 0 0 0 0 0 0 0 0 0 0 0 0 0 0 0 0 0 0 0 0 0 0 0 0 0 0 0 0 0 0 0 0 0 0 0 0 0 0 0 0 0 0 0 0 0 0 0 0 0 0 0 0 0 0 0 0 0 0 0 0 0 0 0 0 0 0 0 0 0 0 0 0 0 0 0 0 0 0 0 0 0 0 0 0 0 0 0 0 0 0 0 0 0 0 0 0 0 0 0 0 0 0 0 0 0 0 0 0 0 0 0 0 0 0 0 0
0 0 48 80 0 0 0 0 0 0 0 0 0 0 0 0 0 0 0 0 0 0 0 0 496 480 64 48 32 32 0 0 16 0 0 0 0 0 0 0 0 0 0 0 48 496 176 496 128 496 16 16 144 144 16 80 -0 -16 0 0 0 0 0 0 0 0 80 480 496 -32 496 48 368 416 64 0 112 32 16 16 0 0 0 0 0 0 0 0 0 64 128 496 0 80 0 0 16 16 0 16 -0 -0 0 0 0 0 0 0 0 0 0 48 496 48 80 16 32 32 0 0 16 0 0 0 0 0 0 0 0 0 0 0 0 32 16 368 0 32 -0 0 0 0 0 0 -0 -0 0 0 0 0 0 0 0 0 0 32 16 416 0 32 0 -0 0 0 0 0 -0 -0 0 0 0 0 0 0 0 0 0 0 144 64 16 0 0 0 0 0 0 0 0 0 0 0 0 0 0 0 0 0 0 0 144 0 16 0 0 0 0 0 0 0 0 0 0 0 0 0 0 0 0 0 0 16 16 112 0 16 0 0 0 0 0 0 0 -0 0 0 0 0 0 0 0 0 0 0 80 32 16 0 0 0 0 0 0 -0 0 0 0 0 0 0 0 0 0 0 0 0 -0 16 -0 0 -0 -0 0 0 0 0 -0 -0 0 0 0 0 0 0 0 0 0 0 -16 16 -0 0 -0 -0 0 0 -0 0 -0 -0 0 0 0 0 0 0 0 0 0 0 0 0 0 0 0 0 0 0 0 0 0 0 0 0 0 0 0 0 0 0 0 0 0 0 0 0 0 0 0 0 0 0 0 0 0 0 0 0 0 0 0 0 0 0 0 0 0 0 0 0 0 0 0 0 0 0 0 0 0 0 0 0 0 0 0 0 0 0 0 0 0 0 0 0 0 0 0 0 0 0 0 0 0 0 0 0 0 0 0 0 0 0 0 0 0 0 0 0 0 0 0 0 0 0 0 0 0 0 0 0 0 0 0 0 0 0 0 0 0 0 0 0 0 0 0 0 0 0 0 0 0 0 0 0 0 0 0 0 0 0 0 0 0 0 0 0 0 0 0 0 0 0 0 0 0 0 0 0 0 0 0 0 0 0 0 0 0 0 0 0 0 0 0 0
0 0 80 16 16 16 0 0 0 0 0 0 0 0 0 0 0 0 0 0 0 0 0 0 496 256 192 176 80 64 48 64 32 16 16 16 16 16 0 0 0 0 0 0 80 496 -112 496 496 496 464 304 496 304 -0 208 320 128 80 48 48 32 48 0 0 0 16 256 496 -80 496 -0 -16 -16 496 -0 32 192 176 0 48 32 0 16 32 0 0 0 16 192 496 496 32 496 384 304 48 320 80 32 0 48 0 -0 32 32 0 0 0 0 16 176 496 -0 496 16 0 0 400 0 16 128 128 16 32 16 0 16 16 0 0 0 0 80 464 -16 384 0 -0 -0 176 -0 16 64 64 0 16 16 0 0 0 0 0 0 0 64 304 -16 304 0 -0 -0 144 -0 16 48 48 0 16 16 0 0 0 0 0 0 0 48 496 496 48 400 176 144 0 144 48 16 0 32 0 0 16 16 0 0 0 0 0 64 304 -0 320 0 -0 -0 144 -0 16 48 48 0 16 16 0 0 0 0 0 0 0 32 -0 32 80 16 16 16 48 16 -0 16 16 0 0 0 0 0 0 0 0 0 0 16 208 192 32 128 64 48 16 48 16 0 0 16 0 0 0 0 0 0 0 0 0 16 320 176 0 128 64 48 0 48 16 0 0 16 0 0 0 0 0 0 0 0 0 16 128 0 48 16 0 0 32 0 0 16 16 -0 0 0 0 0 0 0 0 0 0 16 80 48 0 32 16 16 0 16 0 0 0 0 0 -0 0 0 0 0 0 0 0 16 48 32 -0 16 16 16 0 16 0 0 0 0 -0 -0 0 0 0 0 0 0 0 0 48 0 32 0 0 0 16 0 0 0 0 0 0 0 0 0 0 0 0 0 0 0 32 16 32 16 0 0 16 0 0 0 0 0 0 0 0 0 0 0 0 0 0 0 48 32 0 16 0 0 0 0 0 0 0 0 0 0 0 0 0 0 0 0 0 0 0 0 0 0 0 0 0 0 0 0 0 0 0 0 0 0 0 0 0 0 0 0 0 0 0 0 0 0 0 0 0 0 0 0 0 0 0 0 0 0 0 0 0 0 0 0 0 0 0 0 0 0 0 0 0 0 0 0 0 0 0 0 0 0
0 0 128 64 48 16 16 0 0 0 0 0 0 0 0 0 0 0 0 0 0 0 0 0 96 112 32 32 16 0 0 0 0 0 0 0 0 0 0 0 0 0 0 0 128 96 16 496 0 496 -0 112 0 0 0 0 0 0 0 0 0 0 0 0 0 0 64 112 496 -32 496 16 224 -0 0 0 0 0 0 0 0 0 0 0 0 0 0 0 48 32 0 496 -0 208 -0 48 0 0 0 0 0 0 0 0 0 0 0 0 0 0 16 32 496 16 208 16 80 0 0 0 0 0 0 0 0 0 0 0 0 0 0 0 16 16 -0 224 -0 80 -0 16 0 0 0 0 0 0 0 0 0 0 0 0 0 0 0 0 112 -0 48 0 16 -0 0 0 0 0 0 0 0 0 0 0 0 0 0 0 0 0 0 0 0 0 0 0 0 0 0 0 0 0 0 0 0 0 0 0 0 0 0 0 0 0 0 0 0 0 0 0 0 0 0 0 0 0 0 0 0 0 0 0 0 0 0 0 0 0 0 0 0 0 0 0 0 0 0 0 0 0 0 0 0 0 0 0 0 0 0 0 0 0 0 0 0 0 0 0 0 0 0 0 0 0 0 0 0 0 0 0 0 0 0 0 0 0 0 0 0 0 0 0 0 0 0 0 0 0 0 0 0 0 0 0 0 0 0 0 0 0 0 0 0 0 0 0 0 0 0 0 0 0 0 0 0 0 0 0 0 0 0 0 0 0 0 0 0 0 0 0 0 0 0 0 0 0 0 0 0 0 0 0 0 0 0 0 0 0 0 0 0 0 0 0 0 0 0 0 0 0 0 0 0 0 0 0 0 0 0 0 0 0 0 0 0 0 0 0 0 0 0 0 0 0 0 0 0 0 0 0 0 0 0 0 0 0 0 0 0 0 0 0 0 0 0 0 0 0 0 0 0 0 0 0 0 0 0 0 0 0 0 0 0 0 0 0 0 0 0 0 0 0 0 0 0 0 0 0 0 0 0 0 0 0 0 0 0 0 0 0 0 0 0 0 0 0 0 0 0 0 0 0 0 0 0 0 0 0 0 0 0 0 0 0 0 0 0 0 0 0 0 0 0 0 0 0
0 0 288 64 48 32 16 32 32 16 16 16 16 0 0 0 0 0 0 0 0 0 0 0 192 96 16 16 16 16 16 16 16 0 0 0 0 0 0 0 0 0 0 0 288 192 -192 496 496 -0 288 496 496 112 496 496 384 240 96 16 32 0 0 80 96 0 64 96 496 -32 496 432 176 432 384 128 0 240 272 16 32 96 48 64 48 16 48 0 48 16 496 496 -0 96 32 0 -0 16 64 -0 -0 32 16 16 0 16 16 0 0 0 32 16 -0 432 96 0 32 64 64 16 64 48 32 16 16 0 0 0 0 0 16 0 16 16 288 176 32 32 -0 16 16 -0 16 16 16 0 0 0 0 0 0 0 0 0 32 16 496 432 0 64 16 0 0 16 48 0 0 16 16 16 0 0 0 0 0 0 32 16 496 384 -0 64 16 0 -0 16 48 0 -0 16 16 16 0 0 0 0 0 0 16 16 112 128 16 16 -0 16 16 -0 16 16 16 0 0 0 0 0 0 0 0 0 16 16 496 0 64 64 16 48 48 16 0 32 32 0 0 16 0 0 0 0 0 0 16 0 496 240 -0 48 16 0 0 16 32 0 0 16 0 16 0 0 0 0 0 0 16 0 384 272 -0 32 16 0 -0 16 32 0 -0 16 0 0 0 0 0 0 0 0 0 0 240 16 32 16 0 16 16 0 0 16 16 -0 0 0 0 0 0 0 0 0 0 0 96 32 16 16 0 16 16 0 0 0 0 0 0 0 0 0 0 0 0 0 0 0 16 96 16 0 0 16 16 0 16 16 0 0 0 0 0 0 0 0 0 0 0 0 32 48 0 0 0 0 0 0 0 0 0 0 0 0 0 0 0 0 0 0 0 0 0 64 16 0 0 0 0 0 0 0 0 0 0 0 0 0 0 0 0 0 0 0 0 48 16 0 0 0 0 0 0 0 0 0 0 0 0 0 0 0 0 0 0 0 80 16 0 0 0 0 0 0 0 0 0 0 0 0 0 0 0 0 0 0 0 0 96 48 0 16 0 0 0 0 0 0 0 0 0 0 0 0 0 0 0 0 0 0 0 0 0 0 0 0 0 0 0 0 0 0 0 0 0 0 0 0 0 0
0 0 48 16 16 16 16 0 0 0 0 0 0 0 0 0 0 0 0 0 0 0 0 0 368 448 176 192 176 80 32 48 16 16 32 16 16 0 0 0 0 0 0 0 48 368 -256 496 -32 48 32 432 -16 352 16 0 256 0 32 0 16 0 0 0 0 0 16 448 496 128 496 496 496 80 352 48 256 160 16 64 64 96 112 0 0 0 0 0 16 176 -32 496 -16 64 48 176 0 144 16 0 112 0 16 0 16 0 0 0 0 0 16 192 48 496 64 0 0 144 16 128 16 16 80 0 16 16 16 0 0 0 0 0 16 176 32 496 48 0 0 144 16 128 16 16 80 0 0 0 16 0 0 0 0 0 0 80 432 80 176 144 144 0 48 0 48 16 0 16 16 16 16 0 0 0 0 0 0 32 -16 352 0 16 16 48 -0 48 0 0 32 0 0 0 0 0 0 0 0 0 0 48 352 48 144 128 128 0 48 -0 32 16 0 0 16 16 16 0 0 0 0 0 0 16 16 256 16 16 16 48 0 32 0 0 16 0 0 0 0 0 0 0 0 0 0 16 0 160 0 16 16 16 0 16 0 0 16 0 0 0 0 0 0 0 0 0 0 32 256 16 112 80 80 0 32 0 16 16 0 0 0 16 16 0 0 0 0 0 0 16 0 64 0 0 0 16 0 0 0 0 0 0 0 0 0 0 0 0 0 0 0 16 32 64 16 16 0 16 0 16 0 0 0 0 0 0 0 0 0 0 0 0 0 0 0 96 0 16 0 16 0 16 0 0 16 0 0 -0 0 0 0 0 0 0 0 0 16 112 16 16 16 16 0 16 0 0 16 0 0 0 0 0 0 0 0 0 0 0 0 0 0 0 0 0 0 0 0 0 0 0 0 0 0 0 0 0 0 0 0 0 0 0 0 0 0 0 0 0 0 0 0 0 0 0 0 0 0 0 0 0 0 0 0 0 0 0 0 0 0 0 0 0 0 0 0 0 0 0 0 0 0 0 0 0 0 0 0 0 0 0 0 0 0 0 0 0 0 0 0 0 0 0 0 0 0 0 0 0 0 0 0 0 0 0 0 0 0 0 0 0 0 0 0 0 0 0
0 0 448 128 32 16 0 0 0 0 0 0 0 0 0 0 0 0 0 0 0 0 0 0 128 112 16 0 0 0 0 0 0 0 0 0 0 0 0 0 0 0 0 0 448 128 320 496 16 48 64 80 32 64 64 0 0 0 0 0 0 0 0 0 0 0 128 112 496 64 400 240 16 80 32 0 0 0 0 0 0 0 0 0 0 0 0 0 32 16 16 400 0 0 0 0 0 0 0 0 0 0 0 0 0 0 0 0 0 0 16 0 48 240 0 0 0 0 0 0 0 0 0 0 0 0 0 0 0 0 0 0 0 0 64 16 0 0 0 0 0 0 0 0 0 0 0 0 0 0 0 0 0 0 0 0 80 80 0 0 0 -0 0 0 0 0 0 0 0 0 0 0 0 0 0 0 0 0 32 32 0 0 0 0 -0 0 0 0 0 0 0 0 0 0 0 0 0 0 0 0 64 0 0 0 0 0 0 0 0 0 0 0 0 0 0 0 0 0 0 0 0 0 64 0 0 0 0 0 0 0 0 0 0 0 0 0 0 0 0 0 0 0 0 0 0 0 0 0 0 0 0 0 0 0 0 0 0 0 0 0 0 0 0 0 0 0 0 0 0 0 0 0 0 0 0 0 0 0 0 0 0 0 0 0 0 0 0 0 0 0 0 0 0 0 0 0 0 0 0 0 0 0 0 0 0 0 0 0 0 0 0 0 0 0 0 0 0 0 0 0 0 0 0 0 0 0 0 0 0 0 0 0 0 0 0 0 0 0 0 0 0 0 0 0 0 0 0 0 0 0 0 0 0 0 0 0 0 0 0 0 0 0 0 0 0 0 0 0 0 0 0 0 0 0 0 0 0 0 0 0 0 0 0 0 0 0 0 0 0 0 0 0 0 0 0 0 0 0 0 0 0 0 0 0 0 0 0 0 0 0 0 0 0 0 0 0 0 0 0 0 0 0 0 0 0 0 0 0 0 0 0 0 0 0 0 0 0 0 0 0 0 0 0 0 0 0 0 0 0 0 0 0 0 0 0 0 0 0 0 0 0 0 0 0 0 0 0 0 0 0 0 0 0 0 0 0 0 0 0 0 0 0 0 0
0 0 192 320 80 80 48 16 16 0 0 0 0 0 0 0 0 0 0 0 0 0 0 0 96 48 48 32 16 16 0 0 0 0 0 0 0 0 0 0 0 0 0 0 192 96 32 496 496 496 496 224 64 64 64 16 32 0 0 0 0 0 0 0 0 0 320 48 496 -0 496 496 496 496 208 208 144 32 0 0 0 0 0 0 0 0 0 0 80 48 496 496 -16 -0 -0 -0 16 -0 0 16 32 0 0 0 0 0 0 0 0 0 80 32 496 496 -0 0 -0 -0 0 -0 0 16 32 0 0 0 0 0 0 0 0 0 48 16 496 496 -0 -0 -0 -0 0 -0 0 16 16 0 0 0 0 0 0 0 0 0 16 16 224 496 -0 -0 -0 -0 0 -0 0 0 0 0 0 0 0 0 0 0 0 0 16 0 64 208 16 0 0 0 0 0 0 0 0 0 0 0 0 0 0 0 0 0 0 0 64 208 -0 -0 -0 -0 0 -0 -0 0 0 0 0 0 0 0 0 0 0 0 0 0 64 144 0 0 0 0 0 -0 0 0 0 0 0 0 0 0 0 0 0 0 0 0 16 32 16 16 16 0 0 0 0 0 0 0 0 0 0 0 0 0 0 0 0 0 32 0 32 32 16 0 0 0 0 0 0 0 0 0 0 0 0 0 0 0 0 0 0 0 0 0 0 0 0 0 0 0 0 0 0 0 0 0 0 0 0 0 0 0 0 0 0 0 0 0 0 0 0 0 0 0 0 0 0 0 0 0 0 0 0 0 0 0 0 0 0 0 0 0 0 0 0 0 0 0 0 0 0 0 0 0 0 0 0 0 0 0 0 0 0 0 0 0 0 0 0 0 0 0 0 0 0 0 0 0 0 0 0 0 0 0 0 0 0 0 0 0 0 0 0 0 0 0 0 0 0 0 0 0 0 0 0 0 0 0 0 0 0 0 0 0 0 0 0 0 0 0 0 0 0 0 0 0 0 0 0 0 0 0 0 0 0 0 0 0 0 0 0 0 0 0 0 0 0 0 0 0 0 0 0 0 0 0 0 0 0 0 0 0 0 0 0 0 0 0 0 0 0 0 0 0 0 0 0 0 0 0 0 0 0 0 0 0
0 0 416 224 144 64 16 16 16 16 16 0 0 0 0 0 0 0 0 0 0 0 0 0 64 32 32 16 16 0 0 0 0 0 0 0 0 0 0 0 0 0 0 0 416 64 -96 32 496 16 368 272 160 32 16 32 16 0 0 0 0 0 0 0 0 0 224 32 32 64 496 16 208 160 96 16 16 16 0 0 0 0 0 0 0 0 0 0 144 32 496 496 -0 144 32 16 16 48 48 0 16 0 0 0 0 0 0 0 0 0 64 16 16 16 144 0 64 48 32 0 0 0 0 0 0 0 0 0 0 0 0 0 16 16 368 208 32 64 -0 0 0 16 16 0 0 0 0 0 0 0 0 0 0 0 16 0 272 160 16 48 0 0 0 16 16 0 0 0 0 0 0 0 0 0 0 0 16 0 160 96 16 32 0 0 0 16 16 0 0 0 0 0 0 0 0 0 0 0 16 0 32 16 48 0 16 16 16 0 0 0 0 0 0 0 0 0 0 0 0 0 16 0 16 16 48 0 16 16 16 0 0 0 0 0 0 0 0 0 0 0 0 0 0 0 32 16 0 0 0 0 0 0 0 0 0 0 0 0 0 0 0 0 0 0 0 0 16 0 16 0 0 0 0 0 0 0 0 0 0 0 0 0 0 0 0 0 0 0 0 0 0 0 0 0 0 0 0 0 0 0 0 0 0 0 0 0 0 0 0 0 0 0 0 0 0 0 0 0 0 0 0 0 0 0 0 0 0 0 0 0 0 0 0 0 0 0 0 0 0 0 0 0 0 0 0 0 0 0 0 0 0 0 0 0 0 0 0 0 0 0 0 0 0 0 0 0 0 0 0 0 0 0 0 0 0 0 0 0 0 0 0 0 0 0 0 0 0 0 0 0 0 0 0 0 0 0 0 0 0 0 0 0 0 0 0 0 0 0 0 0 0 0 0 0 0 0 0 0 0 0 0 0 0 0 0 0 0 0 0 0 0 0 0 0 0 0 0 0 0 0 0 0 0 0 0 0 0 0 0 0 0 0 0 0 0 0 0 0 0 0 0 0 0 0 0 0 0 0 0 0 0 0 0 0 0 0 0 0 0 0 0 0 0 0
0 0 160 80 32 16 16 0 0 0 0 0 0 0 0 0 0 0 0 0 0 0 0 0 224 112 32 16 16 16 0 0 0 0 0 0 0 0 0 0 0 0 0 0 160 224 176 32 496 496 496 160 32 32 0 0 0 0 0 0 0 0 0 0 0 0 80 112 32 -16 496 464 320 80 16 16 0 0 0 0 0 0 0 0 0 0 0 0 32 32 496 496 0 -0 0 0 48 16 0 0 0 0 0 0 0 0 0 0 0 0 16 16 496 464 -0 -0 -0 0 32 0 0 0 0 0 0 0 0 0 0 0 0 0 16 16 496 320 0 -0 0 0 16 0 0 0 0 0 0 0 0 0 0 0 0 0 0 16 160 80 0 0 0 -0 0 0 0 0 0 0 0 0 0 0 0 0 0 0 0 0 32 16 48 32 16 0 0 0 0 0 0 0 0 0 0 0 0 0 0 0 0 0 32 16 16 0 0 0 0 0 0 0 0 0 0 0 0 0 0 0 0 0 0 0 0 0 0 0 0 0 0 0 0 0 0 0 0 0 0 0 0 0 0 0 0 0 0 0 0 0 0 0 0 0 0 0 0 0 0 0 0 0 0 0 0 0 0 0 0 0 0 0 0 0 0 0 0 0 0 0 0 0 0 0 0 0 0 0 0 0 0 0 0 0 0 0 0 0 0 0 0 0 0 0 0 0 0 0 0 0 0 0 0 0 0 0 0 0 0 0 0 0 0 0 0 0 0 0 0 0 0 0 0 0 0 0 0 0 0 0 0 0 0 0 0 0 0 0 0 0 0 0 0 0 0 0 0 0 0 0 0 0 0 0 0 0 0 0 0 0 0 0 0 0 0 0 0 0 0 0 0 0 0 0 0 0 0 0 0 0 0 0 0 0 0 0 0 0 0 0 0 0 0 0 0 0 0 0 0 0 0 0 0 0 0 0 0 0 0 0 0 0 0 0 0 0 0 0 0 0 0 0 0 0 0 0 0 0 0 0 0 0 0 0 0 0 0 0 0 0 0 0 0 0 0 0 0 0 0 0 0 0 0 0 0 0 0 0 0 0 0 0 0 0 0 0 0 0 0 0 0 0 0 0 0 0
0 0 272 96 16 16 16 16 16 16 16 0 0 0 0 0 0 0 0 0 0 0 0 0 304 48 16 0 16 0 0 0 0 0 0 0 0 0 0 0 0 0 0 0 272 304 96 496 16 496 320 320 128 288 144 0 0 0 0 0 0 0 0 0 0 0 96 48 496 -16 112 0 224 0 32 -0 0 64 0 0 0 0 0 0 0 0 0 0 16 16 16 112 -0 16 16 16 0 16 0 0 0 0 0 0 0 0 0 0 0 0 16 0 496 0 16 0 32 0 0 0 0 16 0 0 0 0 0 0 0 0 0 0 16 16 320 224 16 32 0 32 16 16 16 0 0 0 0 0 0 0 0 0 0 0 16 0 320 0 16 0 32 -0 0 -0 -0 0 0 0 0 0 0 0 0 0 0 0 16 0 128 32 0 0 16 0 0 0 0 0 0 0 0 0 0 0 0 0 0 0 16 0 288 -0 16 0 16 -0 0 -0 -0 0 0 0 0 0 0 0 0 0 0 0 16 0 144 0 0 0 16 -0 0 -0 -0 0 0 0 0 0 0 0 0 0 0 0 0 0 0 64 0 16 0 0 0 0 0 -0 0 0 0 0 0 0 0 0 0 0 0 0 0 0 0 0 0 0 0 0 0 0 0 0 0 0 0 0 0 0 0 0 0 0 0 0 0 0 0 0 0 0 0 0 0 0 0 0 0 0 0 0 0 0 0 0 0 0 0 0 0 0 0 0 0 0 0 0 0 0 0 0 0 0 0 0 0 0 0 0 0 0 0 0 0 0 0 0 0 0 0 0 0 0 0 0 0 0 0 0 0 0 0 0 0 0 0 0 0 0 0 0 0 0 0 0 0 0 0 0 0 0 0 0 0 0 0 0 0 0 0 0 0 0 0 0 0 0 0 0 0 0 0 0 0 0 0 0 0 0 0 0 0 0 0 0 0 0 0 0 0 0 0 0 0 0 0 0 0 0 0 0 0 0 0 0 0 0 0 0 0 0 0 0 0 0 0 0 0 0 0 0 0 0 0 0 0 0 0 0 0 0 0 0 0 0 0 0 0 0 0 0 0 0 0 0 0 0 0 0 0 0 0 0 0 0 0 0 0 0
