# quantizer scales (scale = 2^-k), signedness, bit widths
#   input_quant                        scale=4.000000e+00  2^--2.00  bits=6  signed=True
#   output_quant                       scale=6.250000e-02  2^-4.00  bits=6  signed=True
#   pmu_quant                          scale=1.250000e-01  2^-3.00  bits=12  signed=True
#   input_quant_jet                    scale=1.000000e+00  2^--0.00  bits=10  signed=True
#   input_quant_mjet                   scale=5.000000e-01  2^-1.00  bits=16  signed=True
#   pmu_quant_jet                      scale=7.812500e-03  2^-7.00  bits=20  signed=True
#   net2to2.eq_layers.0.post_agg_quant scale=6.250000e-02  2^-4.00  bits=6  signed=True
#   net2to2.eq_layers.0.act_layer      scale=3.125000e-02  2^-5.00  bits=6  signed=True
#   agg_2to0.post_agg_quant            scale=1.562500e-02  2^-6.00  bits=6  signed=True
#   agg_2to0.act_layer                 scale=1.562500e-02  2^-6.00  bits=6  signed=True
#   net2to2.eq_layers.0.mixing.weight  scale=6.250000e-02  2^-4.00  bits=6  signed=True
#   agg_2to0.mixing.weight             scale=1.250000e-01  2^-3.00  bits=6  signed=True
# stage dump; arrays in firmware basis order; %.17g
event 0
dots: 0 0 511 124 108 88 88 80 76 68 44 36 36 32 28 28 28 28 28 0 0 511 60 52 40 40 40 36 36 24 16 16 12 16 12 12 12 12 511 511 9082 511 511 454 329 361 340 335 244 236 153 156 178 177 111 142 85 124 60 511 8 92 68 52 -8 0 -4 0 32 -4 24 4 28 -0 20 8 108 52 511 92 0 0 -4 52 40 44 28 4 24 -0 20 -0 16 4 8 88 40 454 68 0 -0 -4 40 32 36 24 4 16 -0 16 -0 12 0 4 88 40 329 52 -4 -4 -8 28 24 28 16 0 12 -4 12 -4 8 -0 4 80 40 361 -8 52 40 28 -12 -8 -12 -4 20 -4 16 0 16 -4 12 4 76 36 340 0 40 32 24 -8 -4 -4 -0 16 -4 12 0 12 -0 8 4 68 36 335 -4 44 36 28 -12 -4 -8 -4 16 -4 12 0 16 -4 8 4 44 24 244 0 28 24 16 -4 -0 -4 -0 12 -0 8 0 8 -0 8 4 36 16 236 32 4 4 0 20 16 16 12 4 8 0 8 0 4 0 4 36 16 153 -4 24 16 12 -4 -4 -4 -0 8 -4 4 0 8 -0 4 0 32 12 156 24 -0 -0 -4 16 12 12 8 0 4 -0 4 -0 4 0 0 28 16 178 4 20 16 12 0 0 0 0 8 0 4 0 8 0 4 4 28 12 177 28 -0 -0 -4 16 12 16 8 0 8 -0 8 -0 4 0 4 28 12 111 -0 16 12 8 -4 -0 -4 -0 4 -0 4 0 4 -0 4 0 28 12 142 20 4 0 -0 12 8 8 8 0 4 0 4 0 4 0 0 28 12 85 8 8 4 4 4 4 4 4 4 0 0 4 4 0 0 -4
batch1: -0.061976566910743713 -0.061976566910743713 2.3403904438018799 0.52098524570465088 0.44576436281204224 0.35173827409744263 0.35173827409744263 0.31412783265113831 0.29532262682914734 0.25771218538284302 0.14488086104393005 0.10727041959762573 0.10727041959762573 0.088465198874473572 0.069659978151321411 0.069659978151321411 0.069659978151321411 0.069659978151321411 0.069659978151321411 -0.061976566910743713 -0.061976566910743713 2.3403904438018799 0.2201017290353775 0.18249128758907318 0.1260756254196167 0.1260756254196167 0.1260756254196167 0.10727041959762573 0.10727041959762573 0.05085475742816925 0.013244315981864929 0.013244315981864929 -0.0055609047412872314 0.013244315981864929 -0.0055609047412872314 -0.0055609047412872314 -0.0055609047412872314 -0.0055609047412872314 2.3403904438018799 2.3403904438018799 42.635276794433594 2.3403904438018799 2.3403904438018799 2.072415828704834 1.4847526550292969 1.6351945400238037 1.5364670753479004 1.5129605531692505 1.0851418972015381 1.0475314855575562 0.65732312202453613 0.67142701148986816 0.77485573291778564 0.77015441656112671 0.45986831188201904 0.60560876131057739 0.33763435482978821 0.52098524570465088 0.2201017290353775 2.3403904438018799 -0.024366125464439392 0.37054347991943359 0.25771218538284302 0.18249128758907318 -0.099586978554725647 -0.061976566910743713 -0.08078177273273468 -0.061976566910743713 0.088465198874473572 -0.08078177273273468 0.05085475742816925 -0.043171361088752747 0.069659978151321411 -0.061976566910743713 0.03204953670501709 -0.024366125464439392 0.44576436281204224 0.18249128758907318 2.3403904438018799 0.37054347991943359 -0.061976566910743713 -0.061976566910743713 -0.08078177273273468 0.18249128758907318 0.1260756254196167 0.14488086104393005 0.069659978151321411 -0.043171361088752747 0.05085475742816925 -0.061976566910743713 0.03204953670501709 -0.061976566910743713 0.013244315981864929 -0.043171361088752747 -0.024366125464439392 0.35173827409744263 0.1260756254196167 2.072415828704834 0.25771218538284302 -0.061976566910743713 -0.061976566910743713 -0.08078177273273468 0.1260756254196167 0.088465198874473572 0.10727041959762573 0.05085475742816925 -0.043171361088752747 0.013244315981864929 -0.061976566910743713 0.013244315981864929 -0.061976566910743713 -0.0055609047412872314 -0.061976566910743713 -0.043171361088752747 0.35173827409744263 0.1260756254196167 1.4847526550292969 0.18249128758907318 -0.08078177273273468 -0.08078177273273468 -0.099586978554725647 0.069659978151321411 0.05085475742816925 0.069659978151321411 0.013244315981864929 -0.061976566910743713 -0.0055609047412872314 -0.08078177273273468 -0.0055609047412872314 -0.08078177273273468 -0.024366125464439392 -0.061976566910743713 -0.043171361088752747 0.31412783265113831 0.1260756254196167 1.6351945400238037 -0.099586978554725647 0.18249128758907318 0.1260756254196167 0.069659978151321411 -0.118392214179039 -0.099586978554725647 -0.118392214179039 -0.08078177273273468 0.03204953670501709 -0.08078177273273468 0.013244315981864929 -0.061976566910743713 0.013244315981864929 -0.08078177273273468 -0.0055609047412872314 -0.043171361088752747 0.29532262682914734 0.10727041959762573 1.5364670753479004 -0.061976566910743713 0.1260756254196167 0.088465198874473572 0.05085475742816925 -0.099586978554725647 -0.08078177273273468 -0.08078177273273468 -0.061976566910743713 0.013244315981864929 -0.08078177273273468 -0.0055609047412872314 -0.061976566910743713 -0.0055609047412872314 -0.061976566910743713 -0.024366125464439392 -0.043171361088752747 0.25771218538284302 0.10727041959762573 1.5129605531692505 -0.08078177273273468 0.14488086104393005 0.10727041959762573 0.069659978151321411 -0.118392214179039 -0.08078177273273468 -0.099586978554725647 -0.08078177273273468 0.013244315981864929 -0.08078177273273468 -0.0055609047412872314 -0.061976566910743713 0.013244315981864929 -0.08078177273273468 -0.024366125464439392 -0.043171361088752747 0.14488086104393005 0.05085475742816925 1.0851418972015381 -0.061976566910743713 0.069659978151321411 0.05085475742816925 0.013244315981864929 -0.08078177273273468 -0.061976566910743713 -0.08078177273273468 -0.061976566910743713 -0.0055609047412872314 -0.061976566910743713 -0.024366125464439392 -0.061976566910743713 -0.024366125464439392 -0.061976566910743713 -0.024366125464439392 -0.043171361088752747 0.10727041959762573 0.013244315981864929 1.0475314855575562 0.088465198874473572 -0.043171361088752747 -0.043171361088752747 -0.061976566910743713 0.03204953670501709 0.013244315981864929 0.013244315981864929 -0.0055609047412872314 -0.043171361088752747 -0.024366125464439392 -0.061976566910743713 -0.024366125464439392 -0.061976566910743713 -0.043171361088752747 -0.061976566910743713 -0.043171361088752747 0.10727041959762573 0.013244315981864929 0.65732312202453613 -0.08078177273273468 0.05085475742816925 0.013244315981864929 -0.0055609047412872314 -0.08078177273273468 -0.08078177273273468 -0.08078177273273468 -0.061976566910743713 -0.024366125464439392 -0.08078177273273468 -0.043171361088752747 -0.061976566910743713 -0.024366125464439392 -0.061976566910743713 -0.043171361088752747 -0.061976566910743713 0.088465198874473572 -0.0055609047412872314 0.67142701148986816 0.05085475742816925 -0.061976566910743713 -0.061976566910743713 -0.08078177273273468 0.013244315981864929 -0.0055609047412872314 -0.0055609047412872314 -0.024366125464439392 -0.061976566910743713 -0.043171361088752747 -0.061976566910743713 -0.043171361088752747 -0.061976566910743713 -0.043171361088752747 -0.061976566910743713 -0.061976566910743713 0.069659978151321411 0.013244315981864929 0.77485573291778564 -0.043171361088752747 0.03204953670501709 0.013244315981864929 -0.0055609047412872314 -0.061976566910743713 -0.061976566910743713 -0.061976566910743713 -0.061976566910743713 -0.024366125464439392 -0.061976566910743713 -0.043171361088752747 -0.061976566910743713 -0.024366125464439392 -0.061976566910743713 -0.043171361088752747 -0.043171361088752747 0.069659978151321411 -0.0055609047412872314 0.77015441656112671 0.069659978151321411 -0.061976566910743713 -0.061976566910743713 -0.08078177273273468 0.013244315981864929 -0.0055609047412872314 0.013244315981864929 -0.024366125464439392 -0.061976566910743713 -0.024366125464439392 -0.061976566910743713 -0.024366125464439392 -0.061976566910743713 -0.043171361088752747 -0.061976566910743713 -0.043171361088752747 0.069659978151321411 -0.0055609047412872314 0.45986831188201904 -0.061976566910743713 0.013244315981864929 -0.0055609047412872314 -0.024366125464439392 -0.08078177273273468 -0.061976566910743713 -0.08078177273273468 -0.061976566910743713 -0.043171361088752747 -0.061976566910743713 -0.043171361088752747 -0.061976566910743713 -0.043171361088752747 -0.061976566910743713 -0.043171361088752747 -0.061976566910743713 0.069659978151321411 -0.0055609047412872314 0.60560876131057739 0.03204953670501709 -0.043171361088752747 -0.061976566910743713 -0.061976566910743713 -0.0055609047412872314 -0.024366125464439392 -0.024366125464439392 -0.024366125464439392 -0.061976566910743713 -0.043171361088752747 -0.061976566910743713 -0.043171361088752747 -0.061976566910743713 -0.043171361088752747 -0.061976566910743713 -0.061976566910743713 0.069659978151321411 -0.0055609047412872314 0.33763435482978821 -0.024366125464439392 -0.024366125464439392 -0.043171361088752747 -0.043171361088752747 -0.043171361088752747 -0.043171361088752747 -0.043171361088752747 -0.043171361088752747 -0.043171361088752747 -0.061976566910743713 -0.061976566910743713 -0.043171361088752747 -0.043171361088752747 -0.061976566910743713 -0.061976566910743713 -0.08078177273273468
jmass: 0.038928207010030746
jdotp: 0.11326556652784348 0.066828206181526184 1.3601669073104858 0.073352441191673279 0.071817316114902496 0.055602610111236572 0.035166334360837936 0.035166338086128235 0.031616363674402237 0.029985301196575165 0.015497609972953796 0.01626516692340374 0.0010099182836711407 0.0028328727930784225 0.0049436604604125023 0.006382837425917387 -0.005322454497218132 0.00033830016036517918 -0.0074332477524876595
T0: -0.0625 -0.0625 1.9375 0.5 0.4375 0.375 0.375 0.3125 0.3125 0.25 0.125 0.125 0.125 0.0625 0.0625 0.0625 0.0625 0.0625 0.0625 -0.0625 -0.0625 1.9375 0.25 0.1875 0.125 0.125 0.125 0.125 0.125 0.0625 0 0 -0 0 -0 -0 -0 -0 1.9375 1.9375 1.9375 1.9375 1.9375 1.9375 1.5 1.625 1.5625 1.5 1.0625 1.0625 0.6875 0.6875 0.75 0.75 0.4375 0.625 0.3125 0.5 0.25 1.9375 -0 0.375 0.25 0.1875 -0.125 -0.0625 -0.0625 -0.0625 0.0625 -0.0625 0.0625 -0.0625 0.0625 -0.0625 0.0625 -0 0.4375 0.1875 1.9375 0.375 -0.0625 -0.0625 -0.0625 0.1875 0.125 0.125 0.0625 -0.0625 0.0625 -0.0625 0.0625 -0.0625 0 -0.0625 -0 0.375 0.125 1.9375 0.25 -0.0625 -0.0625 -0.0625 0.125 0.0625 0.125 0.0625 -0.0625 0 -0.0625 0 -0.0625 -0 -0.0625 -0.0625 0.375 0.125 1.5 0.1875 -0.0625 -0.0625 -0.125 0.0625 0.0625 0.0625 0 -0.0625 -0 -0.0625 -0 -0.0625 -0 -0.0625 -0.0625 0.3125 0.125 1.625 -0.125 0.1875 0.125 0.0625 -0.125 -0.125 -0.125 -0.0625 0.0625 -0.0625 0 -0.0625 0 -0.0625 -0 -0.0625 0.3125 0.125 1.5625 -0.0625 0.125 0.0625 0.0625 -0.125 -0.0625 -0.0625 -0.0625 0 -0.0625 -0 -0.0625 -0 -0.0625 -0 -0.0625 0.25 0.125 1.5 -0.0625 0.125 0.125 0.0625 -0.125 -0.0625 -0.125 -0.0625 0 -0.0625 -0 -0.0625 0 -0.0625 -0 -0.0625 0.125 0.0625 1.0625 -0.0625 0.0625 0.0625 0 -0.0625 -0.0625 -0.0625 -0.0625 -0 -0.0625 -0 -0.0625 -0 -0.0625 -0 -0.0625 0.125 0 1.0625 0.0625 -0.0625 -0.0625 -0.0625 0.0625 0 0 -0 -0.0625 -0 -0.0625 -0 -0.0625 -0.0625 -0.0625 -0.0625 0.125 0 0.6875 -0.0625 0.0625 0 -0 -0.0625 -0.0625 -0.0625 -0.0625 -0 -0.0625 -0.0625 -0.0625 -0 -0.0625 -0.0625 -0.0625 0.0625 -0 0.6875 0.0625 -0.0625 -0.0625 -0.0625 0 -0 -0 -0 -0.0625 -0.0625 -0.0625 -0.0625 -0.0625 -0.0625 -0.0625 -0.0625 0.0625 0 0.75 -0.0625 0.0625 0 -0 -0.0625 -0.0625 -0.0625 -0.0625 -0 -0.0625 -0.0625 -0.0625 -0 -0.0625 -0.0625 -0.0625 0.0625 -0 0.75 0.0625 -0.0625 -0.0625 -0.0625 0 -0 0 -0 -0.0625 -0 -0.0625 -0 -0.0625 -0.0625 -0.0625 -0.0625 0.0625 -0 0.4375 -0.0625 0 -0 -0 -0.0625 -0.0625 -0.0625 -0.0625 -0.0625 -0.0625 -0.0625 -0.0625 -0.0625 -0.0625 -0.0625 -0.0625 0.0625 -0 0.625 0.0625 -0.0625 -0.0625 -0.0625 -0 -0 -0 -0 -0.0625 -0.0625 -0.0625 -0.0625 -0.0625 -0.0625 -0.0625 -0.0625 0.0625 -0 0.3125 -0 -0 -0.0625 -0.0625 -0.0625 -0.0625 -0.0625 -0.0625 -0.0625 -0.0625 -0.0625 -0.0625 -0.0625 -0.0625 -0.0625 -0.0625
T1: 0.125 0 0 0 0 0 0 0 0 0 0 0 0 0 0 0 0 0 0 0 0.0625 0 0 0 0 0 0 0 0 0 0 0 0 0 0 0 0 0 0 0 1.375 0 0 0 0 0 0 0 0 0 0 0 0 0 0 0 0 0 0 0 0.0625 0 0 0 0 0 0 0 0 0 0 0 0 0 0 0 0 0 0 0 0.0625 0 0 0 0 0 0 0 0 0 0 0 0 0 0 0 0 0 0 0 0.0625 0 0 0 0 0 0 0 0 0 0 0 0 0 0 0 0 0 0 0 0.0625 0 0 0 0 0 0 0 0 0 0 0 0 0 0 0 0 0 0 0 0.0625 0 0 0 0 0 0 0 0 0 0 0 0 0 0 0 0 0 0 0 0.0625 0 0 0 0 0 0 0 0 0 0 0 0 0 0 0 0 0 0 0 0 0 0 0 0 0 0 0 0 0 0 0 0 0 0 0 0 0 0 0 0 0 0 0 0 0 0 0 0 0 0 0 0 0 0 0 0 0 0 0 0 0 0 0 0 0 0 0 0 0 0 0 0 0 0 0 0 0 0 0 0 0 0 0 0 0 0 0 0 0 0 0 0 0 0 0 0 0 0 0 0 0 0 0 0 0 0 0 0 0 0 0 0 0 0 0 0 0 0 0 0 0 0 0 0 0 0 0 0 0 0 0 0 0 0 0 0 0 0 0 0 0 0 0 0 0 0 0 0 0 0 0 0 0 0 0 0 0 0 0 -0 0 0 0 0 0 0 0 0 0 0 0 0 0 0 0 0 0 0 0 0 0 0 0 0 0 0 0 0 0 0 0 0 0 0 0 0 0 0 0 -0
T2: 0.125 0.0625 1.375 0.0625 0.0625 0.0625 0.0625 0.0625 0.0625 0 0 0 0 0 0 0 -0 0 -0 0.125 0.0625 1.375 0.0625 0.0625 0.0625 0.0625 0.0625 0.0625 0 0 0 0 0 0 0 -0 0 -0 0.125 0.0625 1.375 0.0625 0.0625 0.0625 0.0625 0.0625 0.0625 0 0 0 0 0 0 0 -0 0 -0 0.125 0.0625 1.375 0.0625 0.0625 0.0625 0.0625 0.0625 0.0625 0 0 0 0 0 0 0 -0 0 -0 0.125 0.0625 1.375 0.0625 0.0625 0.0625 0.0625 0.0625 0.0625 0 0 0 0 0 0 0 -0 0 -0 0.125 0.0625 1.375 0.0625 0.0625 0.0625 0.0625 0.0625 0.0625 0 0 0 0 0 0 0 -0 0 -0 0.125 0.0625 1.375 0.0625 0.0625 0.0625 0.0625 0.0625 0.0625 0 0 0 0 0 0 0 -0 0 -0 0.125 0.0625 1.375 0.0625 0.0625 0.0625 0.0625 0.0625 0.0625 0 0 0 0 0 0 0 -0 0 -0 0.125 0.0625 1.375 0.0625 0.0625 0.0625 0.0625 0.0625 0.0625 0 0 0 0 0 0 0 -0 0 -0 0.125 0.0625 1.375 0.0625 0.0625 0.0625 0.0625 0.0625 0.0625 0 0 0 0 0 0 0 -0 0 -0 0.125 0.0625 1.375 0.0625 0.0625 0.0625 0.0625 0.0625 0.0625 0 0 0 0 0 0 0 -0 0 -0 0.125 0.0625 1.375 0.0625 0.0625 0.0625 0.0625 0.0625 0.0625 0 0 0 0 0 0 0 -0 0 -0 0.125 0.0625 1.375 0.0625 0.0625 0.0625 0.0625 0.0625 0.0625 0 0 0 0 0 0 0 -0 0 -0 0.125 0.0625 1.375 0.0625 0.0625 0.0625 0.0625 0.0625 0.0625 0 0 0 0 0 0 0 -0 0 -0 0.125 0.0625 1.375 0.0625 0.0625 0.0625 0.0625 0.0625 0.0625 0 0 0 0 0 0 0 -0 0 -0 0.125 0.0625 1.375 0.0625 0.0625 0.0625 0.0625 0.0625 0.0625 0 0 0 0 0 0 0 -0 0 -0 0.125 0.0625 1.375 0.0625 0.0625 0.0625 0.0625 0.0625 0.0625 0 0 0 0 0 0 0 -0 0 -0 0.125 0.0625 1.375 0.0625 0.0625 0.0625 0.0625 0.0625 0.0625 0 0 0 0 0 0 0 -0 0 -0 0.125 0.0625 1.375 0.0625 0.0625 0.0625 0.0625 0.0625 0.0625 0 0 0 0 0 0 0 -0 0 -0
T3: 0.125 0.125 0.125 0.125 0.125 0.125 0.125 0.125 0.125 0.125 0.125 0.125 0.125 0.125 0.125 0.125 0.125 0.125 0.125 0.0625 0.0625 0.0625 0.0625 0.0625 0.0625 0.0625 0.0625 0.0625 0.0625 0.0625 0.0625 0.0625 0.0625 0.0625 0.0625 0.0625 0.0625 0.0625 1.375 1.375 1.375 1.375 1.375 1.375 1.375 1.375 1.375 1.375 1.375 1.375 1.375 1.375 1.375 1.375 1.375 1.375 1.375 0.0625 0.0625 0.0625 0.0625 0.0625 0.0625 0.0625 0.0625 0.0625 0.0625 0.0625 0.0625 0.0625 0.0625 0.0625 0.0625 0.0625 0.0625 0.0625 0.0625 0.0625 0.0625 0.0625 0.0625 0.0625 0.0625 0.0625 0.0625 0.0625 0.0625 0.0625 0.0625 0.0625 0.0625 0.0625 0.0625 0.0625 0.0625 0.0625 0.0625 0.0625 0.0625 0.0625 0.0625 0.0625 0.0625 0.0625 0.0625 0.0625 0.0625 0.0625 0.0625 0.0625 0.0625 0.0625 0.0625 0.0625 0.0625 0.0625 0.0625 0.0625 0.0625 0.0625 0.0625 0.0625 0.0625 0.0625 0.0625 0.0625 0.0625 0.0625 0.0625 0.0625 0.0625 0.0625 0.0625 0.0625 0.0625 0.0625 0.0625 0.0625 0.0625 0.0625 0.0625 0.0625 0.0625 0.0625 0.0625 0.0625 0.0625 0.0625 0.0625 0.0625 0.0625 0.0625 0.0625 0.0625 0.0625 0.0625 0.0625 0.0625 0.0625 0.0625 0.0625 0.0625 0.0625 0.0625 0.0625 0.0625 0.0625 0.0625 0.0625 0.0625 0.0625 0 0 0 0 0 0 0 0 0 0 0 0 0 0 0 0 0 0 0 0 0 0 0 0 0 0 0 0 0 0 0 0 0 0 0 0 0 0 0 0 0 0 0 0 0 0 0 0 0 0 0 0 0 0 0 0 0 0 0 0 0 0 0 0 0 0 0 0 0 0 0 0 0 0 0 0 0 0 0 0 0 0 0 0 0 0 0 0 0 0 0 0 0 0 0 0 0 0 0 0 0 0 0 0 0 0 0 0 0 0 0 0 0 0 0 0 0 0 0 0 0 0 0 0 0 0 0 0 0 0 0 0 0 -0 -0 -0 -0 -0 -0 -0 -0 -0 -0 -0 -0 -0 -0 -0 -0 -0 -0 -0 0 0 0 0 0 0 0 0 0 0 0 0 0 0 0 0 0 0 0 -0 -0 -0 -0 -0 -0 -0 -0 -0 -0 -0 -0 -0 -0 -0 -0 -0 -0 -0
T4: 0.0625 0.0625 0.0625 0.0625 0.0625 0.0625 0.0625 0.0625 0.0625 0.0625 0.0625 0.0625 0.0625 0.0625 0.0625 0.0625 0.0625 0.0625 0.0625 0.0625 0.0625 0.0625 0.0625 0.0625 0.0625 0.0625 0.0625 0.0625 0.0625 0.0625 0.0625 0.0625 0.0625 0.0625 0.0625 0.0625 0.0625 0.0625 0.0625 0.0625 0.0625 0.0625 0.0625 0.0625 0.0625 0.0625 0.0625 0.0625 0.0625 0.0625 0.0625 0.0625 0.0625 0.0625 0.0625 0.0625 0.0625 0.0625 0.0625 0.0625 0.0625 0.0625 0.0625 0.0625 0.0625 0.0625 0.0625 0.0625 0.0625 0.0625 0.0625 0.0625 0.0625 0.0625 0.0625 0.0625 0.0625 0.0625 0.0625 0.0625 0.0625 0.0625 0.0625 0.0625 0.0625 0.0625 0.0625 0.0625 0.0625 0.0625 0.0625 0.0625 0.0625 0.0625 0.0625 0.0625 0.0625 0.0625 0.0625 0.0625 0.0625 0.0625 0.0625 0.0625 0.0625 0.0625 0.0625 0.0625 0.0625 0.0625 0.0625 0.0625 0.0625 0.0625 0.0625 0.0625 0.0625 0.0625 0.0625 0.0625 0.0625 0.0625 0.0625 0.0625 0.0625 0.0625 0.0625 0.0625 0.0625 0.0625 0.0625 0.0625 0.0625 0.0625 0.0625 0.0625 0.0625 0.0625 0.0625 0.0625 0.0625 0.0625 0.0625 0.0625 0.0625 0.0625 0.0625 0.0625 0.0625 0.0625 0.0625 0.0625 0.0625 0.0625 0.0625 0.0625 0.0625 0.0625 0.0625 0.0625 0.0625 0.0625 0.0625 0.0625 0.0625 0.0625 0.0625 0.0625 0.0625 0.0625 0.0625 0.0625 0.0625 0.0625 0.0625 0.0625 0.0625 0.0625 0.0625 0.0625 0.0625 0.0625 0.0625 0.0625 0.0625 0.0625 0.0625 0.0625 0.0625 0.0625 0.0625 0.0625 0.0625 0.0625 0.0625 0.0625 0.0625 0.0625 0.0625 0.0625 0.0625 0.0625 0.0625 0.0625 0.0625 0.0625 0.0625 0.0625 0.0625 0.0625 0.0625 0.0625 0.0625 0.0625 0.0625 0.0625 0.0625 0.0625 0.0625 0.0625 0.0625 0.0625 0.0625 0.0625 0.0625 0.0625 0.0625 0.0625 0.0625 0.0625 0.0625 0.0625 0.0625 0.0625 0.0625 0.0625 0.0625 0.0625 0.0625 0.0625 0.0625 0.0625 0.0625 0.0625 0.0625 0.0625 0.0625 0.0625 0.0625 0.0625 0.0625 0.0625 0.0625 0.0625 0.0625 0.0625 0.0625 0.0625 0.0625 0.0625 0.0625 0.0625 0.0625 0.0625 0.0625 0.0625 0.0625 0.0625 0.0625 0.0625 0.0625 0.0625 0.0625 0.0625 0.0625 0.0625 0.0625 0.0625 0.0625 0.0625 0.0625 0.0625 0.0625 0.0625 0.0625 0.0625 0.0625 0.0625 0.0625 0.0625 0.0625 0.0625 0.0625 0.0625 0.0625 0.0625 0.0625 0.0625 0.0625 0.0625 0.0625 0.0625 0.0625 0.0625 0.0625 0.0625 0.0625 0.0625 0.0625 0.0625 0.0625 0.0625 0.0625 0.0625 0.0625 0.0625 0.0625 0.0625 0.0625 0.0625 0.0625 0.0625 0.0625 0.0625 0.0625 0.0625 0.0625 0.0625 0.0625 0.0625 0.0625 0.0625 0.0625 0.0625 0.0625 0.0625 0.0625 0.0625 0.0625 0.0625 0.0625 0.0625 0.0625 0.0625 0.0625 0.0625 0.0625 0.0625 0.0625 0.0625 0.0625 0.0625 0.0625 0.0625 0.0625 0.0625 0.0625 0.0625 0.0625 0.0625 0.0625
T5: 0.0625 0 0 0 0 0 0 0 0 0 0 0 0 0 0 0 0 0 0 0 0.0625 0 0 0 0 0 0 0 0 0 0 0 0 0 0 0 0 0 0 0 0.0625 0 0 0 0 0 0 0 0 0 0 0 0 0 0 0 0 0 0 0 0.0625 0 0 0 0 0 0 0 0 0 0 0 0 0 0 0 0 0 0 0 0.0625 0 0 0 0 0 0 0 0 0 0 0 0 0 0 0 0 0 0 0 0.0625 0 0 0 0 0 0 0 0 0 0 0 0 0 0 0 0 0 0 0 0.0625 0 0 0 0 0 0 0 0 0 0 0 0 0 0 0 0 0 0 0 0.0625 0 0 0 0 0 0 0 0 0 0 0 0 0 0 0 0 0 0 0 0.0625 0 0 0 0 0 0 0 0 0 0 0 0 0 0 0 0 0 0 0 0.0625 0 0 0 0 0 0 0 0 0 0 0 0 0 0 0 0 0 0 0 0.0625 0 0 0 0 0 0 0 0 0 0 0 0 0 0 0 0 0 0 0 0.0625 0 0 0 0 0 0 0 0 0 0 0 0 0 0 0 0 0 0 0 0.0625 0 0 0 0 0 0 0 0 0 0 0 0 0 0 0 0 0 0 0 0.0625 0 0 0 0 0 0 0 0 0 0 0 0 0 0 0 0 0 0 0 0.0625 0 0 0 0 0 0 0 0 0 0 0 0 0 0 0 0 0 0 0 0.0625 0 0 0 0 0 0 0 0 0 0 0 0 0 0 0 0 0 0 0 0.0625 0 0 0 0 0 0 0 0 0 0 0 0 0 0 0 0 0 0 0 0.0625 0 0 0 0 0 0 0 0 0 0 0 0 0 0 0 0 0 0 0 0.0625
Tp: 0.90625 0 0 0 0.875 0 0 0 0 0 0.59375 0 0.0625 0 0 0 0.15625 0 0 0 0.25 0 0 0 0.25 0 0 0 0.34375 0 0 0 0.34375 0 0 0 0.34375 0 0 0 0.5 0 0 0 0.5 0 0 0 0.5 0 0 0 0.59375 0 0 0 0.59375 0 0 0 0.59375 0 0 0 0.59375 0 0 0 0.59375 0 0 0 0.59375 0 0 0 0.96875 0 0 0 0.8125 0 0 0 0 0 0.5625 0 0.5 0 0 0 0.5625 0 0 0 0.65625 0 0 0 0.65625 0 0 0 0.65625 0 0 0 0.65625 0 0 0 0.5625 0 0 0 0.65625 0 0 0 0.75 0 0 0 0.75 0 0 0 0.75 0 0 0 0.75 0 0 0 0.75 0 0 0 0.75 0 0 0 0.75 0 0 0 0.75 0 0 0 0 0 0.53125 0 0 0 0.46875 0 0 0 0 0 0 0 0.46875 0 0 0 0.46875 0 0 0 0.46875 0 0 0 0.5625 0 0 0 0.53125 0 0 0 0.5625 0 0 0 0.5 0 0 0 0.59375 0 0 0 0.59375 0 0 0 0.65625 0 0 0 0.65625 0 0 0 0.65625 0 0 0 0.65625 0 0 0 0.71875 0 0 0 0.6875 0 0 0 0.75 0 0.21875 0 0 0 0.5 0 0 0 0 0 0.5625 0 0.71875 0 0 0 0.3125 0 0 0 0.5 0 0 0 0.5625 0 0 0 0.96875 0.03125 0 0 0.9375 0 0 0 0.84375 0 0 0 0.84375 0 0 0 0.65625 0 0 0 0.84375 0 0 0 0.65625 0 0 0 0.84375 0 0 0 0.65625 0 0 0 0.84375 0 0 0 0.65625 0 0 0 0.75 0 0 0 0.3125 0 0 0 0.5625 0 0 0 0 0 0.5625 0 0.3125 0 0 0 0.8125 0 0 0 0.9375 0 0 0 0.9375 0 0 0 0.5625 0 0 0 0.65625 0 0 0 0.5625 0 0 0 0.65625 0 0 0 0.84375 0 0 0 0.65625 0 0 0 0.84375 0 0 0 0.65625 0 0 0 0.84375 0 0 0 0.75 0 0 0 0.84375 0 0 0 0.75 0 0 0 0.40625 0 0 0 0.65625 0 0 0 0 0 0.5625 0 0.5 0 0 0 0.9375 0 0 0 0.8125 0 0 0 0.9375 0 0 0 0.65625 0 0 0 0.75 0 0 0 0.5625 0 0 0 0.65625 0 0 0 0.84375 0 0 0 0.75 0 0 0 0.84375 0 0 0 0.75 0 0 0 0.84375 0 0 0 0.75 0 0 0 0.84375 0 0 0 0.84375 0 0 0 0.40625 0 0 0 0.65625 0 0 0 0.5625 0 0.65625 0 0.5625 0 0 0 0.9375 0 0 0 0.9375 0 0 0 0.90625 0 0 0 0.75 0 0 0 0.75 0 0 0 0.65625 0 0 0 0.75 0 0 0 0.84375 0 0 0 0.75 0 0 0 0.84375 0 0 0 0.75 0 0 0 0.84375 0 0 0 0.75 0 0 0 0.84375 0 0 0 0.84375 0 0 0 0.5 0 0 0 0.65625 0 0 0 0.40625 0 0.625 0 0.96875 0.03125 0 0 0.5625 0 0 0 0.65625 0 0 0 0.75 0 0 0 0.90625 0 0 0 0.96875 0.03125 0 0 0.9375 0.0625 0 0 0.84375 0 0 0 0.65625 0 0 0 0.84375 0 0 0 0.75 0 0 0 0.84375 0 0 0 0.75 0 0 0 0.84375 0 0 0 0.75 0 0 0 0.84375 0 0 0 0.5 0 0 0 0.65625 0 0 0 0.5 0 0.625 0 0.9375 0 0 0 0.65625 0 0 0 0.75 0 0 0 0.75 0 0 0 0.96875 0.03125 0 0 0.8125 0 0 0 0.84375 0 0 0 0.84375 0 0 0 0.75 0 0 0 0.84375 0 0 0 0.75 0 0 0 0.84375 0 0 0 0.75 0 0 0 0.84375 0 0 0 0.75 0 0 0 0.84375 0 0 0 0.625 0 0 0 0.71875 0 0 0 0.625 0 0.59375 0 0.96875 0.03125 0 0 0.71875 0 0 0 0.71875 0 0 0 0.8125 0 0 0 0.96875 0.0625 0 0 0.96875 0.03125 0 0 0.8125 0 0 0 0.90625 0.03125 0 0 0.8125 0 0 0 0.90625 0.03125 0 0 0.8125 0 0 0 0.90625 0.03125 0 0 0.8125 0 0 0 0.90625 0.03125 0 0 0.8125 0 0 0 0.90625 0.03125 0 0 0.8125 0 0 0 0.8125 0 0 0 0.96875 0 0.6875 0 0.96875 0.03125 0 0 0.8125 0 0 0 0.8125 0 0 0 0.90625 0 0 0 0.96875 0.03125 0 0 0.96875 0.03125 0 0 0.90625 0.03125 0 0 0.71875 0 0 0 0.8125 0 0 0 0.90625 0.03125 0 0 0.8125 0 0 0 0.90625 0.03125 0 0 0.8125 0 0 0 0.90625 0.03125 0 0 0.8125 0 0 0 0.90625 0.03125 0 0 0.8125 0 0 0 0.90625 0 0 0 0.96875 0 0.6875 0 0.8125 0 0 0 0.96875 0.03125 0 0 0.96875 0.03125 0 0 0.96875 0.03125 0 0 0.8125 0 0 0 0.90625 0 0 0 0.8125 0 0 0 0.8125 0 0 0 0.71875 0 0 0 0.8125 0 0 0 0.90625 0.03125 0 0 0.8125 0 0 0 0.90625 0.03125 0 0 0.90625 0.03125 0 0 0.90625 0.03125 0 0 0.90625 0.03125 0 0 0.8125 0 0 0 0.90625 0 0 0 0.96875 0 0.75 0 0.96875 0.03125 0 0 0.8125 0 0 0 0.90625 0 0 0 0.90625 0 0 0 0.96875 0.03125 0 0 0.96875 0.03125 0 0 0.90625 0.03125 0 0 0.90625 0.03125 0 0 0.8125 0 0 0 0.71875 0 0 0 0.90625 0.03125 0 0 0.90625 0.03125 0 0 0.8125 0 0 0 0.90625 0.03125 0 0 0.90625 0.03125 0 0 0.90625 0.03125 0 0 0.90625 0 0 0 0.90625 0 0 0 0.96875 0 0.75 0 0.8125 0 0 0 0.96875 0.03125 0 0 0.96875 0.03125 0 0 0.96875 0.03125 0 0 0.90625 0 0 0 0.90625 0 0 0 0.8125 0 0 0 0.8125 0 0 0 0.90625 0.03125 0 0 0.90625 0.03125 0 0 0.71875 0 0 0 0.90625 0.03125 0 0 0.90625 0.03125 0 0 0.90625 0.03125 0 0 0.90625 0.03125 0 0 0.90625 0.03125 0 0 0.90625 0 0 0 0.90625 0 0 0 0.96875 0 0.75 0 0.96875 0.03125 0 0 0.8125 0 0 0 0.90625 0 0 0 0.90625 0 0 0 0.96875 0.03125 0 0 0.96875 0.03125 0 0 0.90625 0.03125 0 0 0.90625 0.03125 0 0 0.8125 0 0 0 0.90625 0.03125 0 0 0.90625 0.03125 0 0 0.71875 0 0 0 0.8125 0 0 0 0.90625 0.03125 0 0 0.90625 0.03125 0 0 0.90625 0.03125 0 0 0.90625 0 0 0 0.90625 0 0 0 0.96875 0 0.75 0 0.8125 0 0 0 0.96875 0.03125 0 0 0.96875 0.03125 0 0 0.96875 0.03125 0 0 0.90625 0 0 0 0.90625 0 0 0 0.8125 0 0 0 0.8125 0 0 0 0.90625 0.03125 0 0 0.8125 0 0 0 0.90625 0.03125 0 0 0.8125 0 0 0 0.71875 0 0 0 0.90625 0.03125 0 0 0.90625 0.03125 0 0 0.90625 0.03125 0 0 0.90625 0 0 0 0.90625 0 0 0 0.96875 0 0.8125 0 0.96875 0.03125 0 0 0.90625 0 0 0 0.90625 0 0 0 0.90625 0 0 0 0.96875 0.03125 0 0 0.96875 0.03125 0 0 0.90625 0.03125 0 0 0.90625 0.03125 0 0 0.90625 0.03125 0 0 0.90625 0.03125 0 0 0.90625 0.03125 0 0 0.90625 0.03125 0 0 0.90625 0.03125 0 0 0.71875 0 0 0 0.90625 0.03125 0 0 0.90625 0.03125 0 0 0.90625 0 0 0 0.90625 0 0 0 0.96875 0 0.75 0 0.8125 0 0 0 0.96875 0.03125 0 0 0.96875 0.03125 0 0 0.96875 0.03125 0 0 0.90625 0 0 0 0.90625 0 0 0 0.8125 0 0 0 0.8125 0 0 0 0.90625 0.03125 0 0 0.90625 0.03125 0 0 0.90625 0.03125 0 0 0.90625 0.03125 0 0 0.90625 0.03125 0 0 0.90625 0.03125 0 0 0.71875 0 0 0 0.90625 0.03125 0 0 0.90625 0 0 0 0.90625 0 0 0 0.96875 0 0.8125 0 0.90625 0 0 0 0.90625 0 0 0 0.96875 0.03125 0 0 0.96875 0.03125 0 0 0.96875 0.03125 0 0 0.96875 0.03125 0 0 0.90625 0.03125 0 0 0.90625 0.03125 0 0 0.90625 0.03125 0 0 0.90625 0.03125 0 0 0.90625 0.03125 0 0 0.90625 0.03125 0 0 0.90625 0.03125 0 0 0.90625 0.03125 0 0 0.90625 0.03125 0 0 0.71875 0 0 0
Tr: 1.8648452758789062 -0.54484814405441284 -1.9237498044967651 -0.28090614080429077 1.4353044033050537 -0.54484814405441284 -1.9237498044967651 -0.28090614080429077 -10.59184455871582 -0.54484814405441284 23.432001113891602 -0.28090614080429077 -9.732762336730957 -0.54484814405441284 -1.9237498044967651 -0.28090614080429077 -8.4441385269165039 -0.54484814405441284 -1.9237498044967651 -0.28090614080429077 -7.1555161476135254 -0.54484814405441284 -1.9237498044967651 -0.28090614080429077 -7.1555161476135254 -0.54484814405441284 -1.9237498044967651 -0.28090614080429077 -5.8668932914733887 -0.54484814405441284 -1.9237498044967651 -0.28090614080429077 -5.8668932914733887 -0.54484814405441284 -1.9237498044967651 -0.28090614080429077 -5.8668932914733887 -0.54484814405441284 -1.9237498044967651 -0.28090614080429077 -3.7191879749298096 -0.54484814405441284 -1.9237498044967651 -0.28090614080429077 -3.7191879749298096 -0.54484814405441284 -1.9237498044967651 -0.28090614080429077 -3.7191879749298096 -0.54484814405441284 -1.9237498044967651 -0.28090614080429077 -2.4305648803710938 -0.54484814405441284 -1.9237498044967651 -0.28090614080429077 -2.4305648803710938 -0.54484814405441284 -1.9237498044967651 -0.28090614080429077 -2.4305648803710938 -0.54484814405441284 -1.9237498044967651 -0.28090614080429077 -2.4305648803710938 -0.54484814405441284 -1.9237498044967651 -0.28090614080429077 -2.4305648803710938 -0.54484814405441284 -1.9237498044967651 -0.28090614080429077 -2.4305648803710938 -0.54484814405441284 -1.9237498044967651 -0.28090614080429077 2.7239274978637695 -0.54484814405441284 -1.9237498044967651 -0.28090614080429077 0.57622236013412476 -0.54484814405441284 -1.9237498044967651 -0.28090614080429077 -10.59184455871582 -0.54484814405441284 22.097488403320312 -0.28090614080429077 -3.7191879749298096 -0.54484814405441284 -1.9237498044967651 -0.28090614080429077 -2.8601059913635254 -0.54484814405441284 -1.9237498044967651 -0.28090614080429077 -1.5714826583862305 -0.54484814405441284 -1.9237498044967651 -0.28090614080429077 -1.5714826583862305 -0.54484814405441284 -1.9237498044967651 -0.28090614080429077 -1.5714826583862305 -0.54484814405441284 -1.9237498044967651 -0.28090614080429077 -1.5714826583862305 -0.54484814405441284 -1.9237498044967651 -0.28090614080429077 -2.8601059913635254 -0.54484814405441284 -1.9237498044967651 -0.28090614080429077 -1.5714826583862305 -0.54484814405441284 -1.9237498044967651 -0.28090614080429077 -0.2828596830368042 -0.54484814405441284 -1.9237498044967651 -0.28090614080429077 -0.2828596830368042 -0.54484814405441284 -1.9237498044967651 -0.28090614080429077 -0.2828596830368042 -0.54484814405441284 -1.9237498044967651 -0.28090614080429077 -0.2828596830368042 -0.54484814405441284 -1.9237498044967651 -0.28090614080429077 -0.2828596830368042 -0.54484814405441284 -1.9237498044967651 -0.28090614080429077 -0.2828596830368042 -0.54484814405441284 -1.9237498044967651 -0.28090614080429077 -0.2828596830368042 -0.54484814405441284 -1.9237498044967651 -0.28090614080429077 -0.2828596830368042 -0.54484814405441284 -1.9237498044967651 -0.28090614080429077 -10.59184455871582 -0.54484814405441284 20.762977600097656 -0.28090614080429077 -10.59184455871582 -0.54484814405441284 18.093950271606445 -0.28090614080429077 -10.59184455871582 -0.54484814405441284 -1.9237498044967651 -0.28090614080429077 -10.59184455871582 -0.54484814405441284 18.093950271606445 -0.28090614080429077 -10.59184455871582 -0.54484814405441284 18.093950271606445 -0.28090614080429077 -10.59184455871582 -0.54484814405441284 18.093950271606445 -0.28090614080429077 -10.59184455871582 -0.54484814405441284 22.097488403320312 -0.28090614080429077 -10.59184455871582 -0.54484814405441284 20.762977600097656 -0.28090614080429077 -10.59184455871582 -0.54484814405441284 22.097488403320312 -0.28090614080429077 -10.59184455871582 -0.54484814405441284 19.428462982177734 -0.28090614080429077 -10.59184455871582 -0.54484814405441284 23.432001113891602 -0.28090614080429077 -10.59184455871582 -0.54484814405441284 23.432001113891602 -0.28090614080429077 -10.59184455871582 -0.54484814405441284 26.101028442382812 -0.28090614080429077 -10.59184455871582 -0.54484814405441284 26.101028442382812 -0.28090614080429077 -10.59184455871582 -0.54484814405441284 26.101028442382812 -0.28090614080429077 -10.59184455871582 -0.54484814405441284 26.101028442382812 -0.28090614080429077 -10.59184455871582 -0.54484814405441284 28.770055770874023 -0.28090614080429077 -10.59184455871582 -0.54484814405441284 27.435541152954102 -0.28090614080429077 -10.59184455871582 -0.54484814405441284 30.104568481445312 -0.28090614080429077 -7.585057258605957 -0.54484814405441284 -1.9237498044967651 -0.28090614080429077 -3.7191879749298096 -0.54484814405441284 -1.9237498044967651 -0.28090614080429077 -10.59184455871582 -0.54484814405441284 22.097488403320312 -0.28090614080429077 -0.71240073442459106 -0.54484814405441284 -1.9237498044967651 -0.28090614080429077 -6.2964339256286621 -0.54484814405441284 -1.9237498044967651 -0.28090614080429077 -3.7191879749298096 -0.54484814405441284 -1.9237498044967651 -0.28090614080429077 -2.8601059913635254 -0.54484814405441284 -1.9237498044967651 -0.28090614080429077 2.7239274978637695 -0.046536579728126526 -1.9237498044967651 -0.28090614080429077 2.2943863868713379 -0.54484814405441284 -1.9237498044967651 -0.28090614080429077 1.0057632923126221 -0.54484814405441284 -1.9237498044967651 -0.28090614080429077 1.0057632923126221 -0.54484814405441284 -1.9237498044967651 -0.28090614080429077 -1.5714826583862305 -0.54484814405441284 -1.9237498044967651 -0.28090614080429077 1.0057632923126221 -0.54484814405441284 -1.9237498044967651 -0.28090614080429077 -1.5714826583862305 -0.54484814405441284 -1.9237498044967651 -0.28090614080429077 1.0057632923126221 -0.54484814405441284 -1.9237498044967651 -0.28090614080429077 -1.5714826583862305 -0.54484814405441284 -1.9237498044967651 -0.28090614080429077 1.0057632923126221 -0.54484814405441284 -1.9237498044967651 -0.28090614080429077 -1.5714826583862305 -0.54484814405441284 -1.9237498044967651 -0.28090614080429077 -0.2828596830368042 -0.54484814405441284 -1.9237498044967651 -0.28090614080429077 -6.2964339256286621 -0.54484814405441284 -1.9237498044967651 -0.28090614080429077 -2.8601059913635254 -0.54484814405441284 -1.9237498044967651 -0.28090614080429077 -10.59184455871582 -0.54484814405441284 22.097488403320312 -0.28090614080429077 -6.2964339256286621 -0.54484814405441284 -1.9237498044967651 -0.28090614080429077 0.57622236013412476 -0.54484814405441284 -1.9237498044967651 -0.28090614080429077 2.2943863868713379 -0.54484814405441284 -1.9237498044967651 -0.28090614080429077 2.2943863868713379 -0.54484814405441284 -1.9237498044967651 -0.28090614080429077 -2.8601059913635254 -0.54484814405441284 -1.9237498044967651 -0.28090614080429077 -1.5714826583862305 -0.54484814405441284 -1.9237498044967651 -0.28090614080429077 -2.8601059913635254 -0.54484814405441284 -1.9237498044967651 -0.28090614080429077 -1.5714826583862305 -0.54484814405441284 -1.9237498044967651 -0.28090614080429077 1.0057632923126221 -0.54484814405441284 -1.9237498044967651 -0.28090614080429077 -1.5714826583862305 -0.54484814405441284 -1.9237498044967651 -0.28090614080429077 1.0057632923126221 -0.54484814405441284 -1.9237498044967651 -0.28090614080429077 -1.5714826583862305 -0.54484814405441284 -1.9237498044967651 -0.28090614080429077 1.0057632923126221 -0.54484814405441284 -1.9237498044967651 -0.28090614080429077 -0.2828596830368042 -0.54484814405441284 -1.9237498044967651 -0.28090614080429077 1.0057632923126221 -0.54484814405441284 -1.9237498044967651 -0.28090614080429077 -0.2828596830368042 -0.54484814405441284 -1.9237498044967651 -0.28090614080429077 -5.0078110694885254 -0.54484814405441284 -1.9237498044967651 -0.28090614080429077 -1.5714826583862305 -0.54484814405441284 -1.9237498044967651 -0.28090614080429077 -10.59184455871582 -0.54484814405441284 22.097488403320312 -0.28090614080429077 -3.7191879749298096 -0.54484814405441284 -1.9237498044967651 -0.28090614080429077 2.2943863868713379 -0.54484814405441284 -1.9237498044967651 -0.28090614080429077 0.57622236013412476 -0.54484814405441284 -1.9237498044967651 -0.28090614080429077 2.2943863868713379 -0.54484814405441284 -1.9237498044967651 -0.28090614080429077 -1.5714826583862305 -0.54484814405441284 -1.9237498044967651 -0.28090614080429077 -0.2828596830368042 -0.54484814405441284 -1.9237498044967651 -0.28090614080429077 -2.8601059913635254 -0.54484814405441284 -1.9237498044967651 -0.28090614080429077 -1.5714826583862305 -0.54484814405441284 -1.9237498044967651 -0.28090614080429077 1.0057632923126221 -0.54484814405441284 -1.9237498044967651 -0.28090614080429077 -0.2828596830368042 -0.54484814405441284 -1.9237498044967651 -0.28090614080429077 1.0057632923126221 -0.54484814405441284 -1.9237498044967651 -0.28090614080429077 -0.2828596830368042 -0.54484814405441284 -1.9237498044967651 -0.28090614080429077 1.0057632923126221 -0.54484814405441284 -1.9237498044967651 -0.28090614080429077 -0.2828596830368042 -0.54484814405441284 -1.9237498044967651 -0.28090614080429077 1.0057632923126221 -0.54484814405441284 -1.9237498044967651 -0.28090614080429077 1.0057632923126221 -0.54484814405441284 -1.9237498044967651 -0.28090614080429077 -5.0078110694885254 -0.54484814405441284 -1.9237498044967651 -0.28090614080429077 -1.5714826583862305 -0.54484814405441284 -1.9237498044967651 -0.28090614080429077 -2.8601059913635254 -0.54484814405441284 26.101028442382812 -0.28090614080429077 -2.8601059913635254 -0.54484814405441284 -1.9237498044967651 -0.28090614080429077 2.2943863868713379 -0.54484814405441284 -1.9237498044967651 -0.28090614080429077 2.2943863868713379 -0.54484814405441284 -1.9237498044967651 -0.28090614080429077 1.8648452758789062 -0.54484814405441284 -1.9237498044967651 -0.28090614080429077 -0.2828596830368042 -0.54484814405441284 -1.9237498044967651 -0.28090614080429077 -0.2828596830368042 -0.54484814405441284 -1.9237498044967651 -0.28090614080429077 -1.5714826583862305 -0.54484814405441284 -1.9237498044967651 -0.28090614080429077 -0.2828596830368042 -0.54484814405441284 -1.9237498044967651 -0.28090614080429077 1.0057632923126221 -0.54484814405441284 -1.9237498044967651 -0.28090614080429077 -0.2828596830368042 -0.54484814405441284 -1.9237498044967651 -0.28090614080429077 1.0057632923126221 -0.54484814405441284 -1.9237498044967651 -0.28090614080429077 -0.2828596830368042 -0.54484814405441284 -1.9237498044967651 -0.28090614080429077 1.0057632923126221 -0.54484814405441284 -1.9237498044967651 -0.28090614080429077 -0.2828596830368042 -0.54484814405441284 -1.9237498044967651 -0.28090614080429077 1.0057632923126221 -0.54484814405441284 -1.9237498044967651 -0.28090614080429077 1.0057632923126221 -0.54484814405441284 -1.9237498044967651 -0.28090614080429077 -3.7191879749298096 -0.54484814405441284 -1.9237498044967651 -0.28090614080429077 -1.5714826583862305 -0.54484814405441284 -1.9237498044967651 -0.28090614080429077 -5.0078110694885254 -0.54484814405441284 24.766515731811523 -0.28090614080429077 2.7239274978637695 -0.046536579728126526 -1.9237498044967651 -0.28090614080429077 -2.8601059913635254 -0.54484814405441284 -1.9237498044967651 -0.28090614080429077 -1.5714826583862305 -0.54484814405441284 -1.9237498044967651 -0.28090614080429077 -0.2828596830368042 -0.54484814405441284 -1.9237498044967651 -0.28090614080429077 1.8648452758789062 -0.54484814405441284 -1.9237498044967651 -0.28090614080429077 2.7239274978637695 -0.046536579728126526 -1.9237498044967651 -0.28090614080429077 2.2943863868713379 0.45177501440048218 -1.9237498044967651 -0.28090614080429077 1.0057632923126221 -0.54484814405441284 -1.9237498044967651 -0.28090614080429077 -1.5714826583862305 -0.54484814405441284 -1.9237498044967651 -0.28090614080429077 1.0057632923126221 -0.54484814405441284 -1.9237498044967651 -0.28090614080429077 -0.2828596830368042 -0.54484814405441284 -1.9237498044967651 -0.28090614080429077 1.0057632923126221 -0.54484814405441284 -1.9237498044967651 -0.28090614080429077 -0.2828596830368042 -0.54484814405441284 -1.9237498044967651 -0.28090614080429077 1.0057632923126221 -0.54484814405441284 -1.9237498044967651 -0.28090614080429077 -0.2828596830368042 -0.54484814405441284 -1.9237498044967651 -0.28090614080429077 1.0057632923126221 -0.54484814405441284 -1.9237498044967651 -0.28090614080429077 -3.7191879749298096 -0.54484814405441284 -1.9237498044967651 -0.28090614080429077 -1.5714826583862305 -0.54484814405441284 -1.9237498044967651 -0.28090614080429077 -3.7191879749298096 -0.54484814405441284 24.766515731811523 -0.28090614080429077 2.2943863868713379 -0.54484814405441284 -1.9237498044967651 -0.28090614080429077 -1.5714826583862305 -0.54484814405441284 -1.9237498044967651 -0.28090614080429077 -0.2828596830368042 -0.54484814405441284 -1.9237498044967651 -0.28090614080429077 -0.2828596830368042 -0.54484814405441284 -1.9237498044967651 -0.28090614080429077 2.7239274978637695 -0.046536579728126526 -1.9237498044967651 -0.28090614080429077 0.57622236013412476 -0.54484814405441284 -1.9237498044967651 -0.28090614080429077 1.0057632923126221 -0.54484814405441284 -1.9237498044967651 -0.28090614080429077 1.0057632923126221 -0.54484814405441284 -1.9237498044967651 -0.28090614080429077 -0.2828596830368042 -0.54484814405441284 -1.9237498044967651 -0.28090614080429077 1.0057632923126221 -0.54484814405441284 -1.9237498044967651 -0.28090614080429077 -0.2828596830368042 -0.54484814405441284 -1.9237498044967651 -0.28090614080429077 1.0057632923126221 -0.54484814405441284 -1.9237498044967651 -0.28090614080429077 -0.2828596830368042 -0.54484814405441284 -1.9237498044967651 -0.28090614080429077 1.0057632923126221 -0.54484814405441284 -1.9237498044967651 -0.28090614080429077 -0.2828596830368042 -0.54484814405441284 -1.9237498044967651 -0.28090614080429077 1.0057632923126221 -0.54484814405441284 -1.9237498044967651 -0.28090614080429077 -2.0010237693786621 -0.54484814405441284 -1.9237498044967651 -0.28090614080429077 -0.71240073442459106 -0.54484814405441284 -1.9237498044967651 -0.28090614080429077 -2.0010237693786621 -0.54484814405441284 23.432001113891602 -0.28090614080429077 2.7239274978637695 -0.046536579728126526 -1.9237498044967651 -0.28090614080429077 -0.71240073442459106 -0.54484814405441284 -1.9237498044967651 -0.28090614080429077 -0.71240073442459106 -0.54484814405441284 -1.9237498044967651 -0.28090614080429077 0.57622236013412476 -0.54484814405441284 -1.9237498044967651 -0.28090614080429077 2.7239274978637695 0.45177501440048218 -1.9237498044967651 -0.28090614080429077 2.7239274978637695 -0.046536579728126526 -1.9237498044967651 -0.28090614080429077 0.57622236013412476 -0.54484814405441284 -1.9237498044967651 -0.28090614080429077 1.8648452758789062 -0.046536579728126526 -1.9237498044967651 -0.28090614080429077 0.57622236013412476 -0.54484814405441284 -1.9237498044967651 -0.28090614080429077 1.8648452758789062 -0.046536579728126526 -1.9237498044967651 -0.28090614080429077 0.57622236013412476 -0.54484814405441284 -1.9237498044967651 -0.28090614080429077 1.8648452758789062 -0.046536579728126526 -1.9237498044967651 -0.28090614080429077 0.57622236013412476 -0.54484814405441284 -1.9237498044967651 -0.28090614080429077 1.8648452758789062 -0.046536579728126526 -1.9237498044967651 -0.28090614080429077 0.57622236013412476 -0.54484814405441284 -1.9237498044967651 -0.28090614080429077 1.8648452758789062 -0.046536579728126526 -1.9237498044967651 -0.28090614080429077 0.57622236013412476 -0.54484814405441284 -1.9237498044967651 -0.28090614080429077 0.57622236013412476 -0.54484814405441284 -1.9237498044967651 -0.28090614080429077 2.7239274978637695 -0.54484814405441284 27.435541152954102 -0.28090614080429077 2.7239274978637695 -0.046536579728126526 -1.9237498044967651 -0.28090614080429077 0.57622236013412476 -0.54484814405441284 -1.9237498044967651 -0.28090614080429077 0.57622236013412476 -0.54484814405441284 -1.9237498044967651 -0.28090614080429077 1.8648452758789062 -0.54484814405441284 -1.9237498044967651 -0.28090614080429077 2.7239274978637695 -0.046536579728126526 -1.9237498044967651 -0.28090614080429077 2.7239274978637695 -0.046536579728126526 -1.9237498044967651 -0.28090614080429077 1.8648452758789062 -0.046536579728126526 -1.9237498044967651 -0.28090614080429077 -0.71240073442459106 -0.54484814405441284 -1.9237498044967651 -0.28090614080429077 0.57622236013412476 -0.54484814405441284 -1.9237498044967651 -0.28090614080429077 1.8648452758789062 -0.046536579728126526 -1.9237498044967651 -0.28090614080429077 0.57622236013412476 -0.54484814405441284 -1.9237498044967651 -0.28090614080429077 1.8648452758789062 -0.046536579728126526 -1.9237498044967651 -0.28090614080429077 0.57622236013412476 -0.54484814405441284 -1.9237498044967651 -0.28090614080429077 1.8648452758789062 -0.046536579728126526 -1.9237498044967651 -0.28090614080429077 0.57622236013412476 -0.54484814405441284 -1.9237498044967651 -0.28090614080429077 1.8648452758789062 -0.046536579728126526 -1.9237498044967651 -0.28090614080429077 0.57622236013412476 -0.54484814405441284 -1.9237498044967651 -0.28090614080429077 1.8648452758789062 -0.54484814405441284 -1.9237498044967651 -0.28090614080429077 2.7239274978637695 -0.54484814405441284 27.435541152954102 -0.28090614080429077 0.57622236013412476 -0.54484814405441284 -1.9237498044967651 -0.28090614080429077 2.7239274978637695 -0.046536579728126526 -1.9237498044967651 -0.28090614080429077 2.7239274978637695 -0.046536579728126526 -1.9237498044967651 -0.28090614080429077 2.7239274978637695 -0.046536579728126526 -1.9237498044967651 -0.28090614080429077 0.57622236013412476 -0.54484814405441284 -1.9237498044967651 -0.28090614080429077 1.8648452758789062 -0.54484814405441284 -1.9237498044967651 -0.28090614080429077 0.57622236013412476 -0.54484814405441284 -1.9237498044967651 -0.28090614080429077 0.57622236013412476 -0.54484814405441284 -1.9237498044967651 -0.28090614080429077 -0.71240073442459106 -0.54484814405441284 -1.9237498044967651 -0.28090614080429077 0.57622236013412476 -0.54484814405441284 -1.9237498044967651 -0.28090614080429077 1.8648452758789062 -0.046536579728126526 -1.9237498044967651 -0.28090614080429077 0.57622236013412476 -0.54484814405441284 -1.9237498044967651 -0.28090614080429077 1.8648452758789062 -0.046536579728126526 -1.9237498044967651 -0.28090614080429077 1.8648452758789062 -0.046536579728126526 -1.9237498044967651 -0.28090614080429077 1.8648452758789062 -0.046536579728126526 -1.9237498044967651 -0.28090614080429077 1.8648452758789062 -0.046536579728126526 -1.9237498044967651 -0.28090614080429077 0.57622236013412476 -0.54484814405441284 -1.9237498044967651 -0.28090614080429077 1.8648452758789062 -0.54484814405441284 -1.9237498044967651 -0.28090614080429077 2.7239274978637695 -0.54484814405441284 30.104568481445312 -0.28090614080429077 2.7239274978637695 -0.046536579728126526 -1.9237498044967651 -0.28090614080429077 0.57622236013412476 -0.54484814405441284 -1.9237498044967651 -0.28090614080429077 1.8648452758789062 -0.54484814405441284 -1.9237498044967651 -0.28090614080429077 1.8648452758789062 -0.54484814405441284 -1.9237498044967651 -0.28090614080429077 2.7239274978637695 -0.046536579728126526 -1.9237498044967651 -0.28090614080429077 2.7239274978637695 -0.046536579728126526 -1.9237498044967651 -0.28090614080429077 1.8648452758789062 -0.046536579728126526 -1.9237498044967651 -0.28090614080429077 1.8648452758789062 -0.046536579728126526 -1.9237498044967651 -0.28090614080429077 0.57622236013412476 -0.54484814405441284 -1.9237498044967651 -0.28090614080429077 -0.71240073442459106 -0.54484814405441284 -1.9237498044967651 -0.28090614080429077 1.8648452758789062 -0.046536579728126526 -1.9237498044967651 -0.28090614080429077 1.8648452758789062 -0.046536579728126526 -1.9237498044967651 -0.28090614080429077 0.57622236013412476 -0.54484814405441284 -1.9237498044967651 -0.28090614080429077 1.8648452758789062 -0.046536579728126526 -1.9237498044967651 -0.28090614080429077 1.8648452758789062 -0.046536579728126526 -1.9237498044967651 -0.28090614080429077 1.8648452758789062 -0.046536579728126526 -1.9237498044967651 -0.28090614080429077 1.8648452758789062 -0.54484814405441284 -1.9237498044967651 -0.28090614080429077 1.8648452758789062 -0.54484814405441284 -1.9237498044967651 -0.28090614080429077 2.7239274978637695 -0.54484814405441284 30.104568481445312 -0.28090614080429077 0.57622236013412476 -0.54484814405441284 -1.9237498044967651 -0.28090614080429077 2.7239274978637695 -0.046536579728126526 -1.9237498044967651 -0.28090614080429077 2.7239274978637695 -0.046536579728126526 -1.9237498044967651 -0.28090614080429077 2.7239274978637695 -0.046536579728126526 -1.9237498044967651 -0.28090614080429077 1.8648452758789062 -0.54484814405441284 -1.9237498044967651 -0.28090614080429077 1.8648452758789062 -0.54484814405441284 -1.9237498044967651 -0.28090614080429077 0.57622236013412476 -0.54484814405441284 -1.9237498044967651 -0.28090614080429077 0.57622236013412476 -0.54484814405441284 -1.9237498044967651 -0.28090614080429077 1.8648452758789062 -0.046536579728126526 -1.9237498044967651 -0.28090614080429077 1.8648452758789062 -0.046536579728126526 -1.9237498044967651 -0.28090614080429077 -0.71240073442459106 -0.54484814405441284 -1.9237498044967651 -0.28090614080429077 1.8648452758789062 -0.046536579728126526 -1.9237498044967651 -0.28090614080429077 1.8648452758789062 -0.046536579728126526 -1.9237498044967651 -0.28090614080429077 1.8648452758789062 -0.046536579728126526 -1.9237498044967651 -0.28090614080429077 1.8648452758789062 -0.046536579728126526 -1.9237498044967651 -0.28090614080429077 1.8648452758789062 -0.046536579728126526 -1.9237498044967651 -0.28090614080429077 1.8648452758789062 -0.54484814405441284 -1.9237498044967651 -0.28090614080429077 1.8648452758789062 -0.54484814405441284 -1.9237498044967651 -0.28090614080429077 2.7239274978637695 -0.54484814405441284 30.104568481445312 -0.28090614080429077 2.7239274978637695 -0.046536579728126526 -1.9237498044967651 -0.28090614080429077 0.57622236013412476 -0.54484814405441284 -1.9237498044967651 -0.28090614080429077 1.8648452758789062 -0.54484814405441284 -1.9237498044967651 -0.28090614080429077 1.8648452758789062 -0.54484814405441284 -1.9237498044967651 -0.28090614080429077 2.7239274978637695 -0.046536579728126526 -1.9237498044967651 -0.28090614080429077 2.7239274978637695 -0.046536579728126526 -1.9237498044967651 -0.28090614080429077 1.8648452758789062 -0.046536579728126526 -1.9237498044967651 -0.28090614080429077 1.8648452758789062 -0.046536579728126526 -1.9237498044967651 -0.28090614080429077 0.57622236013412476 -0.54484814405441284 -1.9237498044967651 -0.28090614080429077 1.8648452758789062 -0.046536579728126526 -1.9237498044967651 -0.28090614080429077 1.8648452758789062 -0.046536579728126526 -1.9237498044967651 -0.28090614080429077 -0.71240073442459106 -0.54484814405441284 -1.9237498044967651 -0.28090614080429077 0.57622236013412476 -0.54484814405441284 -1.9237498044967651 -0.28090614080429077 1.8648452758789062 -0.046536579728126526 -1.9237498044967651 -0.28090614080429077 1.8648452758789062 -0.046536579728126526 -1.9237498044967651 -0.28090614080429077 1.8648452758789062 -0.046536579728126526 -1.9237498044967651 -0.28090614080429077 1.8648452758789062 -0.54484814405441284 -1.9237498044967651 -0.28090614080429077 1.8648452758789062 -0.54484814405441284 -1.9237498044967651 -0.28090614080429077 2.7239274978637695 -0.54484814405441284 30.104568481445312 -0.28090614080429077 0.57622236013412476 -0.54484814405441284 -1.9237498044967651 -0.28090614080429077 2.7239274978637695 -0.046536579728126526 -1.9237498044967651 -0.28090614080429077 2.7239274978637695 -0.046536579728126526 -1.9237498044967651 -0.28090614080429077 2.7239274978637695 -0.046536579728126526 -1.9237498044967651 -0.28090614080429077 1.8648452758789062 -0.54484814405441284 -1.9237498044967651 -0.28090614080429077 1.8648452758789062 -0.54484814405441284 -1.9237498044967651 -0.28090614080429077 0.57622236013412476 -0.54484814405441284 -1.9237498044967651 -0.28090614080429077 0.57622236013412476 -0.54484814405441284 -1.9237498044967651 -0.28090614080429077 1.8648452758789062 -0.046536579728126526 -1.9237498044967651 -0.28090614080429077 0.57622236013412476 -0.54484814405441284 -1.9237498044967651 -0.28090614080429077 1.8648452758789062 -0.046536579728126526 -1.9237498044967651 -0.28090614080429077 0.57622236013412476 -0.54484814405441284 -1.9237498044967651 -0.28090614080429077 -0.71240073442459106 -0.54484814405441284 -1.9237498044967651 -0.28090614080429077 1.8648452758789062 -0.046536579728126526 -1.9237498044967651 -0.28090614080429077 1.8648452758789062 -0.046536579728126526 -1.9237498044967651 -0.28090614080429077 1.8648452758789062 -0.046536579728126526 -1.9237498044967651 -0.28090614080429077 1.8648452758789062 -0.54484814405441284 -1.9237498044967651 -0.28090614080429077 1.8648452758789062 -0.54484814405441284 -1.9237498044967651 -0.28090614080429077 2.7239274978637695 -0.54484814405441284 32.773593902587891 -0.28090614080429077 2.7239274978637695 -0.046536579728126526 -1.9237498044967651 -0.28090614080429077 1.8648452758789062 -0.54484814405441284 -1.9237498044967651 -0.28090614080429077 1.8648452758789062 -0.54484814405441284 -1.9237498044967651 -0.28090614080429077 1.8648452758789062 -0.54484814405441284 -1.9237498044967651 -0.28090614080429077 2.7239274978637695 -0.046536579728126526 -1.9237498044967651 -0.28090614080429077 2.7239274978637695 -0.046536579728126526 -1.9237498044967651 -0.28090614080429077 1.8648452758789062 -0.046536579728126526 -1.9237498044967651 -0.28090614080429077 1.8648452758789062 -0.046536579728126526 -1.9237498044967651 -0.28090614080429077 1.8648452758789062 -0.046536579728126526 -1.9237498044967651 -0.28090614080429077 1.8648452758789062 -0.046536579728126526 -1.9237498044967651 -0.28090614080429077 1.8648452758789062 -0.046536579728126526 -1.9237498044967651 -0.28090614080429077 1.8648452758789062 -0.046536579728126526 -1.9237498044967651 -0.28090614080429077 1.8648452758789062 -0.046536579728126526 -1.9237498044967651 -0.28090614080429077 -0.71240073442459106 -0.54484814405441284 -1.9237498044967651 -0.28090614080429077 1.8648452758789062 -0.046536579728126526 -1.9237498044967651 -0.28090614080429077 1.8648452758789062 -0.046536579728126526 -1.9237498044967651 -0.28090614080429077 1.8648452758789062 -0.54484814405441284 -1.9237498044967651 -0.28090614080429077 1.8648452758789062 -0.54484814405441284 -1.9237498044967651 -0.28090614080429077 2.7239274978637695 -0.54484814405441284 30.104568481445312 -0.28090614080429077 0.57622236013412476 -0.54484814405441284 -1.9237498044967651 -0.28090614080429077 2.7239274978637695 -0.046536579728126526 -1.9237498044967651 -0.28090614080429077 2.7239274978637695 -0.046536579728126526 -1.9237498044967651 -0.28090614080429077 2.7239274978637695 -0.046536579728126526 -1.9237498044967651 -0.28090614080429077 1.8648452758789062 -0.54484814405441284 -1.9237498044967651 -0.28090614080429077 1.8648452758789062 -0.54484814405441284 -1.9237498044967651 -0.28090614080429077 0.57622236013412476 -0.54484814405441284 -1.9237498044967651 -0.28090614080429077 0.57622236013412476 -0.54484814405441284 -1.9237498044967651 -0.28090614080429077 1.8648452758789062 -0.046536579728126526 -1.9237498044967651 -0.28090614080429077 1.8648452758789062 -0.046536579728126526 -1.9237498044967651 -0.28090614080429077 1.8648452758789062 -0.046536579728126526 -1.9237498044967651 -0.28090614080429077 1.8648452758789062 -0.046536579728126526 -1.9237498044967651 -0.28090614080429077 1.8648452758789062 -0.046536579728126526 -1.9237498044967651 -0.28090614080429077 1.8648452758789062 -0.046536579728126526 -1.9237498044967651 -0.28090614080429077 -0.71240073442459106 -0.54484814405441284 -1.9237498044967651 -0.28090614080429077 1.8648452758789062 -0.046536579728126526 -1.9237498044967651 -0.28090614080429077 1.8648452758789062 -0.54484814405441284 -1.9237498044967651 -0.28090614080429077 1.8648452758789062 -0.54484814405441284 -1.9237498044967651 -0.28090614080429077 2.7239274978637695 -0.54484814405441284 32.773593902587891 -0.28090614080429077 1.8648452758789062 -0.54484814405441284 -1.9237498044967651 -0.28090614080429077 1.8648452758789062 -0.54484814405441284 -1.9237498044967651 -0.28090614080429077 2.7239274978637695 -0.046536579728126526 -1.9237498044967651 -0.28090614080429077 2.7239274978637695 -0.046536579728126526 -1.9237498044967651 -0.28090614080429077 2.7239274978637695 -0.046536579728126526 -1.9237498044967651 -0.28090614080429077 2.7239274978637695 -0.046536579728126526 -1.9237498044967651 -0.28090614080429077 1.8648452758789062 -0.046536579728126526 -1.9237498044967651 -0.28090614080429077 1.8648452758789062 -0.046536579728126526 -1.9237498044967651 -0.28090614080429077 1.8648452758789062 -0.046536579728126526 -1.9237498044967651 -0.28090614080429077 1.8648452758789062 -0.046536579728126526 -1.9237498044967651 -0.28090614080429077 1.8648452758789062 -0.046536579728126526 -1.9237498044967651 -0.28090614080429077 1.8648452758789062 -0.046536579728126526 -1.9237498044967651 -0.28090614080429077 1.8648452758789062 -0.046536579728126526 -1.9237498044967651 -0.28090614080429077 1.8648452758789062 -0.046536579728126526 -1.9237498044967651 -0.28090614080429077 1.8648452758789062 -0.046536579728126526 -1.9237498044967651 -0.28090614080429077 -0.71240073442459106 -0.54484814405441284 -1.9237498044967651 -0.28090614080429077
R: -0.046875 -0.1875 -0.0625 -0.21875 0.109375 -0.5 -0.046875 -0.109375
Rq: 0.125 0 0 0.484375 0 0.4375 0 0.484375 0 0.421875 0.28125 0.359375 0 0 0 0
Rp: -0.0625 -1.5 -2 -0.3125 -0.875
event 1
dots: 0 0 511 124 100 108 48 36 32 32 24 20 24 24 20 20 20 16 16 0 0 511 124 124 124 64 60 40 36 32 36 32 28 24 24 24 24 20 511 511 6781 511 511 399 78 511 90 285 122 307 113 85 101 127 189 220 152 124 124 511 0 124 -4 -16 96 -4 16 -0 48 0 -0 -0 0 12 32 8 100 124 511 124 12 124 64 4 48 104 64 4 52 36 56 64 64 12 56 108 124 399 -4 124 -8 -16 68 -8 16 -0 32 -0 -0 -0 0 12 24 8 48 64 78 -16 64 -16 -12 28 -8 4 -4 12 -4 -4 -4 -0 4 8 0 36 60 511 96 4 68 28 0 20 40 28 0 20 16 20 28 28 4 24 32 40 90 -4 48 -8 -8 20 -4 4 -0 8 -0 -0 -0 -0 4 8 0 32 36 285 16 104 16 4 40 4 4 0 20 4 4 0 -0 4 12 0 24 32 122 -0 64 -0 -4 28 -0 0 -4 12 -0 -0 -0 -0 0 8 -0 20 36 307 48 4 32 12 0 8 20 12 0 12 8 12 12 12 4 12 24 32 113 0 52 -0 -4 20 -0 4 -0 12 -0 -0 -0 -0 0 8 0 24 28 85 -0 36 -0 -4 16 -0 4 -0 8 -0 -0 -0 0 4 4 0 20 24 101 -0 56 -0 -4 20 -0 0 -0 12 -0 -0 -0 -0 0 8 -0 20 24 127 0 64 0 -0 28 -0 -0 -0 12 -0 0 -0 -4 -0 8 -0 20 24 189 12 64 12 4 28 4 4 0 12 0 4 0 -0 0 8 0 16 24 220 32 12 24 8 4 8 12 8 4 8 4 8 8 8 4 8 16 20 152 8 56 8 0 24 0 0 -0 12 0 0 -0 -0 0 8 0
batch1: -0.061976566910743713 -0.061976566910743713 2.3403904438018799 0.52098524570465088 0.40815392136573792 0.44576436281204224 0.16368606686592102 0.10727041959762573 0.088465198874473572 0.088465198874473572 0.05085475742816925 0.03204953670501709 0.05085475742816925 0.05085475742816925 0.03204953670501709 0.03204953670501709 0.03204953670501709 0.013244315981864929 0.013244315981864929 -0.061976566910743713 -0.061976566910743713 2.3403904438018799 0.52098524570465088 0.52098524570465088 0.52098524570465088 0.23890694975852966 0.2201017290353775 0.1260756254196167 0.10727041959762573 0.088465198874473572 0.10727041959762573 0.088465198874473572 0.069659978151321411 0.05085475742816925 0.05085475742816925 0.05085475742816925 0.05085475742816925 0.03204953670501709 2.3403904438018799 2.3403904438018799 31.817571640014648 2.3403904438018799 2.3403904438018799 1.8138440847396851 0.30472522974014282 2.3403904438018799 0.3611409068107605 1.2778953313827515 0.51158267259597778 1.3813240528106689 0.46927088499069214 0.33763435482978821 0.41285523772239685 0.53508919477462769 0.82657009363174438 0.97231054306030273 0.6526218056678772 0.52098524570465088 0.52098524570465088 2.3403904438018799 -0.061976566910743713 0.52098524570465088 -0.08078177273273468 -0.13719742000102997 0.38934871554374695 -0.08078177273273468 0.013244315981864929 -0.061976566910743713 0.16368606686592102 -0.061976566910743713 -0.061976566910743713 -0.061976566910743713 -0.061976566910743713 -0.0055609047412872314 0.088465198874473572 -0.024366125464439392 0.40815392136573792 0.52098524570465088 2.3403904438018799 0.52098524570465088 -0.0055609047412872314 0.52098524570465088 0.23890694975852966 -0.043171361088752747 0.16368606686592102 0.42695915699005127 0.23890694975852966 -0.043171361088752747 0.18249128758907318 0.10727041959762573 0.20129650831222534 0.23890694975852966 0.23890694975852966 -0.0055609047412872314 0.20129650831222534 0.44576436281204224 0.52098524570465088 1.8138440847396851 -0.08078177273273468 0.52098524570465088 -0.099586978554725647 -0.13719742000102997 0.25771218538284302 -0.099586978554725647 0.013244315981864929 -0.061976566910743713 0.088465198874473572 -0.061976566910743713 -0.061976566910743713 -0.061976566910743713 -0.061976566910743713 -0.0055609047412872314 0.05085475742816925 -0.024366125464439392 0.16368606686592102 0.23890694975852966 0.30472522974014282 -0.13719742000102997 0.23890694975852966 -0.13719742000102997 -0.118392214179039 0.069659978151321411 -0.099586978554725647 -0.043171361088752747 -0.08078177273273468 -0.0055609047412872314 -0.08078177273273468 -0.08078177273273468 -0.08078177273273468 -0.061976566910743713 -0.043171361088752747 -0.024366125464439392 -0.061976566910743713 0.10727041959762573 0.2201017290353775 2.3403904438018799 0.38934871554374695 -0.043171361088752747 0.25771218538284302 0.069659978151321411 -0.061976566910743713 0.03204953670501709 0.1260756254196167 0.069659978151321411 -0.061976566910743713 0.03204953670501709 0.013244315981864929 0.03204953670501709 0.069659978151321411 0.069659978151321411 -0.043171361088752747 0.05085475742816925 0.088465198874473572 0.1260756254196167 0.3611409068107605 -0.08078177273273468 0.16368606686592102 -0.099586978554725647 -0.099586978554725647 0.03204953670501709 -0.08078177273273468 -0.043171361088752747 -0.061976566910743713 -0.024366125464439392 -0.061976566910743713 -0.061976566910743713 -0.061976566910743713 -0.061976566910743713 -0.043171361088752747 -0.024366125464439392 -0.061976566910743713 0.088465198874473572 0.10727041959762573 1.2778953313827515 0.013244315981864929 0.42695915699005127 0.013244315981864929 -0.043171361088752747 0.1260756254196167 -0.043171361088752747 -0.043171361088752747 -0.061976566910743713 0.03204953670501709 -0.043171361088752747 -0.043171361088752747 -0.061976566910743713 -0.061976566910743713 -0.043171361088752747 -0.0055609047412872314 -0.061976566910743713 0.05085475742816925 0.088465198874473572 0.51158267259597778 -0.061976566910743713 0.23890694975852966 -0.061976566910743713 -0.08078177273273468 0.069659978151321411 -0.061976566910743713 -0.061976566910743713 -0.08078177273273468 -0.0055609047412872314 -0.061976566910743713 -0.061976566910743713 -0.061976566910743713 -0.061976566910743713 -0.061976566910743713 -0.024366125464439392 -0.061976566910743713 0.03204953670501709 0.10727041959762573 1.3813240528106689 0.16368606686592102 -0.043171361088752747 0.088465198874473572 -0.0055609047412872314 -0.061976566910743713 -0.024366125464439392 0.03204953670501709 -0.0055609047412872314 -0.061976566910743713 -0.0055609047412872314 -0.024366125464439392 -0.0055609047412872314 -0.0055609047412872314 -0.0055609047412872314 -0.043171361088752747 -0.0055609047412872314 0.05085475742816925 0.088465198874473572 0.46927088499069214 -0.061976566910743713 0.18249128758907318 -0.061976566910743713 -0.08078177273273468 0.03204953670501709 -0.061976566910743713 -0.043171361088752747 -0.061976566910743713 -0.0055609047412872314 -0.061976566910743713 -0.061976566910743713 -0.061976566910743713 -0.061976566910743713 -0.061976566910743713 -0.024366125464439392 -0.061976566910743713 0.05085475742816925 0.069659978151321411 0.33763435482978821 -0.061976566910743713 0.10727041959762573 -0.061976566910743713 -0.08078177273273468 0.013244315981864929 -0.061976566910743713 -0.043171361088752747 -0.061976566910743713 -0.024366125464439392 -0.061976566910743713 -0.061976566910743713 -0.061976566910743713 -0.061976566910743713 -0.043171361088752747 -0.043171361088752747 -0.061976566910743713 0.03204953670501709 0.05085475742816925 0.41285523772239685 -0.061976566910743713 0.20129650831222534 -0.061976566910743713 -0.08078177273273468 0.03204953670501709 -0.061976566910743713 -0.061976566910743713 -0.061976566910743713 -0.0055609047412872314 -0.061976566910743713 -0.061976566910743713 -0.061976566910743713 -0.061976566910743713 -0.061976566910743713 -0.024366125464439392 -0.061976566910743713 0.03204953670501709 0.05085475742816925 0.53508919477462769 -0.061976566910743713 0.23890694975852966 -0.061976566910743713 -0.061976566910743713 0.069659978151321411 -0.061976566910743713 -0.061976566910743713 -0.061976566910743713 -0.0055609047412872314 -0.061976566910743713 -0.061976566910743713 -0.061976566910743713 -0.08078177273273468 -0.061976566910743713 -0.024366125464439392 -0.061976566910743713 0.03204953670501709 0.05085475742816925 0.82657009363174438 -0.0055609047412872314 0.23890694975852966 -0.0055609047412872314 -0.043171361088752747 0.069659978151321411 -0.043171361088752747 -0.043171361088752747 -0.061976566910743713 -0.0055609047412872314 -0.061976566910743713 -0.043171361088752747 -0.061976566910743713 -0.061976566910743713 -0.061976566910743713 -0.024366125464439392 -0.061976566910743713 0.013244315981864929 0.05085475742816925 0.97231054306030273 0.088465198874473572 -0.0055609047412872314 0.05085475742816925 -0.024366125464439392 -0.043171361088752747 -0.024366125464439392 -0.0055609047412872314 -0.024366125464439392 -0.043171361088752747 -0.024366125464439392 -0.043171361088752747 -0.024366125464439392 -0.024366125464439392 -0.024366125464439392 -0.043171361088752747 -0.024366125464439392 0.013244315981864929 0.03204953670501709 0.6526218056678772 -0.024366125464439392 0.20129650831222534 -0.024366125464439392 -0.061976566910743713 0.05085475742816925 -0.061976566910743713 -0.061976566910743713 -0.061976566910743713 -0.0055609047412872314 -0.061976566910743713 -0.061976566910743713 -0.061976566910743713 -0.061976566910743713 -0.061976566910743713 -0.024366125464439392 -0.061976566910743713
jmass: 0.035151101648807526
jdotp: 0.088703639805316925 0.10328727960586548 1.0893141031265259 0.078725360333919525 0.1316869854927063 0.060303911566734314 -0.00081303657498210669 0.074887566268444061 -0.0019643772393465042 0.03209608793258667 0.0030247650574892759 0.030752865597605705 0.0010099173523485661 -0.0043630036525428295 -0.0012927626958116889 0.0027369293384253979 0.01290709525346756 0.016265168786048889 0.0051355520263314247
T0: -0.0625 -0.0625 1.9375 0.5 0.4375 0.4375 0.1875 0.125 0.0625 0.0625 0.0625 0.0625 0.0625 0.0625 0.0625 0.0625 0.0625 0 0 -0.0625 -0.0625 1.9375 0.5 0.5 0.5 0.25 0.25 0.125 0.125 0.0625 0.125 0.0625 0.0625 0.0625 0.0625 0.0625 0.0625 0.0625 1.9375 1.9375 1.9375 1.9375 1.9375 1.8125 0.3125 1.9375 0.375 1.25 0.5 1.375 0.5 0.3125 0.4375 0.5625 0.8125 1 0.625 0.5 0.5 1.9375 -0.0625 0.5 -0.0625 -0.125 0.375 -0.0625 0 -0.0625 0.1875 -0.0625 -0.0625 -0.0625 -0.0625 -0 0.0625 -0 0.4375 0.5 1.9375 0.5 -0 0.5 0.25 -0.0625 0.1875 0.4375 0.25 -0.0625 0.1875 0.125 0.1875 0.25 0.25 -0 0.1875 0.4375 0.5 1.8125 -0.0625 0.5 -0.125 -0.125 0.25 -0.125 0 -0.0625 0.0625 -0.0625 -0.0625 -0.0625 -0.0625 -0 0.0625 -0 0.1875 0.25 0.3125 -0.125 0.25 -0.125 -0.125 0.0625 -0.125 -0.0625 -0.0625 -0 -0.0625 -0.0625 -0.0625 -0.0625 -0.0625 -0 -0.0625 0.125 0.25 1.9375 0.375 -0.0625 0.25 0.0625 -0.0625 0.0625 0.125 0.0625 -0.0625 0.0625 0 0.0625 0.0625 0.0625 -0.0625 0.0625 0.0625 0.125 0.375 -0.0625 0.1875 -0.125 -0.125 0.0625 -0.0625 -0.0625 -0.0625 -0 -0.0625 -0.0625 -0.0625 -0.0625 -0.0625 -0 -0.0625 0.0625 0.125 1.25 0 0.4375 0 -0.0625 0.125 -0.0625 -0.0625 -0.0625 0.0625 -0.0625 -0.0625 -0.0625 -0.0625 -0.0625 -0 -0.0625 0.0625 0.0625 0.5 -0.0625 0.25 -0.0625 -0.0625 0.0625 -0.0625 -0.0625 -0.0625 -0 -0.0625 -0.0625 -0.0625 -0.0625 -0.0625 -0 -0.0625 0.0625 0.125 1.375 0.1875 -0.0625 0.0625 -0 -0.0625 -0 0.0625 -0 -0.0625 -0 -0 -0 -0 -0 -0.0625 -0 0.0625 0.0625 0.5 -0.0625 0.1875 -0.0625 -0.0625 0.0625 -0.0625 -0.0625 -0.0625 -0 -0.0625 -0.0625 -0.0625 -0.0625 -0.0625 -0 -0.0625 0.0625 0.0625 0.3125 -0.0625 0.125 -0.0625 -0.0625 0 -0.0625 -0.0625 -0.0625 -0 -0.0625 -0.0625 -0.0625 -0.0625 -0.0625 -0.0625 -0.0625 0.0625 0.0625 0.4375 -0.0625 0.1875 -0.0625 -0.0625 0.0625 -0.0625 -0.0625 -0.0625 -0 -0.0625 -0.0625 -0.0625 -0.0625 -0.0625 -0 -0.0625 0.0625 0.0625 0.5625 -0.0625 0.25 -0.0625 -0.0625 0.0625 -0.0625 -0.0625 -0.0625 -0 -0.0625 -0.0625 -0.0625 -0.0625 -0.0625 -0 -0.0625 0.0625 0.0625 0.8125 -0 0.25 -0 -0.0625 0.0625 -0.0625 -0.0625 -0.0625 -0 -0.0625 -0.0625 -0.0625 -0.0625 -0.0625 -0 -0.0625 0 0.0625 1 0.0625 -0 0.0625 -0 -0.0625 -0 -0 -0 -0.0625 -0 -0.0625 -0 -0 -0 -0.0625 -0 0 0.0625 0.625 -0 0.1875 -0 -0.0625 0.0625 -0.0625 -0.0625 -0.0625 -0 -0.0625 -0.0625 -0.0625 -0.0625 -0.0625 -0 -0.0625
T1: 0.0625 0 0 0 0 0 0 0 0 0 0 0 0 0 0 0 0 0 0 0 0.125 0 0 0 0 0 0 0 0 0 0 0 0 0 0 0 0 0 0 0 1.0625 0 0 0 0 0 0 0 0 0 0 0 0 0 0 0 0 0 0 0 0.0625 0 0 0 0 0 0 0 0 0 0 0 0 0 0 0 0 0 0 0 0.125 0 0 0 0 0 0 0 0 0 0 0 0 0 0 0 0 0 0 0 0.0625 0 0 0 0 0 0 0 0 0 0 0 0 0 0 0 0 0 0 0 -0 0 0 0 0 0 0 0 0 0 0 0 0 0 0 0 0 0 0 0 0.0625 0 0 0 0 0 0 0 0 0 0 0 0 0 0 0 0 0 0 0 -0 0 0 0 0 0 0 0 0 0 0 0 0 0 0 0 0 0 0 0 0.0625 0 0 0 0 0 0 0 0 0 0 0 0 0 0 0 0 0 0 0 0 0 0 0 0 0 0 0 0 0 0 0 0 0 0 0 0 0 0 0 0 0 0 0 0 0 0 0 0 0 0 0 0 0 0 0 0 0 0 0 0 0 0 0 0 0 0 0 0 0 0 0 0 0 0 0 0 0 0 0 -0 0 0 0 0 0 0 0 0 0 0 0 0 0 0 0 0 0 0 0 -0 0 0 0 0 0 0 0 0 0 0 0 0 0 0 0 0 0 0 0 0 0 0 0 0 0 0 0 0 0 0 0 0 0 0 0 0 0 0 0 0 0 0 0 0 0 0 0 0 0 0 0 0 0 0 0 0 0 0 0 0 0 0 0 0 0 0 0 0 0 0 0 0 0 0 0 0 0 0 0 0
T2: 0.0625 0.125 1.0625 0.0625 0.125 0.0625 -0 0.0625 -0 0.0625 0 0 0 -0 -0 0 0 0 0 0.0625 0.125 1.0625 0.0625 0.125 0.0625 -0 0.0625 -0 0.0625 0 0 0 -0 -0 0 0 0 0 0.0625 0.125 1.0625 0.0625 0.125 0.0625 -0 0.0625 -0 0.0625 0 0 0 -0 -0 0 0 0 0 0.0625 0.125 1.0625 0.0625 0.125 0.0625 -0 0.0625 -0 0.0625 0 0 0 -0 -0 0 0 0 0 0.0625 0.125 1.0625 0.0625 0.125 0.0625 -0 0.0625 -0 0.0625 0 0 0 -0 -0 0 0 0 0 0.0625 0.125 1.0625 0.0625 0.125 0.0625 -0 0.0625 -0 0.0625 0 0 0 -0 -0 0 0 0 0 0.0625 0.125 1.0625 0.0625 0.125 0.0625 -0 0.0625 -0 0.0625 0 0 0 -0 -0 0 0 0 0 0.0625 0.125 1.0625 0.0625 0.125 0.0625 -0 0.0625 -0 0.0625 0 0 0 -0 -0 0 0 0 0 0.0625 0.125 1.0625 0.0625 0.125 0.0625 -0 0.0625 -0 0.0625 0 0 0 -0 -0 0 0 0 0 0.0625 0.125 1.0625 0.0625 0.125 0.0625 -0 0.0625 -0 0.0625 0 0 0 -0 -0 0 0 0 0 0.0625 0.125 1.0625 0.0625 0.125 0.0625 -0 0.0625 -0 0.0625 0 0 0 -0 -0 0 0 0 0 0.0625 0.125 1.0625 0.0625 0.125 0.0625 -0 0.0625 -0 0.0625 0 0 0 -0 -0 0 0 0 0 0.0625 0.125 1.0625 0.0625 0.125 0.0625 -0 0.0625 -0 0.0625 0 0 0 -0 -0 0 0 0 0 0.0625 0.125 1.0625 0.0625 0.125 0.0625 -0 0.0625 -0 0.0625 0 0 0 -0 -0 0 0 0 0 0.0625 0.125 1.0625 0.0625 0.125 0.0625 -0 0.0625 -0 0.0625 0 0 0 -0 -0 0 0 0 0 0.0625 0.125 1.0625 0.0625 0.125 0.0625 -0 0.0625 -0 0.0625 0 0 0 -0 -0 0 0 0 0 0.0625 0.125 1.0625 0.0625 0.125 0.0625 -0 0.0625 -0 0.0625 0 0 0 -0 -0 0 0 0 0 0.0625 0.125 1.0625 0.0625 0.125 0.0625 -0 0.0625 -0 0.0625 0 0 0 -0 -0 0 0 0 0 0.0625 0.125 1.0625 0.0625 0.125 0.0625 -0 0.0625 -0 0.0625 0 0 0 -0 -0 0 0 0 0
T3: 0.0625 0.0625 0.0625 0.0625 0.0625 0.0625 0.0625 0.0625 0.0625 0.0625 0.0625 0.0625 0.0625 0.0625 0.0625 0.0625 0.0625 0.0625 0.0625 0.125 0.125 0.125 0.125 0.125 0.125 0.125 0.125 0.125 0.125 0.125 0.125 0.125 0.125 0.125 0.125 0.125 0.125 0.125 1.0625 1.0625 1.0625 1.0625 1.0625 1.0625 1.0625 1.0625 1.0625 1.0625 1.0625 1.0625 1.0625 1.0625 1.0625 1.0625 1.0625 1.0625 1.0625 0.0625 0.0625 0.0625 0.0625 0.0625 0.0625 0.0625 0.0625 0.0625 0.0625 0.0625 0.0625 0.0625 0.0625 0.0625 0.0625 0.0625 0.0625 0.0625 0.125 0.125 0.125 0.125 0.125 0.125 0.125 0.125 0.125 0.125 0.125 0.125 0.125 0.125 0.125 0.125 0.125 0.125 0.125 0.0625 0.0625 0.0625 0.0625 0.0625 0.0625 0.0625 0.0625 0.0625 0.0625 0.0625 0.0625 0.0625 0.0625 0.0625 0.0625 0.0625 0.0625 0.0625 -0 -0 -0 -0 -0 -0 -0 -0 -0 -0 -0 -0 -0 -0 -0 -0 -0 -0 -0 0.0625 0.0625 0.0625 0.0625 0.0625 0.0625 0.0625 0.0625 0.0625 0.0625 0.0625 0.0625 0.0625 0.0625 0.0625 0.0625 0.0625 0.0625 0.0625 -0 -0 -0 -0 -0 -0 -0 -0 -0 -0 -0 -0 -0 -0 -0 -0 -0 -0 -0 0.0625 0.0625 0.0625 0.0625 0.0625 0.0625 0.0625 0.0625 0.0625 0.0625 0.0625 0.0625 0.0625 0.0625 0.0625 0.0625 0.0625 0.0625 0.0625 0 0 0 0 0 0 0 0 0 0 0 0 0 0 0 0 0 0 0 0 0 0 0 0 0 0 0 0 0 0 0 0 0 0 0 0 0 0 0 0 0 0 0 0 0 0 0 0 0 0 0 0 0 0 0 0 0 -0 -0 -0 -0 -0 -0 -0 -0 -0 -0 -0 -0 -0 -0 -0 -0 -0 -0 -0 -0 -0 -0 -0 -0 -0 -0 -0 -0 -0 -0 -0 -0 -0 -0 -0 -0 -0 -0 0 0 0 0 0 0 0 0 0 0 0 0 0 0 0 0 0 0 0 0 0 0 0 0 0 0 0 0 0 0 0 0 0 0 0 0 0 0 0 0 0 0 0 0 0 0 0 0 0 0 0 0 0 0 0 0 0 0 0 0 0 0 0 0 0 0 0 0 0 0 0 0 0 0 0 0
T4: 0.0625 0.0625 0.0625 0.0625 0.0625 0.0625 0.0625 0.0625 0.0625 0.0625 0.0625 0.0625 0.0625 0.0625 0.0625 0.0625 0.0625 0.0625 0.0625 0.0625 0.0625 0.0625 0.0625 0.0625 0.0625 0.0625 0.0625 0.0625 0.0625 0.0625 0.0625 0.0625 0.0625 0.0625 0.0625 0.0625 0.0625 0.0625 0.0625 0.0625 0.0625 0.0625 0.0625 0.0625 0.0625 0.0625 0.0625 0.0625 0.0625 0.0625 0.0625 0.0625 0.0625 0.0625 0.0625 0.0625 0.0625 0.0625 0.0625 0.0625 0.0625 0.0625 0.0625 0.0625 0.0625 0.0625 0.0625 0.0625 0.0625 0.0625 0.0625 0.0625 0.0625 0.0625 0.0625 0.0625 0.0625 0.0625 0.0625 0.0625 0.0625 0.0625 0.0625 0.0625 0.0625 0.0625 0.0625 0.0625 0.0625 0.0625 0.0625 0.0625 0.0625 0.0625 0.0625 0.0625 0.0625 0.0625 0.0625 0.0625 0.0625 0.0625 0.0625 0.0625 0.0625 0.0625 0.0625 0.0625 0.0625 0.0625 0.0625 0.0625 0.0625 0.0625 0.0625 0.0625 0.0625 0.0625 0.0625 0.0625 0.0625 0.0625 0.0625 0.0625 0.0625 0.0625 0.0625 0.0625 0.0625 0.0625 0.0625 0.0625 0.0625 0.0625 0.0625 0.0625 0.0625 0.0625 0.0625 0.0625 0.0625 0.0625 0.0625 0.0625 0.0625 0.0625 0.0625 0.0625 0.0625 0.0625 0.0625 0.0625 0.0625 0.0625 0.0625 0.0625 0.0625 0.0625 0.0625 0.0625 0.0625 0.0625 0.0625 0.0625 0.0625 0.0625 0.0625 0.0625 0.0625 0.0625 0.0625 0.0625 0.0625 0.0625 0.0625 0.0625 0.0625 0.0625 0.0625 0.0625 0.0625 0.0625 0.0625 0.0625 0.0625 0.0625 0.0625 0.0625 0.0625 0.0625 0.0625 0.0625 0.0625 0.0625 0.0625 0.0625 0.0625 0.0625 0.0625 0.0625 0.0625 0.0625 0.0625 0.0625 0.0625 0.0625 0.0625 0.0625 0.0625 0.0625 0.0625 0.0625 0.0625 0.0625 0.0625 0.0625 0.0625 0.0625 0.0625 0.0625 0.0625 0.0625 0.0625 0.0625 0.0625 0.0625 0.0625 0.0625 0.0625 0.0625 0.0625 0.0625 0.0625 0.0625 0.0625 0.0625 0.0625 0.0625 0.0625 0.0625 0.0625 0.0625 0.0625 0.0625 0.0625 0.0625 0.0625 0.0625 0.0625 0.0625 0.0625 0.0625 0.0625 0.0625 0.0625 0.0625 0.0625 0.0625 0.0625 0.0625 0.0625 0.0625 0.0625 0.0625 0.0625 0.0625 0.0625 0.0625 0.0625 0.0625 0.0625 0.0625 0.0625 0.0625 0.0625 0.0625 0.0625 0.0625 0.0625 0.0625 0.0625 0.0625 0.0625 0.0625 0.0625 0.0625 0.0625 0.0625 0.0625 0.0625 0.0625 0.0625 0.0625 0.0625 0.0625 0.0625 0.0625 0.0625 0.0625 0.0625 0.0625 0.0625 0.0625 0.0625 0.0625 0.0625 0.0625 0.0625 0.0625 0.0625 0.0625 0.0625 0.0625 0.0625 0.0625 0.0625 0.0625 0.0625 0.0625 0.0625 0.0625 0.0625 0.0625 0.0625 0.0625 0.0625 0.0625 0.0625 0.0625 0.0625 0.0625 0.0625 0.0625 0.0625 0.0625 0.0625 0.0625 0.0625 0.0625 0.0625 0.0625 0.0625 0.0625 0.0625 0.0625 0.0625 0.0625 0.0625 0.0625 0.0625 0.0625 0.0625 0.0625 0.0625 0.0625 0.0625 0.0625 0.0625 0.0625 0.0625 0.0625
T5: 0.0625 0 0 0 0 0 0 0 0 0 0 0 0 0 0 0 0 0 0 0 0.0625 0 0 0 0 0 0 0 0 0 0 0 0 0 0 0 0 0 0 0 0.0625 0 0 0 0 0 0 0 0 0 0 0 0 0 0 0 0 0 0 0 0.0625 0 0 0 0 0 0 0 0 0 0 0 0 0 0 0 0 0 0 0 0.0625 0 0 0 0 0 0 0 0 0 0 0 0 0 0 0 0 0 0 0 0.0625 0 0 0 0 0 0 0 0 0 0 0 0 0 0 0 0 0 0 0 0.0625 0 0 0 0 0 0 0 0 0 0 0 0 0 0 0 0 0 0 0 0.0625 0 0 0 0 0 0 0 0 0 0 0 0 0 0 0 0 0 0 0 0.0625 0 0 0 0 0 0 0 0 0 0 0 0 0 0 0 0 0 0 0 0.0625 0 0 0 0 0 0 0 0 0 0 0 0 0 0 0 0 0 0 0 0.0625 0 0 0 0 0 0 0 0 0 0 0 0 0 0 0 0 0 0 0 0.0625 0 0 0 0 0 0 0 0 0 0 0 0 0 0 0 0 0 0 0 0.0625 0 0 0 0 0 0 0 0 0 0 0 0 0 0 0 0 0 0 0 0.0625 0 0 0 0 0 0 0 0 0 0 0 0 0 0 0 0 0 0 0 0.0625 0 0 0 0 0 0 0 0 0 0 0 0 0 0 0 0 0 0 0 0.0625 0 0 0 0 0 0 0 0 0 0 0 0 0 0 0 0 0 0 0 0.0625 0 0 0 0 0 0 0 0 0 0 0 0 0 0 0 0 0 0 0 0.0625 0 0 0 0 0 0 0 0 0 0 0 0 0 0 0 0 0 0 0 0.0625
Tp: 0.8125 0 0 0 0.96875 0 0 0 0 0 0.3125 0 0.125 0 0 0 0.3125 0 0 0 0.21875 0 0 0 0.5 0 0 0 0.65625 0 0 0 0.65625 0 0 0 0.75 0 0 0 0.65625 0 0 0 0.65625 0 0 0 0.65625 0 0 0 0.65625 0 0 0 0.65625 0 0 0 0.65625 0 0 0 0.65625 0 0 0 0.75 0 0 0 0.75 0 0 0 0.875 0 0 0 0.90625 0 0 0 0 0 0.375 0 0.0625 0 0 0 0.15625 0 0 0 0.0625 0 0 0 0.34375 0 0 0 0.4375 0 0 0 0.5 0 0 0 0.59375 0 0 0 0.59375 0 0 0 0.5 0 0 0 0.59375 0 0 0 0.59375 0 0 0 0.59375 0 0 0 0.59375 0 0 0 0.59375 0 0 0 0.59375 0 0 0 0.59375 0 0 0 0 0 0.25 0 0 0 0.3125 0 0 0 0 0 0 0 0.25 0 0 0 0.3125 0 0 0 0.28125 0 0 0 0.53125 0 0 0 0.25 0 0 0 0.5 0 0 0 0.40625 0 0 0 0.5 0 0 0 0.3125 0 0 0 0.5 0 0 0 0.53125 0 0 0 0.5 0 0 0 0.46875 0 0 0 0.4375 0 0 0 0.40625 0 0 0 0.46875 0 0.125 0 0 0 0.21875 0 0 0 0 0 0.3125 0 0.8125 0 0 0 0.21875 0 0 0 0.9375 0 0 0 0.9375 0.0625 0 0 0.3125 0 0 0 0.84375 0 0 0 0.84375 0 0 0 0.84375 0 0 0 0.5 0 0 0 0.84375 0 0 0 0.84375 0 0 0 0.84375 0 0 0 0.84375 0 0 0 0.75 0 0 0 0.65625 0 0 0 0.75 0 0 0 0.15625 0 0 0 0.15625 0 0 0 0 0 0.375 0 0.0625 0 0 0 0.8125 0 0 0 0.0625 0 0 0 0.34375 0 0 0 0.875 0 0 0 0.4375 0 0 0 0.15625 0 0 0 0.34375 0 0 0 0.78125 0 0 0 0.4375 0 0 0 0.5 0 0 0 0.4375 0 0 0 0.34375 0 0 0 0.34375 0 0 0 0.6875 0 0 0 0.4375 0 0 0 0.21875 0 0 0 0.21875 0 0 0 0 0 0.34375 0 0.9375 0 0 0 0.21875 0 0 0 0.90625 0 0 0 0.9375 0.0625 0 0 0.5 0 0 0 0.9375 0.0625 0 0 0.84375 0 0 0 0.84375 0 0 0 0.65625 0 0 0 0.84375 0 0 0 0.84375 0 0 0 0.84375 0 0 0 0.84375 0 0 0 0.75 0 0 0 0.65625 0 0 0 0.75 0 0 0 0.625 0 0 0 0.625 0 0 0 0.96875 0 0.59375 0 0.96875 0.0625 0 0 0.625 0 0 0 0.96875 0.0625 0 0 0.8125 0 0 0 0.8125 0 0 0 0.96875 0.09375 0 0 0.96875 0.03125 0 0 0.90625 0.03125 0 0 0.8125 0 0 0 0.90625 0.03125 0 0 0.90625 0.03125 0 0 0.90625 0.03125 0 0 0.90625 0.03125 0 0 0.90625 0.03125 0 0 0.8125 0 0 0 0.90625 0.03125 0 0 0.65625 0 0 0 0.5625 0 0 0 0 0 0.3125 0 0.3125 0 0 0 0.96875 0 0 0 0.5 0 0 0 0.65625 0 0 0 0.8125 0 0 0 0.65625 0 0 0 0.65625 0 0 0 0.65625 0 0 0 0.84375 0 0 0 0.65625 0 0 0 0.75 0 0 0 0.65625 0 0 0 0.65625 0 0 0 0.65625 0 0 0 0.84375 0 0 0 0.65625 0 0 0 0.8125 0 0 0 0.8125 0 0 0 0.96875 0 0.5625 0 0.96875 0.03125 0 0 0.71875 0 0 0 0.96875 0.0625 0 0 0.96875 0.09375 0 0 0.8125 0 0 0 0.71875 0 0 0 0.96875 0.03125 0 0 0.90625 0.03125 0 0 0.8125 0 0 0 0.90625 0.03125 0 0 0.90625 0.03125 0 0 0.90625 0.03125 0 0 0.90625 0.03125 0 0 0.90625 0.03125 0 0 0.8125 0 0 0 0.90625 0.03125 0 0 0.75 0 0 0 0.75 0 0 0 0.5 0 0.46875 0 0.84375 0 0 0 0.3125 0 0 0 0.84375 0 0 0 0.84375 0 0 0 0.65625 0 0 0 0.84375 0 0 0 0.8125 0 0 0 0.84375 0 0 0 0.65625 0 0 0 0.84375 0 0 0 0.84375 0 0 0 0.84375 0 0 0 0.84375 0 0 0 0.84375 0 0 0 0.75 0 0 0 0.84375 0 0 0 0.8125 0 0 0 0.90625 0 0 0 0.96875 0 0.5625 0 0.96875 0.03125 0 0 0.625 0 0 0 0.96875 0.03125 0 0 0.90625 0.03125 0 0 0.8125 0 0 0 0.90625 0.03125 0 0 0.96875 0.03125 0 0 0.71875 0 0 0 0.8125 0 0 0 0.90625 0.03125 0 0 0.90625 0.03125 0 0 0.90625 0.03125 0 0 0.90625 0.03125 0 0 0.90625 0.03125 0 0 0.8125 0 0 0 0.90625 0.03125 0 0 0.8125 0 0 0 0.8125 0 0 0 0.375 0 0.375 0 0.625 0 0 0 0.96875 0 0 0 0.8125 0 0 0 0.8125 0 0 0 0.96875 0.03125 0 0 0.8125 0 0 0 0.8125 0 0 0 0.8125 0 0 0 0.71875 0 0 0 0.8125 0 0 0 0.8125 0 0 0 0.8125 0 0 0 0.8125 0 0 0 0.8125 0 0 0 0.90625 0.03125 0 0 0.8125 0 0 0 0.8125 0 0 0 0.90625 0 0 0 0.96875 0 0.5625 0 0.96875 0.03125 0 0 0.71875 0 0 0 0.96875 0.03125 0 0 0.90625 0.03125 0 0 0.8125 0 0 0 0.90625 0.03125 0 0 0.96875 0.03125 0 0 0.90625 0.03125 0 0 0.8125 0 0 0 0.71875 0 0 0 0.90625 0.03125 0 0 0.90625 0.03125 0 0 0.90625 0.03125 0 0 0.90625 0.03125 0 0 0.8125 0 0 0 0.90625 0.03125 0 0 0.8125 0 0 0 0.90625 0 0 0 0.96875 0 0.59375 0 0.96875 0.03125 0 0 0.8125 0 0 0 0.96875 0.03125 0 0 0.90625 0.03125 0 0 0.90625 0 0 0 0.90625 0.03125 0 0 0.96875 0.03125 0 0 0.90625 0.03125 0 0 0.8125 0 0 0 0.90625 0.03125 0 0 0.71875 0 0 0 0.90625 0.03125 0 0 0.90625 0.03125 0 0 0.90625 0.03125 0 0 0.90625 0.03125 0 0 0.90625 0.03125 0 0 0.8125 0 0 0 0.90625 0 0 0 0.96875 0 0.5625 0 0.96875 0.03125 0 0 0.71875 0 0 0 0.96875 0.03125 0 0 0.90625 0.03125 0 0 0.8125 0 0 0 0.90625 0.03125 0 0 0.96875 0.03125 0 0 0.90625 0.03125 0 0 0.8125 0 0 0 0.90625 0.03125 0 0 0.90625 0.03125 0 0 0.71875 0 0 0 0.90625 0.03125 0 0 0.90625 0.03125 0 0 0.8125 0 0 0 0.90625 0.03125 0 0 0.8125 0 0 0 0.90625 0 0 0 0.96875 0 0.53125 0 0.96875 0.03125 0 0 0.625 0 0 0 0.96875 0.03125 0 0 0.90625 0.03125 0 0 0.8125 0 0 0 0.90625 0.03125 0 0 0.96875 0.03125 0 0 0.90625 0.03125 0 0 0.8125 0 0 0 0.90625 0.03125 0 0 0.90625 0.03125 0 0 0.90625 0.03125 0 0 0.71875 0 0 0 0.90625 0.03125 0 0 0.8125 0 0 0 0.90625 0.03125 0 0 0.8125 0 0 0 0.90625 0 0 0 0.96875 0 0.5 0 0.90625 0 0 0 0.625 0 0 0 0.90625 0 0 0 0.90625 0.03125 0 0 0.8125 0 0 0 0.90625 0.03125 0 0 0.96875 0.03125 0 0 0.90625 0.03125 0 0 0.8125 0 0 0 0.90625 0.03125 0 0 0.90625 0.03125 0 0 0.90625 0.03125 0 0 0.90625 0.03125 0 0 0.71875 0 0 0 0.8125 0 0 0 0.90625 0.03125 0 0 0.90625 0 0 0 0.90625 0 0 0 0.90625 0 0.46875 0 0.8125 0 0 0 0.96875 0 0 0 0.8125 0 0 0 0.8125 0 0 0 0.96875 0.03125 0 0 0.8125 0 0 0 0.90625 0 0 0 0.8125 0 0 0 0.90625 0.03125 0 0 0.8125 0 0 0 0.90625 0.03125 0 0 0.8125 0 0 0 0.8125 0 0 0 0.8125 0 0 0 0.71875 0 0 0 0.8125 0 0 0 0.90625 0 0 0 0.90625 0 0 0 0.96875 0 0.53125 0 0.90625 0 0 0 0.71875 0 0 0 0.90625 0 0 0 0.90625 0.03125 0 0 0.8125 0 0 0 0.90625 0.03125 0 0 0.96875 0.03125 0 0 0.90625 0.03125 0 0 0.8125 0 0 0 0.90625 0.03125 0 0 0.90625 0.03125 0 0 0.90625 0.03125 0 0 0.90625 0.03125 0 0 0.90625 0.03125 0 0 0.8125 0 0 0 0.71875 0 0 0
Tr: 0.57622236013412476 -0.54484814405441284 -1.9237498044967651 -0.28090614080429077 2.7239274978637695 -0.54484814405441284 -1.9237498044967651 -0.28090614080429077 -10.59184455871582 -0.54484814405441284 11.421383857727051 -0.28090614080429077 -8.8736801147460938 -0.54484814405441284 -1.9237498044967651 -0.28090614080429077 -6.2964339256286621 -0.54484814405441284 -1.9237498044967651 -0.28090614080429077 -7.585057258605957 -0.54484814405441284 -1.9237498044967651 -0.28090614080429077 -3.7191879749298096 -0.54484814405441284 -1.9237498044967651 -0.28090614080429077 -1.5714826583862305 -0.54484814405441284 -1.9237498044967651 -0.28090614080429077 -1.5714826583862305 -0.54484814405441284 -1.9237498044967651 -0.28090614080429077 -0.2828596830368042 -0.54484814405441284 -1.9237498044967651 -0.28090614080429077 -1.5714826583862305 -0.54484814405441284 -1.9237498044967651 -0.28090614080429077 -1.5714826583862305 -0.54484814405441284 -1.9237498044967651 -0.28090614080429077 -1.5714826583862305 -0.54484814405441284 -1.9237498044967651 -0.28090614080429077 -1.5714826583862305 -0.54484814405441284 -1.9237498044967651 -0.28090614080429077 -1.5714826583862305 -0.54484814405441284 -1.9237498044967651 -0.28090614080429077 -1.5714826583862305 -0.54484814405441284 -1.9237498044967651 -0.28090614080429077 -1.5714826583862305 -0.54484814405441284 -1.9237498044967651 -0.28090614080429077 -0.2828596830368042 -0.54484814405441284 -1.9237498044967651 -0.28090614080429077 -0.2828596830368042 -0.54484814405441284 -1.9237498044967651 -0.28090614080429077 1.4353044033050537 -0.54484814405441284 -1.9237498044967651 -0.28090614080429077 1.8648452758789062 -0.54484814405441284 -1.9237498044967651 -0.28090614080429077 -10.59184455871582 -0.54484814405441284 14.090410232543945 -0.28090614080429077 -9.732762336730957 -0.54484814405441284 -1.9237498044967651 -0.28090614080429077 -8.4441385269165039 -0.54484814405441284 -1.9237498044967651 -0.28090614080429077 -9.732762336730957 -0.54484814405441284 -1.9237498044967651 -0.28090614080429077 -5.8668932914733887 -0.54484814405441284 -1.9237498044967651 -0.28090614080429077 -4.5782699584960938 -0.54484814405441284 -1.9237498044967651 -0.28090614080429077 -3.7191879749298096 -0.54484814405441284 -1.9237498044967651 -0.28090614080429077 -2.4305648803710938 -0.54484814405441284 -1.9237498044967651 -0.28090614080429077 -2.4305648803710938 -0.54484814405441284 -1.9237498044967651 -0.28090614080429077 -3.7191879749298096 -0.54484814405441284 -1.9237498044967651 -0.28090614080429077 -2.4305648803710938 -0.54484814405441284 -1.9237498044967651 -0.28090614080429077 -2.4305648803710938 -0.54484814405441284 -1.9237498044967651 -0.28090614080429077 -2.4305648803710938 -0.54484814405441284 -1.9237498044967651 -0.28090614080429077 -2.4305648803710938 -0.54484814405441284 -1.9237498044967651 -0.28090614080429077 -2.4305648803710938 -0.54484814405441284 -1.9237498044967651 -0.28090614080429077 -2.4305648803710938 -0.54484814405441284 -1.9237498044967651 -0.28090614080429077 -2.4305648803710938 -0.54484814405441284 -1.9237498044967651 -0.28090614080429077 -10.59184455871582 -0.54484814405441284 8.7523565292358398 -0.28090614080429077 -10.59184455871582 -0.54484814405441284 11.421383857727051 -0.28090614080429077 -10.59184455871582 -0.54484814405441284 -1.9237498044967651 -0.28090614080429077 -10.59184455871582 -0.54484814405441284 8.7523565292358398 -0.28090614080429077 -10.59184455871582 -0.54484814405441284 11.421383857727051 -0.28090614080429077 -10.59184455871582 -0.54484814405441284 10.086870193481445 -0.28090614080429077 -10.59184455871582 -0.54484814405441284 20.762977600097656 -0.28090614080429077 -10.59184455871582 -0.54484814405441284 8.7523565292358398 -0.28090614080429077 -10.59184455871582 -0.54484814405441284 19.428462982177734 -0.28090614080429077 -10.59184455871582 -0.54484814405441284 15.424922943115234 -0.28090614080429077 -10.59184455871582 -0.54484814405441284 19.428462982177734 -0.28090614080429077 -10.59184455871582 -0.54484814405441284 11.421383857727051 -0.28090614080429077 -10.59184455871582 -0.54484814405441284 19.428462982177734 -0.28090614080429077 -10.59184455871582 -0.54484814405441284 20.762977600097656 -0.28090614080429077 -10.59184455871582 -0.54484814405441284 19.428462982177734 -0.28090614080429077 -10.59184455871582 -0.54484814405441284 18.093950271606445 -0.28090614080429077 -10.59184455871582 -0.54484814405441284 16.759437561035156 -0.28090614080429077 -10.59184455871582 -0.54484814405441284 15.424922943115234 -0.28090614080429077 -10.59184455871582 -0.54484814405441284 18.093950271606445 -0.28090614080429077 -8.8736801147460938 -0.54484814405441284 -1.9237498044967651 -0.28090614080429077 -7.585057258605957 -0.54484814405441284 -1.9237498044967651 -0.28090614080429077 -10.59184455871582 -0.54484814405441284 11.421383857727051 -0.28090614080429077 0.57622236013412476 -0.54484814405441284 -1.9237498044967651 -0.28090614080429077 -7.585057258605957 -0.54484814405441284 -1.9237498044967651 -0.28090614080429077 2.2943863868713379 -0.54484814405441284 -1.9237498044967651 -0.28090614080429077 2.2943863868713379 0.45177501440048218 -1.9237498044967651 -0.28090614080429077 -6.2964339256286621 -0.54484814405441284 -1.9237498044967651 -0.28090614080429077 1.0057632923126221 -0.54484814405441284 -1.9237498044967651 -0.28090614080429077 1.0057632923126221 -0.54484814405441284 -1.9237498044967651 -0.28090614080429077 1.0057632923126221 -0.54484814405441284 -1.9237498044967651 -0.28090614080429077 -3.7191879749298096 -0.54484814405441284 -1.9237498044967651 -0.28090614080429077 1.0057632923126221 -0.54484814405441284 -1.9237498044967651 -0.28090614080429077 1.0057632923126221 -0.54484814405441284 -1.9237498044967651 -0.28090614080429077 1.0057632923126221 -0.54484814405441284 -1.9237498044967651 -0.28090614080429077 1.0057632923126221 -0.54484814405441284 -1.9237498044967651 -0.28090614080429077 -0.2828596830368042 -0.54484814405441284 -1.9237498044967651 -0.28090614080429077 -1.5714826583862305 -0.54484814405441284 -1.9237498044967651 -0.28090614080429077 -0.2828596830368042 -0.54484814405441284 -1.9237498044967651 -0.28090614080429077 -8.4441385269165039 -0.54484814405441284 -1.9237498044967651 -0.28090614080429077 -8.4441385269165039 -0.54484814405441284 -1.9237498044967651 -0.28090614080429077 -10.59184455871582 -0.54484814405441284 14.090410232543945 -0.28090614080429077 -9.732762336730957 -0.54484814405441284 -1.9237498044967651 -0.28090614080429077 0.57622236013412476 -0.54484814405441284 -1.9237498044967651 -0.28090614080429077 -9.732762336730957 -0.54484814405441284 -1.9237498044967651 -0.28090614080429077 -5.8668932914733887 -0.54484814405441284 -1.9237498044967651 -0.28090614080429077 1.4353044033050537 -0.54484814405441284 -1.9237498044967651 -0.28090614080429077 -4.5782699584960938 -0.54484814405441284 -1.9237498044967651 -0.28090614080429077 -8.4441385269165039 -0.54484814405441284 -1.9237498044967651 -0.28090614080429077 -5.8668932914733887 -0.54484814405441284 -1.9237498044967651 -0.28090614080429077 0.14668136835098267 -0.54484814405441284 -1.9237498044967651 -0.28090614080429077 -4.5782699584960938 -0.54484814405441284 -1.9237498044967651 -0.28090614080429077 -3.7191879749298096 -0.54484814405441284 -1.9237498044967651 -0.28090614080429077 -4.5782699584960938 -0.54484814405441284 -1.9237498044967651 -0.28090614080429077 -5.8668932914733887 -0.54484814405441284 -1.9237498044967651 -0.28090614080429077 -5.8668932914733887 -0.54484814405441284 -1.9237498044967651 -0.28090614080429077 -1.1419417858123779 -0.54484814405441284 -1.9237498044967651 -0.28090614080429077 -4.5782699584960938 -0.54484814405441284 -1.9237498044967651 -0.28090614080429077 -7.585057258605957 -0.54484814405441284 -1.9237498044967651 -0.28090614080429077 -7.585057258605957 -0.54484814405441284 -1.9237498044967651 -0.28090614080429077 -10.59184455871582 -0.54484814405441284 12.755897521972656 -0.28090614080429077 2.2943863868713379 -0.54484814405441284 -1.9237498044967651 -0.28090614080429077 -7.585057258605957 -0.54484814405441284 -1.9237498044967651 -0.28090614080429077 1.8648452758789062 -0.54484814405441284 -1.9237498044967651 -0.28090614080429077 2.2943863868713379 0.45177501440048218 -1.9237498044967651 -0.28090614080429077 -3.7191879749298096 -0.54484814405441284 -1.9237498044967651 -0.28090614080429077 2.2943863868713379 0.45177501440048218 -1.9237498044967651 -0.28090614080429077 1.0057632923126221 -0.54484814405441284 -1.9237498044967651 -0.28090614080429077 1.0057632923126221 -0.54484814405441284 -1.9237498044967651 -0.28090614080429077 -1.5714826583862305 -0.54484814405441284 -1.9237498044967651 -0.28090614080429077 1.0057632923126221 -0.54484814405441284 -1.9237498044967651 -0.28090614080429077 1.0057632923126221 -0.54484814405441284 -1.9237498044967651 -0.28090614080429077 1.0057632923126221 -0.54484814405441284 -1.9237498044967651 -0.28090614080429077 1.0057632923126221 -0.54484814405441284 -1.9237498044967651 -0.28090614080429077 -0.2828596830368042 -0.54484814405441284 -1.9237498044967651 -0.28090614080429077 -1.5714826583862305 -0.54484814405441284 -1.9237498044967651 -0.28090614080429077 -0.2828596830368042 -0.54484814405441284 -1.9237498044967651 -0.28090614080429077 -2.0010237693786621 -0.54484814405441284 -1.9237498044967651 -0.28090614080429077 -2.0010237693786621 -0.54484814405441284 -1.9237498044967651 -0.28090614080429077 2.7239274978637695 -0.54484814405441284 23.432001113891602 -0.28090614080429077 2.7239274978637695 0.45177501440048218 -1.9237498044967651 -0.28090614080429077 -2.0010237693786621 -0.54484814405441284 -1.9237498044967651 -0.28090614080429077 2.7239274978637695 0.45177501440048218 -1.9237498044967651 -0.28090614080429077 0.57622236013412476 -0.54484814405441284 -1.9237498044967651 -0.28090614080429077 0.57622236013412476 -0.54484814405441284 -1.9237498044967651 -0.28090614080429077 2.7239274978637695 0.95008659362792969 -1.9237498044967651 -0.28090614080429077 2.7239274978637695 -0.046536579728126526 -1.9237498044967651 -0.28090614080429077 1.8648452758789062 -0.046536579728126526 -1.9237498044967651 -0.28090614080429077 0.57622236013412476 -0.54484814405441284 -1.9237498044967651 -0.28090614080429077 1.8648452758789062 -0.046536579728126526 -1.9237498044967651 -0.28090614080429077 1.8648452758789062 -0.046536579728126526 -1.9237498044967651 -0.28090614080429077 1.8648452758789062 -0.046536579728126526 -1.9237498044967651 -0.28090614080429077 1.8648452758789062 -0.046536579728126526 -1.9237498044967651 -0.28090614080429077 1.8648452758789062 -0.046536579728126526 -1.9237498044967651 -0.28090614080429077 0.57622236013412476 -0.54484814405441284 -1.9237498044967651 -0.28090614080429077 1.8648452758789062 -0.046536579728126526 -1.9237498044967651 -0.28090614080429077 -1.5714826583862305 -0.54484814405441284 -1.9237498044967651 -0.28090614080429077 -2.8601059913635254 -0.54484814405441284 -1.9237498044967651 -0.28090614080429077 -10.59184455871582 -0.54484814405441284 11.421383857727051 -0.28090614080429077 -6.2964339256286621 -0.54484814405441284 -1.9237498044967651 -0.28090614080429077 2.7239274978637695 -0.54484814405441284 -1.9237498044967651 -0.28090614080429077 -3.7191879749298096 -0.54484814405441284 -1.9237498044967651 -0.28090614080429077 -1.5714826583862305 -0.54484814405441284 -1.9237498044967651 -0.28090614080429077 0.57622236013412476 -0.54484814405441284 -1.9237498044967651 -0.28090614080429077 -1.5714826583862305 -0.54484814405441284 -1.9237498044967651 -0.28090614080429077 -1.5714826583862305 -0.54484814405441284 -1.9237498044967651 -0.28090614080429077 -1.5714826583862305 -0.54484814405441284 -1.9237498044967651 -0.28090614080429077 1.0057632923126221 -0.54484814405441284 -1.9237498044967651 -0.28090614080429077 -1.5714826583862305 -0.54484814405441284 -1.9237498044967651 -0.28090614080429077 -0.2828596830368042 -0.54484814405441284 -1.9237498044967651 -0.28090614080429077 -1.5714826583862305 -0.54484814405441284 -1.9237498044967651 -0.28090614080429077 -1.5714826583862305 -0.54484814405441284 -1.9237498044967651 -0.28090614080429077 -1.5714826583862305 -0.54484814405441284 -1.9237498044967651 -0.28090614080429077 1.0057632923126221 -0.54484814405441284 -1.9237498044967651 -0.28090614080429077 -1.5714826583862305 -0.54484814405441284 -1.9237498044967651 -0.28090614080429077 0.57622236013412476 -0.54484814405441284 -1.9237498044967651 -0.28090614080429077 0.57622236013412476 -0.54484814405441284 -1.9237498044967651 -0.28090614080429077 2.7239274978637695 -0.54484814405441284 22.097488403320312 -0.28090614080429077 2.7239274978637695 -0.046536579728126526 -1.9237498044967651 -0.28090614080429077 -0.71240073442459106 -0.54484814405441284 -1.9237498044967651 -0.28090614080429077 2.7239274978637695 0.45177501440048218 -1.9237498044967651 -0.28090614080429077 2.7239274978637695 0.95008659362792969 -1.9237498044967651 -0.28090614080429077 0.57622236013412476 -0.54484814405441284 -1.9237498044967651 -0.28090614080429077 -0.71240073442459106 -0.54484814405441284 -1.9237498044967651 -0.28090614080429077 2.7239274978637695 -0.046536579728126526 -1.9237498044967651 -0.28090614080429077 1.8648452758789062 -0.046536579728126526 -1.9237498044967651 -0.28090614080429077 0.57622236013412476 -0.54484814405441284 -1.9237498044967651 -0.28090614080429077 1.8648452758789062 -0.046536579728126526 -1.9237498044967651 -0.28090614080429077 1.8648452758789062 -0.046536579728126526 -1.9237498044967651 -0.28090614080429077 1.8648452758789062 -0.046536579728126526 -1.9237498044967651 -0.28090614080429077 1.8648452758789062 -0.046536579728126526 -1.9237498044967651 -0.28090614080429077 1.8648452758789062 -0.046536579728126526 -1.9237498044967651 -0.28090614080429077 0.57622236013412476 -0.54484814405441284 -1.9237498044967651 -0.28090614080429077 1.8648452758789062 -0.046536579728126526 -1.9237498044967651 -0.28090614080429077 -0.2828596830368042 -0.54484814405441284 -1.9237498044967651 -0.28090614080429077 -0.2828596830368042 -0.54484814405441284 -1.9237498044967651 -0.28090614080429077 -3.7191879749298096 -0.54484814405441284 18.093950271606445 -0.28090614080429077 1.0057632923126221 -0.54484814405441284 -1.9237498044967651 -0.28090614080429077 -6.2964339256286621 -0.54484814405441284 -1.9237498044967651 -0.28090614080429077 1.0057632923126221 -0.54484814405441284 -1.9237498044967651 -0.28090614080429077 1.0057632923126221 -0.54484814405441284 -1.9237498044967651 -0.28090614080429077 -1.5714826583862305 -0.54484814405441284 -1.9237498044967651 -0.28090614080429077 1.0057632923126221 -0.54484814405441284 -1.9237498044967651 -0.28090614080429077 0.57622236013412476 -0.54484814405441284 -1.9237498044967651 -0.28090614080429077 1.0057632923126221 -0.54484814405441284 -1.9237498044967651 -0.28090614080429077 -1.5714826583862305 -0.54484814405441284 -1.9237498044967651 -0.28090614080429077 1.0057632923126221 -0.54484814405441284 -1.9237498044967651 -0.28090614080429077 1.0057632923126221 -0.54484814405441284 -1.9237498044967651 -0.28090614080429077 1.0057632923126221 -0.54484814405441284 -1.9237498044967651 -0.28090614080429077 1.0057632923126221 -0.54484814405441284 -1.9237498044967651 -0.28090614080429077 1.0057632923126221 -0.54484814405441284 -1.9237498044967651 -0.28090614080429077 -0.2828596830368042 -0.54484814405441284 -1.9237498044967651 -0.28090614080429077 1.0057632923126221 -0.54484814405441284 -1.9237498044967651 -0.28090614080429077 0.57622236013412476 -0.54484814405441284 -1.9237498044967651 -0.28090614080429077 1.8648452758789062 -0.54484814405441284 -1.9237498044967651 -0.28090614080429077 2.7239274978637695 -0.54484814405441284 22.097488403320312 -0.28090614080429077 2.7239274978637695 -0.046536579728126526 -1.9237498044967651 -0.28090614080429077 -2.0010237693786621 -0.54484814405441284 -1.9237498044967651 -0.28090614080429077 2.7239274978637695 -0.046536579728126526 -1.9237498044967651 -0.28090614080429077 1.8648452758789062 -0.046536579728126526 -1.9237498044967651 -0.28090614080429077 0.57622236013412476 -0.54484814405441284 -1.9237498044967651 -0.28090614080429077 1.8648452758789062 -0.046536579728126526 -1.9237498044967651 -0.28090614080429077 2.7239274978637695 -0.046536579728126526 -1.9237498044967651 -0.28090614080429077 -0.71240073442459106 -0.54484814405441284 -1.9237498044967651 -0.28090614080429077 0.57622236013412476 -0.54484814405441284 -1.9237498044967651 -0.28090614080429077 1.8648452758789062 -0.046536579728126526 -1.9237498044967651 -0.28090614080429077 1.8648452758789062 -0.046536579728126526 -1.9237498044967651 -0.28090614080429077 1.8648452758789062 -0.046536579728126526 -1.9237498044967651 -0.28090614080429077 1.8648452758789062 -0.046536579728126526 -1.9237498044967651 -0.28090614080429077 1.8648452758789062 -0.046536579728126526 -1.9237498044967651 -0.28090614080429077 0.57622236013412476 -0.54484814405441284 -1.9237498044967651 -0.28090614080429077 1.8648452758789062 -0.046536579728126526 -1.9237498044967651 -0.28090614080429077 0.57622236013412476 -0.54484814405441284 -1.9237498044967651 -0.28090614080429077 0.57622236013412476 -0.54484814405441284 -1.9237498044967651 -0.28090614080429077 -5.437352180480957 -0.54484814405441284 14.090410232543945 -0.28090614080429077 -2.0010237693786621 -0.54484814405441284 -1.9237498044967651 -0.28090614080429077 2.7239274978637695 -0.54484814405441284 -1.9237498044967651 -0.28090614080429077 0.57622236013412476 -0.54484814405441284 -1.9237498044967651 -0.28090614080429077 0.57622236013412476 -0.54484814405441284 -1.9237498044967651 -0.28090614080429077 2.7239274978637695 -0.046536579728126526 -1.9237498044967651 -0.28090614080429077 0.57622236013412476 -0.54484814405441284 -1.9237498044967651 -0.28090614080429077 0.57622236013412476 -0.54484814405441284 -1.9237498044967651 -0.28090614080429077 0.57622236013412476 -0.54484814405441284 -1.9237498044967651 -0.28090614080429077 -0.71240073442459106 -0.54484814405441284 -1.9237498044967651 -0.28090614080429077 0.57622236013412476 -0.54484814405441284 -1.9237498044967651 -0.28090614080429077 0.57622236013412476 -0.54484814405441284 -1.9237498044967651 -0.28090614080429077 0.57622236013412476 -0.54484814405441284 -1.9237498044967651 -0.28090614080429077 0.57622236013412476 -0.54484814405441284 -1.9237498044967651 -0.28090614080429077 0.57622236013412476 -0.54484814405441284 -1.9237498044967651 -0.28090614080429077 1.8648452758789062 -0.046536579728126526 -1.9237498044967651 -0.28090614080429077 0.57622236013412476 -0.54484814405441284 -1.9237498044967651 -0.28090614080429077 0.57622236013412476 -0.54484814405441284 -1.9237498044967651 -0.28090614080429077 1.8648452758789062 -0.54484814405441284 -1.9237498044967651 -0.28090614080429077 2.7239274978637695 -0.54484814405441284 22.097488403320312 -0.28090614080429077 2.7239274978637695 -0.046536579728126526 -1.9237498044967651 -0.28090614080429077 -0.71240073442459106 -0.54484814405441284 -1.9237498044967651 -0.28090614080429077 2.7239274978637695 -0.046536579728126526 -1.9237498044967651 -0.28090614080429077 1.8648452758789062 -0.046536579728126526 -1.9237498044967651 -0.28090614080429077 0.57622236013412476 -0.54484814405441284 -1.9237498044967651 -0.28090614080429077 1.8648452758789062 -0.046536579728126526 -1.9237498044967651 -0.28090614080429077 2.7239274978637695 -0.046536579728126526 -1.9237498044967651 -0.28090614080429077 1.8648452758789062 -0.046536579728126526 -1.9237498044967651 -0.28090614080429077 0.57622236013412476 -0.54484814405441284 -1.9237498044967651 -0.28090614080429077 -0.71240073442459106 -0.54484814405441284 -1.9237498044967651 -0.28090614080429077 1.8648452758789062 -0.046536579728126526 -1.9237498044967651 -0.28090614080429077 1.8648452758789062 -0.046536579728126526 -1.9237498044967651 -0.28090614080429077 1.8648452758789062 -0.046536579728126526 -1.9237498044967651 -0.28090614080429077 1.8648452758789062 -0.046536579728126526 -1.9237498044967651 -0.28090614080429077 0.57622236013412476 -0.54484814405441284 -1.9237498044967651 -0.28090614080429077 1.8648452758789062 -0.046536579728126526 -1.9237498044967651 -0.28090614080429077 0.57622236013412476 -0.54484814405441284 -1.9237498044967651 -0.28090614080429077 1.8648452758789062 -0.54484814405441284 -1.9237498044967651 -0.28090614080429077 2.7239274978637695 -0.54484814405441284 23.432001113891602 -0.28090614080429077 2.7239274978637695 -0.046536579728126526 -1.9237498044967651 -0.28090614080429077 0.57622236013412476 -0.54484814405441284 -1.9237498044967651 -0.28090614080429077 2.7239274978637695 -0.046536579728126526 -1.9237498044967651 -0.28090614080429077 1.8648452758789062 -0.046536579728126526 -1.9237498044967651 -0.28090614080429077 1.8648452758789062 -0.54484814405441284 -1.9237498044967651 -0.28090614080429077 1.8648452758789062 -0.046536579728126526 -1.9237498044967651 -0.28090614080429077 2.7239274978637695 -0.046536579728126526 -1.9237498044967651 -0.28090614080429077 1.8648452758789062 -0.046536579728126526 -1.9237498044967651 -0.28090614080429077 0.57622236013412476 -0.54484814405441284 -1.9237498044967651 -0.28090614080429077 1.8648452758789062 -0.046536579728126526 -1.9237498044967651 -0.28090614080429077 -0.71240073442459106 -0.54484814405441284 -1.9237498044967651 -0.28090614080429077 1.8648452758789062 -0.046536579728126526 -1.9237498044967651 -0.28090614080429077 1.8648452758789062 -0.046536579728126526 -1.9237498044967651 -0.28090614080429077 1.8648452758789062 -0.046536579728126526 -1.9237498044967651 -0.28090614080429077 1.8648452758789062 -0.046536579728126526 -1.9237498044967651 -0.28090614080429077 1.8648452758789062 -0.046536579728126526 -1.9237498044967651 -0.28090614080429077 0.57622236013412476 -0.54484814405441284 -1.9237498044967651 -0.28090614080429077 1.8648452758789062 -0.54484814405441284 -1.9237498044967651 -0.28090614080429077 2.7239274978637695 -0.54484814405441284 22.097488403320312 -0.28090614080429077 2.7239274978637695 -0.046536579728126526 -1.9237498044967651 -0.28090614080429077 -0.71240073442459106 -0.54484814405441284 -1.9237498044967651 -0.28090614080429077 2.7239274978637695 -0.046536579728126526 -1.9237498044967651 -0.28090614080429077 1.8648452758789062 -0.046536579728126526 -1.9237498044967651 -0.28090614080429077 0.57622236013412476 -0.54484814405441284 -1.9237498044967651 -0.28090614080429077 1.8648452758789062 -0.046536579728126526 -1.9237498044967651 -0.28090614080429077 2.7239274978637695 -0.046536579728126526 -1.9237498044967651 -0.28090614080429077 1.8648452758789062 -0.046536579728126526 -1.9237498044967651 -0.28090614080429077 0.57622236013412476 -0.54484814405441284 -1.9237498044967651 -0.28090614080429077 1.8648452758789062 -0.046536579728126526 -1.9237498044967651 -0.28090614080429077 1.8648452758789062 -0.046536579728126526 -1.9237498044967651 -0.28090614080429077 -0.71240073442459106 -0.54484814405441284 -1.9237498044967651 -0.28090614080429077 1.8648452758789062 -0.046536579728126526 -1.9237498044967651 -0.28090614080429077 1.8648452758789062 -0.046536579728126526 -1.9237498044967651 -0.28090614080429077 0.57622236013412476 -0.54484814405441284 -1.9237498044967651 -0.28090614080429077 1.8648452758789062 -0.046536579728126526 -1.9237498044967651 -0.28090614080429077 0.57622236013412476 -0.54484814405441284 -1.9237498044967651 -0.28090614080429077 1.8648452758789062 -0.54484814405441284 -1.9237498044967651 -0.28090614080429077 2.7239274978637695 -0.54484814405441284 20.762977600097656 -0.28090614080429077 2.7239274978637695 -0.046536579728126526 -1.9237498044967651 -0.28090614080429077 -2.0010237693786621 -0.54484814405441284 -1.9237498044967651 -0.28090614080429077 2.7239274978637695 -0.046536579728126526 -1.9237498044967651 -0.28090614080429077 1.8648452758789062 -0.046536579728126526 -1.9237498044967651 -0.28090614080429077 0.57622236013412476 -0.54484814405441284 -1.9237498044967651 -0.28090614080429077 1.8648452758789062 -0.046536579728126526 -1.9237498044967651 -0.28090614080429077 2.7239274978637695 -0.046536579728126526 -1.9237498044967651 -0.28090614080429077 1.8648452758789062 -0.046536579728126526 -1.9237498044967651 -0.28090614080429077 0.57622236013412476 -0.54484814405441284 -1.9237498044967651 -0.28090614080429077 1.8648452758789062 -0.046536579728126526 -1.9237498044967651 -0.28090614080429077 1.8648452758789062 -0.046536579728126526 -1.9237498044967651 -0.28090614080429077 1.8648452758789062 -0.046536579728126526 -1.9237498044967651 -0.28090614080429077 -0.71240073442459106 -0.54484814405441284 -1.9237498044967651 -0.28090614080429077 1.8648452758789062 -0.046536579728126526 -1.9237498044967651 -0.28090614080429077 0.57622236013412476 -0.54484814405441284 -1.9237498044967651 -0.28090614080429077 1.8648452758789062 -0.046536579728126526 -1.9237498044967651 -0.28090614080429077 0.57622236013412476 -0.54484814405441284 -1.9237498044967651 -0.28090614080429077 1.8648452758789062 -0.54484814405441284 -1.9237498044967651 -0.28090614080429077 2.7239274978637695 -0.54484814405441284 19.428462982177734 -0.28090614080429077 1.8648452758789062 -0.54484814405441284 -1.9237498044967651 -0.28090614080429077 -2.0010237693786621 -0.54484814405441284 -1.9237498044967651 -0.28090614080429077 1.8648452758789062 -0.54484814405441284 -1.9237498044967651 -0.28090614080429077 1.8648452758789062 -0.046536579728126526 -1.9237498044967651 -0.28090614080429077 0.57622236013412476 -0.54484814405441284 -1.9237498044967651 -0.28090614080429077 1.8648452758789062 -0.046536579728126526 -1.9237498044967651 -0.28090614080429077 2.7239274978637695 -0.046536579728126526 -1.9237498044967651 -0.28090614080429077 1.8648452758789062 -0.046536579728126526 -1.9237498044967651 -0.28090614080429077 0.57622236013412476 -0.54484814405441284 -1.9237498044967651 -0.28090614080429077 1.8648452758789062 -0.046536579728126526 -1.9237498044967651 -0.28090614080429077 1.8648452758789062 -0.046536579728126526 -1.9237498044967651 -0.28090614080429077 1.8648452758789062 -0.046536579728126526 -1.9237498044967651 -0.28090614080429077 1.8648452758789062 -0.046536579728126526 -1.9237498044967651 -0.28090614080429077 -0.71240073442459106 -0.54484814405441284 -1.9237498044967651 -0.28090614080429077 0.57622236013412476 -0.54484814405441284 -1.9237498044967651 -0.28090614080429077 1.8648452758789062 -0.046536579728126526 -1.9237498044967651 -0.28090614080429077 1.8648452758789062 -0.54484814405441284 -1.9237498044967651 -0.28090614080429077 1.8648452758789062 -0.54484814405441284 -1.9237498044967651 -0.28090614080429077 1.8648452758789062 -0.54484814405441284 18.093950271606445 -0.28090614080429077 0.57622236013412476 -0.54484814405441284 -1.9237498044967651 -0.28090614080429077 2.7239274978637695 -0.54484814405441284 -1.9237498044967651 -0.28090614080429077 0.57622236013412476 -0.54484814405441284 -1.9237498044967651 -0.28090614080429077 0.57622236013412476 -0.54484814405441284 -1.9237498044967651 -0.28090614080429077 2.7239274978637695 -0.046536579728126526 -1.9237498044967651 -0.28090614080429077 0.57622236013412476 -0.54484814405441284 -1.9237498044967651 -0.28090614080429077 1.8648452758789062 -0.54484814405441284 -1.9237498044967651 -0.28090614080429077 0.57622236013412476 -0.54484814405441284 -1.9237498044967651 -0.28090614080429077 1.8648452758789062 -0.046536579728126526 -1.9237498044967651 -0.28090614080429077 0.57622236013412476 -0.54484814405441284 -1.9237498044967651 -0.28090614080429077 1.8648452758789062 -0.046536579728126526 -1.9237498044967651 -0.28090614080429077 0.57622236013412476 -0.54484814405441284 -1.9237498044967651 -0.28090614080429077 0.57622236013412476 -0.54484814405441284 -1.9237498044967651 -0.28090614080429077 0.57622236013412476 -0.54484814405441284 -1.9237498044967651 -0.28090614080429077 -0.71240073442459106 -0.54484814405441284 -1.9237498044967651 -0.28090614080429077 0.57622236013412476 -0.54484814405441284 -1.9237498044967651 -0.28090614080429077 1.8648452758789062 -0.54484814405441284 -1.9237498044967651 -0.28090614080429077 1.8648452758789062 -0.54484814405441284 -1.9237498044967651 -0.28090614080429077 2.7239274978637695 -0.54484814405441284 20.762977600097656 -0.28090614080429077 1.8648452758789062 -0.54484814405441284 -1.9237498044967651 -0.28090614080429077 -0.71240073442459106 -0.54484814405441284 -1.9237498044967651 -0.28090614080429077 1.8648452758789062 -0.54484814405441284 -1.9237498044967651 -0.28090614080429077 1.8648452758789062 -0.046536579728126526 -1.9237498044967651 -0.28090614080429077 0.57622236013412476 -0.54484814405441284 -1.9237498044967651 -0.28090614080429077 1.8648452758789062 -0.046536579728126526 -1.9237498044967651 -0.28090614080429077 2.7239274978637695 -0.046536579728126526 -1.9237498044967651 -0.28090614080429077 1.8648452758789062 -0.046536579728126526 -1.9237498044967651 -0.28090614080429077 0.57622236013412476 -0.54484814405441284 -1.9237498044967651 -0.28090614080429077 1.8648452758789062 -0.046536579728126526 -1.9237498044967651 -0.28090614080429077 1.8648452758789062 -0.046536579728126526 -1.9237498044967651 -0.28090614080429077 1.8648452758789062 -0.046536579728126526 -1.9237498044967651 -0.28090614080429077 1.8648452758789062 -0.046536579728126526 -1.9237498044967651 -0.28090614080429077 1.8648452758789062 -0.046536579728126526 -1.9237498044967651 -0.28090614080429077 0.57622236013412476 -0.54484814405441284 -1.9237498044967651 -0.28090614080429077 -0.71240073442459106 -0.54484814405441284 -1.9237498044967651 -0.28090614080429077
R: -0.109375 -0.21875 -0.0625 -0.21875 -0.015625 -0.5 -0.046875 -0.109375
Rq: 0 0 0 0.484375 0 0.015625 0 0.484375 0 0 0.046875 0.125 0 0 0 0
Rp: -1.1875 -1.8125 1.5625 -0.375 -0.875
event 2
dots: 0 0 511 124 124 120 60 48 36 48 40 36 36 16 20 16 16 16 16 0 0 511 124 124 88 60 44 52 36 40 44 28 24 20 20 12 12 16 511 511 16383.5 511 511 511 511 511 511 511 474 511 511 511 346 511 507 389 174 124 124 511 24 124 12 124 124 124 -8 104 124 -8 124 84 124 12 12 36 124 124 511 124 0 124 -8 -0 124 72 -12 100 76 72 8 96 48 32 -4 120 88 511 12 124 4 112 84 124 -4 56 124 -4 124 48 124 8 8 20 60 60 511 124 -8 112 -8 -4 92 32 -8 44 36 32 4 44 20 12 -4 48 44 511 124 -0 84 -4 -0 76 24 -4 40 24 28 4 36 16 12 -0 36 52 511 124 124 124 92 76 8 124 64 8 124 4 32 4 76 60 24 48 36 511 -8 72 -4 32 24 124 -4 16 112 -4 72 16 76 0 0 4 40 40 474 104 -12 56 -8 -4 64 16 -8 32 16 24 0 32 12 8 -4 36 44 511 124 100 124 44 40 8 112 32 -0 100 0 16 4 52 40 12 36 28 511 -8 76 -4 36 24 124 -4 16 100 -4 60 16 64 0 0 8 16 24 511 124 72 124 32 28 4 72 24 0 60 0 12 0 32 24 8 20 20 346 84 8 48 4 4 32 16 0 16 16 12 0 16 8 4 0 16 20 511 124 96 124 44 36 4 76 32 4 64 0 16 0 32 28 12 16 12 507 12 48 8 20 16 76 0 12 52 0 32 8 32 4 0 4 16 12 389 12 32 8 12 12 60 0 8 40 0 24 4 28 0 0 4 16 16 174 36 -4 20 -4 -0 24 4 -4 12 8 8 0 12 4 4 -0
batch1: -0.061976566910743713 -0.061976566910743713 2.3403904438018799 0.52098524570465088 0.52098524570465088 0.50218003988265991 0.2201017290353775 0.16368606686592102 0.10727041959762573 0.16368606686592102 0.1260756254196167 0.10727041959762573 0.10727041959762573 0.013244315981864929 0.03204953670501709 0.013244315981864929 0.013244315981864929 0.013244315981864929 0.013244315981864929 -0.061976566910743713 -0.061976566910743713 2.3403904438018799 0.52098524570465088 0.52098524570465088 0.35173827409744263 0.2201017290353775 0.14488086104393005 0.18249128758907318 0.10727041959762573 0.1260756254196167 0.14488086104393005 0.069659978151321411 0.05085475742816925 0.03204953670501709 0.03204953670501709 -0.0055609047412872314 -0.0055609047412872314 0.013244315981864929 2.3403904438018799 2.3403904438018799 76.961860656738281 2.3403904438018799 2.3403904438018799 2.3403904438018799 2.3403904438018799 2.3403904438018799 2.3403904438018799 2.3403904438018799 2.1664419174194336 2.3403904438018799 2.3403904438018799 2.3403904438018799 1.564674973487854 2.3403904438018799 2.3215851783752441 1.7668310403823853 0.75605052709579468 0.52098524570465088 0.52098524570465088 2.3403904438018799 0.05085475742816925 0.52098524570465088 -0.0055609047412872314 0.52098524570465088 0.52098524570465088 0.52098524570465088 -0.099586978554725647 0.42695915699005127 0.52098524570465088 -0.099586978554725647 0.52098524570465088 0.33293306827545166 0.52098524570465088 -0.0055609047412872314 -0.0055609047412872314 0.10727041959762573 0.52098524570465088 0.52098524570465088 2.3403904438018799 0.52098524570465088 -0.061976566910743713 0.52098524570465088 -0.099586978554725647 -0.061976566910743713 0.52098524570465088 0.27651739120483398 -0.118392214179039 0.40815392136573792 0.29532262682914734 0.27651739120483398 -0.024366125464439392 0.38934871554374695 0.16368606686592102 0.088465198874473572 -0.08078177273273468 0.50218003988265991 0.35173827409744263 2.3403904438018799 -0.0055609047412872314 0.52098524570465088 -0.043171361088752747 0.46456962823867798 0.33293306827545166 0.52098524570465088 -0.08078177273273468 0.20129650831222534 0.52098524570465088 -0.08078177273273468 0.52098524570465088 0.16368606686592102 0.52098524570465088 -0.024366125464439392 -0.024366125464439392 0.03204953670501709 0.2201017290353775 0.2201017290353775 2.3403904438018799 0.52098524570465088 -0.099586978554725647 0.46456962823867798 -0.099586978554725647 -0.08078177273273468 0.37054347991943359 0.088465198874473572 -0.099586978554725647 0.14488086104393005 0.10727041959762573 0.088465198874473572 -0.043171361088752747 0.14488086104393005 0.03204953670501709 -0.0055609047412872314 -0.08078177273273468 0.16368606686592102 0.14488086104393005 2.3403904438018799 0.52098524570465088 -0.061976566910743713 0.33293306827545166 -0.08078177273273468 -0.061976566910743713 0.29532262682914734 0.05085475742816925 -0.08078177273273468 0.1260756254196167 0.05085475742816925 0.069659978151321411 -0.043171361088752747 0.10727041959762573 0.013244315981864929 -0.0055609047412872314 -0.061976566910743713 0.10727041959762573 0.18249128758907318 2.3403904438018799 0.52098524570465088 0.52098524570465088 0.52098524570465088 0.37054347991943359 0.29532262682914734 -0.024366125464439392 0.52098524570465088 0.23890694975852966 -0.024366125464439392 0.52098524570465088 -0.043171361088752747 0.088465198874473572 -0.043171361088752747 0.29532262682914734 0.2201017290353775 0.05085475742816925 0.16368606686592102 0.10727041959762573 2.3403904438018799 -0.099586978554725647 0.27651739120483398 -0.08078177273273468 0.088465198874473572 0.05085475742816925 0.52098524570465088 -0.08078177273273468 0.013244315981864929 0.46456962823867798 -0.08078177273273468 0.27651739120483398 0.013244315981864929 0.29532262682914734 -0.061976566910743713 -0.061976566910743713 -0.043171361088752747 0.1260756254196167 0.1260756254196167 2.1664419174194336 0.42695915699005127 -0.118392214179039 0.20129650831222534 -0.099586978554725647 -0.08078177273273468 0.23890694975852966 0.013244315981864929 -0.099586978554725647 0.088465198874473572 0.013244315981864929 0.05085475742816925 -0.061976566910743713 0.088465198874473572 -0.0055609047412872314 -0.024366125464439392 -0.08078177273273468 0.10727041959762573 0.14488086104393005 2.3403904438018799 0.52098524570465088 0.40815392136573792 0.52098524570465088 0.14488086104393005 0.1260756254196167 -0.024366125464439392 0.46456962823867798 0.088465198874473572 -0.061976566910743713 0.40815392136573792 -0.061976566910743713 0.013244315981864929 -0.043171361088752747 0.18249128758907318 0.1260756254196167 -0.0055609047412872314 0.10727041959762573 0.069659978151321411 2.3403904438018799 -0.099586978554725647 0.29532262682914734 -0.08078177273273468 0.10727041959762573 0.05085475742816925 0.52098524570465088 -0.08078177273273468 0.013244315981864929 0.40815392136573792 -0.08078177273273468 0.2201017290353775 0.013244315981864929 0.23890694975852966 -0.061976566910743713 -0.061976566910743713 -0.024366125464439392 0.013244315981864929 0.05085475742816925 2.3403904438018799 0.52098524570465088 0.27651739120483398 0.52098524570465088 0.088465198874473572 0.069659978151321411 -0.043171361088752747 0.27651739120483398 0.05085475742816925 -0.061976566910743713 0.2201017290353775 -0.061976566910743713 -0.0055609047412872314 -0.061976566910743713 0.088465198874473572 0.05085475742816925 -0.024366125464439392 0.03204953670501709 0.03204953670501709 1.564674973487854 0.33293306827545166 -0.024366125464439392 0.16368606686592102 -0.043171361088752747 -0.043171361088752747 0.088465198874473572 0.013244315981864929 -0.061976566910743713 0.013244315981864929 0.013244315981864929 -0.0055609047412872314 -0.061976566910743713 0.013244315981864929 -0.024366125464439392 -0.043171361088752747 -0.061976566910743713 0.013244315981864929 0.03204953670501709 2.3403904438018799 0.52098524570465088 0.38934871554374695 0.52098524570465088 0.14488086104393005 0.10727041959762573 -0.043171361088752747 0.29532262682914734 0.088465198874473572 -0.043171361088752747 0.23890694975852966 -0.061976566910743713 0.013244315981864929 -0.061976566910743713 0.088465198874473572 0.069659978151321411 -0.0055609047412872314 0.013244315981864929 -0.0055609047412872314 2.3215851783752441 -0.0055609047412872314 0.16368606686592102 -0.024366125464439392 0.03204953670501709 0.013244315981864929 0.29532262682914734 -0.061976566910743713 -0.0055609047412872314 0.18249128758907318 -0.061976566910743713 0.088465198874473572 -0.024366125464439392 0.088465198874473572 -0.043171361088752747 -0.061976566910743713 -0.043171361088752747 0.013244315981864929 -0.0055609047412872314 1.7668310403823853 -0.0055609047412872314 0.088465198874473572 -0.024366125464439392 -0.0055609047412872314 -0.0055609047412872314 0.2201017290353775 -0.061976566910743713 -0.024366125464439392 0.1260756254196167 -0.061976566910743713 0.05085475742816925 -0.043171361088752747 0.069659978151321411 -0.061976566910743713 -0.061976566910743713 -0.043171361088752747 0.013244315981864929 0.013244315981864929 0.75605052709579468 0.10727041959762573 -0.08078177273273468 0.03204953670501709 -0.08078177273273468 -0.061976566910743713 0.05085475742816925 -0.043171361088752747 -0.08078177273273468 -0.0055609047412872314 -0.024366125464439392 -0.024366125464439392 -0.061976566910743713 -0.0055609047412872314 -0.043171361088752747 -0.043171361088752747 -0.061976566910743713
jmass: 0.080583035945892334
jdotp: 0.099065706133842468 0.096379242837429047 2.3665826320648193 0.15778402984142303 0.13053567707538605 0.13744369149208069 0.086400963366031647 0.077957808971405029 0.1359085738658905 0.083714514970779419 0.060591764748096466 0.1101953387260437 0.079492941498756409 0.087936103343963623 0.038716297596693039 0.094844117760658264 0.058385033160448074 0.039387915283441544 0.007246342021971941
T0: -0.0625 -0.0625 1.9375 0.5 0.5 0.5 0.25 0.1875 0.125 0.1875 0.125 0.125 0.125 0 0.0625 0 0 0 0 -0.0625 -0.0625 1.9375 0.5 0.5 0.375 0.25 0.125 0.1875 0.125 0.125 0.125 0.0625 0.0625 0.0625 0.0625 -0 -0 0 1.9375 1.9375 1.9375 1.9375 1.9375 1.9375 1.9375 1.9375 1.9375 1.9375 1.9375 1.9375 1.9375 1.9375 1.5625 1.9375 1.9375 1.75 0.75 0.5 0.5 1.9375 0.0625 0.5 -0 0.5 0.5 0.5 -0.125 0.4375 0.5 -0.125 0.5 0.3125 0.5 -0 -0 0.125 0.5 0.5 1.9375 0.5 -0.0625 0.5 -0.125 -0.0625 0.5 0.25 -0.125 0.4375 0.3125 0.25 -0 0.375 0.1875 0.0625 -0.0625 0.5 0.375 1.9375 -0 0.5 -0.0625 0.4375 0.3125 0.5 -0.0625 0.1875 0.5 -0.0625 0.5 0.1875 0.5 -0 -0 0.0625 0.25 0.25 1.9375 0.5 -0.125 0.4375 -0.125 -0.0625 0.375 0.0625 -0.125 0.125 0.125 0.0625 -0.0625 0.125 0.0625 -0 -0.0625 0.1875 0.125 1.9375 0.5 -0.0625 0.3125 -0.0625 -0.0625 0.3125 0.0625 -0.0625 0.125 0.0625 0.0625 -0.0625 0.125 0 -0 -0.0625 0.125 0.1875 1.9375 0.5 0.5 0.5 0.375 0.3125 -0 0.5 0.25 -0 0.5 -0.0625 0.0625 -0.0625 0.3125 0.25 0.0625 0.1875 0.125 1.9375 -0.125 0.25 -0.0625 0.0625 0.0625 0.5 -0.0625 0 0.4375 -0.0625 0.25 0 0.3125 -0.0625 -0.0625 -0.0625 0.125 0.125 1.9375 0.4375 -0.125 0.1875 -0.125 -0.0625 0.25 0 -0.125 0.0625 0 0.0625 -0.0625 0.0625 -0 -0 -0.0625 0.125 0.125 1.9375 0.5 0.4375 0.5 0.125 0.125 -0 0.4375 0.0625 -0.0625 0.4375 -0.0625 0 -0.0625 0.1875 0.125 -0 0.125 0.0625 1.9375 -0.125 0.3125 -0.0625 0.125 0.0625 0.5 -0.0625 0 0.4375 -0.0625 0.25 0 0.25 -0.0625 -0.0625 -0 0 0.0625 1.9375 0.5 0.25 0.5 0.0625 0.0625 -0.0625 0.25 0.0625 -0.0625 0.25 -0.0625 -0 -0.0625 0.0625 0.0625 -0 0.0625 0.0625 1.5625 0.3125 -0 0.1875 -0.0625 -0.0625 0.0625 0 -0.0625 0 0 -0 -0.0625 0 -0 -0.0625 -0.0625 0 0.0625 1.9375 0.5 0.375 0.5 0.125 0.125 -0.0625 0.3125 0.0625 -0.0625 0.25 -0.0625 0 -0.0625 0.0625 0.0625 -0 0 -0 1.9375 -0 0.1875 -0 0.0625 0 0.3125 -0.0625 -0 0.1875 -0.0625 0.0625 -0 0.0625 -0.0625 -0.0625 -0.0625 0 -0 1.75 -0 0.0625 -0 -0 -0 0.25 -0.0625 -0 0.125 -0.0625 0.0625 -0.0625 0.0625 -0.0625 -0.0625 -0.0625 0 0 0.75 0.125 -0.0625 0.0625 -0.0625 -0.0625 0.0625 -0.0625 -0.0625 -0 -0 -0 -0.0625 -0 -0.0625 -0.0625 -0.0625
T1: 0.125 0 0 0 0 0 0 0 0 0 0 0 0 0 0 0 0 0 0 0 0.125 0 0 0 0 0 0 0 0 0 0 0 0 0 0 0 0 0 0 0 1.9375 0 0 0 0 0 0 0 0 0 0 0 0 0 0 0 0 0 0 0 0.1875 0 0 0 0 0 0 0 0 0 0 0 0 0 0 0 0 0 0 0 0.125 0 0 0 0 0 0 0 0 0 0 0 0 0 0 0 0 0 0 0 0.125 0 0 0 0 0 0 0 0 0 0 0 0 0 0 0 0 0 0 0 0.0625 0 0 0 0 0 0 0 0 0 0 0 0 0 0 0 0 0 0 0 0.0625 0 0 0 0 0 0 0 0 0 0 0 0 0 0 0 0 0 0 0 0.125 0 0 0 0 0 0 0 0 0 0 0 0 0 0 0 0 0 0 0 0.0625 0 0 0 0 0 0 0 0 0 0 0 0 0 0 0 0 0 0 0 0.0625 0 0 0 0 0 0 0 0 0 0 0 0 0 0 0 0 0 0 0 0.125 0 0 0 0 0 0 0 0 0 0 0 0 0 0 0 0 0 0 0 0.0625 0 0 0 0 0 0 0 0 0 0 0 0 0 0 0 0 0 0 0 0.0625 0 0 0 0 0 0 0 0 0 0 0 0 0 0 0 0 0 0 0 0.0625 0 0 0 0 0 0 0 0 0 0 0 0 0 0 0 0 0 0 0 0.125 0 0 0 0 0 0 0 0 0 0 0 0 0 0 0 0 0 0 0 0.0625 0 0 0 0 0 0 0 0 0 0 0 0 0 0 0 0 0 0 0 0.0625 0 0 0 0 0 0 0 0 0 0 0 0 0 0 0 0 0 0 0 0
T2: 0.125 0.125 1.9375 0.1875 0.125 0.125 0.0625 0.0625 0.125 0.0625 0.0625 0.125 0.0625 0.0625 0.0625 0.125 0.0625 0.0625 0 0.125 0.125 1.9375 0.1875 0.125 0.125 0.0625 0.0625 0.125 0.0625 0.0625 0.125 0.0625 0.0625 0.0625 0.125 0.0625 0.0625 0 0.125 0.125 1.9375 0.1875 0.125 0.125 0.0625 0.0625 0.125 0.0625 0.0625 0.125 0.0625 0.0625 0.0625 0.125 0.0625 0.0625 0 0.125 0.125 1.9375 0.1875 0.125 0.125 0.0625 0.0625 0.125 0.0625 0.0625 0.125 0.0625 0.0625 0.0625 0.125 0.0625 0.0625 0 0.125 0.125 1.9375 0.1875 0.125 0.125 0.0625 0.0625 0.125 0.0625 0.0625 0.125 0.0625 0.0625 0.0625 0.125 0.0625 0.0625 0 0.125 0.125 1.9375 0.1875 0.125 0.125 0.0625 0.0625 0.125 0.0625 0.0625 0.125 0.0625 0.0625 0.0625 0.125 0.0625 0.0625 0 0.125 0.125 1.9375 0.1875 0.125 0.125 0.0625 0.0625 0.125 0.0625 0.0625 0.125 0.0625 0.0625 0.0625 0.125 0.0625 0.0625 0 0.125 0.125 1.9375 0.1875 0.125 0.125 0.0625 0.0625 0.125 0.0625 0.0625 0.125 0.0625 0.0625 0.0625 0.125 0.0625 0.0625 0 0.125 0.125 1.9375 0.1875 0.125 0.125 0.0625 0.0625 0.125 0.0625 0.0625 0.125 0.0625 0.0625 0.0625 0.125 0.0625 0.0625 0 0.125 0.125 1.9375 0.1875 0.125 0.125 0.0625 0.0625 0.125 0.0625 0.0625 0.125 0.0625 0.0625 0.0625 0.125 0.0625 0.0625 0 0.125 0.125 1.9375 0.1875 0.125 0.125 0.0625 0.0625 0.125 0.0625 0.0625 0.125 0.0625 0.0625 0.0625 0.125 0.0625 0.0625 0 0.125 0.125 1.9375 0.1875 0.125 0.125 0.0625 0.0625 0.125 0.0625 0.0625 0.125 0.0625 0.0625 0.0625 0.125 0.0625 0.0625 0 0.125 0.125 1.9375 0.1875 0.125 0.125 0.0625 0.0625 0.125 0.0625 0.0625 0.125 0.0625 0.0625 0.0625 0.125 0.0625 0.0625 0 0.125 0.125 1.9375 0.1875 0.125 0.125 0.0625 0.0625 0.125 0.0625 0.0625 0.125 0.0625 0.0625 0.0625 0.125 0.0625 0.0625 0 0.125 0.125 1.9375 0.1875 0.125 0.125 0.0625 0.0625 0.125 0.0625 0.0625 0.125 0.0625 0.0625 0.0625 0.125 0.0625 0.0625 0 0.125 0.125 1.9375 0.1875 0.125 0.125 0.0625 0.0625 0.125 0.0625 0.0625 0.125 0.0625 0.0625 0.0625 0.125 0.0625 0.0625 0 0.125 0.125 1.9375 0.1875 0.125 0.125 0.0625 0.0625 0.125 0.0625 0.0625 0.125 0.0625 0.0625 0.0625 0.125 0.0625 0.0625 0 0.125 0.125 1.9375 0.1875 0.125 0.125 0.0625 0.0625 0.125 0.0625 0.0625 0.125 0.0625 0.0625 0.0625 0.125 0.0625 0.0625 0 0.125 0.125 1.9375 0.1875 0.125 0.125 0.0625 0.0625 0.125 0.0625 0.0625 0.125 0.0625 0.0625 0.0625 0.125 0.0625 0.0625 0
T3: 0.125 0.125 0.125 0.125 0.125 0.125 0.125 0.125 0.125 0.125 0.125 0.125 0.125 0.125 0.125 0.125 0.125 0.125 0.125 0.125 0.125 0.125 0.125 0.125 0.125 0.125 0.125 0.125 0.125 0.125 0.125 0.125 0.125 0.125 0.125 0.125 0.125 0.125 1.9375 1.9375 1.9375 1.9375 1.9375 1.9375 1.9375 1.9375 1.9375 1.9375 1.9375 1.9375 1.9375 1.9375 1.9375 1.9375 1.9375 1.9375 1.9375 0.1875 0.1875 0.1875 0.1875 0.1875 0.1875 0.1875 0.1875 0.1875 0.1875 0.1875 0.1875 0.1875 0.1875 0.1875 0.1875 0.1875 0.1875 0.1875 0.125 0.125 0.125 0.125 0.125 0.125 0.125 0.125 0.125 0.125 0.125 0.125 0.125 0.125 0.125 0.125 0.125 0.125 0.125 0.125 0.125 0.125 0.125 0.125 0.125 0.125 0.125 0.125 0.125 0.125 0.125 0.125 0.125 0.125 0.125 0.125 0.125 0.125 0.0625 0.0625 0.0625 0.0625 0.0625 0.0625 0.0625 0.0625 0.0625 0.0625 0.0625 0.0625 0.0625 0.0625 0.0625 0.0625 0.0625 0.0625 0.0625 0.0625 0.0625 0.0625 0.0625 0.0625 0.0625 0.0625 0.0625 0.0625 0.0625 0.0625 0.0625 0.0625 0.0625 0.0625 0.0625 0.0625 0.0625 0.0625 0.125 0.125 0.125 0.125 0.125 0.125 0.125 0.125 0.125 0.125 0.125 0.125 0.125 0.125 0.125 0.125 0.125 0.125 0.125 0.0625 0.0625 0.0625 0.0625 0.0625 0.0625 0.0625 0.0625 0.0625 0.0625 0.0625 0.0625 0.0625 0.0625 0.0625 0.0625 0.0625 0.0625 0.0625 0.0625 0.0625 0.0625 0.0625 0.0625 0.0625 0.0625 0.0625 0.0625 0.0625 0.0625 0.0625 0.0625 0.0625 0.0625 0.0625 0.0625 0.0625 0.0625 0.125 0.125 0.125 0.125 0.125 0.125 0.125 0.125 0.125 0.125 0.125 0.125 0.125 0.125 0.125 0.125 0.125 0.125 0.125 0.0625 0.0625 0.0625 0.0625 0.0625 0.0625 0.0625 0.0625 0.0625 0.0625 0.0625 0.0625 0.0625 0.0625 0.0625 0.0625 0.0625 0.0625 0.0625 0.0625 0.0625 0.0625 0.0625 0.0625 0.0625 0.0625 0.0625 0.0625 0.0625 0.0625 0.0625 0.0625 0.0625 0.0625 0.0625 0.0625 0.0625 0.0625 0.0625 0.0625 0.0625 0.0625 0.0625 0.0625 0.0625 0.0625 0.0625 0.0625 0.0625 0.0625 0.0625 0.0625 0.0625 0.0625 0.0625 0.0625 0.0625 0.125 0.125 0.125 0.125 0.125 0.125 0.125 0.125 0.125 0.125 0.125 0.125 0.125 0.125 0.125 0.125 0.125 0.125 0.125 0.0625 0.0625 0.0625 0.0625 0.0625 0.0625 0.0625 0.0625 0.0625 0.0625 0.0625 0.0625 0.0625 0.0625 0.0625 0.0625 0.0625 0.0625 0.0625 0.0625 0.0625 0.0625 0.0625 0.0625 0.0625 0.0625 0.0625 0.0625 0.0625 0.0625 0.0625 0.0625 0.0625 0.0625 0.0625 0.0625 0.0625 0.0625 0 0 0 0 0 0 0 0 0 0 0 0 0 0 0 0 0 0 0
T4: 0.0625 0.0625 0.0625 0.0625 0.0625 0.0625 0.0625 0.0625 0.0625 0.0625 0.0625 0.0625 0.0625 0.0625 0.0625 0.0625 0.0625 0.0625 0.0625 0.0625 0.0625 0.0625 0.0625 0.0625 0.0625 0.0625 0.0625 0.0625 0.0625 0.0625 0.0625 0.0625 0.0625 0.0625 0.0625 0.0625 0.0625 0.0625 0.0625 0.0625 0.0625 0.0625 0.0625 0.0625 0.0625 0.0625 0.0625 0.0625 0.0625 0.0625 0.0625 0.0625 0.0625 0.0625 0.0625 0.0625 0.0625 0.0625 0.0625 0.0625 0.0625 0.0625 0.0625 0.0625 0.0625 0.0625 0.0625 0.0625 0.0625 0.0625 0.0625 0.0625 0.0625 0.0625 0.0625 0.0625 0.0625 0.0625 0.0625 0.0625 0.0625 0.0625 0.0625 0.0625 0.0625 0.0625 0.0625 0.0625 0.0625 0.0625 0.0625 0.0625 0.0625 0.0625 0.0625 0.0625 0.0625 0.0625 0.0625 0.0625 0.0625 0.0625 0.0625 0.0625 0.0625 0.0625 0.0625 0.0625 0.0625 0.0625 0.0625 0.0625 0.0625 0.0625 0.0625 0.0625 0.0625 0.0625 0.0625 0.0625 0.0625 0.0625 0.0625 0.0625 0.0625 0.0625 0.0625 0.0625 0.0625 0.0625 0.0625 0.0625 0.0625 0.0625 0.0625 0.0625 0.0625 0.0625 0.0625 0.0625 0.0625 0.0625 0.0625 0.0625 0.0625 0.0625 0.0625 0.0625 0.0625 0.0625 0.0625 0.0625 0.0625 0.0625 0.0625 0.0625 0.0625 0.0625 0.0625 0.0625 0.0625 0.0625 0.0625 0.0625 0.0625 0.0625 0.0625 0.0625 0.0625 0.0625 0.0625 0.0625 0.0625 0.0625 0.0625 0.0625 0.0625 0.0625 0.0625 0.0625 0.0625 0.0625 0.0625 0.0625 0.0625 0.0625 0.0625 0.0625 0.0625 0.0625 0.0625 0.0625 0.0625 0.0625 0.0625 0.0625 0.0625 0.0625 0.0625 0.0625 0.0625 0.0625 0.0625 0.0625 0.0625 0.0625 0.0625 0.0625 0.0625 0.0625 0.0625 0.0625 0.0625 0.0625 0.0625 0.0625 0.0625 0.0625 0.0625 0.0625 0.0625 0.0625 0.0625 0.0625 0.0625 0.0625 0.0625 0.0625 0.0625 0.0625 0.0625 0.0625 0.0625 0.0625 0.0625 0.0625 0.0625 0.0625 0.0625 0.0625 0.0625 0.0625 0.0625 0.0625 0.0625 0.0625 0.0625 0.0625 0.0625 0.0625 0.0625 0.0625 0.0625 0.0625 0.0625 0.0625 0.0625 0.0625 0.0625 0.0625 0.0625 0.0625 0.0625 0.0625 0.0625 0.0625 0.0625 0.0625 0.0625 0.0625 0.0625 0.0625 0.0625 0.0625 0.0625 0.0625 0.0625 0.0625 0.0625 0.0625 0.0625 0.0625 0.0625 0.0625 0.0625 0.0625 0.0625 0.0625 0.0625 0.0625 0.0625 0.0625 0.0625 0.0625 0.0625 0.0625 0.0625 0.0625 0.0625 0.0625 0.0625 0.0625 0.0625 0.0625 0.0625 0.0625 0.0625 0.0625 0.0625 0.0625 0.0625 0.0625 0.0625 0.0625 0.0625 0.0625 0.0625 0.0625 0.0625 0.0625 0.0625 0.0625 0.0625 0.0625 0.0625 0.0625 0.0625 0.0625 0.0625 0.0625 0.0625 0.0625 0.0625 0.0625 0.0625 0.0625 0.0625 0.0625 0.0625 0.0625 0.0625 0.0625 0.0625 0.0625 0.0625 0.0625 0.0625 0.0625 0.0625 0.0625 0.0625 0.0625 0.0625 0.0625 0.0625 0.0625 0.0625 0.0625 0.0625 0.0625 0.0625
T5: 0.0625 0 0 0 0 0 0 0 0 0 0 0 0 0 0 0 0 0 0 0 0.0625 0 0 0 0 0 0 0 0 0 0 0 0 0 0 0 0 0 0 0 0.0625 0 0 0 0 0 0 0 0 0 0 0 0 0 0 0 0 0 0 0 0.0625 0 0 0 0 0 0 0 0 0 0 0 0 0 0 0 0 0 0 0 0.0625 0 0 0 0 0 0 0 0 0 0 0 0 0 0 0 0 0 0 0 0.0625 0 0 0 0 0 0 0 0 0 0 0 0 0 0 0 0 0 0 0 0.0625 0 0 0 0 0 0 0 0 0 0 0 0 0 0 0 0 0 0 0 0.0625 0 0 0 0 0 0 0 0 0 0 0 0 0 0 0 0 0 0 0 0.0625 0 0 0 0 0 0 0 0 0 0 0 0 0 0 0 0 0 0 0 0.0625 0 0 0 0 0 0 0 0 0 0 0 0 0 0 0 0 0 0 0 0.0625 0 0 0 0 0 0 0 0 0 0 0 0 0 0 0 0 0 0 0 0.0625 0 0 0 0 0 0 0 0 0 0 0 0 0 0 0 0 0 0 0 0.0625 0 0 0 0 0 0 0 0 0 0 0 0 0 0 0 0 0 0 0 0.0625 0 0 0 0 0 0 0 0 0 0 0 0 0 0 0 0 0 0 0 0.0625 0 0 0 0 0 0 0 0 0 0 0 0 0 0 0 0 0 0 0 0.0625 0 0 0 0 0 0 0 0 0 0 0 0 0 0 0 0 0 0 0 0.0625 0 0 0 0 0 0 0 0 0 0 0 0 0 0 0 0 0 0 0 0.0625 0 0 0 0 0 0 0 0 0 0 0 0 0 0 0 0 0 0 0 0.0625
Tp: 0.90625 0 0 0 0.96875 0 0.03125 0 0.6875 0 0.96875 0 0.25 0 0 0 0.15625 0 0 0 0.15625 0 0 0 0.4375 0 0 0 0.5 0 0 0 0.6875 0 0 0 0.5 0 0 0 0.59375 0 0 0 0.6875 0 0 0 0.59375 0 0 0 0.78125 0 0 0 0.6875 0 0 0 0.875 0 0.03125 0 0.78125 0 0 0 0.78125 0 0 0 0.6875 0 0 0 0.96875 0 0.03125 0 0.90625 0 0 0 0.6875 0 0.96875 0 0.25 0 0 0 0.15625 0 0 0 0.34375 0 0 0 0.4375 0 0 0 0.59375 0 0 0 0.59375 0 0 0 0.59375 0 0 0 0.59375 0 0 0 0.6875 0 0 0 0.6875 0 0 0 0.6875 0 0 0 0.6875 0 0 0 0.78125 0 0.03125 0 0.78125 0 0 0 0.78125 0 0 0 0.6875 0 0 0 0 0 0.90625 0 0 0 0.90625 0 0.875 0 0 0 0 0 0.96875 0 0 0 0.90625 0 0 0 0.90625 0 0 0 0.875 0 0 0 0.875 0 0 0 0.90625 0 0 0 0.875 0 0 0 0.875 0 0 0 0.90625 0 0 0 0.875 0 0 0 0.875 0 0 0 0.9375 0 0 0 0.90625 0 0 0 0.875 0 0 0 0.90625 0 0 0 0.96875 0 0.09375 0 0 0 0.09375 0 0 0 0.625 0 0.96875 0 0.8125 0 0 0 0.09375 0 0 0 0.8125 0 0.0625 0 0 0 0 0 0 0 0 0 0.09375 0 0 0 0.90625 0 0.0625 0 0.09375 0 0 0 0.09375 0 0 0 0.90625 0 0.0625 0 0 0 0 0 0.28125 0 0 0 0.09375 0 0 0 0.71875 0 0.03125 0 0.71875 0 0.03125 0 0.4375 0 0 0 0.15625 0 0 0 0.15625 0 0 0 0.6875 0 0.96875 0 0.25 0 0 0 0.90625 0 0 0 0.15625 0 0 0 0.96875 0.03125 0 0 0.875 0 0 0 0.15625 0 0 0 0.4375 0 0 0 0.96875 0.03125 0 0 0.25 0 0 0 0.34375 0 0 0 0.4375 0 0 0 0.78125 0 0 0 0.34375 0 0 0 0.5 0 0 0 0.6875 0 0 0 0.78125 0 0 0 0.15625 0 0 0 0.34375 0 0 0 0.6875 0 0.96875 0 0.96875 0 0.0625 0 0.15625 0 0 0 0.90625 0 0 0 0.15625 0 0 0 0.34375 0 0 0 0.15625 0 0 0 0.875 0 0 0 0.5 0 0 0 0.15625 0 0 0 0.875 0 0 0 0.0625 0 0 0 0.5 0 0 0 0.15625 0 0 0 0.78125 0 0 0 0.78125 0 0 0 0.59375 0 0 0 0.5625 0 0 0 0.5625 0 0 0 0.75 0 0.96875 0 0.3125 0 0 0 0.96875 0.03125 0 0 0.3125 0 0 0 0.90625 0 0 0 0.9375 0 0 0 0.40625 0 0 0 0.75 0 0 0 0.96875 0.03125 0 0 0.75 0 0 0 0.65625 0 0 0 0.75 0 0 0 0.9375 0 0 0 0.75 0 0 0 0.75 0 0 0 0.84375 0 0 0 0.84375 0 0 0 0.65625 0 0 0 0.75 0 0 0 0.75 0 0.96875 0 0.3125 0 0 0 0.96875 0 0 0 0.5 0 0 0 0.9375 0 0 0 0.8125 0 0 0 0.5 0 0 0 0.75 0 0 0 0.9375 0 0 0 0.75 0 0 0 0.75 0 0 0 0.75 0 0 0 0.9375 0 0 0 0.75 0 0 0 0.84375 0 0 0 0.84375 0 0 0 0.84375 0 0 0 0.6875 0 0 0 0.59375 0 0 0 0.6875 0 0.96875 0 0.25 0 0 0 0.15625 0 0 0 0.15625 0 0 0 0.25 0 0 0 0.34375 0 0 0 0.8125 0 0 0 0.0625 0 0 0 0.4375 0 0 0 0.875 0 0.03125 0 0.0625 0 0 0 0.875 0 0 0 0.6875 0 0 0 0.96875 0 0.03125 0 0.34375 0 0 0 0.4375 0 0 0 0.59375 0 0 0 0.65625 0 0 0 0.75 0 0 0 0.75 0 0.96875 0 0.96875 0 0.0625 0 0.5625 0 0 0 0.96875 0 0 0 0.75 0 0 0 0.75 0 0 0 0.21875 0 0 0 0.8125 0 0 0 0.84375 0 0 0 0.3125 0 0 0 0.9375 0 0 0 0.5 0 0 0 0.84375 0 0 0 0.5 0 0 0 0.9375 0 0 0 0.9375 0 0 0 0.84375 0 0 0 0.75 0 0 0 0.75 0 0 0 0.75 0 0.96875 0 0.40625 0 0 0 0.96875 0.03125 0 0 0.65625 0 0 0 0.96875 0.03125 0 0 0.9375 0 0 0 0.5625 0 0 0 0.84375 0 0 0 0.90625 0 0 0 0.84375 0 0 0 0.84375 0 0 0 0.75 0 0 0 0.9375 0 0 0 0.84375 0 0 0 0.84375 0 0 0 0.84375 0 0 0 0.84375 0 0 0 0.6875 0 0 0 0.6875 0 0 0 0.6875 0 0.96875 0 0.25 0 0 0 0.25 0 0 0 0.15625 0 0 0 0.59375 0 0 0 0.59375 0 0 0 0.875 0 0.03125 0 0.15625 0 0 0 0.6875 0 0 0 0.90625 0 0 0 0.15625 0 0 0 0.875 0 0 0 0.78125 0 0 0 0.96875 0 0.03125 0 0.5 0 0 0 0.59375 0 0 0 0.6875 0 0 0 0.75 0 0 0 0.84375 0 0 0 0.75 0 0.96875 0 0.96875 0 0.0625 0 0.5 0 0 0 0.96875 0 0 0 0.65625 0 0 0 0.75 0 0 0 0.21875 0 0 0 0.9375 0 0 0 0.84375 0 0 0 0.3125 0 0 0 0.8125 0 0 0 0.5 0 0 0 0.84375 0 0 0 0.5625 0 0 0 0.9375 0 0 0 0.9375 0 0 0 0.75 0 0 0 0.9375 0 0 0 0.84375 0 0 0 0.75 0 0.96875 0 0.3125 0 0 0 0.5625 0 0 0 0.21875 0 0 0 0.75 0 0 0 0.75 0 0 0 0.96875 0 0 0 0.5 0 0 0 0.75 0 0 0 0.96875 0 0 0 0.5 0 0 0 0.8125 0 0 0 0.84375 0 0 0 0.96875 0 0 0 0.75 0 0 0 0.75 0 0 0 0.75 0 0 0 0.84375 0 0 0 0.84375 0 0 0 0.96875 0 0.96875 0 0.5625 0 0 0 0.9375 0 0 0 0.65625 0 0 0 0.9375 0 0 0 0.9375 0 0 0 0.84375 0 0 0 0.84375 0 0 0 0.9375 0 0 0 0.9375 0 0 0 0.84375 0 0 0 0.84375 0 0 0 0.8125 0 0 0 0.9375 0 0 0 0.84375 0 0 0 0.9375 0 0 0 0.84375 0 0 0 0.875 0 0.03125 0 0.78125 0 0.03125 0 0.6875 0 0.96875 0 0.25 0 0 0 0.34375 0 0 0 0.15625 0 0 0 0.59375 0 0 0 0.59375 0 0 0 0.96875 0 0.03125 0 0.34375 0 0 0 0.6875 0 0 0 0.96875 0 0.03125 0 0.4375 0 0 0 0.875 0 0 0 0.78125 0 0 0 0.90625 0 0 0 0.6875 0 0 0 0.6875 0 0 0 0.6875 0 0 0 0.9375 0 0 0 0.9375 0 0 0 0.75 0 0.96875 0 0.96875 0 0.03125 0 0.65625 0 0 0 0.9375 0 0 0 0.75 0 0 0 0.84375 0 0 0 0.5 0 0 0 0.9375 0 0 0 0.84375 0 0 0 0.65625 0 0 0 0.9375 0 0 0 0.75 0 0 0 0.84375 0 0 0 0.84375 0 0 0 0.8125 0 0 0 0.9375 0 0 0 0.84375 0 0 0 0.9375 0 0 0 0.9375 0 0 0 0.96875 0 0.96875 0 0.96875 0 0.03125 0 0.84375 0 0 0 0.9375 0 0 0 0.84375 0 0 0 0.84375 0 0 0 0.5625 0 0 0 0.9375 0 0 0 0.84375 0 0 0 0.75 0 0 0 0.9375 0 0 0 0.75 0 0 0 0.9375 0 0 0 0.84375 0 0 0 0.9375 0 0 0 0.8125 0 0 0 0.84375 0 0 0 0.96875 0 0 0 0.96875 0 0 0 0.96875 0 0.96875 0 0.90625 0 0 0 0.96875 0 0 0 0.90625 0 0 0 0.96875 0.03125 0 0 0.96875 0.03125 0 0 0.90625 0 0 0 0.96875 0.03125 0 0 0.96875 0.03125 0 0 0.96875 0 0 0 0.90625 0 0 0 0.90625 0 0 0 0.96875 0.03125 0 0 0.96875 0 0 0 0.96875 0.03125 0 0 0.96875 0.03125 0 0 0.71875 0 0 0
Tr: 1.8648452758789062 -0.54484814405441284 -1.9237498044967651 -0.28090614080429077 2.7239274978637695 -0.54484814405441284 -0.58923661708831787 -0.28090614080429077 -1.1419417858123779 -0.54484814405441284 39.446163177490234 -0.28090614080429077 -7.1555161476135254 -0.54484814405441284 -1.9237498044967651 -0.28090614080429077 -8.4441385269165039 -0.54484814405441284 -1.9237498044967651 -0.28090614080429077 -8.4441385269165039 -0.54484814405441284 -1.9237498044967651 -0.28090614080429077 -4.5782699584960938 -0.54484814405441284 -1.9237498044967651 -0.28090614080429077 -3.7191879749298096 -0.54484814405441284 -1.9237498044967651 -0.28090614080429077 -1.1419417858123779 -0.54484814405441284 -1.9237498044967651 -0.28090614080429077 -3.7191879749298096 -0.54484814405441284 -1.9237498044967651 -0.28090614080429077 -2.4305648803710938 -0.54484814405441284 -1.9237498044967651 -0.28090614080429077 -1.1419417858123779 -0.54484814405441284 -1.9237498044967651 -0.28090614080429077 -2.4305648803710938 -0.54484814405441284 -1.9237498044967651 -0.28090614080429077 0.14668136835098267 -0.54484814405441284 -1.9237498044967651 -0.28090614080429077 -1.1419417858123779 -0.54484814405441284 -1.9237498044967651 -0.28090614080429077 1.4353044033050537 -0.54484814405441284 -0.58923661708831787 -0.28090614080429077 0.14668136835098267 -0.54484814405441284 -1.9237498044967651 -0.28090614080429077 0.14668136835098267 -0.54484814405441284 -1.9237498044967651 -0.28090614080429077 -1.1419417858123779 -0.54484814405441284 -1.9237498044967651 -0.28090614080429077 2.7239274978637695 -0.54484814405441284 -0.58923661708831787 -0.28090614080429077 1.8648452758789062 -0.54484814405441284 -1.9237498044967651 -0.28090614080429077 -1.1419417858123779 -0.54484814405441284 39.446163177490234 -0.28090614080429077 -7.1555161476135254 -0.54484814405441284 -1.9237498044967651 -0.28090614080429077 -8.4441385269165039 -0.54484814405441284 -1.9237498044967651 -0.28090614080429077 -5.8668932914733887 -0.54484814405441284 -1.9237498044967651 -0.28090614080429077 -4.5782699584960938 -0.54484814405441284 -1.9237498044967651 -0.28090614080429077 -2.4305648803710938 -0.54484814405441284 -1.9237498044967651 -0.28090614080429077 -2.4305648803710938 -0.54484814405441284 -1.9237498044967651 -0.28090614080429077 -2.4305648803710938 -0.54484814405441284 -1.9237498044967651 -0.28090614080429077 -2.4305648803710938 -0.54484814405441284 -1.9237498044967651 -0.28090614080429077 -1.1419417858123779 -0.54484814405441284 -1.9237498044967651 -0.28090614080429077 -1.1419417858123779 -0.54484814405441284 -1.9237498044967651 -0.28090614080429077 -1.1419417858123779 -0.54484814405441284 -1.9237498044967651 -0.28090614080429077 -1.1419417858123779 -0.54484814405441284 -1.9237498044967651 -0.28090614080429077 0.14668136835098267 -0.54484814405441284 -0.58923661708831787 -0.28090614080429077 0.14668136835098267 -0.54484814405441284 -1.9237498044967651 -0.28090614080429077 0.14668136835098267 -0.54484814405441284 -1.9237498044967651 -0.28090614080429077 -1.1419417858123779 -0.54484814405441284 -1.9237498044967651 -0.28090614080429077 -10.59184455871582 -0.54484814405441284 36.777137756347656 -0.28090614080429077 -10.59184455871582 -0.54484814405441284 36.777137756347656 -0.28090614080429077 1.4353044033050537 -0.54484814405441284 -1.9237498044967651 -0.28090614080429077 -10.59184455871582 -0.54484814405441284 39.446163177490234 -0.28090614080429077 -10.59184455871582 -0.54484814405441284 36.777137756347656 -0.28090614080429077 -10.59184455871582 -0.54484814405441284 36.777137756347656 -0.28090614080429077 -10.59184455871582 -0.54484814405441284 35.442623138427734 -0.28090614080429077 -10.59184455871582 -0.54484814405441284 35.442623138427734 -0.28090614080429077 -10.59184455871582 -0.54484814405441284 36.777137756347656 -0.28090614080429077 -10.59184455871582 -0.54484814405441284 35.442623138427734 -0.28090614080429077 -10.59184455871582 -0.54484814405441284 35.442623138427734 -0.28090614080429077 -10.59184455871582 -0.54484814405441284 36.777137756347656 -0.28090614080429077 -10.59184455871582 -0.54484814405441284 35.442623138427734 -0.28090614080429077 -10.59184455871582 -0.54484814405441284 35.442623138427734 -0.28090614080429077 -10.59184455871582 -0.54484814405441284 38.111648559570312 -0.28090614080429077 -10.59184455871582 -0.54484814405441284 36.777137756347656 -0.28090614080429077 -10.59184455871582 -0.54484814405441284 35.442623138427734 -0.28090614080429077 -10.59184455871582 -0.54484814405441284 36.777137756347656 -0.28090614080429077 -10.59184455871582 -0.54484814405441284 39.446163177490234 -0.28090614080429077 -9.3032207489013672 -0.54484814405441284 -1.9237498044967651 -0.28090614080429077 -9.3032207489013672 -0.54484814405441284 -1.9237498044967651 -0.28090614080429077 -2.0010237693786621 -0.54484814405441284 39.446163177490234 -0.28090614080429077 0.57622236013412476 -0.54484814405441284 -1.9237498044967651 -0.28090614080429077 -9.3032207489013672 -0.54484814405441284 -1.9237498044967651 -0.28090614080429077 0.57622236013412476 -0.54484814405441284 0.74527668952941895 -0.28090614080429077 -10.59184455871582 -0.54484814405441284 -1.9237498044967651 -0.28090614080429077 -10.59184455871582 -0.54484814405441284 -1.9237498044967651 -0.28090614080429077 -9.3032207489013672 -0.54484814405441284 -1.9237498044967651 -0.28090614080429077 1.8648452758789062 -0.54484814405441284 0.74527668952941895 -0.28090614080429077 -9.3032207489013672 -0.54484814405441284 -1.9237498044967651 -0.28090614080429077 -9.3032207489013672 -0.54484814405441284 -1.9237498044967651 -0.28090614080429077 1.8648452758789062 -0.54484814405441284 0.74527668952941895 -0.28090614080429077 -10.59184455871582 -0.54484814405441284 -1.9237498044967651 -0.28090614080429077 -6.7259750366210938 -0.54484814405441284 -1.9237498044967651 -0.28090614080429077 -9.3032207489013672 -0.54484814405441284 -1.9237498044967651 -0.28090614080429077 -0.71240073442459106 -0.54484814405441284 -0.58923661708831787 -0.28090614080429077 -0.71240073442459106 -0.54484814405441284 -0.58923661708831787 -0.28090614080429077 -4.5782699584960938 -0.54484814405441284 -1.9237498044967651 -0.28090614080429077 -8.4441385269165039 -0.54484814405441284 -1.9237498044967651 -0.28090614080429077 -8.4441385269165039 -0.54484814405441284 -1.9237498044967651 -0.28090614080429077 -1.1419417858123779 -0.54484814405441284 39.446163177490234 -0.28090614080429077 -7.1555161476135254 -0.54484814405441284 -1.9237498044967651 -0.28090614080429077 1.8648452758789062 -0.54484814405441284 -1.9237498044967651 -0.28090614080429077 -8.4441385269165039 -0.54484814405441284 -1.9237498044967651 -0.28090614080429077 2.7239274978637695 -0.046536579728126526 -1.9237498044967651 -0.28090614080429077 1.4353044033050537 -0.54484814405441284 -1.9237498044967651 -0.28090614080429077 -8.4441385269165039 -0.54484814405441284 -1.9237498044967651 -0.28090614080429077 -4.5782699584960938 -0.54484814405441284 -1.9237498044967651 -0.28090614080429077 2.7239274978637695 -0.046536579728126526 -1.9237498044967651 -0.28090614080429077 -7.1555161476135254 -0.54484814405441284 -1.9237498044967651 -0.28090614080429077 -5.8668932914733887 -0.54484814405441284 -1.9237498044967651 -0.28090614080429077 -4.5782699584960938 -0.54484814405441284 -1.9237498044967651 -0.28090614080429077 0.14668136835098267 -0.54484814405441284 -1.9237498044967651 -0.28090614080429077 -5.8668932914733887 -0.54484814405441284 -1.9237498044967651 -0.28090614080429077 -3.7191879749298096 -0.54484814405441284 -1.9237498044967651 -0.28090614080429077 -1.1419417858123779 -0.54484814405441284 -1.9237498044967651 -0.28090614080429077 0.14668136835098267 -0.54484814405441284 -1.9237498044967651 -0.28090614080429077 -8.4441385269165039 -0.54484814405441284 -1.9237498044967651 -0.28090614080429077 -5.8668932914733887 -0.54484814405441284 -1.9237498044967651 -0.28090614080429077 -1.1419417858123779 -0.54484814405441284 39.446163177490234 -0.28090614080429077 2.7239274978637695 -0.54484814405441284 0.74527668952941895 -0.28090614080429077 -8.4441385269165039 -0.54484814405441284 -1.9237498044967651 -0.28090614080429077 1.8648452758789062 -0.54484814405441284 -1.9237498044967651 -0.28090614080429077 -8.4441385269165039 -0.54484814405441284 -1.9237498044967651 -0.28090614080429077 -5.8668932914733887 -0.54484814405441284 -1.9237498044967651 -0.28090614080429077 -8.4441385269165039 -0.54484814405441284 -1.9237498044967651 -0.28090614080429077 1.4353044033050537 -0.54484814405441284 -1.9237498044967651 -0.28090614080429077 -3.7191879749298096 -0.54484814405441284 -1.9237498044967651 -0.28090614080429077 -8.4441385269165039 -0.54484814405441284 -1.9237498044967651 -0.28090614080429077 1.4353044033050537 -0.54484814405441284 -1.9237498044967651 -0.28090614080429077 -9.732762336730957 -0.54484814405441284 -1.9237498044967651 -0.28090614080429077 -3.7191879749298096 -0.54484814405441284 -1.9237498044967651 -0.28090614080429077 -8.4441385269165039 -0.54484814405441284 -1.9237498044967651 -0.28090614080429077 0.14668136835098267 -0.54484814405441284 -1.9237498044967651 -0.28090614080429077 0.14668136835098267 -0.54484814405441284 -1.9237498044967651 -0.28090614080429077 -2.4305648803710938 -0.54484814405441284 -1.9237498044967651 -0.28090614080429077 -2.8601059913635254 -0.54484814405441284 -1.9237498044967651 -0.28090614080429077 -2.8601059913635254 -0.54484814405441284 -1.9237498044967651 -0.28090614080429077 -0.2828596830368042 -0.54484814405441284 39.446163177490234 -0.28090614080429077 -6.2964339256286621 -0.54484814405441284 -1.9237498044967651 -0.28090614080429077 2.7239274978637695 -0.046536579728126526 -1.9237498044967651 -0.28090614080429077 -6.2964339256286621 -0.54484814405441284 -1.9237498044967651 -0.28090614080429077 1.8648452758789062 -0.54484814405441284 -1.9237498044967651 -0.28090614080429077 2.2943863868713379 -0.54484814405441284 -1.9237498044967651 -0.28090614080429077 -5.0078110694885254 -0.54484814405441284 -1.9237498044967651 -0.28090614080429077 -0.2828596830368042 -0.54484814405441284 -1.9237498044967651 -0.28090614080429077 2.7239274978637695 -0.046536579728126526 -1.9237498044967651 -0.28090614080429077 -0.2828596830368042 -0.54484814405441284 -1.9237498044967651 -0.28090614080429077 -1.5714826583862305 -0.54484814405441284 -1.9237498044967651 -0.28090614080429077 -0.2828596830368042 -0.54484814405441284 -1.9237498044967651 -0.28090614080429077 2.2943863868713379 -0.54484814405441284 -1.9237498044967651 -0.28090614080429077 -0.2828596830368042 -0.54484814405441284 -1.9237498044967651 -0.28090614080429077 -0.2828596830368042 -0.54484814405441284 -1.9237498044967651 -0.28090614080429077 1.0057632923126221 -0.54484814405441284 -1.9237498044967651 -0.28090614080429077 1.0057632923126221 -0.54484814405441284 -1.9237498044967651 -0.28090614080429077 -1.5714826583862305 -0.54484814405441284 -1.9237498044967651 -0.28090614080429077 -0.2828596830368042 -0.54484814405441284 -1.9237498044967651 -0.28090614080429077 -0.2828596830368042 -0.54484814405441284 39.446163177490234 -0.28090614080429077 -6.2964339256286621 -0.54484814405441284 -1.9237498044967651 -0.28090614080429077 2.7239274978637695 -0.54484814405441284 -1.9237498044967651 -0.28090614080429077 -3.7191879749298096 -0.54484814405441284 -1.9237498044967651 -0.28090614080429077 2.2943863868713379 -0.54484814405441284 -1.9237498044967651 -0.28090614080429077 0.57622236013412476 -0.54484814405441284 -1.9237498044967651 -0.28090614080429077 -3.7191879749298096 -0.54484814405441284 -1.9237498044967651 -0.28090614080429077 -0.2828596830368042 -0.54484814405441284 -1.9237498044967651 -0.28090614080429077 2.2943863868713379 -0.54484814405441284 -1.9237498044967651 -0.28090614080429077 -0.2828596830368042 -0.54484814405441284 -1.9237498044967651 -0.28090614080429077 -0.2828596830368042 -0.54484814405441284 -1.9237498044967651 -0.28090614080429077 -0.2828596830368042 -0.54484814405441284 -1.9237498044967651 -0.28090614080429077 2.2943863868713379 -0.54484814405441284 -1.9237498044967651 -0.28090614080429077 -0.2828596830368042 -0.54484814405441284 -1.9237498044967651 -0.28090614080429077 1.0057632923126221 -0.54484814405441284 -1.9237498044967651 -0.28090614080429077 1.0057632923126221 -0.54484814405441284 -1.9237498044967651 -0.28090614080429077 1.0057632923126221 -0.54484814405441284 -1.9237498044967651 -0.28090614080429077 -1.1419417858123779 -0.54484814405441284 -1.9237498044967651 -0.28090614080429077 -2.4305648803710938 -0.54484814405441284 -1.9237498044967651 -0.28090614080429077 -1.1419417858123779 -0.54484814405441284 39.446163177490234 -0.28090614080429077 -7.1555161476135254 -0.54484814405441284 -1.9237498044967651 -0.28090614080429077 -8.4441385269165039 -0.54484814405441284 -1.9237498044967651 -0.28090614080429077 -8.4441385269165039 -0.54484814405441284 -1.9237498044967651 -0.28090614080429077 -7.1555161476135254 -0.54484814405441284 -1.9237498044967651 -0.28090614080429077 -5.8668932914733887 -0.54484814405441284 -1.9237498044967651 -0.28090614080429077 0.57622236013412476 -0.54484814405441284 -1.9237498044967651 -0.28090614080429077 -9.732762336730957 -0.54484814405441284 -1.9237498044967651 -0.28090614080429077 -4.5782699584960938 -0.54484814405441284 -1.9237498044967651 -0.28090614080429077 1.4353044033050537 -0.54484814405441284 -0.58923661708831787 -0.28090614080429077 -9.732762336730957 -0.54484814405441284 -1.9237498044967651 -0.28090614080429077 1.4353044033050537 -0.54484814405441284 -1.9237498044967651 -0.28090614080429077 -1.1419417858123779 -0.54484814405441284 -1.9237498044967651 -0.28090614080429077 2.7239274978637695 -0.54484814405441284 -0.58923661708831787 -0.28090614080429077 -5.8668932914733887 -0.54484814405441284 -1.9237498044967651 -0.28090614080429077 -4.5782699584960938 -0.54484814405441284 -1.9237498044967651 -0.28090614080429077 -2.4305648803710938 -0.54484814405441284 -1.9237498044967651 -0.28090614080429077 -1.5714826583862305 -0.54484814405441284 -1.9237498044967651 -0.28090614080429077 -0.2828596830368042 -0.54484814405441284 -1.9237498044967651 -0.28090614080429077 -0.2828596830368042 -0.54484814405441284 39.446163177490234 -0.28090614080429077 2.7239274978637695 -0.54484814405441284 0.74527668952941895 -0.28090614080429077 -2.8601059913635254 -0.54484814405441284 -1.9237498044967651 -0.28090614080429077 2.7239274978637695 -0.54484814405441284 -1.9237498044967651 -0.28090614080429077 -0.2828596830368042 -0.54484814405441284 -1.9237498044967651 -0.28090614080429077 -0.2828596830368042 -0.54484814405441284 -1.9237498044967651 -0.28090614080429077 -7.585057258605957 -0.54484814405441284 -1.9237498044967651 -0.28090614080429077 0.57622236013412476 -0.54484814405441284 -1.9237498044967651 -0.28090614080429077 1.0057632923126221 -0.54484814405441284 -1.9237498044967651 -0.28090614080429077 -6.2964339256286621 -0.54484814405441284 -1.9237498044967651 -0.28090614080429077 2.2943863868713379 -0.54484814405441284 -1.9237498044967651 -0.28090614080429077 -3.7191879749298096 -0.54484814405441284 -1.9237498044967651 -0.28090614080429077 1.0057632923126221 -0.54484814405441284 -1.9237498044967651 -0.28090614080429077 -3.7191879749298096 -0.54484814405441284 -1.9237498044967651 -0.28090614080429077 2.2943863868713379 -0.54484814405441284 -1.9237498044967651 -0.28090614080429077 2.2943863868713379 -0.54484814405441284 -1.9237498044967651 -0.28090614080429077 1.0057632923126221 -0.54484814405441284 -1.9237498044967651 -0.28090614080429077 -0.2828596830368042 -0.54484814405441284 -1.9237498044967651 -0.28090614080429077 -0.2828596830368042 -0.54484814405441284 -1.9237498044967651 -0.28090614080429077 -0.2828596830368042 -0.54484814405441284 39.446163177490234 -0.28090614080429077 -5.0078110694885254 -0.54484814405441284 -1.9237498044967651 -0.28090614080429077 2.7239274978637695 -0.046536579728126526 -1.9237498044967651 -0.28090614080429077 -1.5714826583862305 -0.54484814405441284 -1.9237498044967651 -0.28090614080429077 2.7239274978637695 -0.046536579728126526 -1.9237498044967651 -0.28090614080429077 2.2943863868713379 -0.54484814405441284 -1.9237498044967651 -0.28090614080429077 -2.8601059913635254 -0.54484814405441284 -1.9237498044967651 -0.28090614080429077 1.0057632923126221 -0.54484814405441284 -1.9237498044967651 -0.28090614080429077 1.8648452758789062 -0.54484814405441284 -1.9237498044967651 -0.28090614080429077 1.0057632923126221 -0.54484814405441284 -1.9237498044967651 -0.28090614080429077 1.0057632923126221 -0.54484814405441284 -1.9237498044967651 -0.28090614080429077 -0.2828596830368042 -0.54484814405441284 -1.9237498044967651 -0.28090614080429077 2.2943863868713379 -0.54484814405441284 -1.9237498044967651 -0.28090614080429077 1.0057632923126221 -0.54484814405441284 -1.9237498044967651 -0.28090614080429077 1.0057632923126221 -0.54484814405441284 -1.9237498044967651 -0.28090614080429077 1.0057632923126221 -0.54484814405441284 -1.9237498044967651 -0.28090614080429077 1.0057632923126221 -0.54484814405441284 -1.9237498044967651 -0.28090614080429077 -1.1419417858123779 -0.54484814405441284 -1.9237498044967651 -0.28090614080429077 -1.1419417858123779 -0.54484814405441284 -1.9237498044967651 -0.28090614080429077 -1.1419417858123779 -0.54484814405441284 39.446163177490234 -0.28090614080429077 -7.1555161476135254 -0.54484814405441284 -1.9237498044967651 -0.28090614080429077 -7.1555161476135254 -0.54484814405441284 -1.9237498044967651 -0.28090614080429077 -8.4441385269165039 -0.54484814405441284 -1.9237498044967651 -0.28090614080429077 -2.4305648803710938 -0.54484814405441284 -1.9237498044967651 -0.28090614080429077 -2.4305648803710938 -0.54484814405441284 -1.9237498044967651 -0.28090614080429077 1.4353044033050537 -0.54484814405441284 -0.58923661708831787 -0.28090614080429077 -8.4441385269165039 -0.54484814405441284 -1.9237498044967651 -0.28090614080429077 -1.1419417858123779 -0.54484814405441284 -1.9237498044967651 -0.28090614080429077 1.8648452758789062 -0.54484814405441284 -1.9237498044967651 -0.28090614080429077 -8.4441385269165039 -0.54484814405441284 -1.9237498044967651 -0.28090614080429077 1.4353044033050537 -0.54484814405441284 -1.9237498044967651 -0.28090614080429077 0.14668136835098267 -0.54484814405441284 -1.9237498044967651 -0.28090614080429077 2.7239274978637695 -0.54484814405441284 -0.58923661708831787 -0.28090614080429077 -3.7191879749298096 -0.54484814405441284 -1.9237498044967651 -0.28090614080429077 -2.4305648803710938 -0.54484814405441284 -1.9237498044967651 -0.28090614080429077 -1.1419417858123779 -0.54484814405441284 -1.9237498044967651 -0.28090614080429077 -0.2828596830368042 -0.54484814405441284 -1.9237498044967651 -0.28090614080429077 1.0057632923126221 -0.54484814405441284 -1.9237498044967651 -0.28090614080429077 -0.2828596830368042 -0.54484814405441284 39.446163177490234 -0.28090614080429077 2.7239274978637695 -0.54484814405441284 0.74527668952941895 -0.28090614080429077 -3.7191879749298096 -0.54484814405441284 -1.9237498044967651 -0.28090614080429077 2.7239274978637695 -0.54484814405441284 -1.9237498044967651 -0.28090614080429077 -1.5714826583862305 -0.54484814405441284 -1.9237498044967651 -0.28090614080429077 -0.2828596830368042 -0.54484814405441284 -1.9237498044967651 -0.28090614080429077 -7.585057258605957 -0.54484814405441284 -1.9237498044967651 -0.28090614080429077 2.2943863868713379 -0.54484814405441284 -1.9237498044967651 -0.28090614080429077 1.0057632923126221 -0.54484814405441284 -1.9237498044967651 -0.28090614080429077 -6.2964339256286621 -0.54484814405441284 -1.9237498044967651 -0.28090614080429077 0.57622236013412476 -0.54484814405441284 -1.9237498044967651 -0.28090614080429077 -3.7191879749298096 -0.54484814405441284 -1.9237498044967651 -0.28090614080429077 1.0057632923126221 -0.54484814405441284 -1.9237498044967651 -0.28090614080429077 -2.8601059913635254 -0.54484814405441284 -1.9237498044967651 -0.28090614080429077 2.2943863868713379 -0.54484814405441284 -1.9237498044967651 -0.28090614080429077 2.2943863868713379 -0.54484814405441284 -1.9237498044967651 -0.28090614080429077 -0.2828596830368042 -0.54484814405441284 -1.9237498044967651 -0.28090614080429077 2.2943863868713379 -0.54484814405441284 -1.9237498044967651 -0.28090614080429077 1.0057632923126221 -0.54484814405441284 -1.9237498044967651 -0.28090614080429077 -0.2828596830368042 -0.54484814405441284 39.446163177490234 -0.28090614080429077 -6.2964339256286621 -0.54484814405441284 -1.9237498044967651 -0.28090614080429077 -2.8601059913635254 -0.54484814405441284 -1.9237498044967651 -0.28090614080429077 -7.585057258605957 -0.54484814405441284 -1.9237498044967651 -0.28090614080429077 -0.2828596830368042 -0.54484814405441284 -1.9237498044967651 -0.28090614080429077 -0.2828596830368042 -0.54484814405441284 -1.9237498044967651 -0.28090614080429077 2.7239274978637695 -0.54484814405441284 -1.9237498044967651 -0.28090614080429077 -3.7191879749298096 -0.54484814405441284 -1.9237498044967651 -0.28090614080429077 -0.2828596830368042 -0.54484814405441284 -1.9237498044967651 -0.28090614080429077 2.7239274978637695 -0.54484814405441284 -1.9237498044967651 -0.28090614080429077 -3.7191879749298096 -0.54484814405441284 -1.9237498044967651 -0.28090614080429077 0.57622236013412476 -0.54484814405441284 -1.9237498044967651 -0.28090614080429077 1.0057632923126221 -0.54484814405441284 -1.9237498044967651 -0.28090614080429077 2.7239274978637695 -0.54484814405441284 -1.9237498044967651 -0.28090614080429077 -0.2828596830368042 -0.54484814405441284 -1.9237498044967651 -0.28090614080429077 -0.2828596830368042 -0.54484814405441284 -1.9237498044967651 -0.28090614080429077 -0.2828596830368042 -0.54484814405441284 -1.9237498044967651 -0.28090614080429077 1.0057632923126221 -0.54484814405441284 -1.9237498044967651 -0.28090614080429077 1.0057632923126221 -0.54484814405441284 -1.9237498044967651 -0.28090614080429077 2.7239274978637695 -0.54484814405441284 39.446163177490234 -0.28090614080429077 -2.8601059913635254 -0.54484814405441284 -1.9237498044967651 -0.28090614080429077 2.2943863868713379 -0.54484814405441284 -1.9237498044967651 -0.28090614080429077 -1.5714826583862305 -0.54484814405441284 -1.9237498044967651 -0.28090614080429077 2.2943863868713379 -0.54484814405441284 -1.9237498044967651 -0.28090614080429077 2.2943863868713379 -0.54484814405441284 -1.9237498044967651 -0.28090614080429077 1.0057632923126221 -0.54484814405441284 -1.9237498044967651 -0.28090614080429077 1.0057632923126221 -0.54484814405441284 -1.9237498044967651 -0.28090614080429077 2.2943863868713379 -0.54484814405441284 -1.9237498044967651 -0.28090614080429077 2.2943863868713379 -0.54484814405441284 -1.9237498044967651 -0.28090614080429077 1.0057632923126221 -0.54484814405441284 -1.9237498044967651 -0.28090614080429077 1.0057632923126221 -0.54484814405441284 -1.9237498044967651 -0.28090614080429077 0.57622236013412476 -0.54484814405441284 -1.9237498044967651 -0.28090614080429077 2.2943863868713379 -0.54484814405441284 -1.9237498044967651 -0.28090614080429077 1.0057632923126221 -0.54484814405441284 -1.9237498044967651 -0.28090614080429077 2.2943863868713379 -0.54484814405441284 -1.9237498044967651 -0.28090614080429077 1.0057632923126221 -0.54484814405441284 -1.9237498044967651 -0.28090614080429077 1.4353044033050537 -0.54484814405441284 -0.58923661708831787 -0.28090614080429077 0.14668136835098267 -0.54484814405441284 -0.58923661708831787 -0.28090614080429077 -1.1419417858123779 -0.54484814405441284 39.446163177490234 -0.28090614080429077 -7.1555161476135254 -0.54484814405441284 -1.9237498044967651 -0.28090614080429077 -5.8668932914733887 -0.54484814405441284 -1.9237498044967651 -0.28090614080429077 -8.4441385269165039 -0.54484814405441284 -1.9237498044967651 -0.28090614080429077 -2.4305648803710938 -0.54484814405441284 -1.9237498044967651 -0.28090614080429077 -2.4305648803710938 -0.54484814405441284 -1.9237498044967651 -0.28090614080429077 2.7239274978637695 -0.54484814405441284 -0.58923661708831787 -0.28090614080429077 -5.8668932914733887 -0.54484814405441284 -1.9237498044967651 -0.28090614080429077 -1.1419417858123779 -0.54484814405441284 -1.9237498044967651 -0.28090614080429077 2.7239274978637695 -0.54484814405441284 -0.58923661708831787 -0.28090614080429077 -4.5782699584960938 -0.54484814405441284 -1.9237498044967651 -0.28090614080429077 1.4353044033050537 -0.54484814405441284 -1.9237498044967651 -0.28090614080429077 0.14668136835098267 -0.54484814405441284 -1.9237498044967651 -0.28090614080429077 1.8648452758789062 -0.54484814405441284 -1.9237498044967651 -0.28090614080429077 -1.1419417858123779 -0.54484814405441284 -1.9237498044967651 -0.28090614080429077 -1.1419417858123779 -0.54484814405441284 -1.9237498044967651 -0.28090614080429077 -1.1419417858123779 -0.54484814405441284 -1.9237498044967651 -0.28090614080429077 2.2943863868713379 -0.54484814405441284 -1.9237498044967651 -0.28090614080429077 2.2943863868713379 -0.54484814405441284 -1.9237498044967651 -0.28090614080429077 -0.2828596830368042 -0.54484814405441284 39.446163177490234 -0.28090614080429077 2.7239274978637695 -0.54484814405441284 -0.58923661708831787 -0.28090614080429077 -1.5714826583862305 -0.54484814405441284 -1.9237498044967651 -0.28090614080429077 2.2943863868713379 -0.54484814405441284 -1.9237498044967651 -0.28090614080429077 -0.2828596830368042 -0.54484814405441284 -1.9237498044967651 -0.28090614080429077 1.0057632923126221 -0.54484814405441284 -1.9237498044967651 -0.28090614080429077 -3.7191879749298096 -0.54484814405441284 -1.9237498044967651 -0.28090614080429077 2.2943863868713379 -0.54484814405441284 -1.9237498044967651 -0.28090614080429077 1.0057632923126221 -0.54484814405441284 -1.9237498044967651 -0.28090614080429077 -1.5714826583862305 -0.54484814405441284 -1.9237498044967651 -0.28090614080429077 2.2943863868713379 -0.54484814405441284 -1.9237498044967651 -0.28090614080429077 -0.2828596830368042 -0.54484814405441284 -1.9237498044967651 -0.28090614080429077 1.0057632923126221 -0.54484814405441284 -1.9237498044967651 -0.28090614080429077 1.0057632923126221 -0.54484814405441284 -1.9237498044967651 -0.28090614080429077 0.57622236013412476 -0.54484814405441284 -1.9237498044967651 -0.28090614080429077 2.2943863868713379 -0.54484814405441284 -1.9237498044967651 -0.28090614080429077 1.0057632923126221 -0.54484814405441284 -1.9237498044967651 -0.28090614080429077 2.2943863868713379 -0.54484814405441284 -1.9237498044967651 -0.28090614080429077 2.2943863868713379 -0.54484814405441284 -1.9237498044967651 -0.28090614080429077 2.7239274978637695 -0.54484814405441284 39.446163177490234 -0.28090614080429077 2.7239274978637695 -0.54484814405441284 -0.58923661708831787 -0.28090614080429077 1.0057632923126221 -0.54484814405441284 -1.9237498044967651 -0.28090614080429077 2.2943863868713379 -0.54484814405441284 -1.9237498044967651 -0.28090614080429077 1.0057632923126221 -0.54484814405441284 -1.9237498044967651 -0.28090614080429077 1.0057632923126221 -0.54484814405441284 -1.9237498044967651 -0.28090614080429077 -2.8601059913635254 -0.54484814405441284 -1.9237498044967651 -0.28090614080429077 2.2943863868713379 -0.54484814405441284 -1.9237498044967651 -0.28090614080429077 1.0057632923126221 -0.54484814405441284 -1.9237498044967651 -0.28090614080429077 -0.2828596830368042 -0.54484814405441284 -1.9237498044967651 -0.28090614080429077 2.2943863868713379 -0.54484814405441284 -1.9237498044967651 -0.28090614080429077 -0.2828596830368042 -0.54484814405441284 -1.9237498044967651 -0.28090614080429077 2.2943863868713379 -0.54484814405441284 -1.9237498044967651 -0.28090614080429077 1.0057632923126221 -0.54484814405441284 -1.9237498044967651 -0.28090614080429077 2.2943863868713379 -0.54484814405441284 -1.9237498044967651 -0.28090614080429077 0.57622236013412476 -0.54484814405441284 -1.9237498044967651 -0.28090614080429077 1.0057632923126221 -0.54484814405441284 -1.9237498044967651 -0.28090614080429077 2.7239274978637695 -0.54484814405441284 -1.9237498044967651 -0.28090614080429077 2.7239274978637695 -0.54484814405441284 -1.9237498044967651 -0.28090614080429077 2.7239274978637695 -0.54484814405441284 39.446163177490234 -0.28090614080429077 1.8648452758789062 -0.54484814405441284 -1.9237498044967651 -0.28090614080429077 2.7239274978637695 -0.54484814405441284 -1.9237498044967651 -0.28090614080429077 1.8648452758789062 -0.54484814405441284 -1.9237498044967651 -0.28090614080429077 2.7239274978637695 -0.046536579728126526 -1.9237498044967651 -0.28090614080429077 2.7239274978637695 -0.046536579728126526 -1.9237498044967651 -0.28090614080429077 1.8648452758789062 -0.54484814405441284 -1.9237498044967651 -0.28090614080429077 2.7239274978637695 -0.046536579728126526 -1.9237498044967651 -0.28090614080429077 2.7239274978637695 -0.046536579728126526 -1.9237498044967651 -0.28090614080429077 2.7239274978637695 -0.54484814405441284 -1.9237498044967651 -0.28090614080429077 1.8648452758789062 -0.54484814405441284 -1.9237498044967651 -0.28090614080429077 1.8648452758789062 -0.54484814405441284 -1.9237498044967651 -0.28090614080429077 2.7239274978637695 -0.046536579728126526 -1.9237498044967651 -0.28090614080429077 2.7239274978637695 -0.54484814405441284 -1.9237498044967651 -0.28090614080429077 2.7239274978637695 -0.046536579728126526 -1.9237498044967651 -0.28090614080429077 2.7239274978637695 -0.046536579728126526 -1.9237498044967651 -0.28090614080429077 -0.71240073442459106 -0.54484814405441284 -1.9237498044967651 -0.28090614080429077
R: -0.25 0.421875 -0.078125 -0.21875 0.328125 -0.5 -0.046875 -0.109375
Rq: 0.3125 0 0 0.484375 0 0.484375 0 0.484375 0.484375 0.484375 0 0 0 0.375 0.484375 0
Rp: 0.3125 -0.8125 -2 -2 1.9375
