9.235566711425781250e+01 8.500401306152343750e+01 1.615702819824218750e+01 -3.229267883300781250e+01 7.875789642333984375e+01 6.893324279785156250e+01 2.532708168029785156e+01 -2.845228576660156250e+01 6.277970123291015625e+01 5.462076568603515625e+01 1.979994583129882812e+01 -2.376807594299316406e+01 6.255994415283203125e+01 5.475162506103515625e+01 1.907062721252441406e+01 -2.350143623352050781e+01 5.918290710449218750e+01 5.468953704833984375e+01 1.023990249633789062e+01 -2.016967201232910156e+01 5.548991012573242188e+01 5.107455444335937500e+01 1.062500286102294922e+01 -1.891108894348144531e+01 5.215403366088867188e+01 4.845316696166992188e+01 9.197726249694824219e+00 -1.696277046203613281e+01 3.272728347778320312e+01 3.033827209472656250e+01 6.109109878540039062e+00 -1.064533805847167969e+01 2.558682250976562500e+01 2.229822921752929688e+01 7.947850704193115234e+00 -9.710115432739257812e+00 2.527655029296875000e+01 2.321597480773925781e+01 4.273639202117919922e+00 -9.035419464111328125e+00 2.268418693542480469e+01 1.967095375061035156e+01 7.128701686859130859e+00 -8.763987541198730469e+00 2.121852493286132812e+01 1.949164962768554688e+01 4.128482341766357422e+00 -7.281075954437255859e+00 2.112853240966796875e+01 1.822344970703125000e+01 7.235961914062500000e+00 -7.870340347290039062e+00 1.997979736328125000e+01 1.834365844726562500e+01 3.753562450408935547e+00 -6.970910072326660156e+00 1.903112792968750000e+01 1.666579246520996094e+01 5.748180389404296875e+00 -7.167579174041748047e+00 1.967286109924316406e+01 1.697014236450195312e+01 4.088458538055419922e+00 -9.071969032287597656e+00
1.527135925292968750e+02 7.431404113769531250e+01 -1.319993133544921875e+02 1.936615562438964844e+01 1.330795440673828125e+02 6.993582916259765625e+01 -1.078491592407226562e+02 3.446310806274414062e+01 1.252884902954101562e+02 6.125754165649414062e+01 -1.080021514892578125e+02 1.674020195007324219e+01 5.668293380737304688e+01 2.807205390930175781e+01 -4.871596145629882812e+01 7.188165187835693359e+00 4.734181213378906250e+01 2.519511604309082031e+01 -3.801515197753906250e+01 1.270044422149658203e+01 3.690528106689453125e+01 1.778766441345214844e+01 -3.196817779541015625e+01 4.861532688140869141e+00 3.251862716674804688e+01 1.491205596923828125e+01 -2.880195999145507812e+01 2.353478431701660156e+00 2.836777496337890625e+01 1.349255847930908203e+01 -2.483045768737792969e+01 2.475864887237548828e+00 2.923152351379394531e+01 1.512813854217529297e+01 -2.385005378723144531e+01 7.535055637359619141e+00 2.711579132080078125e+01 1.322608661651611328e+01 -2.349265670776367188e+01 2.903770685195922852e+00 2.560103607177734375e+01 1.297544097900390625e+01 -2.185144996643066406e+01 3.089577198028564453e+00 2.339167785644531250e+01 1.110747146606445312e+01 -2.048806953430175781e+01 2.003597259521484375e+00 2.164537620544433594e+01 9.877120018005371094e+00 -1.920653533935546875e+01 1.433420300483703613e+00 2.065152549743652344e+01 9.183598518371582031e+00 -1.840919113159179688e+01 1.802410960197448730e+00 2.037014961242675781e+01 1.055380630493164062e+01 -1.680064392089843750e+01 4.612921714782714844e+00 1.873630905151367188e+01 8.505595207214355469e+00 -1.663141822814941406e+01 1.449163794517517090e+00
1.834632263183593750e+02 1.741605834960937500e+02 -5.195893478393554688e+01 -2.504195976257324219e+01 1.280395355224609375e+02 1.267962036132812500e+02 -1.771945762634277344e+01 -1.686348915100097656e+00 1.042922592163085938e+02 9.906146240234375000e+01 -2.915662574768066406e+01 -1.461416435241699219e+01 5.940062713623046875e+01 5.882730484008789062e+01 -8.186177253723144531e+00 -7.274063229560852051e-01 4.571823501586914062e+01 4.521776962280273438e+01 -6.721868038177490234e+00 -5.714481472969055176e-01 4.344272994995117188e+01 4.279312896728515625e+01 2.357195615768432617e+00 7.103701591491699219e+00 4.128001403808593750e+01 3.944253921508789062e+01 -1.078973865509033203e+01 -5.646969795227050781e+00 4.004184722900390625e+01 3.957060623168945312e+01 -6.084865093231201172e+00 -7.006608247756958008e-01 3.980882644653320312e+01 3.954257965087890625e+01 5.934841036796569824e-01 4.557940006256103516e+00 3.234862136840820312e+01 3.068872451782226562e+01 -9.065504074096679688e+00 -4.736301422119140625e+00 2.097777175903320312e+01 2.075870895385742188e+01 5.712982416152954102e-01 2.969261407852172852e+00 1.919251823425292969e+01 1.899066734313964844e+01 -2.774538755416870117e+00 9.596178680658340454e-02 1.707654380798339844e+01 1.675189208984375000e+01 1.217263817787170410e+00 3.082324743270874023e+00 1.569103431701660156e+01 1.487331867218017578e+01 -4.510565757751464844e+00 -2.151360511779785156e+00 1.511921215057373047e+01 1.453800487518310547e+01 -3.617933511734008789e+00 -2.031737089157104492e+00 1.451167297363281250e+01 1.435062122344970703e+01 -2.108019113540649414e+00 -4.297118484973907471e-01
2.011947174072265625e+02 -1.251801605224609375e+02 1.220849609375000000e+02 9.952010345458984375e+01 1.249665145874023438e+02 -7.737205505371093750e+01 7.601461029052734375e+01 6.206411361694335938e+01 4.583371353149414062e+01 -2.259212112426757812e+01 2.811065673828125000e+01 2.828597450256347656e+01 4.395928192138671875e+01 -2.215017890930175781e+01 2.699310111999511719e+01 2.670468330383300781e+01 3.590253448486328125e+01 -2.165212059020996094e+01 2.201330566406250000e+01 1.831237030029296875e+01 3.664673233032226562e+01 -1.822313117980957031e+01 2.286784553527832031e+01 2.208986282348632812e+01 3.336360931396484375e+01 -2.048536682128906250e+01 2.036068534851074219e+01 1.670038795471191406e+01 3.123008918762207031e+01 -1.937282371520996094e+01 1.882313537597656250e+01 1.567425346374511719e+01 3.250653076171875000e+01 -2.206165885925292969e+01 1.201764392852783203e+01 2.062259101867675781e+01 3.117991447448730469e+01 -1.528501319885253906e+01 1.935039520263671875e+01 1.908135986328125000e+01 3.026467514038085938e+01 -1.464939594268798828e+01 1.854589080810546875e+01 1.890440940856933594e+01 3.055452346801757812e+01 -2.053928565979003906e+01 1.128739929199218750e+01 1.960336494445800781e+01 2.680804061889648438e+01 -1.679940986633300781e+01 1.622119331359863281e+01 1.316524791717529297e+01 2.623283386230468750e+01 -1.711539649963378906e+01 1.517681694030761719e+01 1.284014701843261719e+01 2.590568161010742188e+01 -1.595443534851074219e+01 1.556028366088867188e+01 1.320749282836914062e+01 2.613340950012207031e+01 -1.255143165588378906e+01 1.641394233703613281e+01 1.599997329711914062e+01
6.700391235351562500e+02 -3.433709716796875000e+02 -4.657153625488281250e+02 3.378727416992187500e+02 1.383385772705078125e+02 -7.074176025390625000e+01 -9.645152282714843750e+01 6.950013732910156250e+01 1.323493804931640625e+02 -6.797500610351562500e+01 -9.157827758789062500e+01 6.715026855468750000e+01 4.458744430541992188e+01 -2.281012535095214844e+01 -3.119352722167968750e+01 2.224146270751953125e+01 3.873686599731445312e+01 -1.165525531768798828e+01 -3.111860084533691406e+01 1.990761184692382812e+01 3.181137084960937500e+01 -9.306842803955078125e+00 -2.509190559387207031e+01 1.719716072082519531e+01 2.675805664062500000e+01 -1.383423423767089844e+01 -1.847160911560058594e+01 1.354279327392578125e+01 1.120357704162597656e+01 -5.222223758697509766e+00 -7.922406673431396484e+00 5.956843376159667969e+00 1.107841587066650391e+01 -3.091150522232055664e+00 -8.708800315856933594e+00 6.108481407165527344e+00 1.073400020599365234e+01 -3.372099876403808594e+00 -8.257562637329101562e+00 5.971628665924072266e+00 1.017178630828857422e+01 -3.955651283264160156e+00 -7.912898063659667969e+00 5.018387317657470703e+00 1.045044040679931641e+01 -5.203212738037109375e+00 -6.976106643676757812e+00 5.783795833587646484e+00 9.287899017333984375e+00 -4.676281452178955078e+00 -6.650846958160400391e+00 4.490399360656738281e+00 9.403021812438964844e+00 -3.507252216339111328e+00 -7.267817497253417969e+00 4.735922813415527344e+00 8.299605369567871094e+00 -3.001872539520263672e+00 -6.673318862915039062e+00 3.916507482528686523e+00 8.420937538146972656e+00 -4.067007064819335938e+00 -5.753662109375000000e+00 4.611618518829345703e+00
2.660222473144531250e+02 -1.892986602783203125e+02 -1.579459686279296875e+02 -9.993463134765625000e+01 1.885976104736328125e+02 -1.353176727294921875e+02 -1.106281661987304688e+02 -7.084908294677734375e+01 7.562915039062500000e+01 -5.390982437133789062e+01 -4.472331619262695312e+01 -2.851850318908691406e+01 6.661032104492187500e+01 -4.733256149291992188e+01 -3.950011062622070312e+01 -2.522470092773437500e+01 6.330322265625000000e+01 -4.470998001098632812e+01 -3.798067092895507812e+01 -2.378581428527832031e+01 5.997505187988281250e+01 -4.238233566284179688e+01 -3.591966629028320312e+01 -2.257477760314941406e+01 5.596222305297851562e+01 -4.040624237060546875e+01 -3.211960983276367188e+01 -2.161982536315917969e+01 3.509698104858398438e+01 -2.487993621826171875e+01 -2.075918388366699219e+01 -1.348492717742919922e+01 2.794080162048339844e+01 -1.962530708312988281e+01 -1.662622642517089844e+01 -1.091349029541015625e+01 2.632075119018554688e+01 -1.860161590576171875e+01 -1.559980487823486328e+01 -1.016896629333496094e+01 2.525685882568359375e+01 -1.772509765625000000e+01 -1.546690750122070312e+01 -9.191562652587890625e+00 2.304123306274414062e+01 -1.658669281005859375e+01 -1.383142375946044922e+01 -8.028225898742675781e+00 2.088014030456542969e+01 -1.481830883026123047e+01 -1.230128192901611328e+01 -8.066998481750488281e+00 1.747372055053710938e+01 -1.222117805480957031e+01 -1.045903682708740234e+01 -6.825118541717529297e+00 1.521130943298339844e+01 -1.027070808410644531e+01 -1.090653800964355469e+01 -2.635133504867553711e+00 1.629026222229003906e+01 -1.149846935272216797e+01 -9.587636947631835938e+00 -6.419921875000000000e+00
1.675994567871093750e+02 -1.433725738525390625e+02 5.358665847778320312e+01 -6.828144073486328125e+01 1.638243103027343750e+02 -1.278989105224609375e+02 3.650127029418945312e+01 -9.564361572265625000e+01 8.203402709960937500e+01 -6.403345489501953125e+01 1.877028656005859375e+01 -4.771765899658203125e+01 6.191697692871093750e+01 -4.841576766967773438e+01 1.365652370452880859e+01 -3.609856414794921875e+01 6.572850036621093750e+01 -4.307295989990234375e+01 2.283905601501464844e+01 -4.408303451538085938e+01 6.323742675781250000e+01 -4.214741516113281250e+01 2.310968971252441406e+01 -4.108854293823242188e+01 6.251679992675781250e+01 -4.168225097656250000e+01 2.267103004455566406e+01 -4.069512939453125000e+01 4.503230285644531250e+01 -3.845190811157226562e+01 1.455704498291015625e+01 -1.836930656433105469e+01 5.288063812255859375e+01 -3.535594177246093750e+01 1.924920463562011719e+01 -3.427709960937500000e+01 3.981956481933593750e+01 -2.638570404052734375e+01 1.469315052032470703e+01 -2.595156860351562500e+01 2.860610008239746094e+01 -2.456989479064941406e+01 9.183197021484375000e+00 -1.141481971740722656e+01 3.267726516723632812e+01 -2.203480529785156250e+01 1.154854393005371094e+01 -2.118731117248535156e+01 3.149654579162597656e+01 -2.093241691589355469e+01 1.137441635131835938e+01 -2.060312843322753906e+01 2.835036277770996094e+01 -1.861371040344238281e+01 1.056517696380615234e+01 -1.859113883972167969e+01 2.444550895690917969e+01 -1.885511779785156250e+01 5.939235210418701172e+00 -1.438029670715332031e+01 2.600192260742187500e+01 -1.717713737487792969e+01 9.445448875427246094e+00 -1.708301544189453125e+01
3.463744812011718750e+02 -8.232125854492187500e+01 -3.290812988281250000e+02 -7.002852630615234375e+01 7.235437774658203125e+01 -1.716058349609375000e+01 -6.859986877441406250e+01 -1.532084655761718750e+01 5.804528427124023438e+01 -1.400771236419677734e+01 -5.506932067871093750e+01 -1.184862422943115234e+01 4.582764053344726562e+01 -1.067144393920898438e+01 -4.368487930297851562e+01 -8.826362609863281250e+00 4.146350479125976562e+01 -1.056851959228515625e+01 -3.931109237670898438e+01 -7.884572982788085938e+00 3.874474716186523438e+01 -4.371284484863281250e+00 -3.842273712158203125e+01 -2.392003774642944336e+00 3.826929092407226562e+01 -8.799275398254394531e+00 -3.633121490478515625e+01 -8.194755554199218750e+00 3.736365890502929688e+01 -1.015740680694580078e+01 -3.515642929077148438e+01 -7.541604518890380859e+00 3.709479904174804688e+01 -8.361797332763671875e+00 -3.529578018188476562e+01 -7.766099452972412109e+00 2.290554237365722656e+01 -6.020349025726318359e+00 -2.164800071716308594e+01 -4.445689201354980469e+00 2.224864387512207031e+01 -5.992432117462158203e+00 -2.102594566345214844e+01 -4.123412132263183594e+00 1.989443778991699219e+01 -4.696026802062988281e+00 -1.890981864929199219e+01 -4.016920566558837891e+00 1.504989814758300781e+01 -3.249063253402709961e+00 -1.435323524475097656e+01 -3.150819063186645508e+00 1.451167106628417969e+01 -1.123195648193359375e+00 -1.438116168975830078e+01 -1.577762603759765625e+00 1.398189830780029297e+01 -3.088579654693603516e+00 -1.335789299011230469e+01 -2.738943576812744141e+00 1.359658908843994141e+01 -2.666595935821533203e+00 -1.298110866546630859e+01 -3.040941715240478516e+00
1.050915451049804688e+02 1.030026779174804688e+02 2.064284515380859375e+01 -2.775773286819458008e+00 1.030892410278320312e+02 1.011018905639648438e+02 1.997900390625000000e+01 -2.576694250106811523e+00 9.525731658935546875e+01 9.306334686279296875e+01 2.008960533142089844e+01 -3.094773054122924805e+00 9.522077941894531250e+01 9.334420776367187500e+01 1.868870544433593750e+01 -2.142106294631958008e+00 7.900419616699218750e+01 7.749389648437500000e+01 1.516608905792236328e+01 -2.515636205673217773e+00 6.675116729736328125e+01 6.449514770507812500e+01 1.682742691040039062e+01 -3.593430757522583008e+00 5.345170593261718750e+01 5.240230941772460938e+01 1.047781181335449219e+01 -1.130625128746032715e+00 5.153223419189453125e+01 4.960071945190429688e+01 1.360122966766357422e+01 -3.216577291488647461e+00 5.046107101440429688e+01 4.948448562622070312e+01 9.821002006530761719e+00 -1.064692378044128418e+00 4.717913055419921875e+01 4.633663558959960938e+01 8.798603057861328125e+00 -1.162616610527038574e+00 4.588362503051757812e+01 4.499114227294921875e+01 8.909169197082519531e+00 -1.308107376098632812e+00 4.356763839721679688e+01 4.208234405517578125e+01 1.100951194763183594e+01 -2.446781635284423828e+00 4.067422485351562500e+01 3.984891891479492188e+01 8.036402702331542969e+00 -1.361151099205017090e+00 3.345190429687500000e+01 3.283771896362304688e+01 6.324597835540771484e+00 -8.334784507751464844e-01 3.317197418212890625e+01 3.248526000976562500e+01 6.673158645629882812e+00 -7.462435364723205566e-01 2.960652160644531250e+01 2.865479278564453125e+01 7.354294776916503906e+00 -1.159291744232177734e+00
1.355489196777343750e+02 9.495764923095703125e+01 -9.352645111083984375e+01 2.468476295471191406e+01 1.276803588867187500e+02 8.990432739257812500e+01 -8.768324279785156250e+01 2.304636955261230469e+01 6.986002349853515625e+01 4.897658157348632812e+01 -4.849037170410156250e+01 1.138089942932128906e+01 6.503393554687500000e+01 4.597893524169921875e+01 -4.482502746582031250e+01 1.028709983825683594e+01 5.919317626953125000e+01 4.162093734741210938e+01 -4.077490615844726562e+01 1.043634319305419922e+01 5.381728744506835938e+01 3.716487503051757812e+01 -3.791609573364257812e+01 8.800135612487792969e+00 4.984767532348632812e+01 3.476451492309570312e+01 -3.471750640869140625e+01 8.419899940490722656e+00 4.937528610229492188e+01 3.545810699462890625e+01 -3.396597671508789062e+01 5.106053352355957031e+00 4.941654205322265625e+01 3.486121749877929688e+01 -3.410243606567382812e+01 7.966367244720458984e+00 4.514625167846679688e+01 3.182406425476074219e+01 -3.122518730163574219e+01 7.098005771636962891e+00 4.577011871337890625e+01 3.198489379882812500e+01 -3.082387542724609375e+01 1.099391365051269531e+01 4.031725692749023438e+01 2.807865524291992188e+01 -2.752235603332519531e+01 8.921340942382812500e+00 3.949085235595703125e+01 3.065320014953613281e+01 -2.455281066894531250e+01 4.131367683410644531e+00 4.001980590820312500e+01 2.832977294921875000e+01 -2.681222343444824219e+01 8.950619697570800781e+00 3.696604537963867188e+01 2.929420280456542969e+01 -2.221455574035644531e+01 3.738461017608642578e+00 3.610960388183593750e+01 2.674797439575195312e+01 -2.394927406311035156e+01 3.855174064636230469e+00
2.533898162841796875e+02 2.448219604492187500e+02 3.639413833618164062e+01 5.425936889648437500e+01 2.197538909912109375e+02 2.125147399902343750e+02 3.104839134216308594e+01 4.653230285644531250e+01 2.098822631835937500e+02 2.026765747070312500e+02 2.994726371765136719e+01 4.556220626831054688e+01 8.406298828125000000e+01 8.121096801757812500e+01 1.209846496582031250e+01 1.802699851989746094e+01 5.580094528198242188e+01 5.410554504394531250e+01 7.740763664245605469e+00 1.124263668060302734e+01 5.103599929809570312e+01 4.932522964477539062e+01 7.584862709045410156e+00 1.068480396270751953e+01 3.616508483886718750e+01 3.497924804687500000e+01 5.199859142303466797e+00 7.571456432342529297e+00 2.061095046997070312e+01 2.005067634582519531e+01 2.686912536621093750e+00 3.830690622329711914e+00 1.922237014770507812e+01 1.875045585632324219e+01 2.357298851013183594e+00 3.516116857528686523e+00 1.859592056274414062e+01 1.797895240783691406e+01 2.265956401824951172e+00 4.172776699066162109e+00 6.978180408477783203e+00 6.770641326904296875e+00 7.853740453720092773e-01 1.488875508308410645e+00 5.433456897735595703e+00 5.278833866119384766e+00 7.308239936828613281e-01 1.059369444847106934e+00 4.648621559143066406e+00 4.467181205749511719e+00 6.184554100036621094e-01 1.127603054046630859e+00 3.136861801147460938e+00 3.013815879821777344e+00 6.034045219421386719e-01 6.266720294952392578e-01 3.122968673706054688e+00 3.025906085968017578e+00 4.343573749065399170e-01 6.388730406761169434e-01 3.025292634963989258e+00 2.906804561614990234e+00 5.342602133750915527e-01 6.311801671981811523e-01
1.952532958984375000e+02 1.066987457275390625e+02 1.234201736450195312e+02 1.072692337036132812e+02 1.075576553344726562e+02 7.269593811035156250e+01 5.706999969482421875e+01 5.501768493652343750e+01 1.077054519653320312e+02 5.912806701660156250e+01 6.788928222656250000e+01 5.911424255371093750e+01 1.003504486083984375e+02 5.562929916381835938e+01 6.080478668212890625e+01 5.725690460205078125e+01 8.939687347412109375e+01 6.044587326049804688e+01 4.689779663085937500e+01 4.623659515380859375e+01 7.383148956298828125e+01 3.991492462158203125e+01 4.576237106323242188e+01 4.199610137939453125e+01 6.955978393554687500e+01 3.883086395263671875e+01 4.292409896850585938e+01 3.857783889770507812e+01 6.936274719238281250e+01 3.779988479614257812e+01 4.372373962402343750e+01 3.834832382202148438e+01 3.459625244140625000e+01 1.896638488769531250e+01 2.101470184326171875e+01 1.988817214965820312e+01 3.259401321411132812e+01 2.198918724060058594e+01 1.716606140136718750e+01 1.685739326477050781e+01 3.209005355834960938e+01 1.837743759155273438e+01 2.000561332702636719e+01 1.705701637268066406e+01 2.685502433776855469e+01 1.515652275085449219e+01 1.642093658447265625e+01 1.489378833770751953e+01 2.517061614990234375e+01 1.391500282287597656e+01 1.582806396484375000e+01 1.376171779632568359e+01 2.296825981140136719e+01 1.275936412811279297e+01 1.438084983825683594e+01 1.256626892089843750e+01 1.909013938903808594e+01 1.279925441741943359e+01 1.026366615295410156e+01 9.715438842773437500e+00 1.805471229553222656e+01 9.895896911621093750e+00 1.133166790008544922e+01 9.981842041015625000e+00
1.880452423095703125e+02 1.077014923095703125e+02 7.380787658691406250e+01 1.353275451660156250e+02 1.807189636230468750e+02 8.845372009277343750e+01 7.062647247314453125e+01 1.408799591064453125e+02 1.457367095947265625e+02 7.147395324707031250e+01 5.754375839233398438e+01 1.132226943969726562e+02 8.324098968505859375e+01 4.748694610595703125e+01 3.265016937255859375e+01 6.006662750244140625e+01 6.360441207885742188e+01 3.279843902587890625e+01 2.573669815063476562e+01 4.803546524047851562e+01 5.856758880615234375e+01 2.864406585693359375e+01 2.326390075683593750e+01 4.548022842407226562e+01 5.006137847900390625e+01 2.806040954589843750e+01 2.024747085571289062e+01 3.617699813842773438e+01 4.733974456787109375e+01 2.371677207946777344e+01 1.819258689880371094e+01 3.670632934570312500e+01 4.197295379638671875e+01 2.332055473327636719e+01 1.603084945678710938e+01 3.099795150756835938e+01 3.720600509643554688e+01 2.096052932739257812e+01 1.427236938476562500e+01 2.722576713562011719e+01 2.894753074645996094e+01 1.392543697357177734e+01 1.392543792724609375e+01 2.121612548828125000e+01 2.852395057678222656e+01 1.602420997619628906e+01 1.131417465209960938e+01 2.070774269104003906e+01 2.715195846557617188e+01 1.540356159210205078e+01 1.034879779815673828e+01 1.982022476196289062e+01 2.575827407836914062e+01 1.357282447814941406e+01 1.045431137084960938e+01 1.923421669006347656e+01 2.379908180236816406e+01 1.317751312255859375e+01 9.747073173522949219e+00 1.724836349487304688e+01 2.284712982177734375e+01 1.342202949523925781e+01 8.656033515930175781e+00 1.633748817443847656e+01
3.145601806640625000e+02 2.699047546386718750e+02 1.457896423339843750e+02 -6.960539245605468750e+01 1.296009368896484375e+02 1.108096923828125000e+02 6.093258285522460938e+01 -2.836958694458007812e+01 8.679830169677734375e+01 7.439463806152343750e+01 4.025353240966796875e+01 -1.946838378906250000e+01 6.460753631591796875e+01 5.532990646362304688e+01 3.006558418273925781e+01 -1.444978237152099609e+01 6.651557159423828125e+01 5.028362274169921875e+01 3.535495758056640625e+01 -2.541467094421386719e+01 4.871980667114257812e+01 4.176984024047851562e+01 2.269721221923828125e+01 -1.066474437713623047e+01 5.128923416137695312e+01 3.870579528808593750e+01 2.735708045959472656e+01 -1.959073829650878906e+01 4.770793914794921875e+01 4.082360076904296875e+01 2.234766006469726562e+01 -1.049018287658691406e+01 4.653622436523437500e+01 3.528165435791015625e+01 2.476947784423828125e+01 -1.752290725708007812e+01 2.587882423400878906e+01 2.236559295654296875e+01 1.172190761566162109e+01 -5.664863109588623047e+00 2.185907936096191406e+01 1.637619590759277344e+01 1.176086711883544922e+01 -8.445209503173828125e+00 1.611537933349609375e+01 1.422743606567382812e+01 6.920594215393066406e+00 -3.064451217651367188e+00 1.656473159790039062e+01 1.234965229034423828e+01 8.683173179626464844e+00 -6.817547798156738281e+00 1.343963718414306641e+01 1.163298320770263672e+01 6.229005813598632812e+00 -2.545161962509155273e+00 1.200203704833984375e+01 1.028588199615478516e+01 5.705244541168212891e+00 -2.383359193801879883e+00 9.413431167602539062e+00 7.938172817230224609e+00 4.469094276428222656e+00 -2.371767520904541016e+00
1.744824371337890625e+02 1.445556030273437500e+02 -5.586664962768554688e+01 -8.016528320312500000e+01 1.187208862304687500e+02 9.858581542968750000e+01 -3.797565841674804688e+01 -5.416027832031250000e+01 1.090485458374023438e+02 9.017147064208984375e+01 -3.525343704223632812e+01 -5.017855453491210938e+01 1.061605453491210938e+02 7.986064910888671875e+01 -2.718543624877929688e+01 -6.444411468505859375e+01 8.968162536621093750e+01 7.423407745361328125e+01 -2.932672691345214844e+01 -4.089034271240234375e+01 7.201431274414062500e+01 5.955804061889648438e+01 -2.345670318603515625e+01 -3.299522018432617188e+01 5.787253570556640625e+01 4.814580917358398438e+01 -1.856249046325683594e+01 -2.620353317260742188e+01 4.765145111083984375e+01 3.588580703735351562e+01 -1.257621002197265625e+01 -2.871739959716796875e+01 4.708142852783203125e+01 3.531560516357421875e+01 -1.230084228515625000e+01 -2.860346984863281250e+01 4.113494491577148438e+01 3.375853347778320312e+01 -1.312556648254394531e+01 -1.949729728698730469e+01 3.746628189086914062e+01 3.059169387817382812e+01 -1.216762638092041016e+01 -1.788296890258789062e+01 3.156782150268554688e+01 2.566710853576660156e+01 -1.047828769683837891e+01 -1.509679126739501953e+01 2.558756828308105469e+01 2.092755317687988281e+01 -8.424176216125488281e+00 -1.207453823089599609e+01 2.744264984130859375e+01 2.039813613891601562e+01 -7.676335334777832031e+00 -1.667540359497070312e+01 2.268405151367187500e+01 1.708511161804199219e+01 -5.807558059692382812e+00 -1.374545192718505859e+01 1.933450889587402344e+01 1.482822322845458984e+01 -5.527515411376953125e+00 -1.106819534301757812e+01
3.886913452148437500e+02 -3.286043395996093750e+02 1.370763397216796875e+02 1.559174346923828125e+02 1.523113708496093750e+02 -1.292729187011718750e+02 5.195450592041015625e+01 6.153954696655273438e+01 8.812945556640625000e+01 -7.893005371093750000e+01 3.314879226684570312e+01 2.092308235168457031e+01 9.224263763427734375e+01 -7.846169281005859375e+01 3.112875938415527344e+01 3.719499206542968750e+01 5.231418991088867188e+01 -4.448763275146484375e+01 1.751535224914550781e+01 2.122720909118652344e+01 4.925066757202148438e+01 -4.187611770629882812e+01 1.656192779541015625e+01 1.994245910644531250e+01 4.505360412597656250e+01 -4.047714233398437500e+01 1.676618576049804688e+01 1.050348186492919922e+01 3.761254119873046875e+01 -3.177188110351562500e+01 1.293723964691162109e+01 1.542270183563232422e+01 3.357326507568359375e+01 -3.019777870178222656e+01 1.250833225250244141e+01 7.668109893798828125e+00 3.553612518310546875e+01 -3.001282310485839844e+01 1.226825523376464844e+01 1.451321887969970703e+01 3.420373535156250000e+01 -2.891813087463378906e+01 1.180915069580078125e+01 1.393489265441894531e+01 3.351335906982421875e+01 -2.827450180053710938e+01 1.187774085998535156e+01 1.351358890533447266e+01 2.477614021301269531e+01 -2.098881721496582031e+01 8.693854331970214844e+00 9.886533737182617188e+00 1.392939472198486328e+01 -1.193837642669677734e+01 4.635527133941650391e+00 5.476798534393310547e+00 1.214663410186767578e+01 -1.032847023010253906e+01 4.147626399993896484e+00 4.862236499786376953e+00 1.018805980682373047e+01 -9.226301193237304688e+00 3.422128200531005859e+00 2.638363122940063477e+00
1.166743774414062500e+02 -2.876044654846191406e+01 -8.545789337158203125e+01 -7.403915405273437500e+01 1.127188720703125000e+02 -2.772514533996582031e+01 -8.223843383789062500e+01 -7.192843627929687500e+01 9.690502166748046875e+01 -2.800248908996582031e+01 -6.948144531250000000e+01 -6.146468353271484375e+01 7.129531097412109375e+01 -1.794325256347656250e+01 -5.181088256835937500e+01 -4.557054901123046875e+01 6.133879470825195312e+01 -1.520324039459228516e+01 -4.489567565917968750e+01 -3.893157958984375000e+01 5.751181030273437500e+01 1.044115781784057617e+00 -4.374810028076171875e+01 -3.730617523193359375e+01 4.902591323852539062e+01 -1.452538394927978516e+01 -3.499461364746093750e+01 -3.111126327514648438e+01 4.335253143310546875e+01 -9.994232177734375000e+00 -3.120010566711425781e+01 -2.839174842834472656e+01 3.909624862670898438e+01 -1.270411968231201172e+01 -2.786844253540039062e+01 -2.429962921142578125e+01 3.848326110839843750e+01 -1.132066917419433594e+01 -2.733049964904785156e+01 -2.461397361755371094e+01 3.293135833740234375e+01 -9.677529335021972656e+00 -2.362861061096191406e+01 -2.077492713928222656e+01 3.012614250183105469e+01 -8.120736122131347656e+00 -2.227611160278320312e+01 -1.858475685119628906e+01 2.785279273986816406e+01 -7.444270610809326172e+00 -2.024555587768554688e+01 -1.761984825134277344e+01 2.649884986877441406e+01 -6.918076515197753906e+00 -1.908975410461425781e+01 -1.702676010131835938e+01 2.515851593017578125e+01 -5.877542972564697266e+00 -1.936213493347167969e+01 -1.494970226287841797e+01 2.428819847106933594e+01 -7.369194030761718750e+00 -1.754207801818847656e+01 -1.509592914581298828e+01
2.677093200683593750e+02 1.720900115966796875e+02 1.319744586944580078e+01 -2.046417999267578125e+02 2.310311279296875000e+02 1.477924041748046875e+02 1.222683811187744141e+01 -1.771532897949218750e+02 1.781488342285156250e+02 1.402892913818359375e+02 -6.643182277679443359e+00 -1.095942993164062500e+02 1.625770416259765625e+02 1.044426574707031250e+02 8.114680290222167969e+00 -1.243268966674804688e+02 1.192175979614257812e+02 7.680273437500000000e+01 5.001762866973876953e+00 -9.104481506347656250e+01 1.162466888427734375e+02 7.496483612060546875e+01 5.824399471282958984e+00 -8.865461730957031250e+01 8.792386627197265625e+01 6.963521575927734375e+01 -3.661080837249755859e+00 -5.355502319335937500e+01 6.957176208496093750e+01 5.439386367797851562e+01 -2.898127317428588867e+00 -4.327954483032226562e+01 5.239069366455078125e+01 3.364330291748046875e+01 2.783303976058959961e+00 -4.006452941894531250e+01 3.925796508789062500e+01 3.135716056823730469e+01 -1.963378548622131348e+00 -2.353851318359375000e+01 3.676774215698242188e+01 2.905808067321777344e+01 -1.641416430473327637e+00 -2.244831657409667969e+01 3.619423294067382812e+01 2.285266876220703125e+01 1.471657037734985352e+00 -2.802841758728027344e+01 2.874789047241210938e+01 2.259399795532226562e+01 -4.670155644416809082e-01 -1.776836395263671875e+01 3.422731399536132812e+01 2.199656486511230469e+01 1.598364233970642090e+00 -2.617452049255371094e+01 3.107110214233398438e+01 2.002900695800781250e+01 1.656996011734008789e+00 -2.369613075256347656e+01 2.453184127807617188e+01 1.953279876708984375e+01 -1.665149092674255371e+00 -1.474816322326660156e+01
2.600110778808593750e+02 -8.992507934570312500e+01 2.424444885253906250e+02 -2.720127105712890625e+01 1.414908599853515625e+02 -4.888763809204101562e+01 1.319263610839843750e+02 -1.497276687622070312e+01 1.368372039794921875e+02 -4.848662185668945312e+01 1.271408309936523438e+02 -1.443721199035644531e+01 1.272369232177734375e+02 -4.454938888549804688e+01 1.183823089599609375e+02 -1.375830078125000000e+01 8.047295379638671875e+01 -2.812731361389160156e+01 7.490801239013671875e+01 -8.574476242065429688e+00 7.365444183349609375e+01 -1.419701957702636719e+01 6.824526977539062500e+01 -2.379085159301757812e+01 5.298430252075195312e+01 -1.793885421752929688e+01 4.950051879882812500e+01 -5.935713768005371094e+00 3.515938186645507812e+01 -1.223862838745117188e+01 3.274479675292968750e+01 -3.765141010284423828e+00 1.777726745605468750e+01 -6.088116645812988281e+00 1.659691429138183594e+01 -1.867859840393066406e+00 1.571214771270751953e+01 -5.429956436157226562e+00 1.464885807037353516e+01 -1.667093753814697266e+00 1.237326335906982422e+01 -4.359714508056640625e+00 1.148895645141601562e+01 -1.447204351425170898e+00 1.184608745574951172e+01 -2.390224933624267578e+00 1.136057090759277344e+01 -2.352561950683593750e+00 1.089164638519287109e+01 -3.691526889801025391e+00 1.018640899658203125e+01 -1.112500429153442383e+00 1.026161956787109375e+01 -2.411262750625610352e+00 9.537689208984375000e+00 -2.918755531311035156e+00 9.124441146850585938e+00 -3.004707098007202148e+00 8.291196823120117188e+00 -2.341626882553100586e+00 8.704418182373046875e+00 -2.920330524444580078e+00 7.934231281280517578e+00 -2.070395469665527344e+00
3.159694213867187500e+02 1.182593078613281250e+02 2.400583953857421875e+02 1.679981689453125000e+02 1.746676330566406250e+02 4.690995407104492188e+01 1.294434356689453125e+02 1.074831848144531250e+02 1.269190139770507812e+02 4.785425949096679688e+01 9.621439361572265625e+01 6.753648376464843750e+01 8.856756591796875000e+01 2.404010581970214844e+01 6.531443786621093750e+01 5.477509689331054688e+01 8.668862152099609375e+01 2.288931846618652344e+01 6.416102600097656250e+01 5.361305618286132812e+01 7.968107604980468750e+01 2.926218605041503906e+01 6.062906646728515625e+01 4.262229156494140625e+01 7.010858154296875000e+01 1.906655120849609375e+01 5.183538436889648438e+01 4.318024063110351562e+01 3.639017868041992188e+01 1.362547206878662109e+01 2.771497917175292969e+01 1.924711990356445312e+01 3.276934051513671875e+01 1.223189163208007812e+01 2.505615234375000000e+01 1.721571540832519531e+01 3.507950210571289062e+01 9.551129341125488281e+00 2.594941139221191406e+01 2.158646392822265625e+01 2.514460563659667969e+01 6.659708023071289062e+00 1.866781997680664062e+01 1.547294235229492188e+01 2.398386001586914062e+01 5.987323760986328125e+00 1.774825477600097656e+01 1.497857379913330078e+01 2.177168846130371094e+01 7.620900630950927734e+00 1.657403373718261719e+01 1.188317584991455078e+01 2.258992958068847656e+01 6.169486522674560547e+00 1.676184463500976562e+01 1.383050632476806641e+01 1.380301475524902344e+01 4.967976093292236328e+00 1.047846221923828125e+01 7.486270427703857422e+00 1.408209514617919922e+01 1.961193084716796875e+00 1.010814857482910156e+01 9.561661720275878906e+00
1.458813171386718750e+02 8.859361267089843750e+01 7.997994422912597656e+00 1.156214523315429688e+02 1.100697860717773438e+02 6.811570739746093750e+01 5.806777477264404297e+00 8.626638793945312500e+01 9.681851196289062500e+01 5.968052291870117188e+01 4.826352119445800781e+00 7.607814788818359375e+01 9.411533355712890625e+01 5.776774978637695312e+01 4.747285366058349609e+00 7.414714813232421875e+01 8.088597869873046875e+01 5.035412216186523438e+01 4.044487476348876953e+00 6.317140579223632812e+01 6.797201538085937500e+01 4.197320938110351562e+01 1.128420448303222656e+01 5.226003265380859375e+01 6.343143081665039062e+01 3.911776351928710938e+01 9.474170684814453125e+00 4.902639007568359375e+01 6.326955795288085938e+01 3.858457183837890625e+01 2.374790191650390625e+00 5.008600997924804688e+01 4.852137756347656250e+01 2.979520225524902344e+01 7.348466873168945312e+00 3.758391571044921875e+01 4.681145095825195312e+01 2.883371734619140625e+01 7.597283363342285156e+00 3.608614349365234375e+01 4.294025421142578125e+01 2.645442962646484375e+01 6.933774471282958984e+00 3.310486221313476562e+01 4.356278991699218750e+01 2.702481460571289062e+01 1.990177035331726074e+00 3.410857772827148438e+01 3.952260589599609375e+01 2.423994064331054688e+01 6.437650203704833984e+00 3.054502487182617188e+01 4.040320587158203125e+01 2.419059562683105469e+01 1.879490256309509277e+00 3.230636978149414062e+01 3.424419403076171875e+01 2.101161193847656250e+01 5.536267280578613281e+00 2.646746635437011719e+01 3.530210113525390625e+01 2.155206871032714844e+01 1.782998681068420410e+00 2.790282440185546875e+01
3.243651733398437500e+02 2.648970642089843750e+02 1.396794433593750000e+02 1.246272583007812500e+02 1.896383514404296875e+02 1.543772735595703125e+02 8.240635681152343750e+01 7.307212829589843750e+01 1.749346771240234375e+02 1.425357208251953125e+02 7.545223999023437500e+01 6.776234436035156250e+01 6.962052917480468750e+01 5.703846359252929688e+01 2.950455093383789062e+01 2.689040565490722656e+01 6.218104171752929688e+01 5.068408966064453125e+01 2.667940139770507812e+01 2.420320510864257812e+01 5.645957565307617188e+01 4.581514739990234375e+01 2.458681678771972656e+01 2.200283622741699219e+01 3.928557205200195312e+01 3.211566925048828125e+01 1.662771034240722656e+01 1.534468269348144531e+01 2.907938957214355469e+01 2.381060981750488281e+01 1.239341831207275391e+01 1.118255424499511719e+01 2.860355949401855469e+01 2.369562339782714844e+01 1.145129776000976562e+01 1.120399475097656250e+01 2.689293098449707031e+01 2.203750228881835938e+01 1.130482673645019531e+01 1.047663497924804688e+01 1.960457229614257812e+01 1.600201225280761719e+01 8.312366485595703125e+00 7.691545486450195312e+00 1.636479187011718750e+01 1.346153450012207031e+01 6.977239131927490234e+00 6.155641078948974609e+00 1.559038829803466797e+01 1.299242305755615234e+01 6.491760730743408203e+00 5.665261745452880859e+00 1.490263748168945312e+01 1.251383399963378906e+01 5.609302997589111328e+00 5.831755638122558594e+00 1.223330307006835938e+01 9.975880622863769531e+00 5.252090454101562500e+00 4.746738433837890625e+00 1.107828807830810547e+01 9.335958480834960938e+00 4.544311523437500000e+00 3.859757423400878906e+00
8.364777221679687500e+02 5.744588012695312500e+02 -5.519166259765625000e+02 -2.551080780029296875e+02 2.467891998291015625e+02 1.674761047363281250e+02 -1.666403656005859375e+02 -7.132778167724609375e+01 1.618145904541015625e+02 1.104424743652343750e+02 -1.074100418090820312e+02 -4.949224090576171875e+01 1.239271392822265625e+02 8.455448150634765625e+01 -8.226124572753906250e+01 -3.796766281127929688e+01 7.213047027587890625e+01 4.955059051513671875e+01 -4.755892181396484375e+01 -2.203799629211425781e+01 6.004293441772460938e+01 4.090527725219726562e+01 -3.989471435546875000e+01 -1.844787025451660156e+01 5.476728439331054688e+01 3.724850082397460938e+01 -3.651052856445312500e+01 -1.670286750793457031e+01 5.267993545532226562e+01 3.568624496459960938e+01 -3.568625259399414062e+01 -1.510493278503417969e+01 4.428013610839843750e+01 3.041101074218750000e+01 -2.948820686340332031e+01 -1.289680480957031250e+01 3.819509887695312500e+01 2.862979507446289062e+01 -2.379683876037597656e+01 -8.524904251098632812e+00 2.408010673522949219e+01 1.643370246887207031e+01 -1.578883361816406250e+01 -7.778027057647705078e+00 2.334259223937988281e+01 1.614762306213378906e+01 -1.533739471435546875e+01 -6.991113662719726562e+00 2.238073158264160156e+01 1.524701499938964844e+01 -1.494046783447265625e+01 -6.722263336181640625e+00 2.162563133239746094e+01 1.461963462829589844e+01 -1.449931812286376953e+01 -6.609420299530029297e+00 2.125411796569824219e+01 8.054954528808593750e+00 -1.766281509399414062e+01 -8.652197837829589844e+00 1.954604721069335938e+01 1.329548835754394531e+01 -1.296702384948730469e+01 -6.093786716461181641e+00
5.932290649414062500e+02 4.087438049316406250e+02 4.254381408691406250e+02 -6.206113815307617188e+01 4.978104019165039062e+01 3.402202224731445312e+01 3.419264602661132812e+01 -1.230922126770019531e+01 4.354613113403320312e+01 2.936547279357910156e+01 3.034048652648925781e+01 -1.064752864837646484e+01 4.291856765747070312e+01 2.897860336303710938e+01 2.987335777282714844e+01 -1.046818161010742188e+01 3.653044128417968750e+01 2.480304145812988281e+01 2.543132209777832031e+01 -8.516450881958007812e+00 2.335739517211914062e+01 1.595274543762207031e+01 1.595274639129638672e+01 -6.048776149749755859e+00 2.303417205810546875e+01 1.553479576110839844e+01 1.594806098937988281e+01 -5.906178474426269531e+00 2.292392158508300781e+01 1.559523868560791016e+01 1.579337120056152344e+01 -5.731040477752685547e+00 2.024608421325683594e+01 1.436848163604736328e+01 1.347046756744384766e+01 -4.688043594360351562e+00 1.840600776672363281e+01 1.277591037750244141e+01 1.263477420806884766e+01 -3.987479448318481445e+00 1.656851768493652344e+01 1.123131847381591797e+01 1.145836925506591797e+01 -4.130237102508544922e+00 1.649899101257324219e+01 1.129651260375976562e+01 1.136404991149902344e+01 -3.929933547973632812e+00 1.392999649047851562e+01 9.348320007324218750e+00 9.677134513854980469e+00 -3.603798866271972656e+00 1.251710987091064453e+01 8.522019386291503906e+00 9.095067977905273438e+00 -1.154541730880737305e+00 1.132281112670898438e+01 8.208438873291015625e+00 7.351541519165039062e+00 -2.600440263748168945e+00 1.141848945617675781e+01 7.716485023498535156e+00 7.635795116424560547e+00 -3.537376642227172852e+00
8.705587005615234375e+01 -5.323241806030273438e+01 -6.737818908691406250e+01 -1.432458400726318359e+01 7.674120330810546875e+01 -4.712866973876953125e+01 -5.921760940551757812e+01 -1.266851234436035156e+01 6.994185638427734375e+01 -4.289488601684570312e+01 -5.421488189697265625e+01 -1.060187721252441406e+01 6.793035888671875000e+01 -4.230615615844726562e+01 -5.198845291137695312e+01 -1.100171661376953125e+01 5.856692504882812500e+01 -3.620017242431640625e+01 -4.504896163940429688e+01 -9.497587203979492188e+00 5.388203430175781250e+01 -3.313726806640625000e+01 -4.174489212036132812e+01 -7.894499778747558594e+00 5.050970458984375000e+01 -3.109173965454101562e+01 -3.901640319824218750e+01 -7.890144824981689453e+00 4.798781967163085938e+01 -2.900204849243164062e+01 -3.753633117675781250e+01 -7.261934757232666016e+00 4.657803726196289062e+01 -2.825419807434082031e+01 -3.633733367919921875e+01 -7.126906871795654297e+00 4.979851150512695312e+01 -3.192917442321777344e+01 -3.176703262329101562e+01 -2.122228622436523438e+01 4.302164459228515625e+01 -2.609172821044921875e+01 -3.336233901977539062e+01 -7.536314010620117188e+00 4.446397018432617188e+01 -2.875786399841308594e+01 -2.762940025329589844e+01 -1.966331672668457031e+01 3.573165512084960938e+01 -2.197752761840820312e+01 -2.757916069030761719e+01 -5.755819797515869141e+00 3.523470687866210938e+01 -2.142403221130371094e+01 -2.744856262207031250e+01 -5.389928340911865234e+00 2.337230873107910156e+01 -1.442833900451660156e+01 -1.799704551696777344e+01 -3.735028743743896484e+00 2.179094505310058594e+01 -1.375839805603027344e+01 -1.375839614868164062e+01 -9.811133384704589844e+00
1.324641876220703125e+02 -1.010049591064453125e+02 3.462266540527343750e+01 -7.839648437500000000e+01 1.601941223144531250e+02 -9.236003875732421875e+01 5.190949630737304688e+01 -1.201547470092773438e+02 1.525821533203125000e+02 -8.802290344238281250e+01 4.929325485229492188e+01 -1.144692840576171875e+02 1.135575027465820312e+02 -6.609811401367187500e+01 3.567963790893554688e+01 -8.516111755371093750e+01 8.304495239257812500e+01 -6.293748855590820312e+01 2.178582382202148438e+01 -4.960538482666015625e+01 5.857088470458984375e+01 -4.484025192260742188e+01 1.476037406921386719e+01 -3.467003631591796875e+01 5.794884872436523438e+01 -4.395678329467773438e+01 1.515186882019042969e+01 -3.458715438842773438e+01 6.602469635009765625e+01 -3.787770462036132812e+01 2.055530548095703125e+01 -5.001144027709960938e+01 5.045041275024414062e+01 -3.835593414306640625e+01 1.261125755310058594e+01 -3.024934196472167969e+01 3.369957733154296875e+01 -2.576731872558593750e+01 8.476342201232910156e+00 -1.999596786499023438e+01 2.905589866638183594e+01 -2.211452102661132812e+01 7.357499599456787109e+00 -1.735053825378417969e+01 3.020009803771972656e+01 -2.045318222045898438e+01 4.053182601928710938e+00 -2.184640312194824219e+01 3.017947578430175781e+01 -2.020126342773437500e+01 4.255198478698730469e+00 -2.201370048522949219e+01 2.818936729431152344e+01 -1.871734046936035156e+01 4.335488796234130859e+00 -2.062777709960937500e+01 2.784317207336425781e+01 -1.663870048522949219e+01 8.809969902038574219e+00 -2.051245880126953125e+01 2.443858909606933594e+01 -1.607716751098632812e+01 3.411678552627563477e+00 -1.808619308471679688e+01
2.085134277343750000e+02 1.735794830322265625e+02 5.752532958984375000e+01 1.001939239501953125e+02 1.623179473876953125e+02 1.226568832397460938e+02 5.248766708374023438e+01 9.245232391357421875e+01 1.450893249511718750e+02 1.098665618896484375e+02 4.726311111450195312e+01 8.213664245605468750e+01 9.643720245361328125e+01 7.315670776367187500e+01 3.047725677490234375e+01 5.494860076904296875e+01 5.617753982543945312e+01 4.658341217041015625e+01 1.518741130828857422e+01 2.748170661926269531e+01 5.591669845581054688e+01 4.643126678466796875e+01 1.537817859649658203e+01 2.709808921813964844e+01 5.423846435546875000e+01 4.515559005737304688e+01 1.479560470581054688e+01 2.614638137817382812e+01 5.499200057983398438e+01 4.131261444091796875e+01 1.801453018188476562e+01 3.150944137573242188e+01 5.042131805419921875e+01 4.179679489135742188e+01 1.422465515136718750e+01 2.435113525390625000e+01 4.576182937622070312e+01 3.450727844238281250e+01 1.464496135711669922e+01 2.624688148498535156e+01 4.116510009765625000e+01 3.423888015747070312e+01 1.089444351196289062e+01 2.008870315551757812e+01 3.984114456176757812e+01 3.277115631103515625e+01 1.252953529357910156e+01 1.887800025939941406e+01 3.460706710815429688e+01 2.883874320983886719e+01 9.964055061340332031e+00 1.633075523376464844e+01 2.695202064514160156e+01 2.258097648620605469e+01 7.613976955413818359e+00 1.259042644500732422e+01 2.802234268188476562e+01 2.139243698120117188e+01 8.887380599975585938e+00 1.576021289825439453e+01 1.602561187744140625e+01 1.340294837951660156e+01 4.497403144836425781e+00 7.545550823211669922e+00
3.846549377441406250e+02 3.107492675781250000e+02 -1.599044036865234375e+02 1.607012786865234375e+02 1.416072082519531250e+02 1.143636856079101562e+02 -5.921243667602539062e+01 5.888302993774414062e+01 9.352509307861328125e+01 7.537921142578125000e+01 -3.902715301513671875e+01 3.926574707031250000e+01 7.982585144042968750e+01 6.463408660888671875e+01 -3.287436294555664062e+01 3.337451553344726562e+01 5.751768112182617188e+01 4.638339233398437500e+01 -2.407599449157714844e+01 2.402481079101562500e+01 4.568756484985351562e+01 3.667335891723632812e+01 -1.980919075012207031e+01 1.870866394042968750e+01 3.566582489013671875e+01 2.873102951049804688e+01 -1.505805397033691406e+01 1.482680225372314453e+01 3.155934143066406250e+01 2.524488639831542969e+01 -1.842371368408203125e+01 4.360932350158691406e+00 2.874382019042968750e+01 2.262099266052246094e+01 -1.324615669250488281e+01 1.178092479705810547e+01 2.782576560974121094e+01 2.230987930297851562e+01 -1.205625057220458984e+01 1.145295619964599609e+01 2.491872978210449219e+01 2.081123733520507812e+01 -1.019270324707031250e+01 9.161046028137207031e+00 1.963994789123535156e+01 1.639395332336425781e+01 -7.276136398315429688e+00 8.001481056213378906e+00 1.719211578369140625e+01 1.375010681152343750e+01 -7.308009147644042969e+00 7.285383224487304688e+00 1.627667427062988281e+01 1.325074577331542969e+01 -6.749367713928222656e+00 6.616254806518554688e+00 1.069191932678222656e+01 8.554544448852539062e+00 -4.520081043243408203e+00 4.548208713531494141e+00 9.592337608337402344e+00 7.793512344360351562e+00 -3.958965539932250977e+00 3.947317123413085938e+00
4.059141540527343750e+02 2.425852813720703125e+02 2.736099853515625000e+02 -1.762278594970703125e+02 1.494190979003906250e+02 8.964555358886718750e+01 1.006024551391601562e+02 -6.456691741943359375e+01 1.289419250488281250e+02 7.742827606201171875e+01 8.617123413085937500e+01 -5.660823059082031250e+01 1.014691696166992188e+02 6.142448043823242188e+01 6.755892181396484375e+01 -4.425853347778320312e+01 8.766148376464843750e+01 5.282649230957031250e+01 5.928178024291992188e+01 -3.714226531982421875e+01 8.104703521728515625e+01 4.841339111328125000e+01 5.433070373535156250e+01 -3.567828750610351562e+01 7.752261352539062500e+01 4.626089477539062500e+01 5.224472427368164062e+01 -3.376617050170898438e+01 6.914977264404296875e+01 4.173331451416015625e+01 4.619947052001953125e+01 -3.009336662292480469e+01 3.689685058593750000e+01 2.226064872741699219e+01 2.473124694824218750e+01 -1.594385147094726562e+01 3.153962898254394531e+01 2.272912406921386719e+01 1.720102500915527344e+01 -1.350036334991455078e+01 2.489052772521972656e+01 1.463307666778564453e+01 1.727262878417968750e+01 -1.034735488891601562e+01 2.425345802307128906e+01 1.443787097930908203e+01 1.636664390563964844e+01 -1.057880401611328125e+01 2.069875907897949219e+01 1.280790615081787109e+01 1.387639045715332031e+01 -8.475963592529296875e+00 1.853055381774902344e+01 1.105504798889160156e+01 1.253190517425537109e+01 -8.007415771484375000e+00 1.320504283905029297e+01 8.495219230651855469e+00 8.326907157897949219e+00 -5.732976913452148438e+00 1.185987281799316406e+01 8.723818778991699219e+00 5.757376670837402344e+00 -5.602180480957031250e+00
1.035558853149414062e+02 7.092002105712890625e+01 7.246934509277343750e+01 -2.101228141784667969e+01 5.703252792358398438e+01 3.868710327148437500e+01 3.985364151000976562e+01 -1.294929504394531250e+01 5.424900817871093750e+01 3.570941543579101562e+01 3.919275283813476562e+01 -1.147611904144287109e+01 5.313383865356445312e+01 3.455504608154296875e+01 3.836972808837890625e+01 -1.249125289916992188e+01 4.949434280395507812e+01 3.390526580810546875e+01 3.465008544921875000e+01 -9.973719596862792969e+00 4.615587997436523438e+01 3.131784439086914062e+01 3.258982086181640625e+01 -9.351032257080078125e+00 4.580287551879882812e+01 3.051687431335449219e+01 3.272723007202148438e+01 -9.762858390808105469e+00 4.183739852905273438e+01 2.681620407104492188e+01 3.045673942565917969e+01 -1.013672733306884766e+01 3.810742950439453125e+01 2.564055061340332031e+01 2.709179115295410156e+01 -7.795726776123046875e+00 3.833274459838867188e+01 2.467340469360351562e+01 2.791085243225097656e+01 -9.032574653625488281e+00 3.593256378173828125e+01 2.421231651306152344e+01 2.554172134399414062e+01 -7.185408592224121094e+00 3.744459915161132812e+01 2.706938743591308594e+01 2.237076377868652344e+01 -1.296154403686523438e+01 2.830596351623535156e+01 1.954019927978515625e+01 1.968190574645996094e+01 -5.657802104949951172e+00 2.817800140380859375e+01 1.888426208496093750e+01 2.003970718383789062e+01 -5.981238842010498047e+00 2.764015960693359375e+01 1.810250473022460938e+01 1.991039466857910156e+01 -6.312992572784423828e+00 2.760804748535156250e+01 2.045800399780273438e+01 1.698781776428222656e+01 -7.420825004577636719e+00
2.839683837890625000e+02 2.653489990234375000e+02 9.019722747802734375e+01 4.574293518066406250e+01 1.735554199218750000e+02 1.620431060791015625e+02 5.508156967163085938e+01 2.880168151855468750e+01 1.362356262207031250e+02 1.197302398681640625e+02 4.877645111083984375e+01 4.296108627319335938e+01 1.093273696899414062e+02 1.022256774902343750e+02 3.434935760498046875e+01 1.795788383483886719e+01 3.746989059448242188e+01 3.292266464233398438e+01 1.325268459320068359e+01 1.201904296875000000e+01 3.438108825683593750e+01 3.034600067138671875e+01 1.209003067016601562e+01 1.072336196899414062e+01 3.109075164794921875e+01 2.909904289245605469e+01 9.461987495422363281e+00 5.507434368133544922e+00 3.015100479125976562e+01 2.795645523071289062e+01 9.973410606384277344e+00 5.296297550201416016e+00 2.342473793029785156e+01 2.068786239624023438e+01 8.569192886352539062e+00 6.877474784851074219e+00 1.996965980529785156e+01 1.874660491943359375e+01 6.181970596313476562e+00 3.019227743148803711e+00 2.005215835571289062e+01 1.760722160339355469e+01 7.036591053009033203e+00 6.522420883178710938e+00 1.840847969055175781e+01 1.621383285522460938e+01 6.291533946990966797e+00 6.031649112701416016e+00 1.561363887786865234e+01 1.378981494903564453e+01 5.470949172973632812e+00 4.867796897888183594e+00 9.328606605529785156e+00 8.100860595703125000e+00 3.747440099716186523e+00 2.708465814590454102e+00 8.863470077514648438e+00 8.239922523498535156e+00 2.846970319747924805e+00 1.599860906600952148e+00 8.703421592712402344e+00 8.038258552551269531e+00 2.822383642196655273e+00 1.780479431152343750e+00
4.313905944824218750e+02 -2.909107017517089844e+01 2.517208404541015625e+02 -3.491248779296875000e+02 1.882567901611328125e+02 -1.299617958068847656e+01 1.100399703979492188e+02 -1.521936950683593750e+02 1.816677856445312500e+02 -1.241027259826660156e+01 1.062798309326171875e+02 -1.468119354248046875e+02 1.397840576171875000e+02 -8.832804679870605469e+00 7.874966430664062500e+01 -1.151512832641601562e+02 5.837159347534179688e+01 -3.948596000671386719e+00 3.343316268920898438e+01 -4.768516921997070312e+01 5.343161392211914062e+01 -3.267646789550781250e+00 3.026407814025878906e+01 -4.391292953491210938e+01 4.422964477539062500e+01 -2.934332132339477539e+00 2.566378974914550781e+01 -3.590267181396484375e+01 4.390244293212890625e+01 -2.495581865310668945e+00 2.458559226989746094e+01 -3.628671264648437500e+01 3.546518325805664062e+01 -2.428559541702270508e+00 2.056286048889160156e+01 -2.879323005676269531e+01 3.479278945922851562e+01 -1.816772580146789551e+00 1.957476043701171875e+01 -2.870655632019042969e+01 2.933556175231933594e+01 -7.260378003120422363e-01 1.753739547729492188e+01 -2.350464630126953125e+01 2.501218032836914062e+01 -1.599556684494018555e+00 1.481466960906982422e+01 -2.008920478820800781e+01 2.568840980529785156e+01 -1.106870770454406738e+00 1.462703132629394531e+01 -2.108789634704589844e+01 2.437310981750488281e+01 -1.374684095382690430e+00 1.404744434356689453e+01 -1.987028121948242188e+01 2.313847351074218750e+01 -7.001811861991882324e-01 1.362971210479736328e+01 -1.868449401855468750e+01 2.147396850585937500e+01 -1.076996684074401855e+00 1.213625621795654297e+01 -1.768229866027832031e+01
1.880200347900390625e+02 -6.140910339355468750e+01 -1.581508178710937500e+02 -8.104228210449218750e+01 1.421528320312500000e+02 -4.645097351074218750e+01 -1.197210235595703125e+02 -6.096208953857421875e+01 1.016565856933593750e+02 -3.345285034179687500e+01 -8.556599426269531250e+01 -4.351353836059570312e+01 9.362935638427734375e+01 -3.068338203430175781e+01 -7.567747497558593750e+01 -4.580290222167968750e+01 7.695335388183593750e+01 -2.440870094299316406e+01 -6.243278884887695312e+01 -3.779127120971679688e+01 7.352164459228515625e+01 -2.367182159423828125e+01 -6.211169815063476562e+01 -3.140588569641113281e+01 5.744134521484375000e+01 -1.857875442504882812e+01 -4.618008041381835938e+01 -2.865017127990722656e+01 5.126286315917968750e+01 -1.690446090698242188e+01 -4.140473556518554688e+01 -2.505490684509277344e+01 4.939014816284179688e+01 -1.621825218200683594e+01 -4.148318862915039062e+01 -2.134245109558105469e+01 4.839012145996093750e+01 -1.599129104614257812e+01 -4.092868041992187500e+01 -2.026050186157226562e+01 4.676240539550781250e+01 -1.514144897460937500e+01 -3.752054214477539062e+01 -2.343998146057128906e+01 3.919616699218750000e+01 -1.211602210998535156e+01 -3.164426040649414062e+01 -1.970184707641601562e+01 3.577652359008789062e+01 -1.153903770446777344e+01 -2.895209503173828125e+01 -1.756607055664062500e+01 2.884074401855468750e+01 -9.252646446228027344e+00 -2.366012001037597656e+01 -1.365125083923339844e+01 2.357379913330078125e+01 -7.067119598388671875e+00 -1.903542137145996094e+01 -1.197551822662353516e+01 2.027711296081542969e+01 -6.905366897583007812e+00 -1.654469108581542969e+01 -9.460857391357421875e+00
2.562161560058593750e+02 -6.231241989135742188e+01 -1.911270294189453125e+02 1.588532257080078125e+02 1.521875610351562500e+02 -3.118997192382812500e+01 -1.271957397460937500e+02 7.752073669433593750e+01 1.569917144775390625e+02 -3.794641494750976562e+01 -1.173862762451171875e+02 9.709239196777343750e+01 1.137261657714843750e+02 -2.811458396911621094e+01 -8.475828552246093750e+01 7.042176818847656250e+01 1.133419113159179688e+02 -2.714421081542968750e+01 -8.488598632812500000e+01 7.002643585205078125e+01 8.841309356689453125e+01 -2.170076751708984375e+01 -6.600073242187500000e+01 5.467956161499023438e+01 4.929634475708007812e+01 -1.185649490356445312e+01 -3.699340438842773438e+01 3.034466361999511719e+01 4.720248031616210938e+01 -1.129418373107910156e+01 -3.506177139282226562e+01 2.951169967651367188e+01 4.357563781738281250e+01 -1.072857093811035156e+01 -3.262988662719726562e+01 2.681463050842285156e+01 2.695918464660644531e+01 -1.056869888305664062e+01 -2.060631370544433594e+01 1.379250812530517578e+01 2.619439315795898438e+01 -6.028689384460449219e+00 -1.972952079772949219e+01 1.614088058471679688e+01 1.895467567443847656e+01 -3.771576404571533203e+00 -1.431412792205810547e+01 1.183894729614257812e+01 1.243453502655029297e+01 -4.368863582611083984e+00 -9.458128929138183594e+00 6.787820339202880859e+00 1.111530494689941406e+01 -2.405436277389526367e+00 -8.584042549133300781e+00 6.637681007385253906e+00 1.145452594757080078e+01 -2.792064905166625977e+00 -8.350767135620117188e+00 7.326338291168212891e+00 1.101580429077148438e+01 -2.710829496383666992e+00 -8.107800483703613281e+00 6.947152614593505859e+00
3.676051025390625000e+02 -1.583066558837890625e+02 -5.857234573364257812e+01 3.265602111816406250e+02 3.301763916015625000e+02 -1.210708923339843750e+02 -5.434944534301757812e+01 3.023316040039062500e+02 2.190905609130859375e+02 -9.482355499267578125e+01 -3.530332565307617188e+01 1.943260040283203125e+02 1.401498260498046875e+02 -5.255438995361328125e+01 -2.085033607482910156e+01 1.282391204833984375e+02 9.038288116455078125e+01 -3.880527877807617188e+01 -1.469360542297363281e+01 8.029504394531250000e+01 9.181224060058593750e+01 -3.347149658203125000e+01 -1.546103382110595703e+01 8.408390045166015625e+01 7.855317687988281250e+01 -2.950451660156250000e+01 -1.279983139038085938e+01 7.166158294677734375e+01 7.600116729736328125e+01 -2.754037284851074219e+01 -1.181548690795898438e+01 6.984324645996093750e+01 7.286730194091796875e+01 -2.640826034545898438e+01 -1.175776576995849609e+01 6.688783264160156250e+01 6.930313873291015625e+01 -2.583969497680664062e+01 -1.100730514526367188e+01 6.335672378540039062e+01 6.586860656738281250e+01 -2.433416748046875000e+01 -1.136392307281494141e+01 6.014451217651367188e+01 6.279053115844726562e+01 -2.330464935302734375e+01 -9.927415847778320312e+00 5.745424652099609375e+01 5.147882843017578125e+01 -1.918503189086914062e+01 -8.126983642578125000e+00 4.707373428344726562e+01 4.810342025756835938e+01 -1.750666618347167969e+01 -8.073475837707519531e+00 4.407124710083007812e+01 4.355896377563476562e+01 -1.779323577880859375e+01 -6.854022502899169922e+00 3.916384124755859375e+01 4.174605560302734375e+01 -1.750606346130371094e+01 -6.538670539855957031e+00 3.732660675048828125e+01
1.259070739746093750e+02 -7.047553253173828125e+01 -8.232484436035156250e+01 6.409671783447265625e+01 8.160295867919921875e+01 -5.705091857910156250e+01 -5.069251251220703125e+01 2.888362693786621094e+01 8.423904418945312500e+01 -5.169649887084960938e+01 -5.169649124145507812e+01 4.184687805175781250e+01 7.510491180419921875e+01 -4.296710586547851562e+01 -5.395946502685546875e+01 2.971417236328125000e+01 6.988753509521484375e+01 -4.011040496826171875e+01 -5.038410949707031250e+01 2.714070129394531250e+01 6.466149139404296875e+01 -4.524455261230468750e+01 -4.004073715209960938e+01 2.303820419311523438e+01 6.703319549560546875e+01 -4.184129714965820312e+01 -4.094429397583007812e+01 3.265425491333007812e+01 6.284279251098632812e+01 -3.873649978637695312e+01 -3.799649810791015625e+01 3.170089912414550781e+01 5.443148803710937500e+01 -3.356805038452148438e+01 -3.290298080444335938e+01 2.744752502441406250e+01 5.021148300170898438e+01 -3.158376693725585938e+01 -3.040031242370605469e+01 2.447929000854492188e+01 4.904219818115234375e+01 -2.762888717651367188e+01 -3.199806022644042969e+01 2.485730171203613281e+01 4.505149459838867188e+01 -2.810330772399902344e+01 -2.722089385986328125e+01 2.233482360839843750e+01 3.964340972900390625e+01 -2.574527359008789062e+01 -2.315044784545898438e+01 1.930849647521972656e+01 3.829615402221679688e+01 -2.377120399475097656e+01 -2.290355491638183594e+01 1.941476249694824219e+01 3.426083374023437500e+01 -2.122529029846191406e+01 -2.082831001281738281e+01 1.701333427429199219e+01 2.882827758789062500e+01 -1.789667701721191406e+01 -1.728510093688964844e+01 1.455197048187255859e+01
8.181199340820312500e+02 -4.804239273071289062e+01 -4.909296875000000000e+02 6.526868896484375000e+02 1.494464569091796875e+02 -8.029933929443359375e+00 -8.966916656494140625e+01 1.192861480712890625e+02 1.447714233398437500e+02 -8.787977218627929688e+00 -8.643255615234375000e+01 1.158055648803710938e+02 9.629627990722656250e+01 2.980171918869018555e+00 -5.816756057739257812e+01 7.668512725830078125e+01 5.601496505737304688e+01 1.591279387474060059e+00 -3.408076477050781250e+01 4.442550659179687500e+01 5.263970565795898438e+01 2.124751091003417969e+00 -3.141388702392578125e+01 4.218520736694335938e+01 5.139963531494140625e+01 1.802623510360717773e+00 -3.064909934997558594e+01 4.121965789794921875e+01 3.272826385498046875e+01 1.242989420890808105e+00 -1.985190200805664062e+01 2.599031257629394531e+01 3.310631561279296875e+01 -2.031829595565795898e+00 -1.976730155944824219e+01 2.647894096374511719e+01 2.986870384216308594e+01 5.892606377601623535e-01 -1.817053985595703125e+01 2.369818115234375000e+01 2.947258567810058594e+01 -1.528984427452087402e+00 -1.742059898376464844e+01 2.372378921508789062e+01 2.830115127563476562e+01 1.173160433769226074e+00 -1.688493537902832031e+01 2.268167877197265625e+01 2.141259574890136719e+01 8.500379323959350586e-01 -1.303849124908447266e+01 1.696331787109375000e+01 1.849078750610351562e+01 1.199399948120117188e+00 -1.151452350616455078e+01 1.441757297515869141e+01 1.802199935913085938e+01 4.296804368495941162e-01 -1.085165119171142578e+01 1.438158607482910156e+01 1.710499000549316406e+01 -8.300647139549255371e-01 -1.003343009948730469e+01 1.382830142974853516e+01
4.666461181640625000e+02 -3.153535156250000000e+02 -2.565021362304687500e+02 -2.291667480468750000e+02 2.166387939453125000e+02 -1.464549255371093750e+02 -1.185781021118164062e+02 -1.068762741088867188e+02 7.076433563232421875e+01 -4.743008804321289062e+01 -3.937364959716796875e+01 -3.475188827514648438e+01 6.925518798828125000e+01 -4.672491073608398438e+01 -3.839506149291992188e+01 -3.374734878540039062e+01 4.595412445068359375e+01 -3.092266845703125000e+01 -2.530424308776855469e+01 -2.269903373718261719e+01 4.582991409301757812e+01 -2.943084335327148438e+01 -1.825087928771972656e+01 -3.001820373535156250e+01 3.786506271362304688e+01 -2.561919593811035156e+01 -2.058296012878417969e+01 -1.880802536010742188e+01 3.461738586425781250e+01 -2.356003189086914062e+01 -1.858279228210449219e+01 -1.726175880432128906e+01 3.672819900512695312e+01 -2.444848251342773438e+01 -1.686465644836425781e+01 -2.160546684265136719e+01 2.613598632812500000e+01 -1.744475173950195312e+01 -1.193241214752197266e+01 -1.537428569793701172e+01 2.335547828674316406e+01 -1.576387500762939453e+01 -9.779840469360351562e+00 -1.418919754028320312e+01 2.162953567504882812e+01 -1.445701885223388672e+01 -1.075313377380371094e+01 -1.193012046813964844e+01 1.863682174682617188e+01 -1.240874958038330078e+01 -1.040630435943603516e+01 -9.222953796386718750e+00 1.855632019042968750e+01 -1.237824821472167969e+01 -1.035326385498046875e+01 -9.160050392150878906e+00 1.650657844543457031e+01 -9.893881797790527344e+00 -7.561470985412597656e+00 -1.083435058593750000e+01 1.294444751739501953e+01 -8.922909736633300781e+00 -6.894189357757568359e+00 -6.356930732727050781e+00
1.513888092041015625e+02 3.423288726806640625e+01 1.416758728027343750e+02 4.092198944091796875e+01 1.400005950927734375e+02 3.111146354675292969e+01 1.313237915039062500e+02 3.723309707641601562e+01 8.733007049560546875e+01 1.975831794738769531e+01 8.187689208984375000e+01 2.307176208496093750e+01 7.368032836914062500e+01 1.687836647033691406e+01 6.897396850585937500e+01 1.965919494628906250e+01 6.302714920043945312e+01 3.335335969924926758e+00 5.756417846679687500e+01 2.544443321228027344e+01 5.598193359375000000e+01 1.286094379425048828e+01 5.246318817138671875e+01 1.470263099670410156e+01 5.597746276855468750e+01 1.242284965515136719e+01 5.243777084350585938e+01 1.514692497253417969e+01 4.658340454101562500e+01 2.341149568557739258e+00 4.260389328002929688e+01 1.868692016601562500e+01 3.254558563232421875e+01 7.213150978088378906e+00 3.051763343811035156e+01 8.708594322204589844e+00 3.027203369140625000e+01 1.463858318328857422e+01 2.626748085021972656e+01 3.479674339294433594e+00 2.172707557678222656e+01 4.274172782897949219e+00 2.054601860046386719e+01 5.626578330993652344e+00 2.121089363098144531e+01 1.358720064163208008e+00 1.931677818298339844e+01 8.654372215270996094e+00 1.896341323852539062e+01 9.466329574584960938e+00 1.633320617675781250e+01 1.796124219894409180e+00 1.863927459716796875e+01 4.218428134918212891e+00 1.746492385864257812e+01 4.958273887634277344e+00 1.714103889465332031e+01 8.584969520568847656e+00 1.465912532806396484e+01 2.281306028366088867e+00 1.661489868164062500e+01 3.110432386398315430e+00 1.579158210754394531e+01 4.121526718139648438e+00
5.564136352539062500e+02 4.855317687988281250e+01 4.201235351562500000e+02 -3.615728454589843750e+02 2.427058563232421875e+02 2.090691757202148438e+01 1.831430206298828125e+02 -1.578849334716796875e+02 1.089291305541992188e+02 9.284385681152343750e+00 8.213743591308593750e+01 -7.094221496582031250e+01 1.012716827392578125e+02 8.659808158874511719e+00 7.661190032958984375e+01 -6.566261291503906250e+01 9.828778076171875000e+01 8.397523880004882812e+00 7.415055084228515625e+01 -6.396596908569335938e+01 7.919857025146484375e+01 6.970427989959716797e+00 5.955864334106445312e+01 -5.172749710083007812e+01 4.849429702758789062e+01 5.414954662322998047e+00 3.580628967285156250e+01 -3.223958587646484375e+01 4.066973876953125000e+01 3.415343046188354492e+00 3.083993911743164062e+01 -2.629147148132324219e+01 3.608505249023437500e+01 2.916329383850097656e+00 2.744397544860839844e+01 -2.324724769592285156e+01 1.660052537918090820e+00 2.365830838680267334e-01 1.337382316589355469e+00 -9.545738101005554199e-01 0.000000000000000000e+00 0.000000000000000000e+00 0.000000000000000000e+00 0.000000000000000000e+00 0.000000000000000000e+00 0.000000000000000000e+00 0.000000000000000000e+00 0.000000000000000000e+00 0.000000000000000000e+00 0.000000000000000000e+00 0.000000000000000000e+00 0.000000000000000000e+00 0.000000000000000000e+00 0.000000000000000000e+00 0.000000000000000000e+00 0.000000000000000000e+00 0.000000000000000000e+00 0.000000000000000000e+00 0.000000000000000000e+00 0.000000000000000000e+00 0.000000000000000000e+00 0.000000000000000000e+00 0.000000000000000000e+00 0.000000000000000000e+00
6.471250610351562500e+02 6.227420654296875000e+02 1.624191589355468750e+02 -6.769951629638671875e+01 1.804850769042968750e+02 1.738856048583984375e+02 4.483583831787109375e+01 -1.812155532836914062e+01 7.770844268798828125e+01 7.484777069091796875e+01 1.938587570190429688e+01 -7.783495903015136719e+00 6.959635162353515625e+01 6.702226257324218750e+01 1.738210678100585938e+01 -7.036496639251708984e+00 3.788322067260742188e+01 3.658185577392578125e+01 9.153459548950195312e+00 -3.619481086730957031e+00 1.765879058837890625e+01 1.738965034484863281e+01 2.671759605407714844e+00 -1.176745533943176270e+00 1.638625907897949219e+01 1.575206851959228516e+01 4.178682327270507812e+00 -1.703221440315246582e+00 1.275848293304443359e+01 1.242311096191406250e+01 2.812151908874511719e+00 -7.328053712844848633e-01 1.182459354400634766e+01 1.061596488952636719e+01 2.943979740142822266e+00 -4.293679237365722656e+00 9.477061271667480469e+00 9.171499252319335938e+00 2.221301555633544922e+00 -8.741365075111389160e-01 7.423876762390136719e+00 7.204090118408203125e+00 1.598815560340881348e+00 -7.997449636459350586e-01 7.277363777160644531e+00 7.021545410156250000e+00 1.771320700645446777e+00 -7.077642679214477539e-01 7.113245487213134766e+00 6.118547439575195312e+00 1.994806647300720215e+00 -3.030244827270507812e+00 6.454055786132812500e+00 6.178826808929443359e+00 1.795056104660034180e+00 -4.852626025676727295e-01 6.224603652954101562e+00 5.666512489318847656e+00 1.538610458374023438e+00 -2.066156625747680664e+00 5.703284263610839844e+00 5.411842823028564453e+00 1.660159945487976074e+00 -6.951784491539001465e-01
1.834645538330078125e+02 1.449901580810546875e+02 9.176351928710937500e+01 6.492776489257812500e+01 1.569065856933593750e+02 1.249178161621093750e+02 7.749848175048828125e+01 5.485620117187500000e+01 7.396443939208984375e+01 5.910725021362304688e+01 3.619934082031250000e+01 2.581553459167480469e+01 6.466577148437500000e+01 5.727980041503906250e+01 2.140878295898437500e+01 2.103213310241699219e+01 5.930257797241210938e+01 5.291183090209960938e+01 2.023000526428222656e+01 1.754654312133789062e+01 5.191944122314453125e+01 4.123410797119140625e+01 2.572451972961425781e+01 1.826541709899902344e+01 2.865252685546875000e+01 2.291071891784667969e+01 1.396245574951171875e+01 1.005468750000000000e+01 2.588876342773437500e+01 2.016706085205078125e+01 1.343375587463378906e+01 9.112226486206054688e+00 2.244657135009765625e+01 1.785832405090332031e+01 1.115661144256591797e+01 7.774264335632324219e+00 2.207281494140625000e+01 1.756076812744140625e+01 1.095554924011230469e+01 7.668409347534179688e+00 2.030437660217285156e+01 1.792453002929687500e+01 7.215338230133056641e+00 6.238410949707031250e+00 1.835403060913085938e+01 1.447800350189208984e+01 9.176072120666503906e+00 6.560339927673339844e+00 1.716493415832519531e+01 1.535078907012939453e+01 6.555957794189453125e+00 3.998521089553833008e+00 1.674477386474609375e+01 1.344237232208251953e+01 9.578185081481933594e+00 2.660047292709350586e+00 1.696928787231445312e+01 1.501032161712646484e+01 5.955170631408691406e+00 5.213723182678222656e+00 1.593545150756835938e+01 1.321136093139648438e+01 8.567034721374511719e+00 2.450402736663818359e+00
3.131021118164062500e+02 9.677942657470703125e+01 2.968455810546875000e+02 -2.343872833251953125e+01 1.713879089355468750e+02 5.255916976928710938e+01 1.625903625488281250e+02 -1.325603389739990234e+01 1.496068572998046875e+02 4.576521301269531250e+01 1.419844970703125000e+02 -1.131981277465820312e+01 8.304098510742187500e+01 2.472810935974121094e+01 7.904239654541015625e+01 -6.050304412841796875e+00 7.015192413330078125e+01 2.121963119506835938e+01 6.663887023925781250e+01 -5.501002311706542969e+00 6.439099884033203125e+01 1.944082450866699219e+01 6.118374633789062500e+01 -4.980335235595703125e+00 3.803032302856445312e+01 1.130536651611328125e+01 3.620661163330078125e+01 -2.752377748489379883e+00 3.175054168701171875e+01 9.345463752746582031e+00 3.020833778381347656e+01 -2.862841367721557617e+00 1.712995719909667969e+01 4.243665218353271484e+00 1.649382591247558594e+01 -1.833196401596069336e+00 1.634607315063476562e+01 4.866521835327148438e+00 1.558554172515869141e+01 -7.758550643920898438e-01 1.237183761596679688e+01 3.733794450759887695e+00 1.175091743469238281e+01 -1.018367290496826172e+00 9.936949729919433594e+00 2.002862215042114258e+00 9.712919235229492188e+00 -3.833995163440704346e-01 8.246308326721191406e+00 2.591995954513549805e+00 7.784129142761230469e+00 -8.191411495208740234e-01 7.134176254272460938e+00 2.189406871795654297e+00 6.772870540618896484e+00 -4.808268845081329346e-01 5.650149345397949219e+00 2.133981227874755859e+00 5.151886463165283203e+00 9.101520776748657227e-01 4.723538398742675781e+00 7.344950437545776367e-01 4.662919998168945312e+00 -1.009865775704383850e-01
2.329330902099609375e+02 1.786351928710937500e+02 1.216044921875000000e+02 8.694610595703125000e+01 1.290410003662109375e+02 9.886206817626953125e+01 6.769466400146484375e+01 4.790911483764648438e+01 1.258320388793945312e+02 9.023335266113281250e+01 7.190596008300781250e+01 5.021131896972656250e+01 9.229273986816406250e+01 7.113764953613281250e+01 4.791968917846679688e+01 3.407475662231445312e+01 7.926280212402343750e+01 6.063071060180664062e+01 4.195378112792968750e+01 2.909275817871093750e+01 6.644297790527343750e+01 4.768730926513671875e+01 3.782434082031250000e+01 2.664376640319824219e+01 5.565271759033203125e+01 4.305295181274414062e+01 2.900129890441894531e+01 2.006471824645996094e+01 2.850823211669921875e+01 2.163287925720214844e+01 1.521030998229980469e+01 1.064820861816406250e+01 2.612372589111328125e+01 1.873205566406250000e+01 1.508119869232177734e+01 1.020375347137451172e+01 2.188116264343261719e+01 1.590826225280761719e+01 1.229134845733642578e+01 8.639169692993164062e+00 1.761874198913574219e+01 1.348801803588867188e+01 9.283309936523437500e+00 6.504892349243164062e+00 1.546448326110839844e+01 1.198478221893310547e+01 8.073180198669433594e+00 5.508085727691650391e+00 1.463869762420654297e+01 1.118585681915283203e+01 7.698816776275634766e+00 5.467750549316406250e+00 1.315615844726562500e+01 9.526262283325195312e+00 7.591373443603515625e+00 4.970499515533447266e+00 1.355450916290283203e+01 9.327615737915039062e+00 7.625737667083740234e+00 6.210348606109619141e+00 7.640672683715820312e+00 4.247008323669433594e+00 5.329485893249511719e+00 3.455341339111328125e+00
5.982724609375000000e+02 -5.316519260406494141e+00 -3.542312622070312500e+02 4.821015625000000000e+02 5.688648071289062500e+02 -1.698720574378967285e+00 -3.395723876953125000e+02 4.563933410644531250e+02 2.275446166992187500e+02 -3.350195884704589844e-01 -1.339284973144531250e+02 1.839554290771484375e+02 8.964374542236328125e+01 -6.488163471221923828e-01 -5.323855590820312500e+01 7.211946868896484375e+01 6.315056228637695312e+01 -8.468405008316040039e-01 -3.761182403564453125e+01 5.072107315063476562e+01 5.424536132812500000e+01 -2.295100092887878418e-01 -3.182907104492187500e+01 4.392490386962890625e+01 3.648345947265625000e+01 -5.415057763457298279e-02 -2.164740562438964844e+01 2.936715316772460938e+01 2.808176994323730469e+01 -2.092209756374359131e-01 -1.672814178466796875e+01 2.255462837219238281e+01 2.156849098205566406e+01 -9.258398413658142090e-02 -1.233776187896728516e+01 1.769098281860351562e+01 2.048928260803222656e+01 3.355405807495117188e+00 -1.124761581420898438e+01 1.676725196838378906e+01 2.260059547424316406e+01 8.124234676361083984e-01 -1.156011581420898438e+01 1.939708900451660156e+01 9.852553367614746094e+00 -7.548173516988754272e-02 -6.035099029541015625e+00 7.787470817565917969e+00 9.948976516723632812e+00 4.308041632175445557e-01 -4.786261558532714844e+00 8.710238456726074219e+00 5.765227794647216797e+00 1.085012793540954590e+00 -3.354275703430175781e+00 4.559569358825683594e+00 5.223145008087158203e+00 7.868548482656478882e-02 -2.854977607727050781e+00 4.370877265930175781e+00 3.892799139022827148e+00 5.332356095314025879e-01 -2.192991733551025391e+00 3.168729543685913086e+00
4.508079528808593750e+02 -3.793636779785156250e+02 -1.952117919921875000e+02 1.456138305664062500e+02 2.259138641357421875e+02 -1.907174072265625000e+02 -9.813877868652343750e+01 7.094168090820312500e+01 1.877424316406250000e+02 -1.584322509765625000e+02 -8.113085937500000000e+01 5.970100784301757812e+01 5.314063262939453125e+01 -4.457267379760742188e+01 -2.293606948852539062e+01 1.763917541503906250e+01 3.684677886962890625e+01 -3.099220466613769531e+01 -1.604604530334472656e+01 1.181916999816894531e+01 3.476676940917968750e+01 -2.941386985778808594e+01 -1.443850135803222656e+01 1.161238956451416016e+01 3.435753631591796875e+01 -2.889942550659179688e+01 -1.499065017700195312e+01 1.097838878631591797e+01 2.042596244812011719e+01 -1.727647972106933594e+01 -8.672564506530761719e+00 6.597715377807617188e+00 2.039878463745117188e+01 -1.708262252807617188e+01 -8.962246894836425781e+00 6.629761695861816406e+00 1.529107856750488281e+01 -1.292808055877685547e+01 -6.967481613159179688e+00 4.256351947784423828e+00 1.447323894500732422e+01 -1.214190769195556641e+01 -6.363629341125488281e+00 4.642513275146484375e+00 8.540148735046386719e+00 -7.125968456268310547e+00 -3.757502079010009766e+00 2.834764242172241211e+00 6.710547447204589844e+00 -5.995598793029785156e+00 -2.368863105773925781e+00 1.858300685882568359e+00 6.246079444885253906e+00 -5.409214973449707031e+00 -2.664253711700439453e+00 1.623541593551635742e+00 4.468028545379638672e+00 -3.707806825637817383e+00 -1.843350172042846680e+00 1.672651529312133789e+00 2.212650060653686523e+00 -1.799031138420104980e+00 -1.120473861694335938e+00 6.199465990066528320e-01
4.617626953125000000e+02 4.239404907226562500e+02 -1.818462524414062500e+02 -2.076530838012695312e+01 8.703469085693359375e+01 7.989099121093750000e+01 -3.433464813232421875e+01 -3.568357467651367188e+00 5.578432083129882812e+01 5.115469741821289062e+01 -2.214358711242675781e+01 -2.174844980239868164e+00 4.105406951904296875e+01 3.900596237182617188e+01 -1.125588226318359375e+01 -6.032290935516357422e+00 3.842305755615234375e+01 3.633722686767578125e+01 -1.052112007141113281e+01 -6.724831104278564453e+00 3.629026031494140625e+01 3.437885284423828125e+01 -9.927387237548828125e+00 -6.041941165924072266e+00 2.497742652893066406e+01 2.290939903259277344e+01 -9.894735336303710938e+00 -1.060901999473571777e+00 2.281221008300781250e+01 2.100269889831542969e+01 -8.863335609436035156e+00 -8.398957252502441406e-01 2.302473258972167969e+01 2.173260498046875000e+01 -6.607357025146484375e+00 -3.764975786209106445e+00 1.842713737487792969e+01 1.762877845764160156e+01 -5.024230480194091797e+00 -1.882194638252258301e+00 1.741385650634765625e+01 1.661969566345214844e+01 -4.324807643890380859e+00 -2.881802797317504883e+00 1.640380096435546875e+01 1.503601551055908203e+01 -6.475566387176513672e+00 -1.024757862091064453e+00 1.458985233306884766e+01 1.335980129241943359e+01 -5.849667072296142578e+00 -4.011198282241821289e-01 1.271673488616943359e+01 1.222433567047119141e+01 -3.105331182479858398e+00 -1.618207812309265137e+00 1.179299449920654297e+01 1.074458503723144531e+01 -4.799894332885742188e+00 -7.549203038215637207e-01 1.135382652282714844e+01 1.087248229980468750e+01 -3.098675012588500977e+00 -1.047243833541870117e+00
2.324039459228515625e+02 8.128269958496093750e+01 -2.125958404541015625e+02 4.698644256591796875e+01 9.832881164550781250e+01 3.445820236206054688e+01 -9.012581634521484375e+01 1.893472480773925781e+01 7.294777679443359375e+01 2.546665191650390625e+01 -6.670532989501953125e+01 1.493254470825195312e+01 7.198628234863281250e+01 2.563636207580566406e+01 -6.563488769531250000e+01 1.472562980651855469e+01 7.070898437500000000e+01 2.453561401367187500e+01 -6.474017333984375000e+01 1.436852836608886719e+01 5.293175506591796875e+01 1.872607421875000000e+01 -4.839716720581054688e+01 1.043068027496337891e+01 4.524993896484375000e+01 1.567147445678710938e+01 -4.132663345336914062e+01 9.698049545288085938e+00 4.249095916748046875e+01 1.518491840362548828e+01 -3.871130371093750000e+01 8.735857009887695312e+00 3.922847747802734375e+01 1.372397041320800781e+01 -3.586254501342773438e+01 8.023991584777832031e+00 3.073030471801757812e+01 9.405041694641113281e+00 -2.789726829528808594e+01 8.811308860778808594e+00 2.677428817749023438e+01 8.430162429809570312e+00 -2.408698844909667969e+01 8.046799659729003906e+00 2.337322616577148438e+01 7.954291820526123047e+00 -2.142778205871582031e+01 4.885461330413818359e+00 2.319145202636718750e+01 1.080503463745117188e+01 -1.933929252624511719e+01 6.860517501831054688e+00 2.153406906127929688e+01 7.873417854309082031e+00 -1.959131240844726562e+01 4.229234218597412109e+00 1.821253967285156250e+01 9.300027847290039062e+00 -1.456306743621826172e+01 5.676405906677246094e+00 1.755759429931640625e+01 7.639942646026611328e+00 -1.439372253417968750e+01 6.534666061401367188e+00
2.103840637207031250e+02 1.791740112304687500e+02 8.493224334716796875e+01 -7.031640625000000000e+01 1.761704254150390625e+02 1.502333526611328125e+02 7.085012054443359375e+01 -5.870439910888671875e+01 1.283067474365234375e+02 1.094190597534179688e+02 5.139585494995117188e+01 -4.299464416503906250e+01 7.522290039062500000e+01 6.396355056762695312e+01 3.047560691833496094e+01 -2.526168060302734375e+01 6.883676147460937500e+01 5.855060577392578125e+01 2.759420585632324219e+01 -2.342311668395996094e+01 6.290510559082031250e+01 5.349013519287109375e+01 2.566868591308593750e+01 -2.090353584289550781e+01 5.184919357299804688e+01 4.427221298217773438e+01 2.091834449768066406e+01 -1.704378318786621094e+01 4.839707946777343750e+01 4.131449127197265625e+01 1.933520317077636719e+01 -1.617220115661621094e+01 3.494059753417968750e+01 2.981573295593261719e+01 1.411240863800048828e+01 -1.150927352905273438e+01 2.795255851745605469e+01 2.380572509765625000e+01 1.128660583496093750e+01 -9.340530395507812500e+00 2.727445030212402344e+01 2.314970207214355469e+01 1.097557640075683594e+01 -9.355410575866699219e+00 2.719522094726562500e+01 2.254352951049804688e+01 1.161712455749511719e+01 -9.773833274841308594e+00 2.660493850708007812e+01 2.369000434875488281e+01 6.735237121582031250e+00 -1.006096172332763672e+01 2.592656517028808594e+01 2.315150451660156250e+01 6.440360069274902344e+00 -9.731259346008300781e+00 2.439710426330566406e+01 2.080543136596679688e+01 1.011938762664794922e+01 -7.741555213928222656e+00 2.476464462280273438e+01 1.911405754089355469e+01 1.117959785461425781e+01 -1.107783699035644531e+01
6.002916870117187500e+02 1.496202697753906250e+02 2.720937805175781250e+02 5.137401123046875000e+02 4.420397644042968750e+02 1.109143981933593750e+02 2.005152282714843750e+02 3.780090026855468750e+02 2.306806793212890625e+02 5.738299179077148438e+01 1.048681869506835938e+02 1.972901763916015625e+02 1.755715789794921875e+02 4.401525497436523438e+01 7.933044433593750000e+01 1.503153228759765625e+02 1.292313232421875000e+02 3.245859146118164062e+01 5.984649658203125000e+01 1.098392486572265625e+02 7.104282379150390625e+01 1.786806869506835938e+01 3.266500854492187500e+01 6.049745941162109375e+01 2.853771400451660156e+01 7.366594314575195312e+00 1.308481884002685547e+01 2.426771354675292969e+01 2.904015350341796875e+01 7.145603179931640625e+00 1.299472427368164062e+01 2.496813964843750000e+01 2.726335334777832031e+01 6.821865558624267578e+00 1.252935600280761719e+01 2.323249626159667969e+01 2.389141464233398438e+01 5.946798801422119141e+00 1.107565116882324219e+01 2.031662368774414062e+01 2.162219619750976562e+01 5.505325317382812500e+00 1.001177597045898438e+01 1.835688209533691406e+01 1.803663063049316406e+01 4.438788414001464844e+00 8.271933555603027344e+00 1.540041255950927734e+01 1.466923332214355469e+01 3.598345994949340820e+00 6.865702629089355469e+00 1.245393276214599609e+01 1.252038192749023438e+01 3.109782457351684570e+00 5.963976860046386719e+00 1.055935668945312500e+01 1.238324642181396484e+01 3.222272634506225586e+00 5.791099548339843750e+00 1.046063709259033203e+01 5.154886722564697266e+00 1.389055967330932617e+00 2.410554885864257812e+00 4.339654922485351562e+00
4.338982238769531250e+02 -2.115059051513671875e+02 1.495040588378906250e+02 3.481112670898437500e+02 1.953802337646484375e+02 -9.528081512451171875e+01 6.682003021240234375e+01 1.569396972656250000e+02 1.933699798583984375e+02 -9.401471710205078125e+01 6.581797027587890625e+01 1.556307373046875000e+02 1.611941375732421875e+02 -7.794564819335937500e+01 5.509629058837890625e+01 1.298939056396484375e+02 1.514139556884765625e+02 -7.375106811523437500e+01 5.130574798583984375e+01 1.218797988891601562e+02 7.910500335693359375e+01 -4.217796707153320312e+01 3.591406250000000000e+01 5.646946334838867188e+01 8.927400970458984375e+01 -4.353516387939453125e+01 3.048365020751953125e+01 7.173052215576171875e+01 6.097536087036132812e+01 -2.993952560424804688e+01 2.082776451110839844e+01 4.886536407470703125e+01 4.739803695678710938e+01 -2.335362052917480469e+01 1.607344245910644531e+01 3.798456192016601562e+01 4.409421920776367188e+01 -2.064416122436523438e+01 1.526265239715576172e+01 3.584899902343750000e+01 3.663728332519531250e+01 -1.827446174621582031e+01 1.270075607299804688e+01 2.910336303710937500e+01 2.500468826293945312e+01 -1.304404449462890625e+01 1.004823589324951172e+01 1.881757736206054688e+01 2.483248329162597656e+01 -1.179098892211914062e+01 8.495461463928222656e+00 2.013536071777343750e+01 1.924612426757812500e+01 -1.027567672729492188e+01 8.729191780090332031e+00 1.372504997253417969e+01 2.182427215576171875e+01 -1.060700607299804688e+01 7.698336601257324219e+00 1.745067214965820312e+01 1.635879135131835938e+01 -8.564043045043945312e+00 7.094575405120849609e+00 1.198733520507812500e+01
3.247097167968750000e+02 -2.510102539062500000e+02 -2.052119598388671875e+02 1.784104728698730469e+01 1.295418090820312500e+02 -1.119702606201171875e+02 -6.503291320800781250e+01 3.685097455978393555e+00 1.259414443969726562e+02 -1.090003204345703125e+02 -6.297476959228515625e+01 3.672777652740478516e+00 8.098719024658203125e+01 -7.005443572998046875e+01 -4.056990051269531250e+01 2.266251325607299805e+00 8.089241790771484375e+01 -6.289417648315429688e+01 -5.068192291259765625e+01 4.360259532928466797e+00 7.278737640380859375e+01 -6.281248855590820312e+01 -3.674069595336914062e+01 1.641791105270385742e+00 3.568045806884765625e+01 -2.774658393859863281e+01 -2.233880615234375000e+01 2.049368143081665039e+00 2.600453948974609375e+01 -2.088640975952148438e+01 -1.539950942993164062e+01 1.687918543815612793e+00 1.989338684082031250e+01 -1.523512935638427734e+01 -1.271864223480224609e+01 1.276007533073425293e+00 1.732711601257324219e+01 -1.479010200500488281e+01 -8.986178398132324219e+00 6.990879178047180176e-01 1.507648468017578125e+01 -1.314970874786376953e+01 -7.349849224090576172e+00 5.885083675384521484e-01 1.214875125885009766e+01 -1.032481098175048828e+01 -6.371078491210937500e+00 3.920398354530334473e-01 1.199639892578125000e+01 -9.217658996582031250e+00 -7.651954174041748047e+00 6.292329430580139160e-01 8.898129463195800781e+00 -6.918020248413085938e+00 -5.569768428802490234e+00 5.256236791610717773e-01 7.703245162963867188e+00 -5.890894412994384766e+00 -4.940258979797363281e+00 4.808269143104553223e-01 5.938371181488037109e+00 -4.855792999267578125e+00 -3.273649930953979492e+00 3.283004462718963623e-01
5.009286804199218750e+02 1.544298553466796875e+02 -3.921068420410156250e+02 -2.708009948730468750e+02 3.416584472656250000e+02 1.079992828369140625e+02 -2.663693237304687500e+02 -1.846998443603515625e+02 2.062997741699218750e+02 6.479124450683593750e+01 -1.610053558349609375e+02 -1.115300369262695312e+02 7.612876892089843750e+01 2.418017578125000000e+01 -5.921215820312500000e+01 -4.128957366943359375e+01 4.371756362915039062e+01 1.356776905059814453e+01 -3.431148147583007812e+01 -2.344876098632812500e+01 2.714965057373046875e+01 8.877645492553710938e+00 -2.199554824829101562e+01 -1.320858573913574219e+01 1.237562274932861328e+01 2.918388366699218750e+00 -1.000662422180175781e+01 -6.669855594635009766e+00 1.049720573425292969e+01 2.971860647201538086e+00 -8.417230606079101562e+00 -5.521817207336425781e+00 9.826200485229492188e+00 2.749718904495239258e+00 -7.831303119659423828e+00 -5.259653091430664062e+00 7.457908630371093750e+00 2.270472049713134766e+00 -5.894210338592529297e+00 -3.965304613113403320e+00 4.077339172363281250e+00 1.354230523109436035e+00 -3.274352073669433594e+00 -2.012457847595214844e+00 3.477346420288085938e+00 1.025337338447570801e+00 -2.785733938217163086e+00 -1.811161994934082031e+00 1.432386398315429688e+00 5.616305470466613770e-01 -8.713119029998779297e-01 -9.783774018287658691e-01 1.355677962303161621e+00 4.500995278358459473e-01 -9.194660186767578125e-01 -8.887380361557006836e-01 1.245322108268737793e+00 6.634162068367004395e-01 -7.549514770507812500e-01 -7.213641405105590820e-01 1.136588454246520996e+00 4.200383424758911133e-01 -8.746152520179748535e-01 -5.919875502586364746e-01
3.505337829589843750e+02 -1.842708587646484375e+02 -2.735533752441406250e+02 1.186875076293945312e+02 1.000096969604492188e+02 -5.255618286132812500e+01 -7.805155944824218750e+01 3.387805175781250000e+01 7.596408843994140625e+01 -3.896656799316406250e+01 -6.038307571411132812e+01 2.461736106872558594e+01 6.438862609863281250e+01 -3.373743438720703125e+01 -5.034826278686523438e+01 2.172276496887207031e+01 4.988252639770507812e+01 -2.630347061157226562e+01 -3.895478057861328125e+01 1.670029449462890625e+01 4.471784210205078125e+01 -2.287831497192382812e+01 -3.518395614624023438e+01 1.543820095062255859e+01 4.196604919433593750e+01 -2.238319206237792969e+01 -3.252769088745117188e+01 1.421522045135498047e+01 3.433510589599609375e+01 -1.806137275695800781e+01 -2.685810852050781250e+01 1.145901393890380859e+01 3.317979431152343750e+01 -1.766462135314941406e+01 -2.561998748779296875e+01 1.150896835327148438e+01 3.228319931030273438e+01 -1.632935714721679688e+01 -2.590600967407226562e+01 1.021844768524169922e+01 3.119642257690429688e+01 -1.662951660156250000e+01 -2.471430206298828125e+01 9.266061782836914062e+00 2.844786834716796875e+01 -1.486275768280029297e+01 -2.198913574218750000e+01 1.023904991149902344e+01 2.518619728088378906e+01 -1.312902164459228516e+01 -1.991746330261230469e+01 8.078859329223632812e+00 2.278825759887695312e+01 -1.183217430114746094e+01 -1.769599342346191406e+01 8.132425308227539062e+00 2.153054809570312500e+01 -1.101305103302001953e+01 -1.698340225219726562e+01 7.337660312652587891e+00 1.717853927612304688e+01 -8.775228500366210938e+00 -1.360684680938720703e+01 5.740321159362792969e+00
2.254077606201171875e+02 -1.421826362609863281e+01 -1.799995422363281250e+02 -1.349319915771484375e+02 1.441727142333984375e+02 -8.437123298645019531e+00 -1.161107864379882812e+02 -8.504628753662109375e+01 1.280837097167968750e+02 -7.429006576538085938e+00 -1.022371902465820312e+02 -7.679714965820312500e+01 9.911659240722656250e+01 4.889398574829101562e+00 -8.876325988769531250e+01 -4.383236694335937500e+01 8.759230041503906250e+01 -5.896903991699218750e+00 -7.027304840087890625e+01 -5.195280456542968750e+01 6.541937255859375000e+01 2.640818834304809570e+00 -5.861527633666992188e+01 -2.893043327331542969e+01 7.006813812255859375e+01 -3.747640848159790039e+00 -5.684741973876953125e+01 -4.078752517700195312e+01 4.861495971679687500e+01 1.824207067489624023e+00 -4.343979263305664062e+01 -2.174975395202636719e+01 4.479814529418945312e+01 2.588780403137207031e+00 -3.971076965332031250e+01 -2.057200241088867188e+01 3.924393844604492188e+01 1.853594303131103516e+00 -3.505356979370117188e+01 -1.754647827148437500e+01 3.899433898925781250e+01 1.284157037734985352e+00 -3.419842529296875000e+01 -1.869110870361328125e+01 4.030819702148437500e+01 -2.667668104171752930e+00 -3.224551391601562500e+01 -2.403874397277832031e+01 3.711949920654296875e+01 -2.463950872421264648e+00 -2.978307533264160156e+01 -2.201714324951171875e+01 2.945310592651367188e+01 8.190594315528869629e-01 -2.338012123107910156e+01 -1.789370155334472656e+01 2.827178955078125000e+01 -1.859892129898071289e+00 -2.248149871826171875e+01 -1.704162788391113281e+01 1.850026512145996094e+01 1.059584856033325195e+00 -1.652188873291015625e+01 -8.254969596862792969e+00
1.202740631103515625e+02 4.225657653808593750e+01 1.042243881225585938e+02 -4.262237167358398438e+01 1.177625732421875000e+02 4.177670669555664062e+01 1.021794586181640625e+02 -4.100226974487304688e+01 6.110809326171875000e+01 2.082315254211425781e+01 5.316922378540039062e+01 -2.176256942749023438e+01 5.345290374755859375e+01 1.868444252014160156e+01 4.641638183593750000e+01 -1.880489540100097656e+01 5.006078720092773438e+01 1.711413764953613281e+01 4.383671951293945312e+01 -1.707372474670410156e+01 4.688060379028320312e+01 1.659589195251464844e+01 4.053483963012695312e+01 -1.671150207519531250e+01 4.521505355834960938e+01 1.575586414337158203e+01 3.945074081420898438e+01 -1.548460578918457031e+01 3.937013626098632812e+01 8.063767433166503906e+00 3.626610946655273438e+01 -1.302816963195800781e+01 3.614826202392578125e+01 1.273682880401611328e+01 3.123567581176757812e+01 -1.299165153503417969e+01 3.569890594482421875e+01 1.270782089233398438e+01 3.097194671630859375e+01 -1.239525318145751953e+01 2.966947174072265625e+01 1.039059638977050781e+01 2.572219848632812500e+01 -1.051960277557373047e+01 2.768053436279296875e+01 5.906646728515625000e+00 2.550041198730468750e+01 -9.002919197082519531e+00 2.460263633728027344e+01 8.737253189086914062e+00 2.118486404418945312e+01 -8.951682090759277344e+00 2.436194229125976562e+01 4.758247375488281250e+00 2.237656402587890625e+01 -8.374533653259277344e+00 2.301064109802246094e+01 1.242021799087524414e+00 2.161566543579101562e+01 -7.790405750274658203e+00 2.253661155700683594e+01 4.748038768768310547e+00 2.048533630371093750e+01 -8.091303825378417969e+00
1.222926330566406250e+02 -7.908137512207031250e+01 -9.111440277099609375e+01 -1.998904609680175781e+01 1.045277175903320312e+02 -6.753546905517578125e+01 -7.795478057861328125e+01 -1.696476745605468750e+01 6.732673645019531250e+01 -4.276119995117187500e+01 -4.921321487426757812e+01 -1.680562591552734375e+01 4.973962783813476562e+01 -2.813704872131347656e+01 -3.962987899780273438e+01 -1.053197002410888672e+01 4.937160110473632812e+01 -2.809874725341796875e+01 -3.931681823730468750e+01 -1.006656742095947266e+01 4.522925949096679688e+01 -2.810568809509277344e+01 -3.346214294433593750e+01 -1.165308189392089844e+01 3.631304550170898438e+01 -2.341772270202636719e+01 -2.703767204284667969e+01 -6.260402679443359375e+00 3.581491088867187500e+01 -2.415393829345703125e+01 -2.421083641052246094e+01 -1.063538646697998047e+01 3.002109718322753906e+01 -1.935018157958984375e+01 -2.244517517089843750e+01 -4.799115180969238281e+00 2.971286010742187500e+01 -1.903739547729492188e+01 -2.156126976013183594e+01 -7.451441764831542969e+00 2.648206138610839844e+01 -1.546152973175048828e+01 -2.053713989257812500e+01 -6.361331939697265625e+00 2.514500808715820312e+01 -1.633960914611816406e+01 -1.866565132141113281e+01 -4.106415271759033203e+00 2.496066093444824219e+01 -1.674683380126953125e+01 -1.697800445556640625e+01 -7.369284152984619141e+00 2.210279083251953125e+01 -1.488445281982421875e+01 -1.488445091247558594e+01 -6.740885257720947266e+00 2.192595863342285156e+01 -1.537050819396972656e+01 -1.398631381988525391e+01 -6.989943027496337891e+00 2.061269760131835938e+01 -1.328611373901367188e+01 -1.543064594268798828e+01 -3.163869619369506836e+00
1.922924804687500000e+02 1.622791442871093750e+02 -1.029399032592773438e+02 -6.727490425109863281e+00 1.467257537841796875e+02 1.243736267089843750e+02 -7.767351531982421875e+01 -5.121564388275146484e+00 1.105469894409179688e+02 9.384249877929687500e+01 -5.821947860717773438e+01 -4.971259593963623047e+00 1.043683853149414062e+02 8.850260162353515625e+01 -5.521370315551757812e+01 -3.390778779983520508e+00 8.482705688476562500e+01 7.168994140625000000e+01 -4.525869369506835938e+01 -2.795082807540893555e+00 5.985072326660156250e+01 5.091777420043945312e+01 -3.141307830810546875e+01 -1.645480155944824219e+00 5.300595855712890625e+01 4.493129730224609375e+01 -2.803107833862304688e+01 -2.251397848129272461e+00 4.544174957275390625e+01 3.842105102539062500e+01 -2.417482757568359375e+01 -2.081552505493164062e+00 4.448598861694335938e+01 3.786343765258789062e+01 -2.333994865417480469e+01 -6.012997031211853027e-01 2.541853904724121094e+01 2.151012611389160156e+01 -1.346502399444580078e+01 1.445848226547241211e+00 2.129086494445800781e+01 1.778452873229980469e+01 -1.169493007659912109e+01 -4.703694880008697510e-01 1.833235359191894531e+01 1.555251598358154297e+01 -9.702675819396972656e+00 -2.291424870491027832e-01 1.511806488037109375e+01 1.265085029602050781e+01 -8.267272949218750000e+00 -3.805002272129058838e-01 1.386322021484375000e+01 1.160444450378417969e+01 -7.572872638702392578e+00 -3.975650370121002197e-01 1.296224498748779297e+01 1.132558536529541016e+01 -6.292128086090087891e+00 3.754680156707763672e-01 1.284144973754882812e+01 1.064880275726318359e+01 -7.173237800598144531e+00 -2.247024327516555786e-01
2.009075927734375000e+02 1.845807647705078125e+02 -6.898848724365234375e+01 -3.917126083374023438e+01 1.349693756103515625e+02 1.142999801635742188e+02 -5.620255661010742188e+01 -4.463861083984375000e+01 1.183332672119140625e+02 1.088113479614257812e+02 -4.004986572265625000e+01 -2.364023399353027344e+01 9.565594482421875000e+01 8.917945861816406250e+01 -2.776582336425781250e+01 -2.064275550842285156e+01 8.803057861328125000e+01 8.104961395263671875e+01 -3.011240005493164062e+01 -1.653309059143066406e+01 8.783111572265625000e+01 8.058428192138671875e+01 -3.050777053833007812e+01 -1.701489257812500000e+01 8.343206787109375000e+01 7.680152130126953125e+01 -2.842048645019531250e+01 -1.595909023284912109e+01 6.432592010498046875e+01 5.932681274414062500e+01 -2.181255149841308594e+01 -1.193090152740478516e+01 6.337619781494140625e+01 5.918058776855468750e+01 -1.846964454650878906e+01 -1.315495300292968750e+01 6.138259506225585938e+01 5.206988906860351562e+01 -2.565104484558105469e+01 -1.996430015563964844e+01 5.710241699218750000e+01 4.767557525634765625e+01 -2.568147087097167969e+01 -1.811541366577148438e+01 5.103290176391601562e+01 4.732302856445312500e+01 -1.628449821472167969e+01 -9.984146118164062500e+00 5.250939178466796875e+01 4.448908615112304688e+01 -2.196652221679687500e+01 -1.716255760192871094e+01 4.474185180664062500e+01 4.118489456176757812e+01 -1.515474414825439453e+01 -8.715066909790039062e+00 3.842667007446289062e+01 3.559368515014648438e+01 -1.228036975860595703e+01 -7.658505916595458984e+00 3.569053649902343750e+01 3.236670684814453125e+01 -1.326792716979980469e+01 -7.081917285919189453e+00
2.030668334960937500e+02 1.707315673828125000e+02 -5.981087207794189453e+00 1.097775115966796875e+02 1.143621063232421875e+02 9.926323699951171875e+01 2.390732049942016602e+00 5.674297714233398438e+01 9.910040283203125000e+01 8.601405334472656250e+01 1.978401899337768555e+00 4.917863845825195312e+01 8.299008178710937500e+01 7.175453948974609375e+01 5.384421348571777344e-01 4.169351577758789062e+01 8.254377746582031250e+01 6.977365875244140625e+01 -2.444318771362304688e+00 4.403563308715820312e+01 6.814973449707031250e+01 5.856923675537109375e+01 5.643895864486694336e-01 3.483808898925781250e+01 6.644139099121093750e+01 5.621394348144531250e+01 -9.108279943466186523e-01 3.540291595458984375e+01 6.641071319580078125e+01 5.599729156494140625e+01 -1.482726335525512695e+00 3.567168045043945312e+01 5.134457015991210938e+01 4.334801101684570312e+01 -1.763634920120239258e+00 2.746059226989746094e+01 4.525400543212890625e+01 3.911558151245117188e+01 8.473141193389892578e-01 2.274113082885742188e+01 4.580541229248046875e+01 3.887902069091796875e+01 -1.120172381401062012e+00 2.417450523376464844e+01 4.236233520507812500e+01 3.559663772583007812e+01 -7.473075389862060547e-01 2.295362854003906250e+01 3.661621093750000000e+01 3.112521362304687500e+01 -7.786909937858581543e-01 1.927074623107910156e+01 3.532878494262695312e+01 2.978189849853515625e+01 -8.868601918220520020e-01 1.898303413391113281e+01 3.167450904846191406e+01 2.745353126525878906e+01 3.433611094951629639e-01 1.579430961608886719e+01 2.988837051391601562e+01 2.603474998474121094e+01 -1.291977763175964355e-01 1.467890548706054688e+01
9.079112243652343750e+01 -8.581488800048828125e+01 -1.253754615783691406e+01 -2.686342430114746094e+01 7.086169433593750000e+01 -6.714916992187500000e+01 -9.639007568359375000e+00 -2.048066711425781250e+01 6.807833862304687500e+01 -6.454404449462890625e+01 -8.971648216247558594e+00 -1.969763755798339844e+01 5.592053985595703125e+01 -5.312268066406250000e+01 -6.624764919281005859e+00 -1.616108703613281250e+01 5.295819091796875000e+01 -4.993744659423828125e+01 -7.440668106079101562e+00 -1.598305416107177734e+01 5.731296539306640625e+01 -4.522078704833984375e+01 -1.691635704040527344e+01 -3.088160514831542969e+01 4.841591644287109375e+01 -4.596054840087890625e+01 -6.245850563049316406e+00 -1.388230991363525391e+01 5.179388046264648438e+01 -4.364167404174804688e+01 -4.801321327686309814e-01 -2.788834190368652344e+01 3.981476593017578125e+01 -3.629356765747070312e+01 2.450545787811279297e+00 -1.617852592468261719e+01 3.708718490600585938e+01 -3.371167373657226562e+01 2.257894992828369141e+00 -1.528540420532226562e+01 2.869109535217285156e+01 -2.399332809448242188e+01 -1.629195690155029297e+00 -1.564688205718994141e+01 2.287472915649414062e+01 -2.064470100402832031e+01 1.085394859313964844e+00 -9.791401863098144531e+00 1.946918678283691406e+01 -1.847121047973632812e+01 -2.533422231674194336e+00 -5.605905532836914062e+00 2.188966751098632812e+01 -1.748427772521972656e+01 -6.089976787567138672e+00 -1.167774772644042969e+01 1.838255882263183594e+01 -1.736827087402343750e+01 -2.670760154724121094e+00 -5.397097110748291016e+00 1.659733390808105469e+01 -1.307615566253662109e+01 -4.480346202850341797e+00 -9.174185752868652344e+00
2.960996398925781250e+02 -2.111116943359375000e+02 -1.988042449951171875e+02 -5.986416625976562500e+01 2.097112884521484375e+02 -1.497944793701171875e+02 -1.403564453125000000e+02 -4.290113067626953125e+01 1.647361450195312500e+02 -1.174311904907226562e+02 -1.102615432739257812e+02 -3.450049209594726562e+01 5.947619628906250000e+01 -4.223979949951171875e+01 -3.997710800170898438e+01 -1.245182800292968750e+01 5.458190917968750000e+01 -3.964842224121093750e+01 -3.473291778564453125e+01 -1.416227149963378906e+01 4.088161849975585938e+01 -2.978786087036132812e+01 -2.686394691467285156e+01 -7.878692626953125000e+00 3.691641235351562500e+01 -2.626606941223144531e+01 -2.473480224609375000e+01 -7.816952228546142578e+00 3.018397331237792969e+01 -2.222722434997558594e+01 -1.884896278381347656e+01 -7.856178283691406250e+00 2.438589668273925781e+01 -1.959346961975097656e+01 -1.192008113861083984e+01 -8.286155700683593750e+00 1.707761955261230469e+01 -1.221069431304931641e+01 -1.144134044647216797e+01 -3.411711215972900391e+00 1.543268966674804688e+01 -1.081451892852783203e+01 -1.045531463623046875e+01 -3.446904420852661133e+00 1.578219318389892578e+01 -1.249860858917236328e+01 -7.972260475158691406e+00 -5.413450717926025391e+00 1.272575759887695312e+01 -1.008754634857177734e+01 -6.319241046905517578e+00 -4.498170375823974609e+00 1.104257583618164062e+01 -8.739074707031250000e+00 -4.627033233642578125e+00 -4.913042545318603516e+00 1.030044269561767578e+01 -8.100995063781738281e+00 -5.155913352966308594e+00 -3.724167346954345703e+00 8.917966842651367188e+00 -7.082596302032470703e+00 -4.418584346771240234e+00 -3.137368202209472656e+00
1.434950714111328125e+02 2.662530708312988281e+01 1.101082839965820312e+02 -8.807866668701171875e+01 7.426396179199218750e+01 1.433331775665283203e+01 5.669537734985351562e+01 -4.577202987670898438e+01 6.696626281738281250e+01 6.259726047515869141e+00 5.643190383911132812e+01 -3.550656509399414062e+01 7.182174682617187500e+01 1.219121932983398438e+01 5.363990020751953125e+01 -4.616956329345703125e+01 4.612490844726562500e+01 6.916125297546386719e+00 3.454386520385742188e+01 -2.977240180969238281e+01 4.625636672973632812e+01 7.382838726043701172e+00 3.437828826904296875e+01 -3.004008483886718750e+01 3.713697814941406250e+01 4.168428897857666016e+00 3.125946617126464844e+01 -1.961185836791992188e+01 3.450065994262695312e+01 6.697624206542968750e+00 2.595014381408691406e+01 -2.172573471069335938e+01 3.537907409667968750e+01 5.515655994415283203e+00 2.618521118164062500e+01 -2.314284515380859375e+01 3.468813705444335938e+01 5.265111446380615234e+00 2.576675224304199219e+01 -2.259957885742187500e+01 3.351204681396484375e+01 5.693616867065429688e+00 2.478163337707519531e+01 -2.182867050170898438e+01 3.324720764160156250e+01 5.305392742156982422e+00 2.469132041931152344e+01 -2.162288284301757812e+01 3.103474044799804688e+01 4.843631744384765625e+00 2.362453079223632812e+01 -1.953347778320312500e+01 2.910324096679687500e+01 4.458373546600341797e+00 2.170357894897460938e+01 -1.886998367309570312e+01 2.726465988159179688e+01 5.613207340240478516e+00 2.047014427185058594e+01 -1.711218261718750000e+01 2.671825218200683594e+01 4.643233299255371094e+00 2.045975685119628906e+01 -1.653667068481445312e+01
1.466196594238281250e+02 -1.034600830078125000e+01 1.331956939697265625e+02 -6.040645599365234375e+01 1.333820037841796875e+02 -9.302915573120117188e+00 1.209912185668945312e+02 -5.536535644531250000e+01 1.016944427490234375e+02 -6.528795719146728516e+00 9.285034942626953125e+01 -4.096251678466796875e+01 8.517368316650390625e+01 -6.024811744689941406e+00 7.749884033203125000e+01 -3.480394363403320312e+01 5.962099456787109375e+01 -8.677371025085449219e+00 5.838178634643554688e+01 -8.369909286499023438e+00 5.197084045410156250e+01 -7.690597534179687500e+00 5.090293884277343750e+01 -7.060638904571533203e+00 5.061962890625000000e+01 -3.271804332733154297e+00 4.585357666015625000e+01 -2.119132804870605469e+01 4.538570022583007812e+01 -7.062900543212890625e+00 4.425520706176757812e+01 -7.171764850616455078e+00 3.925593566894531250e+01 -2.543099164962768555e+00 3.557468795776367188e+01 -1.639374160766601562e+01 3.842534637451171875e+01 -2.509135007858276367e+00 3.455629730224609375e+01 -1.661488533020019531e+01 2.830044937133789062e+01 -2.141089677810668945e+00 2.573155021667480469e+01 -1.158442306518554688e+01 2.422180747985839844e+01 -1.764592766761779785e+00 2.199486160278320312e+01 -9.989442825317382812e+00 2.403859138488769531e+01 -1.431005358695983887e+00 2.197326469421386719e+01 -9.642703056335449219e+00 2.182513809204101562e+01 -1.385220646858215332e+00 2.014807891845703125e+01 -8.273656845092773438e+00 1.976486778259277344e+01 -1.600796222686767578e+00 1.789621925354003906e+01 -8.233671188354492188e+00 1.754561042785644531e+01 -2.831784248352050781e+00 1.703424263000488281e+01 -3.069613933563232422e+00
1.655531463623046875e+02 1.242275085449218750e+02 -7.636768341064453125e+01 -7.837937927246093750e+01 1.145596237182617188e+02 7.515673828125000000e+01 -6.526441192626953125e+01 -5.670898437500000000e+01 1.107885437011718750e+02 8.352876281738281250e+01 -5.089023590087890625e+01 -5.202250289916992188e+01 8.324366760253906250e+01 5.432563018798828125e+01 -4.816564559936523438e+01 -4.072229003906250000e+01 6.696966552734375000e+01 5.066208648681640625e+01 -3.079155921936035156e+01 -3.114723396301269531e+01 6.088512420654296875e+01 4.075429534912109375e+01 -3.305075073242187500e+01 -3.088226318359375000e+01 5.148530960083007812e+01 3.898387145996093750e+01 -2.288853645324707031e+01 -2.463920402526855469e+01 5.095434570312500000e+01 3.882211303710937500e+01 -2.250036430358886719e+01 -2.414378738403320312e+01 4.450330734252929688e+01 3.282087326049804688e+01 -2.175254249572753906e+01 -2.074033355712890625e+01 3.928617095947265625e+01 2.597986602783203125e+01 -2.176622772216796875e+01 -1.986608886718750000e+01 3.723828887939453125e+01 2.828062057495117188e+01 -1.701491546630859375e+01 -1.724439430236816406e+01 2.861996269226074219e+01 2.144588088989257812e+01 -1.320272159576416016e+01 -1.359576320648193359e+01 2.533616828918457031e+01 1.638672065734863281e+01 -1.445557785034179688e+01 -1.282314586639404297e+01 2.492502021789550781e+01 1.688525962829589844e+01 -1.373413181304931641e+01 -1.214570808410644531e+01 2.458390808105468750e+01 1.831823539733886719e+01 -1.151114559173583984e+01 -1.167411613464355469e+01 2.222055244445800781e+01 1.670606994628906250e+01 -1.036437225341796875e+01 -1.035567283630371094e+01
1.427727203369140625e+02 -4.767248916625976562e+01 -1.330915222167968750e+02 1.994467353820800781e+01 8.370249938964843750e+01 -2.751994323730468750e+01 -7.808483886718750000e+01 1.230849647521972656e+01 5.620391464233398438e+01 -2.656818199157714844e+01 -4.712162399291992188e+01 1.525006675720214844e+01 4.925465393066406250e+01 -2.379305648803710938e+01 -4.105255126953125000e+01 1.321360397338867188e+01 4.824229049682617188e+01 -2.329161071777343750e+01 -3.995663452148437500e+01 1.372175598144531250e+01 4.620911026000976562e+01 -2.161707878112792969e+01 -3.844057083129882812e+01 1.379443073272705078e+01 3.926484680175781250e+01 -1.777800369262695312e+01 -3.468827819824218750e+01 -4.639238834381103516e+00 3.872258758544921875e+01 -1.750426101684570312e+01 -3.297447967529296875e+01 1.028124904632568359e+01 3.670297241210937500e+01 -1.535155868530273438e+01 -3.329129409790039062e+01 -1.768420696258544922e+00 3.689910888671875000e+01 -1.731788635253906250e+01 -3.081902503967285156e+01 1.057370662689208984e+01 3.528795623779296875e+01 -1.481647014617919922e+01 -3.187221527099609375e+01 -2.998866319656372070e+00 3.239970016479492188e+01 -1.072902107238769531e+01 -3.019761276245117188e+01 4.765846729278564453e+00 2.868755722045898438e+01 -1.221622467041015625e+01 -2.579946517944335938e+01 -2.807230949401855469e+00 2.606407356262207031e+01 -9.886183738708496094e+00 -2.405196189880371094e+01 -1.755864739418029785e+00 2.591830253601074219e+01 -1.242345142364501953e+01 -2.155953598022460938e+01 7.252775669097900391e+00 2.431506919860839844e+01 -1.152083015441894531e+01 -2.022636032104492188e+01 7.027617454528808594e+00
5.120492553710937500e+02 3.610951232910156250e+02 5.737703323364257812e+01 3.584865417480468750e+02 2.088551788330078125e+02 1.479150238037109375e+02 2.274526023864746094e+01 1.456855773925781250e+02 9.551064300537109375e+01 6.787110900878906250e+01 1.015443420410156250e+01 6.642787933349609375e+01 9.172720336914062500e+01 6.481039428710937500e+01 9.444727897644042969e+00 6.422048187255859375e+01 5.866242218017578125e+01 4.163698577880859375e+01 5.764400005340576172e+00 4.091959381103515625e+01 6.368674850463867188e+01 4.079865646362304688e+01 4.388152599334716797e+00 4.870520019531250000e+01 5.635256958007812500e+01 3.996931457519531250e+01 5.737443923950195312e+00 3.930836868286132812e+01 4.678857803344726562e+01 3.019934082031250000e+01 3.796647310256958008e+00 3.553528213500976562e+01 4.214596176147460938e+01 2.993439674377441406e+01 3.991730690002441406e+00 2.939864349365234375e+01 3.843421554565429688e+01 2.715392684936523438e+01 4.593674182891845703e+00 2.680953598022460938e+01 3.183546829223632812e+01 2.077427101135253906e+01 2.348215818405151367e+00 2.400859451293945312e+01 2.490073013305664062e+01 1.779339218139648438e+01 2.423404693603515625e+00 1.724962234497070312e+01 2.399051284790039062e+01 1.574466896057128906e+01 2.019429206848144531e+00 1.798810577392578125e+01 1.939520454406738281e+01 1.365160655975341797e+01 2.065296173095703125e+00 1.362067317962646484e+01 1.910750770568847656e+01 1.227156829833984375e+01 1.178199291229248047e+00 1.459788036346435547e+01 1.544466400146484375e+01 1.096775531768798828e+01 1.742746472358703613e+00 1.073353767395019531e+01
8.145249023437500000e+02 -1.661551284790039062e+01 -4.742915344238281250e+02 6.619835815429687500e+02 1.344110260009765625e+02 3.669343709945678711e+00 -8.144428253173828125e+01 1.068629379272460938e+02 1.253102951049804688e+02 3.828289270401000977e+00 -7.635578155517578125e+01 9.928195190429687500e+01 1.110657730102539062e+02 3.739555835723876953e+00 -6.825585937500000000e+01 8.753708648681640625e+01 9.170032501220703125e+01 -2.361718416213989258e+00 -5.350967788696289062e+01 7.443161773681640625e+01 7.408517456054687500e+01 1.636502861976623535e+00 -4.524228286743164062e+01 5.864341354370117188e+01 5.386222076416015625e+01 -5.461119487881660461e-02 -3.127240180969238281e+01 4.385376739501953125e+01 3.590608215332031250e+01 9.112319946289062500e-01 -2.022558975219726562e+01 2.965369987487792969e+01 3.144919013977050781e+01 8.083726167678833008e-01 -1.880106163024902344e+01 2.519719886779785156e+01 3.088639068603515625e+01 -5.934107303619384766e-01 -1.824311065673828125e+01 2.491597557067871094e+01 2.587354660034179688e+01 6.758321523666381836e-01 -1.585486507415771484e+01 2.043496322631835938e+01 2.219290733337402344e+01 5.530216693878173828e-01 -1.299785900115966797e+01 1.797984695434570312e+01 1.573950004577636719e+01 -1.827369630336761475e-01 -9.673449516296386719e+00 1.241383647918701172e+01 1.598760700225830078e+01 1.583220064640045166e-01 -9.232077598571777344e+00 1.305096817016601562e+01 1.396022891998291016e+01 1.339224219322204590e+00 -8.566447257995605469e+00 1.094122600555419922e+01 1.364958477020263672e+01 -3.252179548144340515e-02 -7.879351139068603516e+00 1.114480495452880859e+01
1.822119140625000000e+02 -7.776426696777343750e+01 -6.407312011718750000e+01 1.518166198730468750e+02 1.733954772949218750e+02 -7.464737701416015625e+01 -6.116114807128906250e+01 1.440592041015625000e+02 7.536908721923828125e+01 -4.531506347656250000e+01 -3.948419189453125000e+01 4.547552490234375000e+01 5.908705139160156250e+01 -3.541041946411132812e+01 -3.087940597534179688e+01 3.583049774169921875e+01 4.482666397094726562e+01 -2.640719985961914062e+01 -2.397030258178710938e+01 2.715686416625976562e+01 3.923972702026367188e+01 -2.381186676025390625e+01 -2.069004631042480469e+01 2.333823204040527344e+01 4.718447875976562500e+01 -2.066765213012695312e+01 -2.233945465087890625e+01 3.605762100219726562e+01 5.484400939941406250e+01 -2.294785690307617188e+01 -1.994756698608398438e+01 4.564358520507812500e+01 4.235111236572265625e+01 -1.870387268066406250e+01 -1.954439926147460938e+01 3.258494186401367188e+01 3.108873558044433594e+01 -1.778063964843750000e+01 -1.639947319030761719e+01 1.952936935424804688e+01 3.618460845947265625e+01 -1.558913612365722656e+01 -1.727002143859863281e+01 2.771337890625000000e+01 3.149218368530273438e+01 -1.361462306976318359e+01 -1.119236850738525391e+01 2.609810066223144531e+01 2.890526199340820312e+01 -1.223240661621093750e+01 -1.028120422363281250e+01 2.408650779724121094e+01 2.410335159301757812e+01 -1.069851493835449219e+01 -1.096162128448486328e+01 1.861011314392089844e+01 1.719405746459960938e+01 -1.001294517517089844e+01 -9.195672035217285156e+00 1.052692604064941406e+01 2.060004425048828125e+01 -9.167489051818847656e+00 -9.352793693542480469e+00 1.590107536315917969e+01
4.943003845214843750e+02 -4.417365417480468750e+02 -3.765744781494140625e+01 2.185946350097656250e+02 4.381873474121093750e+02 -3.919049377441406250e+02 -2.946310043334960938e+01 1.937797393798828125e+02 4.974269104003906250e+01 -4.427886199951171875e+01 -2.772451400756835938e+00 2.249513626098632812e+01 4.021800231933593750e+01 -3.597212982177734375e+01 -3.101977825164794922e+00 1.771584510803222656e+01 1.512903404235839844e+01 -1.310251998901367188e+01 -8.533000946044921875e-01 7.515551090240478516e+00 1.449535274505615234e+01 -1.294229125976562500e+01 -1.070712685585021973e+00 6.439404010772705078e+00 1.208927822113037109e+01 -1.078685188293457031e+01 -9.937615990638732910e-01 5.343854427337646484e+00 1.087899112701416016e+01 -9.837216377258300781e+00 -1.062135815620422363e+00 4.522554874420166016e+00 5.485171794891357422e+00 -4.783491611480712891e+00 7.179434597492218018e-02 2.683312416076660156e+00 4.937111854553222656e+00 -4.457809925079345703e+00 -5.446569994091987610e-02 2.116729497909545898e+00 1.919728040695190430e+00 -1.741392016410827637e+00 -1.265369951725006104e-01 7.980588674545288086e-01 7.672984600067138672e-01 -7.165990471839904785e-01 2.330943197011947632e-02 2.732937037944793701e-01 0.000000000000000000e+00 0.000000000000000000e+00 0.000000000000000000e+00 0.000000000000000000e+00 0.000000000000000000e+00 0.000000000000000000e+00 0.000000000000000000e+00 0.000000000000000000e+00 0.000000000000000000e+00 0.000000000000000000e+00 0.000000000000000000e+00 0.000000000000000000e+00 0.000000000000000000e+00 0.000000000000000000e+00 0.000000000000000000e+00 0.000000000000000000e+00
1.364367218017578125e+02 8.183889007568359375e+01 -9.940039062500000000e+01 4.512969589233398438e+01 8.348551177978515625e+01 4.901371002197265625e+01 -6.078826522827148438e+01 2.953393554687500000e+01 6.040021896362304688e+01 3.507536697387695312e+01 -4.447000503540039062e+01 2.098389434814453125e+01 5.966046142578125000e+01 3.613262939453125000e+01 -4.308552169799804688e+01 1.993593406677246094e+01 5.356968307495117188e+01 3.210839080810546875e+01 -3.907434463500976562e+01 1.766232299804687500e+01 3.967310714721679688e+01 1.135506057739257812e+01 -3.612675857543945312e+01 1.181666564941406250e+01 3.844520568847656250e+01 2.233459472656250000e+01 -2.860991096496582031e+01 1.267567062377929688e+01 3.743170166015625000e+01 2.176678466796875000e+01 -2.776944160461425781e+01 1.249712085723876953e+01 3.179360961914062500e+01 1.006726741790771484e+01 -2.861669540405273438e+01 9.515704154968261719e+00 3.193473243713378906e+01 1.830884361267089844e+01 -2.369649124145507812e+01 1.109457969665527344e+01 3.025191688537597656e+01 1.784384536743164062e+01 -2.226688385009765625e+01 1.004698085784912109e+01 3.179254913330078125e+01 1.890556144714355469e+01 -1.851729393005371094e+01 1.761920738220214844e+01 2.799542999267578125e+01 8.976778030395507812e+00 -2.486504936218261719e+01 9.212595939636230469e+00 3.090596389770507812e+01 1.827591705322265625e+01 -1.873885345458984375e+01 1.643243026733398438e+01 2.767277145385742188e+01 1.647446250915527344e+01 -2.004861640930175781e+01 9.613914489746093750e+00 2.934400749206542969e+01 1.739830780029296875e+01 -1.783901405334472656e+01 1.549642944335937500e+01
6.507633972167968750e+01 -2.493445396423339844e+01 5.449924087524414062e+01 -2.535777282714843750e+01 5.756723785400390625e+01 -1.051603984832763672e+01 4.640391540527343750e+01 -3.240458297729492188e+01 4.951442718505859375e+01 -1.973288917541503906e+01 4.108839035034179688e+01 -1.934000396728515625e+01 5.380659484863281250e+01 -1.074413776397705078e+01 4.294997024536132812e+01 -3.057798576354980469e+01 4.712158203125000000e+01 -1.608626937866210938e+01 3.967515945434570312e+01 -1.968647003173828125e+01 4.453368377685546875e+01 -1.515251064300537109e+01 3.767598724365234375e+01 -1.827978706359863281e+01 4.819041442871093750e+01 -9.345086097717285156e+00 3.680178833007812500e+01 -2.965994453430175781e+01 4.309216690063476562e+01 -8.092225074768066406e+00 3.533792114257812500e+01 -2.329553604125976562e+01 3.692443084716796875e+01 -1.195960235595703125e+01 3.132726860046386719e+01 -1.545848274230957031e+01 3.181969261169433594e+01 -4.770342350006103516e+00 2.990853500366210938e+01 -9.756887435913085938e+00 3.108907318115234375e+01 -5.932161331176757812e+00 2.541776847839355469e+01 -1.688284301757812500e+01 3.015318298339843750e+01 -5.759896755218505859e+00 2.468279647827148438e+01 -1.632647514343261719e+01 2.550779914855957031e+01 -8.196246147155761719e+00 2.159919166564941406e+01 -1.081407833099365234e+01 2.221398925781250000e+01 -3.905182361602783203e+00 2.085690307617187500e+01 -6.572710990905761719e+00 2.305980682373046875e+01 -7.513061523437500000e+00 1.965050315856933594e+01 -9.442792892456054688e+00 2.326259803771972656e+01 -4.568913936614990234e+00 1.745188140869140625e+01 -1.468623733520507812e+01
1.958623504638671875e+02 1.146237030029296875e+02 1.522516021728515625e+02 -4.519866561889648438e+01 1.767423095703125000e+02 1.196734313964843750e+02 1.245612564086914062e+02 -3.742471694946289062e+01 1.104970016479492188e+02 6.393560409545898438e+01 8.621504211425781250e+01 -2.624449348449707031e+01 9.392538452148437500e+01 5.477376556396484375e+01 7.307876586914062500e+01 -2.193825912475585938e+01 6.108255767822265625e+01 3.536927413940429688e+01 4.772112274169921875e+01 -1.424036026000976562e+01 5.152152633666992188e+01 3.003403472900390625e+01 4.010176467895507812e+01 -1.201136875152587891e+01 5.197540664672851562e+01 3.380445861816406250e+01 3.653873825073242188e+01 -1.495332241058349609e+01 4.754047775268554688e+01 3.634336471557617188e+01 2.913258171081542969e+01 -9.514757156372070312e+00 2.893658828735351562e+01 2.201994705200195312e+01 1.802186393737792969e+01 -5.257528305053710938e+00 2.563164138793945312e+01 1.736329269409179688e+01 1.736329269409179688e+01 -7.349367618560791016e+00 2.171164131164550781e+01 1.647119140625000000e+01 1.344520759582519531e+01 -4.393434047698974609e+00 2.042852020263671875e+01 1.181750583648681641e+01 1.588301658630371094e+01 -5.015372753143310547e+00 1.881153678894042969e+01 1.208340740203857422e+01 1.372608852386474609e+01 -4.409046173095703125e+00 1.821772575378417969e+01 1.210099983215332031e+01 1.311051082611083984e+01 -3.683182477951049805e+00 1.811525917053222656e+01 1.103060722351074219e+01 1.332413196563720703e+01 -5.379262924194335938e+00 1.445516490936279297e+01 8.934819221496582031e+00 1.076305007934570312e+01 -3.611075878143310547e+00
1.923915100097656250e+02 -1.677459564208984375e+02 9.278816223144531250e+01 1.631400871276855469e+01 8.077416992187500000e+01 -7.002065277099609375e+01 3.967959976196289062e+01 6.861819744110107422e+00 5.867605972290039062e+01 -5.114501571655273438e+01 2.827180099487304688e+01 5.268119812011718750e+00 4.731198883056640625e+01 -4.120874023437500000e+01 2.286131286621093750e+01 4.195739269256591797e+00 4.226723480224609375e+01 -3.699672317504882812e+01 2.010355949401855469e+01 3.688973188400268555e+00 4.006537628173828125e+01 -3.498848724365234375e+01 1.923964118957519531e+01 3.297914743423461914e+00 3.953117752075195312e+01 -3.423321151733398438e+01 1.949905586242675781e+01 3.253943204879760742e+00 4.190672302246093750e+01 -3.549173355102539062e+01 1.613132286071777344e+01 1.536374855041503906e+01 3.570594024658203125e+01 -3.062746429443359375e+01 1.784639930725097656e+01 4.284799098968505859e+00 3.524681472778320312e+01 -3.072527122497558594e+01 1.699875259399414062e+01 3.052667617797851562e+00 3.132510185241699219e+01 -2.736344337463378906e+01 1.497517871856689453e+01 2.828062772750854492e+00 2.820616340637207031e+01 -2.471971130371093750e+01 1.337489604949951172e+01 2.373941659927368164e+00 2.652606391906738281e+01 -2.293220329284667969e+01 1.310251712799072266e+01 2.459861516952514648e+00 2.268982696533203125e+01 -1.957962226867675781e+01 1.133441162109375000e+01 1.725753784179687500e+00 2.215826034545898438e+01 -1.923460578918457031e+01 1.076818656921386719e+01 2.246159791946411133e+00 2.241773033142089844e+01 -1.879818916320800781e+01 1.098616600036621094e+01 -5.335468292236328125e+00
5.135780639648437500e+02 -3.696801452636718750e+02 2.450111694335937500e+02 -2.589759826660156250e+02 1.875619812011718750e+02 -1.354419250488281250e+02 8.902752685546875000e+01 -9.438791656494140625e+01 1.539089508056640625e+02 -1.114736709594726562e+02 7.268291473388671875e+01 -7.732255554199218750e+01 4.689322280883789062e+01 -3.394831466674804688e+01 2.223690986633300781e+01 -2.349439048767089844e+01 3.439810180664062500e+01 -2.479153823852539062e+01 1.642948913574218750e+01 -1.725670623779296875e+01 2.485063743591308594e+01 -1.493134307861328125e+01 1.361541461944580078e+01 -1.446410083770751953e+01 2.412604713439941406e+01 -1.463396263122558594e+01 1.380601024627685547e+01 -1.331494331359863281e+01 2.122089195251464844e+01 -1.326858711242675781e+01 1.161094856262207031e+01 -1.180918025970458984e+01 2.013228416442871094e+01 -1.454475879669189453e+01 9.483454704284667969e+00 -1.018935585021972656e+01 1.591058921813964844e+01 -9.656015396118164062e+00 8.867877006530761719e+00 -9.014929771423339844e+00 1.464044952392578125e+01 -1.059297752380371094e+01 7.064715385437011719e+00 -7.166753292083740234e+00 1.460937595367431641e+01 -9.540318489074707031e+00 8.082392692565917969e+00 -7.555865764617919922e+00 1.398503494262695312e+01 -8.467321395874023438e+00 7.621452331542968750e+00 -8.111666679382324219e+00 9.297213554382324219e+00 -5.549483776092529297e+00 5.197563171386718750e+00 -5.348572731018066406e+00 9.175054550170898438e+00 -5.528658866882324219e+00 4.904450893402099609e+00 -5.435279846191406250e+00 6.289237022399902344e+00 -3.399962186813354492e+00 4.207686901092529297e+00 -3.204831600189208984e+00
5.120735168457031250e+01 -1.374746036529541016e+01 4.916821670532226562e+01 3.960643529891967773e+00 4.878834533691406250e+01 -1.509999752044677734e+01 4.631529998779296875e+01 2.680656671524047852e+00 4.957763671875000000e+01 1.228071451187133789e+00 4.793137359619140625e+01 1.260944366455078125e+01 4.747429275512695312e+01 -2.292861557006835938e+01 4.088498306274414062e+01 7.515723228454589844e+00 4.035824203491210938e+01 -1.882138252258300781e+01 3.484458923339843750e+01 7.771600723266601562e+00 3.816801071166992188e+01 -1.795557785034179688e+01 3.304377746582031250e+01 6.519444942474365234e+00 3.608614349365234375e+01 -1.003009128570556641e+01 3.453670501708984375e+01 2.970371007919311523e+00 3.313682556152343750e+01 -5.933190822601318359e+00 3.086587524414062500e+01 1.045245456695556641e+01 2.905801582336425781e+01 -1.407805824279785156e+01 2.499751281738281250e+01 4.613201141357421875e+00 2.779751777648925781e+01 -1.162875652313232422e+01 2.501050186157226562e+01 3.456704616546630859e+00 2.644781875610351562e+01 -1.164330959320068359e+01 2.319444847106933594e+01 5.092934608459472656e+00 2.539272689819335938e+01 -6.535254001617431641e+00 2.437779617309570312e+01 2.790045261383056641e+00 2.509076309204101562e+01 -1.062137985229492188e+01 2.232378387451171875e+01 4.186310768127441406e+00 2.491550445556640625e+01 -1.115836715698242188e+01 2.181852149963378906e+01 4.497261524200439453e+00 2.349880599975585938e+01 5.155481696128845215e-01 2.289774131774902344e+01 5.255619525909423828e+00 2.128926658630371094e+01 -6.775544166564941406e+00 2.010237121582031250e+01 1.724462509155273438e+00
3.250598449707031250e+02 5.772570037841796875e+01 2.003706512451171875e+02 -2.493639678955078125e+02 1.176331329345703125e+02 9.738004684448242188e+00 9.235462188720703125e+01 -7.220352935791015625e+01 1.244730224609375000e+02 2.233758163452148438e+01 7.656515502929687500e+01 -9.556319427490234375e+01 1.174664916992187500e+02 2.041838264465332031e+01 7.199831390380859375e+01 -9.053662109375000000e+01 9.874360656738281250e+01 1.737244796752929688e+01 6.095558547973632812e+01 -7.571601104736328125e+01 7.347369384765625000e+01 1.387121200561523438e+01 4.485398864746093750e+01 -5.650837326049804688e+01 6.530548858642578125e+01 1.177152156829833984e+01 4.042067337036132812e+01 -4.992382431030273438e+01 6.276177978515625000e+01 1.123566436767578125e+01 3.868785858154296875e+01 -4.812536239624023438e+01 5.040771102905273438e+01 4.583086490631103516e+00 3.953789901733398438e+01 -3.092646598815917969e+01 4.891055297851562500e+01 4.742338180541992188e+00 3.849940490722656250e+01 -2.979174804687500000e+01 5.024526596069335938e+01 9.375800132751464844e+00 3.111789512634277344e+01 -3.831915664672851562e+01 4.719311904907226562e+01 8.334768295288085938e+00 2.924462318420410156e+01 -3.608980560302734375e+01 3.085496711730957031e+01 2.740158557891845703e+00 2.424173164367675781e+01 -1.889071083068847656e+01 3.393186187744140625e+01 1.104776096343994141e+01 1.884465217590332031e+01 -2.596494483947753906e+01 3.322964096069335938e+01 1.099989986419677734e+01 1.868513107299804688e+01 -2.517615509033203125e+01 3.214979934692382812e+01 1.075129508972167969e+01 1.766699981689453125e+01 -2.461456871032714844e+01
3.561664733886718750e+02 3.223734130859375000e+02 -9.362310791015625000e+01 1.190153656005859375e+02 9.717595672607421875e+01 8.840224456787109375e+01 -3.315550613403320312e+01 2.299785995483398438e+01 9.063240051269531250e+01 8.224800109863281250e+01 -3.071303367614746094e+01 2.249364852905273438e+01 5.939449691772460938e+01 5.371863555908203125e+01 -1.573495101928710938e+01 1.985967063903808594e+01 3.650018692016601562e+01 3.298863983154296875e+01 -9.759708404541015625e+00 1.219677734375000000e+01 3.282265853881835938e+01 2.993267631530761719e+01 -1.118756866455078125e+01 7.496672153472900391e+00 3.138626670837402344e+01 2.861722755432128906e+01 -1.099512481689453125e+01 6.726013183593750000e+00 2.983498764038085938e+01 2.740883064270019531e+01 -1.001167583465576172e+01 6.196898937225341797e+00 2.891049194335937500e+01 2.626119232177734375e+01 -7.984181404113769531e+00 9.078498840332031250e+00 2.819271659851074219e+01 2.556017875671386719e+01 -7.423141002655029297e+00 9.295349121093750000e+00 2.608827018737792969e+01 2.367377471923828125e+01 -8.747003555297851562e+00 6.538234710693359375e+00 2.312948226928710938e+01 2.078496170043945312e+01 -5.923747539520263672e+00 8.238178253173828125e+00 2.228677177429199219e+01 2.031960678100585938e+01 -5.421065330505371094e+00 7.376018524169921875e+00 2.073788261413574219e+01 1.882613182067871094e+01 -7.857071399688720703e+00 3.725995779037475586e+00 1.805262565612792969e+01 1.635861015319824219e+01 -7.162712574005126953e+00 2.643618106842041016e+00 1.786865425109863281e+01 1.632530784606933594e+01 -4.564562797546386719e+00 5.651366233825683594e+00
1.973052062988281250e+02 1.772727813720703125e+02 5.004396438598632812e+01 -7.070578002929687500e+01 1.040315246582031250e+02 9.329914855957031250e+01 2.621686172485351562e+01 -3.782172775268554688e+01 9.872695922851562500e+01 8.103326416015625000e+01 3.121432685852050781e+01 -4.697114562988281250e+01 8.560690307617187500e+01 7.705217742919921875e+01 2.130352973937988281e+01 -3.062098121643066406e+01 7.958547210693359375e+01 6.575444793701171875e+01 1.999130439758300781e+01 -4.013162994384765625e+01 5.355038452148437500e+01 4.812449264526367188e+01 1.268013381958007812e+01 -1.977096176147460938e+01 4.673299789428710938e+01 3.882896423339843750e+01 1.348608684539794922e+01 -2.223489379882812500e+01 4.029399490356445312e+01 3.285306930541992188e+01 1.290687465667724609e+01 -1.943385696411132812e+01 3.834142303466796875e+01 3.156310081481933594e+01 1.042108821868896484e+01 -1.911065673828125000e+01 3.745926666259765625e+01 3.121038436889648438e+01 9.395853996276855469e+00 -1.846095466613769531e+01 2.962625122070312500e+01 2.680462455749511719e+01 6.919431686401367188e+00 -1.055217456817626953e+01 3.007038116455078125e+01 2.455245399475097656e+01 9.112291336059570312e+00 -1.477673625946044922e+01 2.507761955261230469e+01 2.271181106567382812e+01 6.091790676116943359e+00 -8.713864326477050781e+00 2.128906822204589844e+01 1.759095954895019531e+01 6.162088871002197266e+00 -1.028548717498779297e+01 2.065392875671386719e+01 1.756686210632324219e+01 5.557292938232421875e+00 -9.332072257995605469e+00 1.673170852661132812e+01 1.350753974914550781e+01 5.280906200408935547e+00 -8.343169212341308594e+00
3.000094299316406250e+02 -6.035358810424804688e+01 2.519459991455078125e+02 -1.512822265625000000e+02 2.364581909179687500e+02 -4.662336730957031250e+01 1.987552795410156250e+02 -1.193107833862304688e+02 1.542470397949218750e+02 -3.074479675292968750e+01 1.297760925292968750e+02 -7.749241638183593750e+01 9.235186767578125000e+01 -2.884388542175292969e+01 8.000143432617187500e+01 -3.599705123901367188e+01 5.672972869873046875e+01 -1.099414443969726562e+01 4.812731933593750000e+01 -2.794875144958496094e+01 5.571419906616210938e+01 -1.168119430541992188e+01 4.650170516967773438e+01 -2.837591934204101562e+01 3.406307601928710938e+01 -1.055769634246826172e+01 2.936199569702148438e+01 -1.366386699676513672e+01 3.588442993164062500e+01 -8.760575294494628906e+00 2.988604736328125000e+01 -1.782607460021972656e+01 3.410654449462890625e+01 -6.851044654846191406e+00 2.890169906616210938e+01 -1.676279830932617188e+01 2.805547332763671875e+01 -5.695702552795410156e+00 2.351689720153808594e+01 -1.419944190979003906e+01 2.582319259643554688e+01 -8.066890716552734375e+00 2.243482017517089844e+01 -9.921761512756347656e+00 2.192271995544433594e+01 -6.747534751892089844e+00 1.900597763061523438e+01 -8.592442512512207031e+00 2.124734497070312500e+01 -4.497143745422363281e+00 1.797744941711425781e+01 -1.039407062530517578e+01 1.998722839355468750e+01 -3.678687095642089844e+00 1.681009483337402344e+01 -1.016649627685546875e+01 1.802611541748046875e+01 -5.913803100585937500e+00 1.552968788146972656e+01 -6.984064579010009766e+00 1.861086463928222656e+01 -3.913978099822998047e+00 1.592921829223632812e+01 -8.791236877441406250e+00
1.910792541503906250e+02 1.198430557250976562e+02 -4.245728969573974609e+00 1.487645111083984375e+02 1.093113174438476562e+02 6.887401580810546875e+01 -2.033896207809448242e+00 8.485976409912109375e+01 1.080446853637695312e+02 6.804051208496093750e+01 -2.199020624160766602e+00 8.390045928955078125e+01 9.673418426513671875e+01 6.063779067993164062e+01 -1.972412109375000000e+00 7.534368133544921875e+01 8.100972747802734375e+01 5.755559158325195312e+01 -1.365960597991943359e+00 5.699161529541015625e+01 7.507647705078125000e+01 5.344690704345703125e+01 -9.621465206146240234e-01 5.271583938598632812e+01 7.027752685546875000e+01 4.421435165405273438e+01 -1.665571928024291992e+00 5.460062408447265625e+01 5.885827636718750000e+01 4.198330307006835938e+01 -1.325142860412597656e+00 4.122735595703125000e+01 6.008408355712890625e+01 3.878767013549804688e+01 -2.428628206253051758e+00 4.582265090942382812e+01 6.026410675048828125e+01 3.757820510864257812e+01 -8.233883380889892578e-01 4.710333251953125000e+01 4.901205062866210938e+01 3.499135208129882812e+01 -6.127195358276367188e-01 3.431341934204101562e+01 5.072599792480468750e+01 3.379096984863281250e+01 -2.294377326965332031e+00 3.776259231567382812e+01 5.368676376342773438e+01 3.365938186645507812e+01 -1.385950207710266113e+00 4.180160522460937500e+01 4.971342468261718750e+01 3.115738296508789062e+01 -1.169536590576171875e+00 3.872046279907226562e+01 4.514029693603515625e+01 2.831379318237304688e+01 -1.130580306053161621e+00 3.513478851318359375e+01 3.822878265380859375e+01 2.518206787109375000e+01 -9.452446699142456055e-01 2.874734306335449219e+01
2.129408111572265625e+02 -1.264255828857421875e+02 -1.045915794372558594e+01 -1.710291442871093750e+02 1.238525009155273438e+02 -7.110401916503906250e+01 -8.217399597167968750e+00 -1.010748977661132812e+02 1.063537597656250000e+02 -6.389990997314453125e+01 -3.519825696945190430e+00 -8.494430541992187500e+01 9.055689239501953125e+01 -6.256951522827148438e+01 -7.204560279846191406e+00 -6.506674957275390625e+01 6.606427764892578125e+01 -4.029769515991210938e+01 -1.690489411354064941e+00 -5.231514358520507812e+01 6.321593093872070312e+01 -3.699280166625976562e+01 -2.658003568649291992e+00 -5.118420028686523438e+01 5.566612625122070312e+01 -3.195260810852050781e+01 -3.759439468383789062e+00 -4.541730880737304688e+01 5.404280853271484375e+01 -3.144216537475585938e+01 -3.413624048233032227e+00 -4.381195831298828125e+01 5.056480407714843750e+01 -3.079937362670898438e+01 -1.484570622444152832e+00 -4.007461166381835938e+01 4.325622177124023438e+01 -3.004256248474121094e+01 -3.596475601196289062e+00 -3.091263008117675781e+01 4.216518783569335938e+01 -2.518442726135253906e+01 -1.124405026435852051e+00 -3.379888153076171875e+01 3.942695999145507812e+01 -2.331435394287109375e+01 -1.928790926933288574e+00 -3.173650741577148438e+01 3.863168716430664062e+01 -2.270489692687988281e+01 -8.599206209182739258e-01 -3.124317169189453125e+01 3.724589538574218750e+01 -2.201523208618164062e+01 -1.932246685028076172e+00 -2.998087120056152344e+01 3.722883605957031250e+01 -2.117344284057617188e+01 -2.286121606826782227e+00 -3.053596496582031250e+01 3.478507232666015625e+01 -2.015868759155273438e+01 -2.085839271545410156e+00 -2.827116203308105469e+01
4.823174743652343750e+02 1.602243347167968750e+02 -4.190685729980468750e+02 1.770306701660156250e+02 2.014554443359375000e+02 6.729845428466796875e+01 -1.747087097167968750e+02 7.437795257568359375e+01 1.724335327148437500e+02 5.835070419311523438e+01 -1.492499389648437500e+02 6.366297531127929688e+01 9.801525878906250000e+01 3.265538024902343750e+01 -8.505367279052734375e+01 3.614514923095703125e+01 5.823573303222656250e+01 1.982797241210937500e+01 -5.047201156616210938e+01 2.121254730224609375e+01 4.648530578613281250e+01 1.599792480468750000e+01 -4.000642776489257812e+01 1.744754028320312500e+01 4.280371475219726562e+01 1.373186397552490234e+01 -3.709437942504882812e+01 1.635791397094726562e+01 2.460149574279785156e+01 8.329260826110839844e+00 -2.127840232849121094e+01 9.114123344421386719e+00 2.129852485656738281e+01 7.250699043273925781e+00 -1.834107780456542969e+01 8.039905548095703125e+00 1.977955627441406250e+01 6.619719982147216797e+00 -1.718498229980468750e+01 7.217096805572509766e+00 1.556303215026855469e+01 5.343575477600097656e+00 -1.346877193450927734e+01 5.678586006164550781e+00 5.287120342254638672e+00 1.876203417778015137e+00 -4.649664402008056641e+00 1.671900391578674316e+00 5.047890663146972656e+00 1.413265824317932129e+00 -4.526131629943847656e+00 1.731477260589599609e+00 3.616041898727416992e+00 1.422009944915771484e+00 -2.886582612991333008e+00 1.649632573127746582e+00 3.426797389984130859e+00 1.306395411491394043e+00 -2.800105333328247070e+00 1.475184679031372070e+00 3.254028320312500000e+00 9.819621443748474121e-01 -2.429821252822875977e+00 1.682935118675231934e+00
3.559823303222656250e+02 -2.003521270751953125e+02 -2.731663513183593750e+02 -1.093736724853515625e+02 1.298677978515625000e+02 -7.358945465087890625e+01 -9.926186370849609375e+01 -3.996624374389648438e+01 1.285933685302734375e+02 -7.227196502685546875e+01 -9.863262176513671875e+01 -3.980708694458007812e+01 8.142418670654296875e+01 -4.601970672607421875e+01 -6.243990325927734375e+01 -2.476536369323730469e+01 5.988817977905273438e+01 -3.342387390136718750e+01 -4.605246353149414062e+01 -1.867107772827148438e+01 5.568561553955078125e+01 -3.129222488403320312e+01 -4.266479492187500000e+01 -1.736086273193359375e+01 3.082728004455566406e+01 -1.762896347045898438e+01 -2.333292961120605469e+01 -9.751705169677734375e+00 2.927706336975097656e+01 -1.698983764648437500e+01 -2.342171478271484375e+01 -4.460392475128173828e+00 2.924424171447753906e+01 -1.647978401184082031e+01 -2.247377395629882812e+01 -8.862964630126953125e+00 2.783670234680175781e+01 -1.521483802795410156e+01 -2.165773391723632812e+01 -8.620533943176269531e+00 2.420871925354003906e+01 -1.377992725372314453e+01 -1.929642295837402344e+01 -4.878940582275390625e+00 2.327625465393066406e+01 -1.277882957458496094e+01 -1.897039985656738281e+01 -4.313862800598144531e+00 2.386979103088378906e+01 -1.383813571929931641e+01 -1.808939552307128906e+01 -7.143291950225830078e+00 1.920226097106933594e+01 -1.076036739349365234e+01 -1.505564308166503906e+01 -5.123406887054443359e+00 1.700919914245605469e+01 -9.875717163085937500e+00 -1.302717399597167969e+01 -4.696415424346923828e+00 1.484667301177978516e+01 -7.919609069824218750e+00 -1.241606712341308594e+01 -1.882759571075439453e+00
1.941592254638671875e+02 1.852682952880859375e+02 2.852154493331909180e+00 -5.800363540649414062e+01 1.197224731445312500e+02 1.161485214233398438e+02 1.726612091064453125e+01 -2.334247398376464844e+01 7.535984802246093750e+01 7.323413848876953125e+01 1.051248359680175781e+01 -1.433019828796386719e+01 6.526855468750000000e+01 6.255602645874023438e+01 8.595846891403198242e-01 -1.860026168823242188e+01 6.100350952148437500e+01 5.909716796875000000e+01 8.729135513305664062e+00 -1.235859870910644531e+01 4.603191375732421875e+01 4.487540435791015625e+01 5.990526676177978516e+00 -8.320387840270996094e+00 4.401411819458007812e+01 4.284659576416015625e+01 6.440442562103271484e+00 -7.740354537963867188e+00 4.207512664794921875e+01 4.103979110717773438e+01 5.649225234985351562e+00 -7.356563568115234375e+00 3.708871459960937500e+01 3.614331817626953125e+01 4.239048004150390625e+00 -7.158522605895996094e+00 3.415406417846679688e+01 3.335687255859375000e+01 4.448115348815917969e+00 -5.833826541900634766e+00 3.155805015563964844e+01 3.096341133117675781e+01 3.559879779815673828e+00 -4.948341369628906250e+00 2.763508987426757812e+01 2.686755180358886719e+01 3.620562791824340820e+00 -5.357695102691650391e+00 2.660828399658203125e+01 2.597492027282714844e+01 3.199578523635864258e+00 -4.802808761596679688e+00 2.319757080078125000e+01 2.262469100952148438e+01 2.786898851394653320e+00 -4.299279689788818359e+00 2.247173881530761719e+01 2.167189788818359375e+01 1.797652721405029297e+00 -5.661900520324707031e+00 2.158275032043457031e+01 2.059791374206542969e+01 3.606831431388854980e-01 -6.435135364532470703e+00
1.665480499267578125e+02 5.564384078979492188e+01 -1.362600555419921875e+02 7.794365692138671875e+01 1.582277984619140625e+02 5.303241729736328125e+01 -1.289737701416015625e+02 7.476189422607421875e+01 9.090763854980468750e+01 3.040855789184570312e+01 -7.435350799560546875e+01 4.255379867553710938e+01 8.228617858886718750e+01 1.726848793029785156e+01 -7.208722686767578125e+01 3.572459030151367188e+01 8.220820617675781250e+01 2.759358978271484375e+01 -6.757089233398437500e+01 3.782800674438476562e+01 7.611264801025390625e+01 1.539163494110107422e+01 -6.667066192626953125e+01 3.333518600463867188e+01 6.146175765991210938e+01 2.082794952392578125e+01 -5.018469619750976562e+01 2.872665977478027344e+01 5.515365219116210938e+01 1.144112968444824219e+01 -4.829387283325195312e+01 2.405676460266113281e+01 4.471272659301757812e+01 1.508588123321533203e+01 -3.642052078247070312e+01 2.109952354431152344e+01 4.201776504516601562e+01 8.697132110595703125e+00 -3.671125030517578125e+01 1.849693679809570312e+01 4.125817489624023438e+01 8.482934951782226562e+00 -3.580710601806640625e+01 1.865818214416503906e+01 2.928349494934082031e+01 6.193574905395507812e+00 -2.552353096008300781e+01 1.294107723236083984e+01 2.837641143798828125e+01 9.736404418945312500e+00 -2.304330444335937500e+01 1.339439868927001953e+01 2.479974937438964844e+01 7.134685516357421875e+00 -2.070606040954589844e+01 1.163459300994873047e+01 2.070311737060546875e+01 4.370921134948730469e+00 -1.788280677795410156e+01 9.471014022827148438e+00 1.951410102844238281e+01 4.218775272369384766e+00 -1.704566383361816406e+01 8.511605262756347656e+00
3.020695495605468750e+02 -2.037726593017578125e+02 1.314154968261718750e+02 1.801463012695312500e+02 2.402066955566406250e+02 -1.698596801757812500e+02 1.235826797485351562e+02 1.165048675537109375e+02 1.405270538330078125e+02 -9.488093566894531250e+01 6.110285186767578125e+01 8.373571014404296875e+01 1.179249038696289062e+02 -8.370833587646484375e+01 6.026248931884765625e+01 5.716301727294921875e+01 7.397498321533203125e+01 -5.019227600097656250e+01 3.254766082763671875e+01 4.351646804809570312e+01 6.953688812255859375e+01 -4.698293304443359375e+01 3.041050529479980469e+01 4.126940917968750000e+01 5.731570053100585938e+01 -3.878876876831054688e+01 2.474148941040039062e+01 3.418156814575195312e+01 2.913501930236816406e+01 -2.045318603515625000e+01 1.479360675811767578e+01 1.451786804199218750e+01 2.268122863769531250e+01 -1.602934455871582031e+01 1.163375282287597656e+01 1.105233192443847656e+01 2.263794898986816406e+01 -1.541151809692382812e+01 9.830265998840332031e+00 1.335393905639648438e+01 2.257808876037597656e+01 -1.556506156921386719e+01 9.388971328735351562e+00 1.339201831817626953e+01 1.645088577270507812e+01 -1.190939235687255859e+01 7.542615890502929688e+00 8.478663444519042969e+00 1.362280845642089844e+01 -9.748345375061035156e+00 6.958583354949951172e+00 6.489174842834472656e+00 1.020038414001464844e+01 -6.985098361968994141e+00 4.455458164215087891e+00 5.950220584869384766e+00 9.672577857971191406e+00 -6.572834014892578125e+00 4.180558204650878906e+00 5.734069347381591797e+00 9.129854202270507812e+00 -5.925869464874267578e+00 3.926903963088989258e+00 5.707754135131835938e+00
6.878986358642578125e+01 6.093529510498046875e+01 -4.121488571166992188e+00 -3.165357208251953125e+01 5.055677032470703125e+01 4.518653488159179688e+01 -3.473358154296875000e+00 -2.238761711120605469e+01 4.659825134277343750e+01 4.133184051513671875e+01 -2.691720247268676758e+00 -2.135019302368164062e+01 4.244664764404296875e+01 3.775867080688476562e+01 -2.743705749511718750e+00 -1.919564628601074219e+01 3.516143798828125000e+01 3.020225715637207031e+01 -3.350888013839721680e+00 -1.768905639648437500e+01 3.366721343994140625e+01 2.980655670166015625e+01 -6.715500354766845703e-01 -1.563905811309814453e+01 2.819256591796875000e+01 2.435927200317382812e+01 -9.143598079681396484e-01 -1.416370773315429688e+01 2.451946449279785156e+01 2.167225646972656250e+01 -1.515089035034179688e+00 -1.136673355102539062e+01 2.008649253845214844e+01 1.728068923950195312e+01 2.745854616165161133e+00 -9.864340782165527344e+00 1.925002670288085938e+01 1.711753654479980469e+01 -1.329947710037231445e+00 -8.705438613891601562e+00 1.855657196044921875e+01 1.594850635528564453e+01 2.829675197601318359e+00 -9.053451538085937500e+00 1.793129158020019531e+01 1.575262165069580078e+01 1.669593930244445801e+00 -8.387602806091308594e+00 1.726557922363281250e+01 1.508863162994384766e+01 -8.689969182014465332e-01 -8.347350120544433594e+00 1.784497261047363281e+01 1.478645610809326172e+01 -1.632512092590332031e+00 -9.854926109313964844e+00 1.678681564331054688e+01 1.471863079071044922e+01 -3.656696379184722900e-01 -8.062597274780273438e+00 1.625161933898925781e+01 1.414941596984863281e+01 -4.602489471435546875e-01 -7.981060504913330078e+00
3.403406677246093750e+02 -3.191636962890625000e+02 -4.337304306030273438e+01 -1.099321899414062500e+02 1.623686676025390625e+02 -1.550034637451171875e+02 -5.430102348327636719e+00 -4.804190063476562500e+01 1.416407012939453125e+02 -1.356101989746093750e+02 -4.750715255737304688e+00 -4.061267471313476562e+01 7.631711578369140625e+01 -7.147483062744140625e+01 -9.918710708618164062e+00 -2.484453964233398438e+01 5.278184509277343750e+01 -5.058373641967773438e+01 -1.701962590217590332e+00 -1.496895027160644531e+01 2.626452064514160156e+01 -2.509153175354003906e+01 -7.532490491867065430e-01 -7.723525047302246094e+00 2.560286712646484375e+01 -2.443083763122558594e+01 -8.974232673645019531e-01 -7.603693485260009766e+00 2.386968994140625000e+01 -2.272995567321777344e+01 -3.411473333835601807e-01 -7.279752254486083984e+00 2.308556938171386719e+01 -2.170740699768066406e+01 -2.112991571426391602e+00 -7.551211357116699219e+00 2.050405693054199219e+01 -1.906593513488769531e+01 -2.814656972885131836e+00 -6.997513294219970703e+00 1.931077575683593750e+01 -1.708512878417968750e+01 1.657572507858276367e+00 -8.845184326171875000e+00 1.755123901367187500e+01 -1.686705970764160156e+01 -4.641945660114288330e-01 -4.830404758453369141e+00 1.658626747131347656e+01 -1.514347267150878906e+01 1.024258732795715332e+00 -6.688079357147216797e+00 1.540167045593261719e+01 -1.481591320037841797e+01 -5.966417789459228516e-01 -4.162345409393310547e+00 1.361575603485107422e+01 -1.288018512725830078e+01 -4.154065132141113281e+00 -1.487922310829162598e+00 1.460896873474121094e+01 -1.315717029571533203e+01 1.057547807693481445e+00 -6.258826255798339844e+00
4.337583923339843750e+02 -2.023850402832031250e+02 -6.654332733154296875e+01 -3.778341369628906250e+02 2.892543640136718750e+02 -1.354561309814453125e+02 -4.487799453735351562e+01 -2.516061859130859375e+02 2.798948974609375000e+02 -1.311643066406250000e+02 -4.312626266479492188e+01 -2.434691009521484375e+02 1.318747100830078125e+02 -6.140778732299804688e+01 -2.075416755676269531e+01 -1.148445358276367188e+02 1.014859390258789062e+02 -5.720398712158203125e+01 -1.880842399597167969e+01 -8.169052886962890625e+01 7.413874816894531250e+01 -4.109183502197265625e+01 -1.330837726593017578e+01 -6.025495529174804688e+01 8.569850158691406250e+01 -3.967876434326171875e+01 -1.348757553100585938e+01 -7.475234985351562500e+01 6.015016555786132812e+01 -3.420103836059570312e+01 -1.081370258331298828e+01 -4.828432083129882812e+01 6.879799652099609375e+01 -3.208031082153320312e+01 -1.036960601806640625e+01 -5.997056961059570312e+01 6.312403488159179688e+01 -2.953215217590332031e+01 -9.874020576477050781e+00 -5.490900802612304688e+01 4.973170852661132812e+01 -2.312656211853027344e+01 -7.861164093017578125e+00 -4.331982040405273438e+01 4.603635025024414062e+01 -2.157475090026855469e+01 -6.863026618957519531e+00 -4.008433914184570312e+01 4.455831909179687500e+01 -2.104603385925292969e+01 -7.361384868621826172e+00 -3.857559204101562500e+01 4.184604644775390625e+01 -1.920913887023925781e+01 -5.896525859832763672e+00 -3.670268630981445312e+01 3.210047912597656250e+01 -1.757534217834472656e+01 -4.982542514801025391e+00 -2.639512443542480469e+01 2.059777450561523438e+01 -1.145669555664062500e+01 -3.724312782287597656e+00 -1.670028686523437500e+01
3.017385253906250000e+02 1.986617889404296875e+02 2.152349090576171875e+02 7.248147583007812500e+01 1.260530853271484375e+02 8.270774841308593750e+01 8.983028411865234375e+01 3.129392623901367188e+01 9.892789459228515625e+01 6.395560073852539062e+01 7.511035156250000000e+01 7.405712127685546875e+00 9.374977111816406250e+01 6.126818847656250000e+01 7.051264190673828125e+01 7.949594974517822266e+00 7.567422485351562500e+01 5.007931900024414062e+01 5.354354476928710938e+01 1.875417137145996094e+01 4.358068084716796875e+01 2.781967163085937500e+01 3.334194183349609375e+01 3.695462226867675781e+00 4.173957824707031250e+01 2.707697296142578125e+01 3.153344154357910156e+01 3.827882051467895508e+00 2.707878684997558594e+01 1.781392669677734375e+01 2.024407577514648438e+01 2.466334342956542969e+00 2.623239135742187500e+01 1.696189117431640625e+01 1.884440612792968750e+01 6.732080459594726562e+00 1.999851036071777344e+01 1.358900928497314453e+01 1.386368560791015625e+01 4.803899288177490234e+00 1.893646240234375000e+01 1.220385456085205078e+01 1.440521907806396484e+01 1.464644670486450195e+00 1.892167663574218750e+01 1.284836959838867188e+01 1.317519474029541016e+01 4.398115158081054688e+00 1.148607826232910156e+01 7.347945213317871094e+00 8.759428024291992188e+00 1.091051459312438965e+00 9.962913513183593750e+00 6.416606903076171875e+00 7.128754138946533203e+00 2.695861816406250000e+00 8.824522018432617188e+00 5.752059936523437500e+00 6.326516151428222656e+00 2.182015419006347656e+00 7.644935131072998047e+00 4.957767009735107422e+00 5.793052196502685547e+00 5.532886981964111328e-01
3.529502563476562500e+02 -9.535061645507812500e+01 -2.222922973632812500e+02 2.570375061035156250e+02 2.288315734863281250e+02 -6.184037780761718750e+01 -1.431797027587890625e+02 1.674491882324218750e+02 1.430171508789062500e+02 -3.909963607788085938e+01 -8.926939392089843750e+01 1.046712875366210938e+02 1.283251190185546875e+02 -3.427771377563476562e+01 -8.053024291992187500e+01 9.384223175048828125e+01 1.241754913330078125e+02 -3.394594573974609375e+01 -7.752764129638671875e+01 9.086632537841796875e+01 1.159582061767578125e+02 -3.153015518188476562e+01 -7.263483428955078125e+01 8.470798492431640625e+01 1.069241409301757812e+02 -2.893791198730468750e+01 -6.737037658691406250e+01 7.782405090332031250e+01 7.850646972656250000e+01 -2.154721069335937500e+01 -4.928449630737304688e+01 5.718393707275390625e+01 5.540233612060546875e+01 -1.507743263244628906e+01 -3.446912384033203125e+01 4.066877746582031250e+01 5.254592132568359375e+01 -1.367355918884277344e+01 -3.302878952026367188e+01 3.851216888427734375e+01 2.220205497741699219e+01 -5.825579166412353516e+00 -1.426561832427978516e+01 1.598392963409423828e+01 2.133392143249511719e+01 -5.793996810913085938e+00 -1.339588356018066406e+01 1.555221652984619141e+01 2.185832595825195312e+01 -5.396307945251464844e+00 -1.201248264312744141e+01 1.744555854797363281e+01 1.708321762084960938e+01 -4.722502708435058594e+00 -1.071250057220458984e+01 1.244092464447021484e+01 1.293806934356689453e+01 -2.831384181976318359e+00 -8.081284523010253906e+00 9.697949409484863281e+00 1.146887779235839844e+01 -3.120845079421997070e+00 -7.295945644378662109e+00 8.279175758361816406e+00
1.662362823486328125e+02 8.213314819335937500e+01 -1.161608734130859375e+02 8.599583435058593750e+01 1.528748779296875000e+02 7.598561859130859375e+01 -1.069297256469726562e+02 7.850444793701171875e+01 1.290706939697265625e+02 6.382293701171875000e+01 -8.981395721435546875e+01 6.722595214843750000e+01 9.883968353271484375e+01 4.890525436401367188e+01 -6.889264678955078125e+01 5.129661941528320312e+01 9.560866546630859375e+01 4.707742309570312500e+01 -6.663484954833984375e+01 4.984487152099609375e+01 6.930470275878906250e+01 3.435887145996093750e+01 -4.835105133056640625e+01 3.584389877319335938e+01 6.847475433349609375e+01 3.347622299194335938e+01 -4.837914657592773438e+01 3.503701019287109375e+01 6.319572448730468750e+01 3.120967674255371094e+01 -4.425662612915039062e+01 3.257279205322265625e+01 6.034598159790039062e+01 2.875563430786132812e+01 -4.247442626953125000e+01 3.179080581665039062e+01 4.678507614135742188e+01 2.281903839111328125e+01 -3.297655105590820312e+01 2.409692955017089844e+01 4.632579421997070312e+01 2.231545448303222656e+01 -3.277267456054687500e+01 2.395937156677246094e+01 4.515727996826171875e+01 2.220804595947265625e+01 -3.164546012878417969e+01 2.333514404296875000e+01 4.365902709960937500e+01 2.190895271301269531e+01 -3.050671386718750000e+01 2.225868034362792969e+01 3.808829116821289062e+01 1.867627525329589844e+01 -2.653822326660156250e+01 1.994037246704101562e+01 3.208168029785156250e+01 1.561294174194335938e+01 -2.262008285522460938e+01 1.654636573791503906e+01 3.168567848205566406e+01 1.559788227081298828e+01 -2.218410682678222656e+01 1.638760757446289062e+01
4.342010498046875000e+02 -3.979408264160156250e+02 -5.712289047241210938e+01 -1.640445556640625000e+02 1.382411041259765625e+02 -1.267869262695312500e+02 -1.748070335388183594e+01 -5.225020599365234375e+01 9.123503112792968750e+01 -8.378553771972656250e+01 -1.211978721618652344e+01 -3.401332855224609375e+01 6.774200439453125000e+01 -6.223460388183593750e+01 -8.559235572814941406e+00 -2.534861755371093750e+01 6.609252929687500000e+01 -6.046679687500000000e+01 -8.812770843505859375e+00 -2.518541145324707031e+01 5.753555297851562500e+01 -5.327825546264648438e+01 -5.079311370849609375e+00 -2.111795234680175781e+01 2.361779212951660156e+01 -2.160395622253417969e+01 -3.877495288848876953e+00 -8.719758987426757812e+00 2.342833328247070312e+01 -2.125510025024414062e+01 -4.358169555664062500e+00 -8.837143898010253906e+00 2.169146728515625000e+01 -1.999905586242675781e+01 -5.645716190338134766e+00 -6.219600677490234375e+00 2.120449829101562500e+01 -1.948398208618164062e+01 -2.697444915771484375e+00 -7.920166015625000000e+00 1.544653034210205078e+01 -1.422740936279296875e+01 -1.371722579002380371e+00 -5.854448795318603516e+00 1.496308135986328125e+01 -1.374761009216308594e+01 -1.975833058357238770e+00 -5.565378189086914062e+00 1.371147060394287109e+01 -1.248932170867919922e+01 -1.784281730651855469e+00 -5.368214130401611328e+00 1.352772235870361328e+01 -1.246740341186523438e+01 -1.162357807159423828e+00 -5.117857933044433594e+00 1.222535228729248047e+01 -1.113975811004638672e+01 -1.265901207923889160e+00 -4.872754573822021484e+00 1.138157176971435547e+01 -1.046885395050048828e+01 -1.549480795860290527e+00 -4.186135768890380859e+00
1.926502227783203125e+02 1.088247985839843750e+02 1.468291778564453125e+02 -6.092998886108398438e+01 1.891780853271484375e+02 1.077524337768554688e+02 1.438722076416015625e+02 -5.897923278808593750e+01 1.419905090332031250e+02 8.070236968994140625e+01 1.088856811523437500e+02 -4.233604049682617188e+01 1.280695648193359375e+02 7.288884735107421875e+01 9.752155303955078125e+01 -3.973103713989257812e+01 9.092301177978515625e+01 5.143035507202148438e+01 6.917254638671875000e+01 -2.892811775207519531e+01 8.044685363769531250e+01 4.563346099853515625e+01 6.143118286132812500e+01 -2.480870437622070312e+01 7.635445404052734375e+01 4.319909286499023438e+01 5.828531265258789062e+01 -2.380469894409179688e+01 7.062894439697265625e+01 4.008272933959960938e+01 5.408063125610351562e+01 -2.138006782531738281e+01 6.645437622070312500e+01 3.772795104980468750e+01 5.105479812622070312e+01 -1.964558982849121094e+01 5.375292205810546875e+01 2.988073158264160156e+01 4.203424072265625000e+01 -1.515390968322753906e+01 4.718856430053710938e+01 2.659895896911621094e+01 3.626583480834960938e+01 -1.428443717956542969e+01 4.489132690429687500e+01 2.507210350036621094e+01 3.445747375488281250e+01 -1.411679267883300781e+01 4.321509933471679688e+01 2.465266418457031250e+01 3.291650009155273438e+01 -1.327760791778564453e+01 4.230555725097656250e+01 2.384965705871582031e+01 3.263590621948242188e+01 -1.248325920104980469e+01 4.121928024291992188e+01 2.334444046020507812e+01 3.135212516784667969e+01 -1.308017158508300781e+01 3.380559158325195312e+01 1.889628601074218750e+01 2.603588485717773438e+01 -1.038658809661865234e+01
1.965635375976562500e+02 -1.594198760986328125e+02 -8.923390960693359375e+01 -7.252458190917968750e+01 1.469024047851562500e+02 -1.110620803833007812e+02 -8.530037689208984375e+01 -4.437739562988281250e+01 1.280175781250000000e+02 -9.727383422851562500e+01 -7.352304840087890625e+01 -3.899544906616210938e+01 1.045262451171875000e+02 -7.922042083740234375e+01 -6.039303588867187500e+01 -3.166263961791992188e+01 8.911718750000000000e+01 -6.968415069580078125e+01 -5.004495239257812500e+01 -2.411419296264648438e+01 8.370641326904296875e+01 -6.313072967529296875e+01 -4.877727508544921875e+01 -2.533874511718750000e+01 6.320204162597656250e+01 -4.857901382446289062e+01 -3.634701156616210938e+01 -1.770457077026367188e+01 5.909140396118164062e+01 -4.453371429443359375e+01 -3.430369186401367188e+01 -1.821482086181640625e+01 5.519618606567382812e+01 -4.251934814453125000e+01 -3.104534912109375000e+01 -1.657982635498046875e+01 5.281904602050781250e+01 -4.314751434326171875e+01 -2.401758575439453125e+01 -1.874246406555175781e+01 4.150347900390625000e+01 -3.227204895019531250e+01 -2.317676353454589844e+01 -1.199546432495117188e+01 4.085492706298828125e+01 -3.070517921447753906e+01 -2.372757339477539062e+01 -1.277888202667236328e+01 1.476169013977050781e+01 -1.185188579559326172e+01 -8.157221794128417969e+00 -3.301522016525268555e+00 1.477997207641601562e+01 -1.116369819641113281e+01 -8.625510215759277344e+00 -4.406812191009521484e+00 1.473787879943847656e+01 -1.179639339447021484e+01 -7.672132015228271484e+00 -4.378286361694335938e+00 1.441230869293212891e+01 -1.168901252746582031e+01 -7.134842872619628906e+00 -4.489576816558837891e+00
5.516232299804687500e+02 -4.287870788574218750e+02 1.839250946044921875e+02 2.942811584472656250e+02 1.397362823486328125e+02 -1.088472595214843750e+02 4.600238037109375000e+01 7.457912445068359375e+01 1.122826461791992188e+02 -8.772129821777343750e+01 3.736790466308593750e+01 5.929592514038085938e+01 1.010494384765625000e+02 -7.896139526367187500e+01 3.307872390747070312e+01 5.368299484252929688e+01 9.853292846679687500e+01 -7.691591644287109375e+01 3.214857101440429688e+01 5.252741622924804688e+01 9.687486267089843750e+01 -7.584423828125000000e+01 3.186115074157714844e+01 5.115914916992187500e+01 4.892498016357421875e+01 -3.789309692382812500e+01 1.632585144042968750e+01 2.629095458984375000e+01 2.609750747680664062e+01 -1.998871612548828125e+01 9.037723541259765625e+00 1.413616752624511719e+01 2.370745658874511719e+01 -1.841866874694824219e+01 7.877011775970458984e+00 1.267791175842285156e+01 1.889270782470703125e+01 -1.474112606048583984e+01 6.113963127136230469e+00 1.011107730865478516e+01 1.719390678405761719e+01 -1.345588111877441406e+01 5.384164810180664062e+00 9.249913215637207031e+00 1.264253902435302734e+01 -9.932894706726074219e+00 3.998385429382324219e+00 6.721927165985107422e+00 1.237294292449951172e+01 -9.531572341918945312e+00 3.841403484344482422e+00 6.889346599578857422e+00 1.276576328277587891e+01 -9.937845230102539062e+00 1.249380588531494141e+00 7.914733409881591797e+00 1.057257556915283203e+01 -8.354433059692382812e+00 5.521820187568664551e-01 6.454325675964355469e+00 8.367560386657714844e+00 -6.619637489318847656e+00 2.780821323394775391e+00 4.296916961669921875e+00
2.217365570068359375e+02 -1.328921966552734375e+02 8.244575500488281250e+01 -1.571924438476562500e+02 1.604744262695312500e+02 -9.677027893066406250e+01 6.016620635986328125e+01 -1.129899749755859375e+02 1.060285949707031250e+02 -6.439006042480468750e+01 3.906059646606445312e+01 -7.463411712646484375e+01 1.046586456298828125e+02 -6.298128128051757812e+01 3.924666595458984375e+01 -7.380020141601562500e+01 6.181904220581054688e+01 -3.760099792480468750e+01 2.271427726745605469e+01 -4.349483108520507812e+01 5.776628494262695312e+01 -3.523722839355468750e+01 2.164917373657226562e+01 -4.033082199096679688e+01 5.348440551757812500e+01 -3.369048309326171875e+01 1.061227607727050781e+01 -4.016107940673828125e+01 4.242980575561523438e+01 -2.584435081481933594e+01 8.425933837890625000e+00 -3.257854461669921875e+01 3.798905563354492188e+01 -2.404558753967285156e+01 7.640362262725830078e+00 -2.840075492858886719e+01 3.543410110473632812e+01 -2.128722953796386719e+01 1.311840629577636719e+01 -2.510612678527832031e+01 3.500077056884765625e+01 -2.085606765747070312e+01 1.345033359527587891e+01 -2.468130683898925781e+01 3.540386199951171875e+01 -2.206315422058105469e+01 7.193164825439453125e+00 -2.673778533935546875e+01 3.138285827636718750e+01 -2.097425651550292969e+01 7.071081161499023438e+00 -2.224778938293457031e+01 2.904236602783203125e+01 -1.475183963775634766e+01 1.139785003662109375e+01 -2.226951408386230469e+01 2.835160064697265625e+01 -1.471080112457275391e+01 1.098641014099121094e+01 -2.158293914794921875e+01 2.507707786560058594e+01 -1.492936897277832031e+01 8.601521492004394531e+00 -1.821999549865722656e+01
3.628502502441406250e+02 1.384634399414062500e+02 2.625909729003906250e+02 -2.086484375000000000e+02 1.081232910156250000e+02 4.054622268676757812e+01 7.860876464843750000e+01 -6.218567657470703125e+01 8.138201141357421875e+01 2.831703376770019531e+01 6.647433471679687500e+01 -3.744783401489257812e+01 8.596443176269531250e+01 3.228970718383789062e+01 6.236611557006835938e+01 -4.957545471191406250e+01 7.678053283691406250e+01 2.899238586425781250e+01 5.581530761718750000e+01 -4.403515625000000000e+01 6.521063995361328125e+01 2.504430007934570312e+01 4.743909835815429688e+01 -3.707727813720703125e+01 6.216350555419921875e+01 2.327027511596679688e+01 4.522216415405273438e+01 -3.574565124511718750e+01 6.091443634033203125e+01 2.272438430786132812e+01 4.443413543701171875e+01 -3.492532348632812500e+01 3.721707534790039062e+01 1.401961898803710938e+01 2.707826232910156250e+01 -2.133842849731445312e+01 3.608090972900390625e+01 1.363053321838378906e+01 2.632676124572753906e+01 -2.056556129455566406e+01 3.195181846618652344e+01 1.223059463500976562e+01 2.306579780578613281e+01 -1.841957283020019531e+01 3.112774276733398438e+01 1.137005901336669922e+01 2.247055244445800781e+01 -1.829516029357910156e+01 2.861105918884277344e+01 1.070976161956787109e+01 2.059544563293457031e+01 -1.672429847717285156e+01 2.341783714294433594e+01 8.272489547729492188e+00 1.886385536193847656e+01 -1.112993144989013672e+01 1.646085548400878906e+01 5.808067321777343750e+00 1.344748306274414062e+01 -7.509416103363037109e+00 1.590953731536865234e+01 5.990826606750488281e+00 1.157234764099121094e+01 -9.126039505004882812e+00
2.254219512939453125e+02 1.488759422302246094e+01 2.145746917724609375e+02 6.746181488037109375e+01 1.937034759521484375e+02 1.348304653167724609e+01 1.843133544921875000e+02 5.803289413452148438e+01 1.901880950927734375e+02 1.315660095214843750e+01 1.810601196289062500e+02 5.670668029785156250e+01 1.429931945800781250e+02 9.360731124877929688e+00 1.361382751464843750e+02 4.272914123535156250e+01 1.002445602416992188e+02 6.333191871643066406e+00 9.550373840332031250e+01 2.979729843139648438e+01 3.633137512207031250e+01 2.524293899536132812e+00 3.473913574218750000e+01 1.033388423919677734e+01 2.537998199462890625e+01 1.474264740943908691e+00 2.431901168823242188e+01 7.108912467956542969e+00 2.293665122985839844e+01 1.976630091667175293e+00 2.158108139038085938e+01 7.511314868927001953e+00 1.873025321960449219e+01 1.558423519134521484e+00 1.775602149963378906e+01 5.754770278930664062e+00 1.303349113464355469e+01 9.029499292373657227e-01 1.242632579803466797e+01 3.826617240905761719e+00 4.543412685394287109e+00 3.580873012542724609e-01 4.328392028808593750e+00 1.333940505981445312e+00 4.122502803802490234e+00 6.647862195968627930e-01 3.858663082122802734e+00 1.282315492630004883e+00 3.785100460052490234e+00 5.413026809692382812e-01 3.520153045654296875e+00 1.281600117683410645e+00 2.920338153839111328e+00 4.518619775772094727e-01 2.671026468276977539e+00 1.090785622596740723e+00 2.298921585083007812e+00 2.002934180200099945e-02 2.255253553390502930e+00 4.228278994560241699e-01 1.092160105705261230e+00 1.911484822630882263e-02 1.031465291976928711e+00 3.303142488002777100e-01
3.198115234375000000e+02 1.275124435424804688e+02 1.275124511718750000e+02 -2.641222534179687500e+02 1.697634735107421875e+02 6.768511199951171875e+01 6.680187988281250000e+01 -1.406266326904296875e+02 1.076402282714843750e+02 4.318319702148437500e+01 4.242863464355468750e+01 -8.900237274169921875e+01 8.979515075683593750e+01 4.060031890869140625e+01 2.532912063598632812e+01 -7.598170471191406250e+01 8.088955688476562500e+01 3.251851272583007812e+01 3.251851654052734375e+01 -6.654481506347656250e+01 7.876694488525390625e+01 3.145776176452636719e+01 3.098720169067382812e+01 -6.522587585449218750e+01 7.967523193359375000e+01 3.532664489746093750e+01 2.201591300964355469e+01 -6.793711090087890625e+01 6.896580505371093750e+01 2.527725982666015625e+01 1.903016471862792969e+01 -6.127964782714843750e+01 5.517784118652343750e+01 2.167985343933105469e+01 2.137099075317382812e+01 -4.602020645141601562e+01 7.388607788085937500e+01 1.831893348693847656e+01 2.420630645751953125e+01 -6.736188507080078125e+01 7.072735595703125000e+01 1.760533523559570312e+01 2.278597068786621094e+01 -6.460038757324218750e+01 5.019472122192382812e+01 1.987253952026367188e+01 1.957651710510253906e+01 -4.172951126098632812e+01 5.827021408081054688e+01 2.161951255798339844e+01 1.613236618041992188e+01 -5.165018463134765625e+01 5.969924926757812500e+01 2.154616165161132812e+01 1.622901344299316406e+01 -5.325751113891601562e+01 4.736689376831054688e+01 2.121159172058105469e+01 1.308621597290039062e+01 -4.027954864501953125e+01 4.231499099731445312e+01 1.684089851379394531e+01 1.686735534667968750e+01 -3.496306610107421875e+01
2.672086181640625000e+02 6.593514251708984375e+01 1.604584045410156250e+02 2.032367858886718750e+02 2.223986816406250000e+02 5.394797897338867188e+01 1.330572204589843750e+02 1.698427734375000000e+02 1.815281066894531250e+02 5.758509826660156250e+01 9.281996154785156250e+01 1.449857330322265625e+02 1.550055389404296875e+02 3.804890441894531250e+01 9.317379760742187500e+01 1.178882522583007812e+02 7.873292541503906250e+01 2.492658424377441406e+01 3.995509338378906250e+01 6.309618759155273438e+01 4.649860763549804688e+01 1.150968742370605469e+01 2.778684425354003906e+01 3.546179962158203125e+01 4.958452987670898438e+01 1.539436626434326172e+01 2.461791038513183594e+01 4.019425201416015625e+01 4.337459182739257812e+01 1.114274215698242188e+01 2.347458457946777344e+01 3.472600555419921875e+01 3.341000747680664062e+01 7.205249786376953125e+00 2.043534278869628906e+01 2.543010520935058594e+01 3.719025039672851562e+01 9.964426040649414062e+00 1.916564178466796875e+01 3.027347755432128906e+01 3.468738174438476562e+01 9.083543777465820312e+00 1.809011650085449219e+01 2.816793060302734375e+01 3.127145004272460938e+01 8.050547599792480469e+00 1.761126327514648438e+01 2.455435562133789062e+01 3.201935958862304688e+01 7.503443241119384766e+00 1.768602371215820312e+01 2.561489486694335938e+01 2.923205947875976562e+01 6.797580718994140625e+00 1.595734405517578125e+01 2.353017997741699219e+01 1.970674896240234375e+01 6.164295673370361328e+00 9.880816459655761719e+00 1.589738655090332031e+01 1.811630249023437500e+01 4.250974178314208984e+00 9.898889541625976562e+00 1.456441688537597656e+01
3.977213134765625000e+02 2.131552734375000000e+02 1.769489135742187500e+02 2.853702087402343750e+02 2.121085357666015625e+02 1.135542297363281250e+02 9.466648864746093750e+01 1.520976715087890625e+02 1.269708557128906250e+02 6.780481719970703125e+01 5.628755187988281250e+01 9.141014862060546875e+01 1.056922607421875000e+02 5.635816192626953125e+01 4.716711044311523438e+01 7.595955657958984375e+01 8.611694335937500000e+01 4.748083496093750000e+01 4.748083496093750000e+01 5.391909027099609375e+01 8.026741790771484375e+01 4.300909805297851562e+01 3.618124008178710938e+01 5.730596542358398438e+01 5.194429397583007812e+01 2.852331924438476562e+01 2.843877029418945312e+01 3.280010604858398438e+01 4.849876022338867188e+01 2.622654151916503906e+01 2.716139984130859375e+01 3.043939018249511719e+01 4.500654220581054688e+01 2.421166992187500000e+01 2.532704353332519531e+01 2.824756240844726562e+01 4.622695922851562500e+01 2.445243835449218750e+01 2.067154884338378906e+01 3.334182357788085938e+01 3.202351760864257812e+01 1.770599746704101562e+01 1.744812774658203125e+01 2.018201828002929688e+01 3.219934463500976562e+01 1.676043701171875000e+01 1.791102409362792969e+01 2.085259628295898438e+01 1.661054229736328125e+01 8.827331542968750000e+00 8.840143203735351562e+00 1.093583774566650391e+01 1.602054977416992188e+01 8.796113014221191406e+00 6.866766452789306641e+00 1.149495220184326172e+01 1.175069618225097656e+01 6.090225219726562500e+00 7.390732288360595703e+00 6.791733741760253906e+00 1.187057495117187500e+01 6.870242118835449219e+00 5.774918556213378906e+00 7.767931461334228516e+00
2.406405639648437500e+02 1.891643066406250000e+02 1.226654281616210938e+02 -8.413047790527343750e+01 1.486702880859375000e+02 1.165051498413085938e+02 7.721556091308593750e+01 -5.066717910766601562e+01 1.368032684326171875e+02 1.073410491943359375e+02 7.026103973388671875e+01 -4.749331665039062500e+01 1.059048156738281250e+02 6.879663848876953125e+01 6.609703063964843750e+01 -4.597863769531250000e+01 9.967683410644531250e+01 7.826187133789062500e+01 5.101699829101562500e+01 -3.475336074829101562e+01 8.029221343994140625e+01 5.247404098510742188e+01 4.986370086669921875e+01 -3.474056625366210938e+01 4.349885559082031250e+01 3.416189193725585938e+01 2.217817878723144531e+01 -1.527169895172119141e+01 4.372525787353515625e+01 2.867880821228027344e+01 2.725262451171875000e+01 -1.861986160278320312e+01 3.815359878540039062e+01 2.974623680114746094e+01 1.960726737976074219e+01 -1.365262603759765625e+01 2.719577980041503906e+01 2.126461410522460938e+01 1.393796253204345703e+01 -9.650918006896972656e+00 2.422291755676269531e+01 1.878172874450683594e+01 1.244787693023681641e+01 -8.890822410583496094e+00 2.169496345520019531e+01 1.698544883728027344e+01 1.119631767272949219e+01 -7.537138938903808594e+00 2.112667274475097656e+01 1.599646091461181641e+01 1.157223129272460938e+01 -7.517550945281982422e+00 1.814637947082519531e+01 1.402364253997802734e+01 9.592217445373535156e+00 -6.371711254119873047e+00 1.693156623840332031e+01 1.308977413177490234e+01 9.057547569274902344e+00 -5.770316600799560547e+00 1.679778671264648438e+01 1.089719486236572266e+01 1.065565013885498047e+01 -7.000173568725585938e+00
2.657218017578125000e+02 -1.746936950683593750e+02 -1.002919311523437500e+02 -1.732965393066406250e+02 2.351745300292968750e+02 -1.690547027587890625e+02 -9.731314849853515625e+01 -1.313685760498046875e+02 2.111148376464843750e+02 -1.388181915283203125e+02 -7.930004882812500000e+01 -1.378784637451171875e+02 6.416060638427734375e+01 -4.215947341918945312e+01 -2.387434577941894531e+01 -4.206158828735351562e+01 4.190135955810546875e+01 -2.776137351989746094e+01 -1.544072055816650391e+01 -2.732388496398925781e+01 3.311751174926757812e+01 -2.375623703002929688e+01 -1.356719207763671875e+01 -1.866339492797851562e+01 3.243502044677734375e+01 -2.257602310180664062e+01 -1.516283702850341797e+01 -1.767547798156738281e+01 3.405947494506835938e+01 -2.243099784851074219e+01 -1.278888702392578125e+01 -2.221088027954101562e+01 3.238050842285156250e+01 -2.128170967102050781e+01 -1.232704734802246094e+01 -2.106205940246582031e+01 3.231054687500000000e+01 -2.123054504394531250e+01 -1.192389297485351562e+01 -2.123761749267578125e+01 2.893502426147460938e+01 -2.036644172668457031e+01 -1.250409412384033203e+01 -1.631170082092285156e+01 2.574037170410156250e+01 -1.822982788085937500e+01 -1.123810005187988281e+01 -1.428026771545410156e+01 2.434886550903320312e+01 -1.743343353271484375e+01 -9.814811706542968750e+00 -1.387847805023193359e+01 2.302468872070312500e+01 -1.668313407897949219e+01 -9.627869606018066406e+00 -1.261325645446777344e+01 2.085836029052734375e+01 -1.338181781768798828e+01 -7.546362876892089844e+00 -1.407714271545410156e+01 1.778320121765136719e+01 -1.202541255950927734e+01 -7.732365608215332031e+00 -1.056404876708984375e+01
1.457745971679687500e+02 -9.127368927001953125e+01 -1.093917236328125000e+02 -3.086738204956054688e+01 9.414490509033203125e+01 -5.889505767822265625e+01 -7.065712738037109375e+01 -2.005457115173339844e+01 7.735066223144531250e+01 -4.990065765380859375e+01 -5.898530578613281250e+01 -3.680058717727661133e+00 7.004029083251953125e+01 -4.550209808349609375e+01 -5.309305191040039062e+01 -4.038496017456054688e+00 6.954331207275390625e+01 -4.523276519775390625e+01 -5.269614028930664062e+01 -3.656006336212158203e+00 5.606408309936523438e+01 -3.462846755981445312e+01 -4.257357406616210938e+01 -1.146916198730468750e+01 4.990452194213867188e+01 -3.180030441284179688e+01 -3.835291290283203125e+01 -2.869922399520874023e+00 4.750056076049804688e+01 -3.106778717041015625e+01 -3.575544357299804688e+01 -3.555877447128295898e+00 4.653612136840820312e+01 -2.955981063842773438e+01 -3.587416076660156250e+01 -2.202987432479858398e+00 4.566557312011718750e+01 -2.921279144287109375e+01 -3.500012207031250000e+01 -2.632442474365234375e+00 3.427663803100585938e+01 -2.228280258178710938e+01 -2.596132087707519531e+01 -2.086999654769897461e+00 3.149952888488769531e+01 -2.016790580749511719e+01 -2.414345550537109375e+01 -1.597022533416748047e+00 2.814738464355468750e+01 -1.745560073852539062e+01 -2.124261665344238281e+01 -6.027311325073242188e+00 2.747938346862792969e+01 -1.793068122863769531e+01 -2.074071311950683594e+01 -1.852046608924865723e+00 2.596791076660156250e+01 -1.677053642272949219e+01 -1.977452278137207031e+01 -1.431691288948059082e+00 2.206511878967285156e+01 -1.412370395660400391e+01 -1.688891792297363281e+01 -1.461100697517395020e+00
1.232221679687500000e+03 -3.637181396484375000e+02 -6.733621826171875000e+02 -9.657446899414062500e+02 1.003578186035156250e+02 -2.915330505371093750e+01 -5.495461273193359375e+01 -7.875129699707031250e+01 8.228740692138671875e+01 -2.365133666992187500e+01 -4.485389709472656250e+01 -6.480709838867187500e+01 3.127110099792480469e+01 -9.185164451599121094e+00 -1.719835472106933594e+01 -2.444814491271972656e+01 3.085336112976074219e+01 -8.829279899597167969e+00 -1.681768989562988281e+01 -2.431294441223144531e+01 2.918802070617675781e+01 -8.090204238891601562e+00 -1.641740608215332031e+01 -2.273627471923828125e+01 2.051649284362792969e+01 -6.321864128112792969e+00 -1.144584560394287109e+01 -1.580213546752929688e+01 1.930326271057128906e+01 -5.629491806030273438e+00 -1.061171436309814453e+01 -1.511013889312744141e+01 1.849655342102050781e+01 -5.911094665527343750e+00 -1.016351413726806641e+01 -1.427812194824218750e+01 1.384917736053466797e+01 -2.243226528167724609e+00 -9.364339828491210938e+00 -9.953732490539550781e+00 1.342403984069824219e+01 -3.821102380752563477e+00 -7.359593391418457031e+00 -1.054492282867431641e+01 7.027421474456787109e+00 -1.746951818466186523e+00 -4.459480762481689453e+00 -5.054572105407714844e+00 6.021638393402099609e+00 -1.638153433799743652e+00 -3.815803766250610352e+00 -4.358448982238769531e+00 5.501403331756591797e+00 -1.254210829734802246e+00 -3.027931451797485352e+00 -4.418600082397460938e+00 3.693118095397949219e+00 -8.323848843574523926e-01 -2.737839460372924805e+00 -2.334628820419311523e+00 3.855383872985839844e+00 -8.224925994873046875e-01 -2.645328521728515625e+00 -2.677779436111450195e+00
1.077917480468750000e+03 4.018594665527343750e+02 2.493119049072265625e+02 9.686375122070312500e+02 2.405804595947265625e+02 9.126490783691406250e+01 5.406638336181640625e+01 2.159296417236328125e+02 2.174068756103515625e+02 8.170024108886718750e+01 4.996588516235351562e+01 1.951752777099609375e+02 1.731022491455078125e+02 6.497880554199218750e+01 3.964043426513671875e+01 1.554695434570312500e+02 1.586325988769531250e+02 6.035595703125000000e+01 3.558853530883789062e+01 1.423197631835937500e+02 6.429953765869140625e+01 2.483013153076171875e+01 1.491155910491943359e+01 5.739913940429687500e+01 5.616328430175781250e+01 2.110109138488769531e+01 1.301457595825195312e+01 5.039503097534179688e+01 5.603382110595703125e+01 2.112849235534667969e+01 1.288947296142578125e+01 5.027163696289062500e+01 5.018617248535156250e+01 1.922350502014160156e+01 1.113323783874511719e+01 4.500155639648437500e+01 3.407536697387695312e+01 1.358500194549560547e+01 7.416146278381347656e+00 3.034273910522460938e+01 2.129345512390136719e+01 8.089798927307128906e+00 4.722320079803466797e+00 1.912188529968261719e+01 2.044293594360351562e+01 7.720284938812255859e+00 4.604423999786376953e+00 1.836055755615234375e+01 1.974209403991699219e+01 7.276203632354736328e+00 4.500535488128662109e+00 1.779136657714843750e+01 1.702609634399414062e+01 6.565721988677978516e+00 3.865705013275146484e+00 1.522551727294921875e+01 1.664542579650878906e+01 6.370409011840820312e+00 3.843583345413208008e+00 1.488942909240722656e+01 1.408774471282958984e+01 5.384139060974121094e+00 3.174726009368896484e+00 1.262524127960205078e+01
2.710305175781250000e+02 -1.049141769409179688e+02 1.674301605224609375e+02 -1.855200195312500000e+02 1.248625411987304688e+02 -4.859835815429687500e+01 7.745755004882812500e+01 -8.502448272705078125e+01 1.147616043090820312e+02 -4.500184249877929688e+01 7.060323333740234375e+01 -7.848709869384765625e+01 9.859536743164062500e+01 -3.894748687744140625e+01 6.063497161865234375e+01 -6.728684997558593750e+01 5.398304367065429688e+01 -2.332929801940917969e+01 3.597649002075195312e+01 -3.279642105102539062e+01 5.388467788696289062e+01 -2.007971191406250000e+01 3.525842666625976562e+01 -3.545684432983398438e+01 4.572243881225585938e+01 -1.908750343322753906e+01 3.112352371215820312e+01 -2.752299118041992188e+01 4.452460098266601562e+01 -1.758579635620117188e+01 3.123655509948730469e+01 -2.640942192077636719e+01 3.527985000610351562e+01 -1.327951145172119141e+01 2.304513740539550781e+01 -2.317852401733398438e+01 3.230973815917968750e+01 -1.264776325225830078e+01 2.273068428039550781e+01 -1.916427040100097656e+01 3.026703071594238281e+01 -1.141629695892333984e+01 2.165059471130371094e+01 -1.780486106872558594e+01 3.128337097167968750e+01 -1.197115612030029297e+01 1.980462455749511719e+01 -2.104989051818847656e+01 2.859200859069824219e+01 -1.110568714141845703e+01 2.021297454833984375e+01 -1.689919471740722656e+01 2.887974166870117188e+01 -1.070510578155517578e+01 1.879425048828125000e+01 -1.913677978515625000e+01 2.552206993103027344e+01 -9.288059234619140625e+00 1.722039794921875000e+01 -1.638738441467285156e+01 1.947798347473144531e+01 -7.035823345184326172e+00 1.367302989959716797e+01 -1.195563697814941406e+01
2.036021881103515625e+02 2.958093070983886719e+01 -1.923681030273437500e+02 -5.977735519409179688e+01 1.200610122680664062e+02 1.753940773010253906e+01 -1.135718688964843750e+02 -3.476240921020507812e+01 9.789360046386718750e+01 1.448684406280517578e+01 -9.257341003417968750e+01 -2.834487342834472656e+01 9.596554565429687500e+01 1.396295452117919922e+01 -9.080265808105468750e+01 -2.773626327514648438e+01 8.901115417480468750e+01 1.286469650268554688e+01 -8.416172027587890625e+01 -2.596674919128417969e+01 8.054032135009765625e+01 1.188629150390625000e+01 -7.611445617675781250e+01 -2.349530029296875000e+01 5.420058441162109375e+01 -2.922411203384399414e+00 -5.174975204467773438e+01 -1.584630393981933594e+01 3.418434524536132812e+01 -1.710729241371154785e+00 -3.255022048950195312e+01 -1.030080699920654297e+01 3.195554733276367188e+01 -1.661900162696838379e+00 -3.043625450134277344e+01 -9.592206001281738281e+00 2.599052429199218750e+01 -1.954757809638977051e+00 -2.484559822082519531e+01 -7.373133659362792969e+00 2.244790458679199219e+01 3.117296695709228516e+00 -2.132924270629882812e+01 -6.246438026428222656e+00 1.867569541931152344e+01 -1.490843534469604492e+00 -1.777751922607421875e+01 -5.522627830505371094e+00 1.788028717041015625e+01 -7.411002516746520996e-01 -1.705433082580566406e+01 -5.318413734436035156e+00 1.746166038513183594e+01 2.418352603912353516e+00 -1.655274200439453125e+01 -5.006786823272705078e+00 1.755765151977539062e+01 -4.845379292964935303e-01 -1.660526275634765625e+01 -5.681753158569335938e+00 1.649238967895507812e+01 2.321542739868164062e+00 -1.561691665649414062e+01 -4.766682147979736328e+00
1.017878570556640625e+02 -5.136983871459960938e+01 4.960174942016601562e+01 -7.253670501708984375e+01 9.004611968994140625e+01 -4.215004730224609375e+01 4.929198074340820312e+01 -6.246566772460937500e+01 8.503881835937500000e+01 -3.968389892578125000e+01 4.628127288818359375e+01 -5.928586196899414062e+01 7.580989837646484375e+01 -3.730630111694335938e+01 3.883000946044921875e+01 -5.336301422119140625e+01 6.548182678222656250e+01 -3.322825241088867188e+01 3.201095581054687500e+01 -4.646538925170898438e+01 5.953167343139648438e+01 -2.989444923400878906e+01 2.910086250305175781e+01 -4.246718978881835938e+01 5.677612686157226562e+01 -2.826305198669433594e+01 2.943172836303710938e+01 -3.946668243408203125e+01 5.559688949584960938e+01 -2.793308067321777344e+01 2.734812545776367188e+01 -3.953248977661132812e+01 4.289520645141601562e+01 -2.021550559997558594e+01 2.294439888000488281e+01 -3.008101654052734375e+01 4.076793670654296875e+01 -1.850924873352050781e+01 2.244778633117675781e+01 -2.855712890625000000e+01 3.868559265136718750e+01 -1.947187232971191406e+01 1.918181991577148438e+01 -2.737661552429199219e+01 3.855388641357421875e+01 -1.895030212402343750e+01 1.949030303955078125e+01 -2.733856010437011719e+01 3.670004272460937500e+01 -1.853783416748046875e+01 1.826169395446777344e+01 -2.587957191467285156e+01 3.582558441162109375e+01 -1.798500823974609375e+01 1.761060142517089844e+01 -2.549232864379882812e+01 3.418903732299804688e+01 -1.614326667785644531e+01 1.875389862060546875e+01 -2.359145927429199219e+01 3.420695877075195312e+01 -1.655954742431640625e+01 1.752404212951660156e+01 -2.426491355895996094e+01
3.424350891113281250e+02 1.779638824462890625e+02 -4.689101409912109375e+01 2.887765197753906250e+02 3.277232055664062500e+02 1.693803253173828125e+02 -4.540686416625976562e+01 2.768591613769531250e+02 2.391548004150390625e+02 1.237192764282226562e+02 -3.353616333007812500e+01 2.019006347656250000e+02 1.834206085205078125e+02 9.397005462646484375e+01 -2.555264472961425781e+01 1.554342193603515625e+02 1.792980804443359375e+02 9.271082305908203125e+01 -2.507030677795410156e+01 1.514058532714843750e+02 1.180492019653320312e+02 6.673693084716796875e+01 7.853445410728454590e-01 9.736687469482421875e+01 1.144184494018554688e+02 5.837101745605468750e+01 -1.528983974456787109e+01 9.720982360839843750e+01 9.148577117919921875e+01 5.139887619018554688e+01 8.501518517732620239e-02 7.568206787109375000e+01 5.351144409179687500e+01 2.739105606079101562e+01 -7.441920757293701172e+00 4.536301422119140625e+01 5.055882644653320312e+01 2.777034568786621094e+01 -8.243350386619567871e-01 4.223083877563476562e+01 4.120663070678710938e+01 2.072425079345703125e+01 -5.306691646575927734e+00 3.520600891113281250e+01 3.896453857421875000e+01 2.013026428222656250e+01 -5.672545909881591797e+00 3.287568283081054688e+01 3.525835037231445312e+01 1.690569496154785156e+01 -4.576986789703369141e+00 3.059672546386718750e+01 2.876383018493652344e+01 1.336787319183349609e+01 -2.840109348297119141e+00 2.530512619018554688e+01 2.400949478149414062e+01 1.243599891662597656e+01 -3.121000766754150391e+00 2.029881095886230469e+01 2.805680084228515625e+01 1.264889526367187500e+01 -1.429767727851867676e+00 2.500290679931640625e+01
1.441646881103515625e+02 -1.212638854980468750e+02 -1.278624057769775391e+01 -7.690928649902343750e+01 1.152650146484375000e+02 -9.958535766601562500e+01 -9.494024276733398438e+00 -5.725944900512695312e+01 8.279583740234375000e+01 -7.138223266601562500e+01 -8.249551773071289062e+00 -4.112994766235351562e+01 6.951163482666015625e+01 -5.978678894042968750e+01 -6.152841091156005859e+00 -3.492206192016601562e+01 5.151383209228515625e+01 -4.312926101684570312e+01 -4.263756752014160156e+00 -2.782918548583984375e+01 4.285736083984375000e+01 -3.671845626831054688e+01 -2.760464191436767578e+00 -2.192915916442871094e+01 4.038551712036132812e+01 -3.259281158447265625e+01 2.917141437530517578e+00 -2.366789436340332031e+01 2.944283103942871094e+01 -2.533632850646972656e+01 6.018317937850952148e-01 -1.498562431335449219e+01 3.138056945800781250e+01 -2.476204299926757812e+01 1.804143786430358887e+00 -1.918533515930175781e+01 2.801089096069335938e+01 -2.393336105346679688e+01 -1.987683534622192383e+00 -1.438624382019042969e+01 2.733977699279785156e+01 -2.344329261779785156e+01 -2.531199932098388672e+00 -1.383721256256103516e+01 2.903425407409667969e+01 -2.324691200256347656e+01 3.114168167114257812e+00 -1.711288642883300781e+01 2.626699256896972656e+01 -2.281511306762695312e+01 -5.599111914634704590e-01 -1.300355243682861328e+01 2.541403388977050781e+01 -2.193488502502441406e+01 -2.312846183776855469e+00 -1.262476253509521484e+01 2.421837425231933594e+01 -2.031147384643554688e+01 5.087359547615051270e-01 -1.314722728729248047e+01 2.199355316162109375e+01 -1.866596221923828125e+01 -2.306046009063720703e+00 -1.140006256103515625e+01
5.088000183105468750e+02 -1.331351623535156250e+02 1.653127441406250000e+02 4.624112243652343750e+02 4.175337829589843750e+02 -1.096218185424804688e+02 1.354826354980468750e+02 3.794231872558593750e+02 2.888959350585937500e+02 -7.579557800292968750e+01 9.358113861083984375e+01 2.625993652343750000e+02 2.382579193115234375e+02 -6.225860595703125000e+01 7.679969024658203125e+01 2.167775115966796875e+02 1.761541290283203125e+02 -4.574271392822265625e+01 5.705457305908203125e+01 1.602573394775390625e+02 1.678570709228515625e+02 -4.364498519897460938e+01 5.421055603027343750e+01 1.527492370605468750e+02 1.060681533813476562e+02 -2.787658309936523438e+01 3.427253341674804688e+01 9.642998504638671875e+01 7.303778839111328125e+01 -1.911683464050292969e+01 2.384827041625976562e+01 6.633480834960937500e+01 3.818072128295898438e+01 -1.116141319274902344e+01 1.354186344146728516e+01 3.389586639404296875e+01 3.892322158813476562e+01 -1.075215625762939453e+01 1.266502857208251953e+01 3.519923400878906250e+01 3.529387664794921875e+01 -9.139970779418945312e+00 1.219960784912109375e+01 3.181831169128417969e+01 3.389991760253906250e+01 -8.964347839355468750e+00 1.096186733245849609e+01 3.080037307739257812e+01 3.032005500793457031e+01 -7.926384925842285156e+00 9.499792098999023438e+00 2.768089866638183594e+01 2.430639648437500000e+01 -6.359163761138916016e+00 7.818198204040527344e+00 2.211871910095214844e+01 1.988672637939453125e+01 -5.337569236755371094e+00 6.629686832427978516e+00 1.797329902648925781e+01 1.756456184387207031e+01 -4.872331619262695312e+00 6.306088447570800781e+00 1.565271377563476562e+01
2.092117462158203125e+02 -1.005313262939453125e+02 -1.248679733276367188e+02 1.344284057617187500e+02 1.662721252441406250e+02 -9.285108947753906250e+01 -1.101695785522460938e+02 8.299243164062500000e+01 1.312268981933593750e+02 -6.314831161499023438e+01 -7.825000000000000000e+01 8.431909942626953125e+01 9.856546783447265625e+01 -5.519901275634765625e+01 -6.497271728515625000e+01 4.946461486816406250e+01 7.868850708007812500e+01 -4.415086364746093750e+01 -5.152954483032226562e+01 3.984052658081054688e+01 4.878830718994140625e+01 -2.409896659851074219e+01 -3.087001991271972656e+01 2.909605598449707031e+01 4.516619110107421875e+01 -2.110548019409179688e+01 -2.919347763061523438e+01 2.722927474975585938e+01 4.484744644165039062e+01 -2.163605308532714844e+01 -2.751773834228515625e+01 2.803442955017089844e+01 4.008091735839843750e+01 -1.983049392700195312e+01 -2.527085304260253906e+01 2.396626281738281250e+01 3.915916061401367188e+01 -1.847968482971191406e+01 -2.360538864135742188e+01 2.519340896606445312e+01 3.488903808593750000e+01 -1.713040924072265625e+01 -2.194351577758789062e+01 2.103036308288574219e+01 3.126419639587402344e+01 -1.522738361358642578e+01 -1.967408752441406250e+01 1.893378639221191406e+01 2.796225357055664062e+01 -1.351748466491699219e+01 -1.749520492553710938e+01 1.711966896057128906e+01 2.722761917114257812e+01 -1.349848651885986328e+01 -1.693898200988769531e+01 1.649863624572753906e+01 2.463560104370117188e+01 -1.113477706909179688e+01 -1.583645057678222656e+01 1.523602294921875000e+01 2.161729621887207031e+01 -1.059067344665527344e+01 -1.377823829650878906e+01 1.285711002349853516e+01
2.000481414794921875e+02 1.021232910156250000e+02 1.720033111572265625e+02 -2.221160650253295898e+00 1.702369689941406250e+02 8.744259643554687500e+01 1.460564422607421875e+02 -1.297327756881713867e+00 1.549090118408203125e+02 7.934592437744140625e+01 1.330401306152343750e+02 -1.161795735359191895e+00 1.133495635986328125e+02 5.774430465698242188e+01 9.753733825683593750e+01 -4.100900888442993164e-01 1.103873901367187500e+02 5.651023864746093750e+01 9.482147216796875000e+01 -9.153676629066467285e-01 1.045847320556640625e+02 5.188628768920898438e+01 9.079467773437500000e+01 -1.109854936599731445e+00 7.697662353515625000e+01 4.032618331909179688e+01 6.556074523925781250e+01 -3.513466715812683105e-01 6.921920013427734375e+01 3.444420623779296875e+01 6.004059600830078125e+01 1.095278561115264893e-02 5.716580581665039062e+01 2.977136802673339844e+01 4.880138015747070312e+01 1.429142206907272339e-01 5.388349533081054688e+01 2.747600746154785156e+01 4.633234405517578125e+01 -1.346806764602661133e+00 3.748860931396484375e+01 1.933114814758300781e+01 3.211646652221679688e+01 -4.636911451816558838e-01 3.538701248168945312e+01 1.751429176330566406e+01 3.074869728088378906e+01 -8.846734464168548584e-02 3.069468498229980469e+01 1.591973781585693359e+01 2.624313354492187500e+01 1.534721404314041138e-01 2.619868278503417969e+01 1.278100681304931641e+01 2.285846328735351562e+01 6.984286904335021973e-01 2.426725769042968750e+01 1.236419868469238281e+01 2.088047409057617188e+01 1.120783314108848572e-01 2.415477943420410156e+01 1.299214458465576172e+01 2.035721397399902344e+01 -2.367682900512591004e-04
2.430829925537109375e+02 -2.030835418701171875e+02 -1.118653678894042969e+01 -1.331212768554687500e+02 1.662528533935546875e+02 -1.390184936523437500e+02 -8.216834068298339844e+00 -9.080472564697265625e+01 1.449935455322265625e+02 -1.313512725830078125e+02 -1.546804714202880859e+01 -5.941961669921875000e+01 1.346824188232421875e+02 -1.119019393920898438e+02 -6.163941383361816406e+00 -7.469483947753906250e+01 7.570602416992187500e+01 -6.856021118164062500e+01 -7.749688148498535156e+00 -3.115833282470703125e+01 5.758551025390625000e+01 -5.222675704956054688e+01 -6.168193817138671875e+00 -2.346082496643066406e+01 3.680163574218750000e+01 -3.145620727539062500e+01 -1.573636978864669800e-01 -1.910085105895996094e+01 2.956982994079589844e+01 -2.571750450134277344e+01 -1.768749475479125977e+00 -1.448572444915771484e+01 2.877538681030273438e+01 -2.412439727783203125e+01 -1.705628633499145508e+00 -1.558468818664550781e+01 2.629135513305664062e+01 -2.355994033813476562e+01 -2.663092613220214844e+00 -1.136100959777832031e+01 2.792912483215332031e+01 -2.323321723937988281e+01 -1.304607510566711426e+00 -1.544448375701904297e+01 2.528946876525878906e+01 -2.192088317871093750e+01 3.845378160476684570e-01 -1.260417652130126953e+01 2.005292701721191406e+01 -1.749543380737304688e+01 -1.667936682701110840e+00 -9.656482696533203125e+00 1.865568161010742188e+01 -1.667183876037597656e+01 -1.421251773834228516e+00 -8.250108718872070312e+00 1.066518688201904297e+01 -8.872466087341308594e+00 -7.573001384735107422e-01 -5.867951393127441406e+00 9.679199218750000000e+00 -8.823920249938964844e+00 -9.527291059494018555e-01 -3.862334012985229492e+00
1.344451751708984375e+02 8.216323089599609375e+01 -5.429693984985351562e+01 -9.152339172363281250e+01 1.201438293457031250e+02 7.283992767333984375e+01 -4.791838455200195312e+01 -8.266011047363281250e+01 1.132715072631835938e+02 6.890711212158203125e+01 -5.235906219482421875e+01 -7.307896423339843750e+01 9.766446685791015625e+01 5.985630035400390625e+01 -3.967068862915039062e+01 -6.619522857666015625e+01 9.500814056396484375e+01 5.794825744628906250e+01 -3.868236160278320312e+01 -6.459257507324218750e+01 7.684994506835937500e+01 4.660576629638671875e+01 -3.564711761474609375e+01 -4.962942504882812500e+01 6.450662231445312500e+01 3.945453643798828125e+01 -2.638810729980468750e+01 -4.368172454833984375e+01 6.432856750488281250e+01 3.904085922241210938e+01 -2.631558418273925781e+01 -4.383429718017578125e+01 6.047789764404296875e+01 3.659525680541992188e+01 -2.769468498229980469e+01 -3.938740539550781250e+01 5.811454010009765625e+01 3.552439880371093750e+01 -2.318533515930175781e+01 -3.972074508666992188e+01 4.746925735473632812e+01 2.895103836059570312e+01 -1.937478637695312500e+01 -3.224540328979492188e+01 4.116813659667968750e+01 2.692535209655761719e+01 -2.129497718811035156e+01 -2.272323608398437500e+01 4.304275894165039062e+01 2.651530075073242188e+01 -1.667450714111328125e+01 -2.952217864990234375e+01 4.178685379028320312e+01 2.517730331420898438e+01 -1.677742767333984375e+01 -2.882294845581054688e+01 3.925729370117187500e+01 2.381834602355957031e+01 -1.821343612670898438e+01 -2.533953857421875000e+01 3.834988784790039062e+01 2.357996368408203125e+01 -1.537457466125488281e+01 -2.604461097717285156e+01
3.361597290039062500e+02 9.681219482421875000e+01 1.869228973388671875e+02 2.620888977050781250e+02 1.889636688232421875e+02 5.404748535156250000e+01 1.045898132324218750e+02 1.478076171875000000e+02 1.467727966308593750e+02 2.789786529541015625e+01 7.617753601074218750e+01 1.223148727416992188e+02 1.362392578125000000e+02 2.607582092285156250e+01 7.075455474853515625e+01 1.134678878784179688e+02 1.060680541992187500e+02 3.038788414001464844e+01 5.899630355834960938e+01 8.274313354492187500e+01 7.685843658447265625e+01 2.232078742980957031e+01 4.266842269897460938e+01 5.990315246582031250e+01 6.666638183593750000e+01 1.929899597167968750e+01 3.727514266967773438e+01 5.179304122924804688e+01 6.526354217529296875e+01 1.881955337524414062e+01 3.634912109375000000e+01 5.083203506469726562e+01 6.854849243164062500e+01 1.345958709716796875e+01 3.546943283081054688e+01 5.709338378906250000e+01 3.925394439697265625e+01 1.092010593414306641e+01 2.180001068115234375e+01 3.075942039489746094e+01 4.238356781005859375e+01 8.287453651428222656e+00 2.183954429626464844e+01 3.536550903320312500e+01 3.220534133911132812e+01 9.133207321166992188e+00 1.787750434875488281e+01 2.518221855163574219e+01 3.406533432006835938e+01 6.535586833953857422e+00 1.762492370605468750e+01 2.840908050537109375e+01 3.081911659240722656e+01 5.948070526123046875e+00 1.667303085327148438e+01 2.522793197631835938e+01 2.950073242187500000e+01 5.265415668487548828e+00 1.523957729339599609e+01 2.470473480224609375e+01 2.543987655639648438e+01 6.127695560455322266e+00 1.399477481842041016e+01 2.034170532226562500e+01
5.882443847656250000e+02 -1.364029235839843750e+02 3.793500366210937500e+02 4.283914184570312500e+02 1.554648742675781250e+02 -3.705067443847656250e+01 9.989129638671875000e+01 1.132179489135742188e+02 1.021319885253906250e+02 -3.014656448364257812e+01 5.581123733520507812e+01 8.004519653320312500e+01 6.184716796875000000e+01 -1.847840309143066406e+01 3.273007202148437500e+01 4.910697174072265625e+01 5.109553909301757812e+01 -1.145517158508300781e+01 3.294313049316406250e+01 3.733984756469726562e+01 4.428170776367187500e+01 -1.352214622497558594e+01 2.338214683532714844e+01 3.508955764770507812e+01 4.185832977294921875e+01 -1.268148612976074219e+01 2.192489242553710938e+01 3.332535552978515625e+01 3.933385848999023438e+01 -1.161475372314453125e+01 2.042822265625000000e+01 3.154232406616210938e+01 2.658729362487792969e+01 -1.164929389953613281e+01 1.866559410095214844e+01 1.491728115081787109e+01 2.366620635986328125e+01 -1.013295650482177734e+01 1.699431800842285156e+01 1.297532176971435547e+01 2.894750595092773438e+01 -7.596108913421630859e+00 1.723098182678222656e+01 2.198523330688476562e+01 2.247350120544433594e+01 -9.856695175170898438e+00 1.579064750671386719e+01 1.259127521514892578e+01 2.639300155639648438e+01 -6.559193611145019531e+00 1.734208488464355469e+01 1.878297615051269531e+01 2.096521377563476562e+01 -9.240476608276367188e+00 1.456710433959960938e+01 1.191441249847412109e+01 1.958433341979980469e+01 -8.009572029113769531e+00 1.406187915802001953e+01 1.102979755401611328e+01 2.144171905517578125e+01 -5.967639923095703125e+00 1.239655685424804688e+01 1.643813896179199219e+01
5.459401245117187500e+02 3.451679382324218750e+02 -3.434454650878906250e+02 -2.468904876708984375e+02 9.395420074462890625e+01 5.911421585083007812e+01 -5.911153793334960938e+01 -4.288016891479492188e+01 7.433200073242187500e+01 4.699866867065429688e+01 -4.700554275512695312e+01 -3.326906204223632812e+01 7.334654235839843750e+01 4.662245178222656250e+01 -4.616298675537109375e+01 -3.278752136230468750e+01 5.610738754272460938e+01 2.749375534057617188e+01 -3.550673675537109375e+01 -3.362310028076171875e+01 3.799134063720703125e+01 1.920918655395507812e+01 -2.440775680541992188e+01 -2.185806465148925781e+01 3.052774429321289062e+01 1.470573902130126953e+01 -1.948891258239746094e+01 -1.831992530822753906e+01 2.779155349731445312e+01 1.575482749938964844e+01 -1.822385787963867188e+01 -1.385809612274169922e+01 2.663707542419433594e+01 1.610490226745605469e+01 -1.701643562316894531e+01 -1.267307281494140625e+01 2.557130813598632812e+01 1.349515724182128906e+01 -1.692367553710937500e+01 -1.358223438262939453e+01 2.006592941284179688e+01 1.157240581512451172e+01 -1.253781509399414062e+01 -1.056049823760986328e+01 1.850432395935058594e+01 1.019983768463134766e+01 -1.218181896209716797e+01 -9.484577178955078125e+00 1.602077293395996094e+01 8.750041007995605469e+00 -1.064837265014648438e+01 -8.167870521545410156e+00 1.668222999572753906e+01 8.271993637084960938e+00 -1.082925987243652344e+01 -9.621758460998535156e+00 1.262577533721923828e+01 7.233501911163330078e+00 -7.797725200653076172e+00 -6.803097724914550781e+00 1.138997840881347656e+01 7.348852157592773438e+00 -7.239382266998291016e+00 -4.828802108764648438e+00
4.003266601562500000e+02 1.607588043212890625e+02 3.646647033691406250e+02 3.791703414916992188e+01 1.203970794677734375e+02 4.876935195922851562e+01 1.095428619384765625e+02 1.083267498016357422e+01 7.978574371337890625e+01 3.218731689453125000e+01 7.271328735351562500e+01 6.519130229949951172e+00 7.184665679931640625e+01 2.897002029418945312e+01 6.544016265869140625e+01 6.343864917755126953e+00 5.841065597534179688e+01 2.330554389953613281e+01 5.322650527954101562e+01 5.966212749481201172e+00 5.330368423461914062e+01 2.129812431335449219e+01 4.864184951782226562e+01 4.652205467224121094e+00 4.429740905761718750e+01 5.964337825775146484e+00 4.388901901245117188e+01 -6.644113063812255859e-01 3.992967605590820312e+01 1.612922286987304688e+01 3.634092330932617188e+01 3.682996988296508789e+00 3.337738418579101562e+01 4.137166976928710938e+00 3.310092926025390625e+01 -1.008644223213195801e+00 3.143518066406250000e+01 1.256459808349609375e+01 2.867414855957031250e+01 2.841626405715942383e+00 2.240349960327148438e+01 8.731271743774414062e+00 2.053784751892089844e+01 1.904836297035217285e+00 1.552821540832519531e+01 4.665096282958984375e+00 1.476717662811279297e+01 1.128406524658203125e+00 1.500521755218505859e+01 5.179606437683105469e+00 1.402756309509277344e+01 1.239538669586181641e+00 1.210348415374755859e+01 1.598985433578491211e+00 1.199095344543457031e+01 -3.932248055934906006e-01 9.206293106079101562e+00 3.470077037811279297e+00 8.497491836547851562e+00 7.120627164840698242e-01 7.851359844207763672e+00 1.787018656730651855e+00 7.605517864227294922e+00 6.013792157173156738e-01
2.489719085693359375e+02 1.225282974243164062e+02 1.006846618652343750e+02 -1.919281768798828125e+02 2.050199584960937500e+02 1.009360580444335938e+02 8.348302459716796875e+01 -1.577201995849609375e+02 1.819317016601562500e+02 8.917775726318359375e+01 9.041164398193359375e+01 -1.302773437500000000e+02 1.248806533813476562e+02 6.235885620117187500e+01 6.330181121826171875e+01 -8.774640655517578125e+01 1.140769500732421875e+02 5.656872177124023438e+01 4.635490036010742188e+01 -8.754846954345703125e+01 8.773684692382812500e+01 4.319449615478515625e+01 3.576186752319335938e+01 -6.747635650634765625e+01 6.596055603027343750e+01 3.242208480834960938e+01 2.760703468322753906e+01 -5.037315750122070312e+01 5.390763854980468750e+01 2.720522117614746094e+01 2.817496681213378906e+01 -3.704160690307617188e+01 5.671617889404296875e+01 2.789490699768066406e+01 2.339340019226074219e+01 -4.348963165283203125e+01 4.225356674194335938e+01 2.159108543395996094e+01 2.158502578735351562e+01 -2.921053504943847656e+01 4.365479278564453125e+01 2.184669303894042969e+01 2.130696868896484375e+01 -3.121659851074218750e+01 4.251887893676757812e+01 2.099967193603515625e+01 1.743268585205078125e+01 -3.260322570800781250e+01 3.349024581909179688e+01 1.652236557006835938e+01 1.763338279724121094e+01 -2.318775177001953125e+01 2.703216361999511719e+01 1.343721771240234375e+01 1.179377841949462891e+01 -2.027476692199707031e+01 2.385939407348632812e+01 1.185013961791992188e+01 1.238784122467041016e+01 -1.659417343139648438e+01 2.061351585388183594e+01 1.008424949645996094e+01 8.293128967285156250e+00 -1.595084762573242188e+01
2.489730682373046875e+02 1.132550964355468750e+02 -1.738259124755859375e+02 1.376423187255859375e+02 2.429663238525390625e+02 1.118359069824218750e+02 -1.695042419433593750e+02 1.333928680419921875e+02 2.183055725097656250e+02 9.900628662109375000e+01 -1.526282501220703125e+02 1.206634979248046875e+02 1.426649475097656250e+02 6.656986999511718750e+01 -9.829271697998046875e+01 7.912194061279296875e+01 1.104299087524414062e+02 5.024558639526367188e+01 -7.727265930175781250e+01 6.081991577148437500e+01 8.469782257080078125e+01 3.929032516479492188e+01 -5.873465728759765625e+01 4.669274520874023438e+01 5.006711959838867188e+01 2.290591239929199219e+01 -3.492803573608398438e+01 2.760522842407226562e+01 2.655532646179199219e+01 1.250362014770507812e+01 -1.806997299194335938e+01 1.491043090820312500e+01 2.543417930603027344e+01 1.099162960052490234e+01 -1.695036697387695312e+01 1.545207500457763672e+01 1.369191169738769531e+01 6.101390361785888672e+00 -9.565530776977539062e+00 7.664338111877441406e+00 1.345310497283935547e+01 6.430060863494873047e+00 -9.278605461120605469e+00 7.316318988800048828e+00 7.073818683624267578e+00 3.052722454071044922e+00 -5.004039287567138672e+00 3.959720373153686523e+00 6.687755584716796875e+00 2.905241012573242188e+00 -4.359792709350585938e+00 4.156664371490478516e+00 5.243025779724121094e+00 2.126084566116333008e+00 -3.732625961303710938e+00 3.006091594696044922e+00 4.467731475830078125e+00 1.900861740112304688e+00 -3.115902900695800781e+00 2.576528787612915039e+00 4.116941928863525391e+00 1.879776835441589355e+00 -2.645290374755859375e+00 2.533394336700439453e+00
2.921077880859375000e+02 -1.337418365478515625e+02 -1.103868865966796875e+02 2.350633850097656250e+02 2.002155303955078125e+02 -9.123955535888671875e+01 -7.643537139892578125e+01 1.609937591552734375e+02 1.434540405273437500e+02 -6.903958129882812500e+01 -3.818902969360351562e+01 1.198089981079101562e+02 1.087519989013671875e+02 -5.271009826660156250e+01 -2.870178413391113281e+01 9.069085693359375000e+01 8.675750732421875000e+01 -4.152029418945312500e+01 -2.351238441467285156e+01 7.245755767822265625e+01 8.429470825195312500e+01 -4.138907241821289062e+01 -2.263091850280761719e+01 6.985960388183593750e+01 5.666328048706054688e+01 -1.961795806884765625e+01 -2.667989158630371094e+01 4.597610092163085938e+01 5.788525009155273438e+01 -2.786862182617187500e+01 -1.614285659790039062e+01 4.809813690185546875e+01 5.177332305908203125e+01 -2.510771369934082031e+01 -1.380635070800781250e+01 4.312150573730468750e+01 4.083678436279296875e+01 -1.950067520141601562e+01 -1.123705101013183594e+01 3.407484817504882812e+01 3.571276473999023438e+01 -1.194477462768554688e+01 -1.606450653076171875e+01 2.957032203674316406e+01 3.255813598632812500e+01 -1.506518745422363281e+01 -1.177676391601562500e+01 2.633396911621093750e+01 3.438293838500976562e+01 -1.173166847229003906e+01 -1.418873405456542969e+01 2.903427886962890625e+01 3.334477233886718750e+01 -1.173453235626220703e+01 -1.384063148498535156e+01 2.797077560424804688e+01 2.813284301757812500e+01 -9.871521949768066406e+00 -1.367610549926757812e+01 2.251564788818359375e+01 3.048869132995605469e+01 -9.567136764526367188e+00 -1.292744255065917969e+01 2.590158081054687500e+01
2.072012634277343750e+02 -1.620198974609375000e+02 7.105883026123046875e+01 -1.078542556762695312e+02 1.465912017822265625e+02 -1.138563919067382812e+02 5.045375823974609375e+01 -7.733111572265625000e+01 1.455195617675781250e+02 -1.133674697875976562e+02 4.980198669433593750e+01 -7.644281768798828125e+01 1.209772796630859375e+02 -9.439294433593750000e+01 4.189447784423828125e+01 -6.301053237915039062e+01 1.177536926269531250e+02 -9.126824951171875000e+01 4.243562698364257812e+01 -6.111673355102539062e+01 1.067500991821289062e+02 -8.323033905029296875e+01 3.764249420166015625e+01 -5.523068618774414062e+01 9.895342254638671875e+01 -7.699650573730468750e+01 3.435334014892578125e+01 -5.179909896850585938e+01 5.857461166381835938e+01 -4.721109390258789062e+01 2.195103263854980469e+01 -2.683747291564941406e+01 4.050529861450195312e+01 -3.269382095336914062e+01 1.424358367919921875e+01 -1.920662307739257812e+01 4.137261962890625000e+01 -3.269095230102539062e+01 1.370436573028564453e+01 -2.132924842834472656e+01 3.797332763671875000e+01 -2.972072219848632812e+01 1.303336048126220703e+01 -1.969575691223144531e+01 2.957855224609375000e+01 -2.277920913696289062e+01 9.930192947387695312e+00 -1.604277229309082031e+01 2.202258491516113281e+01 -1.758093261718750000e+01 7.139225959777832031e+00 -1.113801383972167969e+01 1.470901012420654297e+01 -1.140894603729248047e+01 5.727141380310058594e+00 -7.306898593902587891e+00 8.284490585327148438e+00 -6.363180637359619141e+00 2.524517536163330078e+00 -4.665782928466796875e+00 6.895710945129394531e+00 -5.839959144592285156e+00 2.017947673797607422e+00 -3.058363199234008789e+00
1.291313629150390625e+02 -4.825904464721679688e+01 1.156883468627929688e+02 -3.101901435852050781e+01 8.881533813476562500e+01 -3.272022247314453125e+01 7.899360656738281250e+01 -2.403251647949218750e+01 6.186114883422851562e+01 -2.315439796447753906e+01 5.495506286621093750e+01 -1.644986915588378906e+01 6.002447128295898438e+01 -2.326766586303710938e+01 5.312835693359375000e+01 -1.545676612854003906e+01 5.231450653076171875e+01 -1.885902404785156250e+01 4.722110748291015625e+01 -1.230006980895996094e+01 5.464508056640625000e+01 -1.348834133148193359e+01 4.778030014038085938e+01 -2.282963943481445312e+01 5.116217041015625000e+01 -1.846349906921386719e+01 4.575750732421875000e+01 -1.352400016784667969e+01 4.605810546875000000e+01 -1.808161163330078125e+01 4.073987960815429688e+01 -1.160460281372070312e+01 4.010285568237304688e+01 -1.544614791870117188e+01 3.570314788818359375e+01 -9.742752075195312500e+00 3.307548141479492188e+01 -1.198220825195312500e+01 2.976651000976562500e+01 -8.023026466369628906e+00 3.132196807861328125e+01 -1.185301876068115234e+01 2.807834815979003906e+01 -7.222104549407958984e+00 3.185717964172363281e+01 -7.342556476593017578e+00 2.804056549072265625e+01 -1.318392086029052734e+01 2.872575759887695312e+01 -1.127910041809082031e+01 2.558806800842285156e+01 -6.571331977844238281e+00 2.604478073120117188e+01 -6.140400886535644531e+00 2.305368041992187500e+01 -1.044676113128662109e+01 2.432570457458496094e+01 -8.932565689086914062e+00 2.187398529052734375e+01 -5.786007881164550781e+00 2.365338897705078125e+01 -8.899599075317382812e+00 2.089184188842773438e+01 -6.618979454040527344e+00
2.237164306640625000e+02 -1.799011535644531250e+02 8.309931182861328125e+01 -1.038225402832031250e+02 1.900025787353515625e+02 -1.603390960693359375e+02 2.712484359741210938e+01 -9.826799011230468750e+01 1.499300842285156250e+02 -1.177701644897460938e+02 7.020073699951171875e+01 -6.067177581787109375e+01 9.631771087646484375e+01 -7.742373657226562500e+01 3.557058715820312500e+01 -4.491526412963867188e+01 7.212602996826171875e+01 -5.614212799072265625e+01 3.483033752441406250e+01 -2.893222618103027344e+01 5.328716278076171875e+01 -4.296255493164062500e+01 1.991061973571777344e+01 -2.443501281738281250e+01 3.703305053710937500e+01 -2.962972259521484375e+01 1.395561790466308594e+01 -1.728432083129882812e+01 3.205989456176757812e+01 -2.548062324523925781e+01 1.491505241394042969e+01 -1.249382972717285156e+01 2.871241760253906250e+01 -2.330169296264648438e+01 1.062232398986816406e+01 -1.298461627960205078e+01 2.820995712280273438e+01 -2.147677803039550781e+01 1.378432655334472656e+01 -1.202173519134521484e+01 2.584679412841796875e+01 -2.006487846374511719e+01 1.236005687713623047e+01 -1.061447238922119141e+01 2.639794158935546875e+01 -2.137424850463867188e+01 9.873117446899414062e+00 -1.193794059753417969e+01 2.579589271545410156e+01 -2.099014663696289062e+01 9.532986640930175781e+00 -1.157341766357421875e+01 2.461196899414062500e+01 -1.924638938903808594e+01 1.160957813262939453e+01 -1.002712440490722656e+01 2.348290061950683594e+01 -1.854658889770507812e+01 1.118745326995849609e+01 -9.072568893432617188e+00 2.320079421997070312e+01 -1.823281097412109375e+01 1.112296009063720703e+01 -9.062075614929199219e+00
2.283159027099609375e+02 1.235405044555664062e+02 -3.621375656127929688e+01 1.885588989257812500e+02 1.865607910156250000e+02 1.017825546264648438e+02 -2.983579063415527344e+01 1.534765930175781250e+02 2.372427673339843750e+02 9.870326232910156250e+01 -3.520723724365234375e+01 2.128432006835937500e+02 9.527459716796875000e+01 5.170118331909179688e+01 -1.459521102905273438e+01 7.868428039550781250e+01 1.194110946655273438e+02 4.864693832397460938e+01 -1.880714607238769531e+01 1.074146270751953125e+02 9.768606567382812500e+01 4.081734466552734375e+01 -1.329382419586181641e+01 8.774832153320312500e+01 9.811683654785156250e+01 3.992722320556640625e+01 -1.499892044067382812e+01 8.836142730712890625e+01 7.300785064697265625e+01 2.936549949645996094e+01 -1.148073577880859375e+01 6.584835815429687500e+01 5.387730789184570312e+01 2.963633918762207031e+01 -8.687378883361816406e+00 4.414726257324218750e+01 6.914127349853515625e+01 2.930190658569335938e+01 -9.665712356567382812e+00 6.187461853027343750e+01 6.548065948486328125e+01 2.778104209899902344e+01 -9.724629402160644531e+00 5.849224472045898438e+01 7.174402618408203125e+01 2.743265342712402344e+01 -1.691398382186889648e+00 6.627045440673828125e+01 3.729321670532226562e+01 1.511180591583251953e+01 -5.688477993011474609e+00 3.361275863647460938e+01 3.024596023559570312e+01 1.275813579559326172e+01 -4.443809986114501953e+00 2.706105422973632812e+01 2.987544441223144531e+01 1.203738212585449219e+01 -4.861511230468750000e+00 2.690706443786621094e+01 2.870294761657714844e+01 1.168992614746093750e+01 -4.298419952392578125e+00 2.585940170288085938e+01
2.939619445800781250e+02 -1.535924987792968750e+02 -6.588236999511718750e+01 2.418315124511718750e+02 2.017245330810546875e+02 -1.062797393798828125e+02 -4.414860916137695312e+01 1.656752624511718750e+02 1.547154388427734375e+02 -8.170245361328125000e+01 -3.446945571899414062e+01 1.267777404785156250e+02 1.364863891601562500e+02 -7.185652923583984375e+01 -3.010876274108886719e+01 1.120642471313476562e+02 1.244666976928710938e+02 -6.595709228515625000e+01 -2.778448104858398438e+01 1.018302383422851562e+02 1.219200439453125000e+02 -6.506759643554687500e+01 -2.721676254272460938e+01 9.944815063476562500e+01 8.107341766357421875e+01 -4.565943908691406250e+01 -2.122957801818847656e+01 6.354069519042968750e+01 5.145449066162109375e+01 -3.108351898193359375e+01 -1.629177474975585938e+01 3.762896347045898438e+01 5.122421264648437500e+01 -2.954438972473144531e+01 -1.334300041198730469e+01 3.966098022460937500e+01 5.165410614013671875e+01 -2.712631988525390625e+01 -1.200168132781982422e+01 4.228769683837890625e+01 4.520326614379882812e+01 -2.378434562683105469e+01 -1.041412162780761719e+01 3.700251388549804688e+01 4.120780563354492188e+01 -2.375486946105957031e+01 -1.039685535430908203e+01 3.202616119384765625e+01 3.990345764160156250e+01 -2.212977409362792969e+01 -9.881236076354980469e+00 3.170016670227050781e+01 3.730947113037109375e+01 -2.148177719116210938e+01 -9.278135299682617188e+00 2.905935287475585938e+01 3.272466278076171875e+01 -1.964816474914550781e+01 -8.902415275573730469e+00 2.460854721069335938e+01 3.348297882080078125e+01 -1.865251350402832031e+01 -7.485196113586425781e+00 2.677957916259765625e+01
3.427171936035156250e+02 -3.038830566406250000e+02 -1.563712158203125000e+02 -2.565570449829101562e+01 1.144868698120117188e+02 -1.017526550292968750e+02 -5.188674545288085938e+01 -7.835001468658447266e+00 9.558216094970703125e+01 -8.439640808105468750e+01 -4.434065246582031250e+01 -6.861757755279541016e+00 6.869320678710937500e+01 -6.059277725219726562e+01 -3.195039367675781250e+01 -5.142352104187011719e+00 6.678409576416015625e+01 -5.936946868896484375e+01 -2.452104187011718750e+01 -1.827788925170898438e+01 3.048940849304199219e+01 -2.747267150878906250e+01 -1.051198673248291016e+01 -8.020896911621093750e+00 2.503743553161621094e+01 -2.212583541870117188e+01 -1.159625148773193359e+01 -1.687464952468872070e+00 2.240894699096679688e+01 -1.966117668151855469e+01 -1.062002563476562500e+01 -1.677526831626892090e+00 2.058979225158691406e+01 -1.821942710876464844e+01 -8.016664505004882812e+00 -5.263661384582519531e+00 1.942635345458984375e+01 -1.706731986999511719e+01 -9.021534919738769531e+00 -2.163808584213256836e+00 1.904192352294921875e+01 -1.648293495178222656e+01 -9.388591766357421875e+00 -1.661929011344909668e+00 1.956270980834960938e+01 -1.725949668884277344e+01 -7.660296916961669922e+00 -5.111678600311279297e+00 1.892683982849121094e+01 -1.687205314636230469e+01 -7.038126945495605469e+00 -4.901412010192871094e+00 1.716692543029785156e+01 -1.477763366699218750e+01 -8.669600486755371094e+00 -1.069131374359130859e+00 1.773331069946289062e+01 -1.584869575500488281e+01 -6.319771289825439453e+00 -4.830145835876464844e+00 1.354287433624267578e+01 -1.189475059509277344e+01 -5.422347068786621094e+00 -3.538713216781616211e+00
1.002707366943359375e+02 -7.939620208740234375e+01 -5.402859497070312500e+01 2.883323669433593750e+01 8.770823669433593750e+01 -6.954779052734375000e+01 -4.700274276733398438e+01 2.542757797241210938e+01 7.825852966308593750e+01 -6.210182189941406250e+01 -4.209750747680664062e+01 2.226077270507812500e+01 7.376345062255859375e+01 -5.834732055664062500e+01 -3.986492156982421875e+01 2.115195655822753906e+01 7.233137512207031250e+01 -5.707077407836914062e+01 -3.934838867187500000e+01 2.065039634704589844e+01 6.848052978515625000e+01 -4.770391464233398438e+01 -4.699331283569335938e+01 1.433695888519287109e+01 6.972045135498046875e+01 -5.524878311157226562e+01 -3.761979675292968750e+01 1.983087921142578125e+01 6.960202789306640625e+01 -5.526025009155273438e+01 -3.725234222412109375e+01 2.007464218139648438e+01 5.550036621093750000e+01 -4.387667846679687500e+01 -3.000481796264648438e+01 1.596307849884033203e+01 3.437444686889648438e+01 -2.738436126708984375e+01 -1.824814796447753906e+01 9.935009956359863281e+00 3.245884323120117188e+01 -2.274794006347656250e+01 -2.208776855468750000e+01 6.943931102752685547e+00 2.770385360717773438e+01 -1.932184028625488281e+01 -1.885068893432617188e+01 6.229168415069580078e+00 2.794301605224609375e+01 -2.211124610900878906e+01 -1.505590724945068359e+01 8.076177597045898438e+00 2.257936477661132812e+01 -1.575598716735839844e+01 -1.550849246978759766e+01 4.587317466735839844e+00 1.961960029602050781e+01 -1.364719963073730469e+01 -1.359388923645019531e+01 3.724131822586059570e+00 1.938278198242187500e+01 -1.551477718353271484e+01 -1.022689437866210938e+01 5.513125896453857422e+00
2.141302337646484375e+02 -3.296846389770507812e+01 1.978900909423828125e+02 -7.486219024658203125e+01 1.987490081787109375e+02 -2.933172798156738281e+01 1.836120910644531250e+02 -7.018939971923828125e+01 1.599770812988281250e+02 -2.388515472412109375e+01 1.475193634033203125e+02 -5.709799957275390625e+01 7.759876251220703125e+01 -1.157157707214355469e+01 7.159605407714843750e+01 -2.759803581237792969e+01 7.723839569091796875e+01 -1.166152286529541016e+01 7.109372711181640625e+01 -2.784709739685058594e+01 7.111639404296875000e+01 -1.111070156097412109e+01 6.519205474853515625e+01 -2.615472412109375000e+01 6.142322540283203125e+01 -9.146114349365234375e+00 5.661276626586914062e+01 -2.200310897827148438e+01 5.848222351074218750e+01 -8.560306549072265625e+00 5.387319183349609375e+01 -2.108485412597656250e+01 5.099840164184570312e+01 -7.637288093566894531e+00 4.716927337646484375e+01 -1.781990242004394531e+01 3.937248992919921875e+01 -6.147567749023437500e+00 3.633923721313476562e+01 -1.385136318206787109e+01 3.772459030151367188e+01 -5.328523635864257812e+00 3.465200805664062500e+01 -1.392803192138671875e+01 2.723029708862304688e+01 -3.708288192749023438e+00 2.506967163085937500e+01 -9.961403846740722656e+00 2.549882316589355469e+01 -3.627721786499023438e+00 2.359149551391601562e+01 -8.970563888549804688e+00 2.462632560729980469e+01 -3.990388393402099609e+00 2.255728530883789062e+01 -9.038889884948730469e+00 2.280762481689453125e+01 -4.238483905792236328e+00 2.067350196838378906e+01 -8.636317253112792969e+00 2.163058853149414062e+01 -3.081244230270385742e+00 2.003951835632324219e+01 -7.535639762878417969e+00
1.461322479248046875e+02 -9.792398071289062500e+01 -9.533742904663085938e+00 -1.080452041625976562e+02 1.437140960693359375e+02 -9.654194641113281250e+01 -9.596548080444335938e+00 -1.060238265991210938e+02 1.310134887695312500e+02 -8.893450164794921875e+01 -8.154401779174804688e+00 -9.585756683349609375e+01 1.155599060058593750e+02 -7.777479553222656250e+01 -8.004041671752929688e+00 -8.509470367431640625e+01 1.077587814331054688e+02 -7.309214019775390625e+01 -7.289965629577636719e+00 -7.884232330322265625e+01 9.771695709228515625e+01 -6.555687713623046875e+01 -6.415404319763183594e+00 -7.217855072021484375e+01 9.428298187255859375e+01 -6.421692657470703125e+01 -5.662718772888183594e+00 -6.879957580566406250e+01 9.480393218994140625e+01 -6.273351287841796875e+01 -6.614712715148925781e+00 -7.077102661132812500e+01 7.887688446044921875e+01 -5.235238647460937500e+01 -5.417130947113037109e+00 -5.874883651733398438e+01 7.335376739501953125e+01 -4.899264144897460938e+01 -4.854339122772216797e+00 -5.437749099731445312e+01 6.913949584960937500e+01 -4.635117340087890625e+01 -4.609542846679687500e+00 -5.109375762939453125e+01 6.376921081542968750e+01 -4.321424102783203125e+01 -3.796422958374023438e+00 -4.673071289062500000e+01 5.707807922363281250e+01 -3.843431472778320312e+01 -3.761186838150024414e+00 -4.203051376342773438e+01 3.239670944213867188e+01 -2.198598098754882812e+01 -2.040566205978393555e+00 -2.370653152465820312e+01 2.947610473632812500e+01 -2.038907814025878906e+01 3.449255704879760742e+00 -2.100544738769531250e+01 2.884442520141601562e+01 -1.924937057495117188e+01 2.175849437713623047e+00 -2.137120246887207031e+01
7.549941253662109375e+01 -9.397759437561035156e+00 -7.475177764892578125e+01 -4.900561809539794922e+00 6.267511749267578125e+01 -7.445314407348632812e+00 -6.173884963989257812e+01 -7.758335590362548828e+00 5.288012313842773438e+01 -6.064745903015136719e+00 -5.247734451293945312e+01 -2.378000736236572266e+00 4.597721862792968750e+01 -4.061208724975585938e+00 -4.539640808105468750e+01 -6.046313285827636719e+00 4.222021484375000000e+01 -4.099729061126708984e+00 -4.168141555786132812e+01 -5.327226638793945312e+00 3.300377655029296875e+01 -4.124882698059082031e+00 -3.230940246582031250e+01 5.321440219879150391e+00 3.360997772216796875e+01 2.588896274566650391e+00 -3.162173461914062500e+01 -1.108940792083740234e+01 3.138142585754394531e+01 -4.345296859741210938e+00 -3.093388748168945312e+01 -2.997832298278808594e+00 3.090088844299316406e+01 -3.673363447189331055e+00 -3.060693931579589844e+01 -2.137129306793212891e+00 3.022636985778808594e+01 3.082996368408203125e+00 -2.855390167236328125e+01 -9.423544883728027344e+00 2.821165847778320312e+01 -2.963328838348388672e+00 -2.776463127136230469e+01 -4.027605056762695312e+00 2.714225769042968750e+01 -3.034168958663940430e+00 -2.684281730651855469e+01 -2.638015985488891602e+00 2.564118766784667969e+01 -3.373191833496093750e+00 -2.529587554931640625e+01 -2.492123603820800781e+00 2.426928520202636719e+01 -2.774370431900024414e+00 -2.398490333557128906e+01 -2.450798749923706055e+00 2.247527885437011719e+01 2.176110982894897461e+00 -2.099935531616210938e+01 -7.707822799682617188e+00 2.136909675598144531e+01 -1.210223078727722168e+00 -2.105235862731933594e+01 -3.457288980484008789e+00
2.391684570312500000e+02 -1.882027864456176758e+00 1.713422698974609375e+02 -1.668526916503906250e+02 1.429346466064453125e+02 -1.041217994689941406e+01 1.121857223510742188e+02 -8.795602416992187500e+01 1.170994720458984375e+02 -9.022550582885742188e+00 9.218843841552734375e+01 -7.163904571533203125e+01 7.463465881347656250e+01 -4.001587390899658203e+00 5.973828506469726562e+01 -4.456048583984375000e+01 6.869313049316406250e+01 -6.209474802017211914e-01 4.895618057250976562e+01 -4.818333053588867188e+01 5.828653335571289062e+01 -2.880734682083129883e+00 4.622397613525390625e+01 -3.538849258422851562e+01 5.019855499267578125e+01 -3.160410642623901367e+00 3.943228530883789062e+01 -3.090279197692871094e+01 4.633604431152343750e+01 -3.279825687408447266e+00 3.650059509277343750e+01 -2.835416984558105469e+01 4.097925567626953125e+01 -2.694427013397216797e+00 3.275646591186523438e+01 -2.447516822814941406e+01 3.743281555175781250e+01 -7.437642812728881836e-01 3.032027435302734375e+01 -2.193909454345703125e+01 3.739603805541992188e+01 -2.253735303878784180e+00 2.997819328308105469e+01 -2.224167823791503906e+01 3.255300521850585938e+01 -1.777243733406066895e+00 2.619351005554199219e+01 -1.924056243896484375e+01 3.079104232788085938e+01 -8.151164054870605469e-01 2.225720787048339844e+01 -2.126078033447265625e+01 2.666301727294921875e+01 -5.940420031547546387e-01 2.158516120910644531e+01 -1.564111232757568359e+01 2.430660629272460938e+01 -1.591641306877136230e+00 1.813449668884277344e+01 -1.610645294189453125e+01 2.061897468566894531e+01 -7.407465577125549316e-01 1.668475151062011719e+01 -1.209101486206054688e+01
1.201762390136718750e+02 -3.949686813354492188e+01 1.127907180786132812e+02 1.267125988006591797e+01 1.143421936035156250e+02 -5.321129608154296875e+01 9.902222442626953125e+01 2.091112136840820312e+01 9.291364288330078125e+01 -4.330691146850585938e+01 8.065719604492187500e+01 1.587049961090087891e+01 7.437031555175781250e+01 -2.473757934570312500e+01 6.969068145751953125e+01 7.885706901550292969e+00 7.215737915039062500e+01 -2.378004074096679688e+01 6.772647094726562500e+01 7.370337963104248047e+00 3.513234329223632812e+01 -1.173681545257568359e+01 3.289945602416992188e+01 3.762245655059814453e+00 3.425747680664062500e+01 -1.160488128662109375e+01 3.202253723144531250e+01 3.668557882308959961e+00 3.062834167480468750e+01 -1.224901962280273438e+01 2.784675788879394531e+01 3.548950433731079102e+00 2.904874229431152344e+01 -1.306144046783447266e+01 2.569724464416503906e+01 3.461683273315429688e+00 2.848822975158691406e+01 -1.303687953948974609e+01 2.485110092163085938e+01 4.901226043701171875e+00 2.822302055358886719e+01 -1.302984237670898438e+01 2.461694145202636719e+01 4.457927227020263672e+00 2.719056510925292969e+01 -1.248778152465820312e+01 2.392807197570800781e+01 3.287880420684814453e+00 2.564238357543945312e+01 -1.098927497863769531e+01 2.288218498229980469e+01 3.629505634307861328e+00 2.498770713806152344e+01 -8.550126075744628906e+00 2.322979354858398438e+01 3.414319753646850586e+00 2.286519622802734375e+01 -8.309324264526367188e+00 2.115871810913085938e+01 2.461964130401611328e+00 2.249610137939453125e+01 -7.974266052246093750e+00 2.070141410827636719e+01 3.733248472213745117e+00
4.062718200683593750e+02 1.181643447875976562e+02 -3.886603088378906250e+02 -6.093619823455810547e+00 1.764463653564453125e+02 5.121049118041992188e+01 -1.688334960937500000e+02 -2.456792354583740234e+00 1.067776336669921875e+02 3.059448051452636719e+01 -1.022851257324218750e+02 -1.781507253646850586e+00 4.850671386718750000e+01 1.335527801513671875e+01 -4.661981964111328125e+01 -1.054025411605834961e+00 4.258301162719726562e+01 1.239512157440185547e+01 -4.073493194580078125e+01 -3.124245703220367432e-01 3.355358886718750000e+01 1.791000747680664062e+01 -2.803408432006835938e+01 -4.375554561614990234e+00 3.012637519836425781e+01 1.544661331176757812e+01 -2.556980323791503906e+01 -3.894443511962890625e+00 2.800868415832519531e+01 7.810287952423095703e+00 -2.689322471618652344e+01 -4.901019334793090820e-01 2.707057762145996094e+01 7.619018554687500000e+00 -2.597094726562500000e+01 -5.073077678680419922e-01 1.892707061767578125e+01 9.846297264099121094e+00 -1.597413539886474609e+01 -2.468246459960937500e+00 1.383590221405029297e+01 7.347111225128173828e+00 -1.164662170410156250e+01 -1.344741940498352051e+00 1.312179946899414062e+01 5.116556644439697266e+00 -1.182986164093017578e+01 -2.411102294921875000e+00 1.261677837371826172e+01 6.248421669006347656e+00 -1.084344863891601562e+01 -1.599978685379028320e+00 1.113073062896728516e+01 4.948900699615478516e+00 -9.797426223754882812e+00 -1.847154855728149414e+00 8.753204345703125000e+00 4.080053329467773438e+00 -7.125494480133056641e+00 -3.029798984527587891e+00 6.118330001831054688e+00 3.138125181198120117e+00 -4.975188732147216797e+00 -1.677571535110473633e+00
2.214438934326171875e+02 -2.151801452636718750e+02 -4.081481933593750000e+01 3.269611358642578125e+01 2.065592498779296875e+02 -2.016685485839843750e+02 -1.674240350723266602e+00 4.465087890625000000e+01 9.357665252685546875e+01 -9.163390350341796875e+01 -1.375306725502014160e+00 1.891893005371093750e+01 7.541065216064453125e+01 -7.333874511718750000e+01 -1.379606151580810547e+01 1.084505081176757812e+01 5.383326339721679688e+01 -5.250370025634765625e+01 -1.720090955495834351e-01 1.188832473754882812e+01 5.194047546386718750e+01 -5.092635726928710938e+01 -4.406998157501220703e-01 1.016103649139404297e+01 4.646156311035156250e+01 -4.523064422607421875e+01 -8.403999328613281250e+00 6.497617721557617188e+00 4.157316589355468750e+01 -4.072856521606445312e+01 -8.462085574865341187e-02 8.335798263549804688e+00 3.682057189941406250e+01 -3.496045684814453125e+01 2.042292594909667969e+00 1.133387279510498047e+01 3.200334548950195312e+01 -3.128523445129394531e+01 -6.117179989814758301e-01 6.712283134460449219e+00 2.647350311279296875e+01 -2.596536636352539062e+01 -6.494826078414916992e-02 5.161579608917236328e+00 2.480508232116699219e+01 -2.418238449096679688e+01 8.773753070272505283e-04 5.521322727203369141e+00 2.434208869934082031e+01 -2.374232673645019531e+01 -4.016529083251953125e+00 3.564644098281860352e+00 2.312135696411132812e+01 -2.160269355773925781e+01 2.627316236495971680e+00 7.810130119323730469e+00 1.839652252197265625e+01 -1.730984306335449219e+01 2.706113815307617188e+00 5.610551357269287109e+00 1.727884674072265625e+01 -1.691529083251953125e+01 1.963590532541275024e-01 3.517618656158447266e+00
1.379728393554687500e+02 -1.360614776611328125e+02 -2.255294990539550781e+01 -3.889158487319946289e+00 9.212576293945312500e+01 -9.068093872070312500e+01 -1.587986183166503906e+01 -3.421645641326904297e+00 9.050588989257812500e+01 -8.904335021972656250e+01 -1.582971000671386719e+01 -3.430647611618041992e+00 6.177563095092773438e+01 -6.101505661010742188e+01 -9.382430076599121094e+00 -2.315500974655151367e+00 4.337060546875000000e+01 -4.266751480102539062e+01 -7.605193138122558594e+00 -1.623016119003295898e+00 3.665926742553710938e+01 -3.617961502075195312e+01 -5.748846054077148438e+00 -1.374078512191772461e+00 3.054028511047363281e+01 -3.007937622070312500e+01 -5.156374454498291016e+00 -1.154437541961669922e+00 2.779153442382812500e+01 -2.743270683288574219e+01 -4.358985424041748047e+00 -9.029069542884826660e-01 2.168729972839355469e+01 -2.037110900878906250e+01 -7.437759876251220703e+00 -1.319480538368225098e-01 2.123269271850585938e+01 -2.087777519226074219e+01 -3.590772867202758789e+00 -1.345080137252807617e+00 2.126663398742675781e+01 -2.082560729980468750e+01 -3.530349969863891602e+00 -2.465995073318481445e+00 2.103846359252929688e+01 -2.063511466979980469e+01 -3.764920949935913086e+00 -1.616939306259155273e+00 2.181634330749511719e+01 -2.013561248779296875e+01 -3.406375408172607422e+00 -7.675055980682373047e+00 2.028772163391113281e+01 -1.994855690002441406e+01 -3.488297939300537109e+00 -1.111282587051391602e+00 1.888935279846191406e+01 -1.868439102172851562e+01 -2.507789373397827148e+00 -1.080876946449279785e+00 1.847397422790527344e+01 -1.819255447387695312e+01 -3.171184301376342773e+00 -4.925877749919891357e-01
4.197179260253906250e+02 1.852738037109375000e+02 -2.089689025878906250e+02 3.133189392089843750e+02 1.331064147949218750e+02 5.836627197265625000e+01 -6.683447265625000000e+01 9.921617889404296875e+01 1.062121887207031250e+02 4.899212646484375000e+01 -5.525784301757812500e+01 7.633721923828125000e+01 1.007856140136718750e+02 4.454846954345703125e+01 -5.259681320190429688e+01 7.352896118164062500e+01 7.327946472167968750e+01 3.255727005004882812e+01 -3.690663146972656250e+01 5.429368972778320312e+01 6.890053558349609375e+01 3.155314826965332031e+01 -3.558855438232421875e+01 4.985115814208984375e+01 6.088883209228515625e+01 2.731824684143066406e+01 -3.104438972473144531e+01 4.469216537475585938e+01 5.176391601562500000e+01 2.443841743469238281e+01 -2.815965080261230469e+01 3.590346145629882812e+01 5.468447875976562500e+01 2.493457412719726562e+01 -2.770193862915039062e+01 4.001576995849609375e+01 5.365887451171875000e+01 2.419374847412109375e+01 -2.742581748962402344e+01 3.926527786254882812e+01 5.094278335571289062e+01 2.208860397338867188e+01 -2.529337692260742188e+01 3.830803680419921875e+01 3.537726593017578125e+01 1.617996215820312500e+01 -1.908240318298339844e+01 2.500763893127441406e+01 3.347613525390625000e+01 1.527380084991455078e+01 -1.708982658386230469e+01 2.439392662048339844e+01 3.093235206604003906e+01 1.395582962036132812e+01 -1.542491245269775391e+01 2.289317131042480469e+01 2.425223159790039062e+01 8.502100944519042969e+00 -1.788883972167968750e+01 1.399482440948486328e+01 2.794125938415527344e+01 1.272839927673339844e+01 -1.472314071655273438e+01 2.004821586608886719e+01
1.689574737548828125e+02 -1.192787933349609375e+02 1.177670745849609375e+02 2.121541023254394531e+01 1.594422149658203125e+02 -1.168070755004882812e+02 1.083354873657226562e+02 -6.429029464721679688e+00 1.164633483886718750e+02 -8.540243530273437500e+01 7.906253814697265625e+01 -4.385376453399658203e+00 6.741712188720703125e+01 -4.716257476806640625e+01 4.746437835693359375e+01 8.238518714904785156e+00 6.207278442382812500e+01 -4.386319351196289062e+01 4.320980834960937500e+01 7.871671199798583984e+00 5.155811691284179688e+01 -3.625310134887695312e+01 3.607219696044921875e+01 6.538269042968750000e+00 3.923350906372070312e+01 -2.833682060241699219e+01 2.707935333251953125e+01 -1.726732373237609863e+00 3.373262023925781250e+01 -2.343977546691894531e+01 2.391200637817382812e+01 4.082082748413085938e+00 3.090303230285644531e+01 -2.239229583740234375e+01 2.124271774291992188e+01 -1.519771099090576172e+00 3.079064178466796875e+01 -2.233779335021972656e+01 2.114121055603027344e+01 -1.461456537246704102e+00 3.068329811096191406e+01 -2.184288978576660156e+01 2.128962898254394531e+01 3.329473733901977539e+00 2.892240524291992188e+01 -2.066439056396484375e+01 1.991244125366210938e+01 3.600483417510986328e+00 2.593576240539550781e+01 -1.831543922424316406e+01 1.804261207580566406e+01 3.416517972946166992e+00 2.096785163879394531e+01 -1.466049957275390625e+01 1.473402214050292969e+01 2.762095212936401367e+00 1.944368553161621094e+01 -1.416894626617431641e+01 1.327621078491210938e+01 -1.019856691360473633e+00 1.564388942718505859e+01 -1.135530948638916016e+01 1.056604576110839844e+01 2.031573534011840820e+00
3.087790832519531250e+02 2.096240844726562500e+02 -1.365168857574462891e+01 2.263093109130859375e+02 1.595901641845703125e+02 1.075489959716796875e+02 -7.004087924957275391e+00 1.176995086669921875e+02 7.874918365478515625e+01 5.357917404174804688e+01 -1.683659791946411133e+00 5.768753433227539062e+01 7.006752014160156250e+01 4.753320693969726562e+01 -1.176878333091735840e+00 5.146500396728515625e+01 7.148452758789062500e+01 4.748574066162109375e+01 -1.349480271339416504e+00 5.341630554199218750e+01 6.506183624267578125e+01 4.400753784179687500e+01 -2.433614015579223633e+00 4.785852050781250000e+01 5.397953796386718750e+01 3.639286041259765625e+01 -1.064505696296691895e+00 3.985219573974609375e+01 5.380651855468750000e+01 3.622041320800781250e+01 -1.904293298721313477e+00 3.974413681030273438e+01 4.439013671875000000e+01 3.023590469360351562e+01 -1.185794353485107422e+00 3.247843170166015625e+01 4.144301605224609375e+01 2.720560455322265625e+01 -7.487186193466186523e-01 3.125408935546875000e+01 3.864295959472656250e+01 2.633777046203613281e+01 -5.021659731864929199e-01 2.827240371704101562e+01 3.857718276977539062e+01 2.598530960083007812e+01 -5.492815971374511719e-01 2.850687217712402344e+01 3.786108779907226562e+01 2.551198959350585938e+01 -1.782245516777038574e+00 2.791782379150390625e+01 3.569963073730468750e+01 2.372531700134277344e+01 -5.558046698570251465e-01 2.665312004089355469e+01 3.216634750366210938e+01 2.249481582641601562e+01 -6.392428278923034668e-01 2.296445274353027344e+01 3.004551124572753906e+01 1.978315925598144531e+01 -9.408888220787048340e-01 2.259367370605468750e+01
3.946649169921875000e+02 3.586001396179199219e+00 -1.303008422851562500e+02 -3.725174255371093750e+02 3.935786437988281250e+02 2.569948911666870117e+00 -1.302788543701171875e+02 -3.713825073242187500e+02 2.342011718750000000e+02 2.060643911361694336e+00 -7.778263092041015625e+01 -2.208976898193359375e+02 2.475495300292968750e+02 -3.665957927703857422e+00 -7.317665863037109375e+01 -2.364582214355468750e+02 2.112428436279296875e+02 1.928470134735107422e+00 -7.007283782958984375e+01 -1.992727203369140625e+02 1.689095458984375000e+02 3.651218414306640625e+00 -5.606494140625000000e+01 -1.592916412353515625e+02 1.648049316406250000e+02 1.538721799850463867e+00 -5.439355087280273438e+01 -1.555622711181640625e+02 1.132319488525390625e+02 1.574809670448303223e+00 -3.701329421997070312e+01 -1.070000457763671875e+02 9.052468872070312500e+01 9.877796769142150879e-01 -2.950782585144042969e+01 -8.556965637207031250e+01 9.833991241455078125e+01 -1.266411304473876953e+00 -2.855010604858398438e+01 -9.409573364257812500e+01 7.247955322265625000e+01 1.027242541313171387e+00 -2.414363670349121094e+01 -6.833238220214843750e+01 7.078369903564453125e+01 -5.490541458129882812e-01 -2.282786560058593750e+01 -6.699758148193359375e+01 6.757542419433593750e+01 -1.337469935417175293e+00 -1.977414894104003906e+01 -6.460365295410156250e+01 6.505009460449218750e+01 -6.378381848335266113e-01 -1.933750343322753906e+01 -6.210594940185546875e+01 5.311119079589843750e+01 9.924060106277465820e-01 -1.734002494812011719e+01 -5.019081115722656250e+01 4.852713012695312500e+01 5.260071754455566406e-01 -1.617092704772949219e+01 -4.575048446655273438e+01
1.320936126708984375e+02 1.482671451568603516e+01 -1.284046173095703125e+02 2.720821189880371094e+01 1.219231872558593750e+02 1.481584358215332031e+01 -1.184363632202148438e+02 2.487090873718261719e+01 1.024182281494140625e+02 1.031169319152832031e+01 -9.607929992675781250e+01 3.393650817871093750e+01 1.004502944946289062e+02 1.065163707733154297e+01 -9.423333740234375000e+01 3.311921310424804688e+01 8.615082550048828125e+01 8.681036949157714844e+00 -8.093321228027343750e+01 2.822059631347656250e+01 5.867845153808593750e+01 3.931060314178466797e+00 -5.668135070800781250e+01 1.465199089050292969e+01 4.852189254760742188e+01 2.702250957489013672e+00 -4.727099227905273438e+01 1.059617614746093750e+01 4.723095703125000000e+01 3.002698898315429688e+00 -4.586162948608398438e+01 1.088293743133544922e+01 3.894694137573242188e+01 2.437401294708251953e+00 -3.796148681640625000e+01 8.356354713439941406e+00 3.210252380371093750e+01 3.069570302963256836e+00 -3.136693763732910156e+01 6.104517936706542969e+00 2.564140701293945312e+01 3.950482606887817383e+00 -2.477895164489746094e+01 5.197534561157226562e+00 2.400501060485839844e+01 1.580645680427551270e+00 -2.336943244934082031e+01 5.254686355590820312e+00 2.242343330383300781e+01 1.596947908401489258e+00 -2.197701835632324219e+01 4.155806541442871094e+00 1.905499649047851562e+01 1.300028681755065918e+00 -1.797821426391601562e+01 6.177992820739746094e+00 1.741262054443359375e+01 2.005041837692260742e+00 -1.697691345214843750e+01 3.311130762100219727e+00 1.567864608764648438e+01 1.186324715614318848e+00 -1.526895236968994141e+01 3.357330799102783203e+00
2.519235229492187500e+02 -1.956117706298828125e+02 6.910581970214843750e+01 1.429190673828125000e+02 2.257619476318359375e+02 -1.747183837890625000e+02 6.222179412841796875e+01 1.287259826660156250e+02 1.689159698486328125e+02 -1.311525115966796875e+02 4.602667236328125000e+01 9.598516082763671875e+01 1.353715972900390625e+02 -1.049935073852539062e+02 3.725679397583007812e+01 7.690088653564453125e+01 1.179993209838867188e+02 -9.163253021240234375e+01 3.287707901000976562e+01 6.668131256103515625e+01 9.804716491699218750e+01 -7.582636260986328125e+01 2.711509895324707031e+01 5.593175506591796875e+01 7.911077117919921875e+01 -6.147212982177734375e+01 2.141146087646484375e+01 4.495820236206054688e+01 2.558132743835449219e+01 -1.715477752685546875e+01 8.674282073974609375e+00 1.687094688415527344e+01 1.870227432250976562e+01 -1.266264820098876953e+01 6.556032657623291016e+00 1.209160327911376953e+01 1.781613159179687500e+01 -1.322307109832763672e+01 5.036904335021972656e+00 1.082473945617675781e+01 1.649904632568359375e+01 -1.102242374420166016e+01 5.848438739776611328e+00 1.079357147216796875e+01 1.362767410278320312e+01 -1.067121410369873047e+01 3.689147710800170898e+00 7.629461765289306641e+00 1.313786697387695312e+01 -9.533923149108886719e+00 4.996773719787597656e+00 7.532602787017822266e+00 1.205606174468994141e+01 -7.840658187866210938e+00 4.620424747467041016e+00 7.891809940338134766e+00 1.020773410797119141e+01 -7.381099224090576172e+00 3.617618799209594727e+00 6.050646305084228516e+00 6.738449573516845703e+00 -4.808623790740966797e+00 2.368859529495239258e+00 4.083178520202636719e+00
1.749751892089843750e+02 -5.946860885620117188e+01 -1.561860961914062500e+02 -5.182363128662109375e+01 1.203088455200195312e+02 -4.305557632446289062e+01 -1.106174545288085938e+02 -1.957827949523925781e+01 8.101716613769531250e+01 -2.623723030090332031e+01 -7.271535491943359375e+01 -2.424553298950195312e+01 7.767816925048828125e+01 -2.672304534912109375e+01 -6.946480560302734375e+01 -2.223504638671875000e+01 6.529795074462890625e+01 -2.088105583190917969e+01 -5.947004318237304688e+01 -1.706216239929199219e+01 5.482181549072265625e+01 -2.027830886840820312e+01 -5.010244369506835938e+01 -9.162257194519042969e+00 4.985412979125976562e+01 -2.189909172058105469e+01 -4.456553649902343750e+01 -4.347741127014160156e+00 4.417621231079101562e+01 -1.656925392150878906e+01 -4.042491912841796875e+01 -6.475390434265136719e+00 3.762046051025390625e+01 -1.281099128723144531e+01 -3.381197738647460938e+01 -1.037745380401611328e+01 3.393762207031250000e+01 -1.269333362579345703e+01 -3.106826782226562500e+01 -5.038331985473632812e+00 2.959924125671386719e+01 -1.056639957427978516e+01 -2.732417678833007812e+01 -4.223285675048828125e+00 2.822793960571289062e+01 -1.263729190826416016e+01 -2.517455673217773438e+01 -1.832236289978027344e+00 2.627363586425781250e+01 -8.843256950378417969e+00 -2.366038894653320312e+01 -7.230959415435791016e+00 2.384415435791015625e+01 -7.753322601318359375e+00 -2.173332786560058594e+01 -6.007670879364013672e+00 2.204787635803222656e+01 -7.466457843780517578e+00 -1.967601966857910156e+01 -6.573817729949951172e+00 1.996724700927734375e+01 -6.484432220458984375e+00 -1.817650222778320312e+01 -5.124241828918457031e+00
1.544554443359375000e+03 -6.876099853515625000e+02 -1.430430145263671875e+02 1.375637817382812500e+03 4.881671752929687500e+02 -2.179208526611328125e+02 -4.476554870605468750e+01 4.345270080566406250e+02 3.617893981933593750e+02 -1.613524932861328125e+02 -3.419942474365234375e+01 3.220038146972656250e+02 2.554988861083984375e+02 -1.155866317749023438e+02 -2.374393653869628906e+01 2.266178283691406250e+02 1.785583953857421875e+02 -7.985218811035156250e+01 -1.701892089843750000e+01 1.587988128662109375e+02 9.623768615722656250e+01 -4.322625350952148438e+01 -8.992326736450195312e+00 8.551210784912109375e+01 7.553765869140625000e+01 -3.369247055053710938e+01 -7.397914886474609375e+00 6.720124053955078125e+01 3.024931526184082031e+01 -1.347013092041015625e+01 -2.912724971771240234e+00 2.692718505859375000e+01 3.072965812683105469e+01 -1.344105243682861328e+01 -2.870906829833984375e+00 2.748432350158691406e+01 2.327897071838378906e+01 -1.100700759887695312e+01 -2.689091682434082031e+00 2.033483314514160156e+01 2.189616012573242188e+01 -9.990997314453125000e+00 -1.879916191101074219e+00 1.939247703552246094e+01 6.857808113098144531e+00 -3.099216938018798828e+00 -6.528194546699523926e-01 6.082615852355957031e+00 5.286788940429687500e+00 -2.502027273178100586e+00 -5.009379982948303223e-01 4.630232810974121094e+00 3.568900823593139648e+00 -1.756596565246582031e+00 -2.611276805400848389e-01 3.095679759979248047e+00 2.379323244094848633e+00 -1.383283972740173340e+00 2.422225102782249451e-02 1.935747385025024414e+00 1.627297759056091309e+00 -6.237511634826660156e-01 -2.769779786467552185e-02 1.496281981468200684e+00
1.670163421630859375e+02 -3.619046401977539062e+01 1.446723175048828125e+02 -7.519727325439453125e+01 9.082218170166015625e+01 -1.996142578125000000e+01 7.851010894775390625e+01 -4.106525039672851562e+01 7.462608337402343750e+01 -1.667390251159667969e+01 6.459169006347656250e+01 -3.345065689086914062e+01 6.995159912109375000e+01 -1.576525688171386719e+01 6.035380935668945312e+01 -3.165567398071289062e+01 6.439232635498046875e+01 -1.409525680541992188e+01 5.569909286499023438e+01 -2.907003593444824219e+01 4.434930419921875000e+01 -1.010098838806152344e+01 3.833594512939453125e+01 -1.987928962707519531e+01 3.869961166381835938e+01 -8.429763793945312500e+00 3.362152862548828125e+01 -1.720964622497558594e+01 3.476080703735351562e+01 -7.621777057647705078e+00 3.011131095886230469e+01 -1.559768199920654297e+01 3.274564743041992188e+01 -6.530972480773925781e+00 2.885222625732421875e+01 -1.401031970977783203e+01 2.985884284973144531e+01 -5.928305149078369141e+00 2.608314895629882812e+01 -1.323627185821533203e+01 2.679141616821289062e+01 -6.549403190612792969e+00 2.298022460937500000e+01 -1.211588191986083984e+01 2.300734329223632812e+01 -5.078094482421875000e+00 2.008345031738281250e+01 -1.000933361053466797e+01 2.393543243408203125e+01 -2.252096682786941528e-01 2.003227615356445312e+01 -1.306360816955566406e+01 1.883758163452148438e+01 -4.199466228485107422e+00 1.626797294616699219e+01 -8.518918991088867188e+00 1.702786445617675781e+01 -3.296397447586059570e+00 1.508728122711181641e+01 -7.111250877380371094e+00 8.859065055847167969e+00 -1.796296358108520508e+00 7.582301139831542969e+00 -4.214861392974853516e+00
6.557492675781250000e+02 6.026400756835937500e+02 -2.584981689453125000e+02 3.278718709945678711e+00 1.812663574218750000e+02 1.661333007812500000e+02 -7.249169921875000000e+01 1.468122482299804688e+00 9.842963409423828125e+01 9.015084838867187500e+01 -3.950162124633789062e+01 9.060283303260803223e-01 8.492803955078125000e+01 8.099844360351562500e+01 -2.352342414855957031e+01 9.933372497558593750e+00 7.977527618408203125e+01 7.338400268554687500e+01 -3.127903938293457031e+01 5.179173350334167480e-01 2.341550445556640625e+01 2.153288269042968750e+01 -9.105101585388183594e+00 9.173207283020019531e-01 1.893959426879882812e+01 1.738254928588867188e+01 -7.508211612701416016e+00 4.034062922000885010e-01 1.467861747741699219e+01 1.348335742950439453e+01 -5.799209117889404297e+00 1.034713760018348694e-01 1.209255123138427734e+01 1.091246318817138672e+01 -5.207209587097167969e+00 1.813746541738510132e-01 1.047189903259277344e+01 9.389041900634765625e+00 -4.610144615173339844e+00 1.071226969361305237e-01 3.430527448654174805e+00 3.123603343963623047e+00 -1.410169482231140137e+00 6.174483522772789001e-02 2.943913698196411133e+00 2.942348241806030273e+00 -9.570802748203277588e-02 7.359768263995647430e-03 2.112915039062500000e+00 1.632163286209106445e+00 -9.289196133613586426e-01 2.324849516153335571e-01 1.396723031997680664e+00 1.293752670288085938e+00 -4.846968054771423340e-01 1.502761840820312500e-01 1.385581851005554199e+00 1.210645794868469238e+00 -2.522099018096923828e-01 -3.852102160453796387e-01 9.503160715103149414e-01 9.020969271659851074e-01 -2.619243860244750977e-01 -3.045109286904335022e-02
2.191201477050781250e+02 8.961954498291015625e+01 1.076430740356445312e+02 1.685079498291015625e+02 2.154205169677734375e+02 8.841821289062500000e+01 1.059694366455078125e+02 1.654046325683593750e+02 2.033676757812500000e+02 8.356049346923828125e+01 9.963974761962890625e+01 1.563584899902343750e+02 1.158080139160156250e+02 4.810036849975585938e+01 5.648974609375000000e+01 8.891996002197265625e+01 1.076421203613281250e+02 4.413313293457031250e+01 5.316342544555664062e+01 8.253933715820312500e+01 1.022557220458984375e+02 4.299948120117187500e+01 4.995817184448242188e+01 7.817569732666015625e+01 9.846891784667968750e+01 4.117874145507812500e+01 4.763211822509765625e+01 7.570746612548828125e+01 7.627605438232421875e+01 3.076121711730957031e+01 3.760072708129882812e+01 5.880238342285156250e+01 6.638974761962890625e+01 2.681377983093261719e+01 3.282712173461914062e+01 5.109774398803710938e+01 5.826806640625000000e+01 2.362785148620605469e+01 2.890100860595703125e+01 4.473951339721679688e+01 5.289892196655273438e+01 2.118001174926757812e+01 2.603951644897460938e+01 4.088577270507812500e+01 4.879758453369140625e+01 1.996430206298828125e+01 2.408257293701171875e+01 3.745185470581054688e+01 4.828417587280273438e+01 1.985124397277832031e+01 2.337525939941406250e+01 3.729433441162109375e+01 4.568265914916992188e+01 1.917752647399902344e+01 2.218295478820800781e+01 3.502919387817382812e+01 3.935862350463867188e+01 1.603953933715820312e+01 1.951933288574218750e+01 3.017995834350585938e+01 2.468532943725585938e+01 1.013706207275390625e+01 1.233630657196044922e+01 1.882607078552246094e+01
2.510092620849609375e+02 -1.196381912231445312e+02 8.206867218017578125e+01 2.048321380615234375e+02 1.874441070556640625e+02 -8.891622161865234375e+01 6.132957458496093750e+01 1.531895141601562500e+02 1.690739593505859375e+02 -7.819379425048828125e+01 5.556552124023437500e+01 1.392271881103515625e+02 1.134213562011718750e+02 -5.205332565307617188e+01 3.738305664062500000e+01 9.358078002929687500e+01 1.065490798950195312e+02 -4.880136108398437500e+01 3.511217880249023438e+01 8.796731567382812500e+01 1.032838973999023438e+02 -4.896857452392578125e+01 3.406538391113281250e+01 8.431590270996093750e+01 9.639183807373046875e+01 -4.369450378417968750e+01 3.148819351196289062e+01 7.994154357910156250e+01 9.318416595458984375e+01 -4.417343902587890625e+01 2.997541046142578125e+01 7.637703704833984375e+01 5.710482406616210938e+01 -2.707925033569335938e+01 1.799977302551269531e+01 4.694320297241210938e+01 4.485974502563476562e+01 -2.034472465515136719e+01 1.476576232910156250e+01 3.715456008911132812e+01 3.927412796020507812e+01 -1.812054061889648438e+01 1.326330184936523438e+01 3.222062683105468750e+01 3.531938552856445312e+01 -1.658776855468750000e+01 1.169373512268066406e+01 2.890575027465820312e+01 3.040969085693359375e+01 -1.424270629882812500e+01 1.389084243774414062e+01 2.299867630004882812e+01 3.464348220825195312e+01 -1.597286891937255859e+01 1.159276485443115234e+01 2.847184944152832031e+01 2.232662582397460938e+01 -1.250838756561279297e+01 6.840119838714599609e+00 1.718172836303710938e+01 2.306629943847656250e+01 -1.203964614868164062e+01 5.787449359893798828e+00 1.880390739440917969e+01
2.574979553222656250e+02 -2.316134338378906250e+02 -1.275805950164794922e+01 -1.117928848266601562e+02 1.955733184814453125e+02 -1.665643005371093750e+02 -1.419938278198242188e+01 -1.015068206787109375e+02 1.099835052490234375e+02 -9.387142944335937500e+01 -7.580525875091552734e+00 -5.680706787109375000e+01 9.362232971191406250e+01 -7.963721466064453125e+01 -6.185206413269042969e+00 -4.883417129516601562e+01 4.757202529907226562e+01 -4.275201416015625000e+01 -2.849287748336791992e+00 -2.066940116882324219e+01 3.283362197875976562e+01 -2.956830978393554688e+01 -2.188919544219970703e+00 -1.409706401824951172e+01 3.429999160766601562e+01 -2.908786201477050781e+01 -2.433990240097045898e+00 -1.801227378845214844e+01 3.154508018493652344e+01 -2.855278587341308594e+01 -1.506112098693847656e+00 -1.332451057434082031e+01 3.097645378112792969e+01 -2.635795211791992188e+01 -2.512849807739257812e+00 -1.607745552062988281e+01 2.379282760620117188e+01 -1.887457656860351562e+01 -2.516912221908569336e+00 -1.426583766937255859e+01 2.136882209777832031e+01 -1.883522605895996094e+01 -2.768424987792968750e+00 -9.660486221313476562e+00 2.093448829650878906e+01 -1.768385696411132812e+01 -1.819899797439575195e+00 -1.105540180206298828e+01 1.705471038818359375e+01 -1.524037551879882812e+01 -1.155173182487487793e+00 -7.550704956054687500e+00 1.751481437683105469e+01 -1.490367603302001953e+01 -6.848447322845458984e-01 -9.173923492431640625e+00 1.610341453552246094e+01 -1.411448669433593750e+01 -2.409927606582641602e+00 -7.307373523712158203e+00 1.752066040039062500e+01 -1.415806198120117188e+01 -2.104673385620117188e+00 -1.010411739349365234e+01
4.284183502197265625e+01 3.393364334106445312e+01 -4.668549537658691406e+00 2.573162078857421875e+01 4.138043975830078125e+01 2.988325881958007812e+01 -8.434843063354492188e+00 2.735262107849121094e+01 3.949038696289062500e+01 2.838931655883789062e+01 -7.921250820159912109e+00 2.628253936767578125e+01 4.021003723144531250e+01 2.884391212463378906e+01 -2.710454463958740234e+00 2.788386154174804688e+01 3.254747390747070312e+01 2.567756271362304688e+01 -3.158346891403198242e+00 1.974857139587402344e+01 3.500780868530273438e+01 2.512869834899902344e+01 -4.705018043518066406e+00 2.391564178466796875e+01 3.405081939697265625e+01 2.474735260009765625e+01 -6.222185134887695312e+00 2.254032516479492188e+01 3.609112930297851562e+01 2.538111305236816406e+01 -2.453040122985839844e+00 2.554077720642089844e+01 3.429911804199218750e+01 2.453507995605468750e+01 -6.797488212585449219e+00 2.298332977294921875e+01 3.473295974731445312e+01 2.460592842102050781e+01 -6.352717876434326172e+00 2.367595100402832031e+01 3.457576370239257812e+01 2.445282936096191406e+01 -1.947818994522094727e+00 2.436655616760253906e+01 3.256815719604492188e+01 2.331271743774414062e+01 -5.646254539489746094e+00 2.203002166748046875e+01 3.244880676269531250e+01 2.303269767761230469e+01 -6.298669338226318359e+00 2.197105598449707031e+01 2.751096916198730469e+01 1.995009231567382812e+01 -5.149982929229736328e+00 1.822978210449218750e+01 2.708752250671386719e+01 1.931070899963378906e+01 -5.976583003997802734e+00 1.803026390075683594e+01 2.383746719360351562e+01 1.900939559936523438e+01 -2.697492361068725586e+00 1.412698841094970703e+01
4.403090515136718750e+02 1.564541816711425781e+00 3.127447509765625000e+02 3.099360046386718750e+02 2.919278259277343750e+02 2.530797719955444336e+00 2.082383422851562500e+02 2.045781555175781250e+02 1.376648406982421875e+02 1.011696100234985352e+00 9.809609222412109375e+01 9.658014678955078125e+01 6.316688919067382812e+01 5.958157181739807129e-01 4.482679367065429688e+01 4.449987792968750000e+01 6.074447631835937500e+01 -8.316376686096191406e+00 3.997340774536132812e+01 4.497595214843750000e+01 4.996549606323242188e+01 3.924396038055419922e-01 3.584869003295898438e+01 3.479978561401367188e+01 4.721413803100585938e+01 6.893910765647888184e-01 3.364239501953125000e+01 3.311901092529296875e+01 3.683803939819335938e+01 4.977785646915435791e-01 2.629362106323242188e+01 2.579572296142578125e+01 4.003544616699218750e+01 -5.118981361389160156e+00 2.575238227844238281e+01 3.022297096252441406e+01 1.911802864074707031e+01 -2.301886796951293945e+00 1.282524871826171875e+01 1.398975753784179688e+01 1.610429000854492188e+01 3.207748234272003174e-01 1.165568828582763672e+01 1.110811328887939453e+01 1.727518463134765625e+01 -2.684478759765625000e+00 1.133138561248779297e+01 1.276029968261718750e+01 1.539979553222656250e+01 -1.833302527666091919e-01 1.079087924957275391e+01 1.098443317413330078e+01 1.430861568450927734e+01 -1.738461136817932129e+00 9.414939880371093750e+00 1.063358592987060547e+01 1.390826606750488281e+01 -1.963464021682739258e+00 9.289546966552734375e+00 1.016216659545898438e+01 1.333759593963623047e+01 4.383797943592071533e-01 9.393793106079101562e+00 9.444863319396972656e+00
3.840111083984375000e+02 -1.504717407226562500e+02 8.471373748779296875e+01 3.429961853027343750e+02 3.253377075195312500e+02 -1.274996566772460938e+02 7.135370635986328125e+01 2.906834716796875000e+02 2.597196960449218750e+02 -6.654164886474609375e+01 8.172418212890625000e+01 2.373766326904296875e+02 2.189285125732421875e+02 -8.509191131591796875e+01 4.818641662597656250e+01 1.958752899169921875e+02 1.405733337402343750e+02 -6.046905517578125000e+01 4.192171096801757812e+01 1.197785720825195312e+02 1.224137191772460938e+02 -4.783116149902343750e+01 2.724437522888183594e+01 1.093391189575195312e+02 7.089936065673828125e+01 -2.765749549865722656e+01 1.557082939147949219e+01 6.339820098876953125e+01 5.990512847900390625e+01 -2.552572631835937500e+01 1.786041259765625000e+01 5.116686248779296875e+01 5.806681442260742188e+01 -2.495499420166015625e+01 1.717560768127441406e+01 4.953788375854492188e+01 6.368352508544921875e+01 -2.528988838195800781e+01 1.423789596557617188e+01 5.668593597412109375e+01 5.374816131591796875e+01 -2.292111587524414062e+01 1.594532966613769531e+01 4.592639541625976562e+01 3.995885086059570312e+01 -1.750460624694824219e+01 1.163881206512451172e+01 3.398259353637695312e+01 3.772082138061523438e+01 -1.637063789367675781e+01 1.096947479248046875e+01 3.216385269165039062e+01 3.495832061767578125e+01 -1.355957317352294922e+01 7.813557624816894531e+00 3.125972366333007812e+01 3.673919677734375000e+01 -9.789592742919921875e+00 1.166450881958007812e+01 3.343429183959960938e+01 3.205081558227539062e+01 -1.256943702697753906e+01 6.227084159851074219e+00 2.881782913208007812e+01
2.896913146972656250e+02 -8.339649200439453125e+01 1.944233703613281250e+02 1.979030914306640625e+02 1.858820037841796875e+02 -5.275767898559570312e+01 1.246554107666015625e+02 1.273960418701171875e+02 8.332850646972656250e+01 -4.018351745605468750e+01 5.421662902832031250e+01 4.888233566284179688e+01 9.280746459960937500e+01 -2.662808799743652344e+01 6.169686126708984375e+01 6.400606536865234375e+01 8.291876220703125000e+01 -2.370298957824707031e+01 5.575282287597656250e+01 5.661529541015625000e+01 5.120066833496093750e+01 -2.452354621887207031e+01 3.343615722656250000e+01 3.003543853759765625e+01 4.688187789916992188e+01 -6.853897571563720703e+00 3.514550018310546875e+01 3.026100349426269531e+01 3.948344039916992188e+01 -1.136369323730468750e+01 2.663772964477539062e+01 2.683693313598632812e+01 3.394730377197265625e+01 -1.638376617431640625e+01 2.187578582763671875e+01 2.013558006286621094e+01 2.794733047485351562e+01 -1.402107048034667969e+01 1.791809844970703125e+01 1.622913932800292969e+01 2.732474136352539062e+01 -1.270143413543701172e+01 1.765503501892089844e+01 1.654072570800781250e+01 2.353061103820800781e+01 -1.125884342193603516e+01 1.511773872375488281e+01 1.408411026000976562e+01 2.209776496887207031e+01 -1.090310192108154297e+01 1.418094253540039062e+01 1.297362899780273438e+01 1.967413902282714844e+01 -9.131293296813964844e+00 1.272639369964599609e+01 1.190424919128417969e+01 1.878641891479492188e+01 -7.802316188812255859e+00 1.313310241699218750e+01 1.092395114898681641e+01 1.695216178894042969e+01 -7.829211711883544922e+00 1.137531375885009766e+01 9.832674026489257812e+00
2.310016326904296875e+02 1.807139129638671875e+02 -1.277385635375976562e+02 -6.623516082763671875e+01 1.352465209960937500e+02 9.912465667724609375e+01 -7.980541229248046875e+01 -4.579322814941406250e+01 1.015682830810546875e+02 6.994652557373046875e+01 -6.077631378173828125e+01 -4.159133911132812500e+01 9.004728698730468750e+01 7.096679687500000000e+01 -4.936883544921875000e+01 -2.519812965393066406e+01 8.039389801025390625e+01 5.481072616577148438e+01 -4.825574493408203125e+01 -3.362033081054687500e+01 4.008308410644531250e+01 3.126601600646972656e+01 -2.210054397583007812e+01 -1.185984802246093750e+01 3.662517166137695312e+01 2.454915237426757812e+01 -2.209673690795898438e+01 -1.582645416259765625e+01 2.887605667114257812e+01 2.259785461425781250e+01 -1.605833244323730469e+01 -8.080450057983398438e+00 2.948709106445312500e+01 2.015777778625488281e+01 -1.760369873046875000e+01 -1.237991428375244141e+01 2.821766853332519531e+01 1.934615707397460938e+01 -1.674171829223632812e+01 -1.190204048156738281e+01 2.228382682800292969e+01 1.743488693237304688e+01 -1.253436183929443359e+01 -5.936373710632324219e+00 2.231682586669921875e+01 1.629183006286621094e+01 -1.325580883026123047e+01 -7.541935443878173828e+00 2.092086601257324219e+01 1.446598339080810547e+01 -1.256944656372070312e+01 -8.392076492309570312e+00 1.847325515747070312e+01 1.447525501251220703e+01 -1.038727951049804688e+01 -4.879874706268310547e+00 1.628239631652832031e+01 1.265565395355224609e+01 -8.921258926391601562e+00 -5.011835098266601562e+00 1.079421997070312500e+01 8.607853889465332031e+00 -5.744055271148681641e+00 -3.066987276077270508e+00
1.542224578857421875e+02 1.027463302612304688e+02 1.138468780517578125e+02 -1.630403518676757812e+01 1.440821838378906250e+02 9.541763305664062500e+01 1.068871994018554688e+02 -1.514668846130371094e+01 1.074369506835937500e+02 7.141926574707031250e+01 7.956761169433593750e+01 -1.053396987915039062e+01 4.970613098144531250e+01 3.352816772460937500e+01 3.632521438598632812e+01 -5.200047492980957031e+00 4.293113708496093750e+01 2.849449348449707031e+01 3.182240676879882812e+01 -4.296613693237304688e+00 4.256621170043945312e+01 2.032607460021972656e+01 3.674624252319335938e+01 -6.960374355316162109e+00 4.136730194091796875e+01 2.760856056213378906e+01 3.048298072814941406e+01 -4.448494911193847656e+00 2.522341156005859375e+01 1.660397338867187500e+01 1.875752639770507812e+01 -2.943538188934326172e+00 2.317411041259765625e+01 1.521029758453369141e+01 1.733974456787109375e+01 -2.187350273132324219e+00 2.306428909301757812e+01 1.518564510345458984e+01 1.721431350708007812e+01 -2.241669416427612305e+00 2.259149742126464844e+01 1.505618953704833984e+01 1.672719955444335938e+01 -1.971726536750793457e+00 2.125078582763671875e+01 1.363278865814208984e+01 1.620687675476074219e+01 -1.749470353126525879e+00 2.124381065368652344e+01 1.459995841979980469e+01 1.526144790649414062e+01 -2.282554864883422852e+00 1.942366790771484375e+01 1.318739128112792969e+01 1.411836147308349609e+01 -1.775435924530029297e+00 1.747074699401855469e+01 1.085775279998779297e+01 1.339701747894287109e+01 -2.799418449401855469e+00 1.641413116455078125e+01 1.097855949401855469e+01 1.207498455047607422e+01 -1.757753372192382812e+00
2.220522308349609375e+02 8.770258331298828125e+01 -1.678968811035156250e+02 -1.158674774169921875e+02 6.777410125732421875e+01 3.174122619628906250e+01 -5.227777862548828125e+01 -2.918881034851074219e+01 6.409050750732421875e+01 3.034062576293945312e+01 -4.923126220703125000e+01 -2.761236000061035156e+01 6.019752502441406250e+01 2.830811691284179688e+01 -4.643714523315429688e+01 -2.580630683898925781e+01 5.865738677978515625e+01 2.302229309082031250e+01 -4.446651840209960938e+01 -3.055146598815917969e+01 5.436332702636718750e+01 2.167372703552246094e+01 -4.110343170166015625e+01 -2.821575355529785156e+01 5.067956924438476562e+01 2.015096092224121094e+01 -3.834912109375000000e+01 -2.629985427856445312e+01 4.569532394409179688e+01 2.159205436706542969e+01 -3.530280685424804688e+01 -1.937881088256835938e+01 4.095940399169921875e+01 1.578376197814941406e+01 -3.120514488220214844e+01 -2.132521820068359375e+01 2.747571754455566406e+01 1.207354545593261719e+01 -2.119672584533691406e+01 -1.264291763305664062e+01 2.179007530212402344e+01 9.721541404724121094e+00 -1.681975936889648438e+01 -9.867853164672851562e+00 1.872113037109375000e+01 8.343257904052734375e+00 -1.399839401245117188e+01 -9.213935852050781250e+00 1.696675300598144531e+01 8.125190734863281250e+00 -1.298113155364990234e+01 -7.302247524261474609e+00 1.299441719055175781e+01 5.365260601043701172e+00 -9.642501831054687500e+00 -6.862288951873779297e+00 1.078784847259521484e+01 4.794300556182861328e+00 -6.782576084136962891e+00 -6.883967876434326172e+00 9.215980529785156250e+00 4.090312004089355469e+00 -6.764867782592773438e+00 -4.735064983367919922e+00
5.040048217773437500e+01 -2.505125236511230469e+01 -4.267474365234375000e+01 9.565033912658691406e+00 4.931884765625000000e+01 -2.498501777648925781e+01 -4.142021942138671875e+01 9.615771293640136719e+00 4.262886810302734375e+01 -2.137351036071777344e+01 -3.577372360229492188e+01 8.978590011596679688e+00 3.565141677856445312e+01 -2.117251777648925781e+01 -2.861601257324218750e+01 1.727486133575439453e+00 3.796087646484375000e+01 -2.115964889526367188e+01 -2.810580062866210938e+01 1.426048469543457031e+01 3.634666824340820312e+01 -1.864833068847656250e+01 -2.746203422546386719e+01 1.480357837677001953e+01 3.220238876342773438e+01 -1.987837982177734375e+01 -2.525062179565429688e+01 2.056748390197753906e+00 3.245951080322265625e+01 -1.771425819396972656e+01 -2.385720443725585938e+01 1.306289100646972656e+01 2.890120887756347656e+01 -1.453378486633300781e+01 -2.436894607543945312e+01 5.495765209197998047e+00 2.796647453308105469e+01 -1.652504920959472656e+01 -2.253076744079589844e+01 1.187860131263732910e+00 3.020205497741699219e+01 -1.589114379882812500e+01 -2.250986480712890625e+01 1.235698986053466797e+01 2.602621269226074219e+01 -1.548694515228271484e+01 -2.083656883239746094e+01 1.826538801193237305e+00 2.757663536071777344e+01 -1.557490634918212891e+01 -2.026261711120605469e+01 1.035951232910156250e+01 2.407585334777832031e+01 -1.443532371520996094e+01 -1.914241409301757812e+01 2.142400503158569336e+00 2.606930732727050781e+01 -1.353309822082519531e+01 -1.955773544311523438e+01 1.067515659332275391e+01 2.147581481933593750e+01 -1.127462100982666016e+01 -1.618577003479003906e+01 8.490891456604003906e+00
2.104981079101562500e+02 -2.941837882995605469e+01 -2.049399566650390625e+02 -3.799501419067382812e+01 9.767160797119140625e+01 -1.295341682434082031e+01 -9.531873321533203125e+01 -1.692015647888183594e+01 9.682862091064453125e+01 -1.304868125915527344e+01 -9.425216674804687500e+01 -1.794555854797363281e+01 9.517586517333984375e+01 -1.284912681579589844e+01 -9.281076049804687500e+01 -1.671850395202636719e+01 9.054341888427734375e+01 -1.223432064056396484e+01 -8.836993408203125000e+01 -1.546564292907714844e+01 7.270777893066406250e+01 -1.014253520965576172e+01 -7.065688323974609375e+01 -1.382588863372802734e+01 6.939072418212890625e+01 -9.996598243713378906e+00 -6.741831970214843750e+01 -1.303423213958740234e+01 6.222762680053710938e+01 -8.377963066101074219e+00 -6.051501464843750000e+01 -1.183301544189453125e+01 3.573091888427734375e+01 -4.355408668518066406e+00 -3.497977447509765625e+01 -5.841695785522460938e+00 3.302010345458984375e+01 -4.662692546844482422e+00 -3.219951629638671875e+01 -5.635422706604003906e+00 2.988104629516601562e+01 -4.169353961944580078e+00 -2.912344360351562500e+01 -5.224863052368164062e+00 2.550982666015625000e+01 -3.108410358428955078e+00 -2.490380096435546875e+01 -4.568382263183593750e+00 1.840172958374023438e+01 -2.488554954528808594e+00 -1.797512626647949219e+01 -3.053783893585205078e+00 1.674224853515625000e+01 -2.094951152801513672e+00 -1.633345222473144531e+01 -3.021984338760375977e+00 1.586762809753417969e+01 -2.175396680831909180e+00 -1.550170707702636719e+01 -2.593550205230712891e+00 1.267419910430908203e+01 -1.787149071693420410e+00 -1.234061813354492188e+01 -2.265176534652709961e+00
5.384231567382812500e+02 -4.252056503295898438e+01 -4.460089416503906250e+02 -2.986093444824218750e+02 2.519973602294921875e+02 -1.840271759033203125e+01 -2.086811218261718750e+02 -1.400577697753906250e+02 7.882321166992187500e+01 -5.978176593780517578e+00 -6.537373352050781250e+01 -4.361991500854492188e+01 6.821503448486328125e+01 -5.005529880523681641e+00 -5.635429000854492188e+01 -3.811050033569335938e+01 6.308699417114257812e+01 -4.310134887695312500e+00 -5.209887313842773438e+01 -3.531428527832031250e+01 5.874858474731445312e+01 -4.306301593780517578e+00 -4.866601943969726562e+01 -3.262593841552734375e+01 4.059698104858398438e+01 -2.781355857849121094e+00 -3.361971664428710938e+01 -2.258525276184082031e+01 3.253834152221679688e+01 -2.523775815963745117e+00 -2.682032394409179688e+01 -1.824898147583007812e+01 2.348914527893066406e+01 4.184308528900146484e+00 -2.099776458740234375e+01 -9.648104667663574219e+00 2.322178649902343750e+01 -1.038897991180419922e+00 -1.886039924621582031e+01 -1.350767803192138672e+01 1.082618331909179688e+01 -1.173570632934570312e+00 -9.157392501831054688e+00 -5.652565002441406250e+00 9.842199325561523438e+00 1.616143703460693359e+00 -8.892325401306152344e+00 -3.894130945205688477e+00 9.392753601074218750e+00 1.939883828163146973e+00 -8.188396453857421875e+00 -4.172629356384277344e+00 8.378566741943359375e+00 1.306687116622924805e+00 -6.720889568328857422e+00 -4.827340126037597656e+00 7.018528461456298828e+00 1.003979325294494629e+00 -6.120696544647216797e+00 -3.284636259078979492e+00 6.097211837768554688e+00 -2.018524259328842163e-01 -4.928631782531738281e+00 -3.550002336502075195e+00
3.389707946777343750e+02 2.464698944091796875e+02 -9.993101501464843750e+01 -2.101608276367187500e+02 3.020267333984375000e+02 2.001176757812500000e+02 -1.248464813232421875e+02 -1.886436157226562500e+02 1.739221191406250000e+02 1.147686996459960938e+02 -7.220616149902343750e+01 -1.089187622070312500e+02 1.600059356689453125e+02 1.058631896972656250e+02 -6.617871856689453125e+01 -1.000761718750000000e+02 1.076450195312500000e+02 7.110079193115234375e+01 -4.435731887817382812e+01 -6.756150054931640625e+01 5.223555374145507812e+01 3.456190872192382812e+01 -2.151765060424804688e+01 -3.272611618041992188e+01 2.666683769226074219e+01 1.755856704711914062e+01 -1.107658767700195312e+01 -1.673696899414062500e+01 2.116532325744628906e+01 1.402345371246337891e+01 -8.846508979797363281e+00 -1.315495681762695312e+01 2.083894920349121094e+01 1.369513702392578125e+01 -8.883422851562500000e+00 -1.295262432098388672e+01 1.991473197937011719e+01 1.348966217041015625e+01 -8.341380119323730469e+00 -1.204271507263183594e+01 1.723735427856445312e+01 1.127704334259033203e+01 -6.957229137420654297e+00 -1.102504730224609375e+01 1.364023303985595703e+01 9.789983749389648438e+00 -4.792423248291015625e+00 -8.200296401977539062e+00 1.187713527679443359e+01 8.709332466125488281e+00 -4.049446105957031250e+00 -6.986834526062011719e+00 9.697772979736328125e+00 6.878105163574218750e+00 -3.352321386337280273e+00 -5.956619739532470703e+00 8.304594993591308594e+00 5.668892383575439453e+00 -3.520992040634155273e+00 -4.940919876098632812e+00 7.048393249511718750e+00 5.213502883911132812e+00 -2.541645288467407227e+00 -4.002542018890380859e+00
5.985568237304687500e+02 1.219781723022460938e+02 2.766948547363281250e+02 -5.165573730468750000e+02 3.054564514160156250e+02 6.246613311767578125e+01 1.407431182861328125e+02 -2.638048706054687500e+02 2.496724243164062500e+02 5.090566253662109375e+01 1.151931838989257812e+02 -2.155816345214843750e+02 2.294091339111328125e+02 4.705970764160156250e+01 1.058179702758789062e+02 -1.980314941406250000e+02 1.473215789794921875e+02 3.010538864135742188e+01 7.018509674072265625e+01 -1.259816131591796875e+02 1.367429504394531250e+02 2.798404502868652344e+01 6.521574401855468750e+01 -1.168863296508789062e+02 1.285242309570312500e+02 2.574209213256835938e+01 5.839327239990234375e+01 -1.115618591308593750e+02 9.434195709228515625e+01 1.937644767761230469e+01 4.365728378295898438e+01 -8.135723876953125000e+01 8.654032135009765625e+01 1.660601425170898438e+01 3.952997970581054688e+01 -7.517212677001953125e+01 7.282536315917968750e+01 1.391070556640625000e+01 3.335461044311523438e+01 -6.322386169433593750e+01 6.791732025146484375e+01 1.293314361572265625e+01 3.122336959838867188e+01 -5.891177368164062500e+01 5.653202438354492188e+01 1.158133697509765625e+01 2.592502593994140625e+01 -4.888369750976562500e+01 4.227610015869140625e+01 8.670433044433593750e+00 2.026371955871582031e+01 -3.607567596435546875e+01 3.922762298583984375e+01 7.560034275054931641e+00 1.799637222290039062e+01 -3.402621078491210938e+01 2.633985710144042969e+01 5.530182361602783203e+00 1.228598785400390625e+01 -2.263273429870605469e+01 2.259419059753417969e+01 4.719917774200439453e+00 1.121455097198486328e+01 -1.903770446777343750e+01
5.329786376953125000e+02 -2.239000549316406250e+02 4.815521240234375000e+02 -4.519439315795898438e+01 1.526884918212890625e+02 -6.381953430175781250e+01 1.380859985351562500e+02 -1.315594768524169922e+01 1.108492736816406250e+02 -4.585746002197265625e+01 1.004459381103515625e+02 -9.712437629699707031e+00 4.728706359863281250e+01 -2.010119438171386719e+01 4.266144943237304688e+01 -3.462545633316040039e+00 3.562922668457031250e+01 -1.492190170288085938e+01 3.225482559204101562e+01 -2.350988626480102539e+00 3.287390136718750000e+01 -1.348387241363525391e+01 2.978077316284179688e+01 -3.458913564682006836e+00 3.146621322631835938e+01 -1.326963615417480469e+01 2.835682868957519531e+01 -3.148070096969604492e+00 2.035406875610351562e+01 -1.336691951751708984e+01 1.499210834503173828e+01 -3.257147073745727539e+00 1.818482398986816406e+01 -1.183679199218750000e+01 1.366554450988769531e+01 -1.952422618865966797e+00 1.290744590759277344e+01 -8.710140228271484375e+00 9.295837402343750000e+00 -2.079190731048583984e+00 1.186050415039062500e+01 -4.929999351501464844e+00 1.077812004089355469e+01 -4.235774874687194824e-01 1.081881809234619141e+01 -6.353089332580566406e+00 8.574313163757324219e+00 -1.773801684379577637e+00 9.020500183105468750e+00 -4.320705890655517578e+00 7.811135292053222656e+00 -1.298882246017456055e+00 8.265845298767089844e+00 -5.145930767059326172e+00 6.198864459991455078e+00 -1.848695516586303711e+00 5.110730648040771484e+00 -2.061347723007202148e+00 4.675952911376953125e+00 -7.665520906448364258e-02 3.161069631576538086e+00 -1.394199728965759277e+00 2.830130338668823242e+00 -1.973100155591964722e-01
5.116380920410156250e+02 3.001185607910156250e+02 -1.861922454833984375e+02 -3.701821594238281250e+02 3.655165405273437500e+02 2.135730895996093750e+02 -1.317612152099609375e+02 -2.657590026855468750e+02 2.473315582275390625e+02 1.449860229492187500e+02 -9.003529357910156250e+01 -1.790128021240234375e+02 9.082595062255859375e+01 5.384227752685546875e+01 -3.321731567382812500e+01 -6.516880035400390625e+01 6.503253173828125000e+01 3.850954818725585938e+01 -2.322926712036132812e+01 -4.697494888305664062e+01 5.179595565795898438e+01 3.075075721740722656e+01 -1.839062500000000000e+01 -3.740290451049804688e+01 5.009155273437500000e+01 2.921730804443359375e+01 -1.791038131713867188e+01 -3.653369140625000000e+01 4.047522735595703125e+01 2.369272232055664062e+01 -1.413047504425048828e+01 -2.961804389953613281e+01 3.657814788818359375e+01 2.133351135253906250e+01 -1.353381061553955078e+01 -2.645105934143066406e+01 3.678536605834960938e+01 2.161161613464355469e+01 -1.288929176330566406e+01 -2.683221054077148438e+01 2.140240669250488281e+01 1.276909923553466797e+01 -7.566625118255615234e+00 -1.541881084442138672e+01 1.068330001831054688e+01 7.853967666625976562e+00 -4.216033935546875000e+00 -5.886731147766113281e+00 5.855137825012207031e+00 3.472627401351928711e+00 -2.166451930999755859e+00 -4.186882495880126953e+00 3.334376096725463867e+00 2.417894601821899414e+00 -1.524685502052307129e+00 -1.711180329322814941e+00 3.169749498367309570e+00 2.300232887268066406e+00 -1.205561876296997070e+00 -1.817377567291259766e+00 3.836556196212768555e+00 2.369042158126831055e+00 -1.037298917770385742e+00 -2.833868980407714844e+00
4.795987854003906250e+02 2.854225158691406250e+00 -3.803534545898437500e+02 -2.921268310546875000e+02 1.396543426513671875e+02 3.655360221862792969e+00 -1.123759536743164062e+02 -8.283489227294921875e+01 8.740976715087890625e+01 2.213215827941894531e+00 -6.985533905029296875e+01 -5.249552536010742188e+01 6.508934020996093750e+01 3.902820348739624023e-01 -5.167495727539062500e+01 -3.957459640502929688e+01 6.253272247314453125e+01 8.814444541931152344e-01 -5.033723068237304688e+01 -3.709080123901367188e+01 4.741507720947265625e+01 8.490335345268249512e-01 -3.770918655395507812e+01 -2.873126983642578125e+01 4.298210525512695312e+01 9.635881185531616211e-01 -3.474633789062500000e+01 -2.528250122070312500e+01 3.834351730346679688e+01 9.103751778602600098e-01 -3.054261970520019531e+01 -2.316300773620605469e+01 3.048101615905761719e+01 1.004727259278297424e-01 -2.452998924255371094e+01 -1.809260368347167969e+01 3.122378730773925781e+01 5.799804687500000000e+00 -2.201178741455078125e+01 -2.137213897705078125e+01 2.570113372802734375e+01 -1.538837254047393799e-01 -2.050657844543457031e+01 -1.549209213256835938e+01 2.779006767272949219e+01 4.914457321166992188e+00 -1.988070487976074219e+01 -1.877885627746582031e+01 2.013075065612792969e+01 2.026902735233306885e-01 -1.620595359802246094e+01 -1.194039916992187500e+01 1.978610992431640625e+01 5.054876208305358887e-01 -1.554009819030761719e+01 -1.223682785034179688e+01 1.759272003173828125e+01 3.629521131515502930e-01 -1.396963405609130859e+01 -1.068656635284423828e+01 1.627711868286132812e+01 2.941049039363861084e-01 -1.306244754791259766e+01 -9.707243919372558594e+00
4.205914611816406250e+02 4.408950042724609375e+01 4.181420593261718750e+02 1.051259708404541016e+01 7.457852172851562500e+01 8.114995956420898438e+00 7.410626983642578125e+01 2.084338665008544922e+00 5.685409545898437500e+01 6.666674137115478516e+00 5.644739151000976562e+01 1.279001355171203613e+00 3.660733032226562500e+01 7.320590972900390625e+00 3.569997024536132812e+01 3.463785171508789062e+00 3.349552917480468750e+01 3.428491115570068359e+00 3.331444549560546875e+01 5.861119031906127930e-01 2.795312118530273438e+01 7.538468837738037109e-01 2.794248580932617188e+01 -8.365295082330703735e-02 2.530294036865234375e+01 5.613881111145019531e+00 2.451202774047851562e+01 2.649234294891357422e+00 2.511525726318359375e+01 3.070392370223999023e+00 2.492615890502929688e+01 1.883608996868133545e-01 2.469876480102539062e+01 2.773104190826416016e+00 2.453319740295410156e+01 6.790448427200317383e-01 2.151137351989746094e+01 2.094774246215820312e+00 2.140582656860351562e+01 3.764106035232543945e-01 2.111525344848632812e+01 9.128148555755615234e-01 2.108910179138183594e+01 1.303467750549316406e-01 2.054257011413574219e+01 1.909725427627563477e+00 2.045232582092285156e+01 1.811601966619491577e-01 1.940368843078613281e+01 2.371607542037963867e+00 1.925326156616210938e+01 4.365093410015106201e-01 1.934040832519531250e+01 2.089033842086791992e+00 1.921355247497558594e+01 7.122478485107421875e-01 1.278062057495117188e+01 1.070028424263000488e+00 1.273372936248779297e+01 1.803133040666580200e-01 1.143151760101318359e+01 1.785022974014282227e+00 1.128363132476806641e+01 3.917499482631683350e-01
3.552543945312500000e+02 6.970569610595703125e+01 1.678431854248046875e+02 -3.052465515136718750e+02 3.007007751464843750e+02 5.920468521118164062e+01 1.415955657958984375e+02 -2.585854492187500000e+02 2.544316406250000000e+02 4.954265213012695312e+01 1.200335159301757812e+02 -2.187988128662109375e+02 1.520453796386718750e+02 2.958560180664062500e+01 7.142596435546875000e+01 -1.309229583740234375e+02 1.372652130126953125e+02 2.689770126342773438e+01 6.504193878173828125e+01 -1.178464126586914062e+02 1.231289291381835938e+02 2.408247947692871094e+01 5.800160980224609375e+01 -1.059082641601562500e+02 1.118732147216796875e+02 2.255702209472656250e+01 5.284780502319335938e+01 -9.598899841308593750e+01 5.211348342895507812e+01 9.893818855285644531e+00 2.439317321777343750e+01 -4.497645950317382812e+01 4.519777679443359375e+01 8.939245223999023438e+00 2.127953147888183594e+01 -3.886013793945312500e+01 4.237589263916015625e+01 7.739227771759033203e+00 1.974586677551269531e+01 -3.668652725219726562e+01 3.573193359375000000e+01 7.437031745910644531e+00 1.736133193969726562e+01 -3.033194160461425781e+01 3.287172317504882812e+01 6.368812084197998047e+00 1.537567234039306641e+01 -2.834743499755859375e+01 3.001199150085449219e+01 7.434459686279296875e+00 1.426535224914550781e+01 -2.533630561828613281e+01 2.835715103149414062e+01 6.158711433410644531e+00 1.407653522491455078e+01 -2.382863616943359375e+01 1.674710464477539062e+01 3.263639688491821289e+00 7.579495906829833984e+00 -1.456456947326660156e+01 1.469547367095947266e+01 2.915839672088623047e+00 6.844943523406982422e+00 -1.267286682128906250e+01
8.715039672851562500e+02 -1.025781478881835938e+02 4.479483032226562500e+02 -7.404992675781250000e+02 5.489176635742187500e+02 -4.590599822998046875e+01 2.889035034179687500e+02 -4.644760742187500000e+02 1.966840515136718750e+02 -2.325140571594238281e+01 1.009591217041015625e+02 -1.671862182617187500e+02 9.528646850585937500e+01 -1.180197048187255859e+01 4.872897338867187500e+01 -8.102908325195312500e+01 4.186594772338867188e+01 -5.571301460266113281e+00 2.136129188537597656e+01 -3.557264709472656250e+01 3.107620811462402344e+01 -3.721296548843383789e+00 1.606573295593261719e+01 -2.633960723876953125e+01 3.115373420715332031e+01 -3.875060319900512695e+00 1.599967575073242188e+01 -2.644899749755859375e+01 2.663108062744140625e+01 -1.881217479705810547e+00 1.371046447753906250e+01 -2.275256729125976562e+01 2.009100914001464844e+01 -2.636951923370361328e+00 1.054128360748291016e+01 -1.689900779724121094e+01 1.527755546569824219e+01 -1.389958858489990234e+00 8.096188545227050781e+00 -1.288036632537841797e+01 4.361694335937500000e+00 -4.750600755214691162e-01 2.255315303802490234e+00 -3.703005075454711914e+00 3.306241989135742188e+00 -1.782130450010299683e-01 1.821100354194641113e+00 -2.753737449645996094e+00 3.293211460113525391e+00 -5.016621351242065430e-01 1.631628870964050293e+00 -2.812843561172485352e+00 1.150972127914428711e+00 -1.021339371800422668e-02 7.618167400360107422e-01 -8.514951467514038086e-01 1.407278537750244141e+00 -7.282166928052902222e-02 6.634153127670288086e-01 -1.132198452949523926e+00 1.199935078620910645e+00 -1.868337839841842651e-01 6.315134763717651367e-01 -1.003059267997741699e+00
1.991051635742187500e+02 1.549449462890625000e+02 -2.292077636718750000e+01 -1.229199981689453125e+02 1.537677917480468750e+02 1.201182403564453125e+02 -1.754928970336914062e+01 -9.438307189941406250e+01 1.372837829589843750e+02 1.073737106323242188e+02 -1.526088333129882812e+01 -8.417000579833984375e+01 1.194262695312500000e+02 9.338381958007812500e+01 -1.368868160247802734e+01 -7.317580413818359375e+01 8.626785278320312500e+01 7.465996551513671875e+01 -5.612892627716064453e+00 -4.285471343994140625e+01 7.512760162353515625e+01 5.914179611206054688e+01 -8.942287445068359375e+00 -4.545788955688476562e+01 6.151641082763671875e+01 5.310157012939453125e+01 -3.058269500732421875e+00 -3.090532684326171875e+01 6.045302200317382812e+01 4.733021545410156250e+01 -6.849215984344482422e+00 -3.697955322265625000e+01 5.252820205688476562e+01 4.105519104003906250e+01 -5.547704219818115234e+00 -3.229032135009765625e+01 5.100785446166992188e+01 3.992119598388671875e+01 -5.730534553527832031e+00 -3.122915649414062500e+01 4.788519668579101562e+01 3.736241531372070312e+01 -5.363231182098388672e+00 -2.946655464172363281e+01 4.226453399658203125e+01 3.283687973022460938e+01 -4.748244762420654297e+00 -2.618138694763183594e+01 4.203728866577148438e+01 3.263616180419921875e+01 -4.768146991729736328e+00 -2.606298828125000000e+01 4.060210800170898438e+01 3.137037467956542969e+01 -4.263097286224365234e+00 -2.542157936096191406e+01 3.157320785522460938e+01 2.722838401794433594e+01 -2.309979677200317383e+00 -1.580826950073242188e+01 2.712986946105957031e+01 2.278599357604980469e+01 -1.770358681678771973e+00 -1.461828327178955078e+01
1.097385253906250000e+03 4.985823669433593750e+02 2.197950897216796875e+02 -9.525545043945312500e+02 3.550326232910156250e+02 1.602339477539062500e+02 7.106234741210937500e+01 -3.087448120117187500e+02 2.209663543701171875e+02 1.002045059204101562e+02 4.499365997314453125e+01 -1.917308959960937500e+02 1.655884094238281250e+02 7.518460083007812500e+01 3.327405166625976562e+01 -1.437345275878906250e+02 1.256383590698242188e+02 5.626433563232421875e+01 2.491426849365234375e+01 -1.095380325317382812e+02 4.924439239501953125e+01 2.229112815856933594e+01 9.889640808105468750e+00 -4.278190612792968750e+01 2.204874038696289062e+01 1.018167877197265625e+01 4.458109378814697266e+00 -1.904220771789550781e+01 2.212214851379394531e+01 1.001746082305908203e+01 4.208200931549072266e+00 -1.926994895935058594e+01 1.770514678955078125e+01 8.280316352844238281e+00 3.817896127700805664e+00 -1.517605018615722656e+01 1.409055137634277344e+01 6.518472194671630859e+00 2.945072412490844727e+00 -1.213921260833740234e+01 9.074578285217285156e+00 4.235764980316162109e+00 1.779388070106506348e+00 -7.825602054595947266e+00 8.556331634521484375e+00 4.206695079803466797e+00 1.781632661819458008e+00 -7.233276844024658203e+00 8.676696777343750000e+00 4.007329940795898438e+00 1.848277091979980469e+00 -7.469324588775634766e+00 7.020586490631103516e+00 3.254264831542968750e+00 9.655060172080993652e-01 -6.143807888031005859e+00 5.999603271484375000e+00 2.782168865203857422e+00 1.152412056922912598e+00 -5.189096927642822266e+00 4.874421596527099609e+00 2.120014905929565430e+00 1.443553090095520020e+00 -4.145078659057617188e+00
1.769944610595703125e+02 -7.997937774658203125e+01 -1.429969635009765625e+02 -6.694912719726562500e+01 9.981986999511718750e+01 -4.487348937988281250e+01 -8.063918304443359375e+01 -3.804836654663085938e+01 7.552246856689453125e+01 -3.437553405761718750e+01 -6.090208435058593750e+01 -2.851108741760253906e+01 7.037070465087890625e+01 -3.184623146057128906e+01 -5.669660186767578125e+01 -2.689477729797363281e+01 7.000555419921875000e+01 -3.146177864074707031e+01 -5.670226287841796875e+01 -2.637741088867187500e+01 6.898335266113281250e+01 -3.018254470825195312e+01 -5.061838912963867188e+01 -3.585354614257812500e+01 4.662379074096679688e+01 -2.021549415588378906e+01 -3.428422164916992188e+01 -2.428381347656250000e+01 4.622371673583984375e+01 -2.014595031738281250e+01 -3.416628265380859375e+01 -2.373684310913085938e+01 4.403267288208007812e+01 -1.989382553100585938e+01 -3.225285720825195312e+01 -2.242420959472656250e+01 4.396647644042968750e+01 -1.884465599060058594e+01 -3.251457595825195312e+01 -2.281956100463867188e+01 3.839654159545898438e+01 -1.728543281555175781e+01 -3.106556320190429688e+01 -1.450651454925537109e+01 3.554104995727539062e+01 -1.614360237121582031e+01 -2.867485809326171875e+01 -1.342768669128417969e+01 3.504322052001953125e+01 -1.583168220520019531e+01 -2.836288642883300781e+01 -1.314961719512939453e+01 3.506874084472656250e+01 -1.544353961944580078e+01 -2.842086410522460938e+01 -1.354873466491699219e+01 3.234297180175781250e+01 -1.454815959930419922e+01 -2.613711929321289062e+01 -1.229840564727783203e+01 3.091195487976074219e+01 -1.401430797576904297e+01 -2.489272689819335938e+01 -1.181102657318115234e+01
2.269464569091796875e+02 2.021110534667968750e+02 3.366196060180664062e+01 -9.758415222167968750e+01 1.725570220947265625e+02 1.335412750244140625e+02 1.436476421356201172e+01 -1.083330459594726562e+02 1.477196502685546875e+02 1.149377746582031250e+02 1.200102138519287109e+01 -9.201281738281250000e+01 1.025196380615234375e+02 8.160121917724609375e+01 8.632956504821777344e+00 -6.145705413818359375e+01 7.677315521240234375e+01 6.826182556152343750e+01 1.133144760131835938e+01 -3.325687408447265625e+01 4.729040908813476562e+01 4.232596969604492188e+01 6.548521995544433594e+00 -2.004977035522460938e+01 3.982643890380859375e+01 3.120179748535156250e+01 2.935955286026000977e+00 -2.457080078125000000e+01 3.880907821655273438e+01 3.042735671997070312e+01 2.494678735733032227e+00 -2.395990753173828125e+01 3.198436546325683594e+01 2.506936073303222656e+01 3.329586267471313477e+00 -1.958114242553710938e+01 2.783687210083007812e+01 2.157948493957519531e+01 2.281696081161499023e+00 -1.743536758422851562e+01 2.623861503601074219e+01 2.072048568725585938e+01 1.923110604286193848e+00 -1.598211765289306641e+01 2.441824150085449219e+01 1.907069015502929688e+01 2.182981014251708984e+00 -1.509219264984130859e+01 2.160755729675292969e+01 1.707373428344726562e+01 1.687860965728759766e+00 -1.310156536102294922e+01 1.965833663940429688e+01 1.554147815704345703e+01 1.212435722351074219e+00 -1.197593212127685547e+01 1.511066913604736328e+01 1.179720783233642578e+01 9.759808182716369629e-01 -9.391786575317382812e+00 1.451675510406494141e+01 1.141641616821289062e+01 1.136046051979064941e+00 -8.880822181701660156e+00
3.631616210937500000e+02 -4.346318435668945312e+01 -2.780155334472656250e+02 2.295749969482421875e+02 1.810951843261718750e+02 -2.109484481811523438e+01 -1.391017150878906250e+02 1.140226745605468750e+02 1.066045608520507812e+02 -1.338558864593505859e+01 -8.205398559570312500e+01 6.672692108154296875e+01 9.200374603271484375e+01 -1.038663578033447266e+01 -7.068280792236328125e+01 5.797195816040039062e+01 8.273656463623046875e+01 -2.111078071594238281e+01 -5.967556762695312500e+01 5.327740097045898438e+01 7.607265472412109375e+01 -1.976686096191406250e+01 -5.507227706909179688e+01 4.861424636840820312e+01 5.707886505126953125e+01 -6.393682479858398438e+00 -4.376243591308593750e+01 3.608277893066406250e+01 5.083197784423828125e+01 -1.272737312316894531e+01 -3.684410858154296875e+01 3.262507629394531250e+01 4.563344955444335938e+01 -1.191625022888183594e+01 -3.315187072753906250e+01 2.900601387023925781e+01 4.556697845458984375e+01 -5.340723514556884766e+00 -3.473132705688476562e+01 2.900967216491699219e+01 2.842323493957519531e+01 -3.276625156402587891e+00 -2.168831253051757812e+01 1.805213928222656250e+01 2.725217437744140625e+01 -2.786700725555419922e+00 -2.089772415161132812e+01 1.726848030090332031e+01 2.401459884643554688e+01 -3.206174850463867188e+00 -1.823344993591308594e+01 1.529519939422607422e+01 2.008727455139160156e+01 -2.276296377182006836e+00 -1.560864543914794922e+01 1.243655300140380859e+01 2.008531951904296875e+01 -5.259637355804443359e+00 -1.455175781250000000e+01 1.280556678771972656e+01 1.696388816833496094e+01 -2.550881862640380859e+00 -1.312960720062255859e+01 1.039217472076416016e+01
1.357649383544921875e+02 1.016770706176757812e+02 -2.035705375671386719e+01 8.763265228271484375e+01 9.652493286132812500e+01 7.182905578613281250e+01 -1.494256210327148438e+01 6.272455215454101562e+01 7.286865234375000000e+01 5.922220993041992188e+01 -6.844232559204101562e+00 4.190139007568359375e+01 7.272678375244140625e+01 5.372649383544921875e+01 -1.133903408050537109e+01 4.768706130981445312e+01 5.882262802124023438e+01 4.390613555908203125e+01 -8.315526962280273438e+00 3.825159835815429688e+01 5.819564819335937500e+01 4.321888732910156250e+01 -8.227313041687011719e+00 3.809112167358398438e+01 5.038265991210937500e+01 4.028227233886718750e+01 8.967596054077148438e+00 2.890179252624511719e+01 4.373596954345703125e+01 3.535610961914062500e+01 -5.034605026245117188e+00 2.524706077575683594e+01 4.324328613281250000e+01 3.238835525512695312e+01 -6.737733364105224609e+00 2.784922027587890625e+01 4.224511718750000000e+01 3.157914161682128906e+01 -6.220437526702880859e+00 2.736243820190429688e+01 3.436179733276367188e+01 2.487393188476562500e+01 -5.109630584716796875e+00 2.314977836608886719e+01 2.746678352355957031e+01 2.267190742492675781e+01 4.657701492309570312e+00 1.478833866119384766e+01 2.840139579772949219e+01 2.230576324462890625e+01 4.873574733734130859e+00 1.689202308654785156e+01 2.718754196166992188e+01 2.187684059143066406e+01 4.895429611206054688e+00 1.538122558593750000e+01 2.521646118164062500e+01 2.049223327636718750e+01 -2.628358602523803711e+00 1.445787143707275391e+01 2.473320388793945312e+01 1.955500984191894531e+01 4.950382709503173828e+00 1.431110572814941406e+01
1.366907043457031250e+02 -6.127502059936523438e+01 -1.213072586059570312e+02 1.463790702819824219e+01 7.156549835205078125e+01 -3.240401077270507812e+01 -6.339191055297851562e+01 7.223062992095947266e+00 6.462224578857421875e+01 -3.972065353393554688e+01 -4.892470169067382812e+01 -1.430589008331298828e+01 6.305510330200195312e+01 -3.847116088867187500e+01 -4.796073150634765625e+01 -1.398803329467773438e+01 5.318684005737304688e+01 -2.430774688720703125e+01 -4.686825180053710938e+01 6.428114414215087891e+00 3.910980987548828125e+01 -1.746020126342773438e+01 -3.479130935668945312e+01 3.661031961441040039e+00 3.903778839111328125e+01 -2.435819435119628906e+01 -2.926740074157714844e+01 -8.603893280029296875e+00 3.189007186889648438e+01 -1.388045215606689453e+01 -2.850181007385253906e+01 3.454954862594604492e+00 3.016816139221191406e+01 -1.347256278991699219e+01 -2.682011222839355469e+01 3.044745206832885742e+00 2.598268508911132812e+01 -1.178578853607177734e+01 -2.298911666870117188e+01 2.730916261672973633e+00 2.551344108581542969e+01 -1.584724235534667969e+01 -1.908983039855957031e+01 -5.948025226593017578e+00 2.275185203552246094e+01 -1.024340057373046875e+01 -2.012245941162109375e+01 2.790438175201416016e+00 2.129356384277343750e+01 -1.328542900085449219e+01 -1.600383186340332031e+01 -4.559675693511962891e+00 2.030055999755859375e+01 -9.303078651428222656e+00 -1.790354919433593750e+01 2.237961053848266602e+00 2.033720588684082031e+01 -1.262547779083251953e+01 -1.536459255218505859e+01 -4.257760047912597656e+00 1.850195312500000000e+01 -1.100602817535400391e+01 -1.405307292938232422e+01 -4.866357803344726562e+00
4.963699340820312500e+02 -1.018342208862304688e+02 3.349483337402343750e+02 3.518842773437500000e+02 2.530442504882812500e+02 -5.158799743652343750e+01 1.707703399658203125e+02 1.794645996093750000e+02 1.013405227661132812e+02 -2.064484024047851562e+01 6.812268829345703125e+01 7.213162994384765625e+01 8.521649169921875000e+01 -1.751025009155273438e+01 5.748715591430664062e+01 6.041894912719726562e+01 6.300390625000000000e+01 -1.425539207458496094e+01 4.257554244995117188e+01 4.419932174682617188e+01 7.124044799804687500e+01 -1.998347854614257812e+01 3.862842941284179688e+01 5.642416763305664062e+01 5.057013320922851562e+01 -1.078167152404785156e+01 3.393185043334960938e+01 3.591271972656250000e+01 4.291455841064453125e+01 -8.827193260192871094e+00 2.891325950622558594e+01 3.045888710021972656e+01 3.897642898559570312e+01 -8.104948997497558594e+00 2.642077827453613281e+01 2.748480033874511719e+01 2.897415924072265625e+01 -5.927652359008789062e+00 1.952144050598144531e+01 2.056786918640136719e+01 2.486896705627441406e+01 -5.329454421997070312e+00 1.608032035827636719e+01 1.820620346069335938e+01 2.269505310058593750e+01 -4.812045097351074219e+00 1.502590560913085938e+01 1.630607032775878906e+01 1.571894645690917969e+01 -3.375116825103759766e+00 1.062209606170654297e+01 1.108444595336914062e+01 1.364050674438476562e+01 -2.714800357818603516e+00 9.176247596740722656e+00 9.720583915710449219e+00 1.344183063507080078e+01 -2.694324970245361328e+00 9.107039451599121094e+00 9.512373924255371094e+00 1.109732151031494141e+01 -2.746124744415283203e+00 7.285193443298339844e+00 7.906705379486083984e+00
7.607467651367187500e+01 2.870273399353027344e+01 -7.042832946777343750e+01 -1.766613960266113281e+00 7.451252746582031250e+01 1.808838081359863281e+01 -7.126874542236328125e+01 -1.206952095031738281e+01 7.348287200927734375e+01 2.658341407775878906e+01 -6.848692321777343750e+01 -1.604808449745178223e+00 7.009997558593750000e+01 2.615809440612792969e+01 -6.499565124511718750e+01 -2.115509748458862305e+00 6.910552215576171875e+01 2.591107940673828125e+01 -6.402298736572265625e+01 -2.099965095520019531e+00 4.992401885986328125e+01 1.209909057617187500e+01 -4.762620544433593750e+01 -8.769229888916015625e+00 4.896549987792968750e+01 1.735653305053710938e+01 -4.573888397216796875e+01 -2.079781770706176758e+00 4.587287902832031250e+01 1.644301033020019531e+01 -4.279599761962890625e+01 -1.486034393310546875e+00 4.556258773803710938e+01 1.720320892333984375e+01 -4.217385101318359375e+01 -1.160289645195007324e+00 4.436565399169921875e+01 1.658136940002441406e+01 -4.112651443481445312e+01 -1.399930715560913086e+00 4.393566513061523438e+01 1.667679786682128906e+01 -4.062477874755859375e+01 -1.354640603065490723e+00 3.693250656127929688e+01 9.163421630859375000e+00 -3.513407897949218750e+01 -6.755619049072265625e+00 3.394180297851562500e+01 1.219990444183349609e+01 -3.164309120178222656e+01 -1.379417181015014648e+00 3.028643608093261719e+01 8.190316200256347656e+00 -2.871806335449218750e+01 -5.043840885162353516e+00 2.788485717773437500e+01 1.058455371856689453e+01 -2.579113197326660156e+01 -5.753591656684875488e-01 2.246797752380371094e+01 5.950653076171875000e+00 -2.128268814086914062e+01 -4.055481433868408203e+00
6.644005737304687500e+02 -4.844478454589843750e+02 3.723720397949218750e+02 -2.609166564941406250e+02 1.253023071289062500e+02 -9.109854125976562500e+01 7.038630676269531250e+01 -4.947213363647460938e+01 8.131612396240234375e+01 -5.944854354858398438e+01 4.569998931884765625e+01 -3.145908355712890625e+01 6.673788452148437500e+01 -4.823647308349609375e+01 3.765624618530273438e+01 -2.663071632385253906e+01 4.085834121704101562e+01 -2.951937294006347656e+01 2.312460517883300781e+01 -1.622478675842285156e+01 3.716778564453125000e+01 -2.696768188476562500e+01 2.092215538024902344e+01 -1.471165180206298828e+01 2.946406936645507812e+01 -2.106012725830078125e+01 1.721758460998535156e+01 -1.132065582275390625e+01 2.650167655944824219e+01 -1.916930007934570312e+01 1.473453044891357422e+01 -1.085220909118652344e+01 2.389544296264648438e+01 -1.714945793151855469e+01 1.354542732238769531e+01 -9.651746749877929688e+00 8.595533370971679688e+00 -6.139152526855468750e+00 4.942639350891113281e+00 -3.429913997650146484e+00 3.161931276321411133e+00 -2.280371665954589844e+00 1.835929989814758301e+00 -1.194602370262145996e+00 3.124841928482055664e+00 -1.800688147544860840e+00 1.730028152465820312e+00 -1.878606557846069336e+00 2.426639556884765625e+00 -1.721539974212646484e+00 1.443728208541870117e+00 -9.168034195899963379e-01 2.290136337280273438e+00 -1.693287134170532227e+00 1.241931200027465820e+00 -9.138432741165161133e-01 1.868862271308898926e+00 -1.091261744499206543e+00 1.302453637123107910e+00 -7.656337618827819824e-01 1.867005825042724609e+00 -1.255540370941162109e+00 6.816064715385437012e-01 -7.468804121017456055e-01
2.570789794921875000e+02 1.561221313476562500e+02 -1.492467041015625000e+02 1.394306030273437500e+02 1.425782165527343750e+02 8.622121429443359375e+01 -8.257717895507812500e+01 7.794512176513671875e+01 1.250681457519531250e+02 7.681688690185546875e+01 -7.220359039306640625e+01 6.728914642333984375e+01 8.127703094482421875e+01 4.950883483886718750e+01 -4.662255096435546875e+01 4.451032257080078125e+01 7.810880279541015625e+01 4.753165054321289062e+01 -4.498550415039062500e+01 4.263838958740234375e+01 6.603548431396484375e+01 4.037440872192382812e+01 -3.783057403564453125e+01 3.604775238037109375e+01 5.682217025756835938e+01 3.462881851196289062e+01 -3.277877044677734375e+01 3.090527915954589844e+01 4.975325393676757812e+01 3.273024368286132812e+01 -2.283817863464355469e+01 2.970716667175292969e+01 4.580023193359375000e+01 2.802915382385253906e+01 -2.635698890686035156e+01 2.484587669372558594e+01 4.661045837402343750e+01 2.935575103759765625e+01 -2.136008262634277344e+01 2.923186111450195312e+01 4.315097045898437500e+01 2.769742393493652344e+01 -2.053394699096679688e+01 2.594603919982910156e+01 4.137684249877929688e+01 2.654167556762695312e+01 -1.946683692932128906e+01 2.507238960266113281e+01 3.692567825317382812e+01 2.190987396240234375e+01 -2.105011558532714844e+01 2.098465347290039062e+01 3.599434661865234375e+01 2.301897811889648438e+01 -1.688313484191894531e+01 2.192439842224121094e+01 3.380371093750000000e+01 2.140567588806152344e+01 -1.626707458496093750e+01 2.049025344848632812e+01 2.581610107421875000e+01 1.575270366668701172e+01 -1.490887260437011719e+01 1.400174713134765625e+01
3.312021179199218750e+02 2.245365295410156250e+02 2.157256469726562500e+02 -1.128744506835937500e+02 9.217584228515625000e+01 6.276423645019531250e+01 5.977820968627929688e+01 -3.134826087951660156e+01 7.497126007080078125e+01 5.059188079833984375e+01 4.878052139282226562e+01 -2.610735511779785156e+01 3.352865219116210938e+01 2.287422370910644531e+01 2.164890670776367188e+01 -1.150066566467285156e+01 3.348339080810546875e+01 2.262424278259277344e+01 2.111847496032714844e+01 -1.277776718139648438e+01 3.054194450378417969e+01 2.090089035034179688e+01 1.976808738708496094e+01 -1.025506114959716797e+01 2.860678291320800781e+01 1.938499450683593750e+01 1.855289268493652344e+01 -9.916707992553710938e+00 2.632995605468750000e+01 1.795088577270507812e+01 1.703495216369628906e+01 -8.990202903747558594e+00 1.987136650085449219e+01 1.367708396911621094e+01 1.286642265319824219e+01 -6.501058101654052734e+00 1.982755851745605469e+01 1.391578292846679688e+01 1.214879226684570312e+01 -7.202098846435546875e+00 1.961671829223632812e+01 1.292710208892822266e+01 1.314772415161132812e+01 -6.695082187652587891e+00 1.747919464111328125e+01 1.207534408569335938e+01 1.114554119110107422e+01 -5.956950187683105469e+00 1.745984649658203125e+01 1.187528896331787109e+01 1.135231494903564453e+01 -5.911743640899658203e+00 1.728559112548828125e+01 1.189828968048095703e+01 1.119347190856933594e+01 -5.650539875030517578e+00 1.793636512756347656e+01 9.907485008239746094e+00 9.628329277038574219e+00 -1.143813800811767578e+01 1.159628772735595703e+01 7.811367988586425781e+00 7.618387699127197266e+00 -3.926396369934082031e+00
2.051549377441406250e+02 1.737567749023437500e+02 6.673619079589843750e+01 8.627510070800781250e+01 1.657045440673828125e+02 1.406344146728515625e+02 5.417292404174804688e+01 6.888578796386718750e+01 9.133979797363281250e+01 7.669611358642578125e+01 3.046314048767089844e+01 3.914898300170898438e+01 7.801255035400390625e+01 6.555329132080078125e+01 2.625160980224609375e+01 3.315601348876953125e+01 6.141529083251953125e+01 4.368967819213867188e+01 2.958934593200683594e+01 3.142484092712402344e+01 5.753796005249023438e+01 4.868361282348632812e+01 1.901188850402832031e+01 2.406347465515136719e+01 4.792012023925781250e+01 4.059371948242187500e+01 1.566360569000244141e+01 2.007784461975097656e+01 3.683964920043945312e+01 3.101348304748535156e+01 1.230423927307128906e+01 1.561823654174804688e+01 3.545633697509765625e+01 2.977937889099121094e+01 1.176580905914306641e+01 1.522782993316650391e+01 3.345853424072265625e+01 2.787663269042968750e+01 1.154687976837158203e+01 1.445808792114257812e+01 2.466810989379882812e+01 2.097931480407714844e+01 8.081313133239746094e+00 1.015265560150146484e+01 2.432524108886718750e+01 2.052146339416503906e+01 8.141652107238769531e+00 1.021275329589843750e+01 2.413681221008300781e+01 1.750550842285156250e+01 1.134738540649414062e+01 1.212989425659179688e+01 2.219705390930175781e+01 1.889441871643066406e+01 6.740546226501464844e+00 9.501326560974121094e+00 2.208363723754882812e+01 1.639470672607421875e+01 1.021972274780273438e+01 1.069760513305664062e+01 2.011644363403320312e+01 1.434715557098388672e+01 9.514592170715332031e+00 1.036483669281005859e+01
1.965801849365234375e+02 1.906593933105468750e+02 -4.609036636352539062e+01 -1.297759819030761719e+01 8.919690704345703125e+01 8.662525177001953125e+01 -2.052210617065429688e+01 -5.567559242248535156e+00 6.419781494140625000e+01 6.228797531127929688e+01 -1.479786586761474609e+01 -4.662952899932861328e+00 6.214963531494140625e+01 6.026593399047851562e+01 -1.459618759155273438e+01 -4.188740730285644531e+00 5.772851562500000000e+01 5.599698638916015625e+01 -1.356226444244384766e+01 -3.603341579437255859e+00 4.632565689086914062e+01 4.487684631347656250e+01 -1.063611698150634766e+01 -4.256557464599609375e+00 4.334387969970703125e+01 4.202355194091796875e+01 -1.025594425201416016e+01 -2.740146160125732422e+00 4.117815399169921875e+01 3.992406463623046875e+01 -9.687484741210937500e+00 -2.800390720367431641e+00 3.589193344116210938e+01 3.479934310913085938e+01 -8.315673828125000000e+00 -2.684618711471557617e+00 3.538319015502929688e+01 3.531936264038085938e+01 -6.184631586074829102e-01 -2.032294273376464844e+00 3.197331428527832031e+01 3.102557945251464844e+01 -6.978637218475341797e+00 -3.177341222763061523e+00 3.172846221923828125e+01 3.073911476135253906e+01 -7.607892036437988281e+00 -1.980450868606567383e+00 2.657363891601562500e+01 2.571805191040039062e+01 -6.365185737609863281e+00 -2.055343627929687500e+00 2.247534942626953125e+01 2.224589347839355469e+01 -1.807907342910766602e+00 -2.640713691711425781e+00 2.153166961669921875e+01 2.146693229675292969e+01 -1.659388542175292969e-01 -1.654121041297912598e+00 1.916513061523437500e+01 1.855399703979492188e+01 -3.355602502822875977e+00 -3.301226377487182617e+00
3.989419250488281250e+02 -2.304635620117187500e+02 2.676227569580078125e+01 -3.245365295410156250e+02 3.625365295410156250e+02 -2.098350677490234375e+02 2.425037956237792969e+01 -2.946419677734375000e+02 2.612852783203125000e+02 -1.510121612548828125e+02 1.768548393249511719e+01 -2.124891967773437500e+02 8.790355682373046875e+01 -5.766592407226562500e+01 1.366138076782226562e+01 -6.491673278808593750e+01 9.328866577148437500e+01 -5.392150115966796875e+01 5.998291969299316406e+00 -7.588970184326171875e+01 8.488318634033203125e+01 -4.890013122558593750e+01 5.991345882415771484e+00 -6.912319183349609375e+01 8.404773712158203125e+01 -4.853359985351562500e+01 5.732020378112792969e+00 -6.837876129150390625e+01 4.182031631469726562e+01 -2.742947196960449219e+01 7.275881767272949219e+00 -3.071450614929199219e+01 4.363983154296875000e+01 -2.561158561706542969e+01 3.024834871292114258e+00 -3.520414352416992188e+01 4.001358413696289062e+01 -2.301521301269531250e+01 2.522452592849731445e+00 -3.263441085815429688e+01 3.918624496459960938e+01 -2.253625106811523438e+01 2.661624908447265625e+00 -3.194675064086914062e+01 2.514422416687011719e+01 -1.650871849060058594e+01 3.776763916015625000e+00 -1.856223106384277344e+01 2.541827011108398438e+01 -1.486609458923339844e+01 1.680386662483215332e+00 -2.054906272888183594e+01 1.928379249572753906e+01 -1.112515640258789062e+01 1.189403653144836426e+00 -1.570545196533203125e+01 1.566750717163085938e+01 -1.023702716827392578e+01 2.567493200302124023e+00 -1.156874752044677734e+01 1.713500213623046875e+01 -9.930742263793945312e+00 1.703488349914550781e+00 -1.385882282257080078e+01
2.179817657470703125e+02 6.759179687500000000e+01 1.274119796752929688e+02 -1.634429016113281250e+02 1.804388732910156250e+02 5.452476119995117188e+01 1.059603958129882812e+02 -1.354903411865234375e+02 8.794535827636718750e+01 2.534494781494140625e+01 5.177480316162109375e+01 -6.641828918457031250e+01 8.209485626220703125e+01 2.591420555114746094e+01 4.877497863769531250e+01 -6.073715591430664062e+01 7.781111907958984375e+01 2.405017280578613281e+01 4.564790344238281250e+01 -5.824250411987304688e+01 7.263427734375000000e+01 2.263550758361816406e+01 4.278554916381835938e+01 -5.415486145019531250e+01 7.030546569824218750e+01 2.040323448181152344e+01 4.141718292236328125e+01 -5.302059173583984375e+01 6.530376434326171875e+01 2.008753204345703125e+01 3.746160125732421875e+01 -4.957500457763671875e+01 6.057135391235351562e+01 1.698599243164062500e+01 3.601900482177734375e+01 -4.563963317871093750e+01 4.465997314453125000e+01 1.274472332000732422e+01 2.653742980957031250e+01 -3.358348083496093750e+01 4.360424041748046875e+01 1.403098487854003906e+01 2.550140953063964844e+01 -3.246371459960937500e+01 3.956723403930664062e+01 1.090461540222167969e+01 2.337376403808593750e+01 -3.000505638122558594e+01 3.889112091064453125e+01 1.102402019500732422e+01 2.325188064575195312e+01 -2.916059494018554688e+01 3.933150482177734375e+01 1.148664093017578125e+01 2.302581977844238281e+01 -2.974619293212890625e+01 3.669443893432617188e+01 1.116856193542480469e+01 2.131782531738281250e+01 -2.769974708557128906e+01 2.946140861511230469e+01 9.130972862243652344e+00 1.763606452941894531e+01 -2.176164436340332031e+01
2.914246520996093750e+02 2.055981140136718750e+02 -6.588539123535156250e+01 -1.957462921142578125e+02 2.066245269775390625e+02 1.643283691406250000e+02 -4.110616302490234375e+01 -1.183213195800781250e+02 1.234348678588867188e+02 9.809605407714843750e+01 -2.485530662536621094e+01 -7.067903900146484375e+01 1.153668746948242188e+02 9.125828552246093750e+01 -2.355771446228027344e+01 -6.653176116943359375e+01 6.627637481689453125e+01 5.248225021362304688e+01 -1.321621322631835938e+01 -3.825549316406250000e+01 6.544373321533203125e+01 5.135853195190429688e+01 -1.406124401092529297e+01 -3.804530715942382812e+01 5.872719192504882812e+01 4.699271011352539062e+01 -1.125709056854248047e+01 -3.337433242797851562e+01 4.214674758911132812e+01 3.308493423461914062e+01 -8.983456611633300781e+00 -2.451597404479980469e+01 4.181975555419921875e+01 3.299472808837890625e+01 -8.697140693664550781e+00 -2.417352867126464844e+01 3.699625778198242188e+01 2.568069458007812500e+01 -8.232600212097167969e+00 -2.532200431823730469e+01 3.569494628906250000e+01 2.496351432800292969e+01 -7.657918930053710938e+00 -2.433738899230957031e+01 3.264297485351562500e+01 2.281337547302246094e+01 -7.291519641876220703e+00 -2.217944526672363281e+01 2.618308067321777344e+01 2.083192062377929688e+01 -4.990280151367187500e+00 -1.505595970153808594e+01 2.215110015869140625e+01 1.747598075866699219e+01 -4.698295593261718750e+00 -1.277447891235351562e+01 1.938728141784667969e+01 1.531586170196533203e+01 -4.035516738891601562e+00 -1.118059253692626953e+01 1.569574832916259766e+01 1.233055114746093750e+01 -3.381214141845703125e+00 -9.103922843933105469e+00
1.135248718261718750e+02 -7.085003662109375000e+01 -8.149814605712890625e+01 -3.501716613769531250e+01 9.387688446044921875e+01 -5.781415176391601562e+01 -6.755467224121093750e+01 -3.011245155334472656e+01 8.303344726562500000e+01 -4.692759323120117188e+01 -6.364807510375976562e+01 -2.532345199584960938e+01 7.996614837646484375e+01 -4.976831817626953125e+01 -5.756783294677734375e+01 -2.456917190551757812e+01 7.869993591308593750e+01 -4.939044189453125000e+01 -5.598856735229492188e+01 -2.489063453674316406e+01 6.350249862670898438e+01 -3.594932556152343750e+01 -4.858882904052734375e+01 -1.947611618041992188e+01 6.075542831420898438e+01 -3.803052902221679688e+01 -4.354827499389648438e+01 -1.866678047180175781e+01 4.935604095458984375e+01 -2.784595298767089844e+01 -3.785260772705078125e+01 -1.506372928619384766e+01 4.858636856079101562e+01 -3.010110855102539062e+01 -3.483695220947265625e+01 -1.552177333831787109e+01 3.399941635131835938e+01 -2.014930725097656250e+01 -2.561177062988281250e+01 -9.694478988647460938e+00 2.413423156738281250e+01 -1.401708412170410156e+01 -1.602902603149414062e+01 -1.135929203033447266e+01 2.120764732360839844e+01 -1.313692283630371094e+01 -1.519569492340087891e+01 -6.802678585052490234e+00 2.044592857360839844e+01 -1.028277015686035156e+01 -1.648236656188964844e+01 -6.374338626861572266e+00 1.725129699707031250e+01 -9.586635589599609375e+00 -1.301934909820556641e+01 -5.942656517028808594e+00 1.622043609619140625e+01 -1.013766002655029297e+01 -1.160850620269775391e+01 -5.056975364685058594e+00 1.667220687866210938e+01 -9.497943878173828125e+00 -1.144136810302734375e+01 -7.539671421051025391e+00
3.357614440917968750e+02 -3.382500076293945312e+01 -3.207937011718750000e+02 9.318264770507812500e+01 1.507438049316406250e+02 -1.450835227966308594e+01 -1.441587219238281250e+02 4.161062622070312500e+01 1.365867614746093750e+02 -1.344271278381347656e+01 -1.306221618652343750e+02 3.759104156494140625e+01 1.070630340576171875e+02 -1.046623039245605469e+01 -1.023980560302734375e+02 2.945457839965820312e+01 8.640098571777343750e+01 -8.491695404052734375e+00 -8.251337432861328125e+01 2.417777824401855469e+01 8.334761810302734375e+01 -7.812556266784667969e+00 -7.963313293457031250e+01 2.333098793029785156e+01 4.497151184082031250e+01 -4.432088375091552734e+00 -4.306637954711914062e+01 1.216882801055908203e+01 2.940458679199218750e+01 -2.875385761260986328e+00 -2.777653503417968750e+01 9.209044456481933594e+00 2.671297645568847656e+01 -2.729403018951416016e+00 -2.536932182312011719e+01 7.906376361846923828e+00 2.486251831054687500e+01 -2.320134401321411133e+00 -2.370467567443847656e+01 7.129556655883789062e+00 1.837715721130371094e+01 -1.603232741355895996e+00 -1.745884704589843750e+01 5.506238937377929688e+00 1.312836074829101562e+01 -1.229255676269531250e+00 -1.256136608123779297e+01 3.613152265548706055e+00 1.223352050781250000e+01 -1.079662442207336426e+00 -1.170587730407714844e+01 3.383235931396484375e+00 7.136609077453613281e+00 -4.916947782039642334e-01 -6.839553833007812500e+00 1.972421646118164062e+00 6.381669998168945312e+00 8.976656198501586914e-01 -6.144193649291992188e+00 1.472682118415832520e+00 5.867207527160644531e+00 -6.046658754348754883e-01 -5.600257873535156250e+00 1.641833543777465820e+00
1.194160766601562500e+02 3.969371080398559570e+00 -1.133060379028320312e+02 -3.749914550781250000e+01 1.016274032592773438e+02 3.158275604248046875e+00 -9.675805664062500000e+01 -3.091944885253906250e+01 6.896574401855468750e+01 6.233369827270507812e+00 -6.538369750976562500e+01 -2.103310012817382812e+01 6.057429504394531250e+01 4.625390529632568359e+00 -5.714085388183593750e+01 -1.954289245605468750e+01 5.748506164550781250e+01 5.214428901672363281e-01 -5.523294448852539062e+01 -1.589641094207763672e+01 5.522072219848632812e+01 2.014357805252075195e+00 -5.249629974365234375e+01 -1.698708534240722656e+01 5.493742370605468750e+01 1.333416104316711426e+00 -5.218860626220703125e+01 -1.710766410827636719e+01 4.860897827148437500e+01 1.729737281799316406e+00 -4.608134460449218750e+01 -1.537368869781494141e+01 4.430030822753906250e+01 1.652204871177673340e+00 -4.194225692749023438e+01 -1.415554428100585938e+01 3.860540008544921875e+01 -1.855359673500061035e-01 -3.708843994140625000e+01 -1.071401500701904297e+01 3.790945434570312500e+01 3.333940982818603516e+00 -3.592141342163085938e+01 -1.164747714996337891e+01 3.637115859985351562e+01 2.716603577136993408e-01 -3.463116836547851562e+01 -1.111082649230957031e+01 3.327195358276367188e+01 2.967012822628021240e-01 -3.186394119262695312e+01 -9.526684761047363281e+00 2.960008239746093750e+01 2.466591835021972656e+00 -2.810329246520996094e+01 -8.960232734680175781e+00 2.573637962341308594e+01 1.062863707542419434e+00 -2.453145408630371094e+01 -7.708405494689941406e+00 2.082657241821289062e+01 1.650702834129333496e+00 -1.964532089233398438e+01 -6.712966442108154297e+00
2.365380859375000000e+02 -9.886156463623046875e+01 -1.634813995361328125e+02 -1.394649505615234375e+02 1.151215972900390625e+02 -5.713259124755859375e+01 -8.256675720214843750e+01 -5.631677627563476562e+01 1.020219192504882812e+02 -4.223981857299804688e+01 -7.037007904052734375e+01 -6.059770584106445312e+01 9.190134429931640625e+01 -3.273805618286132812e+01 -6.775420379638671875e+01 -5.275609970092773438e+01 6.684191894531250000e+01 -2.789647102355957031e+01 -4.711312484741210938e+01 -3.834035110473632812e+01 5.876307678222656250e+01 -2.443629837036132812e+01 -4.051055145263671875e+01 -3.485486221313476562e+01 5.827722549438476562e+01 -2.167849159240722656e+01 -4.157059860229492188e+01 -3.461098861694335938e+01 2.896698570251464844e+01 -1.097419548034667969e+01 -2.119616317749023438e+01 -1.641267585754394531e+01 2.372731781005859375e+01 -9.099821090698242188e+00 -1.713298988342285156e+01 -1.366092300415039062e+01 2.203805541992187500e+01 -9.322184562683105469e+00 -1.528097629547119141e+01 -1.285552501678466797e+01 2.196313095092773438e+01 -8.869530677795410156e+00 -1.546600627899169922e+01 -1.282550048828125000e+01 2.162061119079589844e+01 -9.853994369506835938e+00 -1.479900455474853516e+01 -1.230118274688720703e+01 2.189869689941406250e+01 -9.079410552978515625e+00 -1.505186843872070312e+01 -1.305980396270751953e+01 2.025201606750488281e+01 -7.337965488433837891e+00 -1.432297801971435547e+01 -1.229354476928710938e+01 1.874601173400878906e+01 -6.967451572418212891e+00 -1.343573093414306641e+01 -1.106026268005371094e+01 1.704471397399902344e+01 -6.672953605651855469e+00 -1.224674224853515625e+01 -9.797540664672851562e+00
2.002580871582031250e+02 -1.861724853515625000e+02 -6.536865234375000000e+01 3.420590972900390625e+01 1.116443023681640625e+02 -1.034706649780273438e+02 -3.720494842529296875e+01 1.934071731567382812e+01 1.079127578735351562e+02 -9.982723236083984375e+01 -3.612617874145507812e+01 1.932987594604492188e+01 1.033582305908203125e+02 -9.578578186035156250e+01 -3.454047775268554688e+01 1.774667358398437500e+01 7.027004241943359375e+01 -6.492103576660156250e+01 -2.352721786499023438e+01 1.302337169647216797e+01 6.412663269042968750e+01 -5.951068496704101562e+01 -2.123031234741210938e+01 1.095341491699218750e+01 4.913610458374023438e+01 -4.534854888916015625e+01 -1.638490295410156250e+01 9.454165458679199219e+00 4.623399734497070312e+01 -4.295680618286132812e+01 -1.518836688995361328e+01 7.847884654998779297e+00 4.372911071777343750e+01 -4.043738174438476562e+01 -1.465440559387207031e+01 7.893126487731933594e+00 4.315781784057617188e+01 -4.008748245239257812e+01 -1.407546615600585938e+01 7.581062316894531250e+00 4.045482254028320312e+01 -3.724724578857421875e+01 -1.381902027130126953e+01 7.632179737091064453e+00 3.197740936279296875e+01 -2.918970680236816406e+01 -1.140258216857910156e+01 6.344244003295898438e+00 2.121315956115722656e+01 -1.969173812866210938e+01 -6.940639972686767578e+00 3.747272491455078125e+00 2.076408576965332031e+01 -1.937544441223144531e+01 -6.748691558837890625e+00 3.192904472351074219e+00 1.835264015197753906e+01 -1.690879249572753906e+01 -6.223573207855224609e+00 3.489881992340087891e+00 1.143703937530517578e+01 -1.063408184051513672e+01 -3.695639848709106445e+00 2.011228084564208984e+00
1.390665588378906250e+02 1.218886260986328125e+02 5.928979110717773438e+01 3.110289382934570312e+01 1.213843460083007812e+02 1.075684280395507812e+02 4.943338775634765625e+01 2.682376289367675781e+01 1.055552520751953125e+02 9.284600830078125000e+01 4.442382431030273438e+01 2.341012763977050781e+01 8.278991699218750000e+01 7.304897308349609375e+01 3.466352462768554688e+01 1.778873825073242188e+01 7.539146423339843750e+01 6.613447570800781250e+01 3.219667816162109375e+01 1.653003692626953125e+01 6.977562713623046875e+01 6.145129776000976562e+01 2.913486289978027344e+01 1.560565090179443359e+01 6.679599761962890625e+01 5.882339477539062500e+01 2.814758491516113281e+01 1.446400451660156250e+01 6.529291534423828125e+01 5.751733398437500000e+01 2.759848213195800781e+01 1.390054035186767578e+01 5.477262496948242188e+01 4.788952636718750000e+01 2.359168624877929688e+01 1.225015735626220703e+01 5.281280136108398438e+01 4.645262908935546875e+01 2.230909347534179688e+01 1.156069946289062500e+01 4.378172302246093750e+01 3.859188461303710938e+01 1.830496025085449219e+01 9.613228797912597656e+00 3.948298645019531250e+01 3.497448730468750000e+01 1.615529251098632812e+01 8.642808914184570312e+00 3.793441390991210938e+01 3.332247543334960938e+01 1.604195404052734375e+01 8.442055702209472656e+00 3.773653793334960938e+01 3.330997467041015625e+01 1.574367809295654297e+01 8.161465644836425781e+00 3.193563652038574219e+01 2.812557983398437500e+01 1.360905551910400391e+01 6.603853225708007812e+00 2.857225036621093750e+01 2.516009712219238281e+01 1.223142719268798828e+01 5.806503772735595703e+00
7.755591430664062500e+02 7.332428588867187500e+02 -3.303496551513671875e+01 -2.505104980468750000e+02 6.779125976562500000e+01 6.413717651367187500e+01 -2.548394441604614258e+00 -2.178802299499511719e+01 3.806538391113281250e+01 3.602721405029296875e+01 -1.736417055130004883e+00 -1.212903404235839844e+01 2.929729652404785156e+01 2.763961791992187500e+01 -1.037492275238037109e+00 -9.659537315368652344e+00 2.627658653259277344e+01 2.489345359802246094e+01 -1.063563585281372070e+00 -8.344141960144042969e+00 1.439618301391601562e+01 1.370835208892822266e+01 -5.832551121711730957e-01 -4.357864856719970703e+00 1.362231063842773438e+01 1.308440685272216797e+01 -5.567078590393066406e-01 -3.749095678329467773e+00 1.093890190124511719e+01 1.075810337066650391e+01 -7.640492916107177734e-01 -1.567810177803039551e+00 1.034392356872558594e+01 9.819487571716308594e+00 -4.177939295768737793e-01 -3.224880218505859375e+00 1.037222576141357422e+01 9.774506568908691406e+00 -1.711574643850326538e-01 -3.465947151184082031e+00 9.232983589172363281e+00 9.052650451660156250e+00 -1.307529926300048828e+00 -8.459754586219787598e-01 8.956122398376464844e+00 8.680436134338378906e+00 -7.951038479804992676e-01 -2.052099943161010742e+00 6.764409542083740234e+00 6.279119491577148438e+00 -4.878564476966857910e-01 -2.468174695968627930e+00 6.135561943054199219e+00 5.820115089416503906e+00 -3.351968824863433838e-01 -1.912857651710510254e+00 4.387058258056640625e+00 4.172651767730712891e+00 -1.357270628213882446e-01 -1.347900152206420898e+00 4.183825016021728516e+00 3.953567028045654297e+00 -1.484027355909347534e-01 -1.360762596130371094e+00
1.265494232177734375e+02 -2.072707366943359375e+01 1.173242187500000000e+02 -4.266055679321289062e+01 1.080413284301757812e+02 -1.796776771545410156e+01 1.001670379638671875e+02 -3.628544235229492188e+01 5.439672088623046875e+01 -9.411787033081054688e+00 5.025085449218750000e+01 -1.858102035522460938e+01 4.806428146362304688e+01 -7.530809879302978516e+00 4.451580047607421875e+01 -1.648653221130371094e+01 4.547021484375000000e+01 -8.004208564758300781e+00 4.417025756835937500e+01 -7.241660594940185547e+00 4.417218399047851562e+01 -7.603737831115722656e+00 4.289234924316406250e+01 -7.320662975311279297e+00 4.350996017456054688e+01 -7.136350154876708984e+00 4.227442550659179688e+01 -7.419029235839843750e+00 4.382347488403320312e+01 -7.659038543701171875e+00 4.065341949462890625e+01 -1.446082878112792969e+01 4.314953231811523438e+01 -6.976627826690673828e+00 3.993035888671875000e+01 -1.479040718078613281e+01 4.030192947387695312e+01 -1.730439186096191406e+01 3.515370178222656250e+01 -9.434075355529785156e+00 3.660124969482421875e+01 -1.582922935485839844e+01 3.214682388305664062e+01 -7.459838390350341797e+00 3.507334518432617188e+01 -1.462359619140625000e+01 3.110836029052734375e+01 -6.967104911804199219e+00 3.640347290039062500e+01 -6.683932781219482422e+00 3.358561706542968750e+01 -1.235008239746093750e+01 3.291135787963867188e+01 -5.344512939453125000e+00 3.045252609252929688e+01 -1.127907466888427734e+01 2.878347587585449219e+01 -4.658611774444580078e+00 2.796287727355957031e+01 -4.986310005187988281e+00 2.989285659790039062e+01 -4.830337524414062500e+00 2.770933151245117188e+01 -1.012144565582275391e+01
1.524057922363281250e+02 -1.097869873046875000e+02 -8.223528289794921875e+01 -6.641416168212890625e+01 1.338145294189453125e+02 -9.381843566894531250e+01 -6.139256286621093750e+01 -7.304201507568359375e+01 1.119900741577148438e+02 -7.808363342285156250e+01 -5.203267669677734375e+01 -6.113364791870117188e+01 7.725096130371093750e+01 -5.381423187255859375e+01 -3.696965408325195312e+01 -4.128100967407226562e+01 7.393243408203125000e+01 -5.182877349853515625e+01 -3.453719711303710938e+01 -3.983672714233398438e+01 6.901543426513671875e+01 -4.754997253417968750e+01 -3.220376968383789062e+01 -3.827594375610351562e+01 4.969303131103515625e+01 -3.638638305664062500e+01 -2.621170425415039062e+01 -2.140923118591308594e+01 3.523875045776367188e+01 -2.555052185058593750e+01 -1.883835029602050781e+01 -1.529892444610595703e+01 3.104153823852539062e+01 -2.136880302429199219e+01 -1.439270114898681641e+01 -1.731421661376953125e+01 2.858804893493652344e+01 -2.062314987182617188e+01 -1.533149242401123047e+01 -1.252549266815185547e+01 2.793764877319335938e+01 -2.025894737243652344e+01 -1.485030555725097656e+01 -1.222847938537597656e+01 2.992144775390625000e+01 -2.060550689697265625e+01 -1.430897045135498047e+01 -1.630767059326171875e+01 2.353645515441894531e+01 -1.846869468688964844e+01 -1.042895126342773438e+01 -1.020242977142333984e+01 2.516122055053710938e+01 -1.735305976867675781e+01 -1.207185363769531250e+01 -1.364656257629394531e+01 1.999952507019042969e+01 -1.507342624664306641e+01 -9.725440979003906250e+00 -8.841320991516113281e+00 2.019868278503417969e+01 -1.473837566375732422e+01 -1.014388847351074219e+01 -9.373825073242187500e+00
1.741393127441406250e+02 -1.682392272949218750e+02 4.416919326782226562e+01 8.314079284667968750e+00 1.484305267333984375e+02 -1.432410736083984375e+02 3.842208480834960938e+01 6.110888957977294922e+00 8.784096527099609375e+01 -8.502064514160156250e+01 2.194749832153320312e+01 2.415017843246459961e+00 8.473493957519531250e+01 -8.186444091796875000e+01 2.157012939453125000e+01 3.599068403244018555e+00 7.445858764648437500e+01 -7.172779846191406250e+01 1.964306640625000000e+01 3.651794433593750000e+00 6.893911743164062500e+01 -6.663868713378906250e+01 1.755835723876953125e+01 1.895348072052001953e+00 4.903885269165039062e+01 -4.736694717407226562e+01 1.248052501678466797e+01 2.327595233917236328e+00 3.710229492187500000e+01 -3.588281250000000000e+01 9.301876068115234375e+00 1.568169236183166504e+00 2.766893196105957031e+01 -2.675166130065917969e+01 7.048686981201171875e+00 4.841568768024444580e-01 2.569375228881835938e+01 -2.490232849121093750e+01 6.291236400604248047e+00 6.662347316741943359e-01 2.107662582397460938e+01 -2.047878646850585938e+01 4.951445102691650391e+00 2.905152142047882080e-01 2.080106735229492188e+01 -2.010930252075195312e+01 5.304169178009033203e+00 4.076295197010040283e-01 1.868659400939941406e+01 -1.851146697998046875e+01 -1.391677260398864746e+00 2.139534950256347656e+00 1.621990203857421875e+01 -1.565270996093750000e+01 4.208123207092285156e+00 6.079614162445068359e-01 1.334110641479492188e+01 -1.288082790374755859e+01 3.430494785308837891e+00 5.307198166847229004e-01 1.274314594268798828e+01 -1.245930671691894531e+01 2.665604591369628906e+00 1.693060994148254395e-01
1.468035278320312500e+02 -2.879057121276855469e+01 1.436810150146484375e+02 8.826021194458007812e+00 1.184123458862304688e+02 -2.360943984985351562e+01 1.158463134765625000e+02 6.592820167541503906e+00 8.861365509033203125e+01 -1.730132293701171875e+01 8.676229858398437500e+01 5.032824993133544922e+00 8.633370208740234375e+01 -1.622599983215332031e+01 8.463629150390625000e+01 5.186952114105224609e+00 7.119325256347656250e+01 -1.379416179656982422e+01 6.970563507080078125e+01 4.393769741058349609e+00 5.368033218383789062e+01 -1.100308799743652344e+01 5.243885040283203125e+01 3.264671087265014648e+00 4.413672256469726562e+01 -8.808678627014160156e+00 4.317811584472656250e+01 2.467523097991943359e+00 3.204549407958984375e+01 -6.280682086944580078e+00 3.137003326416015625e+01 1.840587973594665527e+00 3.029748344421386719e+01 -5.763857364654541016e+00 2.970341110229492188e+01 1.550348520278930664e+00 2.980443382263183594e+01 -5.622905731201171875e+00 2.920051765441894531e+01 1.942777395248413086e+00 2.462936973571777344e+01 -4.632606983184814453e+00 2.415517807006835938e+01 1.285583376884460449e+00 2.371555137634277344e+01 -7.516315460205078125e+00 2.248826599121093750e+01 4.367649555206298828e-01 2.361059570312500000e+01 -5.055331707000732422e+00 2.305364227294921875e+01 6.430876851081848145e-01 1.898424911499023438e+01 -3.627760648727416992e+00 1.860247611999511719e+01 1.090392827987670898e+00 1.821121788024902344e+01 -4.232625484466552734e+00 1.765905952453613281e+01 1.367999911308288574e+00 1.483525466918945312e+01 -3.053491115570068359e+00 1.449731826782226562e+01 7.545307278633117676e-01
1.371063232421875000e+02 -9.851339721679687500e+01 7.850422668457031250e+01 -5.413262176513671875e+01 1.218564376831054688e+02 -8.813973999023437500e+01 6.950498962402343750e+01 -4.742565536499023438e+01 9.446077728271484375e+01 -7.737134552001953125e+01 4.693536376953125000e+01 -2.708476448059082031e+01 8.954761505126953125e+01 -6.489460754394531250e+01 5.095333480834960938e+01 -3.480235671997070312e+01 7.693009185791015625e+01 -5.557856750488281250e+01 4.402111053466796875e+01 -2.985605812072753906e+01 7.261186218261718750e+01 -5.217119979858398438e+01 4.156677627563476562e+01 -2.868504142761230469e+01 6.190058898925781250e+01 -5.044112777709960938e+01 3.164741897583007812e+01 -1.689900970458984375e+01 5.574907302856445312e+01 -4.043658828735351562e+01 3.177914047241210938e+01 -2.151531028747558594e+01 5.051836013793945312e+01 -4.132109069824218750e+01 2.521571350097656250e+01 -1.444269847869873047e+01 4.079145431518554688e+01 -3.330100631713867188e+01 2.065980339050292969e+01 -1.132070350646972656e+01 2.876380538940429688e+01 -2.109592056274414062e+01 1.592256546020507812e+01 -1.133773517608642578e+01 2.827670288085937500e+01 -2.047829627990722656e+01 1.598656940460205078e+01 -1.116427135467529297e+01 2.066779327392578125e+01 -1.691101837158203125e+01 1.025260162353515625e+01 -6.003320217132568359e+00 2.042397689819335938e+01 -1.482033824920654297e+01 1.156963253021240234e+01 -7.977469444274902344e+00 1.903748703002929688e+01 -1.540644931793212891e+01 9.558095932006835938e+00 -5.806032180786132812e+00 1.785976600646972656e+01 -1.308206653594970703e+01 1.002970790863037109e+01 -6.871402263641357422e+00
