

================================================================
== Synthesis Summary Report of 'nPELICAN'
================================================================
+ General Information: 
    * Date:           Thu Sep 24 19:22:34 2026
    * Version:        2023.2 (Build 4023990 on Oct 11 2023)
    * Project:        nPELICAN_prj
    * Solution:       solution (Vivado IP Flow Target)
    * Product family: virtexuplus
    * Target device:  xcvu13p-flga2577-2-e
    

+ Performance & Resource Estimates: 
    
    PS: '+' for module; 'o' for loop; '*' for dataflow
    +------------+------+------+---------+--------+----------+---------+------+----------+------+-----------+------------+--------------+-----+
    |   Modules  | Issue|      | Latency | Latency| Iteration|         | Trip |          |      |           |            |              |     |
    |   & Loops  | Type | Slack| (cycles)|  (ns)  |  Latency | Interval| Count| Pipelined| BRAM |    DSP    |     FF     |      LUT     | URAM|
    +------------+------+------+---------+--------+----------+---------+------+----------+------+-----------+------------+--------------+-----+
    |+ nPELICAN  |     -|  0.02|       14|  70.000|         -|        1|     -|       yes|     -|  1052 (8%)|  50694 (1%)|  263753 (15%)|    -|
    +------------+------+------+---------+--------+----------+---------+------+----------+------+-----------+------------+--------------+-----+


================================================================
== HW Interfaces
================================================================
* Other Ports
+-------------+---------+-----------+----------+
| Port        | Mode    | Direction | Bitwidth |
+-------------+---------+-----------+----------+
| beam_input  | ap_vld  | in        | 96       |
| model_input | ap_vld  | in        | 960      |
| model_out   | ap_vld  | out       | 6        |
| nobj        | ap_none | in        | 5        |
+-------------+---------+-----------+----------+

* TOP LEVEL CONTROL
+-----------+------------+-----------------------------------+
| Interface | Type       | Ports                             |
+-----------+------------+-----------------------------------+
| ap_clk    | clock      | ap_clk                            |
| ap_rst    | reset      | ap_rst                            |
| ap_ctrl   | ap_ctrl_hs | ap_done ap_idle ap_ready ap_start |
+-----------+------------+-----------------------------------+


================================================================
== SW I/O Information
================================================================
* Top Function Arguments
+-------------+-----------+-------------------------------------------+
| Argument    | Direction | Datatype                                  |
+-------------+-----------+-------------------------------------------+
| model_input | in        | ap_fixed<12, 11, AP_RND_CONV, AP_SAT, 0>* |
| beam_input  | in        | ap_fixed<12, 11, AP_RND_CONV, AP_SAT, 0>* |
| nobj        | in        | ap_uint<5>                                |
| model_out   | out       | ap_fixed<6, 2, AP_RND_CONV, AP_SAT, 0>*   |
+-------------+-----------+-------------------------------------------+

* SW-to-HW Mapping
+-------------+--------------------+---------+
| Argument    | HW Interface       | HW Type |
+-------------+--------------------+---------+
| model_input | model_input_ap_vld | port    |
| model_input | model_input        | port    |
| beam_input  | beam_input_ap_vld  | port    |
| beam_input  | beam_input         | port    |
| nobj        | nobj               | port    |
| model_out   | model_out          | port    |
| model_out   | model_out_ap_vld   | port    |
+-------------+--------------------+---------+


================================================================
== Bind Op Report
================================================================
+-------------------------------------------------+------+--------+----------------+-----+-----------+---------+
| Name                                            | DSP  | Pragma | Variable       | Op  | Impl      | Latency |
+-------------------------------------------------+------+--------+----------------+-----+-----------+---------+
| + nPELICAN                                      | 1052 |        |                |     |           |         |
|   nobj_1_fu_720_p2                              |      |        | nobj_1         | add | fabric    | 0       |
|   mul_12s_12s_24_1_1_U4                         | 1    |        | mul_ln40       | mul | auto      | 0       |
|   mac_mulsub_12s_12s_24s_24_1_1_U538            | 1    |        | mul_ln40_1     | mul | dsp_slice | 0       |
|   mac_mulsub_12s_12s_24s_24_1_1_U538            | 1    |        | sub_ln40       | sub | dsp_slice | 0       |
|   mac_mulsub_12s_12s_24s_25_1_1_U791            | 1    |        | mul_ln40_2     | mul | dsp_slice | 0       |
|   mac_mulsub_12s_12s_24s_25_1_1_U791            | 1    |        | sub_ln40_1     | sub | dsp_slice | 0       |
|   mac_mulsub_12s_12s_25s_25_1_1_U1044           | 1    |        | mul_ln40_3     | mul | dsp_slice | 0       |
|   mac_mulsub_12s_12s_25s_25_1_1_U1044           | 1    |        | sub_ln40_2     | sub | dsp_slice | 0       |
|   add_ln40_fu_4942_p2                           |      |        | add_ln40       | add | fabric    | 0       |
|   mul_12s_12s_24_1_1_U5                         | 1    |        | mul_ln40_4     | mul | auto      | 0       |
|   mac_mulsub_12s_12s_24s_24_1_1_U539            | 1    |        | mul_ln40_5     | mul | dsp_slice | 0       |
|   mac_mulsub_12s_12s_24s_24_1_1_U539            | 1    |        | sub_ln40_3     | sub | dsp_slice | 0       |
|   mac_mulsub_12s_12s_24s_25_1_1_U792            | 1    |        | mul_ln40_6     | mul | dsp_slice | 0       |
|   mac_mulsub_12s_12s_24s_25_1_1_U792            | 1    |        | sub_ln40_4     | sub | dsp_slice | 0       |
|   mac_mulsub_12s_12s_25s_25_1_1_U1045           | 1    |        | mul_ln40_7     | mul | dsp_slice | 0       |
|   mac_mulsub_12s_12s_25s_25_1_1_U1045           | 1    |        | sub_ln40_5     | sub | dsp_slice | 0       |
|   add_ln40_1_fu_5134_p2                         |      |        | add_ln40_1     | add | fabric    | 0       |
|   mul_12s_12s_24_1_1_U6                         | 1    |        | mul_ln40_8     | mul | auto      | 0       |
|   mac_mulsub_12s_12s_24s_24_1_1_U540            | 1    |        | mul_ln40_9     | mul | dsp_slice | 0       |
|   mac_mulsub_12s_12s_24s_24_1_1_U540            | 1    |        | sub_ln40_6     | sub | dsp_slice | 0       |
|   mac_mulsub_12s_12s_24s_25_1_1_U793            | 1    |        | mul_ln40_10    | mul | dsp_slice | 0       |
|   mac_mulsub_12s_12s_24s_25_1_1_U793            | 1    |        | sub_ln40_7     | sub | dsp_slice | 0       |
|   mac_mulsub_12s_12s_25s_25_1_1_U1046           | 1    |        | mul_ln40_11    | mul | dsp_slice | 0       |
|   mac_mulsub_12s_12s_25s_25_1_1_U1046           | 1    |        | sub_ln40_8     | sub | dsp_slice | 0       |
|   add_ln40_2_fu_5326_p2                         |      |        | add_ln40_2     | add | fabric    | 0       |
|   mul_12s_12s_24_1_1_U7                         | 1    |        | mul_ln40_12    | mul | auto      | 0       |
|   mac_mulsub_12s_12s_24s_24_1_1_U541            | 1    |        | mul_ln40_13    | mul | dsp_slice | 0       |
|   mac_mulsub_12s_12s_24s_24_1_1_U541            | 1    |        | sub_ln40_9     | sub | dsp_slice | 0       |
|   mac_mulsub_12s_12s_24s_25_1_1_U794            | 1    |        | mul_ln40_14    | mul | dsp_slice | 0       |
|   mac_mulsub_12s_12s_24s_25_1_1_U794            | 1    |        | sub_ln40_10    | sub | dsp_slice | 0       |
|   mac_mulsub_12s_12s_25s_25_1_1_U1047           | 1    |        | mul_ln40_15    | mul | dsp_slice | 0       |
|   mac_mulsub_12s_12s_25s_25_1_1_U1047           | 1    |        | sub_ln40_11    | sub | dsp_slice | 0       |
|   add_ln40_3_fu_5518_p2                         |      |        | add_ln40_3     | add | fabric    | 0       |
|   mul_12s_12s_24_1_1_U8                         | 1    |        | mul_ln40_16    | mul | auto      | 0       |
|   mac_mulsub_12s_12s_24s_24_1_1_U542            | 1    |        | mul_ln40_17    | mul | dsp_slice | 0       |
|   mac_mulsub_12s_12s_24s_24_1_1_U542            | 1    |        | sub_ln40_12    | sub | dsp_slice | 0       |
|   mac_mulsub_12s_12s_24s_25_1_1_U795            | 1    |        | mul_ln40_18    | mul | dsp_slice | 0       |
|   mac_mulsub_12s_12s_24s_25_1_1_U795            | 1    |        | sub_ln40_13    | sub | dsp_slice | 0       |
|   mac_mulsub_12s_12s_25s_25_1_1_U1048           | 1    |        | mul_ln40_19    | mul | dsp_slice | 0       |
|   mac_mulsub_12s_12s_25s_25_1_1_U1048           | 1    |        | sub_ln40_14    | sub | dsp_slice | 0       |
|   add_ln40_4_fu_5710_p2                         |      |        | add_ln40_4     | add | fabric    | 0       |
|   mul_12s_12s_24_1_1_U9                         | 1    |        | mul_ln40_20    | mul | auto      | 0       |
|   mac_mulsub_12s_12s_24s_24_1_1_U543            | 1    |        | mul_ln40_21    | mul | dsp_slice | 0       |
|   mac_mulsub_12s_12s_24s_24_1_1_U543            | 1    |        | sub_ln40_15    | sub | dsp_slice | 0       |
|   mac_mulsub_12s_12s_24s_25_1_1_U796            | 1    |        | mul_ln40_22    | mul | dsp_slice | 0       |
|   mac_mulsub_12s_12s_24s_25_1_1_U796            | 1    |        | sub_ln40_16    | sub | dsp_slice | 0       |
|   mac_mulsub_12s_12s_25s_25_1_1_U1049           | 1    |        | mul_ln40_23    | mul | dsp_slice | 0       |
|   mac_mulsub_12s_12s_25s_25_1_1_U1049           | 1    |        | sub_ln40_17    | sub | dsp_slice | 0       |
|   add_ln40_5_fu_5902_p2                         |      |        | add_ln40_5     | add | fabric    | 0       |
|   mul_12s_12s_24_1_1_U10                        | 1    |        | mul_ln40_24    | mul | auto      | 0       |
|   mac_mulsub_12s_12s_24s_24_1_1_U544            | 1    |        | mul_ln40_25    | mul | dsp_slice | 0       |
|   mac_mulsub_12s_12s_24s_24_1_1_U544            | 1    |        | sub_ln40_18    | sub | dsp_slice | 0       |
|   mac_mulsub_12s_12s_24s_25_1_1_U797            | 1    |        | mul_ln40_26    | mul | dsp_slice | 0       |
|   mac_mulsub_12s_12s_24s_25_1_1_U797            | 1    |        | sub_ln40_19    | sub | dsp_slice | 0       |
|   mac_mulsub_12s_12s_25s_25_1_1_U1050           | 1    |        | mul_ln40_27    | mul | dsp_slice | 0       |
|   mac_mulsub_12s_12s_25s_25_1_1_U1050           | 1    |        | sub_ln40_20    | sub | dsp_slice | 0       |
|   add_ln40_6_fu_6094_p2                         |      |        | add_ln40_6     | add | fabric    | 0       |
|   mul_12s_12s_24_1_1_U11                        | 1    |        | mul_ln40_28    | mul | auto      | 0       |
|   mac_mulsub_12s_12s_24s_24_1_1_U545            | 1    |        | mul_ln40_29    | mul | dsp_slice | 0       |
|   mac_mulsub_12s_12s_24s_24_1_1_U545            | 1    |        | sub_ln40_21    | sub | dsp_slice | 0       |
|   mac_mulsub_12s_12s_24s_25_1_1_U798            | 1    |        | mul_ln40_30    | mul | dsp_slice | 0       |
|   mac_mulsub_12s_12s_24s_25_1_1_U798            | 1    |        | sub_ln40_22    | sub | dsp_slice | 0       |
|   mac_mulsub_12s_12s_25s_25_1_1_U1051           | 1    |        | mul_ln40_31    | mul | dsp_slice | 0       |
|   mac_mulsub_12s_12s_25s_25_1_1_U1051           | 1    |        | sub_ln40_23    | sub | dsp_slice | 0       |
|   add_ln40_7_fu_6286_p2                         |      |        | add_ln40_7     | add | fabric    | 0       |
|   mul_12s_12s_24_1_1_U12                        | 1    |        | mul_ln40_32    | mul | auto      | 0       |
|   mac_mulsub_12s_12s_24s_24_1_1_U546            | 1    |        | mul_ln40_33    | mul | dsp_slice | 0       |
|   mac_mulsub_12s_12s_24s_24_1_1_U546            | 1    |        | sub_ln40_24    | sub | dsp_slice | 0       |
|   mac_mulsub_12s_12s_24s_25_1_1_U799            | 1    |        | mul_ln40_34    | mul | dsp_slice | 0       |
|   mac_mulsub_12s_12s_24s_25_1_1_U799            | 1    |        | sub_ln40_25    | sub | dsp_slice | 0       |
|   mac_mulsub_12s_12s_25s_25_1_1_U1052           | 1    |        | mul_ln40_35    | mul | dsp_slice | 0       |
|   mac_mulsub_12s_12s_25s_25_1_1_U1052           | 1    |        | sub_ln40_26    | sub | dsp_slice | 0       |
|   add_ln40_8_fu_6478_p2                         |      |        | add_ln40_8     | add | fabric    | 0       |
|   mul_12s_12s_24_1_1_U13                        | 1    |        | mul_ln40_36    | mul | auto      | 0       |
|   mac_mulsub_12s_12s_24s_24_1_1_U547            | 1    |        | mul_ln40_37    | mul | dsp_slice | 0       |
|   mac_mulsub_12s_12s_24s_24_1_1_U547            | 1    |        | sub_ln40_27    | sub | dsp_slice | 0       |
|   mac_mulsub_12s_12s_24s_25_1_1_U800            | 1    |        | mul_ln40_38    | mul | dsp_slice | 0       |
|   mac_mulsub_12s_12s_24s_25_1_1_U800            | 1    |        | sub_ln40_28    | sub | dsp_slice | 0       |
|   mac_mulsub_12s_12s_25s_25_1_1_U1053           | 1    |        | mul_ln40_39    | mul | dsp_slice | 0       |
|   mac_mulsub_12s_12s_25s_25_1_1_U1053           | 1    |        | sub_ln40_29    | sub | dsp_slice | 0       |
|   add_ln40_9_fu_6670_p2                         |      |        | add_ln40_9     | add | fabric    | 0       |
|   mul_12s_12s_24_1_1_U14                        | 1    |        | mul_ln40_40    | mul | auto      | 0       |
|   mac_mulsub_12s_12s_24s_24_1_1_U548            | 1    |        | mul_ln40_41    | mul | dsp_slice | 0       |
|   mac_mulsub_12s_12s_24s_24_1_1_U548            | 1    |        | sub_ln40_30    | sub | dsp_slice | 0       |
|   mac_mulsub_12s_12s_24s_25_1_1_U801            | 1    |        | mul_ln40_42    | mul | dsp_slice | 0       |
|   mac_mulsub_12s_12s_24s_25_1_1_U801            | 1    |        | sub_ln40_31    | sub | dsp_slice | 0       |
|   mac_mulsub_12s_12s_25s_25_1_1_U1054           | 1    |        | mul_ln40_43    | mul | dsp_slice | 0       |
|   mac_mulsub_12s_12s_25s_25_1_1_U1054           | 1    |        | sub_ln40_32    | sub | dsp_slice | 0       |
|   add_ln40_10_fu_6862_p2                        |      |        | add_ln40_10    | add | fabric    | 0       |
|   mul_12s_12s_24_1_1_U15                        | 1    |        | mul_ln40_44    | mul | auto      | 0       |
|   mac_mulsub_12s_12s_24s_24_1_1_U549            | 1    |        | mul_ln40_45    | mul | dsp_slice | 0       |
|   mac_mulsub_12s_12s_24s_24_1_1_U549            | 1    |        | sub_ln40_33    | sub | dsp_slice | 0       |
|   mac_mulsub_12s_12s_24s_25_1_1_U802            | 1    |        | mul_ln40_46    | mul | dsp_slice | 0       |
|   mac_mulsub_12s_12s_24s_25_1_1_U802            | 1    |        | sub_ln40_34    | sub | dsp_slice | 0       |
|   mac_mulsub_12s_12s_25s_25_1_1_U1055           | 1    |        | mul_ln40_47    | mul | dsp_slice | 0       |
|   mac_mulsub_12s_12s_25s_25_1_1_U1055           | 1    |        | sub_ln40_35    | sub | dsp_slice | 0       |
|   add_ln40_11_fu_7054_p2                        |      |        | add_ln40_11    | add | fabric    | 0       |
|   mul_12s_12s_24_1_1_U16                        | 1    |        | mul_ln40_48    | mul | auto      | 0       |
|   mac_mulsub_12s_12s_24s_24_1_1_U550            | 1    |        | mul_ln40_49    | mul | dsp_slice | 0       |
|   mac_mulsub_12s_12s_24s_24_1_1_U550            | 1    |        | sub_ln40_36    | sub | dsp_slice | 0       |
|   mac_mulsub_12s_12s_24s_25_1_1_U803            | 1    |        | mul_ln40_50    | mul | dsp_slice | 0       |
|   mac_mulsub_12s_12s_24s_25_1_1_U803            | 1    |        | sub_ln40_37    | sub | dsp_slice | 0       |
|   mac_mulsub_12s_12s_25s_25_1_1_U1056           | 1    |        | mul_ln40_51    | mul | dsp_slice | 0       |
|   mac_mulsub_12s_12s_25s_25_1_1_U1056           | 1    |        | sub_ln40_38    | sub | dsp_slice | 0       |
|   add_ln40_12_fu_7246_p2                        |      |        | add_ln40_12    | add | fabric    | 0       |
|   mul_12s_12s_24_1_1_U17                        | 1    |        | mul_ln40_52    | mul | auto      | 0       |
|   mac_mulsub_12s_12s_24s_24_1_1_U551            | 1    |        | mul_ln40_53    | mul | dsp_slice | 0       |
|   mac_mulsub_12s_12s_24s_24_1_1_U551            | 1    |        | sub_ln40_39    | sub | dsp_slice | 0       |
|   mac_mulsub_12s_12s_24s_25_1_1_U804            | 1    |        | mul_ln40_54    | mul | dsp_slice | 0       |
|   mac_mulsub_12s_12s_24s_25_1_1_U804            | 1    |        | sub_ln40_40    | sub | dsp_slice | 0       |
|   mac_mulsub_12s_12s_25s_25_1_1_U1057           | 1    |        | mul_ln40_55    | mul | dsp_slice | 0       |
|   mac_mulsub_12s_12s_25s_25_1_1_U1057           | 1    |        | sub_ln40_41    | sub | dsp_slice | 0       |
|   add_ln40_13_fu_7438_p2                        |      |        | add_ln40_13    | add | fabric    | 0       |
|   mul_12s_12s_24_1_1_U18                        | 1    |        | mul_ln40_56    | mul | auto      | 0       |
|   mac_mulsub_12s_12s_24s_24_1_1_U552            | 1    |        | mul_ln40_57    | mul | dsp_slice | 0       |
|   mac_mulsub_12s_12s_24s_24_1_1_U552            | 1    |        | sub_ln40_42    | sub | dsp_slice | 0       |
|   mac_mulsub_12s_12s_24s_25_1_1_U805            | 1    |        | mul_ln40_58    | mul | dsp_slice | 0       |
|   mac_mulsub_12s_12s_24s_25_1_1_U805            | 1    |        | sub_ln40_43    | sub | dsp_slice | 0       |
|   mac_mulsub_12s_12s_25s_25_1_1_U1058           | 1    |        | mul_ln40_59    | mul | dsp_slice | 0       |
|   mac_mulsub_12s_12s_25s_25_1_1_U1058           | 1    |        | sub_ln40_44    | sub | dsp_slice | 0       |
|   add_ln40_14_fu_7630_p2                        |      |        | add_ln40_14    | add | fabric    | 0       |
|   mul_12s_12s_24_1_1_U19                        | 1    |        | mul_ln40_60    | mul | auto      | 0       |
|   mac_mulsub_12s_12s_24s_24_1_1_U553            | 1    |        | mul_ln40_61    | mul | dsp_slice | 0       |
|   mac_mulsub_12s_12s_24s_24_1_1_U553            | 1    |        | sub_ln40_45    | sub | dsp_slice | 0       |
|   mac_mulsub_12s_12s_24s_25_1_1_U806            | 1    |        | mul_ln40_62    | mul | dsp_slice | 0       |
|   mac_mulsub_12s_12s_24s_25_1_1_U806            | 1    |        | sub_ln40_46    | sub | dsp_slice | 0       |
|   mac_mulsub_12s_12s_25s_25_1_1_U1059           | 1    |        | mul_ln40_63    | mul | dsp_slice | 0       |
|   mac_mulsub_12s_12s_25s_25_1_1_U1059           | 1    |        | sub_ln40_47    | sub | dsp_slice | 0       |
|   add_ln40_15_fu_7822_p2                        |      |        | add_ln40_15    | add | fabric    | 0       |
|   mul_12s_12s_24_1_1_U20                        | 1    |        | mul_ln40_64    | mul | auto      | 0       |
|   mac_mulsub_12s_12s_24s_24_1_1_U554            | 1    |        | mul_ln40_65    | mul | dsp_slice | 0       |
|   mac_mulsub_12s_12s_24s_24_1_1_U554            | 1    |        | sub_ln40_48    | sub | dsp_slice | 0       |
|   mac_mulsub_12s_12s_24s_25_1_1_U807            | 1    |        | mul_ln40_66    | mul | dsp_slice | 0       |
|   mac_mulsub_12s_12s_24s_25_1_1_U807            | 1    |        | sub_ln40_49    | sub | dsp_slice | 0       |
|   mac_mulsub_12s_12s_25s_25_1_1_U1060           | 1    |        | mul_ln40_67    | mul | dsp_slice | 0       |
|   mac_mulsub_12s_12s_25s_25_1_1_U1060           | 1    |        | sub_ln40_50    | sub | dsp_slice | 0       |
|   add_ln40_16_fu_8014_p2                        |      |        | add_ln40_16    | add | fabric    | 0       |
|   mul_12s_12s_24_1_1_U21                        | 1    |        | mul_ln40_68    | mul | auto      | 0       |
|   mac_mulsub_12s_12s_24s_24_1_1_U555            | 1    |        | mul_ln40_69    | mul | dsp_slice | 0       |
|   mac_mulsub_12s_12s_24s_24_1_1_U555            | 1    |        | sub_ln40_51    | sub | dsp_slice | 0       |
|   mac_mulsub_12s_12s_24s_25_1_1_U808            | 1    |        | mul_ln40_70    | mul | dsp_slice | 0       |
|   mac_mulsub_12s_12s_24s_25_1_1_U808            | 1    |        | sub_ln40_52    | sub | dsp_slice | 0       |
|   mac_mulsub_12s_12s_25s_25_1_1_U1061           | 1    |        | mul_ln40_71    | mul | dsp_slice | 0       |
|   mac_mulsub_12s_12s_25s_25_1_1_U1061           | 1    |        | sub_ln40_53    | sub | dsp_slice | 0       |
|   add_ln40_17_fu_8206_p2                        |      |        | add_ln40_17    | add | fabric    | 0       |
|   mul_12s_12s_24_1_1_U22                        | 1    |        | mul_ln40_72    | mul | auto      | 0       |
|   mac_mulsub_12s_12s_24s_24_1_1_U556            | 1    |        | mul_ln40_73    | mul | dsp_slice | 0       |
|   mac_mulsub_12s_12s_24s_24_1_1_U556            | 1    |        | sub_ln40_54    | sub | dsp_slice | 0       |
|   mac_mulsub_12s_12s_24s_25_1_1_U809            | 1    |        | mul_ln40_74    | mul | dsp_slice | 0       |
|   mac_mulsub_12s_12s_24s_25_1_1_U809            | 1    |        | sub_ln40_55    | sub | dsp_slice | 0       |
|   mac_mulsub_12s_12s_25s_25_1_1_U1062           | 1    |        | mul_ln40_75    | mul | dsp_slice | 0       |
|   mac_mulsub_12s_12s_25s_25_1_1_U1062           | 1    |        | sub_ln40_56    | sub | dsp_slice | 0       |
|   add_ln40_18_fu_8398_p2                        |      |        | add_ln40_18    | add | fabric    | 0       |
|   mul_12s_12s_24_1_1_U23                        | 1    |        | mul_ln40_76    | mul | auto      | 0       |
|   mac_mulsub_12s_12s_24s_24_1_1_U557            | 1    |        | mul_ln40_77    | mul | dsp_slice | 0       |
|   mac_mulsub_12s_12s_24s_24_1_1_U557            | 1    |        | sub_ln40_57    | sub | dsp_slice | 0       |
|   mac_mulsub_12s_12s_24s_25_1_1_U810            | 1    |        | mul_ln40_78    | mul | dsp_slice | 0       |
|   mac_mulsub_12s_12s_24s_25_1_1_U810            | 1    |        | sub_ln40_58    | sub | dsp_slice | 0       |
|   mac_mulsub_12s_12s_25s_25_1_1_U1063           | 1    |        | mul_ln40_79    | mul | dsp_slice | 0       |
|   mac_mulsub_12s_12s_25s_25_1_1_U1063           | 1    |        | sub_ln40_59    | sub | dsp_slice | 0       |
|   add_ln40_19_fu_8590_p2                        |      |        | add_ln40_19    | add | fabric    | 0       |
|   mul_12s_12s_24_1_1_U24                        | 1    |        | mul_ln40_80    | mul | auto      | 0       |
|   mac_mulsub_12s_12s_24s_24_1_1_U558            | 1    |        | mul_ln40_81    | mul | dsp_slice | 0       |
|   mac_mulsub_12s_12s_24s_24_1_1_U558            | 1    |        | sub_ln40_60    | sub | dsp_slice | 0       |
|   mac_mulsub_12s_12s_24s_25_1_1_U811            | 1    |        | mul_ln40_82    | mul | dsp_slice | 0       |
|   mac_mulsub_12s_12s_24s_25_1_1_U811            | 1    |        | sub_ln40_61    | sub | dsp_slice | 0       |
|   mac_mulsub_12s_12s_25s_25_1_1_U1064           | 1    |        | mul_ln40_83    | mul | dsp_slice | 0       |
|   mac_mulsub_12s_12s_25s_25_1_1_U1064           | 1    |        | sub_ln40_62    | sub | dsp_slice | 0       |
|   add_ln40_20_fu_8782_p2                        |      |        | add_ln40_20    | add | fabric    | 0       |
|   mul_12s_12s_24_1_1_U25                        | 1    |        | mul_ln40_84    | mul | auto      | 0       |
|   mac_mulsub_12s_12s_24s_24_1_1_U559            | 1    |        | mul_ln40_85    | mul | dsp_slice | 0       |
|   mac_mulsub_12s_12s_24s_24_1_1_U559            | 1    |        | sub_ln40_63    | sub | dsp_slice | 0       |
|   mac_mulsub_12s_12s_24s_25_1_1_U812            | 1    |        | mul_ln40_86    | mul | dsp_slice | 0       |
|   mac_mulsub_12s_12s_24s_25_1_1_U812            | 1    |        | sub_ln40_64    | sub | dsp_slice | 0       |
|   mac_mulsub_12s_12s_25s_25_1_1_U1065           | 1    |        | mul_ln40_87    | mul | dsp_slice | 0       |
|   mac_mulsub_12s_12s_25s_25_1_1_U1065           | 1    |        | sub_ln40_65    | sub | dsp_slice | 0       |
|   add_ln40_21_fu_8974_p2                        |      |        | add_ln40_21    | add | fabric    | 0       |
|   mul_12s_12s_24_1_1_U26                        | 1    |        | mul_ln40_88    | mul | auto      | 0       |
|   mac_mulsub_12s_12s_24s_24_1_1_U560            | 1    |        | mul_ln40_89    | mul | dsp_slice | 0       |
|   mac_mulsub_12s_12s_24s_24_1_1_U560            | 1    |        | sub_ln40_66    | sub | dsp_slice | 0       |
|   mac_mulsub_12s_12s_24s_25_1_1_U813            | 1    |        | mul_ln40_90    | mul | dsp_slice | 0       |
|   mac_mulsub_12s_12s_24s_25_1_1_U813            | 1    |        | sub_ln40_67    | sub | dsp_slice | 0       |
|   mac_mulsub_12s_12s_25s_25_1_1_U1066           | 1    |        | mul_ln40_91    | mul | dsp_slice | 0       |
|   mac_mulsub_12s_12s_25s_25_1_1_U1066           | 1    |        | sub_ln40_68    | sub | dsp_slice | 0       |
|   add_ln40_22_fu_9163_p2                        |      |        | add_ln40_22    | add | fabric    | 0       |
|   mul_12s_12s_24_1_1_U27                        | 1    |        | mul_ln40_92    | mul | auto      | 0       |
|   mac_mulsub_12s_12s_24s_24_1_1_U561            | 1    |        | mul_ln40_93    | mul | dsp_slice | 0       |
|   mac_mulsub_12s_12s_24s_24_1_1_U561            | 1    |        | sub_ln40_69    | sub | dsp_slice | 0       |
|   mac_mulsub_12s_12s_24s_25_1_1_U814            | 1    |        | mul_ln40_94    | mul | dsp_slice | 0       |
|   mac_mulsub_12s_12s_24s_25_1_1_U814            | 1    |        | sub_ln40_70    | sub | dsp_slice | 0       |
|   mac_mulsub_12s_12s_25s_25_1_1_U1067           | 1    |        | mul_ln40_95    | mul | dsp_slice | 0       |
|   mac_mulsub_12s_12s_25s_25_1_1_U1067           | 1    |        | sub_ln40_71    | sub | dsp_slice | 0       |
|   add_ln40_23_fu_9352_p2                        |      |        | add_ln40_23    | add | fabric    | 0       |
|   mul_12s_12s_24_1_1_U28                        | 1    |        | mul_ln40_96    | mul | auto      | 0       |
|   mac_mulsub_12s_12s_24s_24_1_1_U562            | 1    |        | mul_ln40_97    | mul | dsp_slice | 0       |
|   mac_mulsub_12s_12s_24s_24_1_1_U562            | 1    |        | sub_ln40_72    | sub | dsp_slice | 0       |
|   mac_mulsub_12s_12s_24s_25_1_1_U815            | 1    |        | mul_ln40_98    | mul | dsp_slice | 0       |
|   mac_mulsub_12s_12s_24s_25_1_1_U815            | 1    |        | sub_ln40_73    | sub | dsp_slice | 0       |
|   mac_mulsub_12s_12s_25s_25_1_1_U1068           | 1    |        | mul_ln40_99    | mul | dsp_slice | 0       |
|   mac_mulsub_12s_12s_25s_25_1_1_U1068           | 1    |        | sub_ln40_74    | sub | dsp_slice | 0       |
|   add_ln40_24_fu_9541_p2                        |      |        | add_ln40_24    | add | fabric    | 0       |
|   mul_12s_12s_24_1_1_U29                        | 1    |        | mul_ln40_100   | mul | auto      | 0       |
|   mac_mulsub_12s_12s_24s_24_1_1_U563            | 1    |        | mul_ln40_101   | mul | dsp_slice | 0       |
|   mac_mulsub_12s_12s_24s_24_1_1_U563            | 1    |        | sub_ln40_75    | sub | dsp_slice | 0       |
|   mac_mulsub_12s_12s_24s_25_1_1_U816            | 1    |        | mul_ln40_102   | mul | dsp_slice | 0       |
|   mac_mulsub_12s_12s_24s_25_1_1_U816            | 1    |        | sub_ln40_76    | sub | dsp_slice | 0       |
|   mac_mulsub_12s_12s_25s_25_1_1_U1069           | 1    |        | mul_ln40_103   | mul | dsp_slice | 0       |
|   mac_mulsub_12s_12s_25s_25_1_1_U1069           | 1    |        | sub_ln40_77    | sub | dsp_slice | 0       |
|   add_ln40_25_fu_9730_p2                        |      |        | add_ln40_25    | add | fabric    | 0       |
|   mul_12s_12s_24_1_1_U30                        | 1    |        | mul_ln40_104   | mul | auto      | 0       |
|   mac_mulsub_12s_12s_24s_24_1_1_U564            | 1    |        | mul_ln40_105   | mul | dsp_slice | 0       |
|   mac_mulsub_12s_12s_24s_24_1_1_U564            | 1    |        | sub_ln40_78    | sub | dsp_slice | 0       |
|   mac_mulsub_12s_12s_24s_25_1_1_U817            | 1    |        | mul_ln40_106   | mul | dsp_slice | 0       |
|   mac_mulsub_12s_12s_24s_25_1_1_U817            | 1    |        | sub_ln40_79    | sub | dsp_slice | 0       |
|   mac_mulsub_12s_12s_25s_25_1_1_U1070           | 1    |        | mul_ln40_107   | mul | dsp_slice | 0       |
|   mac_mulsub_12s_12s_25s_25_1_1_U1070           | 1    |        | sub_ln40_80    | sub | dsp_slice | 0       |
|   add_ln40_26_fu_9919_p2                        |      |        | add_ln40_26    | add | fabric    | 0       |
|   mul_12s_12s_24_1_1_U31                        | 1    |        | mul_ln40_108   | mul | auto      | 0       |
|   mac_mulsub_12s_12s_24s_24_1_1_U565            | 1    |        | mul_ln40_109   | mul | dsp_slice | 0       |
|   mac_mulsub_12s_12s_24s_24_1_1_U565            | 1    |        | sub_ln40_81    | sub | dsp_slice | 0       |
|   mac_mulsub_12s_12s_24s_25_1_1_U818            | 1    |        | mul_ln40_110   | mul | dsp_slice | 0       |
|   mac_mulsub_12s_12s_24s_25_1_1_U818            | 1    |        | sub_ln40_82    | sub | dsp_slice | 0       |
|   mac_mulsub_12s_12s_25s_25_1_1_U1071           | 1    |        | mul_ln40_111   | mul | dsp_slice | 0       |
|   mac_mulsub_12s_12s_25s_25_1_1_U1071           | 1    |        | sub_ln40_83    | sub | dsp_slice | 0       |
|   add_ln40_27_fu_10108_p2                       |      |        | add_ln40_27    | add | fabric    | 0       |
|   mul_12s_12s_24_1_1_U32                        | 1    |        | mul_ln40_112   | mul | auto      | 0       |
|   mac_mulsub_12s_12s_24s_24_1_1_U566            | 1    |        | mul_ln40_113   | mul | dsp_slice | 0       |
|   mac_mulsub_12s_12s_24s_24_1_1_U566            | 1    |        | sub_ln40_84    | sub | dsp_slice | 0       |
|   mac_mulsub_12s_12s_24s_25_1_1_U819            | 1    |        | mul_ln40_114   | mul | dsp_slice | 0       |
|   mac_mulsub_12s_12s_24s_25_1_1_U819            | 1    |        | sub_ln40_85    | sub | dsp_slice | 0       |
|   mac_mulsub_12s_12s_25s_25_1_1_U1072           | 1    |        | mul_ln40_115   | mul | dsp_slice | 0       |
|   mac_mulsub_12s_12s_25s_25_1_1_U1072           | 1    |        | sub_ln40_86    | sub | dsp_slice | 0       |
|   add_ln40_28_fu_10297_p2                       |      |        | add_ln40_28    | add | fabric    | 0       |
|   mul_12s_12s_24_1_1_U33                        | 1    |        | mul_ln40_116   | mul | auto      | 0       |
|   mac_mulsub_12s_12s_24s_24_1_1_U567            | 1    |        | mul_ln40_117   | mul | dsp_slice | 0       |
|   mac_mulsub_12s_12s_24s_24_1_1_U567            | 1    |        | sub_ln40_87    | sub | dsp_slice | 0       |
|   mac_mulsub_12s_12s_24s_25_1_1_U820            | 1    |        | mul_ln40_118   | mul | dsp_slice | 0       |
|   mac_mulsub_12s_12s_24s_25_1_1_U820            | 1    |        | sub_ln40_88    | sub | dsp_slice | 0       |
|   mac_mulsub_12s_12s_25s_25_1_1_U1073           | 1    |        | mul_ln40_119   | mul | dsp_slice | 0       |
|   mac_mulsub_12s_12s_25s_25_1_1_U1073           | 1    |        | sub_ln40_89    | sub | dsp_slice | 0       |
|   add_ln40_29_fu_10486_p2                       |      |        | add_ln40_29    | add | fabric    | 0       |
|   mul_12s_12s_24_1_1_U34                        | 1    |        | mul_ln40_120   | mul | auto      | 0       |
|   mac_mulsub_12s_12s_24s_24_1_1_U568            | 1    |        | mul_ln40_121   | mul | dsp_slice | 0       |
|   mac_mulsub_12s_12s_24s_24_1_1_U568            | 1    |        | sub_ln40_90    | sub | dsp_slice | 0       |
|   mac_mulsub_12s_12s_24s_25_1_1_U821            | 1    |        | mul_ln40_122   | mul | dsp_slice | 0       |
|   mac_mulsub_12s_12s_24s_25_1_1_U821            | 1    |        | sub_ln40_91    | sub | dsp_slice | 0       |
|   mac_mulsub_12s_12s_25s_25_1_1_U1074           | 1    |        | mul_ln40_123   | mul | dsp_slice | 0       |
|   mac_mulsub_12s_12s_25s_25_1_1_U1074           | 1    |        | sub_ln40_92    | sub | dsp_slice | 0       |
|   add_ln40_30_fu_10675_p2                       |      |        | add_ln40_30    | add | fabric    | 0       |
|   mul_12s_12s_24_1_1_U35                        | 1    |        | mul_ln40_124   | mul | auto      | 0       |
|   mac_mulsub_12s_12s_24s_24_1_1_U569            | 1    |        | mul_ln40_125   | mul | dsp_slice | 0       |
|   mac_mulsub_12s_12s_24s_24_1_1_U569            | 1    |        | sub_ln40_93    | sub | dsp_slice | 0       |
|   mac_mulsub_12s_12s_24s_25_1_1_U822            | 1    |        | mul_ln40_126   | mul | dsp_slice | 0       |
|   mac_mulsub_12s_12s_24s_25_1_1_U822            | 1    |        | sub_ln40_94    | sub | dsp_slice | 0       |
|   mac_mulsub_12s_12s_25s_25_1_1_U1075           | 1    |        | mul_ln40_127   | mul | dsp_slice | 0       |
|   mac_mulsub_12s_12s_25s_25_1_1_U1075           | 1    |        | sub_ln40_95    | sub | dsp_slice | 0       |
|   add_ln40_31_fu_10864_p2                       |      |        | add_ln40_31    | add | fabric    | 0       |
|   mul_12s_12s_24_1_1_U36                        | 1    |        | mul_ln40_128   | mul | auto      | 0       |
|   mac_mulsub_12s_12s_24s_24_1_1_U570            | 1    |        | mul_ln40_129   | mul | dsp_slice | 0       |
|   mac_mulsub_12s_12s_24s_24_1_1_U570            | 1    |        | sub_ln40_96    | sub | dsp_slice | 0       |
|   mac_mulsub_12s_12s_24s_25_1_1_U823            | 1    |        | mul_ln40_130   | mul | dsp_slice | 0       |
|   mac_mulsub_12s_12s_24s_25_1_1_U823            | 1    |        | sub_ln40_97    | sub | dsp_slice | 0       |
|   mac_mulsub_12s_12s_25s_25_1_1_U1076           | 1    |        | mul_ln40_131   | mul | dsp_slice | 0       |
|   mac_mulsub_12s_12s_25s_25_1_1_U1076           | 1    |        | sub_ln40_98    | sub | dsp_slice | 0       |
|   add_ln40_32_fu_11053_p2                       |      |        | add_ln40_32    | add | fabric    | 0       |
|   mul_12s_12s_24_1_1_U37                        | 1    |        | mul_ln40_132   | mul | auto      | 0       |
|   mac_mulsub_12s_12s_24s_24_1_1_U571            | 1    |        | mul_ln40_133   | mul | dsp_slice | 0       |
|   mac_mulsub_12s_12s_24s_24_1_1_U571            | 1    |        | sub_ln40_99    | sub | dsp_slice | 0       |
|   mac_mulsub_12s_12s_24s_25_1_1_U824            | 1    |        | mul_ln40_134   | mul | dsp_slice | 0       |
|   mac_mulsub_12s_12s_24s_25_1_1_U824            | 1    |        | sub_ln40_100   | sub | dsp_slice | 0       |
|   mac_mulsub_12s_12s_25s_25_1_1_U1077           | 1    |        | mul_ln40_135   | mul | dsp_slice | 0       |
|   mac_mulsub_12s_12s_25s_25_1_1_U1077           | 1    |        | sub_ln40_101   | sub | dsp_slice | 0       |
|   add_ln40_33_fu_11242_p2                       |      |        | add_ln40_33    | add | fabric    | 0       |
|   mul_12s_12s_24_1_1_U38                        | 1    |        | mul_ln40_136   | mul | auto      | 0       |
|   mac_mulsub_12s_12s_24s_24_1_1_U572            | 1    |        | mul_ln40_137   | mul | dsp_slice | 0       |
|   mac_mulsub_12s_12s_24s_24_1_1_U572            | 1    |        | sub_ln40_102   | sub | dsp_slice | 0       |
|   mac_mulsub_12s_12s_24s_25_1_1_U825            | 1    |        | mul_ln40_138   | mul | dsp_slice | 0       |
|   mac_mulsub_12s_12s_24s_25_1_1_U825            | 1    |        | sub_ln40_103   | sub | dsp_slice | 0       |
|   mac_mulsub_12s_12s_25s_25_1_1_U1078           | 1    |        | mul_ln40_139   | mul | dsp_slice | 0       |
|   mac_mulsub_12s_12s_25s_25_1_1_U1078           | 1    |        | sub_ln40_104   | sub | dsp_slice | 0       |
|   add_ln40_34_fu_11431_p2                       |      |        | add_ln40_34    | add | fabric    | 0       |
|   mul_12s_12s_24_1_1_U39                        | 1    |        | mul_ln40_140   | mul | auto      | 0       |
|   mac_mulsub_12s_12s_24s_24_1_1_U573            | 1    |        | mul_ln40_141   | mul | dsp_slice | 0       |
|   mac_mulsub_12s_12s_24s_24_1_1_U573            | 1    |        | sub_ln40_105   | sub | dsp_slice | 0       |
|   mac_mulsub_12s_12s_24s_25_1_1_U826            | 1    |        | mul_ln40_142   | mul | dsp_slice | 0       |
|   mac_mulsub_12s_12s_24s_25_1_1_U826            | 1    |        | sub_ln40_106   | sub | dsp_slice | 0       |
|   mac_mulsub_12s_12s_25s_25_1_1_U1079           | 1    |        | mul_ln40_143   | mul | dsp_slice | 0       |
|   mac_mulsub_12s_12s_25s_25_1_1_U1079           | 1    |        | sub_ln40_107   | sub | dsp_slice | 0       |
|   add_ln40_35_fu_11620_p2                       |      |        | add_ln40_35    | add | fabric    | 0       |
|   mul_12s_12s_24_1_1_U40                        | 1    |        | mul_ln40_144   | mul | auto      | 0       |
|   mac_mulsub_12s_12s_24s_24_1_1_U574            | 1    |        | mul_ln40_145   | mul | dsp_slice | 0       |
|   mac_mulsub_12s_12s_24s_24_1_1_U574            | 1    |        | sub_ln40_108   | sub | dsp_slice | 0       |
|   mac_mulsub_12s_12s_24s_25_1_1_U827            | 1    |        | mul_ln40_146   | mul | dsp_slice | 0       |
|   mac_mulsub_12s_12s_24s_25_1_1_U827            | 1    |        | sub_ln40_109   | sub | dsp_slice | 0       |
|   mac_mulsub_12s_12s_25s_25_1_1_U1080           | 1    |        | mul_ln40_147   | mul | dsp_slice | 0       |
|   mac_mulsub_12s_12s_25s_25_1_1_U1080           | 1    |        | sub_ln40_110   | sub | dsp_slice | 0       |
|   add_ln40_36_fu_11809_p2                       |      |        | add_ln40_36    | add | fabric    | 0       |
|   mul_12s_12s_24_1_1_U41                        | 1    |        | mul_ln40_148   | mul | auto      | 0       |
|   mac_mulsub_12s_12s_24s_24_1_1_U575            | 1    |        | mul_ln40_149   | mul | dsp_slice | 0       |
|   mac_mulsub_12s_12s_24s_24_1_1_U575            | 1    |        | sub_ln40_111   | sub | dsp_slice | 0       |
|   mac_mulsub_12s_12s_24s_25_1_1_U828            | 1    |        | mul_ln40_150   | mul | dsp_slice | 0       |
|   mac_mulsub_12s_12s_24s_25_1_1_U828            | 1    |        | sub_ln40_112   | sub | dsp_slice | 0       |
|   mac_mulsub_12s_12s_25s_25_1_1_U1081           | 1    |        | mul_ln40_151   | mul | dsp_slice | 0       |
|   mac_mulsub_12s_12s_25s_25_1_1_U1081           | 1    |        | sub_ln40_113   | sub | dsp_slice | 0       |
|   add_ln40_37_fu_11998_p2                       |      |        | add_ln40_37    | add | fabric    | 0       |
|   mul_12s_12s_24_1_1_U42                        | 1    |        | mul_ln40_152   | mul | auto      | 0       |
|   mac_mulsub_12s_12s_24s_24_1_1_U576            | 1    |        | mul_ln40_153   | mul | dsp_slice | 0       |
|   mac_mulsub_12s_12s_24s_24_1_1_U576            | 1    |        | sub_ln40_114   | sub | dsp_slice | 0       |
|   mac_mulsub_12s_12s_24s_25_1_1_U829            | 1    |        | mul_ln40_154   | mul | dsp_slice | 0       |
|   mac_mulsub_12s_12s_24s_25_1_1_U829            | 1    |        | sub_ln40_115   | sub | dsp_slice | 0       |
|   mac_mulsub_12s_12s_25s_25_1_1_U1082           | 1    |        | mul_ln40_155   | mul | dsp_slice | 0       |
|   mac_mulsub_12s_12s_25s_25_1_1_U1082           | 1    |        | sub_ln40_116   | sub | dsp_slice | 0       |
|   add_ln40_38_fu_12187_p2                       |      |        | add_ln40_38    | add | fabric    | 0       |
|   mul_12s_12s_24_1_1_U43                        | 1    |        | mul_ln40_156   | mul | auto      | 0       |
|   mac_mulsub_12s_12s_24s_24_1_1_U577            | 1    |        | mul_ln40_157   | mul | dsp_slice | 0       |
|   mac_mulsub_12s_12s_24s_24_1_1_U577            | 1    |        | sub_ln40_117   | sub | dsp_slice | 0       |
|   mac_mulsub_12s_12s_24s_25_1_1_U830            | 1    |        | mul_ln40_158   | mul | dsp_slice | 0       |
|   mac_mulsub_12s_12s_24s_25_1_1_U830            | 1    |        | sub_ln40_118   | sub | dsp_slice | 0       |
|   mac_mulsub_12s_12s_25s_25_1_1_U1083           | 1    |        | mul_ln40_159   | mul | dsp_slice | 0       |
|   mac_mulsub_12s_12s_25s_25_1_1_U1083           | 1    |        | sub_ln40_119   | sub | dsp_slice | 0       |
|   add_ln40_39_fu_12376_p2                       |      |        | add_ln40_39    | add | fabric    | 0       |
|   mul_12s_12s_24_1_1_U44                        | 1    |        | mul_ln40_160   | mul | auto      | 0       |
|   mac_mulsub_12s_12s_24s_24_1_1_U578            | 1    |        | mul_ln40_161   | mul | dsp_slice | 0       |
|   mac_mulsub_12s_12s_24s_24_1_1_U578            | 1    |        | sub_ln40_120   | sub | dsp_slice | 0       |
|   mac_mulsub_12s_12s_24s_25_1_1_U831            | 1    |        | mul_ln40_162   | mul | dsp_slice | 0       |
|   mac_mulsub_12s_12s_24s_25_1_1_U831            | 1    |        | sub_ln40_121   | sub | dsp_slice | 0       |
|   mac_mulsub_12s_12s_25s_25_1_1_U1084           | 1    |        | mul_ln40_163   | mul | dsp_slice | 0       |
|   mac_mulsub_12s_12s_25s_25_1_1_U1084           | 1    |        | sub_ln40_122   | sub | dsp_slice | 0       |
|   add_ln40_40_fu_12565_p2                       |      |        | add_ln40_40    | add | fabric    | 0       |
|   mul_12s_12s_24_1_1_U45                        | 1    |        | mul_ln40_164   | mul | auto      | 0       |
|   mac_mulsub_12s_12s_24s_24_1_1_U579            | 1    |        | mul_ln40_165   | mul | dsp_slice | 0       |
|   mac_mulsub_12s_12s_24s_24_1_1_U579            | 1    |        | sub_ln40_123   | sub | dsp_slice | 0       |
|   mac_mulsub_12s_12s_24s_25_1_1_U832            | 1    |        | mul_ln40_166   | mul | dsp_slice | 0       |
|   mac_mulsub_12s_12s_24s_25_1_1_U832            | 1    |        | sub_ln40_124   | sub | dsp_slice | 0       |
|   mac_mulsub_12s_12s_25s_25_1_1_U1085           | 1    |        | mul_ln40_167   | mul | dsp_slice | 0       |
|   mac_mulsub_12s_12s_25s_25_1_1_U1085           | 1    |        | sub_ln40_125   | sub | dsp_slice | 0       |
|   add_ln40_41_fu_12754_p2                       |      |        | add_ln40_41    | add | fabric    | 0       |
|   mul_12s_12s_24_1_1_U46                        | 1    |        | mul_ln40_168   | mul | auto      | 0       |
|   mac_mulsub_12s_12s_24s_24_1_1_U580            | 1    |        | mul_ln40_169   | mul | dsp_slice | 0       |
|   mac_mulsub_12s_12s_24s_24_1_1_U580            | 1    |        | sub_ln40_126   | sub | dsp_slice | 0       |
|   mac_mulsub_12s_12s_24s_25_1_1_U833            | 1    |        | mul_ln40_170   | mul | dsp_slice | 0       |
|   mac_mulsub_12s_12s_24s_25_1_1_U833            | 1    |        | sub_ln40_127   | sub | dsp_slice | 0       |
|   mac_mulsub_12s_12s_25s_25_1_1_U1086           | 1    |        | mul_ln40_171   | mul | dsp_slice | 0       |
|   mac_mulsub_12s_12s_25s_25_1_1_U1086           | 1    |        | sub_ln40_128   | sub | dsp_slice | 0       |
|   add_ln40_42_fu_12943_p2                       |      |        | add_ln40_42    | add | fabric    | 0       |
|   mul_12s_12s_24_1_1_U47                        | 1    |        | mul_ln40_172   | mul | auto      | 0       |
|   mac_mulsub_12s_12s_24s_24_1_1_U581            | 1    |        | mul_ln40_173   | mul | dsp_slice | 0       |
|   mac_mulsub_12s_12s_24s_24_1_1_U581            | 1    |        | sub_ln40_129   | sub | dsp_slice | 0       |
|   mac_mulsub_12s_12s_24s_25_1_1_U834            | 1    |        | mul_ln40_174   | mul | dsp_slice | 0       |
|   mac_mulsub_12s_12s_24s_25_1_1_U834            | 1    |        | sub_ln40_130   | sub | dsp_slice | 0       |
|   mac_mulsub_12s_12s_25s_25_1_1_U1087           | 1    |        | mul_ln40_175   | mul | dsp_slice | 0       |
|   mac_mulsub_12s_12s_25s_25_1_1_U1087           | 1    |        | sub_ln40_131   | sub | dsp_slice | 0       |
|   add_ln40_43_fu_13132_p2                       |      |        | add_ln40_43    | add | fabric    | 0       |
|   mul_12s_12s_24_1_1_U48                        | 1    |        | mul_ln40_176   | mul | auto      | 0       |
|   mac_mulsub_12s_12s_24s_24_1_1_U582            | 1    |        | mul_ln40_177   | mul | dsp_slice | 0       |
|   mac_mulsub_12s_12s_24s_24_1_1_U582            | 1    |        | sub_ln40_132   | sub | dsp_slice | 0       |
|   mac_mulsub_12s_12s_24s_25_1_1_U835            | 1    |        | mul_ln40_178   | mul | dsp_slice | 0       |
|   mac_mulsub_12s_12s_24s_25_1_1_U835            | 1    |        | sub_ln40_133   | sub | dsp_slice | 0       |
|   mac_mulsub_12s_12s_25s_25_1_1_U1088           | 1    |        | mul_ln40_179   | mul | dsp_slice | 0       |
|   mac_mulsub_12s_12s_25s_25_1_1_U1088           | 1    |        | sub_ln40_134   | sub | dsp_slice | 0       |
|   add_ln40_44_fu_13321_p2                       |      |        | add_ln40_44    | add | fabric    | 0       |
|   mul_12s_12s_24_1_1_U49                        | 1    |        | mul_ln40_180   | mul | auto      | 0       |
|   mac_mulsub_12s_12s_24s_24_1_1_U583            | 1    |        | mul_ln40_181   | mul | dsp_slice | 0       |
|   mac_mulsub_12s_12s_24s_24_1_1_U583            | 1    |        | sub_ln40_135   | sub | dsp_slice | 0       |
|   mac_mulsub_12s_12s_24s_25_1_1_U836            | 1    |        | mul_ln40_182   | mul | dsp_slice | 0       |
|   mac_mulsub_12s_12s_24s_25_1_1_U836            | 1    |        | sub_ln40_136   | sub | dsp_slice | 0       |
|   mac_mulsub_12s_12s_25s_25_1_1_U1089           | 1    |        | mul_ln40_183   | mul | dsp_slice | 0       |
|   mac_mulsub_12s_12s_25s_25_1_1_U1089           | 1    |        | sub_ln40_137   | sub | dsp_slice | 0       |
|   add_ln40_45_fu_13510_p2                       |      |        | add_ln40_45    | add | fabric    | 0       |
|   mul_12s_12s_24_1_1_U50                        | 1    |        | mul_ln40_184   | mul | auto      | 0       |
|   mac_mulsub_12s_12s_24s_24_1_1_U584            | 1    |        | mul_ln40_185   | mul | dsp_slice | 0       |
|   mac_mulsub_12s_12s_24s_24_1_1_U584            | 1    |        | sub_ln40_138   | sub | dsp_slice | 0       |
|   mac_mulsub_12s_12s_24s_25_1_1_U837            | 1    |        | mul_ln40_186   | mul | dsp_slice | 0       |
|   mac_mulsub_12s_12s_24s_25_1_1_U837            | 1    |        | sub_ln40_139   | sub | dsp_slice | 0       |
|   mac_mulsub_12s_12s_25s_25_1_1_U1090           | 1    |        | mul_ln40_187   | mul | dsp_slice | 0       |
|   mac_mulsub_12s_12s_25s_25_1_1_U1090           | 1    |        | sub_ln40_140   | sub | dsp_slice | 0       |
|   add_ln40_46_fu_13699_p2                       |      |        | add_ln40_46    | add | fabric    | 0       |
|   mul_12s_12s_24_1_1_U51                        | 1    |        | mul_ln40_188   | mul | auto      | 0       |
|   mac_mulsub_12s_12s_24s_24_1_1_U585            | 1    |        | mul_ln40_189   | mul | dsp_slice | 0       |
|   mac_mulsub_12s_12s_24s_24_1_1_U585            | 1    |        | sub_ln40_141   | sub | dsp_slice | 0       |
|   mac_mulsub_12s_12s_24s_25_1_1_U838            | 1    |        | mul_ln40_190   | mul | dsp_slice | 0       |
|   mac_mulsub_12s_12s_24s_25_1_1_U838            | 1    |        | sub_ln40_142   | sub | dsp_slice | 0       |
|   mac_mulsub_12s_12s_25s_25_1_1_U1091           | 1    |        | mul_ln40_191   | mul | dsp_slice | 0       |
|   mac_mulsub_12s_12s_25s_25_1_1_U1091           | 1    |        | sub_ln40_143   | sub | dsp_slice | 0       |
|   add_ln40_47_fu_13888_p2                       |      |        | add_ln40_47    | add | fabric    | 0       |
|   mul_12s_12s_24_1_1_U52                        | 1    |        | mul_ln40_192   | mul | auto      | 0       |
|   mac_mulsub_12s_12s_24s_24_1_1_U586            | 1    |        | mul_ln40_193   | mul | dsp_slice | 0       |
|   mac_mulsub_12s_12s_24s_24_1_1_U586            | 1    |        | sub_ln40_144   | sub | dsp_slice | 0       |
|   mac_mulsub_12s_12s_24s_25_1_1_U839            | 1    |        | mul_ln40_194   | mul | dsp_slice | 0       |
|   mac_mulsub_12s_12s_24s_25_1_1_U839            | 1    |        | sub_ln40_145   | sub | dsp_slice | 0       |
|   mac_mulsub_12s_12s_25s_25_1_1_U1092           | 1    |        | mul_ln40_195   | mul | dsp_slice | 0       |
|   mac_mulsub_12s_12s_25s_25_1_1_U1092           | 1    |        | sub_ln40_146   | sub | dsp_slice | 0       |
|   add_ln40_48_fu_14077_p2                       |      |        | add_ln40_48    | add | fabric    | 0       |
|   mul_12s_12s_24_1_1_U53                        | 1    |        | mul_ln40_196   | mul | auto      | 0       |
|   mac_mulsub_12s_12s_24s_24_1_1_U587            | 1    |        | mul_ln40_197   | mul | dsp_slice | 0       |
|   mac_mulsub_12s_12s_24s_24_1_1_U587            | 1    |        | sub_ln40_147   | sub | dsp_slice | 0       |
|   mac_mulsub_12s_12s_24s_25_1_1_U840            | 1    |        | mul_ln40_198   | mul | dsp_slice | 0       |
|   mac_mulsub_12s_12s_24s_25_1_1_U840            | 1    |        | sub_ln40_148   | sub | dsp_slice | 0       |
|   mac_mulsub_12s_12s_25s_25_1_1_U1093           | 1    |        | mul_ln40_199   | mul | dsp_slice | 0       |
|   mac_mulsub_12s_12s_25s_25_1_1_U1093           | 1    |        | sub_ln40_149   | sub | dsp_slice | 0       |
|   add_ln40_49_fu_14266_p2                       |      |        | add_ln40_49    | add | fabric    | 0       |
|   mul_12s_12s_24_1_1_U54                        | 1    |        | mul_ln40_200   | mul | auto      | 0       |
|   mac_mulsub_12s_12s_24s_24_1_1_U588            | 1    |        | mul_ln40_201   | mul | dsp_slice | 0       |
|   mac_mulsub_12s_12s_24s_24_1_1_U588            | 1    |        | sub_ln40_150   | sub | dsp_slice | 0       |
|   mac_mulsub_12s_12s_24s_25_1_1_U841            | 1    |        | mul_ln40_202   | mul | dsp_slice | 0       |
|   mac_mulsub_12s_12s_24s_25_1_1_U841            | 1    |        | sub_ln40_151   | sub | dsp_slice | 0       |
|   mac_mulsub_12s_12s_25s_25_1_1_U1094           | 1    |        | mul_ln40_203   | mul | dsp_slice | 0       |
|   mac_mulsub_12s_12s_25s_25_1_1_U1094           | 1    |        | sub_ln40_152   | sub | dsp_slice | 0       |
|   add_ln40_50_fu_14455_p2                       |      |        | add_ln40_50    | add | fabric    | 0       |
|   mul_12s_12s_24_1_1_U55                        | 1    |        | mul_ln40_204   | mul | auto      | 0       |
|   mac_mulsub_12s_12s_24s_24_1_1_U589            | 1    |        | mul_ln40_205   | mul | dsp_slice | 0       |
|   mac_mulsub_12s_12s_24s_24_1_1_U589            | 1    |        | sub_ln40_153   | sub | dsp_slice | 0       |
|   mac_mulsub_12s_12s_24s_25_1_1_U842            | 1    |        | mul_ln40_206   | mul | dsp_slice | 0       |
|   mac_mulsub_12s_12s_24s_25_1_1_U842            | 1    |        | sub_ln40_154   | sub | dsp_slice | 0       |
|   mac_mulsub_12s_12s_25s_25_1_1_U1095           | 1    |        | mul_ln40_207   | mul | dsp_slice | 0       |
|   mac_mulsub_12s_12s_25s_25_1_1_U1095           | 1    |        | sub_ln40_155   | sub | dsp_slice | 0       |
|   add_ln40_51_fu_14644_p2                       |      |        | add_ln40_51    | add | fabric    | 0       |
|   mul_12s_12s_24_1_1_U56                        | 1    |        | mul_ln40_208   | mul | auto      | 0       |
|   mac_mulsub_12s_12s_24s_24_1_1_U590            | 1    |        | mul_ln40_209   | mul | dsp_slice | 0       |
|   mac_mulsub_12s_12s_24s_24_1_1_U590            | 1    |        | sub_ln40_156   | sub | dsp_slice | 0       |
|   mac_mulsub_12s_12s_24s_25_1_1_U843            | 1    |        | mul_ln40_210   | mul | dsp_slice | 0       |
|   mac_mulsub_12s_12s_24s_25_1_1_U843            | 1    |        | sub_ln40_157   | sub | dsp_slice | 0       |
|   mac_mulsub_12s_12s_25s_25_1_1_U1096           | 1    |        | mul_ln40_211   | mul | dsp_slice | 0       |
|   mac_mulsub_12s_12s_25s_25_1_1_U1096           | 1    |        | sub_ln40_158   | sub | dsp_slice | 0       |
|   add_ln40_52_fu_14833_p2                       |      |        | add_ln40_52    | add | fabric    | 0       |
|   mul_12s_12s_24_1_1_U57                        | 1    |        | mul_ln40_212   | mul | auto      | 0       |
|   mac_mulsub_12s_12s_24s_24_1_1_U591            | 1    |        | mul_ln40_213   | mul | dsp_slice | 0       |
|   mac_mulsub_12s_12s_24s_24_1_1_U591            | 1    |        | sub_ln40_159   | sub | dsp_slice | 0       |
|   mac_mulsub_12s_12s_24s_25_1_1_U844            | 1    |        | mul_ln40_214   | mul | dsp_slice | 0       |
|   mac_mulsub_12s_12s_24s_25_1_1_U844            | 1    |        | sub_ln40_160   | sub | dsp_slice | 0       |
|   mac_mulsub_12s_12s_25s_25_1_1_U1097           | 1    |        | mul_ln40_215   | mul | dsp_slice | 0       |
|   mac_mulsub_12s_12s_25s_25_1_1_U1097           | 1    |        | sub_ln40_161   | sub | dsp_slice | 0       |
|   add_ln40_53_fu_15022_p2                       |      |        | add_ln40_53    | add | fabric    | 0       |
|   mul_12s_12s_24_1_1_U58                        | 1    |        | mul_ln40_216   | mul | auto      | 0       |
|   mac_mulsub_12s_12s_24s_24_1_1_U592            | 1    |        | mul_ln40_217   | mul | dsp_slice | 0       |
|   mac_mulsub_12s_12s_24s_24_1_1_U592            | 1    |        | sub_ln40_162   | sub | dsp_slice | 0       |
|   mac_mulsub_12s_12s_24s_25_1_1_U845            | 1    |        | mul_ln40_218   | mul | dsp_slice | 0       |
|   mac_mulsub_12s_12s_24s_25_1_1_U845            | 1    |        | sub_ln40_163   | sub | dsp_slice | 0       |
|   mac_mulsub_12s_12s_25s_25_1_1_U1098           | 1    |        | mul_ln40_219   | mul | dsp_slice | 0       |
|   mac_mulsub_12s_12s_25s_25_1_1_U1098           | 1    |        | sub_ln40_164   | sub | dsp_slice | 0       |
|   add_ln40_54_fu_15211_p2                       |      |        | add_ln40_54    | add | fabric    | 0       |
|   mul_12s_12s_24_1_1_U59                        | 1    |        | mul_ln40_220   | mul | auto      | 0       |
|   mac_mulsub_12s_12s_24s_24_1_1_U593            | 1    |        | mul_ln40_221   | mul | dsp_slice | 0       |
|   mac_mulsub_12s_12s_24s_24_1_1_U593            | 1    |        | sub_ln40_165   | sub | dsp_slice | 0       |
|   mac_mulsub_12s_12s_24s_25_1_1_U846            | 1    |        | mul_ln40_222   | mul | dsp_slice | 0       |
|   mac_mulsub_12s_12s_24s_25_1_1_U846            | 1    |        | sub_ln40_166   | sub | dsp_slice | 0       |
|   mac_mulsub_12s_12s_25s_25_1_1_U1099           | 1    |        | mul_ln40_223   | mul | dsp_slice | 0       |
|   mac_mulsub_12s_12s_25s_25_1_1_U1099           | 1    |        | sub_ln40_167   | sub | dsp_slice | 0       |
|   add_ln40_55_fu_15400_p2                       |      |        | add_ln40_55    | add | fabric    | 0       |
|   mul_12s_12s_24_1_1_U60                        | 1    |        | mul_ln40_224   | mul | auto      | 0       |
|   mac_mulsub_12s_12s_24s_24_1_1_U594            | 1    |        | mul_ln40_225   | mul | dsp_slice | 0       |
|   mac_mulsub_12s_12s_24s_24_1_1_U594            | 1    |        | sub_ln40_168   | sub | dsp_slice | 0       |
|   mac_mulsub_12s_12s_24s_25_1_1_U847            | 1    |        | mul_ln40_226   | mul | dsp_slice | 0       |
|   mac_mulsub_12s_12s_24s_25_1_1_U847            | 1    |        | sub_ln40_169   | sub | dsp_slice | 0       |
|   mac_mulsub_12s_12s_25s_25_1_1_U1100           | 1    |        | mul_ln40_227   | mul | dsp_slice | 0       |
|   mac_mulsub_12s_12s_25s_25_1_1_U1100           | 1    |        | sub_ln40_170   | sub | dsp_slice | 0       |
|   add_ln40_56_fu_15589_p2                       |      |        | add_ln40_56    | add | fabric    | 0       |
|   mul_12s_12s_24_1_1_U61                        | 1    |        | mul_ln40_228   | mul | auto      | 0       |
|   mac_mulsub_12s_12s_24s_24_1_1_U595            | 1    |        | mul_ln40_229   | mul | dsp_slice | 0       |
|   mac_mulsub_12s_12s_24s_24_1_1_U595            | 1    |        | sub_ln40_171   | sub | dsp_slice | 0       |
|   mac_mulsub_12s_12s_24s_25_1_1_U848            | 1    |        | mul_ln40_230   | mul | dsp_slice | 0       |
|   mac_mulsub_12s_12s_24s_25_1_1_U848            | 1    |        | sub_ln40_172   | sub | dsp_slice | 0       |
|   mac_mulsub_12s_12s_25s_25_1_1_U1101           | 1    |        | mul_ln40_231   | mul | dsp_slice | 0       |
|   mac_mulsub_12s_12s_25s_25_1_1_U1101           | 1    |        | sub_ln40_173   | sub | dsp_slice | 0       |
|   add_ln40_57_fu_15778_p2                       |      |        | add_ln40_57    | add | fabric    | 0       |
|   mul_12s_12s_24_1_1_U62                        | 1    |        | mul_ln40_232   | mul | auto      | 0       |
|   mac_mulsub_12s_12s_24s_24_1_1_U596            | 1    |        | mul_ln40_233   | mul | dsp_slice | 0       |
|   mac_mulsub_12s_12s_24s_24_1_1_U596            | 1    |        | sub_ln40_174   | sub | dsp_slice | 0       |
|   mac_mulsub_12s_12s_24s_25_1_1_U849            | 1    |        | mul_ln40_234   | mul | dsp_slice | 0       |
|   mac_mulsub_12s_12s_24s_25_1_1_U849            | 1    |        | sub_ln40_175   | sub | dsp_slice | 0       |
|   mac_mulsub_12s_12s_25s_25_1_1_U1102           | 1    |        | mul_ln40_235   | mul | dsp_slice | 0       |
|   mac_mulsub_12s_12s_25s_25_1_1_U1102           | 1    |        | sub_ln40_176   | sub | dsp_slice | 0       |
|   add_ln40_58_fu_15967_p2                       |      |        | add_ln40_58    | add | fabric    | 0       |
|   mul_12s_12s_24_1_1_U63                        | 1    |        | mul_ln40_236   | mul | auto      | 0       |
|   mac_mulsub_12s_12s_24s_24_1_1_U597            | 1    |        | mul_ln40_237   | mul | dsp_slice | 0       |
|   mac_mulsub_12s_12s_24s_24_1_1_U597            | 1    |        | sub_ln40_177   | sub | dsp_slice | 0       |
|   mac_mulsub_12s_12s_24s_25_1_1_U850            | 1    |        | mul_ln40_238   | mul | dsp_slice | 0       |
|   mac_mulsub_12s_12s_24s_25_1_1_U850            | 1    |        | sub_ln40_178   | sub | dsp_slice | 0       |
|   mac_mulsub_12s_12s_25s_25_1_1_U1103           | 1    |        | mul_ln40_239   | mul | dsp_slice | 0       |
|   mac_mulsub_12s_12s_25s_25_1_1_U1103           | 1    |        | sub_ln40_179   | sub | dsp_slice | 0       |
|   add_ln40_59_fu_16156_p2                       |      |        | add_ln40_59    | add | fabric    | 0       |
|   mul_12s_12s_24_1_1_U64                        | 1    |        | mul_ln40_240   | mul | auto      | 0       |
|   mac_mulsub_12s_12s_24s_24_1_1_U598            | 1    |        | mul_ln40_241   | mul | dsp_slice | 0       |
|   mac_mulsub_12s_12s_24s_24_1_1_U598            | 1    |        | sub_ln40_180   | sub | dsp_slice | 0       |
|   mac_mulsub_12s_12s_24s_25_1_1_U851            | 1    |        | mul_ln40_242   | mul | dsp_slice | 0       |
|   mac_mulsub_12s_12s_24s_25_1_1_U851            | 1    |        | sub_ln40_181   | sub | dsp_slice | 0       |
|   mac_mulsub_12s_12s_25s_25_1_1_U1104           | 1    |        | mul_ln40_243   | mul | dsp_slice | 0       |
|   mac_mulsub_12s_12s_25s_25_1_1_U1104           | 1    |        | sub_ln40_182   | sub | dsp_slice | 0       |
|   add_ln40_60_fu_16345_p2                       |      |        | add_ln40_60    | add | fabric    | 0       |
|   mul_12s_12s_24_1_1_U65                        | 1    |        | mul_ln40_244   | mul | auto      | 0       |
|   mac_mulsub_12s_12s_24s_24_1_1_U599            | 1    |        | mul_ln40_245   | mul | dsp_slice | 0       |
|   mac_mulsub_12s_12s_24s_24_1_1_U599            | 1    |        | sub_ln40_183   | sub | dsp_slice | 0       |
|   mac_mulsub_12s_12s_24s_25_1_1_U852            | 1    |        | mul_ln40_246   | mul | dsp_slice | 0       |
|   mac_mulsub_12s_12s_24s_25_1_1_U852            | 1    |        | sub_ln40_184   | sub | dsp_slice | 0       |
|   mac_mulsub_12s_12s_25s_25_1_1_U1105           | 1    |        | mul_ln40_247   | mul | dsp_slice | 0       |
|   mac_mulsub_12s_12s_25s_25_1_1_U1105           | 1    |        | sub_ln40_185   | sub | dsp_slice | 0       |
|   add_ln40_61_fu_16534_p2                       |      |        | add_ln40_61    | add | fabric    | 0       |
|   mul_12s_12s_24_1_1_U66                        | 1    |        | mul_ln40_248   | mul | auto      | 0       |
|   mac_mulsub_12s_12s_24s_24_1_1_U600            | 1    |        | mul_ln40_249   | mul | dsp_slice | 0       |
|   mac_mulsub_12s_12s_24s_24_1_1_U600            | 1    |        | sub_ln40_186   | sub | dsp_slice | 0       |
|   mac_mulsub_12s_12s_24s_25_1_1_U853            | 1    |        | mul_ln40_250   | mul | dsp_slice | 0       |
|   mac_mulsub_12s_12s_24s_25_1_1_U853            | 1    |        | sub_ln40_187   | sub | dsp_slice | 0       |
|   mac_mulsub_12s_12s_25s_25_1_1_U1106           | 1    |        | mul_ln40_251   | mul | dsp_slice | 0       |
|   mac_mulsub_12s_12s_25s_25_1_1_U1106           | 1    |        | sub_ln40_188   | sub | dsp_slice | 0       |
|   add_ln40_62_fu_16723_p2                       |      |        | add_ln40_62    | add | fabric    | 0       |
|   mul_12s_12s_24_1_1_U67                        | 1    |        | mul_ln40_252   | mul | auto      | 0       |
|   mac_mulsub_12s_12s_24s_24_1_1_U601            | 1    |        | mul_ln40_253   | mul | dsp_slice | 0       |
|   mac_mulsub_12s_12s_24s_24_1_1_U601            | 1    |        | sub_ln40_189   | sub | dsp_slice | 0       |
|   mac_mulsub_12s_12s_24s_25_1_1_U854            | 1    |        | mul_ln40_254   | mul | dsp_slice | 0       |
|   mac_mulsub_12s_12s_24s_25_1_1_U854            | 1    |        | sub_ln40_190   | sub | dsp_slice | 0       |
|   mac_mulsub_12s_12s_25s_25_1_1_U1107           | 1    |        | mul_ln40_255   | mul | dsp_slice | 0       |
|   mac_mulsub_12s_12s_25s_25_1_1_U1107           | 1    |        | sub_ln40_191   | sub | dsp_slice | 0       |
|   add_ln40_63_fu_16912_p2                       |      |        | add_ln40_63    | add | fabric    | 0       |
|   mul_12s_12s_24_1_1_U68                        | 1    |        | mul_ln40_256   | mul | auto      | 0       |
|   mac_mulsub_12s_12s_24s_24_1_1_U602            | 1    |        | mul_ln40_257   | mul | dsp_slice | 0       |
|   mac_mulsub_12s_12s_24s_24_1_1_U602            | 1    |        | sub_ln40_192   | sub | dsp_slice | 0       |
|   mac_mulsub_12s_12s_24s_25_1_1_U855            | 1    |        | mul_ln40_258   | mul | dsp_slice | 0       |
|   mac_mulsub_12s_12s_24s_25_1_1_U855            | 1    |        | sub_ln40_193   | sub | dsp_slice | 0       |
|   mac_mulsub_12s_12s_25s_25_1_1_U1108           | 1    |        | mul_ln40_259   | mul | dsp_slice | 0       |
|   mac_mulsub_12s_12s_25s_25_1_1_U1108           | 1    |        | sub_ln40_194   | sub | dsp_slice | 0       |
|   add_ln40_64_fu_17101_p2                       |      |        | add_ln40_64    | add | fabric    | 0       |
|   mul_12s_12s_24_1_1_U69                        | 1    |        | mul_ln40_260   | mul | auto      | 0       |
|   mac_mulsub_12s_12s_24s_24_1_1_U603            | 1    |        | mul_ln40_261   | mul | dsp_slice | 0       |
|   mac_mulsub_12s_12s_24s_24_1_1_U603            | 1    |        | sub_ln40_195   | sub | dsp_slice | 0       |
|   mac_mulsub_12s_12s_24s_25_1_1_U856            | 1    |        | mul_ln40_262   | mul | dsp_slice | 0       |
|   mac_mulsub_12s_12s_24s_25_1_1_U856            | 1    |        | sub_ln40_196   | sub | dsp_slice | 0       |
|   mac_mulsub_12s_12s_25s_25_1_1_U1109           | 1    |        | mul_ln40_263   | mul | dsp_slice | 0       |
|   mac_mulsub_12s_12s_25s_25_1_1_U1109           | 1    |        | sub_ln40_197   | sub | dsp_slice | 0       |
|   add_ln40_65_fu_17290_p2                       |      |        | add_ln40_65    | add | fabric    | 0       |
|   mul_12s_12s_24_1_1_U70                        | 1    |        | mul_ln40_264   | mul | auto      | 0       |
|   mac_mulsub_12s_12s_24s_24_1_1_U604            | 1    |        | mul_ln40_265   | mul | dsp_slice | 0       |
|   mac_mulsub_12s_12s_24s_24_1_1_U604            | 1    |        | sub_ln40_198   | sub | dsp_slice | 0       |
|   mac_mulsub_12s_12s_24s_25_1_1_U857            | 1    |        | mul_ln40_266   | mul | dsp_slice | 0       |
|   mac_mulsub_12s_12s_24s_25_1_1_U857            | 1    |        | sub_ln40_199   | sub | dsp_slice | 0       |
|   mac_mulsub_12s_12s_25s_25_1_1_U1110           | 1    |        | mul_ln40_267   | mul | dsp_slice | 0       |
|   mac_mulsub_12s_12s_25s_25_1_1_U1110           | 1    |        | sub_ln40_200   | sub | dsp_slice | 0       |
|   add_ln40_66_fu_17479_p2                       |      |        | add_ln40_66    | add | fabric    | 0       |
|   mul_12s_12s_24_1_1_U71                        | 1    |        | mul_ln40_268   | mul | auto      | 0       |
|   mac_mulsub_12s_12s_24s_24_1_1_U605            | 1    |        | mul_ln40_269   | mul | dsp_slice | 0       |
|   mac_mulsub_12s_12s_24s_24_1_1_U605            | 1    |        | sub_ln40_201   | sub | dsp_slice | 0       |
|   mac_mulsub_12s_12s_24s_25_1_1_U858            | 1    |        | mul_ln40_270   | mul | dsp_slice | 0       |
|   mac_mulsub_12s_12s_24s_25_1_1_U858            | 1    |        | sub_ln40_202   | sub | dsp_slice | 0       |
|   mac_mulsub_12s_12s_25s_25_1_1_U1111           | 1    |        | mul_ln40_271   | mul | dsp_slice | 0       |
|   mac_mulsub_12s_12s_25s_25_1_1_U1111           | 1    |        | sub_ln40_203   | sub | dsp_slice | 0       |
|   add_ln40_67_fu_17668_p2                       |      |        | add_ln40_67    | add | fabric    | 0       |
|   mul_12s_12s_24_1_1_U72                        | 1    |        | mul_ln40_272   | mul | auto      | 0       |
|   mac_mulsub_12s_12s_24s_24_1_1_U606            | 1    |        | mul_ln40_273   | mul | dsp_slice | 0       |
|   mac_mulsub_12s_12s_24s_24_1_1_U606            | 1    |        | sub_ln40_204   | sub | dsp_slice | 0       |
|   mac_mulsub_12s_12s_24s_25_1_1_U859            | 1    |        | mul_ln40_274   | mul | dsp_slice | 0       |
|   mac_mulsub_12s_12s_24s_25_1_1_U859            | 1    |        | sub_ln40_205   | sub | dsp_slice | 0       |
|   mac_mulsub_12s_12s_25s_25_1_1_U1112           | 1    |        | mul_ln40_275   | mul | dsp_slice | 0       |
|   mac_mulsub_12s_12s_25s_25_1_1_U1112           | 1    |        | sub_ln40_206   | sub | dsp_slice | 0       |
|   add_ln40_68_fu_17857_p2                       |      |        | add_ln40_68    | add | fabric    | 0       |
|   mul_12s_12s_24_1_1_U73                        | 1    |        | mul_ln40_276   | mul | auto      | 0       |
|   mac_mulsub_12s_12s_24s_24_1_1_U607            | 1    |        | mul_ln40_277   | mul | dsp_slice | 0       |
|   mac_mulsub_12s_12s_24s_24_1_1_U607            | 1    |        | sub_ln40_207   | sub | dsp_slice | 0       |
|   mac_mulsub_12s_12s_24s_25_1_1_U860            | 1    |        | mul_ln40_278   | mul | dsp_slice | 0       |
|   mac_mulsub_12s_12s_24s_25_1_1_U860            | 1    |        | sub_ln40_208   | sub | dsp_slice | 0       |
|   mac_mulsub_12s_12s_25s_25_1_1_U1113           | 1    |        | mul_ln40_279   | mul | dsp_slice | 0       |
|   mac_mulsub_12s_12s_25s_25_1_1_U1113           | 1    |        | sub_ln40_209   | sub | dsp_slice | 0       |
|   add_ln40_69_fu_18046_p2                       |      |        | add_ln40_69    | add | fabric    | 0       |
|   mul_12s_12s_24_1_1_U74                        | 1    |        | mul_ln40_280   | mul | auto      | 0       |
|   mac_mulsub_12s_12s_24s_24_1_1_U608            | 1    |        | mul_ln40_281   | mul | dsp_slice | 0       |
|   mac_mulsub_12s_12s_24s_24_1_1_U608            | 1    |        | sub_ln40_210   | sub | dsp_slice | 0       |
|   mac_mulsub_12s_12s_24s_25_1_1_U861            | 1    |        | mul_ln40_282   | mul | dsp_slice | 0       |
|   mac_mulsub_12s_12s_24s_25_1_1_U861            | 1    |        | sub_ln40_211   | sub | dsp_slice | 0       |
|   mac_mulsub_12s_12s_25s_25_1_1_U1114           | 1    |        | mul_ln40_283   | mul | dsp_slice | 0       |
|   mac_mulsub_12s_12s_25s_25_1_1_U1114           | 1    |        | sub_ln40_212   | sub | dsp_slice | 0       |
|   add_ln40_70_fu_18235_p2                       |      |        | add_ln40_70    | add | fabric    | 0       |
|   mul_12s_12s_24_1_1_U75                        | 1    |        | mul_ln40_284   | mul | auto      | 0       |
|   mac_mulsub_12s_12s_24s_24_1_1_U609            | 1    |        | mul_ln40_285   | mul | dsp_slice | 0       |
|   mac_mulsub_12s_12s_24s_24_1_1_U609            | 1    |        | sub_ln40_213   | sub | dsp_slice | 0       |
|   mac_mulsub_12s_12s_24s_25_1_1_U862            | 1    |        | mul_ln40_286   | mul | dsp_slice | 0       |
|   mac_mulsub_12s_12s_24s_25_1_1_U862            | 1    |        | sub_ln40_214   | sub | dsp_slice | 0       |
|   mac_mulsub_12s_12s_25s_25_1_1_U1115           | 1    |        | mul_ln40_287   | mul | dsp_slice | 0       |
|   mac_mulsub_12s_12s_25s_25_1_1_U1115           | 1    |        | sub_ln40_215   | sub | dsp_slice | 0       |
|   add_ln40_71_fu_18424_p2                       |      |        | add_ln40_71    | add | fabric    | 0       |
|   mul_12s_12s_24_1_1_U76                        | 1    |        | mul_ln40_288   | mul | auto      | 0       |
|   mac_mulsub_12s_12s_24s_24_1_1_U610            | 1    |        | mul_ln40_289   | mul | dsp_slice | 0       |
|   mac_mulsub_12s_12s_24s_24_1_1_U610            | 1    |        | sub_ln40_216   | sub | dsp_slice | 0       |
|   mac_mulsub_12s_12s_24s_25_1_1_U863            | 1    |        | mul_ln40_290   | mul | dsp_slice | 0       |
|   mac_mulsub_12s_12s_24s_25_1_1_U863            | 1    |        | sub_ln40_217   | sub | dsp_slice | 0       |
|   mac_mulsub_12s_12s_25s_25_1_1_U1116           | 1    |        | mul_ln40_291   | mul | dsp_slice | 0       |
|   mac_mulsub_12s_12s_25s_25_1_1_U1116           | 1    |        | sub_ln40_218   | sub | dsp_slice | 0       |
|   add_ln40_72_fu_18613_p2                       |      |        | add_ln40_72    | add | fabric    | 0       |
|   mul_12s_12s_24_1_1_U77                        | 1    |        | mul_ln40_292   | mul | auto      | 0       |
|   mac_mulsub_12s_12s_24s_24_1_1_U611            | 1    |        | mul_ln40_293   | mul | dsp_slice | 0       |
|   mac_mulsub_12s_12s_24s_24_1_1_U611            | 1    |        | sub_ln40_219   | sub | dsp_slice | 0       |
|   mac_mulsub_12s_12s_24s_25_1_1_U864            | 1    |        | mul_ln40_294   | mul | dsp_slice | 0       |
|   mac_mulsub_12s_12s_24s_25_1_1_U864            | 1    |        | sub_ln40_220   | sub | dsp_slice | 0       |
|   mac_mulsub_12s_12s_25s_25_1_1_U1117           | 1    |        | mul_ln40_295   | mul | dsp_slice | 0       |
|   mac_mulsub_12s_12s_25s_25_1_1_U1117           | 1    |        | sub_ln40_221   | sub | dsp_slice | 0       |
|   add_ln40_73_fu_18802_p2                       |      |        | add_ln40_73    | add | fabric    | 0       |
|   mul_12s_12s_24_1_1_U78                        | 1    |        | mul_ln40_296   | mul | auto      | 0       |
|   mac_mulsub_12s_12s_24s_24_1_1_U612            | 1    |        | mul_ln40_297   | mul | dsp_slice | 0       |
|   mac_mulsub_12s_12s_24s_24_1_1_U612            | 1    |        | sub_ln40_222   | sub | dsp_slice | 0       |
|   mac_mulsub_12s_12s_24s_25_1_1_U865            | 1    |        | mul_ln40_298   | mul | dsp_slice | 0       |
|   mac_mulsub_12s_12s_24s_25_1_1_U865            | 1    |        | sub_ln40_223   | sub | dsp_slice | 0       |
|   mac_mulsub_12s_12s_25s_25_1_1_U1118           | 1    |        | mul_ln40_299   | mul | dsp_slice | 0       |
|   mac_mulsub_12s_12s_25s_25_1_1_U1118           | 1    |        | sub_ln40_224   | sub | dsp_slice | 0       |
|   add_ln40_74_fu_18991_p2                       |      |        | add_ln40_74    | add | fabric    | 0       |
|   mul_12s_12s_24_1_1_U79                        | 1    |        | mul_ln40_300   | mul | auto      | 0       |
|   mac_mulsub_12s_12s_24s_24_1_1_U613            | 1    |        | mul_ln40_301   | mul | dsp_slice | 0       |
|   mac_mulsub_12s_12s_24s_24_1_1_U613            | 1    |        | sub_ln40_225   | sub | dsp_slice | 0       |
|   mac_mulsub_12s_12s_24s_25_1_1_U866            | 1    |        | mul_ln40_302   | mul | dsp_slice | 0       |
|   mac_mulsub_12s_12s_24s_25_1_1_U866            | 1    |        | sub_ln40_226   | sub | dsp_slice | 0       |
|   mac_mulsub_12s_12s_25s_25_1_1_U1119           | 1    |        | mul_ln40_303   | mul | dsp_slice | 0       |
|   mac_mulsub_12s_12s_25s_25_1_1_U1119           | 1    |        | sub_ln40_227   | sub | dsp_slice | 0       |
|   add_ln40_75_fu_19180_p2                       |      |        | add_ln40_75    | add | fabric    | 0       |
|   mul_12s_12s_24_1_1_U80                        | 1    |        | mul_ln40_304   | mul | auto      | 0       |
|   mac_mulsub_12s_12s_24s_24_1_1_U614            | 1    |        | mul_ln40_305   | mul | dsp_slice | 0       |
|   mac_mulsub_12s_12s_24s_24_1_1_U614            | 1    |        | sub_ln40_228   | sub | dsp_slice | 0       |
|   mac_mulsub_12s_12s_24s_25_1_1_U867            | 1    |        | mul_ln40_306   | mul | dsp_slice | 0       |
|   mac_mulsub_12s_12s_24s_25_1_1_U867            | 1    |        | sub_ln40_229   | sub | dsp_slice | 0       |
|   mac_mulsub_12s_12s_25s_25_1_1_U1120           | 1    |        | mul_ln40_307   | mul | dsp_slice | 0       |
|   mac_mulsub_12s_12s_25s_25_1_1_U1120           | 1    |        | sub_ln40_230   | sub | dsp_slice | 0       |
|   add_ln40_76_fu_19369_p2                       |      |        | add_ln40_76    | add | fabric    | 0       |
|   mul_12s_12s_24_1_1_U81                        | 1    |        | mul_ln40_308   | mul | auto      | 0       |
|   mac_mulsub_12s_12s_24s_24_1_1_U615            | 1    |        | mul_ln40_309   | mul | dsp_slice | 0       |
|   mac_mulsub_12s_12s_24s_24_1_1_U615            | 1    |        | sub_ln40_231   | sub | dsp_slice | 0       |
|   mac_mulsub_12s_12s_24s_25_1_1_U868            | 1    |        | mul_ln40_310   | mul | dsp_slice | 0       |
|   mac_mulsub_12s_12s_24s_25_1_1_U868            | 1    |        | sub_ln40_232   | sub | dsp_slice | 0       |
|   mac_mulsub_12s_12s_25s_25_1_1_U1121           | 1    |        | mul_ln40_311   | mul | dsp_slice | 0       |
|   mac_mulsub_12s_12s_25s_25_1_1_U1121           | 1    |        | sub_ln40_233   | sub | dsp_slice | 0       |
|   add_ln40_77_fu_19558_p2                       |      |        | add_ln40_77    | add | fabric    | 0       |
|   mul_12s_12s_24_1_1_U82                        | 1    |        | mul_ln40_312   | mul | auto      | 0       |
|   mac_mulsub_12s_12s_24s_24_1_1_U616            | 1    |        | mul_ln40_313   | mul | dsp_slice | 0       |
|   mac_mulsub_12s_12s_24s_24_1_1_U616            | 1    |        | sub_ln40_234   | sub | dsp_slice | 0       |
|   mac_mulsub_12s_12s_24s_25_1_1_U869            | 1    |        | mul_ln40_314   | mul | dsp_slice | 0       |
|   mac_mulsub_12s_12s_24s_25_1_1_U869            | 1    |        | sub_ln40_235   | sub | dsp_slice | 0       |
|   mac_mulsub_12s_12s_25s_25_1_1_U1122           | 1    |        | mul_ln40_315   | mul | dsp_slice | 0       |
|   mac_mulsub_12s_12s_25s_25_1_1_U1122           | 1    |        | sub_ln40_236   | sub | dsp_slice | 0       |
|   add_ln40_78_fu_19747_p2                       |      |        | add_ln40_78    | add | fabric    | 0       |
|   mul_12s_12s_24_1_1_U83                        | 1    |        | mul_ln40_316   | mul | auto      | 0       |
|   mac_mulsub_12s_12s_24s_24_1_1_U617            | 1    |        | mul_ln40_317   | mul | dsp_slice | 0       |
|   mac_mulsub_12s_12s_24s_24_1_1_U617            | 1    |        | sub_ln40_237   | sub | dsp_slice | 0       |
|   mac_mulsub_12s_12s_24s_25_1_1_U870            | 1    |        | mul_ln40_318   | mul | dsp_slice | 0       |
|   mac_mulsub_12s_12s_24s_25_1_1_U870            | 1    |        | sub_ln40_238   | sub | dsp_slice | 0       |
|   mac_mulsub_12s_12s_25s_25_1_1_U1123           | 1    |        | mul_ln40_319   | mul | dsp_slice | 0       |
|   mac_mulsub_12s_12s_25s_25_1_1_U1123           | 1    |        | sub_ln40_239   | sub | dsp_slice | 0       |
|   add_ln40_79_fu_19936_p2                       |      |        | add_ln40_79    | add | fabric    | 0       |
|   mul_12s_12s_24_1_1_U84                        | 1    |        | mul_ln40_320   | mul | auto      | 0       |
|   mac_mulsub_12s_12s_24s_24_1_1_U618            | 1    |        | mul_ln40_321   | mul | dsp_slice | 0       |
|   mac_mulsub_12s_12s_24s_24_1_1_U618            | 1    |        | sub_ln40_240   | sub | dsp_slice | 0       |
|   mac_mulsub_12s_12s_24s_25_1_1_U871            | 1    |        | mul_ln40_322   | mul | dsp_slice | 0       |
|   mac_mulsub_12s_12s_24s_25_1_1_U871            | 1    |        | sub_ln40_241   | sub | dsp_slice | 0       |
|   mac_mulsub_12s_12s_25s_25_1_1_U1124           | 1    |        | mul_ln40_323   | mul | dsp_slice | 0       |
|   mac_mulsub_12s_12s_25s_25_1_1_U1124           | 1    |        | sub_ln40_242   | sub | dsp_slice | 0       |
|   add_ln40_80_fu_20125_p2                       |      |        | add_ln40_80    | add | fabric    | 0       |
|   mul_12s_12s_24_1_1_U85                        | 1    |        | mul_ln40_324   | mul | auto      | 0       |
|   mac_mulsub_12s_12s_24s_24_1_1_U619            | 1    |        | mul_ln40_325   | mul | dsp_slice | 0       |
|   mac_mulsub_12s_12s_24s_24_1_1_U619            | 1    |        | sub_ln40_243   | sub | dsp_slice | 0       |
|   mac_mulsub_12s_12s_24s_25_1_1_U872            | 1    |        | mul_ln40_326   | mul | dsp_slice | 0       |
|   mac_mulsub_12s_12s_24s_25_1_1_U872            | 1    |        | sub_ln40_244   | sub | dsp_slice | 0       |
|   mac_mulsub_12s_12s_25s_25_1_1_U1125           | 1    |        | mul_ln40_327   | mul | dsp_slice | 0       |
|   mac_mulsub_12s_12s_25s_25_1_1_U1125           | 1    |        | sub_ln40_245   | sub | dsp_slice | 0       |
|   add_ln40_81_fu_20314_p2                       |      |        | add_ln40_81    | add | fabric    | 0       |
|   mul_12s_12s_24_1_1_U86                        | 1    |        | mul_ln40_328   | mul | auto      | 0       |
|   mac_mulsub_12s_12s_24s_24_1_1_U620            | 1    |        | mul_ln40_329   | mul | dsp_slice | 0       |
|   mac_mulsub_12s_12s_24s_24_1_1_U620            | 1    |        | sub_ln40_246   | sub | dsp_slice | 0       |
|   mac_mulsub_12s_12s_24s_25_1_1_U873            | 1    |        | mul_ln40_330   | mul | dsp_slice | 0       |
|   mac_mulsub_12s_12s_24s_25_1_1_U873            | 1    |        | sub_ln40_247   | sub | dsp_slice | 0       |
|   mac_mulsub_12s_12s_25s_25_1_1_U1126           | 1    |        | mul_ln40_331   | mul | dsp_slice | 0       |
|   mac_mulsub_12s_12s_25s_25_1_1_U1126           | 1    |        | sub_ln40_248   | sub | dsp_slice | 0       |
|   add_ln40_82_fu_20503_p2                       |      |        | add_ln40_82    | add | fabric    | 0       |
|   mul_12s_12s_24_1_1_U87                        | 1    |        | mul_ln40_332   | mul | auto      | 0       |
|   mac_mulsub_12s_12s_24s_24_1_1_U621            | 1    |        | mul_ln40_333   | mul | dsp_slice | 0       |
|   mac_mulsub_12s_12s_24s_24_1_1_U621            | 1    |        | sub_ln40_249   | sub | dsp_slice | 0       |
|   mac_mulsub_12s_12s_24s_25_1_1_U874            | 1    |        | mul_ln40_334   | mul | dsp_slice | 0       |
|   mac_mulsub_12s_12s_24s_25_1_1_U874            | 1    |        | sub_ln40_250   | sub | dsp_slice | 0       |
|   mac_mulsub_12s_12s_25s_25_1_1_U1127           | 1    |        | mul_ln40_335   | mul | dsp_slice | 0       |
|   mac_mulsub_12s_12s_25s_25_1_1_U1127           | 1    |        | sub_ln40_251   | sub | dsp_slice | 0       |
|   add_ln40_83_fu_20692_p2                       |      |        | add_ln40_83    | add | fabric    | 0       |
|   mul_12s_12s_24_1_1_U88                        | 1    |        | mul_ln40_336   | mul | auto      | 0       |
|   mac_mulsub_12s_12s_24s_24_1_1_U622            | 1    |        | mul_ln40_337   | mul | dsp_slice | 0       |
|   mac_mulsub_12s_12s_24s_24_1_1_U622            | 1    |        | sub_ln40_252   | sub | dsp_slice | 0       |
|   mac_mulsub_12s_12s_24s_25_1_1_U875            | 1    |        | mul_ln40_338   | mul | dsp_slice | 0       |
|   mac_mulsub_12s_12s_24s_25_1_1_U875            | 1    |        | sub_ln40_253   | sub | dsp_slice | 0       |
|   mac_mulsub_12s_12s_25s_25_1_1_U1128           | 1    |        | mul_ln40_339   | mul | dsp_slice | 0       |
|   mac_mulsub_12s_12s_25s_25_1_1_U1128           | 1    |        | sub_ln40_254   | sub | dsp_slice | 0       |
|   add_ln40_84_fu_20881_p2                       |      |        | add_ln40_84    | add | fabric    | 0       |
|   mul_12s_12s_24_1_1_U89                        | 1    |        | mul_ln40_340   | mul | auto      | 0       |
|   mac_mulsub_12s_12s_24s_24_1_1_U623            | 1    |        | mul_ln40_341   | mul | dsp_slice | 0       |
|   mac_mulsub_12s_12s_24s_24_1_1_U623            | 1    |        | sub_ln40_255   | sub | dsp_slice | 0       |
|   mac_mulsub_12s_12s_24s_25_1_1_U876            | 1    |        | mul_ln40_342   | mul | dsp_slice | 0       |
|   mac_mulsub_12s_12s_24s_25_1_1_U876            | 1    |        | sub_ln40_256   | sub | dsp_slice | 0       |
|   mac_mulsub_12s_12s_25s_25_1_1_U1129           | 1    |        | mul_ln40_343   | mul | dsp_slice | 0       |
|   mac_mulsub_12s_12s_25s_25_1_1_U1129           | 1    |        | sub_ln40_257   | sub | dsp_slice | 0       |
|   add_ln40_85_fu_21070_p2                       |      |        | add_ln40_85    | add | fabric    | 0       |
|   mul_12s_12s_24_1_1_U90                        | 1    |        | mul_ln40_344   | mul | auto      | 0       |
|   mac_mulsub_12s_12s_24s_24_1_1_U624            | 1    |        | mul_ln40_345   | mul | dsp_slice | 0       |
|   mac_mulsub_12s_12s_24s_24_1_1_U624            | 1    |        | sub_ln40_258   | sub | dsp_slice | 0       |
|   mac_mulsub_12s_12s_24s_25_1_1_U877            | 1    |        | mul_ln40_346   | mul | dsp_slice | 0       |
|   mac_mulsub_12s_12s_24s_25_1_1_U877            | 1    |        | sub_ln40_259   | sub | dsp_slice | 0       |
|   mac_mulsub_12s_12s_25s_25_1_1_U1130           | 1    |        | mul_ln40_347   | mul | dsp_slice | 0       |
|   mac_mulsub_12s_12s_25s_25_1_1_U1130           | 1    |        | sub_ln40_260   | sub | dsp_slice | 0       |
|   add_ln40_86_fu_21259_p2                       |      |        | add_ln40_86    | add | fabric    | 0       |
|   mul_12s_12s_24_1_1_U91                        | 1    |        | mul_ln40_348   | mul | auto      | 0       |
|   mac_mulsub_12s_12s_24s_24_1_1_U625            | 1    |        | mul_ln40_349   | mul | dsp_slice | 0       |
|   mac_mulsub_12s_12s_24s_24_1_1_U625            | 1    |        | sub_ln40_261   | sub | dsp_slice | 0       |
|   mac_mulsub_12s_12s_24s_25_1_1_U878            | 1    |        | mul_ln40_350   | mul | dsp_slice | 0       |
|   mac_mulsub_12s_12s_24s_25_1_1_U878            | 1    |        | sub_ln40_262   | sub | dsp_slice | 0       |
|   mac_mulsub_12s_12s_25s_25_1_1_U1131           | 1    |        | mul_ln40_351   | mul | dsp_slice | 0       |
|   mac_mulsub_12s_12s_25s_25_1_1_U1131           | 1    |        | sub_ln40_263   | sub | dsp_slice | 0       |
|   add_ln40_87_fu_21448_p2                       |      |        | add_ln40_87    | add | fabric    | 0       |
|   mul_12s_12s_24_1_1_U92                        | 1    |        | mul_ln40_352   | mul | auto      | 0       |
|   mac_mulsub_12s_12s_24s_24_1_1_U626            | 1    |        | mul_ln40_353   | mul | dsp_slice | 0       |
|   mac_mulsub_12s_12s_24s_24_1_1_U626            | 1    |        | sub_ln40_264   | sub | dsp_slice | 0       |
|   mac_mulsub_12s_12s_24s_25_1_1_U879            | 1    |        | mul_ln40_354   | mul | dsp_slice | 0       |
|   mac_mulsub_12s_12s_24s_25_1_1_U879            | 1    |        | sub_ln40_265   | sub | dsp_slice | 0       |
|   mac_mulsub_12s_12s_25s_25_1_1_U1132           | 1    |        | mul_ln40_355   | mul | dsp_slice | 0       |
|   mac_mulsub_12s_12s_25s_25_1_1_U1132           | 1    |        | sub_ln40_266   | sub | dsp_slice | 0       |
|   add_ln40_88_fu_21637_p2                       |      |        | add_ln40_88    | add | fabric    | 0       |
|   mul_12s_12s_24_1_1_U93                        | 1    |        | mul_ln40_356   | mul | auto      | 0       |
|   mac_mulsub_12s_12s_24s_24_1_1_U627            | 1    |        | mul_ln40_357   | mul | dsp_slice | 0       |
|   mac_mulsub_12s_12s_24s_24_1_1_U627            | 1    |        | sub_ln40_267   | sub | dsp_slice | 0       |
|   mac_mulsub_12s_12s_24s_25_1_1_U880            | 1    |        | mul_ln40_358   | mul | dsp_slice | 0       |
|   mac_mulsub_12s_12s_24s_25_1_1_U880            | 1    |        | sub_ln40_268   | sub | dsp_slice | 0       |
|   mac_mulsub_12s_12s_25s_25_1_1_U1133           | 1    |        | mul_ln40_359   | mul | dsp_slice | 0       |
|   mac_mulsub_12s_12s_25s_25_1_1_U1133           | 1    |        | sub_ln40_269   | sub | dsp_slice | 0       |
|   add_ln40_89_fu_21826_p2                       |      |        | add_ln40_89    | add | fabric    | 0       |
|   mul_12s_12s_24_1_1_U94                        | 1    |        | mul_ln40_360   | mul | auto      | 0       |
|   mac_mulsub_12s_12s_24s_24_1_1_U628            | 1    |        | mul_ln40_361   | mul | dsp_slice | 0       |
|   mac_mulsub_12s_12s_24s_24_1_1_U628            | 1    |        | sub_ln40_270   | sub | dsp_slice | 0       |
|   mac_mulsub_12s_12s_24s_25_1_1_U881            | 1    |        | mul_ln40_362   | mul | dsp_slice | 0       |
|   mac_mulsub_12s_12s_24s_25_1_1_U881            | 1    |        | sub_ln40_271   | sub | dsp_slice | 0       |
|   mac_mulsub_12s_12s_25s_25_1_1_U1134           | 1    |        | mul_ln40_363   | mul | dsp_slice | 0       |
|   mac_mulsub_12s_12s_25s_25_1_1_U1134           | 1    |        | sub_ln40_272   | sub | dsp_slice | 0       |
|   add_ln40_90_fu_22015_p2                       |      |        | add_ln40_90    | add | fabric    | 0       |
|   mul_12s_12s_24_1_1_U95                        | 1    |        | mul_ln40_364   | mul | auto      | 0       |
|   mac_mulsub_12s_12s_24s_24_1_1_U629            | 1    |        | mul_ln40_365   | mul | dsp_slice | 0       |
|   mac_mulsub_12s_12s_24s_24_1_1_U629            | 1    |        | sub_ln40_273   | sub | dsp_slice | 0       |
|   mac_mulsub_12s_12s_24s_25_1_1_U882            | 1    |        | mul_ln40_366   | mul | dsp_slice | 0       |
|   mac_mulsub_12s_12s_24s_25_1_1_U882            | 1    |        | sub_ln40_274   | sub | dsp_slice | 0       |
|   mac_mulsub_12s_12s_25s_25_1_1_U1135           | 1    |        | mul_ln40_367   | mul | dsp_slice | 0       |
|   mac_mulsub_12s_12s_25s_25_1_1_U1135           | 1    |        | sub_ln40_275   | sub | dsp_slice | 0       |
|   add_ln40_91_fu_22204_p2                       |      |        | add_ln40_91    | add | fabric    | 0       |
|   mul_12s_12s_24_1_1_U96                        | 1    |        | mul_ln40_368   | mul | auto      | 0       |
|   mac_mulsub_12s_12s_24s_24_1_1_U630            | 1    |        | mul_ln40_369   | mul | dsp_slice | 0       |
|   mac_mulsub_12s_12s_24s_24_1_1_U630            | 1    |        | sub_ln40_276   | sub | dsp_slice | 0       |
|   mac_mulsub_12s_12s_24s_25_1_1_U883            | 1    |        | mul_ln40_370   | mul | dsp_slice | 0       |
|   mac_mulsub_12s_12s_24s_25_1_1_U883            | 1    |        | sub_ln40_277   | sub | dsp_slice | 0       |
|   mac_mulsub_12s_12s_25s_25_1_1_U1136           | 1    |        | mul_ln40_371   | mul | dsp_slice | 0       |
|   mac_mulsub_12s_12s_25s_25_1_1_U1136           | 1    |        | sub_ln40_278   | sub | dsp_slice | 0       |
|   add_ln40_92_fu_22393_p2                       |      |        | add_ln40_92    | add | fabric    | 0       |
|   mul_12s_12s_24_1_1_U97                        | 1    |        | mul_ln40_372   | mul | auto      | 0       |
|   mac_mulsub_12s_12s_24s_24_1_1_U631            | 1    |        | mul_ln40_373   | mul | dsp_slice | 0       |
|   mac_mulsub_12s_12s_24s_24_1_1_U631            | 1    |        | sub_ln40_279   | sub | dsp_slice | 0       |
|   mac_mulsub_12s_12s_24s_25_1_1_U884            | 1    |        | mul_ln40_374   | mul | dsp_slice | 0       |
|   mac_mulsub_12s_12s_24s_25_1_1_U884            | 1    |        | sub_ln40_280   | sub | dsp_slice | 0       |
|   mac_mulsub_12s_12s_25s_25_1_1_U1137           | 1    |        | mul_ln40_375   | mul | dsp_slice | 0       |
|   mac_mulsub_12s_12s_25s_25_1_1_U1137           | 1    |        | sub_ln40_281   | sub | dsp_slice | 0       |
|   add_ln40_93_fu_22582_p2                       |      |        | add_ln40_93    | add | fabric    | 0       |
|   mul_12s_12s_24_1_1_U98                        | 1    |        | mul_ln40_376   | mul | auto      | 0       |
|   mac_mulsub_12s_12s_24s_24_1_1_U632            | 1    |        | mul_ln40_377   | mul | dsp_slice | 0       |
|   mac_mulsub_12s_12s_24s_24_1_1_U632            | 1    |        | sub_ln40_282   | sub | dsp_slice | 0       |
|   mac_mulsub_12s_12s_24s_25_1_1_U885            | 1    |        | mul_ln40_378   | mul | dsp_slice | 0       |
|   mac_mulsub_12s_12s_24s_25_1_1_U885            | 1    |        | sub_ln40_283   | sub | dsp_slice | 0       |
|   mac_mulsub_12s_12s_25s_25_1_1_U1138           | 1    |        | mul_ln40_379   | mul | dsp_slice | 0       |
|   mac_mulsub_12s_12s_25s_25_1_1_U1138           | 1    |        | sub_ln40_284   | sub | dsp_slice | 0       |
|   add_ln40_94_fu_22771_p2                       |      |        | add_ln40_94    | add | fabric    | 0       |
|   mul_12s_12s_24_1_1_U99                        | 1    |        | mul_ln40_380   | mul | auto      | 0       |
|   mac_mulsub_12s_12s_24s_24_1_1_U633            | 1    |        | mul_ln40_381   | mul | dsp_slice | 0       |
|   mac_mulsub_12s_12s_24s_24_1_1_U633            | 1    |        | sub_ln40_285   | sub | dsp_slice | 0       |
|   mac_mulsub_12s_12s_24s_25_1_1_U886            | 1    |        | mul_ln40_382   | mul | dsp_slice | 0       |
|   mac_mulsub_12s_12s_24s_25_1_1_U886            | 1    |        | sub_ln40_286   | sub | dsp_slice | 0       |
|   mac_mulsub_12s_12s_25s_25_1_1_U1139           | 1    |        | mul_ln40_383   | mul | dsp_slice | 0       |
|   mac_mulsub_12s_12s_25s_25_1_1_U1139           | 1    |        | sub_ln40_287   | sub | dsp_slice | 0       |
|   add_ln40_95_fu_22960_p2                       |      |        | add_ln40_95    | add | fabric    | 0       |
|   mul_12s_12s_24_1_1_U100                       | 1    |        | mul_ln40_384   | mul | auto      | 0       |
|   mac_mulsub_12s_12s_24s_24_1_1_U634            | 1    |        | mul_ln40_385   | mul | dsp_slice | 0       |
|   mac_mulsub_12s_12s_24s_24_1_1_U634            | 1    |        | sub_ln40_288   | sub | dsp_slice | 0       |
|   mac_mulsub_12s_12s_24s_25_1_1_U887            | 1    |        | mul_ln40_386   | mul | dsp_slice | 0       |
|   mac_mulsub_12s_12s_24s_25_1_1_U887            | 1    |        | sub_ln40_289   | sub | dsp_slice | 0       |
|   mac_mulsub_12s_12s_25s_25_1_1_U1140           | 1    |        | mul_ln40_387   | mul | dsp_slice | 0       |
|   mac_mulsub_12s_12s_25s_25_1_1_U1140           | 1    |        | sub_ln40_290   | sub | dsp_slice | 0       |
|   add_ln40_96_fu_23149_p2                       |      |        | add_ln40_96    | add | fabric    | 0       |
|   mul_12s_12s_24_1_1_U101                       | 1    |        | mul_ln40_388   | mul | auto      | 0       |
|   mac_mulsub_12s_12s_24s_24_1_1_U635            | 1    |        | mul_ln40_389   | mul | dsp_slice | 0       |
|   mac_mulsub_12s_12s_24s_24_1_1_U635            | 1    |        | sub_ln40_291   | sub | dsp_slice | 0       |
|   mac_mulsub_12s_12s_24s_25_1_1_U888            | 1    |        | mul_ln40_390   | mul | dsp_slice | 0       |
|   mac_mulsub_12s_12s_24s_25_1_1_U888            | 1    |        | sub_ln40_292   | sub | dsp_slice | 0       |
|   mac_mulsub_12s_12s_25s_25_1_1_U1141           | 1    |        | mul_ln40_391   | mul | dsp_slice | 0       |
|   mac_mulsub_12s_12s_25s_25_1_1_U1141           | 1    |        | sub_ln40_293   | sub | dsp_slice | 0       |
|   add_ln40_97_fu_23338_p2                       |      |        | add_ln40_97    | add | fabric    | 0       |
|   mul_12s_12s_24_1_1_U102                       | 1    |        | mul_ln40_392   | mul | auto      | 0       |
|   mac_mulsub_12s_12s_24s_24_1_1_U636            | 1    |        | mul_ln40_393   | mul | dsp_slice | 0       |
|   mac_mulsub_12s_12s_24s_24_1_1_U636            | 1    |        | sub_ln40_294   | sub | dsp_slice | 0       |
|   mac_mulsub_12s_12s_24s_25_1_1_U889            | 1    |        | mul_ln40_394   | mul | dsp_slice | 0       |
|   mac_mulsub_12s_12s_24s_25_1_1_U889            | 1    |        | sub_ln40_295   | sub | dsp_slice | 0       |
|   mac_mulsub_12s_12s_25s_25_1_1_U1142           | 1    |        | mul_ln40_395   | mul | dsp_slice | 0       |
|   mac_mulsub_12s_12s_25s_25_1_1_U1142           | 1    |        | sub_ln40_296   | sub | dsp_slice | 0       |
|   add_ln40_98_fu_23527_p2                       |      |        | add_ln40_98    | add | fabric    | 0       |
|   mul_12s_12s_24_1_1_U103                       | 1    |        | mul_ln40_396   | mul | auto      | 0       |
|   mac_mulsub_12s_12s_24s_24_1_1_U637            | 1    |        | mul_ln40_397   | mul | dsp_slice | 0       |
|   mac_mulsub_12s_12s_24s_24_1_1_U637            | 1    |        | sub_ln40_297   | sub | dsp_slice | 0       |
|   mac_mulsub_12s_12s_24s_25_1_1_U890            | 1    |        | mul_ln40_398   | mul | dsp_slice | 0       |
|   mac_mulsub_12s_12s_24s_25_1_1_U890            | 1    |        | sub_ln40_298   | sub | dsp_slice | 0       |
|   mac_mulsub_12s_12s_25s_25_1_1_U1143           | 1    |        | mul_ln40_399   | mul | dsp_slice | 0       |
|   mac_mulsub_12s_12s_25s_25_1_1_U1143           | 1    |        | sub_ln40_299   | sub | dsp_slice | 0       |
|   add_ln40_99_fu_23716_p2                       |      |        | add_ln40_99    | add | fabric    | 0       |
|   mul_12s_12s_24_1_1_U104                       | 1    |        | mul_ln40_400   | mul | auto      | 0       |
|   mac_mulsub_12s_12s_24s_24_1_1_U638            | 1    |        | mul_ln40_401   | mul | dsp_slice | 0       |
|   mac_mulsub_12s_12s_24s_24_1_1_U638            | 1    |        | sub_ln40_300   | sub | dsp_slice | 0       |
|   mac_mulsub_12s_12s_24s_25_1_1_U891            | 1    |        | mul_ln40_402   | mul | dsp_slice | 0       |
|   mac_mulsub_12s_12s_24s_25_1_1_U891            | 1    |        | sub_ln40_301   | sub | dsp_slice | 0       |
|   mac_mulsub_12s_12s_25s_25_1_1_U1144           | 1    |        | mul_ln40_403   | mul | dsp_slice | 0       |
|   mac_mulsub_12s_12s_25s_25_1_1_U1144           | 1    |        | sub_ln40_302   | sub | dsp_slice | 0       |
|   add_ln40_100_fu_23905_p2                      |      |        | add_ln40_100   | add | fabric    | 0       |
|   mul_12s_12s_24_1_1_U105                       | 1    |        | mul_ln40_404   | mul | auto      | 0       |
|   mac_mulsub_12s_12s_24s_24_1_1_U639            | 1    |        | mul_ln40_405   | mul | dsp_slice | 0       |
|   mac_mulsub_12s_12s_24s_24_1_1_U639            | 1    |        | sub_ln40_303   | sub | dsp_slice | 0       |
|   mac_mulsub_12s_12s_24s_25_1_1_U892            | 1    |        | mul_ln40_406   | mul | dsp_slice | 0       |
|   mac_mulsub_12s_12s_24s_25_1_1_U892            | 1    |        | sub_ln40_304   | sub | dsp_slice | 0       |
|   mac_mulsub_12s_12s_25s_25_1_1_U1145           | 1    |        | mul_ln40_407   | mul | dsp_slice | 0       |
|   mac_mulsub_12s_12s_25s_25_1_1_U1145           | 1    |        | sub_ln40_305   | sub | dsp_slice | 0       |
|   add_ln40_101_fu_24094_p2                      |      |        | add_ln40_101   | add | fabric    | 0       |
|   mul_12s_12s_24_1_1_U106                       | 1    |        | mul_ln40_408   | mul | auto      | 0       |
|   mac_mulsub_12s_12s_24s_24_1_1_U640            | 1    |        | mul_ln40_409   | mul | dsp_slice | 0       |
|   mac_mulsub_12s_12s_24s_24_1_1_U640            | 1    |        | sub_ln40_306   | sub | dsp_slice | 0       |
|   mac_mulsub_12s_12s_24s_25_1_1_U893            | 1    |        | mul_ln40_410   | mul | dsp_slice | 0       |
|   mac_mulsub_12s_12s_24s_25_1_1_U893            | 1    |        | sub_ln40_307   | sub | dsp_slice | 0       |
|   mac_mulsub_12s_12s_25s_25_1_1_U1146           | 1    |        | mul_ln40_411   | mul | dsp_slice | 0       |
|   mac_mulsub_12s_12s_25s_25_1_1_U1146           | 1    |        | sub_ln40_308   | sub | dsp_slice | 0       |
|   add_ln40_102_fu_24283_p2                      |      |        | add_ln40_102   | add | fabric    | 0       |
|   mul_12s_12s_24_1_1_U107                       | 1    |        | mul_ln40_412   | mul | auto      | 0       |
|   mac_mulsub_12s_12s_24s_24_1_1_U641            | 1    |        | mul_ln40_413   | mul | dsp_slice | 0       |
|   mac_mulsub_12s_12s_24s_24_1_1_U641            | 1    |        | sub_ln40_309   | sub | dsp_slice | 0       |
|   mac_mulsub_12s_12s_24s_25_1_1_U894            | 1    |        | mul_ln40_414   | mul | dsp_slice | 0       |
|   mac_mulsub_12s_12s_24s_25_1_1_U894            | 1    |        | sub_ln40_310   | sub | dsp_slice | 0       |
|   mac_mulsub_12s_12s_25s_25_1_1_U1147           | 1    |        | mul_ln40_415   | mul | dsp_slice | 0       |
|   mac_mulsub_12s_12s_25s_25_1_1_U1147           | 1    |        | sub_ln40_311   | sub | dsp_slice | 0       |
|   add_ln40_103_fu_24472_p2                      |      |        | add_ln40_103   | add | fabric    | 0       |
|   mul_12s_12s_24_1_1_U108                       | 1    |        | mul_ln40_416   | mul | auto      | 0       |
|   mac_mulsub_12s_12s_24s_24_1_1_U642            | 1    |        | mul_ln40_417   | mul | dsp_slice | 0       |
|   mac_mulsub_12s_12s_24s_24_1_1_U642            | 1    |        | sub_ln40_312   | sub | dsp_slice | 0       |
|   mac_mulsub_12s_12s_24s_25_1_1_U895            | 1    |        | mul_ln40_418   | mul | dsp_slice | 0       |
|   mac_mulsub_12s_12s_24s_25_1_1_U895            | 1    |        | sub_ln40_313   | sub | dsp_slice | 0       |
|   mac_mulsub_12s_12s_25s_25_1_1_U1148           | 1    |        | mul_ln40_419   | mul | dsp_slice | 0       |
|   mac_mulsub_12s_12s_25s_25_1_1_U1148           | 1    |        | sub_ln40_314   | sub | dsp_slice | 0       |
|   add_ln40_104_fu_24661_p2                      |      |        | add_ln40_104   | add | fabric    | 0       |
|   mul_12s_12s_24_1_1_U109                       | 1    |        | mul_ln40_420   | mul | auto      | 0       |
|   mac_mulsub_12s_12s_24s_24_1_1_U643            | 1    |        | mul_ln40_421   | mul | dsp_slice | 0       |
|   mac_mulsub_12s_12s_24s_24_1_1_U643            | 1    |        | sub_ln40_315   | sub | dsp_slice | 0       |
|   mac_mulsub_12s_12s_24s_25_1_1_U896            | 1    |        | mul_ln40_422   | mul | dsp_slice | 0       |
|   mac_mulsub_12s_12s_24s_25_1_1_U896            | 1    |        | sub_ln40_316   | sub | dsp_slice | 0       |
|   mac_mulsub_12s_12s_25s_25_1_1_U1149           | 1    |        | mul_ln40_423   | mul | dsp_slice | 0       |
|   mac_mulsub_12s_12s_25s_25_1_1_U1149           | 1    |        | sub_ln40_317   | sub | dsp_slice | 0       |
|   add_ln40_105_fu_24850_p2                      |      |        | add_ln40_105   | add | fabric    | 0       |
|   mul_12s_12s_24_1_1_U110                       | 1    |        | mul_ln40_424   | mul | auto      | 0       |
|   mac_mulsub_12s_12s_24s_24_1_1_U644            | 1    |        | mul_ln40_425   | mul | dsp_slice | 0       |
|   mac_mulsub_12s_12s_24s_24_1_1_U644            | 1    |        | sub_ln40_318   | sub | dsp_slice | 0       |
|   mac_mulsub_12s_12s_24s_25_1_1_U897            | 1    |        | mul_ln40_426   | mul | dsp_slice | 0       |
|   mac_mulsub_12s_12s_24s_25_1_1_U897            | 1    |        | sub_ln40_319   | sub | dsp_slice | 0       |
|   mac_mulsub_12s_12s_25s_25_1_1_U1150           | 1    |        | mul_ln40_427   | mul | dsp_slice | 0       |
|   mac_mulsub_12s_12s_25s_25_1_1_U1150           | 1    |        | sub_ln40_320   | sub | dsp_slice | 0       |
|   add_ln40_106_fu_25039_p2                      |      |        | add_ln40_106   | add | fabric    | 0       |
|   mul_12s_12s_24_1_1_U111                       | 1    |        | mul_ln40_428   | mul | auto      | 0       |
|   mac_mulsub_12s_12s_24s_24_1_1_U645            | 1    |        | mul_ln40_429   | mul | dsp_slice | 0       |
|   mac_mulsub_12s_12s_24s_24_1_1_U645            | 1    |        | sub_ln40_321   | sub | dsp_slice | 0       |
|   mac_mulsub_12s_12s_24s_25_1_1_U898            | 1    |        | mul_ln40_430   | mul | dsp_slice | 0       |
|   mac_mulsub_12s_12s_24s_25_1_1_U898            | 1    |        | sub_ln40_322   | sub | dsp_slice | 0       |
|   mac_mulsub_12s_12s_25s_25_1_1_U1151           | 1    |        | mul_ln40_431   | mul | dsp_slice | 0       |
|   mac_mulsub_12s_12s_25s_25_1_1_U1151           | 1    |        | sub_ln40_323   | sub | dsp_slice | 0       |
|   add_ln40_107_fu_25228_p2                      |      |        | add_ln40_107   | add | fabric    | 0       |
|   mul_12s_12s_24_1_1_U112                       | 1    |        | mul_ln40_432   | mul | auto      | 0       |
|   mac_mulsub_12s_12s_24s_24_1_1_U646            | 1    |        | mul_ln40_433   | mul | dsp_slice | 0       |
|   mac_mulsub_12s_12s_24s_24_1_1_U646            | 1    |        | sub_ln40_324   | sub | dsp_slice | 0       |
|   mac_mulsub_12s_12s_24s_25_1_1_U899            | 1    |        | mul_ln40_434   | mul | dsp_slice | 0       |
|   mac_mulsub_12s_12s_24s_25_1_1_U899            | 1    |        | sub_ln40_325   | sub | dsp_slice | 0       |
|   mac_mulsub_12s_12s_25s_25_1_1_U1152           | 1    |        | mul_ln40_435   | mul | dsp_slice | 0       |
|   mac_mulsub_12s_12s_25s_25_1_1_U1152           | 1    |        | sub_ln40_326   | sub | dsp_slice | 0       |
|   add_ln40_108_fu_25417_p2                      |      |        | add_ln40_108   | add | fabric    | 0       |
|   mul_12s_12s_24_1_1_U113                       | 1    |        | mul_ln40_436   | mul | auto      | 0       |
|   mac_mulsub_12s_12s_24s_24_1_1_U647            | 1    |        | mul_ln40_437   | mul | dsp_slice | 0       |
|   mac_mulsub_12s_12s_24s_24_1_1_U647            | 1    |        | sub_ln40_327   | sub | dsp_slice | 0       |
|   mac_mulsub_12s_12s_24s_25_1_1_U900            | 1    |        | mul_ln40_438   | mul | dsp_slice | 0       |
|   mac_mulsub_12s_12s_24s_25_1_1_U900            | 1    |        | sub_ln40_328   | sub | dsp_slice | 0       |
|   mac_mulsub_12s_12s_25s_25_1_1_U1153           | 1    |        | mul_ln40_439   | mul | dsp_slice | 0       |
|   mac_mulsub_12s_12s_25s_25_1_1_U1153           | 1    |        | sub_ln40_329   | sub | dsp_slice | 0       |
|   add_ln40_109_fu_25606_p2                      |      |        | add_ln40_109   | add | fabric    | 0       |
|   mul_12s_12s_24_1_1_U114                       | 1    |        | mul_ln40_440   | mul | auto      | 0       |
|   mac_mulsub_12s_12s_24s_24_1_1_U648            | 1    |        | mul_ln40_441   | mul | dsp_slice | 0       |
|   mac_mulsub_12s_12s_24s_24_1_1_U648            | 1    |        | sub_ln40_330   | sub | dsp_slice | 0       |
|   mac_mulsub_12s_12s_24s_25_1_1_U901            | 1    |        | mul_ln40_442   | mul | dsp_slice | 0       |
|   mac_mulsub_12s_12s_24s_25_1_1_U901            | 1    |        | sub_ln40_331   | sub | dsp_slice | 0       |
|   mac_mulsub_12s_12s_25s_25_1_1_U1154           | 1    |        | mul_ln40_443   | mul | dsp_slice | 0       |
|   mac_mulsub_12s_12s_25s_25_1_1_U1154           | 1    |        | sub_ln40_332   | sub | dsp_slice | 0       |
|   add_ln40_110_fu_25795_p2                      |      |        | add_ln40_110   | add | fabric    | 0       |
|   mul_12s_12s_24_1_1_U115                       | 1    |        | mul_ln40_444   | mul | auto      | 0       |
|   mac_mulsub_12s_12s_24s_24_1_1_U649            | 1    |        | mul_ln40_445   | mul | dsp_slice | 0       |
|   mac_mulsub_12s_12s_24s_24_1_1_U649            | 1    |        | sub_ln40_333   | sub | dsp_slice | 0       |
|   mac_mulsub_12s_12s_24s_25_1_1_U902            | 1    |        | mul_ln40_446   | mul | dsp_slice | 0       |
|   mac_mulsub_12s_12s_24s_25_1_1_U902            | 1    |        | sub_ln40_334   | sub | dsp_slice | 0       |
|   mac_mulsub_12s_12s_25s_25_1_1_U1155           | 1    |        | mul_ln40_447   | mul | dsp_slice | 0       |
|   mac_mulsub_12s_12s_25s_25_1_1_U1155           | 1    |        | sub_ln40_335   | sub | dsp_slice | 0       |
|   add_ln40_111_fu_25984_p2                      |      |        | add_ln40_111   | add | fabric    | 0       |
|   mul_12s_12s_24_1_1_U116                       | 1    |        | mul_ln40_448   | mul | auto      | 0       |
|   mac_mulsub_12s_12s_24s_24_1_1_U650            | 1    |        | mul_ln40_449   | mul | dsp_slice | 0       |
|   mac_mulsub_12s_12s_24s_24_1_1_U650            | 1    |        | sub_ln40_336   | sub | dsp_slice | 0       |
|   mac_mulsub_12s_12s_24s_25_1_1_U903            | 1    |        | mul_ln40_450   | mul | dsp_slice | 0       |
|   mac_mulsub_12s_12s_24s_25_1_1_U903            | 1    |        | sub_ln40_337   | sub | dsp_slice | 0       |
|   mac_mulsub_12s_12s_25s_25_1_1_U1156           | 1    |        | mul_ln40_451   | mul | dsp_slice | 0       |
|   mac_mulsub_12s_12s_25s_25_1_1_U1156           | 1    |        | sub_ln40_338   | sub | dsp_slice | 0       |
|   add_ln40_112_fu_26173_p2                      |      |        | add_ln40_112   | add | fabric    | 0       |
|   mul_12s_12s_24_1_1_U117                       | 1    |        | mul_ln40_452   | mul | auto      | 0       |
|   mac_mulsub_12s_12s_24s_24_1_1_U651            | 1    |        | mul_ln40_453   | mul | dsp_slice | 0       |
|   mac_mulsub_12s_12s_24s_24_1_1_U651            | 1    |        | sub_ln40_339   | sub | dsp_slice | 0       |
|   mac_mulsub_12s_12s_24s_25_1_1_U904            | 1    |        | mul_ln40_454   | mul | dsp_slice | 0       |
|   mac_mulsub_12s_12s_24s_25_1_1_U904            | 1    |        | sub_ln40_340   | sub | dsp_slice | 0       |
|   mac_mulsub_12s_12s_25s_25_1_1_U1157           | 1    |        | mul_ln40_455   | mul | dsp_slice | 0       |
|   mac_mulsub_12s_12s_25s_25_1_1_U1157           | 1    |        | sub_ln40_341   | sub | dsp_slice | 0       |
|   add_ln40_113_fu_26362_p2                      |      |        | add_ln40_113   | add | fabric    | 0       |
|   mul_12s_12s_24_1_1_U118                       | 1    |        | mul_ln40_456   | mul | auto      | 0       |
|   mac_mulsub_12s_12s_24s_24_1_1_U652            | 1    |        | mul_ln40_457   | mul | dsp_slice | 0       |
|   mac_mulsub_12s_12s_24s_24_1_1_U652            | 1    |        | sub_ln40_342   | sub | dsp_slice | 0       |
|   mac_mulsub_12s_12s_24s_25_1_1_U905            | 1    |        | mul_ln40_458   | mul | dsp_slice | 0       |
|   mac_mulsub_12s_12s_24s_25_1_1_U905            | 1    |        | sub_ln40_343   | sub | dsp_slice | 0       |
|   mac_mulsub_12s_12s_25s_25_1_1_U1158           | 1    |        | mul_ln40_459   | mul | dsp_slice | 0       |
|   mac_mulsub_12s_12s_25s_25_1_1_U1158           | 1    |        | sub_ln40_344   | sub | dsp_slice | 0       |
|   add_ln40_114_fu_26551_p2                      |      |        | add_ln40_114   | add | fabric    | 0       |
|   mul_12s_12s_24_1_1_U119                       | 1    |        | mul_ln40_460   | mul | auto      | 0       |
|   mac_mulsub_12s_12s_24s_24_1_1_U653            | 1    |        | mul_ln40_461   | mul | dsp_slice | 0       |
|   mac_mulsub_12s_12s_24s_24_1_1_U653            | 1    |        | sub_ln40_345   | sub | dsp_slice | 0       |
|   mac_mulsub_12s_12s_24s_25_1_1_U906            | 1    |        | mul_ln40_462   | mul | dsp_slice | 0       |
|   mac_mulsub_12s_12s_24s_25_1_1_U906            | 1    |        | sub_ln40_346   | sub | dsp_slice | 0       |
|   mac_mulsub_12s_12s_25s_25_1_1_U1159           | 1    |        | mul_ln40_463   | mul | dsp_slice | 0       |
|   mac_mulsub_12s_12s_25s_25_1_1_U1159           | 1    |        | sub_ln40_347   | sub | dsp_slice | 0       |
|   add_ln40_115_fu_26740_p2                      |      |        | add_ln40_115   | add | fabric    | 0       |
|   mul_12s_12s_24_1_1_U120                       | 1    |        | mul_ln40_464   | mul | auto      | 0       |
|   mac_mulsub_12s_12s_24s_24_1_1_U654            | 1    |        | mul_ln40_465   | mul | dsp_slice | 0       |
|   mac_mulsub_12s_12s_24s_24_1_1_U654            | 1    |        | sub_ln40_348   | sub | dsp_slice | 0       |
|   mac_mulsub_12s_12s_24s_25_1_1_U907            | 1    |        | mul_ln40_466   | mul | dsp_slice | 0       |
|   mac_mulsub_12s_12s_24s_25_1_1_U907            | 1    |        | sub_ln40_349   | sub | dsp_slice | 0       |
|   mac_mulsub_12s_12s_25s_25_1_1_U1160           | 1    |        | mul_ln40_467   | mul | dsp_slice | 0       |
|   mac_mulsub_12s_12s_25s_25_1_1_U1160           | 1    |        | sub_ln40_350   | sub | dsp_slice | 0       |
|   add_ln40_116_fu_26929_p2                      |      |        | add_ln40_116   | add | fabric    | 0       |
|   mul_12s_12s_24_1_1_U121                       | 1    |        | mul_ln40_468   | mul | auto      | 0       |
|   mac_mulsub_12s_12s_24s_24_1_1_U655            | 1    |        | mul_ln40_469   | mul | dsp_slice | 0       |
|   mac_mulsub_12s_12s_24s_24_1_1_U655            | 1    |        | sub_ln40_351   | sub | dsp_slice | 0       |
|   mac_mulsub_12s_12s_24s_25_1_1_U908            | 1    |        | mul_ln40_470   | mul | dsp_slice | 0       |
|   mac_mulsub_12s_12s_24s_25_1_1_U908            | 1    |        | sub_ln40_352   | sub | dsp_slice | 0       |
|   mac_mulsub_12s_12s_25s_25_1_1_U1161           | 1    |        | mul_ln40_471   | mul | dsp_slice | 0       |
|   mac_mulsub_12s_12s_25s_25_1_1_U1161           | 1    |        | sub_ln40_353   | sub | dsp_slice | 0       |
|   add_ln40_117_fu_27118_p2                      |      |        | add_ln40_117   | add | fabric    | 0       |
|   mul_12s_12s_24_1_1_U122                       | 1    |        | mul_ln40_472   | mul | auto      | 0       |
|   mac_mulsub_12s_12s_24s_24_1_1_U656            | 1    |        | mul_ln40_473   | mul | dsp_slice | 0       |
|   mac_mulsub_12s_12s_24s_24_1_1_U656            | 1    |        | sub_ln40_354   | sub | dsp_slice | 0       |
|   mac_mulsub_12s_12s_24s_25_1_1_U909            | 1    |        | mul_ln40_474   | mul | dsp_slice | 0       |
|   mac_mulsub_12s_12s_24s_25_1_1_U909            | 1    |        | sub_ln40_355   | sub | dsp_slice | 0       |
|   mac_mulsub_12s_12s_25s_25_1_1_U1162           | 1    |        | mul_ln40_475   | mul | dsp_slice | 0       |
|   mac_mulsub_12s_12s_25s_25_1_1_U1162           | 1    |        | sub_ln40_356   | sub | dsp_slice | 0       |
|   add_ln40_118_fu_27307_p2                      |      |        | add_ln40_118   | add | fabric    | 0       |
|   mul_12s_12s_24_1_1_U123                       | 1    |        | mul_ln40_476   | mul | auto      | 0       |
|   mac_mulsub_12s_12s_24s_24_1_1_U657            | 1    |        | mul_ln40_477   | mul | dsp_slice | 0       |
|   mac_mulsub_12s_12s_24s_24_1_1_U657            | 1    |        | sub_ln40_357   | sub | dsp_slice | 0       |
|   mac_mulsub_12s_12s_24s_25_1_1_U910            | 1    |        | mul_ln40_478   | mul | dsp_slice | 0       |
|   mac_mulsub_12s_12s_24s_25_1_1_U910            | 1    |        | sub_ln40_358   | sub | dsp_slice | 0       |
|   mac_mulsub_12s_12s_25s_25_1_1_U1163           | 1    |        | mul_ln40_479   | mul | dsp_slice | 0       |
|   mac_mulsub_12s_12s_25s_25_1_1_U1163           | 1    |        | sub_ln40_359   | sub | dsp_slice | 0       |
|   add_ln40_119_fu_27496_p2                      |      |        | add_ln40_119   | add | fabric    | 0       |
|   mul_12s_12s_24_1_1_U124                       | 1    |        | mul_ln40_480   | mul | auto      | 0       |
|   mac_mulsub_12s_12s_24s_24_1_1_U658            | 1    |        | mul_ln40_481   | mul | dsp_slice | 0       |
|   mac_mulsub_12s_12s_24s_24_1_1_U658            | 1    |        | sub_ln40_360   | sub | dsp_slice | 0       |
|   mac_mulsub_12s_12s_24s_25_1_1_U911            | 1    |        | mul_ln40_482   | mul | dsp_slice | 0       |
|   mac_mulsub_12s_12s_24s_25_1_1_U911            | 1    |        | sub_ln40_361   | sub | dsp_slice | 0       |
|   mac_mulsub_12s_12s_25s_25_1_1_U1164           | 1    |        | mul_ln40_483   | mul | dsp_slice | 0       |
|   mac_mulsub_12s_12s_25s_25_1_1_U1164           | 1    |        | sub_ln40_362   | sub | dsp_slice | 0       |
|   add_ln40_120_fu_27685_p2                      |      |        | add_ln40_120   | add | fabric    | 0       |
|   mul_12s_12s_24_1_1_U125                       | 1    |        | mul_ln40_484   | mul | auto      | 0       |
|   mac_mulsub_12s_12s_24s_24_1_1_U659            | 1    |        | mul_ln40_485   | mul | dsp_slice | 0       |
|   mac_mulsub_12s_12s_24s_24_1_1_U659            | 1    |        | sub_ln40_363   | sub | dsp_slice | 0       |
|   mac_mulsub_12s_12s_24s_25_1_1_U912            | 1    |        | mul_ln40_486   | mul | dsp_slice | 0       |
|   mac_mulsub_12s_12s_24s_25_1_1_U912            | 1    |        | sub_ln40_364   | sub | dsp_slice | 0       |
|   mac_mulsub_12s_12s_25s_25_1_1_U1165           | 1    |        | mul_ln40_487   | mul | dsp_slice | 0       |
|   mac_mulsub_12s_12s_25s_25_1_1_U1165           | 1    |        | sub_ln40_365   | sub | dsp_slice | 0       |
|   add_ln40_121_fu_27874_p2                      |      |        | add_ln40_121   | add | fabric    | 0       |
|   mul_12s_12s_24_1_1_U126                       | 1    |        | mul_ln40_488   | mul | auto      | 0       |
|   mac_mulsub_12s_12s_24s_24_1_1_U660            | 1    |        | mul_ln40_489   | mul | dsp_slice | 0       |
|   mac_mulsub_12s_12s_24s_24_1_1_U660            | 1    |        | sub_ln40_366   | sub | dsp_slice | 0       |
|   mac_mulsub_12s_12s_24s_25_1_1_U913            | 1    |        | mul_ln40_490   | mul | dsp_slice | 0       |
|   mac_mulsub_12s_12s_24s_25_1_1_U913            | 1    |        | sub_ln40_367   | sub | dsp_slice | 0       |
|   mac_mulsub_12s_12s_25s_25_1_1_U1166           | 1    |        | mul_ln40_491   | mul | dsp_slice | 0       |
|   mac_mulsub_12s_12s_25s_25_1_1_U1166           | 1    |        | sub_ln40_368   | sub | dsp_slice | 0       |
|   add_ln40_122_fu_28063_p2                      |      |        | add_ln40_122   | add | fabric    | 0       |
|   mul_12s_12s_24_1_1_U127                       | 1    |        | mul_ln40_492   | mul | auto      | 0       |
|   mac_mulsub_12s_12s_24s_24_1_1_U661            | 1    |        | mul_ln40_493   | mul | dsp_slice | 0       |
|   mac_mulsub_12s_12s_24s_24_1_1_U661            | 1    |        | sub_ln40_369   | sub | dsp_slice | 0       |
|   mac_mulsub_12s_12s_24s_25_1_1_U914            | 1    |        | mul_ln40_494   | mul | dsp_slice | 0       |
|   mac_mulsub_12s_12s_24s_25_1_1_U914            | 1    |        | sub_ln40_370   | sub | dsp_slice | 0       |
|   mac_mulsub_12s_12s_25s_25_1_1_U1167           | 1    |        | mul_ln40_495   | mul | dsp_slice | 0       |
|   mac_mulsub_12s_12s_25s_25_1_1_U1167           | 1    |        | sub_ln40_371   | sub | dsp_slice | 0       |
|   add_ln40_123_fu_28252_p2                      |      |        | add_ln40_123   | add | fabric    | 0       |
|   mul_12s_12s_24_1_1_U128                       | 1    |        | mul_ln40_496   | mul | auto      | 0       |
|   mac_mulsub_12s_12s_24s_24_1_1_U662            | 1    |        | mul_ln40_497   | mul | dsp_slice | 0       |
|   mac_mulsub_12s_12s_24s_24_1_1_U662            | 1    |        | sub_ln40_372   | sub | dsp_slice | 0       |
|   mac_mulsub_12s_12s_24s_25_1_1_U915            | 1    |        | mul_ln40_498   | mul | dsp_slice | 0       |
|   mac_mulsub_12s_12s_24s_25_1_1_U915            | 1    |        | sub_ln40_373   | sub | dsp_slice | 0       |
|   mac_mulsub_12s_12s_25s_25_1_1_U1168           | 1    |        | mul_ln40_499   | mul | dsp_slice | 0       |
|   mac_mulsub_12s_12s_25s_25_1_1_U1168           | 1    |        | sub_ln40_374   | sub | dsp_slice | 0       |
|   add_ln40_124_fu_28441_p2                      |      |        | add_ln40_124   | add | fabric    | 0       |
|   mul_12s_12s_24_1_1_U129                       | 1    |        | mul_ln40_500   | mul | auto      | 0       |
|   mac_mulsub_12s_12s_24s_24_1_1_U663            | 1    |        | mul_ln40_501   | mul | dsp_slice | 0       |
|   mac_mulsub_12s_12s_24s_24_1_1_U663            | 1    |        | sub_ln40_375   | sub | dsp_slice | 0       |
|   mac_mulsub_12s_12s_24s_25_1_1_U916            | 1    |        | mul_ln40_502   | mul | dsp_slice | 0       |
|   mac_mulsub_12s_12s_24s_25_1_1_U916            | 1    |        | sub_ln40_376   | sub | dsp_slice | 0       |
|   mac_mulsub_12s_12s_25s_25_1_1_U1169           | 1    |        | mul_ln40_503   | mul | dsp_slice | 0       |
|   mac_mulsub_12s_12s_25s_25_1_1_U1169           | 1    |        | sub_ln40_377   | sub | dsp_slice | 0       |
|   add_ln40_125_fu_28630_p2                      |      |        | add_ln40_125   | add | fabric    | 0       |
|   mul_12s_12s_24_1_1_U130                       | 1    |        | mul_ln40_504   | mul | auto      | 0       |
|   mac_mulsub_12s_12s_24s_24_1_1_U664            | 1    |        | mul_ln40_505   | mul | dsp_slice | 0       |
|   mac_mulsub_12s_12s_24s_24_1_1_U664            | 1    |        | sub_ln40_378   | sub | dsp_slice | 0       |
|   mac_mulsub_12s_12s_24s_25_1_1_U917            | 1    |        | mul_ln40_506   | mul | dsp_slice | 0       |
|   mac_mulsub_12s_12s_24s_25_1_1_U917            | 1    |        | sub_ln40_379   | sub | dsp_slice | 0       |
|   mac_mulsub_12s_12s_25s_25_1_1_U1170           | 1    |        | mul_ln40_507   | mul | dsp_slice | 0       |
|   mac_mulsub_12s_12s_25s_25_1_1_U1170           | 1    |        | sub_ln40_380   | sub | dsp_slice | 0       |
|   add_ln40_126_fu_28819_p2                      |      |        | add_ln40_126   | add | fabric    | 0       |
|   mul_12s_12s_24_1_1_U131                       | 1    |        | mul_ln40_508   | mul | auto      | 0       |
|   mac_mulsub_12s_12s_24s_24_1_1_U665            | 1    |        | mul_ln40_509   | mul | dsp_slice | 0       |
|   mac_mulsub_12s_12s_24s_24_1_1_U665            | 1    |        | sub_ln40_381   | sub | dsp_slice | 0       |
|   mac_mulsub_12s_12s_24s_25_1_1_U918            | 1    |        | mul_ln40_510   | mul | dsp_slice | 0       |
|   mac_mulsub_12s_12s_24s_25_1_1_U918            | 1    |        | sub_ln40_382   | sub | dsp_slice | 0       |
|   mac_mulsub_12s_12s_25s_25_1_1_U1171           | 1    |        | mul_ln40_511   | mul | dsp_slice | 0       |
|   mac_mulsub_12s_12s_25s_25_1_1_U1171           | 1    |        | sub_ln40_383   | sub | dsp_slice | 0       |
|   add_ln40_127_fu_29008_p2                      |      |        | add_ln40_127   | add | fabric    | 0       |
|   mul_12s_12s_24_1_1_U132                       | 1    |        | mul_ln40_512   | mul | auto      | 0       |
|   mac_mulsub_12s_12s_24s_24_1_1_U666            | 1    |        | mul_ln40_513   | mul | dsp_slice | 0       |
|   mac_mulsub_12s_12s_24s_24_1_1_U666            | 1    |        | sub_ln40_384   | sub | dsp_slice | 0       |
|   mac_mulsub_12s_12s_24s_25_1_1_U919            | 1    |        | mul_ln40_514   | mul | dsp_slice | 0       |
|   mac_mulsub_12s_12s_24s_25_1_1_U919            | 1    |        | sub_ln40_385   | sub | dsp_slice | 0       |
|   mac_mulsub_12s_12s_25s_25_1_1_U1172           | 1    |        | mul_ln40_515   | mul | dsp_slice | 0       |
|   mac_mulsub_12s_12s_25s_25_1_1_U1172           | 1    |        | sub_ln40_386   | sub | dsp_slice | 0       |
|   add_ln40_128_fu_29197_p2                      |      |        | add_ln40_128   | add | fabric    | 0       |
|   mul_12s_12s_24_1_1_U133                       | 1    |        | mul_ln40_516   | mul | auto      | 0       |
|   mac_mulsub_12s_12s_24s_24_1_1_U667            | 1    |        | mul_ln40_517   | mul | dsp_slice | 0       |
|   mac_mulsub_12s_12s_24s_24_1_1_U667            | 1    |        | sub_ln40_387   | sub | dsp_slice | 0       |
|   mac_mulsub_12s_12s_24s_25_1_1_U920            | 1    |        | mul_ln40_518   | mul | dsp_slice | 0       |
|   mac_mulsub_12s_12s_24s_25_1_1_U920            | 1    |        | sub_ln40_388   | sub | dsp_slice | 0       |
|   mac_mulsub_12s_12s_25s_25_1_1_U1173           | 1    |        | mul_ln40_519   | mul | dsp_slice | 0       |
|   mac_mulsub_12s_12s_25s_25_1_1_U1173           | 1    |        | sub_ln40_389   | sub | dsp_slice | 0       |
|   add_ln40_129_fu_29386_p2                      |      |        | add_ln40_129   | add | fabric    | 0       |
|   mul_12s_12s_24_1_1_U134                       | 1    |        | mul_ln40_520   | mul | auto      | 0       |
|   mac_mulsub_12s_12s_24s_24_1_1_U668            | 1    |        | mul_ln40_521   | mul | dsp_slice | 0       |
|   mac_mulsub_12s_12s_24s_24_1_1_U668            | 1    |        | sub_ln40_390   | sub | dsp_slice | 0       |
|   mac_mulsub_12s_12s_24s_25_1_1_U921            | 1    |        | mul_ln40_522   | mul | dsp_slice | 0       |
|   mac_mulsub_12s_12s_24s_25_1_1_U921            | 1    |        | sub_ln40_391   | sub | dsp_slice | 0       |
|   mac_mulsub_12s_12s_25s_25_1_1_U1174           | 1    |        | mul_ln40_523   | mul | dsp_slice | 0       |
|   mac_mulsub_12s_12s_25s_25_1_1_U1174           | 1    |        | sub_ln40_392   | sub | dsp_slice | 0       |
|   add_ln40_130_fu_29575_p2                      |      |        | add_ln40_130   | add | fabric    | 0       |
|   mul_12s_12s_24_1_1_U135                       | 1    |        | mul_ln40_524   | mul | auto      | 0       |
|   mac_mulsub_12s_12s_24s_24_1_1_U669            | 1    |        | mul_ln40_525   | mul | dsp_slice | 0       |
|   mac_mulsub_12s_12s_24s_24_1_1_U669            | 1    |        | sub_ln40_393   | sub | dsp_slice | 0       |
|   mac_mulsub_12s_12s_24s_25_1_1_U922            | 1    |        | mul_ln40_526   | mul | dsp_slice | 0       |
|   mac_mulsub_12s_12s_24s_25_1_1_U922            | 1    |        | sub_ln40_394   | sub | dsp_slice | 0       |
|   mac_mulsub_12s_12s_25s_25_1_1_U1175           | 1    |        | mul_ln40_527   | mul | dsp_slice | 0       |
|   mac_mulsub_12s_12s_25s_25_1_1_U1175           | 1    |        | sub_ln40_395   | sub | dsp_slice | 0       |
|   add_ln40_131_fu_29764_p2                      |      |        | add_ln40_131   | add | fabric    | 0       |
|   mul_12s_12s_24_1_1_U136                       | 1    |        | mul_ln40_528   | mul | auto      | 0       |
|   mac_mulsub_12s_12s_24s_24_1_1_U670            | 1    |        | mul_ln40_529   | mul | dsp_slice | 0       |
|   mac_mulsub_12s_12s_24s_24_1_1_U670            | 1    |        | sub_ln40_396   | sub | dsp_slice | 0       |
|   mac_mulsub_12s_12s_24s_25_1_1_U923            | 1    |        | mul_ln40_530   | mul | dsp_slice | 0       |
|   mac_mulsub_12s_12s_24s_25_1_1_U923            | 1    |        | sub_ln40_397   | sub | dsp_slice | 0       |
|   mac_mulsub_12s_12s_25s_25_1_1_U1176           | 1    |        | mul_ln40_531   | mul | dsp_slice | 0       |
|   mac_mulsub_12s_12s_25s_25_1_1_U1176           | 1    |        | sub_ln40_398   | sub | dsp_slice | 0       |
|   add_ln40_132_fu_29953_p2                      |      |        | add_ln40_132   | add | fabric    | 0       |
|   mul_12s_12s_24_1_1_U137                       | 1    |        | mul_ln40_532   | mul | auto      | 0       |
|   mac_mulsub_12s_12s_24s_24_1_1_U671            | 1    |        | mul_ln40_533   | mul | dsp_slice | 0       |
|   mac_mulsub_12s_12s_24s_24_1_1_U671            | 1    |        | sub_ln40_399   | sub | dsp_slice | 0       |
|   mac_mulsub_12s_12s_24s_25_1_1_U924            | 1    |        | mul_ln40_534   | mul | dsp_slice | 0       |
|   mac_mulsub_12s_12s_24s_25_1_1_U924            | 1    |        | sub_ln40_400   | sub | dsp_slice | 0       |
|   mac_mulsub_12s_12s_25s_25_1_1_U1177           | 1    |        | mul_ln40_535   | mul | dsp_slice | 0       |
|   mac_mulsub_12s_12s_25s_25_1_1_U1177           | 1    |        | sub_ln40_401   | sub | dsp_slice | 0       |
|   add_ln40_133_fu_30142_p2                      |      |        | add_ln40_133   | add | fabric    | 0       |
|   mul_12s_12s_24_1_1_U138                       | 1    |        | mul_ln40_536   | mul | auto      | 0       |
|   mac_mulsub_12s_12s_24s_24_1_1_U672            | 1    |        | mul_ln40_537   | mul | dsp_slice | 0       |
|   mac_mulsub_12s_12s_24s_24_1_1_U672            | 1    |        | sub_ln40_402   | sub | dsp_slice | 0       |
|   mac_mulsub_12s_12s_24s_25_1_1_U925            | 1    |        | mul_ln40_538   | mul | dsp_slice | 0       |
|   mac_mulsub_12s_12s_24s_25_1_1_U925            | 1    |        | sub_ln40_403   | sub | dsp_slice | 0       |
|   mac_mulsub_12s_12s_25s_25_1_1_U1178           | 1    |        | mul_ln40_539   | mul | dsp_slice | 0       |
|   mac_mulsub_12s_12s_25s_25_1_1_U1178           | 1    |        | sub_ln40_404   | sub | dsp_slice | 0       |
|   add_ln40_134_fu_30331_p2                      |      |        | add_ln40_134   | add | fabric    | 0       |
|   mul_12s_12s_24_1_1_U139                       | 1    |        | mul_ln40_540   | mul | auto      | 0       |
|   mac_mulsub_12s_12s_24s_24_1_1_U673            | 1    |        | mul_ln40_541   | mul | dsp_slice | 0       |
|   mac_mulsub_12s_12s_24s_24_1_1_U673            | 1    |        | sub_ln40_405   | sub | dsp_slice | 0       |
|   mac_mulsub_12s_12s_24s_25_1_1_U926            | 1    |        | mul_ln40_542   | mul | dsp_slice | 0       |
|   mac_mulsub_12s_12s_24s_25_1_1_U926            | 1    |        | sub_ln40_406   | sub | dsp_slice | 0       |
|   mac_mulsub_12s_12s_25s_25_1_1_U1179           | 1    |        | mul_ln40_543   | mul | dsp_slice | 0       |
|   mac_mulsub_12s_12s_25s_25_1_1_U1179           | 1    |        | sub_ln40_407   | sub | dsp_slice | 0       |
|   add_ln40_135_fu_30520_p2                      |      |        | add_ln40_135   | add | fabric    | 0       |
|   mul_12s_12s_24_1_1_U140                       | 1    |        | mul_ln40_544   | mul | auto      | 0       |
|   mac_mulsub_12s_12s_24s_24_1_1_U674            | 1    |        | mul_ln40_545   | mul | dsp_slice | 0       |
|   mac_mulsub_12s_12s_24s_24_1_1_U674            | 1    |        | sub_ln40_408   | sub | dsp_slice | 0       |
|   mac_mulsub_12s_12s_24s_25_1_1_U927            | 1    |        | mul_ln40_546   | mul | dsp_slice | 0       |
|   mac_mulsub_12s_12s_24s_25_1_1_U927            | 1    |        | sub_ln40_409   | sub | dsp_slice | 0       |
|   mac_mulsub_12s_12s_25s_25_1_1_U1180           | 1    |        | mul_ln40_547   | mul | dsp_slice | 0       |
|   mac_mulsub_12s_12s_25s_25_1_1_U1180           | 1    |        | sub_ln40_410   | sub | dsp_slice | 0       |
|   add_ln40_136_fu_30709_p2                      |      |        | add_ln40_136   | add | fabric    | 0       |
|   mul_12s_12s_24_1_1_U141                       | 1    |        | mul_ln40_548   | mul | auto      | 0       |
|   mac_mulsub_12s_12s_24s_24_1_1_U675            | 1    |        | mul_ln40_549   | mul | dsp_slice | 0       |
|   mac_mulsub_12s_12s_24s_24_1_1_U675            | 1    |        | sub_ln40_411   | sub | dsp_slice | 0       |
|   mac_mulsub_12s_12s_24s_25_1_1_U928            | 1    |        | mul_ln40_550   | mul | dsp_slice | 0       |
|   mac_mulsub_12s_12s_24s_25_1_1_U928            | 1    |        | sub_ln40_412   | sub | dsp_slice | 0       |
|   mac_mulsub_12s_12s_25s_25_1_1_U1181           | 1    |        | mul_ln40_551   | mul | dsp_slice | 0       |
|   mac_mulsub_12s_12s_25s_25_1_1_U1181           | 1    |        | sub_ln40_413   | sub | dsp_slice | 0       |
|   add_ln40_137_fu_30898_p2                      |      |        | add_ln40_137   | add | fabric    | 0       |
|   mul_12s_12s_24_1_1_U142                       | 1    |        | mul_ln40_552   | mul | auto      | 0       |
|   mac_mulsub_12s_12s_24s_24_1_1_U676            | 1    |        | mul_ln40_553   | mul | dsp_slice | 0       |
|   mac_mulsub_12s_12s_24s_24_1_1_U676            | 1    |        | sub_ln40_414   | sub | dsp_slice | 0       |
|   mac_mulsub_12s_12s_24s_25_1_1_U929            | 1    |        | mul_ln40_554   | mul | dsp_slice | 0       |
|   mac_mulsub_12s_12s_24s_25_1_1_U929            | 1    |        | sub_ln40_415   | sub | dsp_slice | 0       |
|   mac_mulsub_12s_12s_25s_25_1_1_U1182           | 1    |        | mul_ln40_555   | mul | dsp_slice | 0       |
|   mac_mulsub_12s_12s_25s_25_1_1_U1182           | 1    |        | sub_ln40_416   | sub | dsp_slice | 0       |
|   add_ln40_138_fu_31087_p2                      |      |        | add_ln40_138   | add | fabric    | 0       |
|   mul_12s_12s_24_1_1_U143                       | 1    |        | mul_ln40_556   | mul | auto      | 0       |
|   mac_mulsub_12s_12s_24s_24_1_1_U677            | 1    |        | mul_ln40_557   | mul | dsp_slice | 0       |
|   mac_mulsub_12s_12s_24s_24_1_1_U677            | 1    |        | sub_ln40_417   | sub | dsp_slice | 0       |
|   mac_mulsub_12s_12s_24s_25_1_1_U930            | 1    |        | mul_ln40_558   | mul | dsp_slice | 0       |
|   mac_mulsub_12s_12s_24s_25_1_1_U930            | 1    |        | sub_ln40_418   | sub | dsp_slice | 0       |
|   mac_mulsub_12s_12s_25s_25_1_1_U1183           | 1    |        | mul_ln40_559   | mul | dsp_slice | 0       |
|   mac_mulsub_12s_12s_25s_25_1_1_U1183           | 1    |        | sub_ln40_419   | sub | dsp_slice | 0       |
|   add_ln40_139_fu_31276_p2                      |      |        | add_ln40_139   | add | fabric    | 0       |
|   mul_12s_12s_24_1_1_U144                       | 1    |        | mul_ln40_560   | mul | auto      | 0       |
|   mac_mulsub_12s_12s_24s_24_1_1_U678            | 1    |        | mul_ln40_561   | mul | dsp_slice | 0       |
|   mac_mulsub_12s_12s_24s_24_1_1_U678            | 1    |        | sub_ln40_420   | sub | dsp_slice | 0       |
|   mac_mulsub_12s_12s_24s_25_1_1_U931            | 1    |        | mul_ln40_562   | mul | dsp_slice | 0       |
|   mac_mulsub_12s_12s_24s_25_1_1_U931            | 1    |        | sub_ln40_421   | sub | dsp_slice | 0       |
|   mac_mulsub_12s_12s_25s_25_1_1_U1184           | 1    |        | mul_ln40_563   | mul | dsp_slice | 0       |
|   mac_mulsub_12s_12s_25s_25_1_1_U1184           | 1    |        | sub_ln40_422   | sub | dsp_slice | 0       |
|   add_ln40_140_fu_31465_p2                      |      |        | add_ln40_140   | add | fabric    | 0       |
|   mul_12s_12s_24_1_1_U145                       | 1    |        | mul_ln40_564   | mul | auto      | 0       |
|   mac_mulsub_12s_12s_24s_24_1_1_U679            | 1    |        | mul_ln40_565   | mul | dsp_slice | 0       |
|   mac_mulsub_12s_12s_24s_24_1_1_U679            | 1    |        | sub_ln40_423   | sub | dsp_slice | 0       |
|   mac_mulsub_12s_12s_24s_25_1_1_U932            | 1    |        | mul_ln40_566   | mul | dsp_slice | 0       |
|   mac_mulsub_12s_12s_24s_25_1_1_U932            | 1    |        | sub_ln40_424   | sub | dsp_slice | 0       |
|   mac_mulsub_12s_12s_25s_25_1_1_U1185           | 1    |        | mul_ln40_567   | mul | dsp_slice | 0       |
|   mac_mulsub_12s_12s_25s_25_1_1_U1185           | 1    |        | sub_ln40_425   | sub | dsp_slice | 0       |
|   add_ln40_141_fu_31654_p2                      |      |        | add_ln40_141   | add | fabric    | 0       |
|   mul_12s_12s_24_1_1_U146                       | 1    |        | mul_ln40_568   | mul | auto      | 0       |
|   mac_mulsub_12s_12s_24s_24_1_1_U680            | 1    |        | mul_ln40_569   | mul | dsp_slice | 0       |
|   mac_mulsub_12s_12s_24s_24_1_1_U680            | 1    |        | sub_ln40_426   | sub | dsp_slice | 0       |
|   mac_mulsub_12s_12s_24s_25_1_1_U933            | 1    |        | mul_ln40_570   | mul | dsp_slice | 0       |
|   mac_mulsub_12s_12s_24s_25_1_1_U933            | 1    |        | sub_ln40_427   | sub | dsp_slice | 0       |
|   mac_mulsub_12s_12s_25s_25_1_1_U1186           | 1    |        | mul_ln40_571   | mul | dsp_slice | 0       |
|   mac_mulsub_12s_12s_25s_25_1_1_U1186           | 1    |        | sub_ln40_428   | sub | dsp_slice | 0       |
|   add_ln40_142_fu_31843_p2                      |      |        | add_ln40_142   | add | fabric    | 0       |
|   mul_12s_12s_24_1_1_U147                       | 1    |        | mul_ln40_572   | mul | auto      | 0       |
|   mac_mulsub_12s_12s_24s_24_1_1_U681            | 1    |        | mul_ln40_573   | mul | dsp_slice | 0       |
|   mac_mulsub_12s_12s_24s_24_1_1_U681            | 1    |        | sub_ln40_429   | sub | dsp_slice | 0       |
|   mac_mulsub_12s_12s_24s_25_1_1_U934            | 1    |        | mul_ln40_574   | mul | dsp_slice | 0       |
|   mac_mulsub_12s_12s_24s_25_1_1_U934            | 1    |        | sub_ln40_430   | sub | dsp_slice | 0       |
|   mac_mulsub_12s_12s_25s_25_1_1_U1187           | 1    |        | mul_ln40_575   | mul | dsp_slice | 0       |
|   mac_mulsub_12s_12s_25s_25_1_1_U1187           | 1    |        | sub_ln40_431   | sub | dsp_slice | 0       |
|   add_ln40_143_fu_32032_p2                      |      |        | add_ln40_143   | add | fabric    | 0       |
|   mul_12s_12s_24_1_1_U148                       | 1    |        | mul_ln40_576   | mul | auto      | 0       |
|   mac_mulsub_12s_12s_24s_24_1_1_U682            | 1    |        | mul_ln40_577   | mul | dsp_slice | 0       |
|   mac_mulsub_12s_12s_24s_24_1_1_U682            | 1    |        | sub_ln40_432   | sub | dsp_slice | 0       |
|   mac_mulsub_12s_12s_24s_25_1_1_U935            | 1    |        | mul_ln40_578   | mul | dsp_slice | 0       |
|   mac_mulsub_12s_12s_24s_25_1_1_U935            | 1    |        | sub_ln40_433   | sub | dsp_slice | 0       |
|   mac_mulsub_12s_12s_25s_25_1_1_U1188           | 1    |        | mul_ln40_579   | mul | dsp_slice | 0       |
|   mac_mulsub_12s_12s_25s_25_1_1_U1188           | 1    |        | sub_ln40_434   | sub | dsp_slice | 0       |
|   add_ln40_144_fu_32221_p2                      |      |        | add_ln40_144   | add | fabric    | 0       |
|   mul_12s_12s_24_1_1_U149                       | 1    |        | mul_ln40_580   | mul | auto      | 0       |
|   mac_mulsub_12s_12s_24s_24_1_1_U683            | 1    |        | mul_ln40_581   | mul | dsp_slice | 0       |
|   mac_mulsub_12s_12s_24s_24_1_1_U683            | 1    |        | sub_ln40_435   | sub | dsp_slice | 0       |
|   mac_mulsub_12s_12s_24s_25_1_1_U936            | 1    |        | mul_ln40_582   | mul | dsp_slice | 0       |
|   mac_mulsub_12s_12s_24s_25_1_1_U936            | 1    |        | sub_ln40_436   | sub | dsp_slice | 0       |
|   mac_mulsub_12s_12s_25s_25_1_1_U1189           | 1    |        | mul_ln40_583   | mul | dsp_slice | 0       |
|   mac_mulsub_12s_12s_25s_25_1_1_U1189           | 1    |        | sub_ln40_437   | sub | dsp_slice | 0       |
|   add_ln40_145_fu_32410_p2                      |      |        | add_ln40_145   | add | fabric    | 0       |
|   mul_12s_12s_24_1_1_U150                       | 1    |        | mul_ln40_584   | mul | auto      | 0       |
|   mac_mulsub_12s_12s_24s_24_1_1_U684            | 1    |        | mul_ln40_585   | mul | dsp_slice | 0       |
|   mac_mulsub_12s_12s_24s_24_1_1_U684            | 1    |        | sub_ln40_438   | sub | dsp_slice | 0       |
|   mac_mulsub_12s_12s_24s_25_1_1_U937            | 1    |        | mul_ln40_586   | mul | dsp_slice | 0       |
|   mac_mulsub_12s_12s_24s_25_1_1_U937            | 1    |        | sub_ln40_439   | sub | dsp_slice | 0       |
|   mac_mulsub_12s_12s_25s_25_1_1_U1190           | 1    |        | mul_ln40_587   | mul | dsp_slice | 0       |
|   mac_mulsub_12s_12s_25s_25_1_1_U1190           | 1    |        | sub_ln40_440   | sub | dsp_slice | 0       |
|   add_ln40_146_fu_32599_p2                      |      |        | add_ln40_146   | add | fabric    | 0       |
|   mul_12s_12s_24_1_1_U151                       | 1    |        | mul_ln40_588   | mul | auto      | 0       |
|   mac_mulsub_12s_12s_24s_24_1_1_U685            | 1    |        | mul_ln40_589   | mul | dsp_slice | 0       |
|   mac_mulsub_12s_12s_24s_24_1_1_U685            | 1    |        | sub_ln40_441   | sub | dsp_slice | 0       |
|   mac_mulsub_12s_12s_24s_25_1_1_U938            | 1    |        | mul_ln40_590   | mul | dsp_slice | 0       |
|   mac_mulsub_12s_12s_24s_25_1_1_U938            | 1    |        | sub_ln40_442   | sub | dsp_slice | 0       |
|   mac_mulsub_12s_12s_25s_25_1_1_U1191           | 1    |        | mul_ln40_591   | mul | dsp_slice | 0       |
|   mac_mulsub_12s_12s_25s_25_1_1_U1191           | 1    |        | sub_ln40_443   | sub | dsp_slice | 0       |
|   add_ln40_147_fu_32788_p2                      |      |        | add_ln40_147   | add | fabric    | 0       |
|   mul_12s_12s_24_1_1_U152                       | 1    |        | mul_ln40_592   | mul | auto      | 0       |
|   mac_mulsub_12s_12s_24s_24_1_1_U686            | 1    |        | mul_ln40_593   | mul | dsp_slice | 0       |
|   mac_mulsub_12s_12s_24s_24_1_1_U686            | 1    |        | sub_ln40_444   | sub | dsp_slice | 0       |
|   mac_mulsub_12s_12s_24s_25_1_1_U939            | 1    |        | mul_ln40_594   | mul | dsp_slice | 0       |
|   mac_mulsub_12s_12s_24s_25_1_1_U939            | 1    |        | sub_ln40_445   | sub | dsp_slice | 0       |
|   mac_mulsub_12s_12s_25s_25_1_1_U1192           | 1    |        | mul_ln40_595   | mul | dsp_slice | 0       |
|   mac_mulsub_12s_12s_25s_25_1_1_U1192           | 1    |        | sub_ln40_446   | sub | dsp_slice | 0       |
|   add_ln40_148_fu_32977_p2                      |      |        | add_ln40_148   | add | fabric    | 0       |
|   mul_12s_12s_24_1_1_U153                       | 1    |        | mul_ln40_596   | mul | auto      | 0       |
|   mac_mulsub_12s_12s_24s_24_1_1_U687            | 1    |        | mul_ln40_597   | mul | dsp_slice | 0       |
|   mac_mulsub_12s_12s_24s_24_1_1_U687            | 1    |        | sub_ln40_447   | sub | dsp_slice | 0       |
|   mac_mulsub_12s_12s_24s_25_1_1_U940            | 1    |        | mul_ln40_598   | mul | dsp_slice | 0       |
|   mac_mulsub_12s_12s_24s_25_1_1_U940            | 1    |        | sub_ln40_448   | sub | dsp_slice | 0       |
|   mac_mulsub_12s_12s_25s_25_1_1_U1193           | 1    |        | mul_ln40_599   | mul | dsp_slice | 0       |
|   mac_mulsub_12s_12s_25s_25_1_1_U1193           | 1    |        | sub_ln40_449   | sub | dsp_slice | 0       |
|   add_ln40_149_fu_33166_p2                      |      |        | add_ln40_149   | add | fabric    | 0       |
|   mul_12s_12s_24_1_1_U154                       | 1    |        | mul_ln40_600   | mul | auto      | 0       |
|   mac_mulsub_12s_12s_24s_24_1_1_U688            | 1    |        | mul_ln40_601   | mul | dsp_slice | 0       |
|   mac_mulsub_12s_12s_24s_24_1_1_U688            | 1    |        | sub_ln40_450   | sub | dsp_slice | 0       |
|   mac_mulsub_12s_12s_24s_25_1_1_U941            | 1    |        | mul_ln40_602   | mul | dsp_slice | 0       |
|   mac_mulsub_12s_12s_24s_25_1_1_U941            | 1    |        | sub_ln40_451   | sub | dsp_slice | 0       |
|   mac_mulsub_12s_12s_25s_25_1_1_U1194           | 1    |        | mul_ln40_603   | mul | dsp_slice | 0       |
|   mac_mulsub_12s_12s_25s_25_1_1_U1194           | 1    |        | sub_ln40_452   | sub | dsp_slice | 0       |
|   add_ln40_150_fu_33355_p2                      |      |        | add_ln40_150   | add | fabric    | 0       |
|   mul_12s_12s_24_1_1_U155                       | 1    |        | mul_ln40_604   | mul | auto      | 0       |
|   mac_mulsub_12s_12s_24s_24_1_1_U689            | 1    |        | mul_ln40_605   | mul | dsp_slice | 0       |
|   mac_mulsub_12s_12s_24s_24_1_1_U689            | 1    |        | sub_ln40_453   | sub | dsp_slice | 0       |
|   mac_mulsub_12s_12s_24s_25_1_1_U942            | 1    |        | mul_ln40_606   | mul | dsp_slice | 0       |
|   mac_mulsub_12s_12s_24s_25_1_1_U942            | 1    |        | sub_ln40_454   | sub | dsp_slice | 0       |
|   mac_mulsub_12s_12s_25s_25_1_1_U1195           | 1    |        | mul_ln40_607   | mul | dsp_slice | 0       |
|   mac_mulsub_12s_12s_25s_25_1_1_U1195           | 1    |        | sub_ln40_455   | sub | dsp_slice | 0       |
|   add_ln40_151_fu_33544_p2                      |      |        | add_ln40_151   | add | fabric    | 0       |
|   mul_12s_12s_24_1_1_U156                       | 1    |        | mul_ln40_608   | mul | auto      | 0       |
|   mac_mulsub_12s_12s_24s_24_1_1_U690            | 1    |        | mul_ln40_609   | mul | dsp_slice | 0       |
|   mac_mulsub_12s_12s_24s_24_1_1_U690            | 1    |        | sub_ln40_456   | sub | dsp_slice | 0       |
|   mac_mulsub_12s_12s_24s_25_1_1_U943            | 1    |        | mul_ln40_610   | mul | dsp_slice | 0       |
|   mac_mulsub_12s_12s_24s_25_1_1_U943            | 1    |        | sub_ln40_457   | sub | dsp_slice | 0       |
|   mac_mulsub_12s_12s_25s_25_1_1_U1196           | 1    |        | mul_ln40_611   | mul | dsp_slice | 0       |
|   mac_mulsub_12s_12s_25s_25_1_1_U1196           | 1    |        | sub_ln40_458   | sub | dsp_slice | 0       |
|   add_ln40_152_fu_33733_p2                      |      |        | add_ln40_152   | add | fabric    | 0       |
|   mul_12s_12s_24_1_1_U157                       | 1    |        | mul_ln40_612   | mul | auto      | 0       |
|   mac_mulsub_12s_12s_24s_24_1_1_U691            | 1    |        | mul_ln40_613   | mul | dsp_slice | 0       |
|   mac_mulsub_12s_12s_24s_24_1_1_U691            | 1    |        | sub_ln40_459   | sub | dsp_slice | 0       |
|   mac_mulsub_12s_12s_24s_25_1_1_U944            | 1    |        | mul_ln40_614   | mul | dsp_slice | 0       |
|   mac_mulsub_12s_12s_24s_25_1_1_U944            | 1    |        | sub_ln40_460   | sub | dsp_slice | 0       |
|   mac_mulsub_12s_12s_25s_25_1_1_U1197           | 1    |        | mul_ln40_615   | mul | dsp_slice | 0       |
|   mac_mulsub_12s_12s_25s_25_1_1_U1197           | 1    |        | sub_ln40_461   | sub | dsp_slice | 0       |
|   add_ln40_153_fu_33922_p2                      |      |        | add_ln40_153   | add | fabric    | 0       |
|   mul_12s_12s_24_1_1_U158                       | 1    |        | mul_ln40_616   | mul | auto      | 0       |
|   mac_mulsub_12s_12s_24s_24_1_1_U692            | 1    |        | mul_ln40_617   | mul | dsp_slice | 0       |
|   mac_mulsub_12s_12s_24s_24_1_1_U692            | 1    |        | sub_ln40_462   | sub | dsp_slice | 0       |
|   mac_mulsub_12s_12s_24s_25_1_1_U945            | 1    |        | mul_ln40_618   | mul | dsp_slice | 0       |
|   mac_mulsub_12s_12s_24s_25_1_1_U945            | 1    |        | sub_ln40_463   | sub | dsp_slice | 0       |
|   mac_mulsub_12s_12s_25s_25_1_1_U1198           | 1    |        | mul_ln40_619   | mul | dsp_slice | 0       |
|   mac_mulsub_12s_12s_25s_25_1_1_U1198           | 1    |        | sub_ln40_464   | sub | dsp_slice | 0       |
|   add_ln40_154_fu_34111_p2                      |      |        | add_ln40_154   | add | fabric    | 0       |
|   mul_12s_12s_24_1_1_U159                       | 1    |        | mul_ln40_620   | mul | auto      | 0       |
|   mac_mulsub_12s_12s_24s_24_1_1_U693            | 1    |        | mul_ln40_621   | mul | dsp_slice | 0       |
|   mac_mulsub_12s_12s_24s_24_1_1_U693            | 1    |        | sub_ln40_465   | sub | dsp_slice | 0       |
|   mac_mulsub_12s_12s_24s_25_1_1_U946            | 1    |        | mul_ln40_622   | mul | dsp_slice | 0       |
|   mac_mulsub_12s_12s_24s_25_1_1_U946            | 1    |        | sub_ln40_466   | sub | dsp_slice | 0       |
|   mac_mulsub_12s_12s_25s_25_1_1_U1199           | 1    |        | mul_ln40_623   | mul | dsp_slice | 0       |
|   mac_mulsub_12s_12s_25s_25_1_1_U1199           | 1    |        | sub_ln40_467   | sub | dsp_slice | 0       |
|   add_ln40_155_fu_34300_p2                      |      |        | add_ln40_155   | add | fabric    | 0       |
|   mul_12s_12s_24_1_1_U160                       | 1    |        | mul_ln40_624   | mul | auto      | 0       |
|   mac_mulsub_12s_12s_24s_24_1_1_U694            | 1    |        | mul_ln40_625   | mul | dsp_slice | 0       |
|   mac_mulsub_12s_12s_24s_24_1_1_U694            | 1    |        | sub_ln40_468   | sub | dsp_slice | 0       |
|   mac_mulsub_12s_12s_24s_25_1_1_U947            | 1    |        | mul_ln40_626   | mul | dsp_slice | 0       |
|   mac_mulsub_12s_12s_24s_25_1_1_U947            | 1    |        | sub_ln40_469   | sub | dsp_slice | 0       |
|   mac_mulsub_12s_12s_25s_25_1_1_U1200           | 1    |        | mul_ln40_627   | mul | dsp_slice | 0       |
|   mac_mulsub_12s_12s_25s_25_1_1_U1200           | 1    |        | sub_ln40_470   | sub | dsp_slice | 0       |
|   add_ln40_156_fu_34489_p2                      |      |        | add_ln40_156   | add | fabric    | 0       |
|   mul_12s_12s_24_1_1_U161                       | 1    |        | mul_ln40_628   | mul | auto      | 0       |
|   mac_mulsub_12s_12s_24s_24_1_1_U695            | 1    |        | mul_ln40_629   | mul | dsp_slice | 0       |
|   mac_mulsub_12s_12s_24s_24_1_1_U695            | 1    |        | sub_ln40_471   | sub | dsp_slice | 0       |
|   mac_mulsub_12s_12s_24s_25_1_1_U948            | 1    |        | mul_ln40_630   | mul | dsp_slice | 0       |
|   mac_mulsub_12s_12s_24s_25_1_1_U948            | 1    |        | sub_ln40_472   | sub | dsp_slice | 0       |
|   mac_mulsub_12s_12s_25s_25_1_1_U1201           | 1    |        | mul_ln40_631   | mul | dsp_slice | 0       |
|   mac_mulsub_12s_12s_25s_25_1_1_U1201           | 1    |        | sub_ln40_473   | sub | dsp_slice | 0       |
|   add_ln40_157_fu_34678_p2                      |      |        | add_ln40_157   | add | fabric    | 0       |
|   mul_12s_12s_24_1_1_U162                       | 1    |        | mul_ln40_632   | mul | auto      | 0       |
|   mac_mulsub_12s_12s_24s_24_1_1_U696            | 1    |        | mul_ln40_633   | mul | dsp_slice | 0       |
|   mac_mulsub_12s_12s_24s_24_1_1_U696            | 1    |        | sub_ln40_474   | sub | dsp_slice | 0       |
|   mac_mulsub_12s_12s_24s_25_1_1_U949            | 1    |        | mul_ln40_634   | mul | dsp_slice | 0       |
|   mac_mulsub_12s_12s_24s_25_1_1_U949            | 1    |        | sub_ln40_475   | sub | dsp_slice | 0       |
|   mac_mulsub_12s_12s_25s_25_1_1_U1202           | 1    |        | mul_ln40_635   | mul | dsp_slice | 0       |
|   mac_mulsub_12s_12s_25s_25_1_1_U1202           | 1    |        | sub_ln40_476   | sub | dsp_slice | 0       |
|   add_ln40_158_fu_34867_p2                      |      |        | add_ln40_158   | add | fabric    | 0       |
|   mul_12s_12s_24_1_1_U163                       | 1    |        | mul_ln40_636   | mul | auto      | 0       |
|   mac_mulsub_12s_12s_24s_24_1_1_U697            | 1    |        | mul_ln40_637   | mul | dsp_slice | 0       |
|   mac_mulsub_12s_12s_24s_24_1_1_U697            | 1    |        | sub_ln40_477   | sub | dsp_slice | 0       |
|   mac_mulsub_12s_12s_24s_25_1_1_U950            | 1    |        | mul_ln40_638   | mul | dsp_slice | 0       |
|   mac_mulsub_12s_12s_24s_25_1_1_U950            | 1    |        | sub_ln40_478   | sub | dsp_slice | 0       |
|   mac_mulsub_12s_12s_25s_25_1_1_U1203           | 1    |        | mul_ln40_639   | mul | dsp_slice | 0       |
|   mac_mulsub_12s_12s_25s_25_1_1_U1203           | 1    |        | sub_ln40_479   | sub | dsp_slice | 0       |
|   add_ln40_159_fu_35056_p2                      |      |        | add_ln40_159   | add | fabric    | 0       |
|   mul_12s_12s_24_1_1_U164                       | 1    |        | mul_ln40_640   | mul | auto      | 0       |
|   mac_mulsub_12s_12s_24s_24_1_1_U698            | 1    |        | mul_ln40_641   | mul | dsp_slice | 0       |
|   mac_mulsub_12s_12s_24s_24_1_1_U698            | 1    |        | sub_ln40_480   | sub | dsp_slice | 0       |
|   mac_mulsub_12s_12s_24s_25_1_1_U951            | 1    |        | mul_ln40_642   | mul | dsp_slice | 0       |
|   mac_mulsub_12s_12s_24s_25_1_1_U951            | 1    |        | sub_ln40_481   | sub | dsp_slice | 0       |
|   mac_mulsub_12s_12s_25s_25_1_1_U1204           | 1    |        | mul_ln40_643   | mul | dsp_slice | 0       |
|   mac_mulsub_12s_12s_25s_25_1_1_U1204           | 1    |        | sub_ln40_482   | sub | dsp_slice | 0       |
|   add_ln40_160_fu_35245_p2                      |      |        | add_ln40_160   | add | fabric    | 0       |
|   mul_12s_12s_24_1_1_U165                       | 1    |        | mul_ln40_644   | mul | auto      | 0       |
|   mac_mulsub_12s_12s_24s_24_1_1_U699            | 1    |        | mul_ln40_645   | mul | dsp_slice | 0       |
|   mac_mulsub_12s_12s_24s_24_1_1_U699            | 1    |        | sub_ln40_483   | sub | dsp_slice | 0       |
|   mac_mulsub_12s_12s_24s_25_1_1_U952            | 1    |        | mul_ln40_646   | mul | dsp_slice | 0       |
|   mac_mulsub_12s_12s_24s_25_1_1_U952            | 1    |        | sub_ln40_484   | sub | dsp_slice | 0       |
|   mac_mulsub_12s_12s_25s_25_1_1_U1205           | 1    |        | mul_ln40_647   | mul | dsp_slice | 0       |
|   mac_mulsub_12s_12s_25s_25_1_1_U1205           | 1    |        | sub_ln40_485   | sub | dsp_slice | 0       |
|   add_ln40_161_fu_35434_p2                      |      |        | add_ln40_161   | add | fabric    | 0       |
|   mul_12s_12s_24_1_1_U166                       | 1    |        | mul_ln40_648   | mul | auto      | 0       |
|   mac_mulsub_12s_12s_24s_24_1_1_U700            | 1    |        | mul_ln40_649   | mul | dsp_slice | 0       |
|   mac_mulsub_12s_12s_24s_24_1_1_U700            | 1    |        | sub_ln40_486   | sub | dsp_slice | 0       |
|   mac_mulsub_12s_12s_24s_25_1_1_U953            | 1    |        | mul_ln40_650   | mul | dsp_slice | 0       |
|   mac_mulsub_12s_12s_24s_25_1_1_U953            | 1    |        | sub_ln40_487   | sub | dsp_slice | 0       |
|   mac_mulsub_12s_12s_25s_25_1_1_U1206           | 1    |        | mul_ln40_651   | mul | dsp_slice | 0       |
|   mac_mulsub_12s_12s_25s_25_1_1_U1206           | 1    |        | sub_ln40_488   | sub | dsp_slice | 0       |
|   add_ln40_162_fu_35623_p2                      |      |        | add_ln40_162   | add | fabric    | 0       |
|   mul_12s_12s_24_1_1_U167                       | 1    |        | mul_ln40_652   | mul | auto      | 0       |
|   mac_mulsub_12s_12s_24s_24_1_1_U701            | 1    |        | mul_ln40_653   | mul | dsp_slice | 0       |
|   mac_mulsub_12s_12s_24s_24_1_1_U701            | 1    |        | sub_ln40_489   | sub | dsp_slice | 0       |
|   mac_mulsub_12s_12s_24s_25_1_1_U954            | 1    |        | mul_ln40_654   | mul | dsp_slice | 0       |
|   mac_mulsub_12s_12s_24s_25_1_1_U954            | 1    |        | sub_ln40_490   | sub | dsp_slice | 0       |
|   mac_mulsub_12s_12s_25s_25_1_1_U1207           | 1    |        | mul_ln40_655   | mul | dsp_slice | 0       |
|   mac_mulsub_12s_12s_25s_25_1_1_U1207           | 1    |        | sub_ln40_491   | sub | dsp_slice | 0       |
|   add_ln40_163_fu_35812_p2                      |      |        | add_ln40_163   | add | fabric    | 0       |
|   mul_12s_12s_24_1_1_U168                       | 1    |        | mul_ln40_656   | mul | auto      | 0       |
|   mac_mulsub_12s_12s_24s_24_1_1_U702            | 1    |        | mul_ln40_657   | mul | dsp_slice | 0       |
|   mac_mulsub_12s_12s_24s_24_1_1_U702            | 1    |        | sub_ln40_492   | sub | dsp_slice | 0       |
|   mac_mulsub_12s_12s_24s_25_1_1_U955            | 1    |        | mul_ln40_658   | mul | dsp_slice | 0       |
|   mac_mulsub_12s_12s_24s_25_1_1_U955            | 1    |        | sub_ln40_493   | sub | dsp_slice | 0       |
|   mac_mulsub_12s_12s_25s_25_1_1_U1208           | 1    |        | mul_ln40_659   | mul | dsp_slice | 0       |
|   mac_mulsub_12s_12s_25s_25_1_1_U1208           | 1    |        | sub_ln40_494   | sub | dsp_slice | 0       |
|   add_ln40_164_fu_36001_p2                      |      |        | add_ln40_164   | add | fabric    | 0       |
|   mul_12s_12s_24_1_1_U169                       | 1    |        | mul_ln40_660   | mul | auto      | 0       |
|   mac_mulsub_12s_12s_24s_24_1_1_U703            | 1    |        | mul_ln40_661   | mul | dsp_slice | 0       |
|   mac_mulsub_12s_12s_24s_24_1_1_U703            | 1    |        | sub_ln40_495   | sub | dsp_slice | 0       |
|   mac_mulsub_12s_12s_24s_25_1_1_U956            | 1    |        | mul_ln40_662   | mul | dsp_slice | 0       |
|   mac_mulsub_12s_12s_24s_25_1_1_U956            | 1    |        | sub_ln40_496   | sub | dsp_slice | 0       |
|   mac_mulsub_12s_12s_25s_25_1_1_U1209           | 1    |        | mul_ln40_663   | mul | dsp_slice | 0       |
|   mac_mulsub_12s_12s_25s_25_1_1_U1209           | 1    |        | sub_ln40_497   | sub | dsp_slice | 0       |
|   add_ln40_165_fu_36190_p2                      |      |        | add_ln40_165   | add | fabric    | 0       |
|   mul_12s_12s_24_1_1_U170                       | 1    |        | mul_ln40_664   | mul | auto      | 0       |
|   mac_mulsub_12s_12s_24s_24_1_1_U704            | 1    |        | mul_ln40_665   | mul | dsp_slice | 0       |
|   mac_mulsub_12s_12s_24s_24_1_1_U704            | 1    |        | sub_ln40_498   | sub | dsp_slice | 0       |
|   mac_mulsub_12s_12s_24s_25_1_1_U957            | 1    |        | mul_ln40_666   | mul | dsp_slice | 0       |
|   mac_mulsub_12s_12s_24s_25_1_1_U957            | 1    |        | sub_ln40_499   | sub | dsp_slice | 0       |
|   mac_mulsub_12s_12s_25s_25_1_1_U1210           | 1    |        | mul_ln40_667   | mul | dsp_slice | 0       |
|   mac_mulsub_12s_12s_25s_25_1_1_U1210           | 1    |        | sub_ln40_500   | sub | dsp_slice | 0       |
|   add_ln40_166_fu_36379_p2                      |      |        | add_ln40_166   | add | fabric    | 0       |
|   mul_12s_12s_24_1_1_U171                       | 1    |        | mul_ln40_668   | mul | auto      | 0       |
|   mac_mulsub_12s_12s_24s_24_1_1_U705            | 1    |        | mul_ln40_669   | mul | dsp_slice | 0       |
|   mac_mulsub_12s_12s_24s_24_1_1_U705            | 1    |        | sub_ln40_501   | sub | dsp_slice | 0       |
|   mac_mulsub_12s_12s_24s_25_1_1_U958            | 1    |        | mul_ln40_670   | mul | dsp_slice | 0       |
|   mac_mulsub_12s_12s_24s_25_1_1_U958            | 1    |        | sub_ln40_502   | sub | dsp_slice | 0       |
|   mac_mulsub_12s_12s_25s_25_1_1_U1211           | 1    |        | mul_ln40_671   | mul | dsp_slice | 0       |
|   mac_mulsub_12s_12s_25s_25_1_1_U1211           | 1    |        | sub_ln40_503   | sub | dsp_slice | 0       |
|   add_ln40_167_fu_36568_p2                      |      |        | add_ln40_167   | add | fabric    | 0       |
|   mul_12s_12s_24_1_1_U172                       | 1    |        | mul_ln40_672   | mul | auto      | 0       |
|   mac_mulsub_12s_12s_24s_24_1_1_U706            | 1    |        | mul_ln40_673   | mul | dsp_slice | 0       |
|   mac_mulsub_12s_12s_24s_24_1_1_U706            | 1    |        | sub_ln40_504   | sub | dsp_slice | 0       |
|   mac_mulsub_12s_12s_24s_25_1_1_U959            | 1    |        | mul_ln40_674   | mul | dsp_slice | 0       |
|   mac_mulsub_12s_12s_24s_25_1_1_U959            | 1    |        | sub_ln40_505   | sub | dsp_slice | 0       |
|   mac_mulsub_12s_12s_25s_25_1_1_U1212           | 1    |        | mul_ln40_675   | mul | dsp_slice | 0       |
|   mac_mulsub_12s_12s_25s_25_1_1_U1212           | 1    |        | sub_ln40_506   | sub | dsp_slice | 0       |
|   add_ln40_168_fu_36757_p2                      |      |        | add_ln40_168   | add | fabric    | 0       |
|   mul_12s_12s_24_1_1_U173                       | 1    |        | mul_ln40_676   | mul | auto      | 0       |
|   mac_mulsub_12s_12s_24s_24_1_1_U707            | 1    |        | mul_ln40_677   | mul | dsp_slice | 0       |
|   mac_mulsub_12s_12s_24s_24_1_1_U707            | 1    |        | sub_ln40_507   | sub | dsp_slice | 0       |
|   mac_mulsub_12s_12s_24s_25_1_1_U960            | 1    |        | mul_ln40_678   | mul | dsp_slice | 0       |
|   mac_mulsub_12s_12s_24s_25_1_1_U960            | 1    |        | sub_ln40_508   | sub | dsp_slice | 0       |
|   mac_mulsub_12s_12s_25s_25_1_1_U1213           | 1    |        | mul_ln40_679   | mul | dsp_slice | 0       |
|   mac_mulsub_12s_12s_25s_25_1_1_U1213           | 1    |        | sub_ln40_509   | sub | dsp_slice | 0       |
|   add_ln40_169_fu_36946_p2                      |      |        | add_ln40_169   | add | fabric    | 0       |
|   mul_12s_12s_24_1_1_U174                       | 1    |        | mul_ln40_680   | mul | auto      | 0       |
|   mac_mulsub_12s_12s_24s_24_1_1_U708            | 1    |        | mul_ln40_681   | mul | dsp_slice | 0       |
|   mac_mulsub_12s_12s_24s_24_1_1_U708            | 1    |        | sub_ln40_510   | sub | dsp_slice | 0       |
|   mac_mulsub_12s_12s_24s_25_1_1_U961            | 1    |        | mul_ln40_682   | mul | dsp_slice | 0       |
|   mac_mulsub_12s_12s_24s_25_1_1_U961            | 1    |        | sub_ln40_511   | sub | dsp_slice | 0       |
|   mac_mulsub_12s_12s_25s_25_1_1_U1214           | 1    |        | mul_ln40_683   | mul | dsp_slice | 0       |
|   mac_mulsub_12s_12s_25s_25_1_1_U1214           | 1    |        | sub_ln40_512   | sub | dsp_slice | 0       |
|   add_ln40_170_fu_37135_p2                      |      |        | add_ln40_170   | add | fabric    | 0       |
|   mul_12s_12s_24_1_1_U175                       | 1    |        | mul_ln40_684   | mul | auto      | 0       |
|   mac_mulsub_12s_12s_24s_24_1_1_U709            | 1    |        | mul_ln40_685   | mul | dsp_slice | 0       |
|   mac_mulsub_12s_12s_24s_24_1_1_U709            | 1    |        | sub_ln40_513   | sub | dsp_slice | 0       |
|   mac_mulsub_12s_12s_24s_25_1_1_U962            | 1    |        | mul_ln40_686   | mul | dsp_slice | 0       |
|   mac_mulsub_12s_12s_24s_25_1_1_U962            | 1    |        | sub_ln40_514   | sub | dsp_slice | 0       |
|   mac_mulsub_12s_12s_25s_25_1_1_U1215           | 1    |        | mul_ln40_687   | mul | dsp_slice | 0       |
|   mac_mulsub_12s_12s_25s_25_1_1_U1215           | 1    |        | sub_ln40_515   | sub | dsp_slice | 0       |
|   add_ln40_171_fu_37324_p2                      |      |        | add_ln40_171   | add | fabric    | 0       |
|   mul_12s_12s_24_1_1_U176                       | 1    |        | mul_ln40_688   | mul | auto      | 0       |
|   mac_mulsub_12s_12s_24s_24_1_1_U710            | 1    |        | mul_ln40_689   | mul | dsp_slice | 0       |
|   mac_mulsub_12s_12s_24s_24_1_1_U710            | 1    |        | sub_ln40_516   | sub | dsp_slice | 0       |
|   mac_mulsub_12s_12s_24s_25_1_1_U963            | 1    |        | mul_ln40_690   | mul | dsp_slice | 0       |
|   mac_mulsub_12s_12s_24s_25_1_1_U963            | 1    |        | sub_ln40_517   | sub | dsp_slice | 0       |
|   mac_mulsub_12s_12s_25s_25_1_1_U1216           | 1    |        | mul_ln40_691   | mul | dsp_slice | 0       |
|   mac_mulsub_12s_12s_25s_25_1_1_U1216           | 1    |        | sub_ln40_518   | sub | dsp_slice | 0       |
|   add_ln40_172_fu_37513_p2                      |      |        | add_ln40_172   | add | fabric    | 0       |
|   mul_12s_12s_24_1_1_U177                       | 1    |        | mul_ln40_692   | mul | auto      | 0       |
|   mac_mulsub_12s_12s_24s_24_1_1_U711            | 1    |        | mul_ln40_693   | mul | dsp_slice | 0       |
|   mac_mulsub_12s_12s_24s_24_1_1_U711            | 1    |        | sub_ln40_519   | sub | dsp_slice | 0       |
|   mac_mulsub_12s_12s_24s_25_1_1_U964            | 1    |        | mul_ln40_694   | mul | dsp_slice | 0       |
|   mac_mulsub_12s_12s_24s_25_1_1_U964            | 1    |        | sub_ln40_520   | sub | dsp_slice | 0       |
|   mac_mulsub_12s_12s_25s_25_1_1_U1217           | 1    |        | mul_ln40_695   | mul | dsp_slice | 0       |
|   mac_mulsub_12s_12s_25s_25_1_1_U1217           | 1    |        | sub_ln40_521   | sub | dsp_slice | 0       |
|   add_ln40_173_fu_37702_p2                      |      |        | add_ln40_173   | add | fabric    | 0       |
|   mul_12s_12s_24_1_1_U178                       | 1    |        | mul_ln40_696   | mul | auto      | 0       |
|   mac_mulsub_12s_12s_24s_24_1_1_U712            | 1    |        | mul_ln40_697   | mul | dsp_slice | 0       |
|   mac_mulsub_12s_12s_24s_24_1_1_U712            | 1    |        | sub_ln40_522   | sub | dsp_slice | 0       |
|   mac_mulsub_12s_12s_24s_25_1_1_U965            | 1    |        | mul_ln40_698   | mul | dsp_slice | 0       |
|   mac_mulsub_12s_12s_24s_25_1_1_U965            | 1    |        | sub_ln40_523   | sub | dsp_slice | 0       |
|   mac_mulsub_12s_12s_25s_25_1_1_U1218           | 1    |        | mul_ln40_699   | mul | dsp_slice | 0       |
|   mac_mulsub_12s_12s_25s_25_1_1_U1218           | 1    |        | sub_ln40_524   | sub | dsp_slice | 0       |
|   add_ln40_174_fu_37891_p2                      |      |        | add_ln40_174   | add | fabric    | 0       |
|   mul_12s_12s_24_1_1_U179                       | 1    |        | mul_ln40_700   | mul | auto      | 0       |
|   mac_mulsub_12s_12s_24s_24_1_1_U713            | 1    |        | mul_ln40_701   | mul | dsp_slice | 0       |
|   mac_mulsub_12s_12s_24s_24_1_1_U713            | 1    |        | sub_ln40_525   | sub | dsp_slice | 0       |
|   mac_mulsub_12s_12s_24s_25_1_1_U966            | 1    |        | mul_ln40_702   | mul | dsp_slice | 0       |
|   mac_mulsub_12s_12s_24s_25_1_1_U966            | 1    |        | sub_ln40_526   | sub | dsp_slice | 0       |
|   mac_mulsub_12s_12s_25s_25_1_1_U1219           | 1    |        | mul_ln40_703   | mul | dsp_slice | 0       |
|   mac_mulsub_12s_12s_25s_25_1_1_U1219           | 1    |        | sub_ln40_527   | sub | dsp_slice | 0       |
|   add_ln40_175_fu_38080_p2                      |      |        | add_ln40_175   | add | fabric    | 0       |
|   mul_12s_12s_24_1_1_U180                       | 1    |        | mul_ln40_704   | mul | auto      | 0       |
|   mac_mulsub_12s_12s_24s_24_1_1_U714            | 1    |        | mul_ln40_705   | mul | dsp_slice | 0       |
|   mac_mulsub_12s_12s_24s_24_1_1_U714            | 1    |        | sub_ln40_528   | sub | dsp_slice | 0       |
|   mac_mulsub_12s_12s_24s_25_1_1_U967            | 1    |        | mul_ln40_706   | mul | dsp_slice | 0       |
|   mac_mulsub_12s_12s_24s_25_1_1_U967            | 1    |        | sub_ln40_529   | sub | dsp_slice | 0       |
|   mac_mulsub_12s_12s_25s_25_1_1_U1220           | 1    |        | mul_ln40_707   | mul | dsp_slice | 0       |
|   mac_mulsub_12s_12s_25s_25_1_1_U1220           | 1    |        | sub_ln40_530   | sub | dsp_slice | 0       |
|   add_ln40_176_fu_38269_p2                      |      |        | add_ln40_176   | add | fabric    | 0       |
|   mul_12s_12s_24_1_1_U181                       | 1    |        | mul_ln40_708   | mul | auto      | 0       |
|   mac_mulsub_12s_12s_24s_24_1_1_U715            | 1    |        | mul_ln40_709   | mul | dsp_slice | 0       |
|   mac_mulsub_12s_12s_24s_24_1_1_U715            | 1    |        | sub_ln40_531   | sub | dsp_slice | 0       |
|   mac_mulsub_12s_12s_24s_25_1_1_U968            | 1    |        | mul_ln40_710   | mul | dsp_slice | 0       |
|   mac_mulsub_12s_12s_24s_25_1_1_U968            | 1    |        | sub_ln40_532   | sub | dsp_slice | 0       |
|   mac_mulsub_12s_12s_25s_25_1_1_U1221           | 1    |        | mul_ln40_711   | mul | dsp_slice | 0       |
|   mac_mulsub_12s_12s_25s_25_1_1_U1221           | 1    |        | sub_ln40_533   | sub | dsp_slice | 0       |
|   add_ln40_177_fu_38458_p2                      |      |        | add_ln40_177   | add | fabric    | 0       |
|   mul_12s_12s_24_1_1_U182                       | 1    |        | mul_ln40_712   | mul | auto      | 0       |
|   mac_mulsub_12s_12s_24s_24_1_1_U716            | 1    |        | mul_ln40_713   | mul | dsp_slice | 0       |
|   mac_mulsub_12s_12s_24s_24_1_1_U716            | 1    |        | sub_ln40_534   | sub | dsp_slice | 0       |
|   mac_mulsub_12s_12s_24s_25_1_1_U969            | 1    |        | mul_ln40_714   | mul | dsp_slice | 0       |
|   mac_mulsub_12s_12s_24s_25_1_1_U969            | 1    |        | sub_ln40_535   | sub | dsp_slice | 0       |
|   mac_mulsub_12s_12s_25s_25_1_1_U1222           | 1    |        | mul_ln40_715   | mul | dsp_slice | 0       |
|   mac_mulsub_12s_12s_25s_25_1_1_U1222           | 1    |        | sub_ln40_536   | sub | dsp_slice | 0       |
|   add_ln40_178_fu_38647_p2                      |      |        | add_ln40_178   | add | fabric    | 0       |
|   mul_12s_12s_24_1_1_U183                       | 1    |        | mul_ln40_716   | mul | auto      | 0       |
|   mac_mulsub_12s_12s_24s_24_1_1_U717            | 1    |        | mul_ln40_717   | mul | dsp_slice | 0       |
|   mac_mulsub_12s_12s_24s_24_1_1_U717            | 1    |        | sub_ln40_537   | sub | dsp_slice | 0       |
|   mac_mulsub_12s_12s_24s_25_1_1_U970            | 1    |        | mul_ln40_718   | mul | dsp_slice | 0       |
|   mac_mulsub_12s_12s_24s_25_1_1_U970            | 1    |        | sub_ln40_538   | sub | dsp_slice | 0       |
|   mac_mulsub_12s_12s_25s_25_1_1_U1223           | 1    |        | mul_ln40_719   | mul | dsp_slice | 0       |
|   mac_mulsub_12s_12s_25s_25_1_1_U1223           | 1    |        | sub_ln40_539   | sub | dsp_slice | 0       |
|   add_ln40_179_fu_38836_p2                      |      |        | add_ln40_179   | add | fabric    | 0       |
|   mul_12s_12s_24_1_1_U184                       | 1    |        | mul_ln40_720   | mul | auto      | 0       |
|   mac_mulsub_12s_12s_24s_24_1_1_U718            | 1    |        | mul_ln40_721   | mul | dsp_slice | 0       |
|   mac_mulsub_12s_12s_24s_24_1_1_U718            | 1    |        | sub_ln40_540   | sub | dsp_slice | 0       |
|   mac_mulsub_12s_12s_24s_25_1_1_U971            | 1    |        | mul_ln40_722   | mul | dsp_slice | 0       |
|   mac_mulsub_12s_12s_24s_25_1_1_U971            | 1    |        | sub_ln40_541   | sub | dsp_slice | 0       |
|   mac_mulsub_12s_12s_25s_25_1_1_U1224           | 1    |        | mul_ln40_723   | mul | dsp_slice | 0       |
|   mac_mulsub_12s_12s_25s_25_1_1_U1224           | 1    |        | sub_ln40_542   | sub | dsp_slice | 0       |
|   add_ln40_180_fu_39025_p2                      |      |        | add_ln40_180   | add | fabric    | 0       |
|   mul_12s_12s_24_1_1_U185                       | 1    |        | mul_ln40_724   | mul | auto      | 0       |
|   mac_mulsub_12s_12s_24s_24_1_1_U719            | 1    |        | mul_ln40_725   | mul | dsp_slice | 0       |
|   mac_mulsub_12s_12s_24s_24_1_1_U719            | 1    |        | sub_ln40_543   | sub | dsp_slice | 0       |
|   mac_mulsub_12s_12s_24s_25_1_1_U972            | 1    |        | mul_ln40_726   | mul | dsp_slice | 0       |
|   mac_mulsub_12s_12s_24s_25_1_1_U972            | 1    |        | sub_ln40_544   | sub | dsp_slice | 0       |
|   mac_mulsub_12s_12s_25s_25_1_1_U1225           | 1    |        | mul_ln40_727   | mul | dsp_slice | 0       |
|   mac_mulsub_12s_12s_25s_25_1_1_U1225           | 1    |        | sub_ln40_545   | sub | dsp_slice | 0       |
|   add_ln40_181_fu_39214_p2                      |      |        | add_ln40_181   | add | fabric    | 0       |
|   mul_12s_12s_24_1_1_U186                       | 1    |        | mul_ln40_728   | mul | auto      | 0       |
|   mac_mulsub_12s_12s_24s_24_1_1_U720            | 1    |        | mul_ln40_729   | mul | dsp_slice | 0       |
|   mac_mulsub_12s_12s_24s_24_1_1_U720            | 1    |        | sub_ln40_546   | sub | dsp_slice | 0       |
|   mac_mulsub_12s_12s_24s_25_1_1_U973            | 1    |        | mul_ln40_730   | mul | dsp_slice | 0       |
|   mac_mulsub_12s_12s_24s_25_1_1_U973            | 1    |        | sub_ln40_547   | sub | dsp_slice | 0       |
|   mac_mulsub_12s_12s_25s_25_1_1_U1226           | 1    |        | mul_ln40_731   | mul | dsp_slice | 0       |
|   mac_mulsub_12s_12s_25s_25_1_1_U1226           | 1    |        | sub_ln40_548   | sub | dsp_slice | 0       |
|   add_ln40_182_fu_39403_p2                      |      |        | add_ln40_182   | add | fabric    | 0       |
|   mul_12s_12s_24_1_1_U187                       | 1    |        | mul_ln40_732   | mul | auto      | 0       |
|   mac_mulsub_12s_12s_24s_24_1_1_U721            | 1    |        | mul_ln40_733   | mul | dsp_slice | 0       |
|   mac_mulsub_12s_12s_24s_24_1_1_U721            | 1    |        | sub_ln40_549   | sub | dsp_slice | 0       |
|   mac_mulsub_12s_12s_24s_25_1_1_U974            | 1    |        | mul_ln40_734   | mul | dsp_slice | 0       |
|   mac_mulsub_12s_12s_24s_25_1_1_U974            | 1    |        | sub_ln40_550   | sub | dsp_slice | 0       |
|   mac_mulsub_12s_12s_25s_25_1_1_U1227           | 1    |        | mul_ln40_735   | mul | dsp_slice | 0       |
|   mac_mulsub_12s_12s_25s_25_1_1_U1227           | 1    |        | sub_ln40_551   | sub | dsp_slice | 0       |
|   add_ln40_183_fu_39592_p2                      |      |        | add_ln40_183   | add | fabric    | 0       |
|   mul_12s_12s_24_1_1_U188                       | 1    |        | mul_ln40_736   | mul | auto      | 0       |
|   mac_mulsub_12s_12s_24s_24_1_1_U722            | 1    |        | mul_ln40_737   | mul | dsp_slice | 0       |
|   mac_mulsub_12s_12s_24s_24_1_1_U722            | 1    |        | sub_ln40_552   | sub | dsp_slice | 0       |
|   mac_mulsub_12s_12s_24s_25_1_1_U975            | 1    |        | mul_ln40_738   | mul | dsp_slice | 0       |
|   mac_mulsub_12s_12s_24s_25_1_1_U975            | 1    |        | sub_ln40_553   | sub | dsp_slice | 0       |
|   mac_mulsub_12s_12s_25s_25_1_1_U1228           | 1    |        | mul_ln40_739   | mul | dsp_slice | 0       |
|   mac_mulsub_12s_12s_25s_25_1_1_U1228           | 1    |        | sub_ln40_554   | sub | dsp_slice | 0       |
|   add_ln40_184_fu_39781_p2                      |      |        | add_ln40_184   | add | fabric    | 0       |
|   mul_12s_12s_24_1_1_U189                       | 1    |        | mul_ln40_740   | mul | auto      | 0       |
|   mac_mulsub_12s_12s_24s_24_1_1_U723            | 1    |        | mul_ln40_741   | mul | dsp_slice | 0       |
|   mac_mulsub_12s_12s_24s_24_1_1_U723            | 1    |        | sub_ln40_555   | sub | dsp_slice | 0       |
|   mac_mulsub_12s_12s_24s_25_1_1_U976            | 1    |        | mul_ln40_742   | mul | dsp_slice | 0       |
|   mac_mulsub_12s_12s_24s_25_1_1_U976            | 1    |        | sub_ln40_556   | sub | dsp_slice | 0       |
|   mac_mulsub_12s_12s_25s_25_1_1_U1229           | 1    |        | mul_ln40_743   | mul | dsp_slice | 0       |
|   mac_mulsub_12s_12s_25s_25_1_1_U1229           | 1    |        | sub_ln40_557   | sub | dsp_slice | 0       |
|   add_ln40_185_fu_39970_p2                      |      |        | add_ln40_185   | add | fabric    | 0       |
|   mul_12s_12s_24_1_1_U190                       | 1    |        | mul_ln40_744   | mul | auto      | 0       |
|   mac_mulsub_12s_12s_24s_24_1_1_U724            | 1    |        | mul_ln40_745   | mul | dsp_slice | 0       |
|   mac_mulsub_12s_12s_24s_24_1_1_U724            | 1    |        | sub_ln40_558   | sub | dsp_slice | 0       |
|   mac_mulsub_12s_12s_24s_25_1_1_U977            | 1    |        | mul_ln40_746   | mul | dsp_slice | 0       |
|   mac_mulsub_12s_12s_24s_25_1_1_U977            | 1    |        | sub_ln40_559   | sub | dsp_slice | 0       |
|   mac_mulsub_12s_12s_25s_25_1_1_U1230           | 1    |        | mul_ln40_747   | mul | dsp_slice | 0       |
|   mac_mulsub_12s_12s_25s_25_1_1_U1230           | 1    |        | sub_ln40_560   | sub | dsp_slice | 0       |
|   add_ln40_186_fu_40159_p2                      |      |        | add_ln40_186   | add | fabric    | 0       |
|   mul_12s_12s_24_1_1_U191                       | 1    |        | mul_ln40_748   | mul | auto      | 0       |
|   mac_mulsub_12s_12s_24s_24_1_1_U725            | 1    |        | mul_ln40_749   | mul | dsp_slice | 0       |
|   mac_mulsub_12s_12s_24s_24_1_1_U725            | 1    |        | sub_ln40_561   | sub | dsp_slice | 0       |
|   mac_mulsub_12s_12s_24s_25_1_1_U978            | 1    |        | mul_ln40_750   | mul | dsp_slice | 0       |
|   mac_mulsub_12s_12s_24s_25_1_1_U978            | 1    |        | sub_ln40_562   | sub | dsp_slice | 0       |
|   mac_mulsub_12s_12s_25s_25_1_1_U1231           | 1    |        | mul_ln40_751   | mul | dsp_slice | 0       |
|   mac_mulsub_12s_12s_25s_25_1_1_U1231           | 1    |        | sub_ln40_563   | sub | dsp_slice | 0       |
|   add_ln40_187_fu_40348_p2                      |      |        | add_ln40_187   | add | fabric    | 0       |
|   mul_12s_12s_24_1_1_U192                       | 1    |        | mul_ln40_752   | mul | auto      | 0       |
|   mac_mulsub_12s_12s_24s_24_1_1_U726            | 1    |        | mul_ln40_753   | mul | dsp_slice | 0       |
|   mac_mulsub_12s_12s_24s_24_1_1_U726            | 1    |        | sub_ln40_564   | sub | dsp_slice | 0       |
|   mac_mulsub_12s_12s_24s_25_1_1_U979            | 1    |        | mul_ln40_754   | mul | dsp_slice | 0       |
|   mac_mulsub_12s_12s_24s_25_1_1_U979            | 1    |        | sub_ln40_565   | sub | dsp_slice | 0       |
|   mac_mulsub_12s_12s_25s_25_1_1_U1232           | 1    |        | mul_ln40_755   | mul | dsp_slice | 0       |
|   mac_mulsub_12s_12s_25s_25_1_1_U1232           | 1    |        | sub_ln40_566   | sub | dsp_slice | 0       |
|   add_ln40_188_fu_40537_p2                      |      |        | add_ln40_188   | add | fabric    | 0       |
|   mul_12s_12s_24_1_1_U193                       | 1    |        | mul_ln40_756   | mul | auto      | 0       |
|   mac_mulsub_12s_12s_24s_24_1_1_U727            | 1    |        | mul_ln40_757   | mul | dsp_slice | 0       |
|   mac_mulsub_12s_12s_24s_24_1_1_U727            | 1    |        | sub_ln40_567   | sub | dsp_slice | 0       |
|   mac_mulsub_12s_12s_24s_25_1_1_U980            | 1    |        | mul_ln40_758   | mul | dsp_slice | 0       |
|   mac_mulsub_12s_12s_24s_25_1_1_U980            | 1    |        | sub_ln40_568   | sub | dsp_slice | 0       |
|   mac_mulsub_12s_12s_25s_25_1_1_U1233           | 1    |        | mul_ln40_759   | mul | dsp_slice | 0       |
|   mac_mulsub_12s_12s_25s_25_1_1_U1233           | 1    |        | sub_ln40_569   | sub | dsp_slice | 0       |
|   add_ln40_189_fu_40726_p2                      |      |        | add_ln40_189   | add | fabric    | 0       |
|   mul_12s_12s_24_1_1_U194                       | 1    |        | mul_ln40_760   | mul | auto      | 0       |
|   mac_mulsub_12s_12s_24s_24_1_1_U728            | 1    |        | mul_ln40_761   | mul | dsp_slice | 0       |
|   mac_mulsub_12s_12s_24s_24_1_1_U728            | 1    |        | sub_ln40_570   | sub | dsp_slice | 0       |
|   mac_mulsub_12s_12s_24s_25_1_1_U981            | 1    |        | mul_ln40_762   | mul | dsp_slice | 0       |
|   mac_mulsub_12s_12s_24s_25_1_1_U981            | 1    |        | sub_ln40_571   | sub | dsp_slice | 0       |
|   mac_mulsub_12s_12s_25s_25_1_1_U1234           | 1    |        | mul_ln40_763   | mul | dsp_slice | 0       |
|   mac_mulsub_12s_12s_25s_25_1_1_U1234           | 1    |        | sub_ln40_572   | sub | dsp_slice | 0       |
|   add_ln40_190_fu_40915_p2                      |      |        | add_ln40_190   | add | fabric    | 0       |
|   mul_12s_12s_24_1_1_U195                       | 1    |        | mul_ln40_764   | mul | auto      | 0       |
|   mac_mulsub_12s_12s_24s_24_1_1_U729            | 1    |        | mul_ln40_765   | mul | dsp_slice | 0       |
|   mac_mulsub_12s_12s_24s_24_1_1_U729            | 1    |        | sub_ln40_573   | sub | dsp_slice | 0       |
|   mac_mulsub_12s_12s_24s_25_1_1_U982            | 1    |        | mul_ln40_766   | mul | dsp_slice | 0       |
|   mac_mulsub_12s_12s_24s_25_1_1_U982            | 1    |        | sub_ln40_574   | sub | dsp_slice | 0       |
|   mac_mulsub_12s_12s_25s_25_1_1_U1235           | 1    |        | mul_ln40_767   | mul | dsp_slice | 0       |
|   mac_mulsub_12s_12s_25s_25_1_1_U1235           | 1    |        | sub_ln40_575   | sub | dsp_slice | 0       |
|   add_ln40_191_fu_41104_p2                      |      |        | add_ln40_191   | add | fabric    | 0       |
|   mul_12s_12s_24_1_1_U196                       | 1    |        | mul_ln40_768   | mul | auto      | 0       |
|   mac_mulsub_12s_12s_24s_24_1_1_U730            | 1    |        | mul_ln40_769   | mul | dsp_slice | 0       |
|   mac_mulsub_12s_12s_24s_24_1_1_U730            | 1    |        | sub_ln40_576   | sub | dsp_slice | 0       |
|   mac_mulsub_12s_12s_24s_25_1_1_U983            | 1    |        | mul_ln40_770   | mul | dsp_slice | 0       |
|   mac_mulsub_12s_12s_24s_25_1_1_U983            | 1    |        | sub_ln40_577   | sub | dsp_slice | 0       |
|   mac_mulsub_12s_12s_25s_25_1_1_U1236           | 1    |        | mul_ln40_771   | mul | dsp_slice | 0       |
|   mac_mulsub_12s_12s_25s_25_1_1_U1236           | 1    |        | sub_ln40_578   | sub | dsp_slice | 0       |
|   add_ln40_192_fu_41293_p2                      |      |        | add_ln40_192   | add | fabric    | 0       |
|   mul_12s_12s_24_1_1_U197                       | 1    |        | mul_ln40_772   | mul | auto      | 0       |
|   mac_mulsub_12s_12s_24s_24_1_1_U731            | 1    |        | mul_ln40_773   | mul | dsp_slice | 0       |
|   mac_mulsub_12s_12s_24s_24_1_1_U731            | 1    |        | sub_ln40_579   | sub | dsp_slice | 0       |
|   mac_mulsub_12s_12s_24s_25_1_1_U984            | 1    |        | mul_ln40_774   | mul | dsp_slice | 0       |
|   mac_mulsub_12s_12s_24s_25_1_1_U984            | 1    |        | sub_ln40_580   | sub | dsp_slice | 0       |
|   mac_mulsub_12s_12s_25s_25_1_1_U1237           | 1    |        | mul_ln40_775   | mul | dsp_slice | 0       |
|   mac_mulsub_12s_12s_25s_25_1_1_U1237           | 1    |        | sub_ln40_581   | sub | dsp_slice | 0       |
|   add_ln40_193_fu_41482_p2                      |      |        | add_ln40_193   | add | fabric    | 0       |
|   mul_12s_12s_24_1_1_U198                       | 1    |        | mul_ln40_776   | mul | auto      | 0       |
|   mac_mulsub_12s_12s_24s_24_1_1_U732            | 1    |        | mul_ln40_777   | mul | dsp_slice | 0       |
|   mac_mulsub_12s_12s_24s_24_1_1_U732            | 1    |        | sub_ln40_582   | sub | dsp_slice | 0       |
|   mac_mulsub_12s_12s_24s_25_1_1_U985            | 1    |        | mul_ln40_778   | mul | dsp_slice | 0       |
|   mac_mulsub_12s_12s_24s_25_1_1_U985            | 1    |        | sub_ln40_583   | sub | dsp_slice | 0       |
|   mac_mulsub_12s_12s_25s_25_1_1_U1238           | 1    |        | mul_ln40_779   | mul | dsp_slice | 0       |
|   mac_mulsub_12s_12s_25s_25_1_1_U1238           | 1    |        | sub_ln40_584   | sub | dsp_slice | 0       |
|   add_ln40_194_fu_41671_p2                      |      |        | add_ln40_194   | add | fabric    | 0       |
|   mul_12s_12s_24_1_1_U199                       | 1    |        | mul_ln40_780   | mul | auto      | 0       |
|   mac_mulsub_12s_12s_24s_24_1_1_U733            | 1    |        | mul_ln40_781   | mul | dsp_slice | 0       |
|   mac_mulsub_12s_12s_24s_24_1_1_U733            | 1    |        | sub_ln40_585   | sub | dsp_slice | 0       |
|   mac_mulsub_12s_12s_24s_25_1_1_U986            | 1    |        | mul_ln40_782   | mul | dsp_slice | 0       |
|   mac_mulsub_12s_12s_24s_25_1_1_U986            | 1    |        | sub_ln40_586   | sub | dsp_slice | 0       |
|   mac_mulsub_12s_12s_25s_25_1_1_U1239           | 1    |        | mul_ln40_783   | mul | dsp_slice | 0       |
|   mac_mulsub_12s_12s_25s_25_1_1_U1239           | 1    |        | sub_ln40_587   | sub | dsp_slice | 0       |
|   add_ln40_195_fu_41860_p2                      |      |        | add_ln40_195   | add | fabric    | 0       |
|   mul_12s_12s_24_1_1_U200                       | 1    |        | mul_ln40_784   | mul | auto      | 0       |
|   mac_mulsub_12s_12s_24s_24_1_1_U734            | 1    |        | mul_ln40_785   | mul | dsp_slice | 0       |
|   mac_mulsub_12s_12s_24s_24_1_1_U734            | 1    |        | sub_ln40_588   | sub | dsp_slice | 0       |
|   mac_mulsub_12s_12s_24s_25_1_1_U987            | 1    |        | mul_ln40_786   | mul | dsp_slice | 0       |
|   mac_mulsub_12s_12s_24s_25_1_1_U987            | 1    |        | sub_ln40_589   | sub | dsp_slice | 0       |
|   mac_mulsub_12s_12s_25s_25_1_1_U1240           | 1    |        | mul_ln40_787   | mul | dsp_slice | 0       |
|   mac_mulsub_12s_12s_25s_25_1_1_U1240           | 1    |        | sub_ln40_590   | sub | dsp_slice | 0       |
|   add_ln40_196_fu_42049_p2                      |      |        | add_ln40_196   | add | fabric    | 0       |
|   mul_12s_12s_24_1_1_U201                       | 1    |        | mul_ln40_788   | mul | auto      | 0       |
|   mac_mulsub_12s_12s_24s_24_1_1_U735            | 1    |        | mul_ln40_789   | mul | dsp_slice | 0       |
|   mac_mulsub_12s_12s_24s_24_1_1_U735            | 1    |        | sub_ln40_591   | sub | dsp_slice | 0       |
|   mac_mulsub_12s_12s_24s_25_1_1_U988            | 1    |        | mul_ln40_790   | mul | dsp_slice | 0       |
|   mac_mulsub_12s_12s_24s_25_1_1_U988            | 1    |        | sub_ln40_592   | sub | dsp_slice | 0       |
|   mac_mulsub_12s_12s_25s_25_1_1_U1241           | 1    |        | mul_ln40_791   | mul | dsp_slice | 0       |
|   mac_mulsub_12s_12s_25s_25_1_1_U1241           | 1    |        | sub_ln40_593   | sub | dsp_slice | 0       |
|   add_ln40_197_fu_42238_p2                      |      |        | add_ln40_197   | add | fabric    | 0       |
|   mul_12s_12s_24_1_1_U202                       | 1    |        | mul_ln40_792   | mul | auto      | 0       |
|   mac_mulsub_12s_12s_24s_24_1_1_U736            | 1    |        | mul_ln40_793   | mul | dsp_slice | 0       |
|   mac_mulsub_12s_12s_24s_24_1_1_U736            | 1    |        | sub_ln40_594   | sub | dsp_slice | 0       |
|   mac_mulsub_12s_12s_24s_25_1_1_U989            | 1    |        | mul_ln40_794   | mul | dsp_slice | 0       |
|   mac_mulsub_12s_12s_24s_25_1_1_U989            | 1    |        | sub_ln40_595   | sub | dsp_slice | 0       |
|   mac_mulsub_12s_12s_25s_25_1_1_U1242           | 1    |        | mul_ln40_795   | mul | dsp_slice | 0       |
|   mac_mulsub_12s_12s_25s_25_1_1_U1242           | 1    |        | sub_ln40_596   | sub | dsp_slice | 0       |
|   add_ln40_198_fu_42427_p2                      |      |        | add_ln40_198   | add | fabric    | 0       |
|   mul_12s_12s_24_1_1_U203                       | 1    |        | mul_ln40_796   | mul | auto      | 0       |
|   mac_mulsub_12s_12s_24s_24_1_1_U737            | 1    |        | mul_ln40_797   | mul | dsp_slice | 0       |
|   mac_mulsub_12s_12s_24s_24_1_1_U737            | 1    |        | sub_ln40_597   | sub | dsp_slice | 0       |
|   mac_mulsub_12s_12s_24s_25_1_1_U990            | 1    |        | mul_ln40_798   | mul | dsp_slice | 0       |
|   mac_mulsub_12s_12s_24s_25_1_1_U990            | 1    |        | sub_ln40_598   | sub | dsp_slice | 0       |
|   mac_mulsub_12s_12s_25s_25_1_1_U1243           | 1    |        | mul_ln40_799   | mul | dsp_slice | 0       |
|   mac_mulsub_12s_12s_25s_25_1_1_U1243           | 1    |        | sub_ln40_599   | sub | dsp_slice | 0       |
|   add_ln40_199_fu_42616_p2                      |      |        | add_ln40_199   | add | fabric    | 0       |
|   mul_12s_12s_24_1_1_U204                       | 1    |        | mul_ln40_800   | mul | auto      | 0       |
|   mac_mulsub_12s_12s_24s_24_1_1_U738            | 1    |        | mul_ln40_801   | mul | dsp_slice | 0       |
|   mac_mulsub_12s_12s_24s_24_1_1_U738            | 1    |        | sub_ln40_600   | sub | dsp_slice | 0       |
|   mac_mulsub_12s_12s_24s_25_1_1_U991            | 1    |        | mul_ln40_802   | mul | dsp_slice | 0       |
|   mac_mulsub_12s_12s_24s_25_1_1_U991            | 1    |        | sub_ln40_601   | sub | dsp_slice | 0       |
|   mac_mulsub_12s_12s_25s_25_1_1_U1244           | 1    |        | mul_ln40_803   | mul | dsp_slice | 0       |
|   mac_mulsub_12s_12s_25s_25_1_1_U1244           | 1    |        | sub_ln40_602   | sub | dsp_slice | 0       |
|   add_ln40_200_fu_42805_p2                      |      |        | add_ln40_200   | add | fabric    | 0       |
|   mul_12s_12s_24_1_1_U205                       | 1    |        | mul_ln40_804   | mul | auto      | 0       |
|   mac_mulsub_12s_12s_24s_24_1_1_U739            | 1    |        | mul_ln40_805   | mul | dsp_slice | 0       |
|   mac_mulsub_12s_12s_24s_24_1_1_U739            | 1    |        | sub_ln40_603   | sub | dsp_slice | 0       |
|   mac_mulsub_12s_12s_24s_25_1_1_U992            | 1    |        | mul_ln40_806   | mul | dsp_slice | 0       |
|   mac_mulsub_12s_12s_24s_25_1_1_U992            | 1    |        | sub_ln40_604   | sub | dsp_slice | 0       |
|   mac_mulsub_12s_12s_25s_25_1_1_U1245           | 1    |        | mul_ln40_807   | mul | dsp_slice | 0       |
|   mac_mulsub_12s_12s_25s_25_1_1_U1245           | 1    |        | sub_ln40_605   | sub | dsp_slice | 0       |
|   add_ln40_201_fu_42994_p2                      |      |        | add_ln40_201   | add | fabric    | 0       |
|   mul_12s_12s_24_1_1_U206                       | 1    |        | mul_ln40_808   | mul | auto      | 0       |
|   mac_mulsub_12s_12s_24s_24_1_1_U740            | 1    |        | mul_ln40_809   | mul | dsp_slice | 0       |
|   mac_mulsub_12s_12s_24s_24_1_1_U740            | 1    |        | sub_ln40_606   | sub | dsp_slice | 0       |
|   mac_mulsub_12s_12s_24s_25_1_1_U993            | 1    |        | mul_ln40_810   | mul | dsp_slice | 0       |
|   mac_mulsub_12s_12s_24s_25_1_1_U993            | 1    |        | sub_ln40_607   | sub | dsp_slice | 0       |
|   mac_mulsub_12s_12s_25s_25_1_1_U1246           | 1    |        | mul_ln40_811   | mul | dsp_slice | 0       |
|   mac_mulsub_12s_12s_25s_25_1_1_U1246           | 1    |        | sub_ln40_608   | sub | dsp_slice | 0       |
|   add_ln40_202_fu_43183_p2                      |      |        | add_ln40_202   | add | fabric    | 0       |
|   mul_12s_12s_24_1_1_U207                       | 1    |        | mul_ln40_812   | mul | auto      | 0       |
|   mac_mulsub_12s_12s_24s_24_1_1_U741            | 1    |        | mul_ln40_813   | mul | dsp_slice | 0       |
|   mac_mulsub_12s_12s_24s_24_1_1_U741            | 1    |        | sub_ln40_609   | sub | dsp_slice | 0       |
|   mac_mulsub_12s_12s_24s_25_1_1_U994            | 1    |        | mul_ln40_814   | mul | dsp_slice | 0       |
|   mac_mulsub_12s_12s_24s_25_1_1_U994            | 1    |        | sub_ln40_610   | sub | dsp_slice | 0       |
|   mac_mulsub_12s_12s_25s_25_1_1_U1247           | 1    |        | mul_ln40_815   | mul | dsp_slice | 0       |
|   mac_mulsub_12s_12s_25s_25_1_1_U1247           | 1    |        | sub_ln40_611   | sub | dsp_slice | 0       |
|   add_ln40_203_fu_43372_p2                      |      |        | add_ln40_203   | add | fabric    | 0       |
|   mul_12s_12s_24_1_1_U208                       | 1    |        | mul_ln40_816   | mul | auto      | 0       |
|   mac_mulsub_12s_12s_24s_24_1_1_U742            | 1    |        | mul_ln40_817   | mul | dsp_slice | 0       |
|   mac_mulsub_12s_12s_24s_24_1_1_U742            | 1    |        | sub_ln40_612   | sub | dsp_slice | 0       |
|   mac_mulsub_12s_12s_24s_25_1_1_U995            | 1    |        | mul_ln40_818   | mul | dsp_slice | 0       |
|   mac_mulsub_12s_12s_24s_25_1_1_U995            | 1    |        | sub_ln40_613   | sub | dsp_slice | 0       |
|   mac_mulsub_12s_12s_25s_25_1_1_U1248           | 1    |        | mul_ln40_819   | mul | dsp_slice | 0       |
|   mac_mulsub_12s_12s_25s_25_1_1_U1248           | 1    |        | sub_ln40_614   | sub | dsp_slice | 0       |
|   add_ln40_204_fu_43561_p2                      |      |        | add_ln40_204   | add | fabric    | 0       |
|   mul_12s_12s_24_1_1_U209                       | 1    |        | mul_ln40_820   | mul | auto      | 0       |
|   mac_mulsub_12s_12s_24s_24_1_1_U743            | 1    |        | mul_ln40_821   | mul | dsp_slice | 0       |
|   mac_mulsub_12s_12s_24s_24_1_1_U743            | 1    |        | sub_ln40_615   | sub | dsp_slice | 0       |
|   mac_mulsub_12s_12s_24s_25_1_1_U996            | 1    |        | mul_ln40_822   | mul | dsp_slice | 0       |
|   mac_mulsub_12s_12s_24s_25_1_1_U996            | 1    |        | sub_ln40_616   | sub | dsp_slice | 0       |
|   mac_mulsub_12s_12s_25s_25_1_1_U1249           | 1    |        | mul_ln40_823   | mul | dsp_slice | 0       |
|   mac_mulsub_12s_12s_25s_25_1_1_U1249           | 1    |        | sub_ln40_617   | sub | dsp_slice | 0       |
|   add_ln40_205_fu_43750_p2                      |      |        | add_ln40_205   | add | fabric    | 0       |
|   mul_12s_12s_24_1_1_U210                       | 1    |        | mul_ln40_824   | mul | auto      | 0       |
|   mac_mulsub_12s_12s_24s_24_1_1_U744            | 1    |        | mul_ln40_825   | mul | dsp_slice | 0       |
|   mac_mulsub_12s_12s_24s_24_1_1_U744            | 1    |        | sub_ln40_618   | sub | dsp_slice | 0       |
|   mac_mulsub_12s_12s_24s_25_1_1_U997            | 1    |        | mul_ln40_826   | mul | dsp_slice | 0       |
|   mac_mulsub_12s_12s_24s_25_1_1_U997            | 1    |        | sub_ln40_619   | sub | dsp_slice | 0       |
|   mac_mulsub_12s_12s_25s_25_1_1_U1250           | 1    |        | mul_ln40_827   | mul | dsp_slice | 0       |
|   mac_mulsub_12s_12s_25s_25_1_1_U1250           | 1    |        | sub_ln40_620   | sub | dsp_slice | 0       |
|   add_ln40_206_fu_43939_p2                      |      |        | add_ln40_206   | add | fabric    | 0       |
|   mul_12s_12s_24_1_1_U211                       | 1    |        | mul_ln40_828   | mul | auto      | 0       |
|   mac_mulsub_12s_12s_24s_24_1_1_U745            | 1    |        | mul_ln40_829   | mul | dsp_slice | 0       |
|   mac_mulsub_12s_12s_24s_24_1_1_U745            | 1    |        | sub_ln40_621   | sub | dsp_slice | 0       |
|   mac_mulsub_12s_12s_24s_25_1_1_U998            | 1    |        | mul_ln40_830   | mul | dsp_slice | 0       |
|   mac_mulsub_12s_12s_24s_25_1_1_U998            | 1    |        | sub_ln40_622   | sub | dsp_slice | 0       |
|   mac_mulsub_12s_12s_25s_25_1_1_U1251           | 1    |        | mul_ln40_831   | mul | dsp_slice | 0       |
|   mac_mulsub_12s_12s_25s_25_1_1_U1251           | 1    |        | sub_ln40_623   | sub | dsp_slice | 0       |
|   add_ln40_207_fu_44128_p2                      |      |        | add_ln40_207   | add | fabric    | 0       |
|   mul_12s_12s_24_1_1_U212                       | 1    |        | mul_ln40_832   | mul | auto      | 0       |
|   mac_mulsub_12s_12s_24s_24_1_1_U746            | 1    |        | mul_ln40_833   | mul | dsp_slice | 0       |
|   mac_mulsub_12s_12s_24s_24_1_1_U746            | 1    |        | sub_ln40_624   | sub | dsp_slice | 0       |
|   mac_mulsub_12s_12s_24s_25_1_1_U999            | 1    |        | mul_ln40_834   | mul | dsp_slice | 0       |
|   mac_mulsub_12s_12s_24s_25_1_1_U999            | 1    |        | sub_ln40_625   | sub | dsp_slice | 0       |
|   mac_mulsub_12s_12s_25s_25_1_1_U1252           | 1    |        | mul_ln40_835   | mul | dsp_slice | 0       |
|   mac_mulsub_12s_12s_25s_25_1_1_U1252           | 1    |        | sub_ln40_626   | sub | dsp_slice | 0       |
|   add_ln40_208_fu_44317_p2                      |      |        | add_ln40_208   | add | fabric    | 0       |
|   mul_12s_12s_24_1_1_U213                       | 1    |        | mul_ln40_836   | mul | auto      | 0       |
|   mac_mulsub_12s_12s_24s_24_1_1_U747            | 1    |        | mul_ln40_837   | mul | dsp_slice | 0       |
|   mac_mulsub_12s_12s_24s_24_1_1_U747            | 1    |        | sub_ln40_627   | sub | dsp_slice | 0       |
|   mac_mulsub_12s_12s_24s_25_1_1_U1000           | 1    |        | mul_ln40_838   | mul | dsp_slice | 0       |
|   mac_mulsub_12s_12s_24s_25_1_1_U1000           | 1    |        | sub_ln40_628   | sub | dsp_slice | 0       |
|   mac_mulsub_12s_12s_25s_25_1_1_U1253           | 1    |        | mul_ln40_839   | mul | dsp_slice | 0       |
|   mac_mulsub_12s_12s_25s_25_1_1_U1253           | 1    |        | sub_ln40_629   | sub | dsp_slice | 0       |
|   add_ln40_209_fu_44506_p2                      |      |        | add_ln40_209   | add | fabric    | 0       |
|   mul_12s_12s_24_1_1_U214                       | 1    |        | mul_ln40_840   | mul | auto      | 0       |
|   mac_mulsub_12s_12s_24s_24_1_1_U748            | 1    |        | mul_ln40_841   | mul | dsp_slice | 0       |
|   mac_mulsub_12s_12s_24s_24_1_1_U748            | 1    |        | sub_ln40_630   | sub | dsp_slice | 0       |
|   mac_mulsub_12s_12s_24s_25_1_1_U1001           | 1    |        | mul_ln40_842   | mul | dsp_slice | 0       |
|   mac_mulsub_12s_12s_24s_25_1_1_U1001           | 1    |        | sub_ln40_631   | sub | dsp_slice | 0       |
|   mac_mulsub_12s_12s_25s_25_1_1_U1254           | 1    |        | mul_ln40_843   | mul | dsp_slice | 0       |
|   mac_mulsub_12s_12s_25s_25_1_1_U1254           | 1    |        | sub_ln40_632   | sub | dsp_slice | 0       |
|   add_ln40_210_fu_44695_p2                      |      |        | add_ln40_210   | add | fabric    | 0       |
|   mul_12s_12s_24_1_1_U215                       | 1    |        | mul_ln40_844   | mul | auto      | 0       |
|   mac_mulsub_12s_12s_24s_24_1_1_U749            | 1    |        | mul_ln40_845   | mul | dsp_slice | 0       |
|   mac_mulsub_12s_12s_24s_24_1_1_U749            | 1    |        | sub_ln40_633   | sub | dsp_slice | 0       |
|   mac_mulsub_12s_12s_24s_25_1_1_U1002           | 1    |        | mul_ln40_846   | mul | dsp_slice | 0       |
|   mac_mulsub_12s_12s_24s_25_1_1_U1002           | 1    |        | sub_ln40_634   | sub | dsp_slice | 0       |
|   mac_mulsub_12s_12s_25s_25_1_1_U1255           | 1    |        | mul_ln40_847   | mul | dsp_slice | 0       |
|   mac_mulsub_12s_12s_25s_25_1_1_U1255           | 1    |        | sub_ln40_635   | sub | dsp_slice | 0       |
|   add_ln40_211_fu_44884_p2                      |      |        | add_ln40_211   | add | fabric    | 0       |
|   mul_12s_12s_24_1_1_U216                       | 1    |        | mul_ln40_848   | mul | auto      | 0       |
|   mac_mulsub_12s_12s_24s_24_1_1_U750            | 1    |        | mul_ln40_849   | mul | dsp_slice | 0       |
|   mac_mulsub_12s_12s_24s_24_1_1_U750            | 1    |        | sub_ln40_636   | sub | dsp_slice | 0       |
|   mac_mulsub_12s_12s_24s_25_1_1_U1003           | 1    |        | mul_ln40_850   | mul | dsp_slice | 0       |
|   mac_mulsub_12s_12s_24s_25_1_1_U1003           | 1    |        | sub_ln40_637   | sub | dsp_slice | 0       |
|   mac_mulsub_12s_12s_25s_25_1_1_U1256           | 1    |        | mul_ln40_851   | mul | dsp_slice | 0       |
|   mac_mulsub_12s_12s_25s_25_1_1_U1256           | 1    |        | sub_ln40_638   | sub | dsp_slice | 0       |
|   add_ln40_212_fu_45073_p2                      |      |        | add_ln40_212   | add | fabric    | 0       |
|   mul_12s_12s_24_1_1_U217                       | 1    |        | mul_ln40_852   | mul | auto      | 0       |
|   mac_mulsub_12s_12s_24s_24_1_1_U751            | 1    |        | mul_ln40_853   | mul | dsp_slice | 0       |
|   mac_mulsub_12s_12s_24s_24_1_1_U751            | 1    |        | sub_ln40_639   | sub | dsp_slice | 0       |
|   mac_mulsub_12s_12s_24s_25_1_1_U1004           | 1    |        | mul_ln40_854   | mul | dsp_slice | 0       |
|   mac_mulsub_12s_12s_24s_25_1_1_U1004           | 1    |        | sub_ln40_640   | sub | dsp_slice | 0       |
|   mac_mulsub_12s_12s_25s_25_1_1_U1257           | 1    |        | mul_ln40_855   | mul | dsp_slice | 0       |
|   mac_mulsub_12s_12s_25s_25_1_1_U1257           | 1    |        | sub_ln40_641   | sub | dsp_slice | 0       |
|   add_ln40_213_fu_45262_p2                      |      |        | add_ln40_213   | add | fabric    | 0       |
|   mul_12s_12s_24_1_1_U218                       | 1    |        | mul_ln40_856   | mul | auto      | 0       |
|   mac_mulsub_12s_12s_24s_24_1_1_U752            | 1    |        | mul_ln40_857   | mul | dsp_slice | 0       |
|   mac_mulsub_12s_12s_24s_24_1_1_U752            | 1    |        | sub_ln40_642   | sub | dsp_slice | 0       |
|   mac_mulsub_12s_12s_24s_25_1_1_U1005           | 1    |        | mul_ln40_858   | mul | dsp_slice | 0       |
|   mac_mulsub_12s_12s_24s_25_1_1_U1005           | 1    |        | sub_ln40_643   | sub | dsp_slice | 0       |
|   mac_mulsub_12s_12s_25s_25_1_1_U1258           | 1    |        | mul_ln40_859   | mul | dsp_slice | 0       |
|   mac_mulsub_12s_12s_25s_25_1_1_U1258           | 1    |        | sub_ln40_644   | sub | dsp_slice | 0       |
|   add_ln40_214_fu_45451_p2                      |      |        | add_ln40_214   | add | fabric    | 0       |
|   mul_12s_12s_24_1_1_U219                       | 1    |        | mul_ln40_860   | mul | auto      | 0       |
|   mac_mulsub_12s_12s_24s_24_1_1_U753            | 1    |        | mul_ln40_861   | mul | dsp_slice | 0       |
|   mac_mulsub_12s_12s_24s_24_1_1_U753            | 1    |        | sub_ln40_645   | sub | dsp_slice | 0       |
|   mac_mulsub_12s_12s_24s_25_1_1_U1006           | 1    |        | mul_ln40_862   | mul | dsp_slice | 0       |
|   mac_mulsub_12s_12s_24s_25_1_1_U1006           | 1    |        | sub_ln40_646   | sub | dsp_slice | 0       |
|   mac_mulsub_12s_12s_25s_25_1_1_U1259           | 1    |        | mul_ln40_863   | mul | dsp_slice | 0       |
|   mac_mulsub_12s_12s_25s_25_1_1_U1259           | 1    |        | sub_ln40_647   | sub | dsp_slice | 0       |
|   add_ln40_215_fu_45640_p2                      |      |        | add_ln40_215   | add | fabric    | 0       |
|   mul_12s_12s_24_1_1_U220                       | 1    |        | mul_ln40_864   | mul | auto      | 0       |
|   mac_mulsub_12s_12s_24s_24_1_1_U754            | 1    |        | mul_ln40_865   | mul | dsp_slice | 0       |
|   mac_mulsub_12s_12s_24s_24_1_1_U754            | 1    |        | sub_ln40_648   | sub | dsp_slice | 0       |
|   mac_mulsub_12s_12s_24s_25_1_1_U1007           | 1    |        | mul_ln40_866   | mul | dsp_slice | 0       |
|   mac_mulsub_12s_12s_24s_25_1_1_U1007           | 1    |        | sub_ln40_649   | sub | dsp_slice | 0       |
|   mac_mulsub_12s_12s_25s_25_1_1_U1260           | 1    |        | mul_ln40_867   | mul | dsp_slice | 0       |
|   mac_mulsub_12s_12s_25s_25_1_1_U1260           | 1    |        | sub_ln40_650   | sub | dsp_slice | 0       |
|   add_ln40_216_fu_45829_p2                      |      |        | add_ln40_216   | add | fabric    | 0       |
|   mul_12s_12s_24_1_1_U221                       | 1    |        | mul_ln40_868   | mul | auto      | 0       |
|   mac_mulsub_12s_12s_24s_24_1_1_U755            | 1    |        | mul_ln40_869   | mul | dsp_slice | 0       |
|   mac_mulsub_12s_12s_24s_24_1_1_U755            | 1    |        | sub_ln40_651   | sub | dsp_slice | 0       |
|   mac_mulsub_12s_12s_24s_25_1_1_U1008           | 1    |        | mul_ln40_870   | mul | dsp_slice | 0       |
|   mac_mulsub_12s_12s_24s_25_1_1_U1008           | 1    |        | sub_ln40_652   | sub | dsp_slice | 0       |
|   mac_mulsub_12s_12s_25s_25_1_1_U1261           | 1    |        | mul_ln40_871   | mul | dsp_slice | 0       |
|   mac_mulsub_12s_12s_25s_25_1_1_U1261           | 1    |        | sub_ln40_653   | sub | dsp_slice | 0       |
|   add_ln40_217_fu_46018_p2                      |      |        | add_ln40_217   | add | fabric    | 0       |
|   mul_12s_12s_24_1_1_U222                       | 1    |        | mul_ln40_872   | mul | auto      | 0       |
|   mac_mulsub_12s_12s_24s_24_1_1_U756            | 1    |        | mul_ln40_873   | mul | dsp_slice | 0       |
|   mac_mulsub_12s_12s_24s_24_1_1_U756            | 1    |        | sub_ln40_654   | sub | dsp_slice | 0       |
|   mac_mulsub_12s_12s_24s_25_1_1_U1009           | 1    |        | mul_ln40_874   | mul | dsp_slice | 0       |
|   mac_mulsub_12s_12s_24s_25_1_1_U1009           | 1    |        | sub_ln40_655   | sub | dsp_slice | 0       |
|   mac_mulsub_12s_12s_25s_25_1_1_U1262           | 1    |        | mul_ln40_875   | mul | dsp_slice | 0       |
|   mac_mulsub_12s_12s_25s_25_1_1_U1262           | 1    |        | sub_ln40_656   | sub | dsp_slice | 0       |
|   add_ln40_218_fu_46207_p2                      |      |        | add_ln40_218   | add | fabric    | 0       |
|   mul_12s_12s_24_1_1_U223                       | 1    |        | mul_ln40_876   | mul | auto      | 0       |
|   mac_mulsub_12s_12s_24s_24_1_1_U757            | 1    |        | mul_ln40_877   | mul | dsp_slice | 0       |
|   mac_mulsub_12s_12s_24s_24_1_1_U757            | 1    |        | sub_ln40_657   | sub | dsp_slice | 0       |
|   mac_mulsub_12s_12s_24s_25_1_1_U1010           | 1    |        | mul_ln40_878   | mul | dsp_slice | 0       |
|   mac_mulsub_12s_12s_24s_25_1_1_U1010           | 1    |        | sub_ln40_658   | sub | dsp_slice | 0       |
|   mac_mulsub_12s_12s_25s_25_1_1_U1263           | 1    |        | mul_ln40_879   | mul | dsp_slice | 0       |
|   mac_mulsub_12s_12s_25s_25_1_1_U1263           | 1    |        | sub_ln40_659   | sub | dsp_slice | 0       |
|   add_ln40_219_fu_46396_p2                      |      |        | add_ln40_219   | add | fabric    | 0       |
|   mul_12s_12s_24_1_1_U224                       | 1    |        | mul_ln40_880   | mul | auto      | 0       |
|   mac_mulsub_12s_12s_24s_24_1_1_U758            | 1    |        | mul_ln40_881   | mul | dsp_slice | 0       |
|   mac_mulsub_12s_12s_24s_24_1_1_U758            | 1    |        | sub_ln40_660   | sub | dsp_slice | 0       |
|   mac_mulsub_12s_12s_24s_25_1_1_U1011           | 1    |        | mul_ln40_882   | mul | dsp_slice | 0       |
|   mac_mulsub_12s_12s_24s_25_1_1_U1011           | 1    |        | sub_ln40_661   | sub | dsp_slice | 0       |
|   mac_mulsub_12s_12s_25s_25_1_1_U1264           | 1    |        | mul_ln40_883   | mul | dsp_slice | 0       |
|   mac_mulsub_12s_12s_25s_25_1_1_U1264           | 1    |        | sub_ln40_662   | sub | dsp_slice | 0       |
|   add_ln40_220_fu_46585_p2                      |      |        | add_ln40_220   | add | fabric    | 0       |
|   mul_12s_12s_24_1_1_U225                       | 1    |        | mul_ln40_884   | mul | auto      | 0       |
|   mac_mulsub_12s_12s_24s_24_1_1_U759            | 1    |        | mul_ln40_885   | mul | dsp_slice | 0       |
|   mac_mulsub_12s_12s_24s_24_1_1_U759            | 1    |        | sub_ln40_663   | sub | dsp_slice | 0       |
|   mac_mulsub_12s_12s_24s_25_1_1_U1012           | 1    |        | mul_ln40_886   | mul | dsp_slice | 0       |
|   mac_mulsub_12s_12s_24s_25_1_1_U1012           | 1    |        | sub_ln40_664   | sub | dsp_slice | 0       |
|   mac_mulsub_12s_12s_25s_25_1_1_U1265           | 1    |        | mul_ln40_887   | mul | dsp_slice | 0       |
|   mac_mulsub_12s_12s_25s_25_1_1_U1265           | 1    |        | sub_ln40_665   | sub | dsp_slice | 0       |
|   add_ln40_221_fu_46774_p2                      |      |        | add_ln40_221   | add | fabric    | 0       |
|   mul_12s_12s_24_1_1_U226                       | 1    |        | mul_ln40_888   | mul | auto      | 0       |
|   mac_mulsub_12s_12s_24s_24_1_1_U760            | 1    |        | mul_ln40_889   | mul | dsp_slice | 0       |
|   mac_mulsub_12s_12s_24s_24_1_1_U760            | 1    |        | sub_ln40_666   | sub | dsp_slice | 0       |
|   mac_mulsub_12s_12s_24s_25_1_1_U1013           | 1    |        | mul_ln40_890   | mul | dsp_slice | 0       |
|   mac_mulsub_12s_12s_24s_25_1_1_U1013           | 1    |        | sub_ln40_667   | sub | dsp_slice | 0       |
|   mac_mulsub_12s_12s_25s_25_1_1_U1266           | 1    |        | mul_ln40_891   | mul | dsp_slice | 0       |
|   mac_mulsub_12s_12s_25s_25_1_1_U1266           | 1    |        | sub_ln40_668   | sub | dsp_slice | 0       |
|   add_ln40_222_fu_46963_p2                      |      |        | add_ln40_222   | add | fabric    | 0       |
|   mul_12s_12s_24_1_1_U227                       | 1    |        | mul_ln40_892   | mul | auto      | 0       |
|   mac_mulsub_12s_12s_24s_24_1_1_U761            | 1    |        | mul_ln40_893   | mul | dsp_slice | 0       |
|   mac_mulsub_12s_12s_24s_24_1_1_U761            | 1    |        | sub_ln40_669   | sub | dsp_slice | 0       |
|   mac_mulsub_12s_12s_24s_25_1_1_U1014           | 1    |        | mul_ln40_894   | mul | dsp_slice | 0       |
|   mac_mulsub_12s_12s_24s_25_1_1_U1014           | 1    |        | sub_ln40_670   | sub | dsp_slice | 0       |
|   mac_mulsub_12s_12s_25s_25_1_1_U1267           | 1    |        | mul_ln40_895   | mul | dsp_slice | 0       |
|   mac_mulsub_12s_12s_25s_25_1_1_U1267           | 1    |        | sub_ln40_671   | sub | dsp_slice | 0       |
|   add_ln40_223_fu_47152_p2                      |      |        | add_ln40_223   | add | fabric    | 0       |
|   mul_12s_12s_24_1_1_U228                       | 1    |        | mul_ln40_896   | mul | auto      | 0       |
|   mac_mulsub_12s_12s_24s_24_1_1_U762            | 1    |        | mul_ln40_897   | mul | dsp_slice | 0       |
|   mac_mulsub_12s_12s_24s_24_1_1_U762            | 1    |        | sub_ln40_672   | sub | dsp_slice | 0       |
|   mac_mulsub_12s_12s_24s_25_1_1_U1015           | 1    |        | mul_ln40_898   | mul | dsp_slice | 0       |
|   mac_mulsub_12s_12s_24s_25_1_1_U1015           | 1    |        | sub_ln40_673   | sub | dsp_slice | 0       |
|   mac_mulsub_12s_12s_25s_25_1_1_U1268           | 1    |        | mul_ln40_899   | mul | dsp_slice | 0       |
|   mac_mulsub_12s_12s_25s_25_1_1_U1268           | 1    |        | sub_ln40_674   | sub | dsp_slice | 0       |
|   add_ln40_224_fu_47341_p2                      |      |        | add_ln40_224   | add | fabric    | 0       |
|   mul_12s_12s_24_1_1_U229                       | 1    |        | mul_ln40_900   | mul | auto      | 0       |
|   mac_mulsub_12s_12s_24s_24_1_1_U763            | 1    |        | mul_ln40_901   | mul | dsp_slice | 0       |
|   mac_mulsub_12s_12s_24s_24_1_1_U763            | 1    |        | sub_ln40_675   | sub | dsp_slice | 0       |
|   mac_mulsub_12s_12s_24s_25_1_1_U1016           | 1    |        | mul_ln40_902   | mul | dsp_slice | 0       |
|   mac_mulsub_12s_12s_24s_25_1_1_U1016           | 1    |        | sub_ln40_676   | sub | dsp_slice | 0       |
|   mac_mulsub_12s_12s_25s_25_1_1_U1269           | 1    |        | mul_ln40_903   | mul | dsp_slice | 0       |
|   mac_mulsub_12s_12s_25s_25_1_1_U1269           | 1    |        | sub_ln40_677   | sub | dsp_slice | 0       |
|   add_ln40_225_fu_47530_p2                      |      |        | add_ln40_225   | add | fabric    | 0       |
|   mul_12s_12s_24_1_1_U230                       | 1    |        | mul_ln40_904   | mul | auto      | 0       |
|   mac_mulsub_12s_12s_24s_24_1_1_U764            | 1    |        | mul_ln40_905   | mul | dsp_slice | 0       |
|   mac_mulsub_12s_12s_24s_24_1_1_U764            | 1    |        | sub_ln40_678   | sub | dsp_slice | 0       |
|   mac_mulsub_12s_12s_24s_25_1_1_U1017           | 1    |        | mul_ln40_906   | mul | dsp_slice | 0       |
|   mac_mulsub_12s_12s_24s_25_1_1_U1017           | 1    |        | sub_ln40_679   | sub | dsp_slice | 0       |
|   mac_mulsub_12s_12s_25s_25_1_1_U1270           | 1    |        | mul_ln40_907   | mul | dsp_slice | 0       |
|   mac_mulsub_12s_12s_25s_25_1_1_U1270           | 1    |        | sub_ln40_680   | sub | dsp_slice | 0       |
|   add_ln40_226_fu_47719_p2                      |      |        | add_ln40_226   | add | fabric    | 0       |
|   mul_12s_12s_24_1_1_U231                       | 1    |        | mul_ln40_908   | mul | auto      | 0       |
|   mac_mulsub_12s_12s_24s_24_1_1_U765            | 1    |        | mul_ln40_909   | mul | dsp_slice | 0       |
|   mac_mulsub_12s_12s_24s_24_1_1_U765            | 1    |        | sub_ln40_681   | sub | dsp_slice | 0       |
|   mac_mulsub_12s_12s_24s_25_1_1_U1018           | 1    |        | mul_ln40_910   | mul | dsp_slice | 0       |
|   mac_mulsub_12s_12s_24s_25_1_1_U1018           | 1    |        | sub_ln40_682   | sub | dsp_slice | 0       |
|   mac_mulsub_12s_12s_25s_25_1_1_U1271           | 1    |        | mul_ln40_911   | mul | dsp_slice | 0       |
|   mac_mulsub_12s_12s_25s_25_1_1_U1271           | 1    |        | sub_ln40_683   | sub | dsp_slice | 0       |
|   add_ln40_227_fu_47908_p2                      |      |        | add_ln40_227   | add | fabric    | 0       |
|   mul_12s_12s_24_1_1_U232                       | 1    |        | mul_ln40_912   | mul | auto      | 0       |
|   mac_mulsub_12s_12s_24s_24_1_1_U766            | 1    |        | mul_ln40_913   | mul | dsp_slice | 0       |
|   mac_mulsub_12s_12s_24s_24_1_1_U766            | 1    |        | sub_ln40_684   | sub | dsp_slice | 0       |
|   mac_mulsub_12s_12s_24s_25_1_1_U1019           | 1    |        | mul_ln40_914   | mul | dsp_slice | 0       |
|   mac_mulsub_12s_12s_24s_25_1_1_U1019           | 1    |        | sub_ln40_685   | sub | dsp_slice | 0       |
|   mac_mulsub_12s_12s_25s_25_1_1_U1272           | 1    |        | mul_ln40_915   | mul | dsp_slice | 0       |
|   mac_mulsub_12s_12s_25s_25_1_1_U1272           | 1    |        | sub_ln40_686   | sub | dsp_slice | 0       |
|   add_ln40_228_fu_48097_p2                      |      |        | add_ln40_228   | add | fabric    | 0       |
|   mul_12s_12s_24_1_1_U233                       | 1    |        | mul_ln40_916   | mul | auto      | 0       |
|   mac_mulsub_12s_12s_24s_24_1_1_U767            | 1    |        | mul_ln40_917   | mul | dsp_slice | 0       |
|   mac_mulsub_12s_12s_24s_24_1_1_U767            | 1    |        | sub_ln40_687   | sub | dsp_slice | 0       |
|   mac_mulsub_12s_12s_24s_25_1_1_U1020           | 1    |        | mul_ln40_918   | mul | dsp_slice | 0       |
|   mac_mulsub_12s_12s_24s_25_1_1_U1020           | 1    |        | sub_ln40_688   | sub | dsp_slice | 0       |
|   mac_mulsub_12s_12s_25s_25_1_1_U1273           | 1    |        | mul_ln40_919   | mul | dsp_slice | 0       |
|   mac_mulsub_12s_12s_25s_25_1_1_U1273           | 1    |        | sub_ln40_689   | sub | dsp_slice | 0       |
|   add_ln40_229_fu_48286_p2                      |      |        | add_ln40_229   | add | fabric    | 0       |
|   mul_12s_12s_24_1_1_U234                       | 1    |        | mul_ln40_920   | mul | auto      | 0       |
|   mac_mulsub_12s_12s_24s_24_1_1_U768            | 1    |        | mul_ln40_921   | mul | dsp_slice | 0       |
|   mac_mulsub_12s_12s_24s_24_1_1_U768            | 1    |        | sub_ln40_690   | sub | dsp_slice | 0       |
|   mac_mulsub_12s_12s_24s_25_1_1_U1021           | 1    |        | mul_ln40_922   | mul | dsp_slice | 0       |
|   mac_mulsub_12s_12s_24s_25_1_1_U1021           | 1    |        | sub_ln40_691   | sub | dsp_slice | 0       |
|   mac_mulsub_12s_12s_25s_25_1_1_U1274           | 1    |        | mul_ln40_923   | mul | dsp_slice | 0       |
|   mac_mulsub_12s_12s_25s_25_1_1_U1274           | 1    |        | sub_ln40_692   | sub | dsp_slice | 0       |
|   add_ln40_230_fu_48475_p2                      |      |        | add_ln40_230   | add | fabric    | 0       |
|   mul_12s_12s_24_1_1_U235                       | 1    |        | mul_ln40_924   | mul | auto      | 0       |
|   mac_mulsub_12s_12s_24s_24_1_1_U769            | 1    |        | mul_ln40_925   | mul | dsp_slice | 0       |
|   mac_mulsub_12s_12s_24s_24_1_1_U769            | 1    |        | sub_ln40_693   | sub | dsp_slice | 0       |
|   mac_mulsub_12s_12s_24s_25_1_1_U1022           | 1    |        | mul_ln40_926   | mul | dsp_slice | 0       |
|   mac_mulsub_12s_12s_24s_25_1_1_U1022           | 1    |        | sub_ln40_694   | sub | dsp_slice | 0       |
|   mac_mulsub_12s_12s_25s_25_1_1_U1275           | 1    |        | mul_ln40_927   | mul | dsp_slice | 0       |
|   mac_mulsub_12s_12s_25s_25_1_1_U1275           | 1    |        | sub_ln40_695   | sub | dsp_slice | 0       |
|   add_ln40_231_fu_48664_p2                      |      |        | add_ln40_231   | add | fabric    | 0       |
|   mul_12s_12s_24_1_1_U236                       | 1    |        | mul_ln40_928   | mul | auto      | 0       |
|   mac_mulsub_12s_12s_24s_24_1_1_U770            | 1    |        | mul_ln40_929   | mul | dsp_slice | 0       |
|   mac_mulsub_12s_12s_24s_24_1_1_U770            | 1    |        | sub_ln40_696   | sub | dsp_slice | 0       |
|   mac_mulsub_12s_12s_24s_25_1_1_U1023           | 1    |        | mul_ln40_930   | mul | dsp_slice | 0       |
|   mac_mulsub_12s_12s_24s_25_1_1_U1023           | 1    |        | sub_ln40_697   | sub | dsp_slice | 0       |
|   mac_mulsub_12s_12s_25s_25_1_1_U1276           | 1    |        | mul_ln40_931   | mul | dsp_slice | 0       |
|   mac_mulsub_12s_12s_25s_25_1_1_U1276           | 1    |        | sub_ln40_698   | sub | dsp_slice | 0       |
|   add_ln40_232_fu_48853_p2                      |      |        | add_ln40_232   | add | fabric    | 0       |
|   mul_12s_12s_24_1_1_U237                       | 1    |        | mul_ln40_932   | mul | auto      | 0       |
|   mac_mulsub_12s_12s_24s_24_1_1_U771            | 1    |        | mul_ln40_933   | mul | dsp_slice | 0       |
|   mac_mulsub_12s_12s_24s_24_1_1_U771            | 1    |        | sub_ln40_699   | sub | dsp_slice | 0       |
|   mac_mulsub_12s_12s_24s_25_1_1_U1024           | 1    |        | mul_ln40_934   | mul | dsp_slice | 0       |
|   mac_mulsub_12s_12s_24s_25_1_1_U1024           | 1    |        | sub_ln40_700   | sub | dsp_slice | 0       |
|   mac_mulsub_12s_12s_25s_25_1_1_U1277           | 1    |        | mul_ln40_935   | mul | dsp_slice | 0       |
|   mac_mulsub_12s_12s_25s_25_1_1_U1277           | 1    |        | sub_ln40_701   | sub | dsp_slice | 0       |
|   add_ln40_233_fu_49042_p2                      |      |        | add_ln40_233   | add | fabric    | 0       |
|   mul_12s_12s_24_1_1_U238                       | 1    |        | mul_ln40_936   | mul | auto      | 0       |
|   mac_mulsub_12s_12s_24s_24_1_1_U772            | 1    |        | mul_ln40_937   | mul | dsp_slice | 0       |
|   mac_mulsub_12s_12s_24s_24_1_1_U772            | 1    |        | sub_ln40_702   | sub | dsp_slice | 0       |
|   mac_mulsub_12s_12s_24s_25_1_1_U1025           | 1    |        | mul_ln40_938   | mul | dsp_slice | 0       |
|   mac_mulsub_12s_12s_24s_25_1_1_U1025           | 1    |        | sub_ln40_703   | sub | dsp_slice | 0       |
|   mac_mulsub_12s_12s_25s_25_1_1_U1278           | 1    |        | mul_ln40_939   | mul | dsp_slice | 0       |
|   mac_mulsub_12s_12s_25s_25_1_1_U1278           | 1    |        | sub_ln40_704   | sub | dsp_slice | 0       |
|   add_ln40_234_fu_49231_p2                      |      |        | add_ln40_234   | add | fabric    | 0       |
|   mul_12s_12s_24_1_1_U239                       | 1    |        | mul_ln40_940   | mul | auto      | 0       |
|   mac_mulsub_12s_12s_24s_24_1_1_U773            | 1    |        | mul_ln40_941   | mul | dsp_slice | 0       |
|   mac_mulsub_12s_12s_24s_24_1_1_U773            | 1    |        | sub_ln40_705   | sub | dsp_slice | 0       |
|   mac_mulsub_12s_12s_24s_25_1_1_U1026           | 1    |        | mul_ln40_942   | mul | dsp_slice | 0       |
|   mac_mulsub_12s_12s_24s_25_1_1_U1026           | 1    |        | sub_ln40_706   | sub | dsp_slice | 0       |
|   mac_mulsub_12s_12s_25s_25_1_1_U1279           | 1    |        | mul_ln40_943   | mul | dsp_slice | 0       |
|   mac_mulsub_12s_12s_25s_25_1_1_U1279           | 1    |        | sub_ln40_707   | sub | dsp_slice | 0       |
|   add_ln40_235_fu_49420_p2                      |      |        | add_ln40_235   | add | fabric    | 0       |
|   mul_12s_12s_24_1_1_U240                       | 1    |        | mul_ln40_944   | mul | auto      | 0       |
|   mac_mulsub_12s_12s_24s_24_1_1_U774            | 1    |        | mul_ln40_945   | mul | dsp_slice | 0       |
|   mac_mulsub_12s_12s_24s_24_1_1_U774            | 1    |        | sub_ln40_708   | sub | dsp_slice | 0       |
|   mac_mulsub_12s_12s_24s_25_1_1_U1027           | 1    |        | mul_ln40_946   | mul | dsp_slice | 0       |
|   mac_mulsub_12s_12s_24s_25_1_1_U1027           | 1    |        | sub_ln40_709   | sub | dsp_slice | 0       |
|   mac_mulsub_12s_12s_25s_25_1_1_U1280           | 1    |        | mul_ln40_947   | mul | dsp_slice | 0       |
|   mac_mulsub_12s_12s_25s_25_1_1_U1280           | 1    |        | sub_ln40_710   | sub | dsp_slice | 0       |
|   add_ln40_236_fu_49609_p2                      |      |        | add_ln40_236   | add | fabric    | 0       |
|   mul_12s_12s_24_1_1_U241                       | 1    |        | mul_ln40_948   | mul | auto      | 0       |
|   mac_mulsub_12s_12s_24s_24_1_1_U775            | 1    |        | mul_ln40_949   | mul | dsp_slice | 0       |
|   mac_mulsub_12s_12s_24s_24_1_1_U775            | 1    |        | sub_ln40_711   | sub | dsp_slice | 0       |
|   mac_mulsub_12s_12s_24s_25_1_1_U1028           | 1    |        | mul_ln40_950   | mul | dsp_slice | 0       |
|   mac_mulsub_12s_12s_24s_25_1_1_U1028           | 1    |        | sub_ln40_712   | sub | dsp_slice | 0       |
|   mac_mulsub_12s_12s_25s_25_1_1_U1281           | 1    |        | mul_ln40_951   | mul | dsp_slice | 0       |
|   mac_mulsub_12s_12s_25s_25_1_1_U1281           | 1    |        | sub_ln40_713   | sub | dsp_slice | 0       |
|   add_ln40_237_fu_49798_p2                      |      |        | add_ln40_237   | add | fabric    | 0       |
|   mul_12s_12s_24_1_1_U242                       | 1    |        | mul_ln40_952   | mul | auto      | 0       |
|   mac_mulsub_12s_12s_24s_24_1_1_U776            | 1    |        | mul_ln40_953   | mul | dsp_slice | 0       |
|   mac_mulsub_12s_12s_24s_24_1_1_U776            | 1    |        | sub_ln40_714   | sub | dsp_slice | 0       |
|   mac_mulsub_12s_12s_24s_25_1_1_U1029           | 1    |        | mul_ln40_954   | mul | dsp_slice | 0       |
|   mac_mulsub_12s_12s_24s_25_1_1_U1029           | 1    |        | sub_ln40_715   | sub | dsp_slice | 0       |
|   mac_mulsub_12s_12s_25s_25_1_1_U1282           | 1    |        | mul_ln40_955   | mul | dsp_slice | 0       |
|   mac_mulsub_12s_12s_25s_25_1_1_U1282           | 1    |        | sub_ln40_716   | sub | dsp_slice | 0       |
|   add_ln40_238_fu_49987_p2                      |      |        | add_ln40_238   | add | fabric    | 0       |
|   mul_12s_12s_24_1_1_U243                       | 1    |        | mul_ln40_956   | mul | auto      | 0       |
|   mac_mulsub_12s_12s_24s_24_1_1_U777            | 1    |        | mul_ln40_957   | mul | dsp_slice | 0       |
|   mac_mulsub_12s_12s_24s_24_1_1_U777            | 1    |        | sub_ln40_717   | sub | dsp_slice | 0       |
|   mac_mulsub_12s_12s_24s_25_1_1_U1030           | 1    |        | mul_ln40_958   | mul | dsp_slice | 0       |
|   mac_mulsub_12s_12s_24s_25_1_1_U1030           | 1    |        | sub_ln40_718   | sub | dsp_slice | 0       |
|   mac_mulsub_12s_12s_25s_25_1_1_U1283           | 1    |        | mul_ln40_959   | mul | dsp_slice | 0       |
|   mac_mulsub_12s_12s_25s_25_1_1_U1283           | 1    |        | sub_ln40_719   | sub | dsp_slice | 0       |
|   add_ln40_239_fu_50176_p2                      |      |        | add_ln40_239   | add | fabric    | 0       |
|   mul_12s_12s_24_1_1_U244                       | 1    |        | mul_ln40_960   | mul | auto      | 0       |
|   mac_mulsub_12s_12s_24s_24_1_1_U778            | 1    |        | mul_ln40_961   | mul | dsp_slice | 0       |
|   mac_mulsub_12s_12s_24s_24_1_1_U778            | 1    |        | sub_ln40_720   | sub | dsp_slice | 0       |
|   mac_mulsub_12s_12s_24s_25_1_1_U1031           | 1    |        | mul_ln40_962   | mul | dsp_slice | 0       |
|   mac_mulsub_12s_12s_24s_25_1_1_U1031           | 1    |        | sub_ln40_721   | sub | dsp_slice | 0       |
|   mac_mulsub_12s_12s_25s_25_1_1_U1284           | 1    |        | mul_ln40_963   | mul | dsp_slice | 0       |
|   mac_mulsub_12s_12s_25s_25_1_1_U1284           | 1    |        | sub_ln40_722   | sub | dsp_slice | 0       |
|   add_ln40_240_fu_50365_p2                      |      |        | add_ln40_240   | add | fabric    | 0       |
|   mul_12s_12s_24_1_1_U245                       | 1    |        | mul_ln40_964   | mul | auto      | 0       |
|   mac_mulsub_12s_12s_24s_24_1_1_U779            | 1    |        | mul_ln40_965   | mul | dsp_slice | 0       |
|   mac_mulsub_12s_12s_24s_24_1_1_U779            | 1    |        | sub_ln40_723   | sub | dsp_slice | 0       |
|   mac_mulsub_12s_12s_24s_25_1_1_U1032           | 1    |        | mul_ln40_966   | mul | dsp_slice | 0       |
|   mac_mulsub_12s_12s_24s_25_1_1_U1032           | 1    |        | sub_ln40_724   | sub | dsp_slice | 0       |
|   mac_mulsub_12s_12s_25s_25_1_1_U1285           | 1    |        | mul_ln40_967   | mul | dsp_slice | 0       |
|   mac_mulsub_12s_12s_25s_25_1_1_U1285           | 1    |        | sub_ln40_725   | sub | dsp_slice | 0       |
|   add_ln40_241_fu_50554_p2                      |      |        | add_ln40_241   | add | fabric    | 0       |
|   mul_12s_12s_24_1_1_U246                       | 1    |        | mul_ln40_968   | mul | auto      | 0       |
|   mac_mulsub_12s_12s_24s_24_1_1_U780            | 1    |        | mul_ln40_969   | mul | dsp_slice | 0       |
|   mac_mulsub_12s_12s_24s_24_1_1_U780            | 1    |        | sub_ln40_726   | sub | dsp_slice | 0       |
|   mac_mulsub_12s_12s_24s_25_1_1_U1033           | 1    |        | mul_ln40_970   | mul | dsp_slice | 0       |
|   mac_mulsub_12s_12s_24s_25_1_1_U1033           | 1    |        | sub_ln40_727   | sub | dsp_slice | 0       |
|   mac_mulsub_12s_12s_25s_25_1_1_U1286           | 1    |        | mul_ln40_971   | mul | dsp_slice | 0       |
|   mac_mulsub_12s_12s_25s_25_1_1_U1286           | 1    |        | sub_ln40_728   | sub | dsp_slice | 0       |
|   add_ln40_242_fu_50743_p2                      |      |        | add_ln40_242   | add | fabric    | 0       |
|   mul_12s_12s_24_1_1_U247                       | 1    |        | mul_ln40_972   | mul | auto      | 0       |
|   mac_mulsub_12s_12s_24s_24_1_1_U781            | 1    |        | mul_ln40_973   | mul | dsp_slice | 0       |
|   mac_mulsub_12s_12s_24s_24_1_1_U781            | 1    |        | sub_ln40_729   | sub | dsp_slice | 0       |
|   mac_mulsub_12s_12s_24s_25_1_1_U1034           | 1    |        | mul_ln40_974   | mul | dsp_slice | 0       |
|   mac_mulsub_12s_12s_24s_25_1_1_U1034           | 1    |        | sub_ln40_730   | sub | dsp_slice | 0       |
|   mac_mulsub_12s_12s_25s_25_1_1_U1287           | 1    |        | mul_ln40_975   | mul | dsp_slice | 0       |
|   mac_mulsub_12s_12s_25s_25_1_1_U1287           | 1    |        | sub_ln40_731   | sub | dsp_slice | 0       |
|   add_ln40_243_fu_50932_p2                      |      |        | add_ln40_243   | add | fabric    | 0       |
|   mul_12s_12s_24_1_1_U248                       | 1    |        | mul_ln40_976   | mul | auto      | 0       |
|   mac_mulsub_12s_12s_24s_24_1_1_U782            | 1    |        | mul_ln40_977   | mul | dsp_slice | 0       |
|   mac_mulsub_12s_12s_24s_24_1_1_U782            | 1    |        | sub_ln40_732   | sub | dsp_slice | 0       |
|   mac_mulsub_12s_12s_24s_25_1_1_U1035           | 1    |        | mul_ln40_978   | mul | dsp_slice | 0       |
|   mac_mulsub_12s_12s_24s_25_1_1_U1035           | 1    |        | sub_ln40_733   | sub | dsp_slice | 0       |
|   mac_mulsub_12s_12s_25s_25_1_1_U1288           | 1    |        | mul_ln40_979   | mul | dsp_slice | 0       |
|   mac_mulsub_12s_12s_25s_25_1_1_U1288           | 1    |        | sub_ln40_734   | sub | dsp_slice | 0       |
|   add_ln40_244_fu_51121_p2                      |      |        | add_ln40_244   | add | fabric    | 0       |
|   mul_12s_12s_24_1_1_U249                       | 1    |        | mul_ln40_980   | mul | auto      | 0       |
|   mac_mulsub_12s_12s_24s_24_1_1_U783            | 1    |        | mul_ln40_981   | mul | dsp_slice | 0       |
|   mac_mulsub_12s_12s_24s_24_1_1_U783            | 1    |        | sub_ln40_735   | sub | dsp_slice | 0       |
|   mac_mulsub_12s_12s_24s_25_1_1_U1036           | 1    |        | mul_ln40_982   | mul | dsp_slice | 0       |
|   mac_mulsub_12s_12s_24s_25_1_1_U1036           | 1    |        | sub_ln40_736   | sub | dsp_slice | 0       |
|   mac_mulsub_12s_12s_25s_25_1_1_U1289           | 1    |        | mul_ln40_983   | mul | dsp_slice | 0       |
|   mac_mulsub_12s_12s_25s_25_1_1_U1289           | 1    |        | sub_ln40_737   | sub | dsp_slice | 0       |
|   add_ln40_245_fu_51310_p2                      |      |        | add_ln40_245   | add | fabric    | 0       |
|   mul_12s_12s_24_1_1_U250                       | 1    |        | mul_ln40_984   | mul | auto      | 0       |
|   mac_mulsub_12s_12s_24s_24_1_1_U784            | 1    |        | mul_ln40_985   | mul | dsp_slice | 0       |
|   mac_mulsub_12s_12s_24s_24_1_1_U784            | 1    |        | sub_ln40_738   | sub | dsp_slice | 0       |
|   mac_mulsub_12s_12s_24s_25_1_1_U1037           | 1    |        | mul_ln40_986   | mul | dsp_slice | 0       |
|   mac_mulsub_12s_12s_24s_25_1_1_U1037           | 1    |        | sub_ln40_739   | sub | dsp_slice | 0       |
|   mac_mulsub_12s_12s_25s_25_1_1_U1290           | 1    |        | mul_ln40_987   | mul | dsp_slice | 0       |
|   mac_mulsub_12s_12s_25s_25_1_1_U1290           | 1    |        | sub_ln40_740   | sub | dsp_slice | 0       |
|   add_ln40_246_fu_51499_p2                      |      |        | add_ln40_246   | add | fabric    | 0       |
|   mul_12s_12s_24_1_1_U251                       | 1    |        | mul_ln40_988   | mul | auto      | 0       |
|   mac_mulsub_12s_12s_24s_24_1_1_U785            | 1    |        | mul_ln40_989   | mul | dsp_slice | 0       |
|   mac_mulsub_12s_12s_24s_24_1_1_U785            | 1    |        | sub_ln40_741   | sub | dsp_slice | 0       |
|   mac_mulsub_12s_12s_24s_25_1_1_U1038           | 1    |        | mul_ln40_990   | mul | dsp_slice | 0       |
|   mac_mulsub_12s_12s_24s_25_1_1_U1038           | 1    |        | sub_ln40_742   | sub | dsp_slice | 0       |
|   mac_mulsub_12s_12s_25s_25_1_1_U1291           | 1    |        | mul_ln40_991   | mul | dsp_slice | 0       |
|   mac_mulsub_12s_12s_25s_25_1_1_U1291           | 1    |        | sub_ln40_743   | sub | dsp_slice | 0       |
|   add_ln40_247_fu_51688_p2                      |      |        | add_ln40_247   | add | fabric    | 0       |
|   mul_12s_12s_24_1_1_U252                       | 1    |        | mul_ln40_992   | mul | auto      | 0       |
|   mac_mulsub_12s_12s_24s_24_1_1_U786            | 1    |        | mul_ln40_993   | mul | dsp_slice | 0       |
|   mac_mulsub_12s_12s_24s_24_1_1_U786            | 1    |        | sub_ln40_744   | sub | dsp_slice | 0       |
|   mac_mulsub_12s_12s_24s_25_1_1_U1039           | 1    |        | mul_ln40_994   | mul | dsp_slice | 0       |
|   mac_mulsub_12s_12s_24s_25_1_1_U1039           | 1    |        | sub_ln40_745   | sub | dsp_slice | 0       |
|   mac_mulsub_12s_12s_25s_25_1_1_U1292           | 1    |        | mul_ln40_995   | mul | dsp_slice | 0       |
|   mac_mulsub_12s_12s_25s_25_1_1_U1292           | 1    |        | sub_ln40_746   | sub | dsp_slice | 0       |
|   add_ln40_248_fu_51877_p2                      |      |        | add_ln40_248   | add | fabric    | 0       |
|   mul_12s_12s_24_1_1_U253                       | 1    |        | mul_ln40_996   | mul | auto      | 0       |
|   mac_mulsub_12s_12s_24s_24_1_1_U787            | 1    |        | mul_ln40_997   | mul | dsp_slice | 0       |
|   mac_mulsub_12s_12s_24s_24_1_1_U787            | 1    |        | sub_ln40_747   | sub | dsp_slice | 0       |
|   mac_mulsub_12s_12s_24s_25_1_1_U1040           | 1    |        | mul_ln40_998   | mul | dsp_slice | 0       |
|   mac_mulsub_12s_12s_24s_25_1_1_U1040           | 1    |        | sub_ln40_748   | sub | dsp_slice | 0       |
|   mac_mulsub_12s_12s_25s_25_1_1_U1293           | 1    |        | mul_ln40_999   | mul | dsp_slice | 0       |
|   mac_mulsub_12s_12s_25s_25_1_1_U1293           | 1    |        | sub_ln40_749   | sub | dsp_slice | 0       |
|   add_ln40_249_fu_52066_p2                      |      |        | add_ln40_249   | add | fabric    | 0       |
|   mul_12s_12s_24_1_1_U254                       | 1    |        | mul_ln40_1000  | mul | auto      | 0       |
|   mac_mulsub_12s_12s_24s_24_1_1_U788            | 1    |        | mul_ln40_1001  | mul | dsp_slice | 0       |
|   mac_mulsub_12s_12s_24s_24_1_1_U788            | 1    |        | sub_ln40_750   | sub | dsp_slice | 0       |
|   mac_mulsub_12s_12s_24s_25_1_1_U1041           | 1    |        | mul_ln40_1002  | mul | dsp_slice | 0       |
|   mac_mulsub_12s_12s_24s_25_1_1_U1041           | 1    |        | sub_ln40_751   | sub | dsp_slice | 0       |
|   mac_mulsub_12s_12s_25s_25_1_1_U1294           | 1    |        | mul_ln40_1003  | mul | dsp_slice | 0       |
|   mac_mulsub_12s_12s_25s_25_1_1_U1294           | 1    |        | sub_ln40_752   | sub | dsp_slice | 0       |
|   add_ln40_250_fu_52255_p2                      |      |        | add_ln40_250   | add | fabric    | 0       |
|   mul_12s_12s_24_1_1_U255                       | 1    |        | mul_ln40_1004  | mul | auto      | 0       |
|   mac_mulsub_12s_12s_24s_24_1_1_U789            | 1    |        | mul_ln40_1005  | mul | dsp_slice | 0       |
|   mac_mulsub_12s_12s_24s_24_1_1_U789            | 1    |        | sub_ln40_753   | sub | dsp_slice | 0       |
|   mac_mulsub_12s_12s_24s_25_1_1_U1042           | 1    |        | mul_ln40_1006  | mul | dsp_slice | 0       |
|   mac_mulsub_12s_12s_24s_25_1_1_U1042           | 1    |        | sub_ln40_754   | sub | dsp_slice | 0       |
|   mac_mulsub_12s_12s_25s_25_1_1_U1295           | 1    |        | mul_ln40_1007  | mul | dsp_slice | 0       |
|   mac_mulsub_12s_12s_25s_25_1_1_U1295           | 1    |        | sub_ln40_755   | sub | dsp_slice | 0       |
|   add_ln40_251_fu_52444_p2                      |      |        | add_ln40_251   | add | fabric    | 0       |
|   mul_12s_12s_24_1_1_U256                       | 1    |        | mul_ln40_1008  | mul | auto      | 0       |
|   mac_mulsub_12s_12s_24s_24_1_1_U790            | 1    |        | mul_ln40_1009  | mul | dsp_slice | 0       |
|   mac_mulsub_12s_12s_24s_24_1_1_U790            | 1    |        | sub_ln40_756   | sub | dsp_slice | 0       |
|   mac_mulsub_12s_12s_24s_25_1_1_U1043           | 1    |        | mul_ln40_1010  | mul | dsp_slice | 0       |
|   mac_mulsub_12s_12s_24s_25_1_1_U1043           | 1    |        | sub_ln40_757   | sub | dsp_slice | 0       |
|   mac_mulsub_12s_12s_25s_25_1_1_U1296           | 1    |        | mul_ln40_1011  | mul | dsp_slice | 0       |
|   mac_mulsub_12s_12s_25s_25_1_1_U1296           | 1    |        | sub_ln40_758   | sub | dsp_slice | 0       |
|   add_ln40_252_fu_52633_p2                      |      |        | add_ln40_252   | add | fabric    | 0       |
|   mul_6s_9ns_14_1_1_U257                        |      |        | mul_ln202      | mul | auto      | 0       |
|   add_ln202_fu_62654_p2                         |      |        | add_ln202      | add | fabric    | 0       |
|   v_1_fu_62754_p2                               |      |        | v_1            | add | fabric    | 0       |
|   mul_6s_9ns_14_1_1_U258                        |      |        | mul_ln202_1    | mul | auto      | 0       |
|   add_ln202_2_fu_62785_p2                       |      |        | add_ln202_2    | add | fabric    | 0       |
|   v_4_fu_62885_p2                               |      |        | v_4            | add | fabric    | 0       |
|   mul_6s_9ns_14_1_1_U259                        |      |        | mul_ln202_2    | mul | auto      | 0       |
|   add_ln202_4_fu_62916_p2                       |      |        | add_ln202_4    | add | fabric    | 0       |
|   v_7_fu_63016_p2                               |      |        | v_7            | add | fabric    | 0       |
|   mul_6s_9ns_14_1_1_U260                        |      |        | mul_ln202_3    | mul | auto      | 0       |
|   add_ln202_6_fu_63047_p2                       |      |        | add_ln202_6    | add | fabric    | 0       |
|   v_10_fu_63147_p2                              |      |        | v_10           | add | fabric    | 0       |
|   mul_6s_9ns_14_1_1_U261                        |      |        | mul_ln202_4    | mul | auto      | 0       |
|   add_ln202_8_fu_63178_p2                       |      |        | add_ln202_8    | add | fabric    | 0       |
|   v_13_fu_63278_p2                              |      |        | v_13           | add | fabric    | 0       |
|   mul_6s_9ns_14_1_1_U262                        |      |        | mul_ln202_5    | mul | auto      | 0       |
|   add_ln202_10_fu_63309_p2                      |      |        | add_ln202_10   | add | fabric    | 0       |
|   v_16_fu_63409_p2                              |      |        | v_16           | add | fabric    | 0       |
|   mul_6s_9ns_14_1_1_U263                        |      |        | mul_ln202_6    | mul | auto      | 0       |
|   add_ln202_12_fu_63440_p2                      |      |        | add_ln202_12   | add | fabric    | 0       |
|   v_19_fu_63540_p2                              |      |        | v_19           | add | fabric    | 0       |
|   mul_6s_9ns_14_1_1_U264                        |      |        | mul_ln202_7    | mul | auto      | 0       |
|   add_ln202_14_fu_63571_p2                      |      |        | add_ln202_14   | add | fabric    | 0       |
|   v_22_fu_63671_p2                              |      |        | v_22           | add | fabric    | 0       |
|   mul_6s_9ns_14_1_1_U265                        |      |        | mul_ln202_8    | mul | auto      | 0       |
|   add_ln202_16_fu_63702_p2                      |      |        | add_ln202_16   | add | fabric    | 0       |
|   v_25_fu_63802_p2                              |      |        | v_25           | add | fabric    | 0       |
|   mul_6s_9ns_14_1_1_U266                        |      |        | mul_ln202_9    | mul | auto      | 0       |
|   add_ln202_18_fu_63833_p2                      |      |        | add_ln202_18   | add | fabric    | 0       |
|   v_28_fu_63933_p2                              |      |        | v_28           | add | fabric    | 0       |
|   mul_6s_9ns_14_1_1_U267                        |      |        | mul_ln202_10   | mul | auto      | 0       |
|   add_ln202_20_fu_63964_p2                      |      |        | add_ln202_20   | add | fabric    | 0       |
|   v_31_fu_64064_p2                              |      |        | v_31           | add | fabric    | 0       |
|   mul_6s_9ns_14_1_1_U268                        |      |        | mul_ln202_11   | mul | auto      | 0       |
|   add_ln202_22_fu_64095_p2                      |      |        | add_ln202_22   | add | fabric    | 0       |
|   v_34_fu_64195_p2                              |      |        | v_34           | add | fabric    | 0       |
|   mul_6s_9ns_14_1_1_U269                        |      |        | mul_ln202_12   | mul | auto      | 0       |
|   add_ln202_24_fu_64226_p2                      |      |        | add_ln202_24   | add | fabric    | 0       |
|   v_37_fu_64326_p2                              |      |        | v_37           | add | fabric    | 0       |
|   mul_6s_9ns_14_1_1_U270                        |      |        | mul_ln202_13   | mul | auto      | 0       |
|   add_ln202_26_fu_64357_p2                      |      |        | add_ln202_26   | add | fabric    | 0       |
|   v_40_fu_64457_p2                              |      |        | v_40           | add | fabric    | 0       |
|   mul_6s_9ns_14_1_1_U271                        |      |        | mul_ln202_14   | mul | auto      | 0       |
|   add_ln202_28_fu_64488_p2                      |      |        | add_ln202_28   | add | fabric    | 0       |
|   v_43_fu_64588_p2                              |      |        | v_43           | add | fabric    | 0       |
|   mul_6s_9ns_14_1_1_U272                        |      |        | mul_ln202_15   | mul | auto      | 0       |
|   add_ln202_30_fu_64619_p2                      |      |        | add_ln202_30   | add | fabric    | 0       |
|   v_46_fu_64719_p2                              |      |        | v_46           | add | fabric    | 0       |
|   mul_6s_9ns_14_1_1_U273                        |      |        | mul_ln202_16   | mul | auto      | 0       |
|   add_ln202_32_fu_64750_p2                      |      |        | add_ln202_32   | add | fabric    | 0       |
|   v_49_fu_64850_p2                              |      |        | v_49           | add | fabric    | 0       |
|   mul_6s_9ns_14_1_1_U274                        |      |        | mul_ln202_17   | mul | auto      | 0       |
|   add_ln202_34_fu_64881_p2                      |      |        | add_ln202_34   | add | fabric    | 0       |
|   v_52_fu_64981_p2                              |      |        | v_52           | add | fabric    | 0       |
|   mul_6s_9ns_14_1_1_U275                        |      |        | mul_ln202_18   | mul | auto      | 0       |
|   add_ln202_36_fu_65012_p2                      |      |        | add_ln202_36   | add | fabric    | 0       |
|   v_55_fu_65112_p2                              |      |        | v_55           | add | fabric    | 0       |
|   mul_6s_9ns_14_1_1_U276                        |      |        | mul_ln202_19   | mul | auto      | 0       |
|   add_ln202_38_fu_65143_p2                      |      |        | add_ln202_38   | add | fabric    | 0       |
|   v_58_fu_65243_p2                              |      |        | v_58           | add | fabric    | 0       |
|   mul_6s_9ns_14_1_1_U277                        |      |        | mul_ln202_20   | mul | auto      | 0       |
|   add_ln202_40_fu_65274_p2                      |      |        | add_ln202_40   | add | fabric    | 0       |
|   v_61_fu_65376_p2                              |      |        | v_61           | add | fabric    | 0       |
|   mul_6s_9ns_14_1_1_U278                        |      |        | mul_ln202_21   | mul | auto      | 0       |
|   add_ln202_42_fu_65407_p2                      |      |        | add_ln202_42   | add | fabric    | 0       |
|   v_64_fu_65509_p2                              |      |        | v_64           | add | fabric    | 0       |
|   mul_6s_9ns_14_1_1_U279                        |      |        | mul_ln202_22   | mul | auto      | 0       |
|   add_ln202_44_fu_65540_p2                      |      |        | add_ln202_44   | add | fabric    | 0       |
|   v_67_fu_65626_p2                              |      |        | v_67           | add | fabric    | 0       |
|   mul_6s_9ns_14_1_1_U280                        |      |        | mul_ln202_23   | mul | auto      | 0       |
|   add_ln202_46_fu_65657_p2                      |      |        | add_ln202_46   | add | fabric    | 0       |
|   v_70_fu_65743_p2                              |      |        | v_70           | add | fabric    | 0       |
|   mul_6s_9ns_14_1_1_U281                        |      |        | mul_ln202_24   | mul | auto      | 0       |
|   add_ln202_48_fu_65774_p2                      |      |        | add_ln202_48   | add | fabric    | 0       |
|   v_73_fu_65860_p2                              |      |        | v_73           | add | fabric    | 0       |
|   mul_6s_9ns_14_1_1_U282                        |      |        | mul_ln202_25   | mul | auto      | 0       |
|   add_ln202_50_fu_65891_p2                      |      |        | add_ln202_50   | add | fabric    | 0       |
|   v_76_fu_65977_p2                              |      |        | v_76           | add | fabric    | 0       |
|   mul_6s_9ns_14_1_1_U283                        |      |        | mul_ln202_26   | mul | auto      | 0       |
|   add_ln202_52_fu_66008_p2                      |      |        | add_ln202_52   | add | fabric    | 0       |
|   v_79_fu_66094_p2                              |      |        | v_79           | add | fabric    | 0       |
|   mul_6s_9ns_14_1_1_U284                        |      |        | mul_ln202_27   | mul | auto      | 0       |
|   add_ln202_54_fu_66125_p2                      |      |        | add_ln202_54   | add | fabric    | 0       |
|   v_82_fu_66211_p2                              |      |        | v_82           | add | fabric    | 0       |
|   mul_6s_9ns_14_1_1_U285                        |      |        | mul_ln202_28   | mul | auto      | 0       |
|   add_ln202_56_fu_66242_p2                      |      |        | add_ln202_56   | add | fabric    | 0       |
|   v_85_fu_66328_p2                              |      |        | v_85           | add | fabric    | 0       |
|   mul_6s_9ns_14_1_1_U286                        |      |        | mul_ln202_29   | mul | auto      | 0       |
|   add_ln202_58_fu_66359_p2                      |      |        | add_ln202_58   | add | fabric    | 0       |
|   v_88_fu_66445_p2                              |      |        | v_88           | add | fabric    | 0       |
|   mul_6s_9ns_14_1_1_U287                        |      |        | mul_ln202_30   | mul | auto      | 0       |
|   add_ln202_60_fu_66476_p2                      |      |        | add_ln202_60   | add | fabric    | 0       |
|   v_91_fu_66562_p2                              |      |        | v_91           | add | fabric    | 0       |
|   mul_6s_9ns_14_1_1_U288                        |      |        | mul_ln202_31   | mul | auto      | 0       |
|   add_ln202_62_fu_66593_p2                      |      |        | add_ln202_62   | add | fabric    | 0       |
|   v_94_fu_66679_p2                              |      |        | v_94           | add | fabric    | 0       |
|   mul_6s_9ns_14_1_1_U289                        |      |        | mul_ln202_32   | mul | auto      | 0       |
|   add_ln202_64_fu_66710_p2                      |      |        | add_ln202_64   | add | fabric    | 0       |
|   v_97_fu_66796_p2                              |      |        | v_97           | add | fabric    | 0       |
|   mul_6s_9ns_14_1_1_U290                        |      |        | mul_ln202_33   | mul | auto      | 0       |
|   add_ln202_66_fu_66827_p2                      |      |        | add_ln202_66   | add | fabric    | 0       |
|   v_100_fu_66913_p2                             |      |        | v_100          | add | fabric    | 0       |
|   mul_6s_9ns_14_1_1_U291                        |      |        | mul_ln202_34   | mul | auto      | 0       |
|   add_ln202_68_fu_66944_p2                      |      |        | add_ln202_68   | add | fabric    | 0       |
|   v_103_fu_67030_p2                             |      |        | v_103          | add | fabric    | 0       |
|   mul_6s_9ns_14_1_1_U292                        |      |        | mul_ln202_35   | mul | auto      | 0       |
|   add_ln202_70_fu_67061_p2                      |      |        | add_ln202_70   | add | fabric    | 0       |
|   v_106_fu_67147_p2                             |      |        | v_106          | add | fabric    | 0       |
|   mul_6s_9ns_14_1_1_U293                        |      |        | mul_ln202_36   | mul | auto      | 0       |
|   add_ln202_72_fu_67178_p2                      |      |        | add_ln202_72   | add | fabric    | 0       |
|   v_109_fu_67264_p2                             |      |        | v_109          | add | fabric    | 0       |
|   mul_6s_9ns_14_1_1_U294                        |      |        | mul_ln202_37   | mul | auto      | 0       |
|   add_ln202_74_fu_67295_p2                      |      |        | add_ln202_74   | add | fabric    | 0       |
|   v_112_fu_67381_p2                             |      |        | v_112          | add | fabric    | 0       |
|   mul_6s_9ns_14_1_1_U295                        |      |        | mul_ln202_38   | mul | auto      | 0       |
|   add_ln202_76_fu_67412_p2                      |      |        | add_ln202_76   | add | fabric    | 0       |
|   v_115_fu_67498_p2                             |      |        | v_115          | add | fabric    | 0       |
|   mul_6s_9ns_14_1_1_U296                        |      |        | mul_ln202_39   | mul | auto      | 0       |
|   add_ln202_78_fu_67529_p2                      |      |        | add_ln202_78   | add | fabric    | 0       |
|   v_118_fu_67615_p2                             |      |        | v_118          | add | fabric    | 0       |
|   mul_6s_9ns_14_1_1_U297                        |      |        | mul_ln202_40   | mul | auto      | 0       |
|   add_ln202_80_fu_67646_p2                      |      |        | add_ln202_80   | add | fabric    | 0       |
|   v_121_fu_67732_p2                             |      |        | v_121          | add | fabric    | 0       |
|   mul_6s_9ns_14_1_1_U298                        |      |        | mul_ln202_41   | mul | auto      | 0       |
|   add_ln202_82_fu_67763_p2                      |      |        | add_ln202_82   | add | fabric    | 0       |
|   v_124_fu_67849_p2                             |      |        | v_124          | add | fabric    | 0       |
|   mul_6s_9ns_14_1_1_U299                        |      |        | mul_ln202_42   | mul | auto      | 0       |
|   add_ln202_84_fu_67880_p2                      |      |        | add_ln202_84   | add | fabric    | 0       |
|   v_127_fu_67966_p2                             |      |        | v_127          | add | fabric    | 0       |
|   mul_6s_9ns_14_1_1_U300                        |      |        | mul_ln202_43   | mul | auto      | 0       |
|   add_ln202_86_fu_67997_p2                      |      |        | add_ln202_86   | add | fabric    | 0       |
|   v_130_fu_68083_p2                             |      |        | v_130          | add | fabric    | 0       |
|   mul_6s_9ns_14_1_1_U301                        |      |        | mul_ln202_44   | mul | auto      | 0       |
|   add_ln202_88_fu_68114_p2                      |      |        | add_ln202_88   | add | fabric    | 0       |
|   v_133_fu_68200_p2                             |      |        | v_133          | add | fabric    | 0       |
|   mul_6s_9ns_14_1_1_U302                        |      |        | mul_ln202_45   | mul | auto      | 0       |
|   add_ln202_90_fu_68231_p2                      |      |        | add_ln202_90   | add | fabric    | 0       |
|   v_136_fu_68317_p2                             |      |        | v_136          | add | fabric    | 0       |
|   mul_6s_9ns_14_1_1_U303                        |      |        | mul_ln202_46   | mul | auto      | 0       |
|   add_ln202_92_fu_68348_p2                      |      |        | add_ln202_92   | add | fabric    | 0       |
|   v_139_fu_68434_p2                             |      |        | v_139          | add | fabric    | 0       |
|   mul_6s_9ns_14_1_1_U304                        |      |        | mul_ln202_47   | mul | auto      | 0       |
|   add_ln202_94_fu_68465_p2                      |      |        | add_ln202_94   | add | fabric    | 0       |
|   v_142_fu_68551_p2                             |      |        | v_142          | add | fabric    | 0       |
|   mul_6s_9ns_14_1_1_U305                        |      |        | mul_ln202_48   | mul | auto      | 0       |
|   add_ln202_96_fu_68582_p2                      |      |        | add_ln202_96   | add | fabric    | 0       |
|   v_145_fu_68668_p2                             |      |        | v_145          | add | fabric    | 0       |
|   mul_6s_9ns_14_1_1_U306                        |      |        | mul_ln202_49   | mul | auto      | 0       |
|   add_ln202_98_fu_68699_p2                      |      |        | add_ln202_98   | add | fabric    | 0       |
|   v_148_fu_68785_p2                             |      |        | v_148          | add | fabric    | 0       |
|   mul_6s_9ns_14_1_1_U307                        |      |        | mul_ln202_50   | mul | auto      | 0       |
|   add_ln202_100_fu_68816_p2                     |      |        | add_ln202_100  | add | fabric    | 0       |
|   v_151_fu_68902_p2                             |      |        | v_151          | add | fabric    | 0       |
|   mul_6s_9ns_14_1_1_U308                        |      |        | mul_ln202_51   | mul | auto      | 0       |
|   add_ln202_102_fu_68933_p2                     |      |        | add_ln202_102  | add | fabric    | 0       |
|   v_154_fu_69019_p2                             |      |        | v_154          | add | fabric    | 0       |
|   mul_6s_9ns_14_1_1_U309                        |      |        | mul_ln202_52   | mul | auto      | 0       |
|   add_ln202_104_fu_69050_p2                     |      |        | add_ln202_104  | add | fabric    | 0       |
|   v_157_fu_69136_p2                             |      |        | v_157          | add | fabric    | 0       |
|   mul_6s_9ns_14_1_1_U310                        |      |        | mul_ln202_53   | mul | auto      | 0       |
|   add_ln202_106_fu_69167_p2                     |      |        | add_ln202_106  | add | fabric    | 0       |
|   v_160_fu_69253_p2                             |      |        | v_160          | add | fabric    | 0       |
|   mul_6s_9ns_14_1_1_U311                        |      |        | mul_ln202_54   | mul | auto      | 0       |
|   add_ln202_108_fu_69284_p2                     |      |        | add_ln202_108  | add | fabric    | 0       |
|   v_163_fu_69370_p2                             |      |        | v_163          | add | fabric    | 0       |
|   mul_6s_9ns_14_1_1_U312                        |      |        | mul_ln202_55   | mul | auto      | 0       |
|   add_ln202_110_fu_69401_p2                     |      |        | add_ln202_110  | add | fabric    | 0       |
|   v_166_fu_69487_p2                             |      |        | v_166          | add | fabric    | 0       |
|   mul_6s_9ns_14_1_1_U313                        |      |        | mul_ln202_56   | mul | auto      | 0       |
|   add_ln202_112_fu_69518_p2                     |      |        | add_ln202_112  | add | fabric    | 0       |
|   v_169_fu_69604_p2                             |      |        | v_169          | add | fabric    | 0       |
|   mul_6s_9ns_14_1_1_U314                        |      |        | mul_ln202_57   | mul | auto      | 0       |
|   add_ln202_114_fu_69635_p2                     |      |        | add_ln202_114  | add | fabric    | 0       |
|   v_172_fu_69721_p2                             |      |        | v_172          | add | fabric    | 0       |
|   mul_6s_9ns_14_1_1_U315                        |      |        | mul_ln202_58   | mul | auto      | 0       |
|   add_ln202_116_fu_69752_p2                     |      |        | add_ln202_116  | add | fabric    | 0       |
|   v_175_fu_69838_p2                             |      |        | v_175          | add | fabric    | 0       |
|   mul_6s_9ns_14_1_1_U316                        |      |        | mul_ln202_59   | mul | auto      | 0       |
|   add_ln202_118_fu_69869_p2                     |      |        | add_ln202_118  | add | fabric    | 0       |
|   v_178_fu_69955_p2                             |      |        | v_178          | add | fabric    | 0       |
|   mul_6s_9ns_14_1_1_U317                        |      |        | mul_ln202_60   | mul | auto      | 0       |
|   add_ln202_120_fu_69986_p2                     |      |        | add_ln202_120  | add | fabric    | 0       |
|   v_181_fu_70072_p2                             |      |        | v_181          | add | fabric    | 0       |
|   mul_6s_9ns_14_1_1_U318                        |      |        | mul_ln202_61   | mul | auto      | 0       |
|   add_ln202_122_fu_70103_p2                     |      |        | add_ln202_122  | add | fabric    | 0       |
|   v_184_fu_70189_p2                             |      |        | v_184          | add | fabric    | 0       |
|   mul_6s_9ns_14_1_1_U319                        |      |        | mul_ln202_62   | mul | auto      | 0       |
|   add_ln202_124_fu_70220_p2                     |      |        | add_ln202_124  | add | fabric    | 0       |
|   v_187_fu_70306_p2                             |      |        | v_187          | add | fabric    | 0       |
|   mul_6s_9ns_14_1_1_U320                        |      |        | mul_ln202_63   | mul | auto      | 0       |
|   add_ln202_126_fu_70337_p2                     |      |        | add_ln202_126  | add | fabric    | 0       |
|   v_190_fu_70423_p2                             |      |        | v_190          | add | fabric    | 0       |
|   mul_6s_9ns_14_1_1_U321                        |      |        | mul_ln202_64   | mul | auto      | 0       |
|   add_ln202_128_fu_70454_p2                     |      |        | add_ln202_128  | add | fabric    | 0       |
|   v_193_fu_70540_p2                             |      |        | v_193          | add | fabric    | 0       |
|   mul_6s_9ns_14_1_1_U322                        |      |        | mul_ln202_65   | mul | auto      | 0       |
|   add_ln202_130_fu_70571_p2                     |      |        | add_ln202_130  | add | fabric    | 0       |
|   v_196_fu_70657_p2                             |      |        | v_196          | add | fabric    | 0       |
|   mul_6s_9ns_14_1_1_U323                        |      |        | mul_ln202_66   | mul | auto      | 0       |
|   add_ln202_132_fu_70688_p2                     |      |        | add_ln202_132  | add | fabric    | 0       |
|   v_199_fu_70774_p2                             |      |        | v_199          | add | fabric    | 0       |
|   mul_6s_9ns_14_1_1_U324                        |      |        | mul_ln202_67   | mul | auto      | 0       |
|   add_ln202_134_fu_70805_p2                     |      |        | add_ln202_134  | add | fabric    | 0       |
|   v_202_fu_70891_p2                             |      |        | v_202          | add | fabric    | 0       |
|   mul_6s_9ns_14_1_1_U325                        |      |        | mul_ln202_68   | mul | auto      | 0       |
|   add_ln202_136_fu_70922_p2                     |      |        | add_ln202_136  | add | fabric    | 0       |
|   v_205_fu_71008_p2                             |      |        | v_205          | add | fabric    | 0       |
|   mul_6s_9ns_14_1_1_U326                        |      |        | mul_ln202_69   | mul | auto      | 0       |
|   add_ln202_138_fu_71039_p2                     |      |        | add_ln202_138  | add | fabric    | 0       |
|   v_208_fu_71125_p2                             |      |        | v_208          | add | fabric    | 0       |
|   mul_6s_9ns_14_1_1_U327                        |      |        | mul_ln202_70   | mul | auto      | 0       |
|   add_ln202_140_fu_71156_p2                     |      |        | add_ln202_140  | add | fabric    | 0       |
|   v_211_fu_71242_p2                             |      |        | v_211          | add | fabric    | 0       |
|   mul_6s_9ns_14_1_1_U328                        |      |        | mul_ln202_71   | mul | auto      | 0       |
|   add_ln202_142_fu_71273_p2                     |      |        | add_ln202_142  | add | fabric    | 0       |
|   v_214_fu_71359_p2                             |      |        | v_214          | add | fabric    | 0       |
|   mul_6s_9ns_14_1_1_U329                        |      |        | mul_ln202_72   | mul | auto      | 0       |
|   add_ln202_144_fu_71390_p2                     |      |        | add_ln202_144  | add | fabric    | 0       |
|   v_217_fu_71476_p2                             |      |        | v_217          | add | fabric    | 0       |
|   mul_6s_9ns_14_1_1_U330                        |      |        | mul_ln202_73   | mul | auto      | 0       |
|   add_ln202_146_fu_71507_p2                     |      |        | add_ln202_146  | add | fabric    | 0       |
|   v_220_fu_71593_p2                             |      |        | v_220          | add | fabric    | 0       |
|   mul_6s_9ns_14_1_1_U331                        |      |        | mul_ln202_74   | mul | auto      | 0       |
|   add_ln202_148_fu_71624_p2                     |      |        | add_ln202_148  | add | fabric    | 0       |
|   v_223_fu_71710_p2                             |      |        | v_223          | add | fabric    | 0       |
|   mul_6s_9ns_14_1_1_U332                        |      |        | mul_ln202_75   | mul | auto      | 0       |
|   add_ln202_150_fu_71741_p2                     |      |        | add_ln202_150  | add | fabric    | 0       |
|   v_226_fu_71827_p2                             |      |        | v_226          | add | fabric    | 0       |
|   mul_6s_9ns_14_1_1_U333                        |      |        | mul_ln202_76   | mul | auto      | 0       |
|   add_ln202_152_fu_71858_p2                     |      |        | add_ln202_152  | add | fabric    | 0       |
|   v_229_fu_71944_p2                             |      |        | v_229          | add | fabric    | 0       |
|   mul_6s_9ns_14_1_1_U334                        |      |        | mul_ln202_77   | mul | auto      | 0       |
|   add_ln202_154_fu_71975_p2                     |      |        | add_ln202_154  | add | fabric    | 0       |
|   v_232_fu_72061_p2                             |      |        | v_232          | add | fabric    | 0       |
|   mul_6s_9ns_14_1_1_U335                        |      |        | mul_ln202_78   | mul | auto      | 0       |
|   add_ln202_156_fu_72092_p2                     |      |        | add_ln202_156  | add | fabric    | 0       |
|   v_235_fu_72178_p2                             |      |        | v_235          | add | fabric    | 0       |
|   mul_6s_9ns_14_1_1_U336                        |      |        | mul_ln202_79   | mul | auto      | 0       |
|   add_ln202_158_fu_72209_p2                     |      |        | add_ln202_158  | add | fabric    | 0       |
|   v_238_fu_72295_p2                             |      |        | v_238          | add | fabric    | 0       |
|   mul_6s_9ns_14_1_1_U337                        |      |        | mul_ln202_80   | mul | auto      | 0       |
|   add_ln202_160_fu_72326_p2                     |      |        | add_ln202_160  | add | fabric    | 0       |
|   v_241_fu_72412_p2                             |      |        | v_241          | add | fabric    | 0       |
|   mul_6s_9ns_14_1_1_U338                        |      |        | mul_ln202_81   | mul | auto      | 0       |
|   add_ln202_162_fu_72443_p2                     |      |        | add_ln202_162  | add | fabric    | 0       |
|   v_244_fu_72529_p2                             |      |        | v_244          | add | fabric    | 0       |
|   mul_6s_9ns_14_1_1_U339                        |      |        | mul_ln202_82   | mul | auto      | 0       |
|   add_ln202_164_fu_72560_p2                     |      |        | add_ln202_164  | add | fabric    | 0       |
|   v_247_fu_72646_p2                             |      |        | v_247          | add | fabric    | 0       |
|   mul_6s_9ns_14_1_1_U340                        |      |        | mul_ln202_83   | mul | auto      | 0       |
|   add_ln202_166_fu_72677_p2                     |      |        | add_ln202_166  | add | fabric    | 0       |
|   v_250_fu_72763_p2                             |      |        | v_250          | add | fabric    | 0       |
|   mul_6s_9ns_14_1_1_U341                        |      |        | mul_ln202_84   | mul | auto      | 0       |
|   add_ln202_168_fu_72794_p2                     |      |        | add_ln202_168  | add | fabric    | 0       |
|   v_253_fu_72880_p2                             |      |        | v_253          | add | fabric    | 0       |
|   mul_6s_9ns_14_1_1_U342                        |      |        | mul_ln202_85   | mul | auto      | 0       |
|   add_ln202_170_fu_72911_p2                     |      |        | add_ln202_170  | add | fabric    | 0       |
|   v_256_fu_72997_p2                             |      |        | v_256          | add | fabric    | 0       |
|   mul_6s_9ns_14_1_1_U343                        |      |        | mul_ln202_86   | mul | auto      | 0       |
|   add_ln202_172_fu_73028_p2                     |      |        | add_ln202_172  | add | fabric    | 0       |
|   v_259_fu_73114_p2                             |      |        | v_259          | add | fabric    | 0       |
|   mul_6s_9ns_14_1_1_U344                        |      |        | mul_ln202_87   | mul | auto      | 0       |
|   add_ln202_174_fu_73145_p2                     |      |        | add_ln202_174  | add | fabric    | 0       |
|   v_262_fu_73231_p2                             |      |        | v_262          | add | fabric    | 0       |
|   mul_6s_9ns_14_1_1_U345                        |      |        | mul_ln202_88   | mul | auto      | 0       |
|   add_ln202_176_fu_73262_p2                     |      |        | add_ln202_176  | add | fabric    | 0       |
|   v_265_fu_73348_p2                             |      |        | v_265          | add | fabric    | 0       |
|   mul_6s_9ns_14_1_1_U346                        |      |        | mul_ln202_89   | mul | auto      | 0       |
|   add_ln202_178_fu_73379_p2                     |      |        | add_ln202_178  | add | fabric    | 0       |
|   v_268_fu_73465_p2                             |      |        | v_268          | add | fabric    | 0       |
|   mul_6s_9ns_14_1_1_U347                        |      |        | mul_ln202_90   | mul | auto      | 0       |
|   add_ln202_180_fu_73496_p2                     |      |        | add_ln202_180  | add | fabric    | 0       |
|   v_271_fu_73582_p2                             |      |        | v_271          | add | fabric    | 0       |
|   mul_6s_9ns_14_1_1_U348                        |      |        | mul_ln202_91   | mul | auto      | 0       |
|   add_ln202_182_fu_73613_p2                     |      |        | add_ln202_182  | add | fabric    | 0       |
|   v_274_fu_73699_p2                             |      |        | v_274          | add | fabric    | 0       |
|   mul_6s_9ns_14_1_1_U349                        |      |        | mul_ln202_92   | mul | auto      | 0       |
|   add_ln202_184_fu_73730_p2                     |      |        | add_ln202_184  | add | fabric    | 0       |
|   v_277_fu_73816_p2                             |      |        | v_277          | add | fabric    | 0       |
|   mul_6s_9ns_14_1_1_U350                        |      |        | mul_ln202_93   | mul | auto      | 0       |
|   add_ln202_186_fu_73847_p2                     |      |        | add_ln202_186  | add | fabric    | 0       |
|   v_280_fu_73933_p2                             |      |        | v_280          | add | fabric    | 0       |
|   mul_6s_9ns_14_1_1_U351                        |      |        | mul_ln202_94   | mul | auto      | 0       |
|   add_ln202_188_fu_73964_p2                     |      |        | add_ln202_188  | add | fabric    | 0       |
|   v_283_fu_74050_p2                             |      |        | v_283          | add | fabric    | 0       |
|   mul_6s_9ns_14_1_1_U352                        |      |        | mul_ln202_95   | mul | auto      | 0       |
|   add_ln202_190_fu_74081_p2                     |      |        | add_ln202_190  | add | fabric    | 0       |
|   v_286_fu_74167_p2                             |      |        | v_286          | add | fabric    | 0       |
|   mul_6s_9ns_14_1_1_U353                        |      |        | mul_ln202_96   | mul | auto      | 0       |
|   add_ln202_192_fu_74198_p2                     |      |        | add_ln202_192  | add | fabric    | 0       |
|   v_289_fu_74284_p2                             |      |        | v_289          | add | fabric    | 0       |
|   mul_6s_9ns_14_1_1_U354                        |      |        | mul_ln202_97   | mul | auto      | 0       |
|   add_ln202_194_fu_74315_p2                     |      |        | add_ln202_194  | add | fabric    | 0       |
|   v_292_fu_74401_p2                             |      |        | v_292          | add | fabric    | 0       |
|   mul_6s_9ns_14_1_1_U355                        |      |        | mul_ln202_98   | mul | auto      | 0       |
|   add_ln202_196_fu_74432_p2                     |      |        | add_ln202_196  | add | fabric    | 0       |
|   v_295_fu_74518_p2                             |      |        | v_295          | add | fabric    | 0       |
|   mul_6s_9ns_14_1_1_U356                        |      |        | mul_ln202_99   | mul | auto      | 0       |
|   add_ln202_198_fu_74549_p2                     |      |        | add_ln202_198  | add | fabric    | 0       |
|   v_298_fu_74635_p2                             |      |        | v_298          | add | fabric    | 0       |
|   mul_6s_9ns_14_1_1_U357                        |      |        | mul_ln202_100  | mul | auto      | 0       |
|   add_ln202_200_fu_74666_p2                     |      |        | add_ln202_200  | add | fabric    | 0       |
|   v_301_fu_74752_p2                             |      |        | v_301          | add | fabric    | 0       |
|   mul_6s_9ns_14_1_1_U358                        |      |        | mul_ln202_101  | mul | auto      | 0       |
|   add_ln202_202_fu_74783_p2                     |      |        | add_ln202_202  | add | fabric    | 0       |
|   v_304_fu_74869_p2                             |      |        | v_304          | add | fabric    | 0       |
|   mul_6s_9ns_14_1_1_U359                        |      |        | mul_ln202_102  | mul | auto      | 0       |
|   add_ln202_204_fu_74900_p2                     |      |        | add_ln202_204  | add | fabric    | 0       |
|   v_307_fu_74986_p2                             |      |        | v_307          | add | fabric    | 0       |
|   mul_6s_9ns_14_1_1_U360                        |      |        | mul_ln202_103  | mul | auto      | 0       |
|   add_ln202_206_fu_75017_p2                     |      |        | add_ln202_206  | add | fabric    | 0       |
|   v_310_fu_75103_p2                             |      |        | v_310          | add | fabric    | 0       |
|   mul_6s_9ns_14_1_1_U361                        |      |        | mul_ln202_104  | mul | auto      | 0       |
|   add_ln202_208_fu_75134_p2                     |      |        | add_ln202_208  | add | fabric    | 0       |
|   v_313_fu_75220_p2                             |      |        | v_313          | add | fabric    | 0       |
|   mul_6s_9ns_14_1_1_U362                        |      |        | mul_ln202_105  | mul | auto      | 0       |
|   add_ln202_210_fu_75251_p2                     |      |        | add_ln202_210  | add | fabric    | 0       |
|   v_316_fu_75337_p2                             |      |        | v_316          | add | fabric    | 0       |
|   mul_6s_9ns_14_1_1_U363                        |      |        | mul_ln202_106  | mul | auto      | 0       |
|   add_ln202_212_fu_75368_p2                     |      |        | add_ln202_212  | add | fabric    | 0       |
|   v_319_fu_75454_p2                             |      |        | v_319          | add | fabric    | 0       |
|   mul_6s_9ns_14_1_1_U364                        |      |        | mul_ln202_107  | mul | auto      | 0       |
|   add_ln202_214_fu_75485_p2                     |      |        | add_ln202_214  | add | fabric    | 0       |
|   v_322_fu_75571_p2                             |      |        | v_322          | add | fabric    | 0       |
|   mul_6s_9ns_14_1_1_U365                        |      |        | mul_ln202_108  | mul | auto      | 0       |
|   add_ln202_216_fu_75602_p2                     |      |        | add_ln202_216  | add | fabric    | 0       |
|   v_325_fu_75688_p2                             |      |        | v_325          | add | fabric    | 0       |
|   mul_6s_9ns_14_1_1_U366                        |      |        | mul_ln202_109  | mul | auto      | 0       |
|   add_ln202_218_fu_75719_p2                     |      |        | add_ln202_218  | add | fabric    | 0       |
|   v_328_fu_75805_p2                             |      |        | v_328          | add | fabric    | 0       |
|   mul_6s_9ns_14_1_1_U367                        |      |        | mul_ln202_110  | mul | auto      | 0       |
|   add_ln202_220_fu_75836_p2                     |      |        | add_ln202_220  | add | fabric    | 0       |
|   v_331_fu_75922_p2                             |      |        | v_331          | add | fabric    | 0       |
|   mul_6s_9ns_14_1_1_U368                        |      |        | mul_ln202_111  | mul | auto      | 0       |
|   add_ln202_222_fu_75953_p2                     |      |        | add_ln202_222  | add | fabric    | 0       |
|   v_334_fu_76039_p2                             |      |        | v_334          | add | fabric    | 0       |
|   mul_6s_9ns_14_1_1_U369                        |      |        | mul_ln202_112  | mul | auto      | 0       |
|   add_ln202_224_fu_76070_p2                     |      |        | add_ln202_224  | add | fabric    | 0       |
|   v_337_fu_76156_p2                             |      |        | v_337          | add | fabric    | 0       |
|   mul_6s_9ns_14_1_1_U370                        |      |        | mul_ln202_113  | mul | auto      | 0       |
|   add_ln202_226_fu_76187_p2                     |      |        | add_ln202_226  | add | fabric    | 0       |
|   v_340_fu_76273_p2                             |      |        | v_340          | add | fabric    | 0       |
|   mul_6s_9ns_14_1_1_U371                        |      |        | mul_ln202_114  | mul | auto      | 0       |
|   add_ln202_228_fu_76304_p2                     |      |        | add_ln202_228  | add | fabric    | 0       |
|   v_343_fu_76390_p2                             |      |        | v_343          | add | fabric    | 0       |
|   mul_6s_9ns_14_1_1_U372                        |      |        | mul_ln202_115  | mul | auto      | 0       |
|   add_ln202_230_fu_76421_p2                     |      |        | add_ln202_230  | add | fabric    | 0       |
|   v_346_fu_76507_p2                             |      |        | v_346          | add | fabric    | 0       |
|   mul_6s_9ns_14_1_1_U373                        |      |        | mul_ln202_116  | mul | auto      | 0       |
|   add_ln202_232_fu_76538_p2                     |      |        | add_ln202_232  | add | fabric    | 0       |
|   v_349_fu_76624_p2                             |      |        | v_349          | add | fabric    | 0       |
|   mul_6s_9ns_14_1_1_U374                        |      |        | mul_ln202_117  | mul | auto      | 0       |
|   add_ln202_234_fu_76655_p2                     |      |        | add_ln202_234  | add | fabric    | 0       |
|   v_352_fu_76741_p2                             |      |        | v_352          | add | fabric    | 0       |
|   mul_6s_9ns_14_1_1_U375                        |      |        | mul_ln202_118  | mul | auto      | 0       |
|   add_ln202_236_fu_76772_p2                     |      |        | add_ln202_236  | add | fabric    | 0       |
|   v_355_fu_76858_p2                             |      |        | v_355          | add | fabric    | 0       |
|   mul_6s_9ns_14_1_1_U376                        |      |        | mul_ln202_119  | mul | auto      | 0       |
|   add_ln202_238_fu_76889_p2                     |      |        | add_ln202_238  | add | fabric    | 0       |
|   v_358_fu_76975_p2                             |      |        | v_358          | add | fabric    | 0       |
|   mul_6s_9ns_14_1_1_U377                        |      |        | mul_ln202_120  | mul | auto      | 0       |
|   add_ln202_240_fu_77006_p2                     |      |        | add_ln202_240  | add | fabric    | 0       |
|   v_361_fu_77092_p2                             |      |        | v_361          | add | fabric    | 0       |
|   mul_6s_9ns_14_1_1_U378                        |      |        | mul_ln202_121  | mul | auto      | 0       |
|   add_ln202_242_fu_77123_p2                     |      |        | add_ln202_242  | add | fabric    | 0       |
|   v_364_fu_77209_p2                             |      |        | v_364          | add | fabric    | 0       |
|   mul_6s_9ns_14_1_1_U379                        |      |        | mul_ln202_122  | mul | auto      | 0       |
|   add_ln202_244_fu_77240_p2                     |      |        | add_ln202_244  | add | fabric    | 0       |
|   v_367_fu_77326_p2                             |      |        | v_367          | add | fabric    | 0       |
|   mul_6s_9ns_14_1_1_U380                        |      |        | mul_ln202_123  | mul | auto      | 0       |
|   add_ln202_246_fu_77357_p2                     |      |        | add_ln202_246  | add | fabric    | 0       |
|   v_370_fu_77443_p2                             |      |        | v_370          | add | fabric    | 0       |
|   mul_6s_9ns_14_1_1_U381                        |      |        | mul_ln202_124  | mul | auto      | 0       |
|   add_ln202_248_fu_77474_p2                     |      |        | add_ln202_248  | add | fabric    | 0       |
|   v_373_fu_77560_p2                             |      |        | v_373          | add | fabric    | 0       |
|   mul_6s_9ns_14_1_1_U382                        |      |        | mul_ln202_125  | mul | auto      | 0       |
|   add_ln202_250_fu_77591_p2                     |      |        | add_ln202_250  | add | fabric    | 0       |
|   v_376_fu_77677_p2                             |      |        | v_376          | add | fabric    | 0       |
|   mul_6s_9ns_14_1_1_U383                        |      |        | mul_ln202_126  | mul | auto      | 0       |
|   add_ln202_252_fu_77708_p2                     |      |        | add_ln202_252  | add | fabric    | 0       |
|   v_379_fu_77794_p2                             |      |        | v_379          | add | fabric    | 0       |
|   mul_6s_9ns_14_1_1_U384                        |      |        | mul_ln202_127  | mul | auto      | 0       |
|   add_ln202_254_fu_77825_p2                     |      |        | add_ln202_254  | add | fabric    | 0       |
|   v_382_fu_77911_p2                             |      |        | v_382          | add | fabric    | 0       |
|   mul_6s_9ns_14_1_1_U385                        |      |        | mul_ln202_128  | mul | auto      | 0       |
|   add_ln202_256_fu_77942_p2                     |      |        | add_ln202_256  | add | fabric    | 0       |
|   v_385_fu_78028_p2                             |      |        | v_385          | add | fabric    | 0       |
|   mul_6s_9ns_14_1_1_U386                        |      |        | mul_ln202_129  | mul | auto      | 0       |
|   add_ln202_258_fu_78059_p2                     |      |        | add_ln202_258  | add | fabric    | 0       |
|   v_388_fu_78145_p2                             |      |        | v_388          | add | fabric    | 0       |
|   mul_6s_9ns_14_1_1_U387                        |      |        | mul_ln202_130  | mul | auto      | 0       |
|   add_ln202_260_fu_78176_p2                     |      |        | add_ln202_260  | add | fabric    | 0       |
|   v_391_fu_78262_p2                             |      |        | v_391          | add | fabric    | 0       |
|   mul_6s_9ns_14_1_1_U388                        |      |        | mul_ln202_131  | mul | auto      | 0       |
|   add_ln202_262_fu_78293_p2                     |      |        | add_ln202_262  | add | fabric    | 0       |
|   v_394_fu_78379_p2                             |      |        | v_394          | add | fabric    | 0       |
|   mul_6s_9ns_14_1_1_U389                        |      |        | mul_ln202_132  | mul | auto      | 0       |
|   add_ln202_264_fu_78410_p2                     |      |        | add_ln202_264  | add | fabric    | 0       |
|   v_397_fu_78496_p2                             |      |        | v_397          | add | fabric    | 0       |
|   mul_6s_9ns_14_1_1_U390                        |      |        | mul_ln202_133  | mul | auto      | 0       |
|   add_ln202_266_fu_78527_p2                     |      |        | add_ln202_266  | add | fabric    | 0       |
|   v_400_fu_78613_p2                             |      |        | v_400          | add | fabric    | 0       |
|   mul_6s_9ns_14_1_1_U391                        |      |        | mul_ln202_134  | mul | auto      | 0       |
|   add_ln202_268_fu_78644_p2                     |      |        | add_ln202_268  | add | fabric    | 0       |
|   v_403_fu_78730_p2                             |      |        | v_403          | add | fabric    | 0       |
|   mul_6s_9ns_14_1_1_U392                        |      |        | mul_ln202_135  | mul | auto      | 0       |
|   add_ln202_270_fu_78761_p2                     |      |        | add_ln202_270  | add | fabric    | 0       |
|   v_406_fu_78847_p2                             |      |        | v_406          | add | fabric    | 0       |
|   mul_6s_9ns_14_1_1_U393                        |      |        | mul_ln202_136  | mul | auto      | 0       |
|   add_ln202_272_fu_78878_p2                     |      |        | add_ln202_272  | add | fabric    | 0       |
|   v_409_fu_78964_p2                             |      |        | v_409          | add | fabric    | 0       |
|   mul_6s_9ns_14_1_1_U394                        |      |        | mul_ln202_137  | mul | auto      | 0       |
|   add_ln202_274_fu_78995_p2                     |      |        | add_ln202_274  | add | fabric    | 0       |
|   v_412_fu_79081_p2                             |      |        | v_412          | add | fabric    | 0       |
|   mul_6s_9ns_14_1_1_U395                        |      |        | mul_ln202_138  | mul | auto      | 0       |
|   add_ln202_276_fu_79112_p2                     |      |        | add_ln202_276  | add | fabric    | 0       |
|   v_415_fu_79198_p2                             |      |        | v_415          | add | fabric    | 0       |
|   mul_6s_9ns_14_1_1_U396                        |      |        | mul_ln202_139  | mul | auto      | 0       |
|   add_ln202_278_fu_79229_p2                     |      |        | add_ln202_278  | add | fabric    | 0       |
|   v_418_fu_79315_p2                             |      |        | v_418          | add | fabric    | 0       |
|   mul_6s_9ns_14_1_1_U397                        |      |        | mul_ln202_140  | mul | auto      | 0       |
|   add_ln202_280_fu_79346_p2                     |      |        | add_ln202_280  | add | fabric    | 0       |
|   v_421_fu_79432_p2                             |      |        | v_421          | add | fabric    | 0       |
|   mul_6s_9ns_14_1_1_U398                        |      |        | mul_ln202_141  | mul | auto      | 0       |
|   add_ln202_282_fu_79463_p2                     |      |        | add_ln202_282  | add | fabric    | 0       |
|   v_424_fu_79549_p2                             |      |        | v_424          | add | fabric    | 0       |
|   mul_6s_9ns_14_1_1_U399                        |      |        | mul_ln202_142  | mul | auto      | 0       |
|   add_ln202_284_fu_79580_p2                     |      |        | add_ln202_284  | add | fabric    | 0       |
|   v_427_fu_79666_p2                             |      |        | v_427          | add | fabric    | 0       |
|   mul_6s_9ns_14_1_1_U400                        |      |        | mul_ln202_143  | mul | auto      | 0       |
|   add_ln202_286_fu_79697_p2                     |      |        | add_ln202_286  | add | fabric    | 0       |
|   v_430_fu_79783_p2                             |      |        | v_430          | add | fabric    | 0       |
|   mul_6s_9ns_14_1_1_U401                        |      |        | mul_ln202_144  | mul | auto      | 0       |
|   add_ln202_288_fu_79814_p2                     |      |        | add_ln202_288  | add | fabric    | 0       |
|   v_433_fu_79900_p2                             |      |        | v_433          | add | fabric    | 0       |
|   mul_6s_9ns_14_1_1_U402                        |      |        | mul_ln202_145  | mul | auto      | 0       |
|   add_ln202_290_fu_79931_p2                     |      |        | add_ln202_290  | add | fabric    | 0       |
|   v_436_fu_80017_p2                             |      |        | v_436          | add | fabric    | 0       |
|   mul_6s_9ns_14_1_1_U403                        |      |        | mul_ln202_146  | mul | auto      | 0       |
|   add_ln202_292_fu_80048_p2                     |      |        | add_ln202_292  | add | fabric    | 0       |
|   v_439_fu_80134_p2                             |      |        | v_439          | add | fabric    | 0       |
|   mul_6s_9ns_14_1_1_U404                        |      |        | mul_ln202_147  | mul | auto      | 0       |
|   add_ln202_294_fu_80165_p2                     |      |        | add_ln202_294  | add | fabric    | 0       |
|   v_442_fu_80251_p2                             |      |        | v_442          | add | fabric    | 0       |
|   mul_6s_9ns_14_1_1_U405                        |      |        | mul_ln202_148  | mul | auto      | 0       |
|   add_ln202_296_fu_80282_p2                     |      |        | add_ln202_296  | add | fabric    | 0       |
|   v_445_fu_80368_p2                             |      |        | v_445          | add | fabric    | 0       |
|   mul_6s_9ns_14_1_1_U406                        |      |        | mul_ln202_149  | mul | auto      | 0       |
|   add_ln202_298_fu_80399_p2                     |      |        | add_ln202_298  | add | fabric    | 0       |
|   v_448_fu_80485_p2                             |      |        | v_448          | add | fabric    | 0       |
|   mul_6s_9ns_14_1_1_U407                        |      |        | mul_ln202_150  | mul | auto      | 0       |
|   add_ln202_300_fu_80516_p2                     |      |        | add_ln202_300  | add | fabric    | 0       |
|   v_451_fu_80602_p2                             |      |        | v_451          | add | fabric    | 0       |
|   mul_6s_9ns_14_1_1_U408                        |      |        | mul_ln202_151  | mul | auto      | 0       |
|   add_ln202_302_fu_80633_p2                     |      |        | add_ln202_302  | add | fabric    | 0       |
|   v_454_fu_80719_p2                             |      |        | v_454          | add | fabric    | 0       |
|   mul_6s_9ns_14_1_1_U409                        |      |        | mul_ln202_152  | mul | auto      | 0       |
|   add_ln202_304_fu_80750_p2                     |      |        | add_ln202_304  | add | fabric    | 0       |
|   v_457_fu_80836_p2                             |      |        | v_457          | add | fabric    | 0       |
|   mul_6s_9ns_14_1_1_U410                        |      |        | mul_ln202_153  | mul | auto      | 0       |
|   add_ln202_306_fu_80867_p2                     |      |        | add_ln202_306  | add | fabric    | 0       |
|   v_460_fu_80953_p2                             |      |        | v_460          | add | fabric    | 0       |
|   mul_6s_9ns_14_1_1_U411                        |      |        | mul_ln202_154  | mul | auto      | 0       |
|   add_ln202_308_fu_80984_p2                     |      |        | add_ln202_308  | add | fabric    | 0       |
|   v_463_fu_81070_p2                             |      |        | v_463          | add | fabric    | 0       |
|   mul_6s_9ns_14_1_1_U412                        |      |        | mul_ln202_155  | mul | auto      | 0       |
|   add_ln202_310_fu_81101_p2                     |      |        | add_ln202_310  | add | fabric    | 0       |
|   v_466_fu_81187_p2                             |      |        | v_466          | add | fabric    | 0       |
|   mul_6s_9ns_14_1_1_U413                        |      |        | mul_ln202_156  | mul | auto      | 0       |
|   add_ln202_312_fu_81218_p2                     |      |        | add_ln202_312  | add | fabric    | 0       |
|   v_469_fu_81304_p2                             |      |        | v_469          | add | fabric    | 0       |
|   mul_6s_9ns_14_1_1_U414                        |      |        | mul_ln202_157  | mul | auto      | 0       |
|   add_ln202_314_fu_81335_p2                     |      |        | add_ln202_314  | add | fabric    | 0       |
|   v_472_fu_81421_p2                             |      |        | v_472          | add | fabric    | 0       |
|   mul_6s_9ns_14_1_1_U415                        |      |        | mul_ln202_158  | mul | auto      | 0       |
|   add_ln202_316_fu_81452_p2                     |      |        | add_ln202_316  | add | fabric    | 0       |
|   v_475_fu_81538_p2                             |      |        | v_475          | add | fabric    | 0       |
|   mul_6s_9ns_14_1_1_U416                        |      |        | mul_ln202_159  | mul | auto      | 0       |
|   add_ln202_318_fu_81569_p2                     |      |        | add_ln202_318  | add | fabric    | 0       |
|   v_478_fu_81655_p2                             |      |        | v_478          | add | fabric    | 0       |
|   mul_6s_9ns_14_1_1_U417                        |      |        | mul_ln202_160  | mul | auto      | 0       |
|   add_ln202_320_fu_81686_p2                     |      |        | add_ln202_320  | add | fabric    | 0       |
|   v_481_fu_81772_p2                             |      |        | v_481          | add | fabric    | 0       |
|   mul_6s_9ns_14_1_1_U418                        |      |        | mul_ln202_161  | mul | auto      | 0       |
|   add_ln202_322_fu_81803_p2                     |      |        | add_ln202_322  | add | fabric    | 0       |
|   v_484_fu_81889_p2                             |      |        | v_484          | add | fabric    | 0       |
|   mul_6s_9ns_14_1_1_U419                        |      |        | mul_ln202_162  | mul | auto      | 0       |
|   add_ln202_324_fu_81920_p2                     |      |        | add_ln202_324  | add | fabric    | 0       |
|   v_487_fu_82006_p2                             |      |        | v_487          | add | fabric    | 0       |
|   mul_6s_9ns_14_1_1_U420                        |      |        | mul_ln202_163  | mul | auto      | 0       |
|   add_ln202_326_fu_82037_p2                     |      |        | add_ln202_326  | add | fabric    | 0       |
|   v_490_fu_82123_p2                             |      |        | v_490          | add | fabric    | 0       |
|   mul_6s_9ns_14_1_1_U421                        |      |        | mul_ln202_164  | mul | auto      | 0       |
|   add_ln202_328_fu_82154_p2                     |      |        | add_ln202_328  | add | fabric    | 0       |
|   v_493_fu_82240_p2                             |      |        | v_493          | add | fabric    | 0       |
|   mul_6s_9ns_14_1_1_U422                        |      |        | mul_ln202_165  | mul | auto      | 0       |
|   add_ln202_330_fu_82271_p2                     |      |        | add_ln202_330  | add | fabric    | 0       |
|   v_496_fu_82357_p2                             |      |        | v_496          | add | fabric    | 0       |
|   mul_6s_9ns_14_1_1_U423                        |      |        | mul_ln202_166  | mul | auto      | 0       |
|   add_ln202_332_fu_82388_p2                     |      |        | add_ln202_332  | add | fabric    | 0       |
|   v_499_fu_82474_p2                             |      |        | v_499          | add | fabric    | 0       |
|   mul_6s_9ns_14_1_1_U424                        |      |        | mul_ln202_167  | mul | auto      | 0       |
|   add_ln202_334_fu_82505_p2                     |      |        | add_ln202_334  | add | fabric    | 0       |
|   v_502_fu_82591_p2                             |      |        | v_502          | add | fabric    | 0       |
|   mul_6s_9ns_14_1_1_U425                        |      |        | mul_ln202_168  | mul | auto      | 0       |
|   add_ln202_336_fu_82622_p2                     |      |        | add_ln202_336  | add | fabric    | 0       |
|   v_505_fu_82708_p2                             |      |        | v_505          | add | fabric    | 0       |
|   mul_6s_9ns_14_1_1_U426                        |      |        | mul_ln202_169  | mul | auto      | 0       |
|   add_ln202_338_fu_82739_p2                     |      |        | add_ln202_338  | add | fabric    | 0       |
|   v_508_fu_82825_p2                             |      |        | v_508          | add | fabric    | 0       |
|   mul_6s_9ns_14_1_1_U427                        |      |        | mul_ln202_170  | mul | auto      | 0       |
|   add_ln202_340_fu_82856_p2                     |      |        | add_ln202_340  | add | fabric    | 0       |
|   v_511_fu_82942_p2                             |      |        | v_511          | add | fabric    | 0       |
|   mul_6s_9ns_14_1_1_U428                        |      |        | mul_ln202_171  | mul | auto      | 0       |
|   add_ln202_342_fu_82973_p2                     |      |        | add_ln202_342  | add | fabric    | 0       |
|   v_514_fu_83059_p2                             |      |        | v_514          | add | fabric    | 0       |
|   mul_6s_9ns_14_1_1_U429                        |      |        | mul_ln202_172  | mul | auto      | 0       |
|   add_ln202_344_fu_83090_p2                     |      |        | add_ln202_344  | add | fabric    | 0       |
|   v_517_fu_83176_p2                             |      |        | v_517          | add | fabric    | 0       |
|   mul_6s_9ns_14_1_1_U430                        |      |        | mul_ln202_173  | mul | auto      | 0       |
|   add_ln202_346_fu_83207_p2                     |      |        | add_ln202_346  | add | fabric    | 0       |
|   v_520_fu_83293_p2                             |      |        | v_520          | add | fabric    | 0       |
|   mul_6s_9ns_14_1_1_U431                        |      |        | mul_ln202_174  | mul | auto      | 0       |
|   add_ln202_348_fu_83324_p2                     |      |        | add_ln202_348  | add | fabric    | 0       |
|   v_523_fu_83410_p2                             |      |        | v_523          | add | fabric    | 0       |
|   mul_6s_9ns_14_1_1_U432                        |      |        | mul_ln202_175  | mul | auto      | 0       |
|   add_ln202_350_fu_83441_p2                     |      |        | add_ln202_350  | add | fabric    | 0       |
|   v_526_fu_83527_p2                             |      |        | v_526          | add | fabric    | 0       |
|   mul_6s_9ns_14_1_1_U433                        |      |        | mul_ln202_176  | mul | auto      | 0       |
|   add_ln202_352_fu_83558_p2                     |      |        | add_ln202_352  | add | fabric    | 0       |
|   v_529_fu_83644_p2                             |      |        | v_529          | add | fabric    | 0       |
|   mul_6s_9ns_14_1_1_U434                        |      |        | mul_ln202_177  | mul | auto      | 0       |
|   add_ln202_354_fu_83675_p2                     |      |        | add_ln202_354  | add | fabric    | 0       |
|   v_532_fu_83761_p2                             |      |        | v_532          | add | fabric    | 0       |
|   mul_6s_9ns_14_1_1_U435                        |      |        | mul_ln202_178  | mul | auto      | 0       |
|   add_ln202_356_fu_83792_p2                     |      |        | add_ln202_356  | add | fabric    | 0       |
|   v_535_fu_83878_p2                             |      |        | v_535          | add | fabric    | 0       |
|   mul_6s_9ns_14_1_1_U436                        |      |        | mul_ln202_179  | mul | auto      | 0       |
|   add_ln202_358_fu_83909_p2                     |      |        | add_ln202_358  | add | fabric    | 0       |
|   v_538_fu_83995_p2                             |      |        | v_538          | add | fabric    | 0       |
|   mul_6s_9ns_14_1_1_U437                        |      |        | mul_ln202_180  | mul | auto      | 0       |
|   add_ln202_360_fu_84026_p2                     |      |        | add_ln202_360  | add | fabric    | 0       |
|   v_541_fu_84112_p2                             |      |        | v_541          | add | fabric    | 0       |
|   mul_6s_9ns_14_1_1_U438                        |      |        | mul_ln202_181  | mul | auto      | 0       |
|   add_ln202_362_fu_84143_p2                     |      |        | add_ln202_362  | add | fabric    | 0       |
|   v_544_fu_84229_p2                             |      |        | v_544          | add | fabric    | 0       |
|   mul_6s_9ns_14_1_1_U439                        |      |        | mul_ln202_182  | mul | auto      | 0       |
|   add_ln202_364_fu_84260_p2                     |      |        | add_ln202_364  | add | fabric    | 0       |
|   v_547_fu_84346_p2                             |      |        | v_547          | add | fabric    | 0       |
|   mul_6s_9ns_14_1_1_U440                        |      |        | mul_ln202_183  | mul | auto      | 0       |
|   add_ln202_366_fu_84377_p2                     |      |        | add_ln202_366  | add | fabric    | 0       |
|   v_550_fu_84463_p2                             |      |        | v_550          | add | fabric    | 0       |
|   mul_6s_9ns_14_1_1_U441                        |      |        | mul_ln202_184  | mul | auto      | 0       |
|   add_ln202_368_fu_84494_p2                     |      |        | add_ln202_368  | add | fabric    | 0       |
|   v_553_fu_84580_p2                             |      |        | v_553          | add | fabric    | 0       |
|   mul_6s_9ns_14_1_1_U442                        |      |        | mul_ln202_185  | mul | auto      | 0       |
|   add_ln202_370_fu_84611_p2                     |      |        | add_ln202_370  | add | fabric    | 0       |
|   v_556_fu_84697_p2                             |      |        | v_556          | add | fabric    | 0       |
|   mul_6s_9ns_14_1_1_U443                        |      |        | mul_ln202_186  | mul | auto      | 0       |
|   add_ln202_372_fu_84728_p2                     |      |        | add_ln202_372  | add | fabric    | 0       |
|   v_559_fu_84814_p2                             |      |        | v_559          | add | fabric    | 0       |
|   mul_6s_9ns_14_1_1_U444                        |      |        | mul_ln202_187  | mul | auto      | 0       |
|   add_ln202_374_fu_84845_p2                     |      |        | add_ln202_374  | add | fabric    | 0       |
|   v_562_fu_84931_p2                             |      |        | v_562          | add | fabric    | 0       |
|   mul_6s_9ns_14_1_1_U445                        |      |        | mul_ln202_188  | mul | auto      | 0       |
|   add_ln202_376_fu_84962_p2                     |      |        | add_ln202_376  | add | fabric    | 0       |
|   v_565_fu_85048_p2                             |      |        | v_565          | add | fabric    | 0       |
|   mul_6s_9ns_14_1_1_U446                        |      |        | mul_ln202_189  | mul | auto      | 0       |
|   add_ln202_378_fu_85079_p2                     |      |        | add_ln202_378  | add | fabric    | 0       |
|   v_568_fu_85165_p2                             |      |        | v_568          | add | fabric    | 0       |
|   mul_6s_9ns_14_1_1_U447                        |      |        | mul_ln202_190  | mul | auto      | 0       |
|   add_ln202_380_fu_85196_p2                     |      |        | add_ln202_380  | add | fabric    | 0       |
|   v_571_fu_85282_p2                             |      |        | v_571          | add | fabric    | 0       |
|   mul_6s_9ns_14_1_1_U448                        |      |        | mul_ln202_191  | mul | auto      | 0       |
|   add_ln202_382_fu_85313_p2                     |      |        | add_ln202_382  | add | fabric    | 0       |
|   v_574_fu_85399_p2                             |      |        | v_574          | add | fabric    | 0       |
|   mul_6s_9ns_14_1_1_U449                        |      |        | mul_ln202_192  | mul | auto      | 0       |
|   add_ln202_384_fu_85430_p2                     |      |        | add_ln202_384  | add | fabric    | 0       |
|   v_577_fu_85516_p2                             |      |        | v_577          | add | fabric    | 0       |
|   mul_6s_9ns_14_1_1_U450                        |      |        | mul_ln202_193  | mul | auto      | 0       |
|   add_ln202_386_fu_85547_p2                     |      |        | add_ln202_386  | add | fabric    | 0       |
|   v_580_fu_85633_p2                             |      |        | v_580          | add | fabric    | 0       |
|   mul_6s_9ns_14_1_1_U451                        |      |        | mul_ln202_194  | mul | auto      | 0       |
|   add_ln202_388_fu_85664_p2                     |      |        | add_ln202_388  | add | fabric    | 0       |
|   v_583_fu_85750_p2                             |      |        | v_583          | add | fabric    | 0       |
|   mul_6s_9ns_14_1_1_U452                        |      |        | mul_ln202_195  | mul | auto      | 0       |
|   add_ln202_390_fu_85781_p2                     |      |        | add_ln202_390  | add | fabric    | 0       |
|   v_586_fu_85867_p2                             |      |        | v_586          | add | fabric    | 0       |
|   mul_6s_9ns_14_1_1_U453                        |      |        | mul_ln202_196  | mul | auto      | 0       |
|   add_ln202_392_fu_85898_p2                     |      |        | add_ln202_392  | add | fabric    | 0       |
|   v_589_fu_85984_p2                             |      |        | v_589          | add | fabric    | 0       |
|   mul_6s_9ns_14_1_1_U454                        |      |        | mul_ln202_197  | mul | auto      | 0       |
|   add_ln202_394_fu_86015_p2                     |      |        | add_ln202_394  | add | fabric    | 0       |
|   v_592_fu_86101_p2                             |      |        | v_592          | add | fabric    | 0       |
|   mul_6s_9ns_14_1_1_U455                        |      |        | mul_ln202_198  | mul | auto      | 0       |
|   add_ln202_396_fu_86132_p2                     |      |        | add_ln202_396  | add | fabric    | 0       |
|   v_595_fu_86218_p2                             |      |        | v_595          | add | fabric    | 0       |
|   mul_6s_9ns_14_1_1_U456                        |      |        | mul_ln202_199  | mul | auto      | 0       |
|   add_ln202_398_fu_86249_p2                     |      |        | add_ln202_398  | add | fabric    | 0       |
|   v_598_fu_86335_p2                             |      |        | v_598          | add | fabric    | 0       |
|   mul_6s_9ns_14_1_1_U457                        |      |        | mul_ln202_200  | mul | auto      | 0       |
|   add_ln202_400_fu_86366_p2                     |      |        | add_ln202_400  | add | fabric    | 0       |
|   v_601_fu_86452_p2                             |      |        | v_601          | add | fabric    | 0       |
|   mul_6s_9ns_14_1_1_U458                        |      |        | mul_ln202_201  | mul | auto      | 0       |
|   add_ln202_402_fu_86483_p2                     |      |        | add_ln202_402  | add | fabric    | 0       |
|   v_604_fu_86569_p2                             |      |        | v_604          | add | fabric    | 0       |
|   mul_6s_9ns_14_1_1_U459                        |      |        | mul_ln202_202  | mul | auto      | 0       |
|   add_ln202_404_fu_86600_p2                     |      |        | add_ln202_404  | add | fabric    | 0       |
|   v_607_fu_86686_p2                             |      |        | v_607          | add | fabric    | 0       |
|   mul_6s_9ns_14_1_1_U460                        |      |        | mul_ln202_203  | mul | auto      | 0       |
|   add_ln202_406_fu_86717_p2                     |      |        | add_ln202_406  | add | fabric    | 0       |
|   v_610_fu_86803_p2                             |      |        | v_610          | add | fabric    | 0       |
|   mul_6s_9ns_14_1_1_U461                        |      |        | mul_ln202_204  | mul | auto      | 0       |
|   add_ln202_408_fu_86834_p2                     |      |        | add_ln202_408  | add | fabric    | 0       |
|   v_613_fu_86920_p2                             |      |        | v_613          | add | fabric    | 0       |
|   mul_6s_9ns_14_1_1_U462                        |      |        | mul_ln202_205  | mul | auto      | 0       |
|   add_ln202_410_fu_86951_p2                     |      |        | add_ln202_410  | add | fabric    | 0       |
|   v_616_fu_87037_p2                             |      |        | v_616          | add | fabric    | 0       |
|   mul_6s_9ns_14_1_1_U463                        |      |        | mul_ln202_206  | mul | auto      | 0       |
|   add_ln202_412_fu_87068_p2                     |      |        | add_ln202_412  | add | fabric    | 0       |
|   v_619_fu_87154_p2                             |      |        | v_619          | add | fabric    | 0       |
|   mul_6s_9ns_14_1_1_U464                        |      |        | mul_ln202_207  | mul | auto      | 0       |
|   add_ln202_414_fu_87185_p2                     |      |        | add_ln202_414  | add | fabric    | 0       |
|   v_622_fu_87271_p2                             |      |        | v_622          | add | fabric    | 0       |
|   mul_6s_9ns_14_1_1_U465                        |      |        | mul_ln202_208  | mul | auto      | 0       |
|   add_ln202_416_fu_87302_p2                     |      |        | add_ln202_416  | add | fabric    | 0       |
|   v_625_fu_87388_p2                             |      |        | v_625          | add | fabric    | 0       |
|   mul_6s_9ns_14_1_1_U466                        |      |        | mul_ln202_209  | mul | auto      | 0       |
|   add_ln202_418_fu_87419_p2                     |      |        | add_ln202_418  | add | fabric    | 0       |
|   v_628_fu_87505_p2                             |      |        | v_628          | add | fabric    | 0       |
|   mul_6s_9ns_14_1_1_U467                        |      |        | mul_ln202_210  | mul | auto      | 0       |
|   add_ln202_420_fu_87536_p2                     |      |        | add_ln202_420  | add | fabric    | 0       |
|   v_631_fu_87622_p2                             |      |        | v_631          | add | fabric    | 0       |
|   mul_6s_9ns_14_1_1_U468                        |      |        | mul_ln202_211  | mul | auto      | 0       |
|   add_ln202_422_fu_87653_p2                     |      |        | add_ln202_422  | add | fabric    | 0       |
|   v_634_fu_87739_p2                             |      |        | v_634          | add | fabric    | 0       |
|   mul_6s_9ns_14_1_1_U469                        |      |        | mul_ln202_212  | mul | auto      | 0       |
|   add_ln202_424_fu_87770_p2                     |      |        | add_ln202_424  | add | fabric    | 0       |
|   v_637_fu_87856_p2                             |      |        | v_637          | add | fabric    | 0       |
|   mul_6s_9ns_14_1_1_U470                        |      |        | mul_ln202_213  | mul | auto      | 0       |
|   add_ln202_426_fu_87887_p2                     |      |        | add_ln202_426  | add | fabric    | 0       |
|   v_640_fu_87973_p2                             |      |        | v_640          | add | fabric    | 0       |
|   mul_6s_9ns_14_1_1_U471                        |      |        | mul_ln202_214  | mul | auto      | 0       |
|   add_ln202_428_fu_88004_p2                     |      |        | add_ln202_428  | add | fabric    | 0       |
|   v_643_fu_88090_p2                             |      |        | v_643          | add | fabric    | 0       |
|   mul_6s_9ns_14_1_1_U472                        |      |        | mul_ln202_215  | mul | auto      | 0       |
|   add_ln202_430_fu_88121_p2                     |      |        | add_ln202_430  | add | fabric    | 0       |
|   v_646_fu_88207_p2                             |      |        | v_646          | add | fabric    | 0       |
|   mul_6s_9ns_14_1_1_U473                        |      |        | mul_ln202_216  | mul | auto      | 0       |
|   add_ln202_432_fu_88238_p2                     |      |        | add_ln202_432  | add | fabric    | 0       |
|   v_649_fu_88324_p2                             |      |        | v_649          | add | fabric    | 0       |
|   mul_6s_9ns_14_1_1_U474                        |      |        | mul_ln202_217  | mul | auto      | 0       |
|   add_ln202_434_fu_88355_p2                     |      |        | add_ln202_434  | add | fabric    | 0       |
|   v_652_fu_88441_p2                             |      |        | v_652          | add | fabric    | 0       |
|   mul_6s_9ns_14_1_1_U475                        |      |        | mul_ln202_218  | mul | auto      | 0       |
|   add_ln202_436_fu_88472_p2                     |      |        | add_ln202_436  | add | fabric    | 0       |
|   v_655_fu_88558_p2                             |      |        | v_655          | add | fabric    | 0       |
|   mul_6s_9ns_14_1_1_U476                        |      |        | mul_ln202_219  | mul | auto      | 0       |
|   add_ln202_438_fu_88589_p2                     |      |        | add_ln202_438  | add | fabric    | 0       |
|   v_658_fu_88675_p2                             |      |        | v_658          | add | fabric    | 0       |
|   mul_6s_9ns_14_1_1_U477                        |      |        | mul_ln202_220  | mul | auto      | 0       |
|   add_ln202_440_fu_88706_p2                     |      |        | add_ln202_440  | add | fabric    | 0       |
|   v_661_fu_88792_p2                             |      |        | v_661          | add | fabric    | 0       |
|   mul_6s_9ns_14_1_1_U478                        |      |        | mul_ln202_221  | mul | auto      | 0       |
|   add_ln202_442_fu_88823_p2                     |      |        | add_ln202_442  | add | fabric    | 0       |
|   v_664_fu_88909_p2                             |      |        | v_664          | add | fabric    | 0       |
|   mul_6s_9ns_14_1_1_U479                        |      |        | mul_ln202_222  | mul | auto      | 0       |
|   add_ln202_444_fu_88940_p2                     |      |        | add_ln202_444  | add | fabric    | 0       |
|   v_667_fu_89026_p2                             |      |        | v_667          | add | fabric    | 0       |
|   mul_6s_9ns_14_1_1_U480                        |      |        | mul_ln202_223  | mul | auto      | 0       |
|   add_ln202_446_fu_89057_p2                     |      |        | add_ln202_446  | add | fabric    | 0       |
|   v_670_fu_89143_p2                             |      |        | v_670          | add | fabric    | 0       |
|   mul_6s_9ns_14_1_1_U481                        |      |        | mul_ln202_224  | mul | auto      | 0       |
|   add_ln202_448_fu_89174_p2                     |      |        | add_ln202_448  | add | fabric    | 0       |
|   v_673_fu_89260_p2                             |      |        | v_673          | add | fabric    | 0       |
|   mul_6s_9ns_14_1_1_U482                        |      |        | mul_ln202_225  | mul | auto      | 0       |
|   add_ln202_450_fu_89291_p2                     |      |        | add_ln202_450  | add | fabric    | 0       |
|   v_676_fu_89377_p2                             |      |        | v_676          | add | fabric    | 0       |
|   mul_6s_9ns_14_1_1_U483                        |      |        | mul_ln202_226  | mul | auto      | 0       |
|   add_ln202_452_fu_89408_p2                     |      |        | add_ln202_452  | add | fabric    | 0       |
|   v_679_fu_89494_p2                             |      |        | v_679          | add | fabric    | 0       |
|   mul_6s_9ns_14_1_1_U484                        |      |        | mul_ln202_227  | mul | auto      | 0       |
|   add_ln202_454_fu_89525_p2                     |      |        | add_ln202_454  | add | fabric    | 0       |
|   v_682_fu_89611_p2                             |      |        | v_682          | add | fabric    | 0       |
|   mul_6s_9ns_14_1_1_U485                        |      |        | mul_ln202_228  | mul | auto      | 0       |
|   add_ln202_456_fu_89642_p2                     |      |        | add_ln202_456  | add | fabric    | 0       |
|   v_685_fu_89728_p2                             |      |        | v_685          | add | fabric    | 0       |
|   mul_6s_9ns_14_1_1_U486                        |      |        | mul_ln202_229  | mul | auto      | 0       |
|   add_ln202_458_fu_89759_p2                     |      |        | add_ln202_458  | add | fabric    | 0       |
|   v_688_fu_89845_p2                             |      |        | v_688          | add | fabric    | 0       |
|   mul_6s_9ns_14_1_1_U487                        |      |        | mul_ln202_230  | mul | auto      | 0       |
|   add_ln202_460_fu_89876_p2                     |      |        | add_ln202_460  | add | fabric    | 0       |
|   v_691_fu_89962_p2                             |      |        | v_691          | add | fabric    | 0       |
|   mul_6s_9ns_14_1_1_U488                        |      |        | mul_ln202_231  | mul | auto      | 0       |
|   add_ln202_462_fu_89993_p2                     |      |        | add_ln202_462  | add | fabric    | 0       |
|   v_694_fu_90079_p2                             |      |        | v_694          | add | fabric    | 0       |
|   mul_6s_9ns_14_1_1_U489                        |      |        | mul_ln202_232  | mul | auto      | 0       |
|   add_ln202_464_fu_90110_p2                     |      |        | add_ln202_464  | add | fabric    | 0       |
|   v_697_fu_90196_p2                             |      |        | v_697          | add | fabric    | 0       |
|   mul_6s_9ns_14_1_1_U490                        |      |        | mul_ln202_233  | mul | auto      | 0       |
|   add_ln202_466_fu_90227_p2                     |      |        | add_ln202_466  | add | fabric    | 0       |
|   v_700_fu_90313_p2                             |      |        | v_700          | add | fabric    | 0       |
|   mul_6s_9ns_14_1_1_U491                        |      |        | mul_ln202_234  | mul | auto      | 0       |
|   add_ln202_468_fu_90344_p2                     |      |        | add_ln202_468  | add | fabric    | 0       |
|   v_703_fu_90430_p2                             |      |        | v_703          | add | fabric    | 0       |
|   mul_6s_9ns_14_1_1_U492                        |      |        | mul_ln202_235  | mul | auto      | 0       |
|   add_ln202_470_fu_90461_p2                     |      |        | add_ln202_470  | add | fabric    | 0       |
|   v_706_fu_90547_p2                             |      |        | v_706          | add | fabric    | 0       |
|   mul_6s_9ns_14_1_1_U493                        |      |        | mul_ln202_236  | mul | auto      | 0       |
|   add_ln202_472_fu_90578_p2                     |      |        | add_ln202_472  | add | fabric    | 0       |
|   v_709_fu_90664_p2                             |      |        | v_709          | add | fabric    | 0       |
|   mul_6s_9ns_14_1_1_U494                        |      |        | mul_ln202_237  | mul | auto      | 0       |
|   add_ln202_474_fu_90695_p2                     |      |        | add_ln202_474  | add | fabric    | 0       |
|   v_712_fu_90781_p2                             |      |        | v_712          | add | fabric    | 0       |
|   mul_6s_9ns_14_1_1_U495                        |      |        | mul_ln202_238  | mul | auto      | 0       |
|   add_ln202_476_fu_90812_p2                     |      |        | add_ln202_476  | add | fabric    | 0       |
|   v_715_fu_90898_p2                             |      |        | v_715          | add | fabric    | 0       |
|   mul_6s_9ns_14_1_1_U496                        |      |        | mul_ln202_239  | mul | auto      | 0       |
|   add_ln202_478_fu_90929_p2                     |      |        | add_ln202_478  | add | fabric    | 0       |
|   v_718_fu_91015_p2                             |      |        | v_718          | add | fabric    | 0       |
|   mul_6s_9ns_14_1_1_U497                        |      |        | mul_ln202_240  | mul | auto      | 0       |
|   add_ln202_480_fu_91046_p2                     |      |        | add_ln202_480  | add | fabric    | 0       |
|   v_721_fu_91132_p2                             |      |        | v_721          | add | fabric    | 0       |
|   mul_6s_9ns_14_1_1_U498                        |      |        | mul_ln202_241  | mul | auto      | 0       |
|   add_ln202_482_fu_91163_p2                     |      |        | add_ln202_482  | add | fabric    | 0       |
|   v_724_fu_91249_p2                             |      |        | v_724          | add | fabric    | 0       |
|   mul_6s_9ns_14_1_1_U499                        |      |        | mul_ln202_242  | mul | auto      | 0       |
|   add_ln202_484_fu_91280_p2                     |      |        | add_ln202_484  | add | fabric    | 0       |
|   v_727_fu_91366_p2                             |      |        | v_727          | add | fabric    | 0       |
|   mul_6s_9ns_14_1_1_U500                        |      |        | mul_ln202_243  | mul | auto      | 0       |
|   add_ln202_486_fu_91397_p2                     |      |        | add_ln202_486  | add | fabric    | 0       |
|   v_730_fu_91483_p2                             |      |        | v_730          | add | fabric    | 0       |
|   mul_6s_9ns_14_1_1_U501                        |      |        | mul_ln202_244  | mul | auto      | 0       |
|   add_ln202_488_fu_91514_p2                     |      |        | add_ln202_488  | add | fabric    | 0       |
|   v_733_fu_91600_p2                             |      |        | v_733          | add | fabric    | 0       |
|   mul_6s_9ns_14_1_1_U502                        |      |        | mul_ln202_245  | mul | auto      | 0       |
|   add_ln202_490_fu_91631_p2                     |      |        | add_ln202_490  | add | fabric    | 0       |
|   v_736_fu_91717_p2                             |      |        | v_736          | add | fabric    | 0       |
|   mul_6s_9ns_14_1_1_U503                        |      |        | mul_ln202_246  | mul | auto      | 0       |
|   add_ln202_492_fu_91748_p2                     |      |        | add_ln202_492  | add | fabric    | 0       |
|   v_739_fu_91834_p2                             |      |        | v_739          | add | fabric    | 0       |
|   mul_6s_9ns_14_1_1_U504                        |      |        | mul_ln202_247  | mul | auto      | 0       |
|   add_ln202_494_fu_91865_p2                     |      |        | add_ln202_494  | add | fabric    | 0       |
|   v_742_fu_91951_p2                             |      |        | v_742          | add | fabric    | 0       |
|   mul_6s_9ns_14_1_1_U505                        |      |        | mul_ln202_248  | mul | auto      | 0       |
|   add_ln202_496_fu_91982_p2                     |      |        | add_ln202_496  | add | fabric    | 0       |
|   v_745_fu_92068_p2                             |      |        | v_745          | add | fabric    | 0       |
|   mul_6s_9ns_14_1_1_U506                        |      |        | mul_ln202_249  | mul | auto      | 0       |
|   add_ln202_498_fu_92099_p2                     |      |        | add_ln202_498  | add | fabric    | 0       |
|   v_748_fu_92185_p2                             |      |        | v_748          | add | fabric    | 0       |
|   mul_6s_9ns_14_1_1_U507                        |      |        | mul_ln202_250  | mul | auto      | 0       |
|   add_ln202_500_fu_92216_p2                     |      |        | add_ln202_500  | add | fabric    | 0       |
|   v_751_fu_92302_p2                             |      |        | v_751          | add | fabric    | 0       |
|   mul_6s_9ns_14_1_1_U508                        |      |        | mul_ln202_251  | mul | auto      | 0       |
|   add_ln202_502_fu_92333_p2                     |      |        | add_ln202_502  | add | fabric    | 0       |
|   v_754_fu_92419_p2                             |      |        | v_754          | add | fabric    | 0       |
|   mul_6s_9ns_14_1_1_U509                        |      |        | mul_ln202_252  | mul | auto      | 0       |
|   add_ln202_504_fu_92450_p2                     |      |        | add_ln202_504  | add | fabric    | 0       |
|   v_757_fu_92536_p2                             |      |        | v_757          | add | fabric    | 0       |
|   add_ln225_fu_104845_p2                        |      |        | add_ln225      | add | fabric    | 0       |
|   add_ln225_1_fu_104855_p2                      |      |        | add_ln225_1    | add | fabric    | 0       |
|   add_ln225_2_fu_104865_p2                      |      |        | add_ln225_2    | add | fabric    | 0       |
|   add_ln225_3_fu_104875_p2                      |      |        | add_ln225_3    | add | fabric    | 0       |
|   add_ln225_4_fu_104885_p2                      |      |        | add_ln225_4    | add | fabric    | 0       |
|   add_ln225_5_fu_104895_p2                      |      |        | add_ln225_5    | add | fabric    | 0       |
|   add_ln225_6_fu_104905_p2                      |      |        | add_ln225_6    | add | fabric    | 0       |
|   add_ln225_7_fu_104915_p2                      |      |        | add_ln225_7    | add | fabric    | 0       |
|   add_ln225_8_fu_104925_p2                      |      |        | add_ln225_8    | add | fabric    | 0       |
|   add_ln225_9_fu_104935_p2                      |      |        | add_ln225_9    | add | fabric    | 0       |
|   add_ln225_10_fu_104941_p2                     |      |        | add_ln225_10   | add | fabric    | 0       |
|   add_ln225_11_fu_104951_p2                     |      |        | add_ln225_11   | add | fabric    | 0       |
|   add_ln225_12_fu_104961_p2                     |      |        | add_ln225_12   | add | fabric    | 0       |
|   add_ln225_13_fu_104971_p2                     |      |        | add_ln225_13   | add | fabric    | 0       |
|   add_ln225_14_fu_104981_p2                     |      |        | add_ln225_14   | add | fabric    | 0       |
|   add_ln225_15_fu_104991_p2                     |      |        | add_ln225_15   | add | fabric    | 0       |
|   add_ln225_16_fu_105001_p2                     |      |        | add_ln225_16   | add | fabric    | 0       |
|   add_ln225_17_fu_105011_p2                     |      |        | add_ln225_17   | add | fabric    | 0       |
|   add_ln225_18_fu_105021_p2                     |      |        | add_ln225_18   | add | fabric    | 0       |
|   add_ln225_19_fu_105031_p2                     |      |        | add_ln225_19   | add | fabric    | 0       |
|   am_addmul_16s_16s_16ns_34_1_1_U1297           | 1    |        | add_ln225_20   | add | dsp_slice | 0       |
|   add_ln225_21_fu_105037_p2                     |      |        | add_ln225_21   | add | fabric    | 0       |
|   add_ln225_22_fu_105047_p2                     |      |        | add_ln225_22   | add | fabric    | 0       |
|   add_ln225_23_fu_105057_p2                     |      |        | add_ln225_23   | add | fabric    | 0       |
|   add_ln225_24_fu_105067_p2                     |      |        | add_ln225_24   | add | fabric    | 0       |
|   add_ln225_25_fu_105077_p2                     |      |        | add_ln225_25   | add | fabric    | 0       |
|   add_ln225_26_fu_105087_p2                     |      |        | add_ln225_26   | add | fabric    | 0       |
|   add_ln225_27_fu_105097_p2                     |      |        | add_ln225_27   | add | fabric    | 0       |
|   add_ln225_28_fu_105107_p2                     |      |        | add_ln225_28   | add | fabric    | 0       |
|   add_ln225_29_fu_105117_p2                     |      |        | add_ln225_29   | add | fabric    | 0       |
|   add_ln225_30_fu_105127_p2                     |      |        | add_ln225_30   | add | fabric    | 0       |
|   add_ln225_31_fu_105133_p2                     |      |        | add_ln225_31   | add | fabric    | 0       |
|   add_ln225_32_fu_105143_p2                     |      |        | add_ln225_32   | add | fabric    | 0       |
|   add_ln225_33_fu_105153_p2                     |      |        | add_ln225_33   | add | fabric    | 0       |
|   add_ln225_34_fu_105163_p2                     |      |        | add_ln225_34   | add | fabric    | 0       |
|   add_ln225_35_fu_105173_p2                     |      |        | add_ln225_35   | add | fabric    | 0       |
|   add_ln225_36_fu_105183_p2                     |      |        | add_ln225_36   | add | fabric    | 0       |
|   add_ln225_37_fu_105193_p2                     |      |        | add_ln225_37   | add | fabric    | 0       |
|   add_ln225_38_fu_105203_p2                     |      |        | add_ln225_38   | add | fabric    | 0       |
|   add_ln225_39_fu_105213_p2                     |      |        | add_ln225_39   | add | fabric    | 0       |
|   add_ln225_40_fu_105223_p2                     |      |        | add_ln225_40   | add | fabric    | 0       |
|   am_addmul_16s_16s_16ns_34_1_1_U1298           | 1    |        | add_ln225_41   | add | dsp_slice | 0       |
|   add_ln225_42_fu_105229_p2                     |      |        | add_ln225_42   | add | fabric    | 0       |
|   add_ln225_43_fu_105239_p2                     |      |        | add_ln225_43   | add | fabric    | 0       |
|   add_ln225_44_fu_105249_p2                     |      |        | add_ln225_44   | add | fabric    | 0       |
|   add_ln225_45_fu_105259_p2                     |      |        | add_ln225_45   | add | fabric    | 0       |
|   add_ln225_46_fu_105269_p2                     |      |        | add_ln225_46   | add | fabric    | 0       |
|   add_ln225_47_fu_105279_p2                     |      |        | add_ln225_47   | add | fabric    | 0       |
|   add_ln225_48_fu_105289_p2                     |      |        | add_ln225_48   | add | fabric    | 0       |
|   add_ln225_49_fu_105299_p2                     |      |        | add_ln225_49   | add | fabric    | 0       |
|   add_ln225_50_fu_105309_p2                     |      |        | add_ln225_50   | add | fabric    | 0       |
|   add_ln225_51_fu_105319_p2                     |      |        | add_ln225_51   | add | fabric    | 0       |
|   add_ln225_52_fu_105325_p2                     |      |        | add_ln225_52   | add | fabric    | 0       |
|   add_ln225_53_fu_105335_p2                     |      |        | add_ln225_53   | add | fabric    | 0       |
|   add_ln225_54_fu_105345_p2                     |      |        | add_ln225_54   | add | fabric    | 0       |
|   add_ln225_55_fu_105355_p2                     |      |        | add_ln225_55   | add | fabric    | 0       |
|   add_ln225_56_fu_105365_p2                     |      |        | add_ln225_56   | add | fabric    | 0       |
|   add_ln225_57_fu_105375_p2                     |      |        | add_ln225_57   | add | fabric    | 0       |
|   add_ln225_58_fu_105385_p2                     |      |        | add_ln225_58   | add | fabric    | 0       |
|   add_ln225_59_fu_105395_p2                     |      |        | add_ln225_59   | add | fabric    | 0       |
|   add_ln225_60_fu_105405_p2                     |      |        | add_ln225_60   | add | fabric    | 0       |
|   add_ln225_61_fu_105415_p2                     |      |        | add_ln225_61   | add | fabric    | 0       |
|   am_addmul_16s_16s_16ns_34_1_1_U1299           | 1    |        | add_ln225_62   | add | dsp_slice | 0       |
|   add_ln225_63_fu_105421_p2                     |      |        | add_ln225_63   | add | fabric    | 0       |
|   add_ln225_64_fu_105431_p2                     |      |        | add_ln225_64   | add | fabric    | 0       |
|   add_ln225_65_fu_105441_p2                     |      |        | add_ln225_65   | add | fabric    | 0       |
|   add_ln225_66_fu_105451_p2                     |      |        | add_ln225_66   | add | fabric    | 0       |
|   add_ln225_67_fu_105461_p2                     |      |        | add_ln225_67   | add | fabric    | 0       |
|   add_ln225_68_fu_105471_p2                     |      |        | add_ln225_68   | add | fabric    | 0       |
|   add_ln225_69_fu_105481_p2                     |      |        | add_ln225_69   | add | fabric    | 0       |
|   add_ln225_70_fu_105491_p2                     |      |        | add_ln225_70   | add | fabric    | 0       |
|   add_ln225_71_fu_105501_p2                     |      |        | add_ln225_71   | add | fabric    | 0       |
|   add_ln225_72_fu_105511_p2                     |      |        | add_ln225_72   | add | fabric    | 0       |
|   add_ln225_73_fu_105517_p2                     |      |        | add_ln225_73   | add | fabric    | 0       |
|   add_ln225_74_fu_105527_p2                     |      |        | add_ln225_74   | add | fabric    | 0       |
|   add_ln225_75_fu_105537_p2                     |      |        | add_ln225_75   | add | fabric    | 0       |
|   add_ln225_76_fu_105547_p2                     |      |        | add_ln225_76   | add | fabric    | 0       |
|   add_ln225_77_fu_105557_p2                     |      |        | add_ln225_77   | add | fabric    | 0       |
|   add_ln225_78_fu_105567_p2                     |      |        | add_ln225_78   | add | fabric    | 0       |
|   add_ln225_79_fu_105577_p2                     |      |        | add_ln225_79   | add | fabric    | 0       |
|   add_ln225_80_fu_105587_p2                     |      |        | add_ln225_80   | add | fabric    | 0       |
|   add_ln225_81_fu_105597_p2                     |      |        | add_ln225_81   | add | fabric    | 0       |
|   add_ln225_82_fu_105607_p2                     |      |        | add_ln225_82   | add | fabric    | 0       |
|   am_addmul_16s_16s_16ns_34_1_1_U1300           | 1    |        | add_ln225_83   | add | dsp_slice | 0       |
|   add_ln225_84_fu_105613_p2                     |      |        | add_ln225_84   | add | fabric    | 0       |
|   add_ln225_85_fu_105623_p2                     |      |        | add_ln225_85   | add | fabric    | 0       |
|   add_ln225_86_fu_105633_p2                     |      |        | add_ln225_86   | add | fabric    | 0       |
|   add_ln225_87_fu_105643_p2                     |      |        | add_ln225_87   | add | fabric    | 0       |
|   add_ln225_88_fu_105653_p2                     |      |        | add_ln225_88   | add | fabric    | 0       |
|   add_ln225_89_fu_105663_p2                     |      |        | add_ln225_89   | add | fabric    | 0       |
|   add_ln225_90_fu_105673_p2                     |      |        | add_ln225_90   | add | fabric    | 0       |
|   add_ln225_91_fu_105683_p2                     |      |        | add_ln225_91   | add | fabric    | 0       |
|   add_ln225_92_fu_105693_p2                     |      |        | add_ln225_92   | add | fabric    | 0       |
|   add_ln225_93_fu_105703_p2                     |      |        | add_ln225_93   | add | fabric    | 0       |
|   add_ln225_94_fu_105709_p2                     |      |        | add_ln225_94   | add | fabric    | 0       |
|   add_ln225_95_fu_105719_p2                     |      |        | add_ln225_95   | add | fabric    | 0       |
|   add_ln225_96_fu_105729_p2                     |      |        | add_ln225_96   | add | fabric    | 0       |
|   add_ln225_97_fu_105739_p2                     |      |        | add_ln225_97   | add | fabric    | 0       |
|   add_ln225_98_fu_105749_p2                     |      |        | add_ln225_98   | add | fabric    | 0       |
|   add_ln225_99_fu_105759_p2                     |      |        | add_ln225_99   | add | fabric    | 0       |
|   add_ln225_100_fu_105769_p2                    |      |        | add_ln225_100  | add | fabric    | 0       |
|   add_ln225_101_fu_105779_p2                    |      |        | add_ln225_101  | add | fabric    | 0       |
|   add_ln225_102_fu_105789_p2                    |      |        | add_ln225_102  | add | fabric    | 0       |
|   add_ln225_103_fu_105799_p2                    |      |        | add_ln225_103  | add | fabric    | 0       |
|   am_addmul_16s_16s_16ns_34_1_1_U1301           | 1    |        | add_ln225_104  | add | dsp_slice | 0       |
|   add_ln225_105_fu_105805_p2                    |      |        | add_ln225_105  | add | fabric    | 0       |
|   add_ln225_106_fu_105815_p2                    |      |        | add_ln225_106  | add | fabric    | 0       |
|   add_ln225_107_fu_105825_p2                    |      |        | add_ln225_107  | add | fabric    | 0       |
|   add_ln225_108_fu_105835_p2                    |      |        | add_ln225_108  | add | fabric    | 0       |
|   add_ln225_109_fu_105845_p2                    |      |        | add_ln225_109  | add | fabric    | 0       |
|   add_ln225_110_fu_105855_p2                    |      |        | add_ln225_110  | add | fabric    | 0       |
|   add_ln225_111_fu_105865_p2                    |      |        | add_ln225_111  | add | fabric    | 0       |
|   add_ln225_112_fu_105875_p2                    |      |        | add_ln225_112  | add | fabric    | 0       |
|   add_ln225_113_fu_105885_p2                    |      |        | add_ln225_113  | add | fabric    | 0       |
|   add_ln225_114_fu_105895_p2                    |      |        | add_ln225_114  | add | fabric    | 0       |
|   add_ln225_115_fu_105901_p2                    |      |        | add_ln225_115  | add | fabric    | 0       |
|   add_ln225_116_fu_105911_p2                    |      |        | add_ln225_116  | add | fabric    | 0       |
|   add_ln225_117_fu_105921_p2                    |      |        | add_ln225_117  | add | fabric    | 0       |
|   add_ln225_118_fu_105931_p2                    |      |        | add_ln225_118  | add | fabric    | 0       |
|   add_ln225_119_fu_105941_p2                    |      |        | add_ln225_119  | add | fabric    | 0       |
|   add_ln225_120_fu_105951_p2                    |      |        | add_ln225_120  | add | fabric    | 0       |
|   add_ln225_121_fu_105961_p2                    |      |        | add_ln225_121  | add | fabric    | 0       |
|   add_ln225_122_fu_105971_p2                    |      |        | add_ln225_122  | add | fabric    | 0       |
|   add_ln225_123_fu_105981_p2                    |      |        | add_ln225_123  | add | fabric    | 0       |
|   add_ln225_124_fu_105991_p2                    |      |        | add_ln225_124  | add | fabric    | 0       |
|   am_addmul_16s_16s_16ns_34_1_1_U1302           | 1    |        | add_ln225_125  | add | dsp_slice | 0       |
|   add_ln225_126_fu_105997_p2                    |      |        | add_ln225_126  | add | fabric    | 0       |
|   add_ln225_127_fu_106007_p2                    |      |        | add_ln225_127  | add | fabric    | 0       |
|   add_ln225_128_fu_106017_p2                    |      |        | add_ln225_128  | add | fabric    | 0       |
|   add_ln225_129_fu_106027_p2                    |      |        | add_ln225_129  | add | fabric    | 0       |
|   add_ln225_130_fu_106037_p2                    |      |        | add_ln225_130  | add | fabric    | 0       |
|   add_ln225_131_fu_106047_p2                    |      |        | add_ln225_131  | add | fabric    | 0       |
|   add_ln225_132_fu_106057_p2                    |      |        | add_ln225_132  | add | fabric    | 0       |
|   add_ln225_133_fu_106067_p2                    |      |        | add_ln225_133  | add | fabric    | 0       |
|   add_ln225_134_fu_106077_p2                    |      |        | add_ln225_134  | add | fabric    | 0       |
|   add_ln225_135_fu_106087_p2                    |      |        | add_ln225_135  | add | fabric    | 0       |
|   add_ln225_136_fu_106093_p2                    |      |        | add_ln225_136  | add | fabric    | 0       |
|   add_ln225_137_fu_106103_p2                    |      |        | add_ln225_137  | add | fabric    | 0       |
|   add_ln225_138_fu_106113_p2                    |      |        | add_ln225_138  | add | fabric    | 0       |
|   add_ln225_139_fu_106123_p2                    |      |        | add_ln225_139  | add | fabric    | 0       |
|   add_ln225_140_fu_106133_p2                    |      |        | add_ln225_140  | add | fabric    | 0       |
|   add_ln225_141_fu_106143_p2                    |      |        | add_ln225_141  | add | fabric    | 0       |
|   add_ln225_142_fu_106153_p2                    |      |        | add_ln225_142  | add | fabric    | 0       |
|   add_ln225_143_fu_106163_p2                    |      |        | add_ln225_143  | add | fabric    | 0       |
|   add_ln225_144_fu_106173_p2                    |      |        | add_ln225_144  | add | fabric    | 0       |
|   add_ln225_145_fu_106183_p2                    |      |        | add_ln225_145  | add | fabric    | 0       |
|   am_addmul_16s_16s_16ns_34_1_1_U1303           | 1    |        | add_ln225_146  | add | dsp_slice | 0       |
|   add_ln225_147_fu_106189_p2                    |      |        | add_ln225_147  | add | fabric    | 0       |
|   add_ln225_148_fu_106199_p2                    |      |        | add_ln225_148  | add | fabric    | 0       |
|   add_ln225_149_fu_106209_p2                    |      |        | add_ln225_149  | add | fabric    | 0       |
|   add_ln225_150_fu_106219_p2                    |      |        | add_ln225_150  | add | fabric    | 0       |
|   add_ln225_151_fu_106229_p2                    |      |        | add_ln225_151  | add | fabric    | 0       |
|   add_ln225_152_fu_106239_p2                    |      |        | add_ln225_152  | add | fabric    | 0       |
|   add_ln225_153_fu_106249_p2                    |      |        | add_ln225_153  | add | fabric    | 0       |
|   add_ln225_154_fu_106259_p2                    |      |        | add_ln225_154  | add | fabric    | 0       |
|   add_ln225_155_fu_106269_p2                    |      |        | add_ln225_155  | add | fabric    | 0       |
|   add_ln225_156_fu_106279_p2                    |      |        | add_ln225_156  | add | fabric    | 0       |
|   add_ln225_157_fu_106285_p2                    |      |        | add_ln225_157  | add | fabric    | 0       |
|   add_ln225_158_fu_106295_p2                    |      |        | add_ln225_158  | add | fabric    | 0       |
|   add_ln225_159_fu_106305_p2                    |      |        | add_ln225_159  | add | fabric    | 0       |
|   add_ln225_160_fu_106315_p2                    |      |        | add_ln225_160  | add | fabric    | 0       |
|   add_ln225_161_fu_106325_p2                    |      |        | add_ln225_161  | add | fabric    | 0       |
|   add_ln225_162_fu_106335_p2                    |      |        | add_ln225_162  | add | fabric    | 0       |
|   add_ln225_163_fu_106345_p2                    |      |        | add_ln225_163  | add | fabric    | 0       |
|   add_ln225_164_fu_106355_p2                    |      |        | add_ln225_164  | add | fabric    | 0       |
|   add_ln225_165_fu_106365_p2                    |      |        | add_ln225_165  | add | fabric    | 0       |
|   add_ln225_166_fu_106375_p2                    |      |        | add_ln225_166  | add | fabric    | 0       |
|   am_addmul_16s_16s_16ns_34_1_1_U1304           | 1    |        | add_ln225_167  | add | dsp_slice | 0       |
|   add_ln225_168_fu_106381_p2                    |      |        | add_ln225_168  | add | fabric    | 0       |
|   add_ln225_169_fu_106391_p2                    |      |        | add_ln225_169  | add | fabric    | 0       |
|   add_ln225_170_fu_106401_p2                    |      |        | add_ln225_170  | add | fabric    | 0       |
|   add_ln225_171_fu_106411_p2                    |      |        | add_ln225_171  | add | fabric    | 0       |
|   add_ln225_172_fu_106421_p2                    |      |        | add_ln225_172  | add | fabric    | 0       |
|   add_ln225_173_fu_106431_p2                    |      |        | add_ln225_173  | add | fabric    | 0       |
|   add_ln225_174_fu_106441_p2                    |      |        | add_ln225_174  | add | fabric    | 0       |
|   add_ln225_175_fu_106451_p2                    |      |        | add_ln225_175  | add | fabric    | 0       |
|   add_ln225_176_fu_106461_p2                    |      |        | add_ln225_176  | add | fabric    | 0       |
|   add_ln225_177_fu_106471_p2                    |      |        | add_ln225_177  | add | fabric    | 0       |
|   add_ln225_178_fu_106477_p2                    |      |        | add_ln225_178  | add | fabric    | 0       |
|   add_ln225_179_fu_106487_p2                    |      |        | add_ln225_179  | add | fabric    | 0       |
|   add_ln225_180_fu_106497_p2                    |      |        | add_ln225_180  | add | fabric    | 0       |
|   add_ln225_181_fu_106507_p2                    |      |        | add_ln225_181  | add | fabric    | 0       |
|   add_ln225_182_fu_106517_p2                    |      |        | add_ln225_182  | add | fabric    | 0       |
|   add_ln225_183_fu_106527_p2                    |      |        | add_ln225_183  | add | fabric    | 0       |
|   add_ln225_184_fu_106537_p2                    |      |        | add_ln225_184  | add | fabric    | 0       |
|   add_ln225_185_fu_106547_p2                    |      |        | add_ln225_185  | add | fabric    | 0       |
|   add_ln225_186_fu_106557_p2                    |      |        | add_ln225_186  | add | fabric    | 0       |
|   add_ln225_187_fu_106567_p2                    |      |        | add_ln225_187  | add | fabric    | 0       |
|   am_addmul_16s_16s_16ns_34_1_1_U1305           | 1    |        | add_ln225_188  | add | dsp_slice | 0       |
|   add_ln225_189_fu_106573_p2                    |      |        | add_ln225_189  | add | fabric    | 0       |
|   add_ln225_190_fu_106583_p2                    |      |        | add_ln225_190  | add | fabric    | 0       |
|   add_ln225_191_fu_106593_p2                    |      |        | add_ln225_191  | add | fabric    | 0       |
|   add_ln225_192_fu_106603_p2                    |      |        | add_ln225_192  | add | fabric    | 0       |
|   add_ln225_193_fu_106613_p2                    |      |        | add_ln225_193  | add | fabric    | 0       |
|   add_ln225_194_fu_106623_p2                    |      |        | add_ln225_194  | add | fabric    | 0       |
|   add_ln225_195_fu_106633_p2                    |      |        | add_ln225_195  | add | fabric    | 0       |
|   add_ln225_196_fu_106643_p2                    |      |        | add_ln225_196  | add | fabric    | 0       |
|   add_ln225_197_fu_106653_p2                    |      |        | add_ln225_197  | add | fabric    | 0       |
|   add_ln225_198_fu_106663_p2                    |      |        | add_ln225_198  | add | fabric    | 0       |
|   add_ln225_199_fu_106669_p2                    |      |        | add_ln225_199  | add | fabric    | 0       |
|   add_ln225_200_fu_106679_p2                    |      |        | add_ln225_200  | add | fabric    | 0       |
|   add_ln225_201_fu_106689_p2                    |      |        | add_ln225_201  | add | fabric    | 0       |
|   add_ln225_202_fu_106699_p2                    |      |        | add_ln225_202  | add | fabric    | 0       |
|   add_ln225_203_fu_106709_p2                    |      |        | add_ln225_203  | add | fabric    | 0       |
|   add_ln225_204_fu_106719_p2                    |      |        | add_ln225_204  | add | fabric    | 0       |
|   add_ln225_205_fu_106729_p2                    |      |        | add_ln225_205  | add | fabric    | 0       |
|   add_ln225_206_fu_106739_p2                    |      |        | add_ln225_206  | add | fabric    | 0       |
|   add_ln225_207_fu_106749_p2                    |      |        | add_ln225_207  | add | fabric    | 0       |
|   add_ln225_208_fu_106759_p2                    |      |        | add_ln225_208  | add | fabric    | 0       |
|   am_addmul_16s_16s_16ns_34_1_1_U1306           | 1    |        | add_ln225_209  | add | dsp_slice | 0       |
|   add_ln225_210_fu_106765_p2                    |      |        | add_ln225_210  | add | fabric    | 0       |
|   add_ln225_211_fu_106775_p2                    |      |        | add_ln225_211  | add | fabric    | 0       |
|   add_ln225_212_fu_106785_p2                    |      |        | add_ln225_212  | add | fabric    | 0       |
|   add_ln225_213_fu_106795_p2                    |      |        | add_ln225_213  | add | fabric    | 0       |
|   add_ln225_214_fu_106805_p2                    |      |        | add_ln225_214  | add | fabric    | 0       |
|   add_ln225_215_fu_106815_p2                    |      |        | add_ln225_215  | add | fabric    | 0       |
|   add_ln225_216_fu_106825_p2                    |      |        | add_ln225_216  | add | fabric    | 0       |
|   add_ln225_217_fu_106835_p2                    |      |        | add_ln225_217  | add | fabric    | 0       |
|   add_ln225_218_fu_106845_p2                    |      |        | add_ln225_218  | add | fabric    | 0       |
|   add_ln225_219_fu_106855_p2                    |      |        | add_ln225_219  | add | fabric    | 0       |
|   add_ln225_220_fu_106861_p2                    |      |        | add_ln225_220  | add | fabric    | 0       |
|   add_ln225_221_fu_106871_p2                    |      |        | add_ln225_221  | add | fabric    | 0       |
|   add_ln225_222_fu_106881_p2                    |      |        | add_ln225_222  | add | fabric    | 0       |
|   add_ln225_223_fu_106891_p2                    |      |        | add_ln225_223  | add | fabric    | 0       |
|   add_ln225_224_fu_106901_p2                    |      |        | add_ln225_224  | add | fabric    | 0       |
|   add_ln225_225_fu_106911_p2                    |      |        | add_ln225_225  | add | fabric    | 0       |
|   add_ln225_226_fu_106921_p2                    |      |        | add_ln225_226  | add | fabric    | 0       |
|   add_ln225_227_fu_106931_p2                    |      |        | add_ln225_227  | add | fabric    | 0       |
|   add_ln225_228_fu_106941_p2                    |      |        | add_ln225_228  | add | fabric    | 0       |
|   add_ln225_229_fu_106951_p2                    |      |        | add_ln225_229  | add | fabric    | 0       |
|   am_addmul_16s_16s_16ns_34_1_1_U1307           | 1    |        | add_ln225_230  | add | dsp_slice | 0       |
|   add_ln225_231_fu_106957_p2                    |      |        | add_ln225_231  | add | fabric    | 0       |
|   add_ln225_232_fu_106967_p2                    |      |        | add_ln225_232  | add | fabric    | 0       |
|   add_ln225_233_fu_106977_p2                    |      |        | add_ln225_233  | add | fabric    | 0       |
|   add_ln225_234_fu_106987_p2                    |      |        | add_ln225_234  | add | fabric    | 0       |
|   add_ln225_235_fu_106997_p2                    |      |        | add_ln225_235  | add | fabric    | 0       |
|   add_ln225_236_fu_107007_p2                    |      |        | add_ln225_236  | add | fabric    | 0       |
|   add_ln225_237_fu_107017_p2                    |      |        | add_ln225_237  | add | fabric    | 0       |
|   add_ln225_238_fu_107027_p2                    |      |        | add_ln225_238  | add | fabric    | 0       |
|   add_ln225_239_fu_107037_p2                    |      |        | add_ln225_239  | add | fabric    | 0       |
|   add_ln225_240_fu_107047_p2                    |      |        | add_ln225_240  | add | fabric    | 0       |
|   add_ln225_241_fu_107053_p2                    |      |        | add_ln225_241  | add | fabric    | 0       |
|   add_ln225_242_fu_107063_p2                    |      |        | add_ln225_242  | add | fabric    | 0       |
|   add_ln225_243_fu_107073_p2                    |      |        | add_ln225_243  | add | fabric    | 0       |
|   add_ln225_244_fu_107083_p2                    |      |        | add_ln225_244  | add | fabric    | 0       |
|   add_ln225_245_fu_107093_p2                    |      |        | add_ln225_245  | add | fabric    | 0       |
|   add_ln225_246_fu_107103_p2                    |      |        | add_ln225_246  | add | fabric    | 0       |
|   add_ln225_247_fu_107113_p2                    |      |        | add_ln225_247  | add | fabric    | 0       |
|   add_ln225_248_fu_107123_p2                    |      |        | add_ln225_248  | add | fabric    | 0       |
|   add_ln225_249_fu_107133_p2                    |      |        | add_ln225_249  | add | fabric    | 0       |
|   add_ln225_250_fu_107143_p2                    |      |        | add_ln225_250  | add | fabric    | 0       |
|   am_addmul_16s_16s_16ns_34_1_1_U1308           | 1    |        | add_ln225_251  | add | dsp_slice | 0       |
|   add_ln225_252_fu_107149_p2                    |      |        | add_ln225_252  | add | fabric    | 0       |
|   add_ln225_253_fu_107159_p2                    |      |        | add_ln225_253  | add | fabric    | 0       |
|   add_ln225_254_fu_107169_p2                    |      |        | add_ln225_254  | add | fabric    | 0       |
|   add_ln225_255_fu_107179_p2                    |      |        | add_ln225_255  | add | fabric    | 0       |
|   add_ln225_256_fu_107189_p2                    |      |        | add_ln225_256  | add | fabric    | 0       |
|   add_ln225_257_fu_107199_p2                    |      |        | add_ln225_257  | add | fabric    | 0       |
|   add_ln225_258_fu_107209_p2                    |      |        | add_ln225_258  | add | fabric    | 0       |
|   add_ln225_259_fu_107219_p2                    |      |        | add_ln225_259  | add | fabric    | 0       |
|   add_ln225_260_fu_107229_p2                    |      |        | add_ln225_260  | add | fabric    | 0       |
|   add_ln225_261_fu_107239_p2                    |      |        | add_ln225_261  | add | fabric    | 0       |
|   add_ln225_262_fu_107245_p2                    |      |        | add_ln225_262  | add | fabric    | 0       |
|   add_ln225_263_fu_107255_p2                    |      |        | add_ln225_263  | add | fabric    | 0       |
|   add_ln225_264_fu_107265_p2                    |      |        | add_ln225_264  | add | fabric    | 0       |
|   add_ln225_265_fu_107275_p2                    |      |        | add_ln225_265  | add | fabric    | 0       |
|   add_ln225_266_fu_107285_p2                    |      |        | add_ln225_266  | add | fabric    | 0       |
|   add_ln225_267_fu_107295_p2                    |      |        | add_ln225_267  | add | fabric    | 0       |
|   add_ln225_268_fu_107305_p2                    |      |        | add_ln225_268  | add | fabric    | 0       |
|   add_ln225_269_fu_107315_p2                    |      |        | add_ln225_269  | add | fabric    | 0       |
|   add_ln225_270_fu_107325_p2                    |      |        | add_ln225_270  | add | fabric    | 0       |
|   add_ln225_271_fu_107335_p2                    |      |        | add_ln225_271  | add | fabric    | 0       |
|   am_addmul_16s_16s_16ns_34_1_1_U1309           | 1    |        | add_ln225_272  | add | dsp_slice | 0       |
|   add_ln225_273_fu_107341_p2                    |      |        | add_ln225_273  | add | fabric    | 0       |
|   add_ln225_274_fu_107351_p2                    |      |        | add_ln225_274  | add | fabric    | 0       |
|   add_ln225_275_fu_107361_p2                    |      |        | add_ln225_275  | add | fabric    | 0       |
|   add_ln225_276_fu_107371_p2                    |      |        | add_ln225_276  | add | fabric    | 0       |
|   add_ln225_277_fu_107381_p2                    |      |        | add_ln225_277  | add | fabric    | 0       |
|   add_ln225_278_fu_107391_p2                    |      |        | add_ln225_278  | add | fabric    | 0       |
|   add_ln225_279_fu_107401_p2                    |      |        | add_ln225_279  | add | fabric    | 0       |
|   add_ln225_280_fu_107411_p2                    |      |        | add_ln225_280  | add | fabric    | 0       |
|   add_ln225_281_fu_107421_p2                    |      |        | add_ln225_281  | add | fabric    | 0       |
|   add_ln225_282_fu_107431_p2                    |      |        | add_ln225_282  | add | fabric    | 0       |
|   add_ln225_283_fu_107437_p2                    |      |        | add_ln225_283  | add | fabric    | 0       |
|   add_ln225_284_fu_107447_p2                    |      |        | add_ln225_284  | add | fabric    | 0       |
|   add_ln225_285_fu_107457_p2                    |      |        | add_ln225_285  | add | fabric    | 0       |
|   add_ln225_286_fu_107467_p2                    |      |        | add_ln225_286  | add | fabric    | 0       |
|   add_ln225_287_fu_107477_p2                    |      |        | add_ln225_287  | add | fabric    | 0       |
|   add_ln225_288_fu_107487_p2                    |      |        | add_ln225_288  | add | fabric    | 0       |
|   add_ln225_289_fu_107497_p2                    |      |        | add_ln225_289  | add | fabric    | 0       |
|   add_ln225_290_fu_107507_p2                    |      |        | add_ln225_290  | add | fabric    | 0       |
|   add_ln225_291_fu_107517_p2                    |      |        | add_ln225_291  | add | fabric    | 0       |
|   add_ln225_292_fu_107527_p2                    |      |        | add_ln225_292  | add | fabric    | 0       |
|   am_addmul_16s_16s_16ns_34_1_1_U1310           | 1    |        | add_ln225_293  | add | dsp_slice | 0       |
|   add_ln225_294_fu_107533_p2                    |      |        | add_ln225_294  | add | fabric    | 0       |
|   add_ln225_295_fu_107543_p2                    |      |        | add_ln225_295  | add | fabric    | 0       |
|   add_ln225_296_fu_107553_p2                    |      |        | add_ln225_296  | add | fabric    | 0       |
|   add_ln225_297_fu_107563_p2                    |      |        | add_ln225_297  | add | fabric    | 0       |
|   add_ln225_298_fu_107573_p2                    |      |        | add_ln225_298  | add | fabric    | 0       |
|   add_ln225_299_fu_107583_p2                    |      |        | add_ln225_299  | add | fabric    | 0       |
|   add_ln225_300_fu_107593_p2                    |      |        | add_ln225_300  | add | fabric    | 0       |
|   add_ln225_301_fu_107603_p2                    |      |        | add_ln225_301  | add | fabric    | 0       |
|   add_ln225_302_fu_107613_p2                    |      |        | add_ln225_302  | add | fabric    | 0       |
|   add_ln225_303_fu_107623_p2                    |      |        | add_ln225_303  | add | fabric    | 0       |
|   add_ln225_304_fu_107629_p2                    |      |        | add_ln225_304  | add | fabric    | 0       |
|   add_ln225_305_fu_107639_p2                    |      |        | add_ln225_305  | add | fabric    | 0       |
|   add_ln225_306_fu_107649_p2                    |      |        | add_ln225_306  | add | fabric    | 0       |
|   add_ln225_307_fu_107659_p2                    |      |        | add_ln225_307  | add | fabric    | 0       |
|   add_ln225_308_fu_107669_p2                    |      |        | add_ln225_308  | add | fabric    | 0       |
|   add_ln225_309_fu_107679_p2                    |      |        | add_ln225_309  | add | fabric    | 0       |
|   add_ln225_310_fu_107689_p2                    |      |        | add_ln225_310  | add | fabric    | 0       |
|   add_ln225_311_fu_107699_p2                    |      |        | add_ln225_311  | add | fabric    | 0       |
|   add_ln225_312_fu_107709_p2                    |      |        | add_ln225_312  | add | fabric    | 0       |
|   add_ln225_313_fu_107719_p2                    |      |        | add_ln225_313  | add | fabric    | 0       |
|   am_addmul_16s_16s_16ns_34_1_1_U1311           | 1    |        | add_ln225_314  | add | dsp_slice | 0       |
|   add_ln225_315_fu_107725_p2                    |      |        | add_ln225_315  | add | fabric    | 0       |
|   add_ln225_316_fu_107735_p2                    |      |        | add_ln225_316  | add | fabric    | 0       |
|   add_ln225_317_fu_107745_p2                    |      |        | add_ln225_317  | add | fabric    | 0       |
|   add_ln225_318_fu_107755_p2                    |      |        | add_ln225_318  | add | fabric    | 0       |
|   add_ln225_319_fu_107765_p2                    |      |        | add_ln225_319  | add | fabric    | 0       |
|   add_ln225_320_fu_107775_p2                    |      |        | add_ln225_320  | add | fabric    | 0       |
|   add_ln225_321_fu_107785_p2                    |      |        | add_ln225_321  | add | fabric    | 0       |
|   add_ln225_322_fu_107795_p2                    |      |        | add_ln225_322  | add | fabric    | 0       |
|   add_ln225_323_fu_107805_p2                    |      |        | add_ln225_323  | add | fabric    | 0       |
|   add_ln225_324_fu_107815_p2                    |      |        | add_ln225_324  | add | fabric    | 0       |
|   add_ln225_325_fu_107821_p2                    |      |        | add_ln225_325  | add | fabric    | 0       |
|   add_ln225_326_fu_107831_p2                    |      |        | add_ln225_326  | add | fabric    | 0       |
|   add_ln225_327_fu_107841_p2                    |      |        | add_ln225_327  | add | fabric    | 0       |
|   add_ln225_328_fu_107851_p2                    |      |        | add_ln225_328  | add | fabric    | 0       |
|   add_ln225_329_fu_107861_p2                    |      |        | add_ln225_329  | add | fabric    | 0       |
|   add_ln225_330_fu_107871_p2                    |      |        | add_ln225_330  | add | fabric    | 0       |
|   add_ln225_331_fu_107881_p2                    |      |        | add_ln225_331  | add | fabric    | 0       |
|   add_ln225_332_fu_107891_p2                    |      |        | add_ln225_332  | add | fabric    | 0       |
|   add_ln225_333_fu_107901_p2                    |      |        | add_ln225_333  | add | fabric    | 0       |
|   add_ln225_334_fu_107911_p2                    |      |        | add_ln225_334  | add | fabric    | 0       |
|   am_addmul_16s_16s_16ns_34_1_1_U1312           | 1    |        | add_ln225_335  | add | dsp_slice | 0       |
|   add_ln225_336_fu_107917_p2                    |      |        | add_ln225_336  | add | fabric    | 0       |
|   add_ln225_337_fu_107927_p2                    |      |        | add_ln225_337  | add | fabric    | 0       |
|   add_ln225_338_fu_107937_p2                    |      |        | add_ln225_338  | add | fabric    | 0       |
|   add_ln225_339_fu_107947_p2                    |      |        | add_ln225_339  | add | fabric    | 0       |
|   add_ln225_340_fu_107957_p2                    |      |        | add_ln225_340  | add | fabric    | 0       |
|   add_ln225_341_fu_107967_p2                    |      |        | add_ln225_341  | add | fabric    | 0       |
|   add_ln225_342_fu_107977_p2                    |      |        | add_ln225_342  | add | fabric    | 0       |
|   add_ln225_343_fu_107987_p2                    |      |        | add_ln225_343  | add | fabric    | 0       |
|   add_ln225_344_fu_107997_p2                    |      |        | add_ln225_344  | add | fabric    | 0       |
|   add_ln225_345_fu_108007_p2                    |      |        | add_ln225_345  | add | fabric    | 0       |
|   add_ln225_346_fu_108013_p2                    |      |        | add_ln225_346  | add | fabric    | 0       |
|   add_ln225_347_fu_108023_p2                    |      |        | add_ln225_347  | add | fabric    | 0       |
|   add_ln225_348_fu_108033_p2                    |      |        | add_ln225_348  | add | fabric    | 0       |
|   add_ln225_349_fu_108043_p2                    |      |        | add_ln225_349  | add | fabric    | 0       |
|   add_ln225_350_fu_108053_p2                    |      |        | add_ln225_350  | add | fabric    | 0       |
|   add_ln225_351_fu_108063_p2                    |      |        | add_ln225_351  | add | fabric    | 0       |
|   add_ln225_352_fu_108073_p2                    |      |        | add_ln225_352  | add | fabric    | 0       |
|   add_ln225_353_fu_108083_p2                    |      |        | add_ln225_353  | add | fabric    | 0       |
|   add_ln225_354_fu_108093_p2                    |      |        | add_ln225_354  | add | fabric    | 0       |
|   add_ln225_355_fu_108103_p2                    |      |        | add_ln225_355  | add | fabric    | 0       |
|   am_addmul_16s_16s_16ns_34_1_1_U1313           | 1    |        | add_ln225_356  | add | dsp_slice | 0       |
|   add_ln225_357_fu_108109_p2                    |      |        | add_ln225_357  | add | fabric    | 0       |
|   add_ln225_358_fu_108119_p2                    |      |        | add_ln225_358  | add | fabric    | 0       |
|   add_ln225_359_fu_108129_p2                    |      |        | add_ln225_359  | add | fabric    | 0       |
|   add_ln225_360_fu_108139_p2                    |      |        | add_ln225_360  | add | fabric    | 0       |
|   add_ln225_361_fu_108149_p2                    |      |        | add_ln225_361  | add | fabric    | 0       |
|   add_ln225_362_fu_108159_p2                    |      |        | add_ln225_362  | add | fabric    | 0       |
|   add_ln225_363_fu_108169_p2                    |      |        | add_ln225_363  | add | fabric    | 0       |
|   add_ln225_364_fu_108179_p2                    |      |        | add_ln225_364  | add | fabric    | 0       |
|   add_ln225_365_fu_108189_p2                    |      |        | add_ln225_365  | add | fabric    | 0       |
|   add_ln225_366_fu_108199_p2                    |      |        | add_ln225_366  | add | fabric    | 0       |
|   add_ln225_367_fu_108205_p2                    |      |        | add_ln225_367  | add | fabric    | 0       |
|   add_ln225_368_fu_108215_p2                    |      |        | add_ln225_368  | add | fabric    | 0       |
|   add_ln225_369_fu_108225_p2                    |      |        | add_ln225_369  | add | fabric    | 0       |
|   add_ln225_370_fu_108235_p2                    |      |        | add_ln225_370  | add | fabric    | 0       |
|   add_ln225_371_fu_108245_p2                    |      |        | add_ln225_371  | add | fabric    | 0       |
|   add_ln225_372_fu_108255_p2                    |      |        | add_ln225_372  | add | fabric    | 0       |
|   add_ln225_373_fu_108265_p2                    |      |        | add_ln225_373  | add | fabric    | 0       |
|   add_ln225_374_fu_108275_p2                    |      |        | add_ln225_374  | add | fabric    | 0       |
|   add_ln225_375_fu_108285_p2                    |      |        | add_ln225_375  | add | fabric    | 0       |
|   add_ln225_376_fu_108295_p2                    |      |        | add_ln225_376  | add | fabric    | 0       |
|   am_addmul_16s_16s_16ns_34_1_1_U1314           | 1    |        | add_ln225_377  | add | dsp_slice | 0       |
|   add_ln225_378_fu_108301_p2                    |      |        | add_ln225_378  | add | fabric    | 0       |
|   add_ln225_379_fu_108311_p2                    |      |        | add_ln225_379  | add | fabric    | 0       |
|   add_ln225_380_fu_108321_p2                    |      |        | add_ln225_380  | add | fabric    | 0       |
|   add_ln225_381_fu_108331_p2                    |      |        | add_ln225_381  | add | fabric    | 0       |
|   add_ln225_382_fu_108341_p2                    |      |        | add_ln225_382  | add | fabric    | 0       |
|   add_ln225_383_fu_108351_p2                    |      |        | add_ln225_383  | add | fabric    | 0       |
|   add_ln225_384_fu_108361_p2                    |      |        | add_ln225_384  | add | fabric    | 0       |
|   add_ln225_385_fu_108371_p2                    |      |        | add_ln225_385  | add | fabric    | 0       |
|   add_ln225_386_fu_108381_p2                    |      |        | add_ln225_386  | add | fabric    | 0       |
|   add_ln225_387_fu_108391_p2                    |      |        | add_ln225_387  | add | fabric    | 0       |
|   add_ln225_388_fu_108397_p2                    |      |        | add_ln225_388  | add | fabric    | 0       |
|   add_ln225_389_fu_108407_p2                    |      |        | add_ln225_389  | add | fabric    | 0       |
|   add_ln225_390_fu_108417_p2                    |      |        | add_ln225_390  | add | fabric    | 0       |
|   add_ln225_391_fu_108427_p2                    |      |        | add_ln225_391  | add | fabric    | 0       |
|   add_ln225_392_fu_108437_p2                    |      |        | add_ln225_392  | add | fabric    | 0       |
|   add_ln225_393_fu_108447_p2                    |      |        | add_ln225_393  | add | fabric    | 0       |
|   add_ln225_394_fu_108457_p2                    |      |        | add_ln225_394  | add | fabric    | 0       |
|   add_ln225_395_fu_108467_p2                    |      |        | add_ln225_395  | add | fabric    | 0       |
|   add_ln225_396_fu_108477_p2                    |      |        | add_ln225_396  | add | fabric    | 0       |
|   add_ln225_397_fu_108487_p2                    |      |        | add_ln225_397  | add | fabric    | 0       |
|   am_addmul_16s_16s_16ns_34_1_1_U1315           | 1    |        | add_ln225_398  | add | dsp_slice | 0       |
|   add_ln225_399_fu_108493_p2                    |      |        | add_ln225_399  | add | fabric    | 0       |
|   add_ln225_400_fu_108503_p2                    |      |        | add_ln225_400  | add | fabric    | 0       |
|   add_ln225_401_fu_108513_p2                    |      |        | add_ln225_401  | add | fabric    | 0       |
|   add_ln225_402_fu_108523_p2                    |      |        | add_ln225_402  | add | fabric    | 0       |
|   add_ln225_403_fu_108533_p2                    |      |        | add_ln225_403  | add | fabric    | 0       |
|   add_ln225_404_fu_108543_p2                    |      |        | add_ln225_404  | add | fabric    | 0       |
|   add_ln225_405_fu_108553_p2                    |      |        | add_ln225_405  | add | fabric    | 0       |
|   add_ln225_406_fu_108563_p2                    |      |        | add_ln225_406  | add | fabric    | 0       |
|   add_ln225_407_fu_108573_p2                    |      |        | add_ln225_407  | add | fabric    | 0       |
|   add_ln225_408_fu_108583_p2                    |      |        | add_ln225_408  | add | fabric    | 0       |
|   add_ln225_409_fu_108589_p2                    |      |        | add_ln225_409  | add | fabric    | 0       |
|   add_ln225_410_fu_108599_p2                    |      |        | add_ln225_410  | add | fabric    | 0       |
|   add_ln225_411_fu_108609_p2                    |      |        | add_ln225_411  | add | fabric    | 0       |
|   add_ln225_412_fu_108619_p2                    |      |        | add_ln225_412  | add | fabric    | 0       |
|   add_ln225_413_fu_108629_p2                    |      |        | add_ln225_413  | add | fabric    | 0       |
|   add_ln225_414_fu_108639_p2                    |      |        | add_ln225_414  | add | fabric    | 0       |
|   add_ln225_415_fu_108649_p2                    |      |        | add_ln225_415  | add | fabric    | 0       |
|   add_ln225_416_fu_108659_p2                    |      |        | add_ln225_416  | add | fabric    | 0       |
|   add_ln225_417_fu_108669_p2                    |      |        | add_ln225_417  | add | fabric    | 0       |
|   add_ln225_418_fu_108679_p2                    |      |        | add_ln225_418  | add | fabric    | 0       |
|   am_addmul_16s_16s_16ns_34_1_1_U1316           | 1    |        | add_ln225_419  | add | dsp_slice | 0       |
|   add_ln225_420_fu_108685_p2                    |      |        | add_ln225_420  | add | fabric    | 0       |
|   add_ln225_421_fu_108695_p2                    |      |        | add_ln225_421  | add | fabric    | 0       |
|   add_ln225_422_fu_108705_p2                    |      |        | add_ln225_422  | add | fabric    | 0       |
|   add_ln225_423_fu_108715_p2                    |      |        | add_ln225_423  | add | fabric    | 0       |
|   add_ln225_424_fu_108725_p2                    |      |        | add_ln225_424  | add | fabric    | 0       |
|   add_ln225_425_fu_108735_p2                    |      |        | add_ln225_425  | add | fabric    | 0       |
|   add_ln225_426_fu_108745_p2                    |      |        | add_ln225_426  | add | fabric    | 0       |
|   add_ln225_427_fu_108755_p2                    |      |        | add_ln225_427  | add | fabric    | 0       |
|   add_ln225_428_fu_108765_p2                    |      |        | add_ln225_428  | add | fabric    | 0       |
|   add_ln225_429_fu_108775_p2                    |      |        | add_ln225_429  | add | fabric    | 0       |
|   add_ln225_430_fu_108781_p2                    |      |        | add_ln225_430  | add | fabric    | 0       |
|   add_ln225_431_fu_108791_p2                    |      |        | add_ln225_431  | add | fabric    | 0       |
|   add_ln225_432_fu_108801_p2                    |      |        | add_ln225_432  | add | fabric    | 0       |
|   add_ln225_433_fu_108811_p2                    |      |        | add_ln225_433  | add | fabric    | 0       |
|   add_ln225_434_fu_108821_p2                    |      |        | add_ln225_434  | add | fabric    | 0       |
|   add_ln225_435_fu_108831_p2                    |      |        | add_ln225_435  | add | fabric    | 0       |
|   add_ln225_436_fu_108841_p2                    |      |        | add_ln225_436  | add | fabric    | 0       |
|   add_ln225_437_fu_108851_p2                    |      |        | add_ln225_437  | add | fabric    | 0       |
|   add_ln225_438_fu_108861_p2                    |      |        | add_ln225_438  | add | fabric    | 0       |
|   add_ln225_439_fu_108871_p2                    |      |        | add_ln225_439  | add | fabric    | 0       |
|   am_addmul_16s_16s_16ns_34_1_1_U1317           | 1    |        | add_ln225_440  | add | dsp_slice | 0       |
|   add_ln224_fu_111653_p2                        |      |        | add_ln224      | add | fabric    | 0       |
|   add_ln224_1_fu_111663_p2                      |      |        | add_ln224_1    | add | fabric    | 0       |
|   add_ln224_2_fu_111673_p2                      |      |        | add_ln224_2    | add | fabric    | 0       |
|   add_ln224_3_fu_111683_p2                      |      |        | add_ln224_3    | add | fabric    | 0       |
|   add_ln224_4_fu_111693_p2                      |      |        | add_ln224_4    | add | fabric    | 0       |
|   add_ln224_5_fu_111703_p2                      |      |        | add_ln224_5    | add | fabric    | 0       |
|   add_ln224_6_fu_111713_p2                      |      |        | add_ln224_6    | add | fabric    | 0       |
|   add_ln224_7_fu_111723_p2                      |      |        | add_ln224_7    | add | fabric    | 0       |
|   add_ln224_8_fu_111733_p2                      |      |        | add_ln224_8    | add | fabric    | 0       |
|   add_ln224_9_fu_111743_p2                      |      |        | add_ln224_9    | add | fabric    | 0       |
|   add_ln224_10_fu_111753_p2                     |      |        | add_ln224_10   | add | fabric    | 0       |
|   add_ln224_11_fu_111763_p2                     |      |        | add_ln224_11   | add | fabric    | 0       |
|   add_ln224_12_fu_111773_p2                     |      |        | add_ln224_12   | add | fabric    | 0       |
|   add_ln224_13_fu_111783_p2                     |      |        | add_ln224_13   | add | fabric    | 0       |
|   add_ln224_14_fu_111793_p2                     |      |        | add_ln224_14   | add | fabric    | 0       |
|   add_ln224_15_fu_111803_p2                     |      |        | add_ln224_15   | add | fabric    | 0       |
|   add_ln224_16_fu_111813_p2                     |      |        | add_ln224_16   | add | fabric    | 0       |
|   add_ln224_17_fu_111823_p2                     |      |        | add_ln224_17   | add | fabric    | 0       |
|   add_ln224_18_fu_111833_p2                     |      |        | add_ln224_18   | add | fabric    | 0       |
|   add_ln224_19_fu_111843_p2                     |      |        | add_ln224_19   | add | fabric    | 0       |
|   add_ln224_20_fu_111853_p2                     |      |        | add_ln224_20   | add | fabric    | 0       |
|   add_ln224_21_fu_111863_p2                     |      |        | add_ln224_21   | add | fabric    | 0       |
|   add_ln224_22_fu_111873_p2                     |      |        | add_ln224_22   | add | fabric    | 0       |
|   add_ln224_23_fu_111883_p2                     |      |        | add_ln224_23   | add | fabric    | 0       |
|   add_ln224_24_fu_111893_p2                     |      |        | add_ln224_24   | add | fabric    | 0       |
|   add_ln224_25_fu_111903_p2                     |      |        | add_ln224_25   | add | fabric    | 0       |
|   add_ln224_26_fu_111913_p2                     |      |        | add_ln224_26   | add | fabric    | 0       |
|   add_ln224_27_fu_111923_p2                     |      |        | add_ln224_27   | add | fabric    | 0       |
|   add_ln224_28_fu_111933_p2                     |      |        | add_ln224_28   | add | fabric    | 0       |
|   add_ln224_29_fu_111943_p2                     |      |        | add_ln224_29   | add | fabric    | 0       |
|   add_ln224_30_fu_111949_p2                     |      |        | add_ln224_30   | add | fabric    | 0       |
|   add_ln224_31_fu_111959_p2                     |      |        | add_ln224_31   | add | fabric    | 0       |
|   add_ln224_32_fu_111969_p2                     |      |        | add_ln224_32   | add | fabric    | 0       |
|   add_ln224_33_fu_111979_p2                     |      |        | add_ln224_33   | add | fabric    | 0       |
|   add_ln224_34_fu_111989_p2                     |      |        | add_ln224_34   | add | fabric    | 0       |
|   add_ln224_35_fu_111999_p2                     |      |        | add_ln224_35   | add | fabric    | 0       |
|   add_ln224_36_fu_112009_p2                     |      |        | add_ln224_36   | add | fabric    | 0       |
|   add_ln224_37_fu_112019_p2                     |      |        | add_ln224_37   | add | fabric    | 0       |
|   add_ln224_38_fu_112029_p2                     |      |        | add_ln224_38   | add | fabric    | 0       |
|   add_ln224_39_fu_112039_p2                     |      |        | add_ln224_39   | add | fabric    | 0       |
|   add_ln224_40_fu_112049_p2                     |      |        | add_ln224_40   | add | fabric    | 0       |
|   add_ln224_41_fu_112059_p2                     |      |        | add_ln224_41   | add | fabric    | 0       |
|   add_ln224_42_fu_112069_p2                     |      |        | add_ln224_42   | add | fabric    | 0       |
|   add_ln224_43_fu_112079_p2                     |      |        | add_ln224_43   | add | fabric    | 0       |
|   add_ln224_44_fu_112089_p2                     |      |        | add_ln224_44   | add | fabric    | 0       |
|   add_ln224_45_fu_112099_p2                     |      |        | add_ln224_45   | add | fabric    | 0       |
|   add_ln224_46_fu_112109_p2                     |      |        | add_ln224_46   | add | fabric    | 0       |
|   add_ln224_47_fu_112119_p2                     |      |        | add_ln224_47   | add | fabric    | 0       |
|   add_ln224_48_fu_112129_p2                     |      |        | add_ln224_48   | add | fabric    | 0       |
|   add_ln224_49_fu_112139_p2                     |      |        | add_ln224_49   | add | fabric    | 0       |
|   add_ln224_50_fu_112149_p2                     |      |        | add_ln224_50   | add | fabric    | 0       |
|   add_ln224_51_fu_112159_p2                     |      |        | add_ln224_51   | add | fabric    | 0       |
|   add_ln224_52_fu_112169_p2                     |      |        | add_ln224_52   | add | fabric    | 0       |
|   add_ln224_53_fu_112179_p2                     |      |        | add_ln224_53   | add | fabric    | 0       |
|   add_ln224_54_fu_112189_p2                     |      |        | add_ln224_54   | add | fabric    | 0       |
|   add_ln224_55_fu_112199_p2                     |      |        | add_ln224_55   | add | fabric    | 0       |
|   add_ln224_56_fu_112209_p2                     |      |        | add_ln224_56   | add | fabric    | 0       |
|   add_ln224_57_fu_112219_p2                     |      |        | add_ln224_57   | add | fabric    | 0       |
|   add_ln224_58_fu_112229_p2                     |      |        | add_ln224_58   | add | fabric    | 0       |
|   add_ln224_59_fu_112239_p2                     |      |        | add_ln224_59   | add | fabric    | 0       |
|   add_ln224_60_fu_112249_p2                     |      |        | add_ln224_60   | add | fabric    | 0       |
|   add_ln224_61_fu_170055_p2                     |      |        | add_ln224_61   | add | fabric    | 0       |
|   add_ln224_62_fu_112255_p2                     |      |        | add_ln224_62   | add | fabric    | 0       |
|   add_ln224_63_fu_112265_p2                     |      |        | add_ln224_63   | add | fabric    | 0       |
|   add_ln224_64_fu_112275_p2                     |      |        | add_ln224_64   | add | fabric    | 0       |
|   add_ln224_65_fu_112285_p2                     |      |        | add_ln224_65   | add | fabric    | 0       |
|   add_ln224_66_fu_112295_p2                     |      |        | add_ln224_66   | add | fabric    | 0       |
|   add_ln224_67_fu_112305_p2                     |      |        | add_ln224_67   | add | fabric    | 0       |
|   add_ln224_68_fu_112315_p2                     |      |        | add_ln224_68   | add | fabric    | 0       |
|   add_ln224_69_fu_112325_p2                     |      |        | add_ln224_69   | add | fabric    | 0       |
|   add_ln224_70_fu_112335_p2                     |      |        | add_ln224_70   | add | fabric    | 0       |
|   add_ln224_71_fu_112345_p2                     |      |        | add_ln224_71   | add | fabric    | 0       |
|   add_ln224_72_fu_112355_p2                     |      |        | add_ln224_72   | add | fabric    | 0       |
|   add_ln224_73_fu_112365_p2                     |      |        | add_ln224_73   | add | fabric    | 0       |
|   add_ln224_74_fu_112375_p2                     |      |        | add_ln224_74   | add | fabric    | 0       |
|   add_ln224_75_fu_112385_p2                     |      |        | add_ln224_75   | add | fabric    | 0       |
|   add_ln224_76_fu_112395_p2                     |      |        | add_ln224_76   | add | fabric    | 0       |
|   add_ln224_77_fu_112405_p2                     |      |        | add_ln224_77   | add | fabric    | 0       |
|   add_ln224_78_fu_112415_p2                     |      |        | add_ln224_78   | add | fabric    | 0       |
|   add_ln224_79_fu_112425_p2                     |      |        | add_ln224_79   | add | fabric    | 0       |
|   add_ln224_80_fu_112435_p2                     |      |        | add_ln224_80   | add | fabric    | 0       |
|   add_ln224_81_fu_112445_p2                     |      |        | add_ln224_81   | add | fabric    | 0       |
|   add_ln224_82_fu_112455_p2                     |      |        | add_ln224_82   | add | fabric    | 0       |
|   add_ln224_83_fu_112465_p2                     |      |        | add_ln224_83   | add | fabric    | 0       |
|   add_ln224_84_fu_112475_p2                     |      |        | add_ln224_84   | add | fabric    | 0       |
|   add_ln224_85_fu_112485_p2                     |      |        | add_ln224_85   | add | fabric    | 0       |
|   add_ln224_86_fu_112495_p2                     |      |        | add_ln224_86   | add | fabric    | 0       |
|   add_ln224_87_fu_112505_p2                     |      |        | add_ln224_87   | add | fabric    | 0       |
|   add_ln224_88_fu_112515_p2                     |      |        | add_ln224_88   | add | fabric    | 0       |
|   add_ln224_89_fu_112525_p2                     |      |        | add_ln224_89   | add | fabric    | 0       |
|   add_ln224_90_fu_112535_p2                     |      |        | add_ln224_90   | add | fabric    | 0       |
|   add_ln224_91_fu_112545_p2                     |      |        | add_ln224_91   | add | fabric    | 0       |
|   add_ln224_92_fu_112551_p2                     |      |        | add_ln224_92   | add | fabric    | 0       |
|   add_ln224_93_fu_112561_p2                     |      |        | add_ln224_93   | add | fabric    | 0       |
|   add_ln224_94_fu_112571_p2                     |      |        | add_ln224_94   | add | fabric    | 0       |
|   add_ln224_95_fu_112581_p2                     |      |        | add_ln224_95   | add | fabric    | 0       |
|   add_ln224_96_fu_112591_p2                     |      |        | add_ln224_96   | add | fabric    | 0       |
|   add_ln224_97_fu_112601_p2                     |      |        | add_ln224_97   | add | fabric    | 0       |
|   add_ln224_98_fu_112611_p2                     |      |        | add_ln224_98   | add | fabric    | 0       |
|   add_ln224_99_fu_112621_p2                     |      |        | add_ln224_99   | add | fabric    | 0       |
|   add_ln224_100_fu_112631_p2                    |      |        | add_ln224_100  | add | fabric    | 0       |
|   add_ln224_101_fu_112641_p2                    |      |        | add_ln224_101  | add | fabric    | 0       |
|   add_ln224_102_fu_112651_p2                    |      |        | add_ln224_102  | add | fabric    | 0       |
|   add_ln224_103_fu_112661_p2                    |      |        | add_ln224_103  | add | fabric    | 0       |
|   add_ln224_104_fu_112671_p2                    |      |        | add_ln224_104  | add | fabric    | 0       |
|   add_ln224_105_fu_112681_p2                    |      |        | add_ln224_105  | add | fabric    | 0       |
|   add_ln224_106_fu_112691_p2                    |      |        | add_ln224_106  | add | fabric    | 0       |
|   add_ln224_107_fu_112701_p2                    |      |        | add_ln224_107  | add | fabric    | 0       |
|   add_ln224_108_fu_112711_p2                    |      |        | add_ln224_108  | add | fabric    | 0       |
|   add_ln224_109_fu_112721_p2                    |      |        | add_ln224_109  | add | fabric    | 0       |
|   add_ln224_110_fu_112731_p2                    |      |        | add_ln224_110  | add | fabric    | 0       |
|   add_ln224_111_fu_112741_p2                    |      |        | add_ln224_111  | add | fabric    | 0       |
|   add_ln224_112_fu_112751_p2                    |      |        | add_ln224_112  | add | fabric    | 0       |
|   add_ln224_113_fu_112761_p2                    |      |        | add_ln224_113  | add | fabric    | 0       |
|   add_ln224_114_fu_112771_p2                    |      |        | add_ln224_114  | add | fabric    | 0       |
|   add_ln224_115_fu_112781_p2                    |      |        | add_ln224_115  | add | fabric    | 0       |
|   add_ln224_116_fu_112791_p2                    |      |        | add_ln224_116  | add | fabric    | 0       |
|   add_ln224_117_fu_112801_p2                    |      |        | add_ln224_117  | add | fabric    | 0       |
|   add_ln224_118_fu_112811_p2                    |      |        | add_ln224_118  | add | fabric    | 0       |
|   add_ln224_119_fu_112821_p2                    |      |        | add_ln224_119  | add | fabric    | 0       |
|   add_ln224_120_fu_112831_p2                    |      |        | add_ln224_120  | add | fabric    | 0       |
|   add_ln224_121_fu_112841_p2                    |      |        | add_ln224_121  | add | fabric    | 0       |
|   add_ln224_122_fu_112851_p2                    |      |        | add_ln224_122  | add | fabric    | 0       |
|   add_ln224_123_fu_170071_p2                    |      |        | add_ln224_123  | add | fabric    | 0       |
|   add_ln224_124_fu_170081_p2                    |      |        | add_ln224_124  | add | fabric    | 0       |
|   add_ln224_125_fu_112857_p2                    |      |        | add_ln224_125  | add | fabric    | 0       |
|   add_ln224_126_fu_112867_p2                    |      |        | add_ln224_126  | add | fabric    | 0       |
|   add_ln224_127_fu_112877_p2                    |      |        | add_ln224_127  | add | fabric    | 0       |
|   add_ln224_128_fu_112887_p2                    |      |        | add_ln224_128  | add | fabric    | 0       |
|   add_ln224_129_fu_112897_p2                    |      |        | add_ln224_129  | add | fabric    | 0       |
|   add_ln224_130_fu_112907_p2                    |      |        | add_ln224_130  | add | fabric    | 0       |
|   add_ln224_131_fu_112917_p2                    |      |        | add_ln224_131  | add | fabric    | 0       |
|   add_ln224_132_fu_112927_p2                    |      |        | add_ln224_132  | add | fabric    | 0       |
|   add_ln224_133_fu_112937_p2                    |      |        | add_ln224_133  | add | fabric    | 0       |
|   add_ln224_134_fu_112947_p2                    |      |        | add_ln224_134  | add | fabric    | 0       |
|   add_ln224_135_fu_112957_p2                    |      |        | add_ln224_135  | add | fabric    | 0       |
|   add_ln224_136_fu_112967_p2                    |      |        | add_ln224_136  | add | fabric    | 0       |
|   add_ln224_137_fu_112977_p2                    |      |        | add_ln224_137  | add | fabric    | 0       |
|   add_ln224_138_fu_112987_p2                    |      |        | add_ln224_138  | add | fabric    | 0       |
|   add_ln224_139_fu_112997_p2                    |      |        | add_ln224_139  | add | fabric    | 0       |
|   add_ln224_140_fu_113007_p2                    |      |        | add_ln224_140  | add | fabric    | 0       |
|   add_ln224_141_fu_113017_p2                    |      |        | add_ln224_141  | add | fabric    | 0       |
|   add_ln224_142_fu_113027_p2                    |      |        | add_ln224_142  | add | fabric    | 0       |
|   add_ln224_143_fu_113037_p2                    |      |        | add_ln224_143  | add | fabric    | 0       |
|   add_ln224_144_fu_113047_p2                    |      |        | add_ln224_144  | add | fabric    | 0       |
|   add_ln224_145_fu_113057_p2                    |      |        | add_ln224_145  | add | fabric    | 0       |
|   add_ln224_146_fu_113067_p2                    |      |        | add_ln224_146  | add | fabric    | 0       |
|   add_ln224_147_fu_113077_p2                    |      |        | add_ln224_147  | add | fabric    | 0       |
|   add_ln224_148_fu_113087_p2                    |      |        | add_ln224_148  | add | fabric    | 0       |
|   add_ln224_149_fu_113097_p2                    |      |        | add_ln224_149  | add | fabric    | 0       |
|   add_ln224_150_fu_113107_p2                    |      |        | add_ln224_150  | add | fabric    | 0       |
|   add_ln224_151_fu_113117_p2                    |      |        | add_ln224_151  | add | fabric    | 0       |
|   add_ln224_152_fu_113127_p2                    |      |        | add_ln224_152  | add | fabric    | 0       |
|   add_ln224_153_fu_113137_p2                    |      |        | add_ln224_153  | add | fabric    | 0       |
|   add_ln224_154_fu_113147_p2                    |      |        | add_ln224_154  | add | fabric    | 0       |
|   add_ln224_155_fu_113153_p2                    |      |        | add_ln224_155  | add | fabric    | 0       |
|   add_ln224_156_fu_113163_p2                    |      |        | add_ln224_156  | add | fabric    | 0       |
|   add_ln224_157_fu_113173_p2                    |      |        | add_ln224_157  | add | fabric    | 0       |
|   add_ln224_158_fu_113183_p2                    |      |        | add_ln224_158  | add | fabric    | 0       |
|   add_ln224_159_fu_113193_p2                    |      |        | add_ln224_159  | add | fabric    | 0       |
|   add_ln224_160_fu_113203_p2                    |      |        | add_ln224_160  | add | fabric    | 0       |
|   add_ln224_161_fu_113213_p2                    |      |        | add_ln224_161  | add | fabric    | 0       |
|   add_ln224_162_fu_113223_p2                    |      |        | add_ln224_162  | add | fabric    | 0       |
|   add_ln224_163_fu_113233_p2                    |      |        | add_ln224_163  | add | fabric    | 0       |
|   add_ln224_164_fu_113243_p2                    |      |        | add_ln224_164  | add | fabric    | 0       |
|   add_ln224_165_fu_113253_p2                    |      |        | add_ln224_165  | add | fabric    | 0       |
|   add_ln224_166_fu_113263_p2                    |      |        | add_ln224_166  | add | fabric    | 0       |
|   add_ln224_167_fu_113273_p2                    |      |        | add_ln224_167  | add | fabric    | 0       |
|   add_ln224_168_fu_113283_p2                    |      |        | add_ln224_168  | add | fabric    | 0       |
|   add_ln224_169_fu_113293_p2                    |      |        | add_ln224_169  | add | fabric    | 0       |
|   add_ln224_170_fu_113303_p2                    |      |        | add_ln224_170  | add | fabric    | 0       |
|   add_ln224_171_fu_113313_p2                    |      |        | add_ln224_171  | add | fabric    | 0       |
|   add_ln224_172_fu_113323_p2                    |      |        | add_ln224_172  | add | fabric    | 0       |
|   add_ln224_173_fu_113333_p2                    |      |        | add_ln224_173  | add | fabric    | 0       |
|   add_ln224_174_fu_113343_p2                    |      |        | add_ln224_174  | add | fabric    | 0       |
|   add_ln224_175_fu_113353_p2                    |      |        | add_ln224_175  | add | fabric    | 0       |
|   add_ln224_176_fu_113363_p2                    |      |        | add_ln224_176  | add | fabric    | 0       |
|   add_ln224_177_fu_113373_p2                    |      |        | add_ln224_177  | add | fabric    | 0       |
|   add_ln224_178_fu_113383_p2                    |      |        | add_ln224_178  | add | fabric    | 0       |
|   add_ln224_179_fu_113393_p2                    |      |        | add_ln224_179  | add | fabric    | 0       |
|   add_ln224_180_fu_113403_p2                    |      |        | add_ln224_180  | add | fabric    | 0       |
|   add_ln224_181_fu_113413_p2                    |      |        | add_ln224_181  | add | fabric    | 0       |
|   add_ln224_182_fu_113423_p2                    |      |        | add_ln224_182  | add | fabric    | 0       |
|   add_ln224_183_fu_113433_p2                    |      |        | add_ln224_183  | add | fabric    | 0       |
|   add_ln224_184_fu_113443_p2                    |      |        | add_ln224_184  | add | fabric    | 0       |
|   add_ln224_185_fu_113453_p2                    |      |        | add_ln224_185  | add | fabric    | 0       |
|   add_ln224_186_fu_170097_p2                    |      |        | add_ln224_186  | add | fabric    | 0       |
|   add_ln224_187_fu_113459_p2                    |      |        | add_ln224_187  | add | fabric    | 0       |
|   add_ln224_188_fu_113469_p2                    |      |        | add_ln224_188  | add | fabric    | 0       |
|   add_ln224_189_fu_113479_p2                    |      |        | add_ln224_189  | add | fabric    | 0       |
|   add_ln224_190_fu_113489_p2                    |      |        | add_ln224_190  | add | fabric    | 0       |
|   add_ln224_191_fu_113499_p2                    |      |        | add_ln224_191  | add | fabric    | 0       |
|   add_ln224_192_fu_113509_p2                    |      |        | add_ln224_192  | add | fabric    | 0       |
|   add_ln224_193_fu_113519_p2                    |      |        | add_ln224_193  | add | fabric    | 0       |
|   add_ln224_194_fu_113529_p2                    |      |        | add_ln224_194  | add | fabric    | 0       |
|   add_ln224_195_fu_113539_p2                    |      |        | add_ln224_195  | add | fabric    | 0       |
|   add_ln224_196_fu_113549_p2                    |      |        | add_ln224_196  | add | fabric    | 0       |
|   add_ln224_197_fu_113559_p2                    |      |        | add_ln224_197  | add | fabric    | 0       |
|   add_ln224_198_fu_113569_p2                    |      |        | add_ln224_198  | add | fabric    | 0       |
|   add_ln224_199_fu_113579_p2                    |      |        | add_ln224_199  | add | fabric    | 0       |
|   add_ln224_200_fu_113589_p2                    |      |        | add_ln224_200  | add | fabric    | 0       |
|   add_ln224_201_fu_113599_p2                    |      |        | add_ln224_201  | add | fabric    | 0       |
|   add_ln224_202_fu_113609_p2                    |      |        | add_ln224_202  | add | fabric    | 0       |
|   add_ln224_203_fu_113619_p2                    |      |        | add_ln224_203  | add | fabric    | 0       |
|   add_ln224_204_fu_113629_p2                    |      |        | add_ln224_204  | add | fabric    | 0       |
|   add_ln224_205_fu_113639_p2                    |      |        | add_ln224_205  | add | fabric    | 0       |
|   add_ln224_206_fu_113649_p2                    |      |        | add_ln224_206  | add | fabric    | 0       |
|   add_ln224_207_fu_113659_p2                    |      |        | add_ln224_207  | add | fabric    | 0       |
|   add_ln224_208_fu_113669_p2                    |      |        | add_ln224_208  | add | fabric    | 0       |
|   add_ln224_209_fu_113679_p2                    |      |        | add_ln224_209  | add | fabric    | 0       |
|   add_ln224_210_fu_113689_p2                    |      |        | add_ln224_210  | add | fabric    | 0       |
|   add_ln224_211_fu_113699_p2                    |      |        | add_ln224_211  | add | fabric    | 0       |
|   add_ln224_212_fu_113709_p2                    |      |        | add_ln224_212  | add | fabric    | 0       |
|   add_ln224_213_fu_113719_p2                    |      |        | add_ln224_213  | add | fabric    | 0       |
|   add_ln224_214_fu_113729_p2                    |      |        | add_ln224_214  | add | fabric    | 0       |
|   add_ln224_215_fu_113739_p2                    |      |        | add_ln224_215  | add | fabric    | 0       |
|   add_ln224_216_fu_113749_p2                    |      |        | add_ln224_216  | add | fabric    | 0       |
|   add_ln224_217_fu_113759_p2                    |      |        | add_ln224_217  | add | fabric    | 0       |
|   add_ln224_218_fu_113765_p2                    |      |        | add_ln224_218  | add | fabric    | 0       |
|   add_ln224_219_fu_113775_p2                    |      |        | add_ln224_219  | add | fabric    | 0       |
|   add_ln224_220_fu_113785_p2                    |      |        | add_ln224_220  | add | fabric    | 0       |
|   add_ln224_221_fu_113795_p2                    |      |        | add_ln224_221  | add | fabric    | 0       |
|   add_ln224_222_fu_113805_p2                    |      |        | add_ln224_222  | add | fabric    | 0       |
|   add_ln224_223_fu_113815_p2                    |      |        | add_ln224_223  | add | fabric    | 0       |
|   add_ln224_224_fu_113825_p2                    |      |        | add_ln224_224  | add | fabric    | 0       |
|   add_ln224_225_fu_113835_p2                    |      |        | add_ln224_225  | add | fabric    | 0       |
|   add_ln224_226_fu_113845_p2                    |      |        | add_ln224_226  | add | fabric    | 0       |
|   add_ln224_227_fu_113855_p2                    |      |        | add_ln224_227  | add | fabric    | 0       |
|   add_ln224_228_fu_113865_p2                    |      |        | add_ln224_228  | add | fabric    | 0       |
|   add_ln224_229_fu_113875_p2                    |      |        | add_ln224_229  | add | fabric    | 0       |
|   add_ln224_230_fu_113885_p2                    |      |        | add_ln224_230  | add | fabric    | 0       |
|   add_ln224_231_fu_113895_p2                    |      |        | add_ln224_231  | add | fabric    | 0       |
|   add_ln224_232_fu_113905_p2                    |      |        | add_ln224_232  | add | fabric    | 0       |
|   add_ln224_233_fu_113915_p2                    |      |        | add_ln224_233  | add | fabric    | 0       |
|   add_ln224_234_fu_113925_p2                    |      |        | add_ln224_234  | add | fabric    | 0       |
|   add_ln224_235_fu_113935_p2                    |      |        | add_ln224_235  | add | fabric    | 0       |
|   add_ln224_236_fu_113945_p2                    |      |        | add_ln224_236  | add | fabric    | 0       |
|   add_ln224_237_fu_113955_p2                    |      |        | add_ln224_237  | add | fabric    | 0       |
|   add_ln224_238_fu_113965_p2                    |      |        | add_ln224_238  | add | fabric    | 0       |
|   add_ln224_239_fu_113975_p2                    |      |        | add_ln224_239  | add | fabric    | 0       |
|   add_ln224_240_fu_113985_p2                    |      |        | add_ln224_240  | add | fabric    | 0       |
|   add_ln224_241_fu_113995_p2                    |      |        | add_ln224_241  | add | fabric    | 0       |
|   add_ln224_242_fu_114005_p2                    |      |        | add_ln224_242  | add | fabric    | 0       |
|   add_ln224_243_fu_114015_p2                    |      |        | add_ln224_243  | add | fabric    | 0       |
|   add_ln224_244_fu_114025_p2                    |      |        | add_ln224_244  | add | fabric    | 0       |
|   add_ln224_245_fu_114035_p2                    |      |        | add_ln224_245  | add | fabric    | 0       |
|   add_ln224_246_fu_114045_p2                    |      |        | add_ln224_246  | add | fabric    | 0       |
|   add_ln224_247_fu_114055_p2                    |      |        | add_ln224_247  | add | fabric    | 0       |
|   add_ln224_248_fu_114065_p2                    |      |        | add_ln224_248  | add | fabric    | 0       |
|   add_ln224_249_fu_170113_p2                    |      |        | add_ln224_249  | add | fabric    | 0       |
|   add_ln224_250_fu_170123_p2                    |      |        | add_ln224_250  | add | fabric    | 0       |
|   am_addmul_20s_20s_10ns_32_1_1_U1318           | 1    |        | add_ln224_251  | add | dsp_slice | 0       |
|   add_ln225_441_fu_114071_p2                    |      |        | add_ln225_441  | add | fabric    | 0       |
|   add_ln225_442_fu_114081_p2                    |      |        | add_ln225_442  | add | fabric    | 0       |
|   add_ln225_443_fu_114091_p2                    |      |        | add_ln225_443  | add | fabric    | 0       |
|   add_ln225_444_fu_114101_p2                    |      |        | add_ln225_444  | add | fabric    | 0       |
|   add_ln225_445_fu_114111_p2                    |      |        | add_ln225_445  | add | fabric    | 0       |
|   add_ln225_446_fu_114121_p2                    |      |        | add_ln225_446  | add | fabric    | 0       |
|   add_ln225_447_fu_114131_p2                    |      |        | add_ln225_447  | add | fabric    | 0       |
|   add_ln225_448_fu_114141_p2                    |      |        | add_ln225_448  | add | fabric    | 0       |
|   add_ln225_449_fu_114151_p2                    |      |        | add_ln225_449  | add | fabric    | 0       |
|   add_ln225_450_fu_114161_p2                    |      |        | add_ln225_450  | add | fabric    | 0       |
|   add_ln225_451_fu_114167_p2                    |      |        | add_ln225_451  | add | fabric    | 0       |
|   add_ln225_452_fu_114177_p2                    |      |        | add_ln225_452  | add | fabric    | 0       |
|   add_ln225_453_fu_114187_p2                    |      |        | add_ln225_453  | add | fabric    | 0       |
|   add_ln225_454_fu_114197_p2                    |      |        | add_ln225_454  | add | fabric    | 0       |
|   add_ln225_455_fu_114207_p2                    |      |        | add_ln225_455  | add | fabric    | 0       |
|   add_ln225_456_fu_114217_p2                    |      |        | add_ln225_456  | add | fabric    | 0       |
|   add_ln225_457_fu_114227_p2                    |      |        | add_ln225_457  | add | fabric    | 0       |
|   add_ln225_458_fu_114237_p2                    |      |        | add_ln225_458  | add | fabric    | 0       |
|   add_ln225_459_fu_114247_p2                    |      |        | add_ln225_459  | add | fabric    | 0       |
|   add_ln225_460_fu_114257_p2                    |      |        | add_ln225_460  | add | fabric    | 0       |
|   am_addmul_16s_16s_16ns_34_1_1_U1319           | 1    |        | add_ln225_461  | add | dsp_slice | 0       |
|   am_addmul_20s_20s_10ns_32_1_1_U1318           | 1    |        | mul_ln230      | mul | dsp_slice | 0       |
|   jmass_1_fu_171362_p2                          |      |        | jmass_1        | add | fabric    | 0       |
|   am_addmul_16s_16s_16ns_34_1_1_U1297           | 1    |        | mul_ln235      | mul | dsp_slice | 0       |
|   add_ln235_fu_171557_p2                        |      |        | add_ln235      | add | fabric    | 0       |
|   am_addmul_16s_16s_16ns_34_1_1_U1298           | 1    |        | mul_ln235_1    | mul | dsp_slice | 0       |
|   add_ln235_1_fu_171732_p2                      |      |        | add_ln235_1    | add | fabric    | 0       |
|   am_addmul_16s_16s_16ns_34_1_1_U1299           | 1    |        | mul_ln235_2    | mul | dsp_slice | 0       |
|   add_ln235_2_fu_171907_p2                      |      |        | add_ln235_2    | add | fabric    | 0       |
|   am_addmul_16s_16s_16ns_34_1_1_U1300           | 1    |        | mul_ln235_3    | mul | dsp_slice | 0       |
|   add_ln235_3_fu_172082_p2                      |      |        | add_ln235_3    | add | fabric    | 0       |
|   am_addmul_16s_16s_16ns_34_1_1_U1301           | 1    |        | mul_ln235_4    | mul | dsp_slice | 0       |
|   add_ln235_4_fu_172257_p2                      |      |        | add_ln235_4    | add | fabric    | 0       |
|   am_addmul_16s_16s_16ns_34_1_1_U1302           | 1    |        | mul_ln235_5    | mul | dsp_slice | 0       |
|   add_ln235_5_fu_172432_p2                      |      |        | add_ln235_5    | add | fabric    | 0       |
|   am_addmul_16s_16s_16ns_34_1_1_U1303           | 1    |        | mul_ln235_6    | mul | dsp_slice | 0       |
|   add_ln235_6_fu_172607_p2                      |      |        | add_ln235_6    | add | fabric    | 0       |
|   am_addmul_16s_16s_16ns_34_1_1_U1304           | 1    |        | mul_ln235_7    | mul | dsp_slice | 0       |
|   add_ln235_7_fu_172782_p2                      |      |        | add_ln235_7    | add | fabric    | 0       |
|   am_addmul_16s_16s_16ns_34_1_1_U1305           | 1    |        | mul_ln235_8    | mul | dsp_slice | 0       |
|   add_ln235_8_fu_172957_p2                      |      |        | add_ln235_8    | add | fabric    | 0       |
|   am_addmul_16s_16s_16ns_34_1_1_U1306           | 1    |        | mul_ln235_9    | mul | dsp_slice | 0       |
|   add_ln235_9_fu_173132_p2                      |      |        | add_ln235_9    | add | fabric    | 0       |
|   am_addmul_16s_16s_16ns_34_1_1_U1307           | 1    |        | mul_ln235_10   | mul | dsp_slice | 0       |
|   add_ln235_10_fu_173307_p2                     |      |        | add_ln235_10   | add | fabric    | 0       |
|   am_addmul_16s_16s_16ns_34_1_1_U1308           | 1    |        | mul_ln235_11   | mul | dsp_slice | 0       |
|   add_ln235_11_fu_173482_p2                     |      |        | add_ln235_11   | add | fabric    | 0       |
|   am_addmul_16s_16s_16ns_34_1_1_U1309           | 1    |        | mul_ln235_12   | mul | dsp_slice | 0       |
|   add_ln235_12_fu_173657_p2                     |      |        | add_ln235_12   | add | fabric    | 0       |
|   am_addmul_16s_16s_16ns_34_1_1_U1310           | 1    |        | mul_ln235_13   | mul | dsp_slice | 0       |
|   add_ln235_13_fu_173832_p2                     |      |        | add_ln235_13   | add | fabric    | 0       |
|   am_addmul_16s_16s_16ns_34_1_1_U1311           | 1    |        | mul_ln235_14   | mul | dsp_slice | 0       |
|   add_ln235_14_fu_174007_p2                     |      |        | add_ln235_14   | add | fabric    | 0       |
|   am_addmul_16s_16s_16ns_34_1_1_U1312           | 1    |        | mul_ln235_15   | mul | dsp_slice | 0       |
|   add_ln235_15_fu_174182_p2                     |      |        | add_ln235_15   | add | fabric    | 0       |
|   am_addmul_16s_16s_16ns_34_1_1_U1313           | 1    |        | mul_ln235_16   | mul | dsp_slice | 0       |
|   add_ln235_16_fu_174357_p2                     |      |        | add_ln235_16   | add | fabric    | 0       |
|   am_addmul_16s_16s_16ns_34_1_1_U1314           | 1    |        | mul_ln235_17   | mul | dsp_slice | 0       |
|   add_ln235_17_fu_174532_p2                     |      |        | add_ln235_17   | add | fabric    | 0       |
|   am_addmul_16s_16s_16ns_34_1_1_U1315           | 1    |        | mul_ln235_18   | mul | dsp_slice | 0       |
|   add_ln235_18_fu_174707_p2                     |      |        | add_ln235_18   | add | fabric    | 0       |
|   am_addmul_16s_16s_16ns_34_1_1_U1316           | 1    |        | mul_ln235_19   | mul | dsp_slice | 0       |
|   add_ln235_19_fu_174882_p2                     |      |        | add_ln235_19   | add | fabric    | 0       |
|   am_addmul_16s_16s_16ns_34_1_1_U1317           | 1    |        | mul_ln235_20   | mul | dsp_slice | 0       |
|   add_ln235_20_fu_175057_p2                     |      |        | add_ln235_20   | add | fabric    | 0       |
|   am_addmul_16s_16s_16ns_34_1_1_U1319           | 1    |        | mul_ln235_21   | mul | dsp_slice | 0       |
|   add_ln235_21_fu_175232_p2                     |      |        | add_ln235_21   | add | fabric    | 0       |
|   add_ln260_fu_114307_p2                        |      |        | add_ln260      | add | fabric    | 0       |
|   add_ln260_1_fu_114527_p2                      |      |        | add_ln260_1    | add | fabric    | 0       |
|   add_ln260_2_fu_114747_p2                      |      |        | add_ln260_2    | add | fabric    | 0       |
|   add_ln260_3_fu_114967_p2                      |      |        | add_ln260_3    | add | fabric    | 0       |
|   add_ln260_4_fu_115187_p2                      |      |        | add_ln260_4    | add | fabric    | 0       |
|   add_ln260_5_fu_115407_p2                      |      |        | add_ln260_5    | add | fabric    | 0       |
|   add_ln260_6_fu_115627_p2                      |      |        | add_ln260_6    | add | fabric    | 0       |
|   add_ln260_7_fu_115847_p2                      |      |        | add_ln260_7    | add | fabric    | 0       |
|   add_ln260_8_fu_116067_p2                      |      |        | add_ln260_8    | add | fabric    | 0       |
|   add_ln260_9_fu_116287_p2                      |      |        | add_ln260_9    | add | fabric    | 0       |
|   add_ln260_10_fu_116507_p2                     |      |        | add_ln260_10   | add | fabric    | 0       |
|   add_ln260_11_fu_116727_p2                     |      |        | add_ln260_11   | add | fabric    | 0       |
|   add_ln260_12_fu_116947_p2                     |      |        | add_ln260_12   | add | fabric    | 0       |
|   add_ln260_13_fu_117167_p2                     |      |        | add_ln260_13   | add | fabric    | 0       |
|   add_ln260_14_fu_117387_p2                     |      |        | add_ln260_14   | add | fabric    | 0       |
|   add_ln260_15_fu_117607_p2                     |      |        | add_ln260_15   | add | fabric    | 0       |
|   add_ln260_16_fu_117827_p2                     |      |        | add_ln260_16   | add | fabric    | 0       |
|   add_ln260_17_fu_118047_p2                     |      |        | add_ln260_17   | add | fabric    | 0       |
|   add_ln260_18_fu_118267_p2                     |      |        | add_ln260_18   | add | fabric    | 0       |
|   add_ln260_19_fu_118487_p2                     |      |        | add_ln260_19   | add | fabric    | 0       |
|   add_ln260_20_fu_118707_p2                     |      |        | add_ln260_20   | add | fabric    | 0       |
|   add_ln260_21_fu_118927_p2                     |      |        | add_ln260_21   | add | fabric    | 0       |
|   add_ln260_22_fu_119147_p2                     |      |        | add_ln260_22   | add | fabric    | 0       |
|   add_ln260_23_fu_119367_p2                     |      |        | add_ln260_23   | add | fabric    | 0       |
|   add_ln260_24_fu_119587_p2                     |      |        | add_ln260_24   | add | fabric    | 0       |
|   add_ln260_25_fu_119807_p2                     |      |        | add_ln260_25   | add | fabric    | 0       |
|   add_ln260_26_fu_120027_p2                     |      |        | add_ln260_26   | add | fabric    | 0       |
|   add_ln260_27_fu_120247_p2                     |      |        | add_ln260_27   | add | fabric    | 0       |
|   add_ln260_28_fu_120467_p2                     |      |        | add_ln260_28   | add | fabric    | 0       |
|   add_ln260_29_fu_120687_p2                     |      |        | add_ln260_29   | add | fabric    | 0       |
|   add_ln260_30_fu_120907_p2                     |      |        | add_ln260_30   | add | fabric    | 0       |
|   add_ln260_31_fu_121127_p2                     |      |        | add_ln260_31   | add | fabric    | 0       |
|   add_ln260_32_fu_121347_p2                     |      |        | add_ln260_32   | add | fabric    | 0       |
|   add_ln260_33_fu_121567_p2                     |      |        | add_ln260_33   | add | fabric    | 0       |
|   add_ln260_34_fu_121787_p2                     |      |        | add_ln260_34   | add | fabric    | 0       |
|   add_ln260_35_fu_122007_p2                     |      |        | add_ln260_35   | add | fabric    | 0       |
|   add_ln260_36_fu_122227_p2                     |      |        | add_ln260_36   | add | fabric    | 0       |
|   add_ln260_37_fu_122447_p2                     |      |        | add_ln260_37   | add | fabric    | 0       |
|   add_ln260_38_fu_122667_p2                     |      |        | add_ln260_38   | add | fabric    | 0       |
|   add_ln260_39_fu_122887_p2                     |      |        | add_ln260_39   | add | fabric    | 0       |
|   add_ln260_40_fu_123107_p2                     |      |        | add_ln260_40   | add | fabric    | 0       |
|   add_ln260_41_fu_123327_p2                     |      |        | add_ln260_41   | add | fabric    | 0       |
|   add_ln260_42_fu_123547_p2                     |      |        | add_ln260_42   | add | fabric    | 0       |
|   add_ln260_43_fu_123767_p2                     |      |        | add_ln260_43   | add | fabric    | 0       |
|   add_ln260_44_fu_123987_p2                     |      |        | add_ln260_44   | add | fabric    | 0       |
|   add_ln260_45_fu_124207_p2                     |      |        | add_ln260_45   | add | fabric    | 0       |
|   add_ln260_46_fu_124427_p2                     |      |        | add_ln260_46   | add | fabric    | 0       |
|   add_ln260_47_fu_124647_p2                     |      |        | add_ln260_47   | add | fabric    | 0       |
|   add_ln260_48_fu_124867_p2                     |      |        | add_ln260_48   | add | fabric    | 0       |
|   add_ln260_49_fu_125087_p2                     |      |        | add_ln260_49   | add | fabric    | 0       |
|   add_ln260_50_fu_125307_p2                     |      |        | add_ln260_50   | add | fabric    | 0       |
|   add_ln260_51_fu_125527_p2                     |      |        | add_ln260_51   | add | fabric    | 0       |
|   add_ln260_52_fu_125747_p2                     |      |        | add_ln260_52   | add | fabric    | 0       |
|   add_ln260_53_fu_125967_p2                     |      |        | add_ln260_53   | add | fabric    | 0       |
|   add_ln260_54_fu_126187_p2                     |      |        | add_ln260_54   | add | fabric    | 0       |
|   add_ln260_55_fu_126407_p2                     |      |        | add_ln260_55   | add | fabric    | 0       |
|   add_ln260_56_fu_126627_p2                     |      |        | add_ln260_56   | add | fabric    | 0       |
|   add_ln260_57_fu_126847_p2                     |      |        | add_ln260_57   | add | fabric    | 0       |
|   add_ln260_58_fu_127067_p2                     |      |        | add_ln260_58   | add | fabric    | 0       |
|   add_ln260_59_fu_127287_p2                     |      |        | add_ln260_59   | add | fabric    | 0       |
|   add_ln260_60_fu_127507_p2                     |      |        | add_ln260_60   | add | fabric    | 0       |
|   add_ln260_61_fu_127727_p2                     |      |        | add_ln260_61   | add | fabric    | 0       |
|   add_ln260_62_fu_127947_p2                     |      |        | add_ln260_62   | add | fabric    | 0       |
|   add_ln260_63_fu_128167_p2                     |      |        | add_ln260_63   | add | fabric    | 0       |
|   add_ln260_64_fu_128387_p2                     |      |        | add_ln260_64   | add | fabric    | 0       |
|   add_ln260_65_fu_128607_p2                     |      |        | add_ln260_65   | add | fabric    | 0       |
|   add_ln260_66_fu_128827_p2                     |      |        | add_ln260_66   | add | fabric    | 0       |
|   add_ln260_67_fu_129047_p2                     |      |        | add_ln260_67   | add | fabric    | 0       |
|   add_ln260_68_fu_129267_p2                     |      |        | add_ln260_68   | add | fabric    | 0       |
|   add_ln260_69_fu_129487_p2                     |      |        | add_ln260_69   | add | fabric    | 0       |
|   add_ln260_70_fu_129707_p2                     |      |        | add_ln260_70   | add | fabric    | 0       |
|   add_ln260_71_fu_129927_p2                     |      |        | add_ln260_71   | add | fabric    | 0       |
|   add_ln260_72_fu_130147_p2                     |      |        | add_ln260_72   | add | fabric    | 0       |
|   add_ln260_73_fu_130367_p2                     |      |        | add_ln260_73   | add | fabric    | 0       |
|   add_ln260_74_fu_130587_p2                     |      |        | add_ln260_74   | add | fabric    | 0       |
|   add_ln260_75_fu_130807_p2                     |      |        | add_ln260_75   | add | fabric    | 0       |
|   add_ln260_76_fu_131027_p2                     |      |        | add_ln260_76   | add | fabric    | 0       |
|   add_ln260_77_fu_131247_p2                     |      |        | add_ln260_77   | add | fabric    | 0       |
|   add_ln260_78_fu_131467_p2                     |      |        | add_ln260_78   | add | fabric    | 0       |
|   add_ln260_79_fu_131687_p2                     |      |        | add_ln260_79   | add | fabric    | 0       |
|   add_ln260_80_fu_131907_p2                     |      |        | add_ln260_80   | add | fabric    | 0       |
|   add_ln260_81_fu_132127_p2                     |      |        | add_ln260_81   | add | fabric    | 0       |
|   add_ln260_82_fu_132347_p2                     |      |        | add_ln260_82   | add | fabric    | 0       |
|   add_ln260_83_fu_132567_p2                     |      |        | add_ln260_83   | add | fabric    | 0       |
|   add_ln260_84_fu_132787_p2                     |      |        | add_ln260_84   | add | fabric    | 0       |
|   add_ln260_85_fu_133007_p2                     |      |        | add_ln260_85   | add | fabric    | 0       |
|   add_ln260_86_fu_133227_p2                     |      |        | add_ln260_86   | add | fabric    | 0       |
|   add_ln260_87_fu_133447_p2                     |      |        | add_ln260_87   | add | fabric    | 0       |
|   add_ln260_88_fu_133667_p2                     |      |        | add_ln260_88   | add | fabric    | 0       |
|   add_ln260_89_fu_133887_p2                     |      |        | add_ln260_89   | add | fabric    | 0       |
|   add_ln260_90_fu_134107_p2                     |      |        | add_ln260_90   | add | fabric    | 0       |
|   add_ln260_91_fu_134327_p2                     |      |        | add_ln260_91   | add | fabric    | 0       |
|   add_ln260_92_fu_134547_p2                     |      |        | add_ln260_92   | add | fabric    | 0       |
|   add_ln260_93_fu_134767_p2                     |      |        | add_ln260_93   | add | fabric    | 0       |
|   add_ln260_94_fu_134987_p2                     |      |        | add_ln260_94   | add | fabric    | 0       |
|   add_ln260_95_fu_135207_p2                     |      |        | add_ln260_95   | add | fabric    | 0       |
|   add_ln260_96_fu_135427_p2                     |      |        | add_ln260_96   | add | fabric    | 0       |
|   add_ln260_97_fu_135647_p2                     |      |        | add_ln260_97   | add | fabric    | 0       |
|   add_ln260_98_fu_135867_p2                     |      |        | add_ln260_98   | add | fabric    | 0       |
|   add_ln260_99_fu_136087_p2                     |      |        | add_ln260_99   | add | fabric    | 0       |
|   add_ln260_100_fu_136307_p2                    |      |        | add_ln260_100  | add | fabric    | 0       |
|   add_ln260_101_fu_136527_p2                    |      |        | add_ln260_101  | add | fabric    | 0       |
|   add_ln260_102_fu_136747_p2                    |      |        | add_ln260_102  | add | fabric    | 0       |
|   add_ln260_103_fu_136967_p2                    |      |        | add_ln260_103  | add | fabric    | 0       |
|   add_ln260_104_fu_137187_p2                    |      |        | add_ln260_104  | add | fabric    | 0       |
|   add_ln260_105_fu_137407_p2                    |      |        | add_ln260_105  | add | fabric    | 0       |
|   add_ln260_106_fu_137627_p2                    |      |        | add_ln260_106  | add | fabric    | 0       |
|   add_ln260_107_fu_137847_p2                    |      |        | add_ln260_107  | add | fabric    | 0       |
|   add_ln260_108_fu_138067_p2                    |      |        | add_ln260_108  | add | fabric    | 0       |
|   add_ln260_109_fu_138287_p2                    |      |        | add_ln260_109  | add | fabric    | 0       |
|   add_ln260_110_fu_138507_p2                    |      |        | add_ln260_110  | add | fabric    | 0       |
|   add_ln260_111_fu_138727_p2                    |      |        | add_ln260_111  | add | fabric    | 0       |
|   add_ln260_112_fu_138947_p2                    |      |        | add_ln260_112  | add | fabric    | 0       |
|   add_ln260_113_fu_139167_p2                    |      |        | add_ln260_113  | add | fabric    | 0       |
|   add_ln260_114_fu_139387_p2                    |      |        | add_ln260_114  | add | fabric    | 0       |
|   add_ln260_115_fu_139607_p2                    |      |        | add_ln260_115  | add | fabric    | 0       |
|   add_ln260_116_fu_139827_p2                    |      |        | add_ln260_116  | add | fabric    | 0       |
|   add_ln260_117_fu_140047_p2                    |      |        | add_ln260_117  | add | fabric    | 0       |
|   add_ln260_118_fu_140267_p2                    |      |        | add_ln260_118  | add | fabric    | 0       |
|   add_ln260_119_fu_140487_p2                    |      |        | add_ln260_119  | add | fabric    | 0       |
|   add_ln260_120_fu_140707_p2                    |      |        | add_ln260_120  | add | fabric    | 0       |
|   add_ln260_121_fu_140927_p2                    |      |        | add_ln260_121  | add | fabric    | 0       |
|   add_ln260_122_fu_141147_p2                    |      |        | add_ln260_122  | add | fabric    | 0       |
|   add_ln260_123_fu_141367_p2                    |      |        | add_ln260_123  | add | fabric    | 0       |
|   add_ln260_124_fu_141587_p2                    |      |        | add_ln260_124  | add | fabric    | 0       |
|   add_ln260_125_fu_141807_p2                    |      |        | add_ln260_125  | add | fabric    | 0       |
|   add_ln260_126_fu_142027_p2                    |      |        | add_ln260_126  | add | fabric    | 0       |
|   add_ln260_127_fu_142247_p2                    |      |        | add_ln260_127  | add | fabric    | 0       |
|   add_ln260_128_fu_142467_p2                    |      |        | add_ln260_128  | add | fabric    | 0       |
|   add_ln260_129_fu_142687_p2                    |      |        | add_ln260_129  | add | fabric    | 0       |
|   add_ln260_130_fu_142907_p2                    |      |        | add_ln260_130  | add | fabric    | 0       |
|   add_ln260_131_fu_143127_p2                    |      |        | add_ln260_131  | add | fabric    | 0       |
|   add_ln260_132_fu_143347_p2                    |      |        | add_ln260_132  | add | fabric    | 0       |
|   add_ln260_133_fu_143567_p2                    |      |        | add_ln260_133  | add | fabric    | 0       |
|   add_ln260_134_fu_143787_p2                    |      |        | add_ln260_134  | add | fabric    | 0       |
|   add_ln260_135_fu_144007_p2                    |      |        | add_ln260_135  | add | fabric    | 0       |
|   add_ln260_136_fu_144227_p2                    |      |        | add_ln260_136  | add | fabric    | 0       |
|   add_ln260_137_fu_144447_p2                    |      |        | add_ln260_137  | add | fabric    | 0       |
|   add_ln260_138_fu_144667_p2                    |      |        | add_ln260_138  | add | fabric    | 0       |
|   add_ln260_139_fu_144887_p2                    |      |        | add_ln260_139  | add | fabric    | 0       |
|   add_ln260_140_fu_145107_p2                    |      |        | add_ln260_140  | add | fabric    | 0       |
|   add_ln260_141_fu_145327_p2                    |      |        | add_ln260_141  | add | fabric    | 0       |
|   add_ln260_142_fu_145547_p2                    |      |        | add_ln260_142  | add | fabric    | 0       |
|   add_ln260_143_fu_145767_p2                    |      |        | add_ln260_143  | add | fabric    | 0       |
|   add_ln260_144_fu_145987_p2                    |      |        | add_ln260_144  | add | fabric    | 0       |
|   add_ln260_145_fu_146207_p2                    |      |        | add_ln260_145  | add | fabric    | 0       |
|   add_ln260_146_fu_146427_p2                    |      |        | add_ln260_146  | add | fabric    | 0       |
|   add_ln260_147_fu_146647_p2                    |      |        | add_ln260_147  | add | fabric    | 0       |
|   add_ln260_148_fu_146867_p2                    |      |        | add_ln260_148  | add | fabric    | 0       |
|   add_ln260_149_fu_147087_p2                    |      |        | add_ln260_149  | add | fabric    | 0       |
|   add_ln260_150_fu_147307_p2                    |      |        | add_ln260_150  | add | fabric    | 0       |
|   add_ln260_151_fu_147527_p2                    |      |        | add_ln260_151  | add | fabric    | 0       |
|   add_ln260_152_fu_147747_p2                    |      |        | add_ln260_152  | add | fabric    | 0       |
|   add_ln260_153_fu_147967_p2                    |      |        | add_ln260_153  | add | fabric    | 0       |
|   add_ln260_154_fu_148187_p2                    |      |        | add_ln260_154  | add | fabric    | 0       |
|   add_ln260_155_fu_148407_p2                    |      |        | add_ln260_155  | add | fabric    | 0       |
|   add_ln260_156_fu_148627_p2                    |      |        | add_ln260_156  | add | fabric    | 0       |
|   add_ln260_157_fu_148847_p2                    |      |        | add_ln260_157  | add | fabric    | 0       |
|   add_ln260_158_fu_149067_p2                    |      |        | add_ln260_158  | add | fabric    | 0       |
|   add_ln260_159_fu_149287_p2                    |      |        | add_ln260_159  | add | fabric    | 0       |
|   add_ln260_160_fu_149507_p2                    |      |        | add_ln260_160  | add | fabric    | 0       |
|   add_ln260_161_fu_149727_p2                    |      |        | add_ln260_161  | add | fabric    | 0       |
|   add_ln260_162_fu_149947_p2                    |      |        | add_ln260_162  | add | fabric    | 0       |
|   add_ln260_163_fu_150167_p2                    |      |        | add_ln260_163  | add | fabric    | 0       |
|   add_ln260_164_fu_150387_p2                    |      |        | add_ln260_164  | add | fabric    | 0       |
|   add_ln260_165_fu_150607_p2                    |      |        | add_ln260_165  | add | fabric    | 0       |
|   add_ln260_166_fu_150827_p2                    |      |        | add_ln260_166  | add | fabric    | 0       |
|   add_ln260_167_fu_151047_p2                    |      |        | add_ln260_167  | add | fabric    | 0       |
|   add_ln260_168_fu_151267_p2                    |      |        | add_ln260_168  | add | fabric    | 0       |
|   add_ln260_169_fu_151487_p2                    |      |        | add_ln260_169  | add | fabric    | 0       |
|   add_ln260_170_fu_151707_p2                    |      |        | add_ln260_170  | add | fabric    | 0       |
|   add_ln260_171_fu_151927_p2                    |      |        | add_ln260_171  | add | fabric    | 0       |
|   add_ln260_172_fu_152147_p2                    |      |        | add_ln260_172  | add | fabric    | 0       |
|   add_ln260_173_fu_152367_p2                    |      |        | add_ln260_173  | add | fabric    | 0       |
|   add_ln260_174_fu_152587_p2                    |      |        | add_ln260_174  | add | fabric    | 0       |
|   add_ln260_175_fu_152807_p2                    |      |        | add_ln260_175  | add | fabric    | 0       |
|   add_ln260_176_fu_153027_p2                    |      |        | add_ln260_176  | add | fabric    | 0       |
|   add_ln260_177_fu_153247_p2                    |      |        | add_ln260_177  | add | fabric    | 0       |
|   add_ln260_178_fu_153467_p2                    |      |        | add_ln260_178  | add | fabric    | 0       |
|   add_ln260_179_fu_153687_p2                    |      |        | add_ln260_179  | add | fabric    | 0       |
|   add_ln260_180_fu_153907_p2                    |      |        | add_ln260_180  | add | fabric    | 0       |
|   add_ln260_181_fu_154127_p2                    |      |        | add_ln260_181  | add | fabric    | 0       |
|   add_ln260_182_fu_154347_p2                    |      |        | add_ln260_182  | add | fabric    | 0       |
|   add_ln260_183_fu_154567_p2                    |      |        | add_ln260_183  | add | fabric    | 0       |
|   add_ln260_184_fu_154787_p2                    |      |        | add_ln260_184  | add | fabric    | 0       |
|   add_ln260_185_fu_155007_p2                    |      |        | add_ln260_185  | add | fabric    | 0       |
|   add_ln260_186_fu_155227_p2                    |      |        | add_ln260_186  | add | fabric    | 0       |
|   add_ln260_187_fu_155447_p2                    |      |        | add_ln260_187  | add | fabric    | 0       |
|   add_ln260_188_fu_155667_p2                    |      |        | add_ln260_188  | add | fabric    | 0       |
|   add_ln260_189_fu_155887_p2                    |      |        | add_ln260_189  | add | fabric    | 0       |
|   add_ln260_190_fu_156107_p2                    |      |        | add_ln260_190  | add | fabric    | 0       |
|   add_ln260_191_fu_156327_p2                    |      |        | add_ln260_191  | add | fabric    | 0       |
|   add_ln260_192_fu_156547_p2                    |      |        | add_ln260_192  | add | fabric    | 0       |
|   add_ln260_193_fu_156767_p2                    |      |        | add_ln260_193  | add | fabric    | 0       |
|   add_ln260_194_fu_156987_p2                    |      |        | add_ln260_194  | add | fabric    | 0       |
|   add_ln260_195_fu_157207_p2                    |      |        | add_ln260_195  | add | fabric    | 0       |
|   add_ln260_196_fu_157427_p2                    |      |        | add_ln260_196  | add | fabric    | 0       |
|   add_ln260_197_fu_157647_p2                    |      |        | add_ln260_197  | add | fabric    | 0       |
|   add_ln260_198_fu_157867_p2                    |      |        | add_ln260_198  | add | fabric    | 0       |
|   add_ln260_199_fu_158087_p2                    |      |        | add_ln260_199  | add | fabric    | 0       |
|   add_ln260_200_fu_158307_p2                    |      |        | add_ln260_200  | add | fabric    | 0       |
|   add_ln260_201_fu_158527_p2                    |      |        | add_ln260_201  | add | fabric    | 0       |
|   add_ln260_202_fu_158747_p2                    |      |        | add_ln260_202  | add | fabric    | 0       |
|   add_ln260_203_fu_158967_p2                    |      |        | add_ln260_203  | add | fabric    | 0       |
|   add_ln260_204_fu_159187_p2                    |      |        | add_ln260_204  | add | fabric    | 0       |
|   add_ln260_205_fu_159407_p2                    |      |        | add_ln260_205  | add | fabric    | 0       |
|   add_ln260_206_fu_159627_p2                    |      |        | add_ln260_206  | add | fabric    | 0       |
|   add_ln260_207_fu_159847_p2                    |      |        | add_ln260_207  | add | fabric    | 0       |
|   add_ln260_208_fu_160067_p2                    |      |        | add_ln260_208  | add | fabric    | 0       |
|   add_ln260_209_fu_160287_p2                    |      |        | add_ln260_209  | add | fabric    | 0       |
|   add_ln260_210_fu_160507_p2                    |      |        | add_ln260_210  | add | fabric    | 0       |
|   add_ln260_211_fu_160727_p2                    |      |        | add_ln260_211  | add | fabric    | 0       |
|   add_ln260_212_fu_160947_p2                    |      |        | add_ln260_212  | add | fabric    | 0       |
|   add_ln260_213_fu_161167_p2                    |      |        | add_ln260_213  | add | fabric    | 0       |
|   add_ln260_214_fu_161387_p2                    |      |        | add_ln260_214  | add | fabric    | 0       |
|   add_ln260_215_fu_161607_p2                    |      |        | add_ln260_215  | add | fabric    | 0       |
|   add_ln260_216_fu_161827_p2                    |      |        | add_ln260_216  | add | fabric    | 0       |
|   add_ln260_217_fu_162047_p2                    |      |        | add_ln260_217  | add | fabric    | 0       |
|   add_ln260_218_fu_162267_p2                    |      |        | add_ln260_218  | add | fabric    | 0       |
|   add_ln260_219_fu_162487_p2                    |      |        | add_ln260_219  | add | fabric    | 0       |
|   add_ln260_220_fu_162707_p2                    |      |        | add_ln260_220  | add | fabric    | 0       |
|   add_ln260_221_fu_162927_p2                    |      |        | add_ln260_221  | add | fabric    | 0       |
|   add_ln260_222_fu_163147_p2                    |      |        | add_ln260_222  | add | fabric    | 0       |
|   add_ln260_223_fu_163367_p2                    |      |        | add_ln260_223  | add | fabric    | 0       |
|   add_ln260_224_fu_163587_p2                    |      |        | add_ln260_224  | add | fabric    | 0       |
|   add_ln260_225_fu_163807_p2                    |      |        | add_ln260_225  | add | fabric    | 0       |
|   add_ln260_226_fu_164027_p2                    |      |        | add_ln260_226  | add | fabric    | 0       |
|   add_ln260_227_fu_164247_p2                    |      |        | add_ln260_227  | add | fabric    | 0       |
|   add_ln260_228_fu_164467_p2                    |      |        | add_ln260_228  | add | fabric    | 0       |
|   add_ln260_229_fu_164687_p2                    |      |        | add_ln260_229  | add | fabric    | 0       |
|   add_ln260_230_fu_164907_p2                    |      |        | add_ln260_230  | add | fabric    | 0       |
|   add_ln260_231_fu_165127_p2                    |      |        | add_ln260_231  | add | fabric    | 0       |
|   add_ln260_232_fu_165347_p2                    |      |        | add_ln260_232  | add | fabric    | 0       |
|   add_ln260_233_fu_165567_p2                    |      |        | add_ln260_233  | add | fabric    | 0       |
|   add_ln260_234_fu_165787_p2                    |      |        | add_ln260_234  | add | fabric    | 0       |
|   add_ln260_235_fu_166007_p2                    |      |        | add_ln260_235  | add | fabric    | 0       |
|   add_ln260_236_fu_166227_p2                    |      |        | add_ln260_236  | add | fabric    | 0       |
|   add_ln260_237_fu_166447_p2                    |      |        | add_ln260_237  | add | fabric    | 0       |
|   add_ln260_238_fu_166667_p2                    |      |        | add_ln260_238  | add | fabric    | 0       |
|   add_ln260_239_fu_166887_p2                    |      |        | add_ln260_239  | add | fabric    | 0       |
|   add_ln260_240_fu_167107_p2                    |      |        | add_ln260_240  | add | fabric    | 0       |
|   add_ln260_241_fu_167327_p2                    |      |        | add_ln260_241  | add | fabric    | 0       |
|   add_ln260_242_fu_167547_p2                    |      |        | add_ln260_242  | add | fabric    | 0       |
|   add_ln260_243_fu_167767_p2                    |      |        | add_ln260_243  | add | fabric    | 0       |
|   add_ln260_244_fu_167987_p2                    |      |        | add_ln260_244  | add | fabric    | 0       |
|   add_ln260_245_fu_168207_p2                    |      |        | add_ln260_245  | add | fabric    | 0       |
|   add_ln260_246_fu_168427_p2                    |      |        | add_ln260_246  | add | fabric    | 0       |
|   add_ln260_247_fu_168647_p2                    |      |        | add_ln260_247  | add | fabric    | 0       |
|   add_ln260_248_fu_168867_p2                    |      |        | add_ln260_248  | add | fabric    | 0       |
|   add_ln260_249_fu_169087_p2                    |      |        | add_ln260_249  | add | fabric    | 0       |
|   add_ln260_250_fu_169307_p2                    |      |        | add_ln260_250  | add | fabric    | 0       |
|   add_ln260_251_fu_169527_p2                    |      |        | add_ln260_251  | add | fabric    | 0       |
|   add_ln260_252_fu_169747_p2                    |      |        | add_ln260_252  | add | fabric    | 0       |
|   sub_ln313_fu_176455_p2                        |      |        | sub_ln313      | sub | fabric    | 0       |
|   sub_ln313_3_fu_176524_p2                      |      |        | sub_ln313_3    | sub | fabric    | 0       |
|   sub_ln313_4_fu_176534_p2                      |      |        | sub_ln313_4    | sub | fabric    | 0       |
|   sub_ln313_5_fu_176580_p2                      |      |        | sub_ln313_5    | sub | fabric    | 0       |
|   sub_ln313_6_fu_176626_p2                      |      |        | sub_ln313_6    | sub | fabric    | 0       |
|   mul_6s_5s_11_1_1_U510                         |      |        | mul_ln313      | mul | auto      | 0       |
|   sub_ln313_7_fu_176646_p2                      |      |        | sub_ln313_7    | sub | fabric    | 0       |
|   factor_fu_176672_p2                           |      |        | factor         | sub | fabric    | 0       |
|   Tp_22_fu_184167_p2                            |      |        | Tp_22          | add | fabric    | 0       |
|   sub_ln313_10_fu_176771_p2                     |      |        | sub_ln313_10   | sub | fabric    | 0       |
|   add_ln313_11_fu_176793_p2                     |      |        | add_ln313_11   | add | fabric    | 0       |
|   add_ln313_12_fu_184189_p2                     |      |        | add_ln313_12   | add | fabric    | 0       |
|   mul_6s_5s_11_1_1_U511                         |      |        | mul_ln313_1    | mul | auto      | 0       |
|   add_ln313_17_fu_176847_p2                     |      |        | add_ln313_17   | add | fabric    | 0       |
|   sub_ln313_13_fu_176906_p2                     |      |        | sub_ln313_13   | sub | fabric    | 0       |
|   add_ln313_19_fu_176924_p2                     |      |        | add_ln313_19   | add | fabric    | 0       |
|   add_ln313_20_fu_184256_p2                     |      |        | add_ln313_20   | add | fabric    | 0       |
|   mul_6s_5s_11_1_1_U512                         |      |        | mul_ln313_2    | mul | auto      | 0       |
|   add_ln313_25_fu_184319_p2                     |      |        | add_ln313_25   | add | fabric    | 0       |
|   sub_ln313_16_fu_176975_p2                     |      |        | sub_ln313_16   | sub | fabric    | 0       |
|   add_ln313_27_fu_176997_p2                     |      |        | add_ln313_27   | add | fabric    | 0       |
|   add_ln313_28_fu_184377_p2                     |      |        | add_ln313_28   | add | fabric    | 0       |
|   mul_6s_5s_11_1_1_U513                         |      |        | mul_ln313_3    | mul | auto      | 0       |
|   add_ln313_33_fu_184417_p2                     |      |        | add_ln313_33   | add | fabric    | 0       |
|   sub_ln313_19_fu_177072_p2                     |      |        | sub_ln313_19   | sub | fabric    | 0       |
|   add_ln313_35_fu_177098_p2                     |      |        | add_ln313_35   | add | fabric    | 0       |
|   add_ln313_36_fu_184469_p2                     |      |        | add_ln313_36   | add | fabric    | 0       |
|   mul_6s_5s_11_1_1_U514                         |      |        | mul_ln313_4    | mul | auto      | 0       |
|   add_ln313_41_fu_184505_p2                     |      |        | add_ln313_41   | add | fabric    | 0       |
|   sub_ln313_22_fu_177181_p2                     |      |        | sub_ln313_22   | sub | fabric    | 0       |
|   add_ln313_43_fu_177203_p2                     |      |        | add_ln313_43   | add | fabric    | 0       |
|   add_ln313_44_fu_184560_p2                     |      |        | add_ln313_44   | add | fabric    | 0       |
|   mul_6s_5s_11_1_1_U515                         |      |        | mul_ln313_5    | mul | auto      | 0       |
|   add_ln313_49_fu_184596_p2                     |      |        | add_ln313_49   | add | fabric    | 0       |
|   sub_ln313_25_fu_177286_p2                     |      |        | sub_ln313_25   | sub | fabric    | 0       |
|   add_ln313_51_fu_177312_p2                     |      |        | add_ln313_51   | add | fabric    | 0       |
|   add_ln313_52_fu_184645_p2                     |      |        | add_ln313_52   | add | fabric    | 0       |
|   mul_6s_5s_11_1_1_U516                         |      |        | mul_ln313_6    | mul | auto      | 0       |
|   add_ln313_57_fu_184683_p2                     |      |        | add_ln313_57   | add | fabric    | 0       |
|   sub_ln313_28_fu_177395_p2                     |      |        | sub_ln313_28   | sub | fabric    | 0       |
|   add_ln313_59_fu_177417_p2                     |      |        | add_ln313_59   | add | fabric    | 0       |
|   add_ln313_60_fu_184741_p2                     |      |        | add_ln313_60   | add | fabric    | 0       |
|   mul_6s_5s_11_1_1_U517                         |      |        | mul_ln313_7    | mul | auto      | 0       |
|   add_ln313_65_fu_184781_p2                     |      |        | add_ln313_65   | add | fabric    | 0       |
|   sub_ln313_31_fu_177492_p2                     |      |        | sub_ln313_31   | sub | fabric    | 0       |
|   add_ln313_67_fu_177514_p2                     |      |        | add_ln313_67   | add | fabric    | 0       |
|   add_ln313_68_fu_184836_p2                     |      |        | add_ln313_68   | add | fabric    | 0       |
|   mul_6s_5s_11_1_1_U518                         |      |        | mul_ln313_8    | mul | auto      | 0       |
|   add_ln313_73_fu_184875_p2                     |      |        | add_ln313_73   | add | fabric    | 0       |
|   sub_ln313_34_fu_177619_p2                     |      |        | sub_ln313_34   | sub | fabric    | 0       |
|   add_ln313_75_fu_177641_p2                     |      |        | add_ln313_75   | add | fabric    | 0       |
|   add_ln313_76_fu_184903_p2                     |      |        | add_ln313_76   | add | fabric    | 0       |
|   mul_6s_5s_11_1_1_U519                         |      |        | mul_ln313_9    | mul | auto      | 0       |
|   add_ln313_81_fu_177689_p2                     |      |        | add_ln313_81   | add | fabric    | 0       |
|   sub_ln313_37_fu_177734_p2                     |      |        | sub_ln313_37   | sub | fabric    | 0       |
|   add_ln313_83_fu_177756_p2                     |      |        | add_ln313_83   | add | fabric    | 0       |
|   add_ln313_84_fu_184984_p2                     |      |        | add_ln313_84   | add | fabric    | 0       |
|   mul_6s_5s_11_1_1_U520                         |      |        | mul_ln313_10   | mul | auto      | 0       |
|   add_ln313_89_fu_185020_p2                     |      |        | add_ln313_89   | add | fabric    | 0       |
|   sub_ln313_40_fu_177839_p2                     |      |        | sub_ln313_40   | sub | fabric    | 0       |
|   add_ln313_91_fu_177861_p2                     |      |        | add_ln313_91   | add | fabric    | 0       |
|   add_ln313_92_fu_185075_p2                     |      |        | add_ln313_92   | add | fabric    | 0       |
|   mul_6s_5s_11_1_1_U521                         |      |        | mul_ln313_11   | mul | auto      | 0       |
|   add_ln313_97_fu_185114_p2                     |      |        | add_ln313_97   | add | fabric    | 0       |
|   sub_ln313_43_fu_177940_p2                     |      |        | sub_ln313_43   | sub | fabric    | 0       |
|   add_ln313_99_fu_177962_p2                     |      |        | add_ln313_99   | add | fabric    | 0       |
|   add_ln313_100_fu_185169_p2                    |      |        | add_ln313_100  | add | fabric    | 0       |
|   mul_6s_5s_11_1_1_U522                         |      |        | mul_ln313_12   | mul | auto      | 0       |
|   add_ln313_105_fu_185208_p2                    |      |        | add_ln313_105  | add | fabric    | 0       |
|   sub_ln313_46_fu_178041_p2                     |      |        | sub_ln313_46   | sub | fabric    | 0       |
|   add_ln313_107_fu_178063_p2                    |      |        | add_ln313_107  | add | fabric    | 0       |
|   add_ln313_108_fu_185263_p2                    |      |        | add_ln313_108  | add | fabric    | 0       |
|   mul_6s_5s_11_1_1_U523                         |      |        | mul_ln313_13   | mul | auto      | 0       |
|   add_ln313_113_fu_185302_p2                    |      |        | add_ln313_113  | add | fabric    | 0       |
|   sub_ln313_49_fu_178142_p2                     |      |        | sub_ln313_49   | sub | fabric    | 0       |
|   add_ln313_115_fu_178164_p2                    |      |        | add_ln313_115  | add | fabric    | 0       |
|   add_ln313_116_fu_185357_p2                    |      |        | add_ln313_116  | add | fabric    | 0       |
|   mul_6s_5s_11_1_1_U524                         |      |        | mul_ln313_14   | mul | auto      | 0       |
|   add_ln313_121_fu_185393_p2                    |      |        | add_ln313_121  | add | fabric    | 0       |
|   sub_ln313_52_fu_178240_p2                     |      |        | sub_ln313_52   | sub | fabric    | 0       |
|   add_ln313_123_fu_178262_p2                    |      |        | add_ln313_123  | add | fabric    | 0       |
|   add_ln313_124_fu_185448_p2                    |      |        | add_ln313_124  | add | fabric    | 0       |
|   mul_6s_5s_11_1_1_U525                         |      |        | mul_ln313_15   | mul | auto      | 0       |
|   add_ln313_129_fu_185484_p2                    |      |        | add_ln313_129  | add | fabric    | 0       |
|   sub_ln313_55_fu_178345_p2                     |      |        | sub_ln313_55   | sub | fabric    | 0       |
|   add_ln313_131_fu_178367_p2                    |      |        | add_ln313_131  | add | fabric    | 0       |
|   add_ln313_132_fu_185539_p2                    |      |        | add_ln313_132  | add | fabric    | 0       |
|   mul_6s_5s_11_1_1_U526                         |      |        | mul_ln313_16   | mul | auto      | 0       |
|   add_ln313_137_fu_185578_p2                    |      |        | add_ln313_137  | add | fabric    | 0       |
|   sub_ln313_58_fu_178472_p2                     |      |        | sub_ln313_58   | sub | fabric    | 0       |
|   add_ln313_139_fu_178494_p2                    |      |        | add_ln313_139  | add | fabric    | 0       |
|   add_ln313_140_fu_178504_p2                    |      |        | add_ln313_140  | add | fabric    | 0       |
|   mul_6s_5s_11_1_1_U527                         |      |        | mul_ln313_17   | mul | auto      | 0       |
|   add_ln313_145_fu_178544_p2                    |      |        | add_ln313_145  | add | fabric    | 0       |
|   sub_ln313_61_fu_178615_p2                     |      |        | sub_ln313_61   | sub | fabric    | 0       |
|   add_ln313_147_fu_178637_p2                    |      |        | add_ln313_147  | add | fabric    | 0       |
|   add_ln313_148_fu_178647_p2                    |      |        | add_ln313_148  | add | fabric    | 0       |
|   mul_6s_5s_11_1_1_U528                         |      |        | mul_ln313_18   | mul | auto      | 0       |
|   add_ln313_153_fu_178687_p2                    |      |        | add_ln313_153  | add | fabric    | 0       |
|   sub_ln313_64_fu_178732_p2                     |      |        | sub_ln313_64   | sub | fabric    | 0       |
|   add_ln313_155_fu_178754_p2                    |      |        | add_ln313_155  | add | fabric    | 0       |
|   add_ln313_156_fu_185737_p2                    |      |        | add_ln313_156  | add | fabric    | 0       |
|   mul_6s_5s_11_1_1_U529                         |      |        | mul_ln313_19   | mul | auto      | 0       |
|   add_ln313_161_fu_185776_p2                    |      |        | add_ln313_161  | add | fabric    | 0       |
|   sub_ln313_67_fu_178859_p2                     |      |        | sub_ln313_67   | sub | fabric    | 0       |
|   add_ln313_163_fu_178881_p2                    |      |        | add_ln313_163  | add | fabric    | 0       |
|   add_ln313_164_fu_185804_p2                    |      |        | add_ln313_164  | add | fabric    | 0       |
|   mul_6s_5s_11_1_1_U530                         |      |        | mul_ln313_20   | mul | auto      | 0       |
|   add_ln313_169_fu_185836_p2                    |      |        | add_ln313_169  | add | fabric    | 0       |
|   sub_ln313_70_fu_178968_p2                     |      |        | sub_ln313_70   | sub | fabric    | 0       |
|   add_ln313_171_fu_178990_p2                    |      |        | add_ln313_171  | add | fabric    | 0       |
|   add_ln313_172_fu_185890_p2                    |      |        | add_ln313_172  | add | fabric    | 0       |
|   mul_6s_5s_11_1_1_U531                         |      |        | mul_ln313_21   | mul | auto      | 0       |
|   add_ln313_177_fu_185926_p2                    |      |        | add_ln313_177  | add | fabric    | 0       |
|   sub_ln313_71_fu_179034_p2                     |      |        | sub_ln313_71   | sub | fabric    | 0       |
|   add_ln313_179_fu_185948_p2                    |      |        | add_ln313_179  | add | fabric    | 0       |
|   sub_ln313_72_fu_179052_p2                     |      |        | sub_ln313_72   | sub | fabric    | 0       |
|   add_ln313_183_fu_179068_p2                    |      |        | add_ln313_183  | add | fabric    | 0       |
|   sub_ln313_75_fu_179134_p2                     |      |        | sub_ln313_75   | sub | fabric    | 0       |
|   sub_ln313_76_fu_179164_p2                     |      |        | sub_ln313_76   | sub | fabric    | 0       |
|   add_ln313_187_fu_179174_p2                    |      |        | add_ln313_187  | add | fabric    | 0       |
|   sub_ln313_77_fu_179180_p2                     |      |        | sub_ln313_77   | sub | fabric    | 0       |
|   factor11258_fu_179202_p2                      |      |        | factor11258    | sub | fabric    | 0       |
|   Tp_68_fu_186020_p2                            |      |        | Tp_68          | add | fabric    | 0       |
|   add_ln313_195_fu_186060_p2                    |      |        | add_ln313_195  | add | fabric    | 0       |
|   add_ln313_199_fu_186095_p2                    |      |        | add_ln313_199  | add | fabric    | 0       |
|   add_ln313_201_fu_186144_p2                    |      |        | add_ln313_201  | add | fabric    | 0       |
|   add_ln313_205_fu_186179_p2                    |      |        | add_ln313_205  | add | fabric    | 0       |
|   add_ln313_207_fu_186228_p2                    |      |        | add_ln313_207  | add | fabric    | 0       |
|   add_ln313_211_fu_186262_p2                    |      |        | add_ln313_211  | add | fabric    | 0       |
|   add_ln313_213_fu_186311_p2                    |      |        | add_ln313_213  | add | fabric    | 0       |
|   add_ln313_217_fu_186345_p2                    |      |        | add_ln313_217  | add | fabric    | 0       |
|   add_ln313_219_fu_186394_p2                    |      |        | add_ln313_219  | add | fabric    | 0       |
|   add_ln313_223_fu_186427_p2                    |      |        | add_ln313_223  | add | fabric    | 0       |
|   add_ln313_225_fu_186476_p2                    |      |        | add_ln313_225  | add | fabric    | 0       |
|   add_ln313_229_fu_186511_p2                    |      |        | add_ln313_229  | add | fabric    | 0       |
|   add_ln313_231_fu_186560_p2                    |      |        | add_ln313_231  | add | fabric    | 0       |
|   add_ln313_235_fu_186594_p2                    |      |        | add_ln313_235  | add | fabric    | 0       |
|   add_ln313_237_fu_186643_p2                    |      |        | add_ln313_237  | add | fabric    | 0       |
|   add_ln313_241_fu_186677_p2                    |      |        | add_ln313_241  | add | fabric    | 0       |
|   add_ln313_243_fu_179262_p2                    |      |        | add_ln313_243  | add | fabric    | 0       |
|   add_ln313_247_fu_179268_p2                    |      |        | add_ln313_247  | add | fabric    | 0       |
|   add_ln313_249_fu_179300_p2                    |      |        | add_ln313_249  | add | fabric    | 0       |
|   add_ln313_253_fu_179306_p2                    |      |        | add_ln313_253  | add | fabric    | 0       |
|   add_ln313_255_fu_186814_p2                    |      |        | add_ln313_255  | add | fabric    | 0       |
|   add_ln313_259_fu_186848_p2                    |      |        | add_ln313_259  | add | fabric    | 0       |
|   add_ln313_261_fu_186897_p2                    |      |        | add_ln313_261  | add | fabric    | 0       |
|   add_ln313_265_fu_186931_p2                    |      |        | add_ln313_265  | add | fabric    | 0       |
|   add_ln313_267_fu_186980_p2                    |      |        | add_ln313_267  | add | fabric    | 0       |
|   add_ln313_271_fu_187014_p2                    |      |        | add_ln313_271  | add | fabric    | 0       |
|   add_ln313_273_fu_187063_p2                    |      |        | add_ln313_273  | add | fabric    | 0       |
|   add_ln313_277_fu_187097_p2                    |      |        | add_ln313_277  | add | fabric    | 0       |
|   add_ln313_279_fu_187146_p2                    |      |        | add_ln313_279  | add | fabric    | 0       |
|   add_ln313_283_fu_187180_p2                    |      |        | add_ln313_283  | add | fabric    | 0       |
|   add_ln313_285_fu_187229_p2                    |      |        | add_ln313_285  | add | fabric    | 0       |
|   add_ln313_289_fu_187263_p2                    |      |        | add_ln313_289  | add | fabric    | 0       |
|   add_ln313_291_fu_187312_p2                    |      |        | add_ln313_291  | add | fabric    | 0       |
|   add_ln313_295_fu_187346_p2                    |      |        | add_ln313_295  | add | fabric    | 0       |
|   add_ln313_297_fu_187395_p2                    |      |        | add_ln313_297  | add | fabric    | 0       |
|   add_ln313_301_fu_187429_p2                    |      |        | add_ln313_301  | add | fabric    | 0       |
|   add_ln313_303_fu_187478_p2                    |      |        | add_ln313_303  | add | fabric    | 0       |
|   add_ln313_307_fu_187512_p2                    |      |        | add_ln313_307  | add | fabric    | 0       |
|   add_ln313_309_fu_187561_p2                    |      |        | add_ln313_309  | add | fabric    | 0       |
|   add_ln313_313_fu_187595_p2                    |      |        | add_ln313_313  | add | fabric    | 0       |
|   sub_ln313_118_fu_179312_p2                    |      |        | sub_ln313_118  | sub | fabric    | 0       |
|   add_ln313_315_fu_187617_p2                    |      |        | add_ln313_315  | add | fabric    | 0       |
|   sub_ln313_119_fu_179330_p2                    |      |        | sub_ln313_119  | sub | fabric    | 0       |
|   add_ln313_319_fu_187653_p2                    |      |        | add_ln313_319  | add | fabric    | 0       |
|   add_ln313_321_fu_187673_p2                    |      |        | add_ln313_321  | add | fabric    | 0       |
|   add_ln313_325_fu_187703_p2                    |      |        | add_ln313_325  | add | fabric    | 0       |
|   sub_ln313_122_fu_179348_p2                    |      |        | sub_ln313_122  | sub | fabric    | 0       |
|   sub_ln313_123_fu_187782_p2                    |      |        | sub_ln313_123  | sub | fabric    | 0       |
|   add_ln313_329_fu_187808_p2                    |      |        | add_ln313_329  | add | fabric    | 0       |
|   sub_ln313_124_fu_179354_p2                    |      |        | sub_ln313_124  | sub | fabric    | 0       |
|   factor11259_fu_179372_p2                      |      |        | factor11259    | sub | fabric    | 0       |
|   Tp_114_fu_187872_p2                           |      |        | Tp_114         | add | fabric    | 0       |
|   add_ln313_337_fu_187912_p2                    |      |        | add_ln313_337  | add | fabric    | 0       |
|   add_ln313_341_fu_187947_p2                    |      |        | add_ln313_341  | add | fabric    | 0       |
|   add_ln313_343_fu_187996_p2                    |      |        | add_ln313_343  | add | fabric    | 0       |
|   add_ln313_347_fu_188030_p2                    |      |        | add_ln313_347  | add | fabric    | 0       |
|   add_ln313_349_fu_188079_p2                    |      |        | add_ln313_349  | add | fabric    | 0       |
|   add_ln313_353_fu_188113_p2                    |      |        | add_ln313_353  | add | fabric    | 0       |
|   add_ln313_355_fu_188162_p2                    |      |        | add_ln313_355  | add | fabric    | 0       |
|   add_ln313_359_fu_188195_p2                    |      |        | add_ln313_359  | add | fabric    | 0       |
|   add_ln313_361_fu_188244_p2                    |      |        | add_ln313_361  | add | fabric    | 0       |
|   add_ln313_365_fu_188279_p2                    |      |        | add_ln313_365  | add | fabric    | 0       |
|   add_ln313_367_fu_188328_p2                    |      |        | add_ln313_367  | add | fabric    | 0       |
|   add_ln313_371_fu_188362_p2                    |      |        | add_ln313_371  | add | fabric    | 0       |
|   add_ln313_373_fu_188411_p2                    |      |        | add_ln313_373  | add | fabric    | 0       |
|   add_ln313_377_fu_188445_p2                    |      |        | add_ln313_377  | add | fabric    | 0       |
|   add_ln313_379_fu_188494_p2                    |      |        | add_ln313_379  | add | fabric    | 0       |
|   add_ln313_383_fu_188528_p2                    |      |        | add_ln313_383  | add | fabric    | 0       |
|   add_ln313_385_fu_188550_p2                    |      |        | add_ln313_385  | add | fabric    | 0       |
|   add_ln313_389_fu_179404_p2                    |      |        | add_ln313_389  | add | fabric    | 0       |
|   add_ln313_391_fu_188626_p2                    |      |        | add_ln313_391  | add | fabric    | 0       |
|   add_ln313_395_fu_188660_p2                    |      |        | add_ln313_395  | add | fabric    | 0       |
|   add_ln313_397_fu_188682_p2                    |      |        | add_ln313_397  | add | fabric    | 0       |
|   add_ln313_401_fu_188715_p2                    |      |        | add_ln313_401  | add | fabric    | 0       |
|   add_ln313_403_fu_188763_p2                    |      |        | add_ln313_403  | add | fabric    | 0       |
|   add_ln313_407_fu_188797_p2                    |      |        | add_ln313_407  | add | fabric    | 0       |
|   add_ln313_409_fu_188846_p2                    |      |        | add_ln313_409  | add | fabric    | 0       |
|   add_ln313_413_fu_188880_p2                    |      |        | add_ln313_413  | add | fabric    | 0       |
|   add_ln313_415_fu_188929_p2                    |      |        | add_ln313_415  | add | fabric    | 0       |
|   add_ln313_419_fu_188963_p2                    |      |        | add_ln313_419  | add | fabric    | 0       |
|   add_ln313_421_fu_189012_p2                    |      |        | add_ln313_421  | add | fabric    | 0       |
|   add_ln313_425_fu_189046_p2                    |      |        | add_ln313_425  | add | fabric    | 0       |
|   add_ln313_427_fu_179462_p2                    |      |        | add_ln313_427  | add | fabric    | 0       |
|   add_ln313_431_fu_179468_p2                    |      |        | add_ln313_431  | add | fabric    | 0       |
|   add_ln313_433_fu_179500_p2                    |      |        | add_ln313_433  | add | fabric    | 0       |
|   add_ln313_437_fu_179506_p2                    |      |        | add_ln313_437  | add | fabric    | 0       |
|   add_ln313_439_fu_189183_p2                    |      |        | add_ln313_439  | add | fabric    | 0       |
|   add_ln313_443_fu_189217_p2                    |      |        | add_ln313_443  | add | fabric    | 0       |
|   add_ln313_445_fu_189266_p2                    |      |        | add_ln313_445  | add | fabric    | 0       |
|   add_ln313_449_fu_189300_p2                    |      |        | add_ln313_449  | add | fabric    | 0       |
|   sub_ln313_163_fu_179512_p2                    |      |        | sub_ln313_163  | sub | fabric    | 0       |
|   add_ln313_451_fu_189322_p2                    |      |        | add_ln313_451  | add | fabric    | 0       |
|   sub_ln313_164_fu_179530_p2                    |      |        | sub_ln313_164  | sub | fabric    | 0       |
|   add_ln313_455_fu_189358_p2                    |      |        | add_ln313_455  | add | fabric    | 0       |
|   add_ln313_457_fu_189378_p2                    |      |        | add_ln313_457  | add | fabric    | 0       |
|   add_ln313_461_fu_189408_p2                    |      |        | add_ln313_461  | add | fabric    | 0       |
|   add_ln313_463_fu_189428_p2                    |      |        | add_ln313_463  | add | fabric    | 0       |
|   add_ln313_467_fu_189459_p2                    |      |        | add_ln313_467  | add | fabric    | 0       |
|   sub_ln313_167_fu_179578_p2                    |      |        | sub_ln313_167  | sub | fabric    | 0       |
|   sub_ln313_168_fu_179608_p2                    |      |        | sub_ln313_168  | sub | fabric    | 0       |
|   add_ln313_471_fu_179618_p2                    |      |        | add_ln313_471  | add | fabric    | 0       |
|   sub_ln313_169_fu_179624_p2                    |      |        | sub_ln313_169  | sub | fabric    | 0       |
|   factor11260_fu_179642_p2                      |      |        | factor11260    | sub | fabric    | 0       |
|   Tp_160_fu_189558_p2                           |      |        | Tp_160         | add | fabric    | 0       |
|   add_ln313_479_fu_189598_p2                    |      |        | add_ln313_479  | add | fabric    | 0       |
|   add_ln313_483_fu_189632_p2                    |      |        | add_ln313_483  | add | fabric    | 0       |
|   add_ln313_485_fu_189681_p2                    |      |        | add_ln313_485  | add | fabric    | 0       |
|   add_ln313_489_fu_189715_p2                    |      |        | add_ln313_489  | add | fabric    | 0       |
|   add_ln313_491_fu_189764_p2                    |      |        | add_ln313_491  | add | fabric    | 0       |
|   add_ln313_495_fu_189797_p2                    |      |        | add_ln313_495  | add | fabric    | 0       |
|   add_ln313_497_fu_189846_p2                    |      |        | add_ln313_497  | add | fabric    | 0       |
|   add_ln313_501_fu_189881_p2                    |      |        | add_ln313_501  | add | fabric    | 0       |
|   add_ln313_503_fu_189930_p2                    |      |        | add_ln313_503  | add | fabric    | 0       |
|   add_ln313_507_fu_189964_p2                    |      |        | add_ln313_507  | add | fabric    | 0       |
|   add_ln313_509_fu_190013_p2                    |      |        | add_ln313_509  | add | fabric    | 0       |
|   add_ln313_513_fu_190047_p2                    |      |        | add_ln313_513  | add | fabric    | 0       |
|   add_ln313_515_fu_190096_p2                    |      |        | add_ln313_515  | add | fabric    | 0       |
|   add_ln313_519_fu_190130_p2                    |      |        | add_ln313_519  | add | fabric    | 0       |
|   add_ln313_521_fu_179674_p2                    |      |        | add_ln313_521  | add | fabric    | 0       |
|   add_ln313_525_fu_179680_p2                    |      |        | add_ln313_525  | add | fabric    | 0       |
|   add_ln313_527_fu_179712_p2                    |      |        | add_ln313_527  | add | fabric    | 0       |
|   add_ln313_531_fu_179718_p2                    |      |        | add_ln313_531  | add | fabric    | 0       |
|   add_ln313_533_fu_190240_p2                    |      |        | add_ln313_533  | add | fabric    | 0       |
|   add_ln313_537_fu_190273_p2                    |      |        | add_ln313_537  | add | fabric    | 0       |
|   add_ln313_539_fu_190321_p2                    |      |        | add_ln313_539  | add | fabric    | 0       |
|   add_ln313_543_fu_190355_p2                    |      |        | add_ln313_543  | add | fabric    | 0       |
|   add_ln313_545_fu_190404_p2                    |      |        | add_ln313_545  | add | fabric    | 0       |
|   add_ln313_549_fu_190438_p2                    |      |        | add_ln313_549  | add | fabric    | 0       |
|   add_ln313_551_fu_190487_p2                    |      |        | add_ln313_551  | add | fabric    | 0       |
|   add_ln313_555_fu_190521_p2                    |      |        | add_ln313_555  | add | fabric    | 0       |
|   add_ln313_557_fu_190570_p2                    |      |        | add_ln313_557  | add | fabric    | 0       |
|   add_ln313_561_fu_190604_p2                    |      |        | add_ln313_561  | add | fabric    | 0       |
|   add_ln313_563_fu_190653_p2                    |      |        | add_ln313_563  | add | fabric    | 0       |
|   add_ln313_567_fu_190687_p2                    |      |        | add_ln313_567  | add | fabric    | 0       |
|   add_ln313_569_fu_190736_p2                    |      |        | add_ln313_569  | add | fabric    | 0       |
|   add_ln313_573_fu_190770_p2                    |      |        | add_ln313_573  | add | fabric    | 0       |
|   add_ln313_575_fu_190819_p2                    |      |        | add_ln313_575  | add | fabric    | 0       |
|   add_ln313_579_fu_190853_p2                    |      |        | add_ln313_579  | add | fabric    | 0       |
|   add_ln313_581_fu_190902_p2                    |      |        | add_ln313_581  | add | fabric    | 0       |
|   add_ln313_585_fu_190936_p2                    |      |        | add_ln313_585  | add | fabric    | 0       |
|   sub_ln313_206_fu_179750_p2                    |      |        | sub_ln313_206  | sub | fabric    | 0       |
|   add_ln313_587_fu_190955_p2                    |      |        | add_ln313_587  | add | fabric    | 0       |
|   sub_ln313_207_fu_179772_p2                    |      |        | sub_ln313_207  | sub | fabric    | 0       |
|   add_ln313_591_fu_190987_p2                    |      |        | add_ln313_591  | add | fabric    | 0       |
|   add_ln313_593_fu_191006_p2                    |      |        | add_ln313_593  | add | fabric    | 0       |
|   add_ln313_597_fu_191035_p2                    |      |        | add_ln313_597  | add | fabric    | 0       |
|   add_ln313_599_fu_191054_p2                    |      |        | add_ln313_599  | add | fabric    | 0       |
|   add_ln313_603_fu_191084_p2                    |      |        | add_ln313_603  | add | fabric    | 0       |
|   add_ln313_605_fu_191103_p2                    |      |        | add_ln313_605  | add | fabric    | 0       |
|   add_ln313_609_fu_191133_p2                    |      |        | add_ln313_609  | add | fabric    | 0       |
|   sub_ln313_210_fu_179828_p2                    |      |        | sub_ln313_210  | sub | fabric    | 0       |
|   sub_ln313_211_fu_179858_p2                    |      |        | sub_ln313_211  | sub | fabric    | 0       |
|   add_ln313_613_fu_179880_p2                    |      |        | add_ln313_613  | add | fabric    | 0       |
|   sub_ln313_212_fu_179886_p2                    |      |        | sub_ln313_212  | sub | fabric    | 0       |
|   factor11261_fu_179908_p2                      |      |        | factor11261    | sub | fabric    | 0       |
|   Tp_206_fu_191183_p2                           |      |        | Tp_206         | add | fabric    | 0       |
|   add_ln313_621_fu_179968_p2                    |      |        | add_ln313_621  | add | fabric    | 0       |
|   add_ln313_625_fu_179974_p2                    |      |        | add_ln313_625  | add | fabric    | 0       |
|   add_ln313_627_fu_191267_p2                    |      |        | add_ln313_627  | add | fabric    | 0       |
|   add_ln313_631_fu_191300_p2                    |      |        | add_ln313_631  | add | fabric    | 0       |
|   add_ln313_633_fu_191349_p2                    |      |        | add_ln313_633  | add | fabric    | 0       |
|   add_ln313_637_fu_191384_p2                    |      |        | add_ln313_637  | add | fabric    | 0       |
|   add_ln313_639_fu_191433_p2                    |      |        | add_ln313_639  | add | fabric    | 0       |
|   add_ln313_643_fu_191467_p2                    |      |        | add_ln313_643  | add | fabric    | 0       |
|   add_ln313_645_fu_191516_p2                    |      |        | add_ln313_645  | add | fabric    | 0       |
|   add_ln313_649_fu_191550_p2                    |      |        | add_ln313_649  | add | fabric    | 0       |
|   add_ln313_651_fu_191599_p2                    |      |        | add_ln313_651  | add | fabric    | 0       |
|   add_ln313_655_fu_191633_p2                    |      |        | add_ln313_655  | add | fabric    | 0       |
|   add_ln313_657_fu_191682_p2                    |      |        | add_ln313_657  | add | fabric    | 0       |
|   add_ln313_661_fu_191716_p2                    |      |        | add_ln313_661  | add | fabric    | 0       |
|   add_ln313_663_fu_191765_p2                    |      |        | add_ln313_663  | add | fabric    | 0       |
|   add_ln313_667_fu_191799_p2                    |      |        | add_ln313_667  | add | fabric    | 0       |
|   add_ln313_669_fu_191848_p2                    |      |        | add_ln313_669  | add | fabric    | 0       |
|   add_ln313_673_fu_191882_p2                    |      |        | add_ln313_673  | add | fabric    | 0       |
|   add_ln313_675_fu_191931_p2                    |      |        | add_ln313_675  | add | fabric    | 0       |
|   add_ln313_679_fu_191965_p2                    |      |        | add_ln313_679  | add | fabric    | 0       |
|   add_ln313_681_fu_192014_p2                    |      |        | add_ln313_681  | add | fabric    | 0       |
|   add_ln313_685_fu_192048_p2                    |      |        | add_ln313_685  | add | fabric    | 0       |
|   add_ln313_687_fu_192097_p2                    |      |        | add_ln313_687  | add | fabric    | 0       |
|   add_ln313_691_fu_192131_p2                    |      |        | add_ln313_691  | add | fabric    | 0       |
|   add_ln313_693_fu_192180_p2                    |      |        | add_ln313_693  | add | fabric    | 0       |
|   add_ln313_697_fu_192214_p2                    |      |        | add_ln313_697  | add | fabric    | 0       |
|   add_ln313_699_fu_192263_p2                    |      |        | add_ln313_699  | add | fabric    | 0       |
|   add_ln313_703_fu_192297_p2                    |      |        | add_ln313_703  | add | fabric    | 0       |
|   add_ln313_705_fu_180006_p2                    |      |        | add_ln313_705  | add | fabric    | 0       |
|   add_ln313_709_fu_180012_p2                    |      |        | add_ln313_709  | add | fabric    | 0       |
|   add_ln313_711_fu_180044_p2                    |      |        | add_ln313_711  | add | fabric    | 0       |
|   add_ln313_715_fu_180050_p2                    |      |        | add_ln313_715  | add | fabric    | 0       |
|   add_ln313_717_fu_192434_p2                    |      |        | add_ln313_717  | add | fabric    | 0       |
|   add_ln313_721_fu_192468_p2                    |      |        | add_ln313_721  | add | fabric    | 0       |
|   sub_ln313_247_fu_180056_p2                    |      |        | sub_ln313_247  | sub | fabric    | 0       |
|   add_ln313_723_fu_192490_p2                    |      |        | add_ln313_723  | add | fabric    | 0       |
|   sub_ln313_248_fu_180074_p2                    |      |        | sub_ln313_248  | sub | fabric    | 0       |
|   add_ln313_727_fu_192522_p2                    |      |        | add_ln313_727  | add | fabric    | 0       |
|   add_ln313_729_fu_192541_p2                    |      |        | add_ln313_729  | add | fabric    | 0       |
|   add_ln313_733_fu_192570_p2                    |      |        | add_ln313_733  | add | fabric    | 0       |
|   add_ln313_735_fu_192589_p2                    |      |        | add_ln313_735  | add | fabric    | 0       |
|   add_ln313_739_fu_192619_p2                    |      |        | add_ln313_739  | add | fabric    | 0       |
|   add_ln313_741_fu_192638_p2                    |      |        | add_ln313_741  | add | fabric    | 0       |
|   add_ln313_745_fu_192668_p2                    |      |        | add_ln313_745  | add | fabric    | 0       |
|   add_ln313_747_fu_192687_p2                    |      |        | add_ln313_747  | add | fabric    | 0       |
|   add_ln313_751_fu_192716_p2                    |      |        | add_ln313_751  | add | fabric    | 0       |
|   sub_ln313_251_fu_180130_p2                    |      |        | sub_ln313_251  | sub | fabric    | 0       |
|   sub_ln313_252_fu_180160_p2                    |      |        | sub_ln313_252  | sub | fabric    | 0       |
|   add_ln313_755_fu_180170_p2                    |      |        | add_ln313_755  | add | fabric    | 0       |
|   sub_ln313_253_fu_180176_p2                    |      |        | sub_ln313_253  | sub | fabric    | 0       |
|   factor11262_fu_180198_p2                      |      |        | factor11262    | sub | fabric    | 0       |
|   Tp_252_fu_192779_p2                           |      |        | Tp_252         | add | fabric    | 0       |
|   add_ln313_763_fu_192792_p2                    |      |        | add_ln313_763  | add | fabric    | 0       |
|   add_ln313_767_fu_180258_p2                    |      |        | add_ln313_767  | add | fabric    | 0       |
|   add_ln313_769_fu_192867_p2                    |      |        | add_ln313_769  | add | fabric    | 0       |
|   add_ln313_773_fu_192902_p2                    |      |        | add_ln313_773  | add | fabric    | 0       |
|   add_ln313_775_fu_192951_p2                    |      |        | add_ln313_775  | add | fabric    | 0       |
|   add_ln313_779_fu_192985_p2                    |      |        | add_ln313_779  | add | fabric    | 0       |
|   add_ln313_781_fu_193034_p2                    |      |        | add_ln313_781  | add | fabric    | 0       |
|   add_ln313_785_fu_193068_p2                    |      |        | add_ln313_785  | add | fabric    | 0       |
|   add_ln313_787_fu_193117_p2                    |      |        | add_ln313_787  | add | fabric    | 0       |
|   add_ln313_791_fu_193151_p2                    |      |        | add_ln313_791  | add | fabric    | 0       |
|   add_ln313_793_fu_193200_p2                    |      |        | add_ln313_793  | add | fabric    | 0       |
|   add_ln313_797_fu_193234_p2                    |      |        | add_ln313_797  | add | fabric    | 0       |
|   add_ln313_799_fu_180290_p2                    |      |        | add_ln313_799  | add | fabric    | 0       |
|   add_ln313_803_fu_180296_p2                    |      |        | add_ln313_803  | add | fabric    | 0       |
|   add_ln313_805_fu_180328_p2                    |      |        | add_ln313_805  | add | fabric    | 0       |
|   add_ln313_809_fu_180334_p2                    |      |        | add_ln313_809  | add | fabric    | 0       |
|   add_ln313_811_fu_193371_p2                    |      |        | add_ln313_811  | add | fabric    | 0       |
|   add_ln313_815_fu_193405_p2                    |      |        | add_ln313_815  | add | fabric    | 0       |
|   add_ln313_817_fu_193454_p2                    |      |        | add_ln313_817  | add | fabric    | 0       |
|   add_ln313_821_fu_193488_p2                    |      |        | add_ln313_821  | add | fabric    | 0       |
|   add_ln313_823_fu_193537_p2                    |      |        | add_ln313_823  | add | fabric    | 0       |
|   add_ln313_827_fu_193571_p2                    |      |        | add_ln313_827  | add | fabric    | 0       |
|   add_ln313_829_fu_193593_p2                    |      |        | add_ln313_829  | add | fabric    | 0       |
|   add_ln313_833_fu_193626_p2                    |      |        | add_ln313_833  | add | fabric    | 0       |
|   add_ln313_835_fu_193674_p2                    |      |        | add_ln313_835  | add | fabric    | 0       |
|   add_ln313_839_fu_193708_p2                    |      |        | add_ln313_839  | add | fabric    | 0       |
|   add_ln313_841_fu_193757_p2                    |      |        | add_ln313_841  | add | fabric    | 0       |
|   add_ln313_845_fu_193791_p2                    |      |        | add_ln313_845  | add | fabric    | 0       |
|   add_ln313_847_fu_193840_p2                    |      |        | add_ln313_847  | add | fabric    | 0       |
|   add_ln313_851_fu_193874_p2                    |      |        | add_ln313_851  | add | fabric    | 0       |
|   add_ln313_853_fu_193923_p2                    |      |        | add_ln313_853  | add | fabric    | 0       |
|   add_ln313_857_fu_193957_p2                    |      |        | add_ln313_857  | add | fabric    | 0       |
|   sub_ln313_286_fu_180366_p2                    |      |        | sub_ln313_286  | sub | fabric    | 0       |
|   add_ln313_859_fu_193976_p2                    |      |        | add_ln313_859  | add | fabric    | 0       |
|   sub_ln313_287_fu_180388_p2                    |      |        | sub_ln313_287  | sub | fabric    | 0       |
|   add_ln313_863_fu_194010_p2                    |      |        | add_ln313_863  | add | fabric    | 0       |
|   add_ln313_865_fu_194030_p2                    |      |        | add_ln313_865  | add | fabric    | 0       |
|   add_ln313_869_fu_194058_p2                    |      |        | add_ln313_869  | add | fabric    | 0       |
|   add_ln313_871_fu_194078_p2                    |      |        | add_ln313_871  | add | fabric    | 0       |
|   add_ln313_875_fu_194107_p2                    |      |        | add_ln313_875  | add | fabric    | 0       |
|   add_ln313_877_fu_194127_p2                    |      |        | add_ln313_877  | add | fabric    | 0       |
|   add_ln313_881_fu_194156_p2                    |      |        | add_ln313_881  | add | fabric    | 0       |
|   add_ln313_883_fu_194176_p2                    |      |        | add_ln313_883  | add | fabric    | 0       |
|   add_ln313_887_fu_194204_p2                    |      |        | add_ln313_887  | add | fabric    | 0       |
|   add_ln313_889_fu_180394_p2                    |      |        | add_ln313_889  | add | fabric    | 0       |
|   add_ln313_893_fu_194247_p2                    |      |        | add_ln313_893  | add | fabric    | 0       |
|   sub_ln313_290_fu_180442_p2                    |      |        | sub_ln313_290  | sub | fabric    | 0       |
|   sub_ln313_291_fu_180472_p2                    |      |        | sub_ln313_291  | sub | fabric    | 0       |
|   add_ln313_897_fu_180494_p2                    |      |        | add_ln313_897  | add | fabric    | 0       |
|   sub_ln313_292_fu_180500_p2                    |      |        | sub_ln313_292  | sub | fabric    | 0       |
|   factor11263_fu_180518_p2                      |      |        | factor11263    | sub | fabric    | 0       |
|   Tp_298_fu_194333_p2                           |      |        | Tp_298         | add | fabric    | 0       |
|   add_ln313_905_fu_194373_p2                    |      |        | add_ln313_905  | add | fabric    | 0       |
|   add_ln313_909_fu_194408_p2                    |      |        | add_ln313_909  | add | fabric    | 0       |
|   add_ln313_911_fu_194430_p2                    |      |        | add_ln313_911  | add | fabric    | 0       |
|   add_ln313_915_fu_194463_p2                    |      |        | add_ln313_915  | add | fabric    | 0       |
|   add_ln313_917_fu_194511_p2                    |      |        | add_ln313_917  | add | fabric    | 0       |
|   add_ln313_921_fu_194545_p2                    |      |        | add_ln313_921  | add | fabric    | 0       |
|   add_ln313_923_fu_194594_p2                    |      |        | add_ln313_923  | add | fabric    | 0       |
|   add_ln313_927_fu_194628_p2                    |      |        | add_ln313_927  | add | fabric    | 0       |
|   add_ln313_929_fu_194677_p2                    |      |        | add_ln313_929  | add | fabric    | 0       |
|   add_ln313_933_fu_194711_p2                    |      |        | add_ln313_933  | add | fabric    | 0       |
|   add_ln313_935_fu_194760_p2                    |      |        | add_ln313_935  | add | fabric    | 0       |
|   add_ln313_939_fu_194794_p2                    |      |        | add_ln313_939  | add | fabric    | 0       |
|   add_ln313_941_fu_194843_p2                    |      |        | add_ln313_941  | add | fabric    | 0       |
|   add_ln313_945_fu_194877_p2                    |      |        | add_ln313_945  | add | fabric    | 0       |
|   add_ln313_947_fu_194926_p2                    |      |        | add_ln313_947  | add | fabric    | 0       |
|   add_ln313_951_fu_194960_p2                    |      |        | add_ln313_951  | add | fabric    | 0       |
|   add_ln313_953_fu_195009_p2                    |      |        | add_ln313_953  | add | fabric    | 0       |
|   add_ln313_957_fu_195043_p2                    |      |        | add_ln313_957  | add | fabric    | 0       |
|   add_ln313_959_fu_195092_p2                    |      |        | add_ln313_959  | add | fabric    | 0       |
|   add_ln313_963_fu_195126_p2                    |      |        | add_ln313_963  | add | fabric    | 0       |
|   add_ln313_965_fu_195148_p2                    |      |        | add_ln313_965  | add | fabric    | 0       |
|   add_ln313_969_fu_195181_p2                    |      |        | add_ln313_969  | add | fabric    | 0       |
|   add_ln313_971_fu_195229_p2                    |      |        | add_ln313_971  | add | fabric    | 0       |
|   add_ln313_975_fu_195263_p2                    |      |        | add_ln313_975  | add | fabric    | 0       |
|   add_ln313_977_fu_195285_p2                    |      |        | add_ln313_977  | add | fabric    | 0       |
|   add_ln313_981_fu_195318_p2                    |      |        | add_ln313_981  | add | fabric    | 0       |
|   add_ln313_983_fu_180628_p2                    |      |        | add_ln313_983  | add | fabric    | 0       |
|   add_ln313_987_fu_180634_p2                    |      |        | add_ln313_987  | add | fabric    | 0       |
|   add_ln313_989_fu_180666_p2                    |      |        | add_ln313_989  | add | fabric    | 0       |
|   add_ln313_993_fu_180672_p2                    |      |        | add_ln313_993  | add | fabric    | 0       |
|   sub_ln313_323_fu_180678_p2                    |      |        | sub_ln313_323  | sub | fabric    | 0       |
|   add_ln313_995_fu_195427_p2                    |      |        | add_ln313_995  | add | fabric    | 0       |
|   sub_ln313_324_fu_180696_p2                    |      |        | sub_ln313_324  | sub | fabric    | 0       |
|   add_ln313_999_fu_195463_p2                    |      |        | add_ln313_999  | add | fabric    | 0       |
|   add_ln313_1001_fu_195483_p2                   |      |        | add_ln313_1001 | add | fabric    | 0       |
|   add_ln313_1005_fu_195513_p2                   |      |        | add_ln313_1005 | add | fabric    | 0       |
|   add_ln313_1007_fu_195533_p2                   |      |        | add_ln313_1007 | add | fabric    | 0       |
|   add_ln313_1011_fu_195564_p2                   |      |        | add_ln313_1011 | add | fabric    | 0       |
|   add_ln313_1013_fu_195584_p2                   |      |        | add_ln313_1013 | add | fabric    | 0       |
|   add_ln313_1017_fu_195615_p2                   |      |        | add_ln313_1017 | add | fabric    | 0       |
|   add_ln313_1019_fu_195635_p2                   |      |        | add_ln313_1019 | add | fabric    | 0       |
|   add_ln313_1023_fu_195665_p2                   |      |        | add_ln313_1023 | add | fabric    | 0       |
|   add_ln313_1025_fu_195685_p2                   |      |        | add_ln313_1025 | add | fabric    | 0       |
|   add_ln313_1029_fu_195715_p2                   |      |        | add_ln313_1029 | add | fabric    | 0       |
|   add_ln313_1031_fu_195735_p2                   |      |        | add_ln313_1031 | add | fabric    | 0       |
|   add_ln313_1035_fu_195766_p2                   |      |        | add_ln313_1035 | add | fabric    | 0       |
|   sub_ln313_327_fu_180744_p2                    |      |        | sub_ln313_327  | sub | fabric    | 0       |
|   sub_ln313_328_fu_180774_p2                    |      |        | sub_ln313_328  | sub | fabric    | 0       |
|   add_ln313_1039_fu_180784_p2                   |      |        | add_ln313_1039 | add | fabric    | 0       |
|   sub_ln313_329_fu_180790_p2                    |      |        | sub_ln313_329  | sub | fabric    | 0       |
|   factor11264_fu_180808_p2                      |      |        | factor11264    | sub | fabric    | 0       |
|   Tp_344_fu_195865_p2                           |      |        | Tp_344         | add | fabric    | 0       |
|   add_ln313_1047_fu_195878_p2                   |      |        | add_ln313_1047 | add | fabric    | 0       |
|   add_ln313_1051_fu_195911_p2                   |      |        | add_ln313_1051 | add | fabric    | 0       |
|   add_ln313_1053_fu_195959_p2                   |      |        | add_ln313_1053 | add | fabric    | 0       |
|   add_ln313_1057_fu_195993_p2                   |      |        | add_ln313_1057 | add | fabric    | 0       |
|   add_ln313_1059_fu_196042_p2                   |      |        | add_ln313_1059 | add | fabric    | 0       |
|   add_ln313_1063_fu_196076_p2                   |      |        | add_ln313_1063 | add | fabric    | 0       |
|   add_ln313_1065_fu_196125_p2                   |      |        | add_ln313_1065 | add | fabric    | 0       |
|   add_ln313_1069_fu_196159_p2                   |      |        | add_ln313_1069 | add | fabric    | 0       |
|   add_ln313_1071_fu_196208_p2                   |      |        | add_ln313_1071 | add | fabric    | 0       |
|   add_ln313_1075_fu_196242_p2                   |      |        | add_ln313_1075 | add | fabric    | 0       |
|   add_ln313_1077_fu_180866_p2                   |      |        | add_ln313_1077 | add | fabric    | 0       |
|   add_ln313_1081_fu_180872_p2                   |      |        | add_ln313_1081 | add | fabric    | 0       |
|   add_ln313_1083_fu_180904_p2                   |      |        | add_ln313_1083 | add | fabric    | 0       |
|   add_ln313_1087_fu_180910_p2                   |      |        | add_ln313_1087 | add | fabric    | 0       |
|   add_ln313_1089_fu_196379_p2                   |      |        | add_ln313_1089 | add | fabric    | 0       |
|   add_ln313_1093_fu_196413_p2                   |      |        | add_ln313_1093 | add | fabric    | 0       |
|   add_ln313_1095_fu_196462_p2                   |      |        | add_ln313_1095 | add | fabric    | 0       |
|   add_ln313_1099_fu_196496_p2                   |      |        | add_ln313_1099 | add | fabric    | 0       |
|   add_ln313_1101_fu_196545_p2                   |      |        | add_ln313_1101 | add | fabric    | 0       |
|   add_ln313_1105_fu_196579_p2                   |      |        | add_ln313_1105 | add | fabric    | 0       |
|   add_ln313_1107_fu_196628_p2                   |      |        | add_ln313_1107 | add | fabric    | 0       |
|   add_ln313_1111_fu_196662_p2                   |      |        | add_ln313_1111 | add | fabric    | 0       |
|   add_ln313_1113_fu_196684_p2                   |      |        | add_ln313_1113 | add | fabric    | 0       |
|   add_ln313_1117_fu_196717_p2                   |      |        | add_ln313_1117 | add | fabric    | 0       |
|   add_ln313_1119_fu_196765_p2                   |      |        | add_ln313_1119 | add | fabric    | 0       |
|   add_ln313_1123_fu_196799_p2                   |      |        | add_ln313_1123 | add | fabric    | 0       |
|   add_ln313_1125_fu_196848_p2                   |      |        | add_ln313_1125 | add | fabric    | 0       |
|   add_ln313_1129_fu_196882_p2                   |      |        | add_ln313_1129 | add | fabric    | 0       |
|   sub_ln313_358_fu_180942_p2                    |      |        | sub_ln313_358  | sub | fabric    | 0       |
|   add_ln313_1131_fu_196904_p2                   |      |        | add_ln313_1131 | add | fabric    | 0       |
|   sub_ln313_359_fu_180960_p2                    |      |        | sub_ln313_359  | sub | fabric    | 0       |
|   add_ln313_1135_fu_196939_p2                   |      |        | add_ln313_1135 | add | fabric    | 0       |
|   add_ln313_1137_fu_196959_p2                   |      |        | add_ln313_1137 | add | fabric    | 0       |
|   add_ln313_1141_fu_196988_p2                   |      |        | add_ln313_1141 | add | fabric    | 0       |
|   add_ln313_1143_fu_197008_p2                   |      |        | add_ln313_1143 | add | fabric    | 0       |
|   add_ln313_1147_fu_197038_p2                   |      |        | add_ln313_1147 | add | fabric    | 0       |
|   add_ln313_1149_fu_197058_p2                   |      |        | add_ln313_1149 | add | fabric    | 0       |
|   add_ln313_1153_fu_197088_p2                   |      |        | add_ln313_1153 | add | fabric    | 0       |
|   add_ln313_1155_fu_197108_p2                   |      |        | add_ln313_1155 | add | fabric    | 0       |
|   add_ln313_1159_fu_197137_p2                   |      |        | add_ln313_1159 | add | fabric    | 0       |
|   add_ln313_1161_fu_197157_p2                   |      |        | add_ln313_1161 | add | fabric    | 0       |
|   add_ln313_1165_fu_197186_p2                   |      |        | add_ln313_1165 | add | fabric    | 0       |
|   add_ln313_1167_fu_180966_p2                   |      |        | add_ln313_1167 | add | fabric    | 0       |
|   add_ln313_1171_fu_197231_p2                   |      |        | add_ln313_1171 | add | fabric    | 0       |
|   add_ln313_1173_fu_180972_p2                   |      |        | add_ln313_1173 | add | fabric    | 0       |
|   add_ln313_1177_fu_197276_p2                   |      |        | add_ln313_1177 | add | fabric    | 0       |
|   sub_ln313_362_fu_181020_p2                    |      |        | sub_ln313_362  | sub | fabric    | 0       |
|   sub_ln313_363_fu_181050_p2                    |      |        | sub_ln313_363  | sub | fabric    | 0       |
|   add_ln313_1181_fu_181060_p2                   |      |        | add_ln313_1181 | add | fabric    | 0       |
|   sub_ln313_364_fu_181066_p2                    |      |        | sub_ln313_364  | sub | fabric    | 0       |
|   factor11265_fu_181084_p2                      |      |        | factor11265    | sub | fabric    | 0       |
|   Tp_390_fu_197375_p2                           |      |        | Tp_390         | add | fabric    | 0       |
|   add_ln313_1189_fu_197415_p2                   |      |        | add_ln313_1189 | add | fabric    | 0       |
|   add_ln313_1193_fu_197449_p2                   |      |        | add_ln313_1193 | add | fabric    | 0       |
|   add_ln313_1195_fu_197498_p2                   |      |        | add_ln313_1195 | add | fabric    | 0       |
|   add_ln313_1199_fu_197532_p2                   |      |        | add_ln313_1199 | add | fabric    | 0       |
|   add_ln313_1201_fu_197581_p2                   |      |        | add_ln313_1201 | add | fabric    | 0       |
|   add_ln313_1205_fu_197615_p2                   |      |        | add_ln313_1205 | add | fabric    | 0       |
|   add_ln313_1207_fu_197664_p2                   |      |        | add_ln313_1207 | add | fabric    | 0       |
|   add_ln313_1211_fu_197698_p2                   |      |        | add_ln313_1211 | add | fabric    | 0       |
|   add_ln313_1213_fu_197747_p2                   |      |        | add_ln313_1213 | add | fabric    | 0       |
|   add_ln313_1217_fu_197781_p2                   |      |        | add_ln313_1217 | add | fabric    | 0       |
|   add_ln313_1219_fu_197830_p2                   |      |        | add_ln313_1219 | add | fabric    | 0       |
|   add_ln313_1223_fu_197864_p2                   |      |        | add_ln313_1223 | add | fabric    | 0       |
|   add_ln313_1225_fu_197913_p2                   |      |        | add_ln313_1225 | add | fabric    | 0       |
|   add_ln313_1229_fu_197947_p2                   |      |        | add_ln313_1229 | add | fabric    | 0       |
|   add_ln313_1231_fu_197996_p2                   |      |        | add_ln313_1231 | add | fabric    | 0       |
|   add_ln313_1235_fu_198030_p2                   |      |        | add_ln313_1235 | add | fabric    | 0       |
|   add_ln313_1237_fu_198079_p2                   |      |        | add_ln313_1237 | add | fabric    | 0       |
|   add_ln313_1241_fu_198113_p2                   |      |        | add_ln313_1241 | add | fabric    | 0       |
|   add_ln313_1243_fu_198162_p2                   |      |        | add_ln313_1243 | add | fabric    | 0       |
|   add_ln313_1247_fu_198196_p2                   |      |        | add_ln313_1247 | add | fabric    | 0       |
|   add_ln313_1249_fu_198245_p2                   |      |        | add_ln313_1249 | add | fabric    | 0       |
|   add_ln313_1253_fu_198279_p2                   |      |        | add_ln313_1253 | add | fabric    | 0       |
|   add_ln313_1255_fu_198328_p2                   |      |        | add_ln313_1255 | add | fabric    | 0       |
|   add_ln313_1259_fu_198362_p2                   |      |        | add_ln313_1259 | add | fabric    | 0       |
|   add_ln313_1261_fu_181116_p2                   |      |        | add_ln313_1261 | add | fabric    | 0       |
|   add_ln313_1265_fu_181122_p2                   |      |        | add_ln313_1265 | add | fabric    | 0       |
|   sub_ln313_391_fu_181128_p2                    |      |        | sub_ln313_391  | sub | fabric    | 0       |
|   add_ln313_1267_fu_181134_p2                   |      |        | add_ln313_1267 | add | fabric    | 0       |
|   sub_ln313_392_fu_181152_p2                    |      |        | sub_ln313_392  | sub | fabric    | 0       |
|   add_ln313_1271_fu_181162_p2                   |      |        | add_ln313_1271 | add | fabric    | 0       |
|   add_ln313_1273_fu_198468_p2                   |      |        | add_ln313_1273 | add | fabric    | 0       |
|   add_ln313_1277_fu_198497_p2                   |      |        | add_ln313_1277 | add | fabric    | 0       |
|   add_ln313_1279_fu_198516_p2                   |      |        | add_ln313_1279 | add | fabric    | 0       |
|   add_ln313_1283_fu_198546_p2                   |      |        | add_ln313_1283 | add | fabric    | 0       |
|   add_ln313_1285_fu_198565_p2                   |      |        | add_ln313_1285 | add | fabric    | 0       |
|   add_ln313_1289_fu_198595_p2                   |      |        | add_ln313_1289 | add | fabric    | 0       |
|   add_ln313_1291_fu_198614_p2                   |      |        | add_ln313_1291 | add | fabric    | 0       |
|   add_ln313_1295_fu_198643_p2                   |      |        | add_ln313_1295 | add | fabric    | 0       |
|   add_ln313_1297_fu_198662_p2                   |      |        | add_ln313_1297 | add | fabric    | 0       |
|   add_ln313_1301_fu_198691_p2                   |      |        | add_ln313_1301 | add | fabric    | 0       |
|   add_ln313_1303_fu_198710_p2                   |      |        | add_ln313_1303 | add | fabric    | 0       |
|   add_ln313_1307_fu_198740_p2                   |      |        | add_ln313_1307 | add | fabric    | 0       |
|   add_ln313_1309_fu_198759_p2                   |      |        | add_ln313_1309 | add | fabric    | 0       |
|   add_ln313_1313_fu_198789_p2                   |      |        | add_ln313_1313 | add | fabric    | 0       |
|   add_ln313_1315_fu_198808_p2                   |      |        | add_ln313_1315 | add | fabric    | 0       |
|   add_ln313_1319_fu_198838_p2                   |      |        | add_ln313_1319 | add | fabric    | 0       |
|   sub_ln313_395_fu_181214_p2                    |      |        | sub_ln313_395  | sub | fabric    | 0       |
|   sub_ln313_396_fu_181244_p2                    |      |        | sub_ln313_396  | sub | fabric    | 0       |
|   add_ln313_1323_fu_181254_p2                   |      |        | add_ln313_1323 | add | fabric    | 0       |
|   sub_ln313_397_fu_181260_p2                    |      |        | sub_ln313_397  | sub | fabric    | 0       |
|   factor11266_fu_181282_p2                      |      |        | factor11266    | sub | fabric    | 0       |
|   Tp_436_fu_198901_p2                           |      |        | Tp_436         | add | fabric    | 0       |
|   add_ln313_1331_fu_198941_p2                   |      |        | add_ln313_1331 | add | fabric    | 0       |
|   add_ln313_1335_fu_198975_p2                   |      |        | add_ln313_1335 | add | fabric    | 0       |
|   add_ln313_1337_fu_199024_p2                   |      |        | add_ln313_1337 | add | fabric    | 0       |
|   add_ln313_1341_fu_199058_p2                   |      |        | add_ln313_1341 | add | fabric    | 0       |
|   add_ln313_1343_fu_199080_p2                   |      |        | add_ln313_1343 | add | fabric    | 0       |
|   add_ln313_1347_fu_199113_p2                   |      |        | add_ln313_1347 | add | fabric    | 0       |
|   add_ln313_1349_fu_199161_p2                   |      |        | add_ln313_1349 | add | fabric    | 0       |
|   add_ln313_1353_fu_199195_p2                   |      |        | add_ln313_1353 | add | fabric    | 0       |
|   add_ln313_1355_fu_181368_p2                   |      |        | add_ln313_1355 | add | fabric    | 0       |
|   add_ln313_1359_fu_181374_p2                   |      |        | add_ln313_1359 | add | fabric    | 0       |
|   add_ln313_1361_fu_181406_p2                   |      |        | add_ln313_1361 | add | fabric    | 0       |
|   add_ln313_1365_fu_181412_p2                   |      |        | add_ln313_1365 | add | fabric    | 0       |
|   add_ln313_1367_fu_199332_p2                   |      |        | add_ln313_1367 | add | fabric    | 0       |
|   add_ln313_1371_fu_199366_p2                   |      |        | add_ln313_1371 | add | fabric    | 0       |
|   add_ln313_1373_fu_199415_p2                   |      |        | add_ln313_1373 | add | fabric    | 0       |
|   add_ln313_1377_fu_199449_p2                   |      |        | add_ln313_1377 | add | fabric    | 0       |
|   add_ln313_1379_fu_199498_p2                   |      |        | add_ln313_1379 | add | fabric    | 0       |
|   add_ln313_1383_fu_199532_p2                   |      |        | add_ln313_1383 | add | fabric    | 0       |
|   add_ln313_1385_fu_199581_p2                   |      |        | add_ln313_1385 | add | fabric    | 0       |
|   add_ln313_1389_fu_199615_p2                   |      |        | add_ln313_1389 | add | fabric    | 0       |
|   add_ln313_1391_fu_199664_p2                   |      |        | add_ln313_1391 | add | fabric    | 0       |
|   add_ln313_1395_fu_199698_p2                   |      |        | add_ln313_1395 | add | fabric    | 0       |
|   add_ln313_1397_fu_199747_p2                   |      |        | add_ln313_1397 | add | fabric    | 0       |
|   add_ln313_1401_fu_199781_p2                   |      |        | add_ln313_1401 | add | fabric    | 0       |
|   sub_ln313_422_fu_181418_p2                    |      |        | sub_ln313_422  | sub | fabric    | 0       |
|   add_ln313_1403_fu_199803_p2                   |      |        | add_ln313_1403 | add | fabric    | 0       |
|   sub_ln313_423_fu_181436_p2                    |      |        | sub_ln313_423  | sub | fabric    | 0       |
|   add_ln313_1407_fu_199835_p2                   |      |        | add_ln313_1407 | add | fabric    | 0       |
|   add_ln313_1409_fu_199854_p2                   |      |        | add_ln313_1409 | add | fabric    | 0       |
|   add_ln313_1413_fu_199883_p2                   |      |        | add_ln313_1413 | add | fabric    | 0       |
|   add_ln313_1415_fu_199902_p2                   |      |        | add_ln313_1415 | add | fabric    | 0       |
|   add_ln313_1419_fu_199932_p2                   |      |        | add_ln313_1419 | add | fabric    | 0       |
|   add_ln313_1421_fu_199951_p2                   |      |        | add_ln313_1421 | add | fabric    | 0       |
|   add_ln313_1425_fu_199981_p2                   |      |        | add_ln313_1425 | add | fabric    | 0       |
|   add_ln313_1427_fu_200000_p2                   |      |        | add_ln313_1427 | add | fabric    | 0       |
|   add_ln313_1431_fu_200029_p2                   |      |        | add_ln313_1431 | add | fabric    | 0       |
|   add_ln313_1433_fu_200048_p2                   |      |        | add_ln313_1433 | add | fabric    | 0       |
|   add_ln313_1437_fu_200077_p2                   |      |        | add_ln313_1437 | add | fabric    | 0       |
|   add_ln313_1439_fu_200096_p2                   |      |        | add_ln313_1439 | add | fabric    | 0       |
|   add_ln313_1443_fu_200126_p2                   |      |        | add_ln313_1443 | add | fabric    | 0       |
|   add_ln313_1445_fu_200145_p2                   |      |        | add_ln313_1445 | add | fabric    | 0       |
|   add_ln313_1449_fu_200175_p2                   |      |        | add_ln313_1449 | add | fabric    | 0       |
|   add_ln313_1451_fu_200194_p2                   |      |        | add_ln313_1451 | add | fabric    | 0       |
|   add_ln313_1455_fu_200224_p2                   |      |        | add_ln313_1455 | add | fabric    | 0       |
|   add_ln313_1457_fu_200243_p2                   |      |        | add_ln313_1457 | add | fabric    | 0       |
|   add_ln313_1461_fu_200272_p2                   |      |        | add_ln313_1461 | add | fabric    | 0       |
|   sub_ln313_426_fu_181492_p2                    |      |        | sub_ln313_426  | sub | fabric    | 0       |
|   sub_ln313_427_fu_181522_p2                    |      |        | sub_ln313_427  | sub | fabric    | 0       |
|   add_ln313_1465_fu_181532_p2                   |      |        | add_ln313_1465 | add | fabric    | 0       |
|   sub_ln313_428_fu_181538_p2                    |      |        | sub_ln313_428  | sub | fabric    | 0       |
|   factor11267_fu_181560_p2                      |      |        | factor11267    | sub | fabric    | 0       |
|   Tp_482_fu_200335_p2                           |      |        | Tp_482         | add | fabric    | 0       |
|   add_ln313_1473_fu_200375_p2                   |      |        | add_ln313_1473 | add | fabric    | 0       |
|   add_ln313_1477_fu_200409_p2                   |      |        | add_ln313_1477 | add | fabric    | 0       |
|   add_ln313_1479_fu_200431_p2                   |      |        | add_ln313_1479 | add | fabric    | 0       |
|   add_ln313_1483_fu_181620_p2                   |      |        | add_ln313_1483 | add | fabric    | 0       |
|   add_ln313_1485_fu_200507_p2                   |      |        | add_ln313_1485 | add | fabric    | 0       |
|   add_ln313_1489_fu_200541_p2                   |      |        | add_ln313_1489 | add | fabric    | 0       |
|   add_ln313_1491_fu_200563_p2                   |      |        | add_ln313_1491 | add | fabric    | 0       |
|   add_ln313_1495_fu_200596_p2                   |      |        | add_ln313_1495 | add | fabric    | 0       |
|   add_ln313_1497_fu_200644_p2                   |      |        | add_ln313_1497 | add | fabric    | 0       |
|   add_ln313_1501_fu_200678_p2                   |      |        | add_ln313_1501 | add | fabric    | 0       |
|   add_ln313_1503_fu_200727_p2                   |      |        | add_ln313_1503 | add | fabric    | 0       |
|   add_ln313_1507_fu_200761_p2                   |      |        | add_ln313_1507 | add | fabric    | 0       |
|   add_ln313_1509_fu_200810_p2                   |      |        | add_ln313_1509 | add | fabric    | 0       |
|   add_ln313_1513_fu_200844_p2                   |      |        | add_ln313_1513 | add | fabric    | 0       |
|   add_ln313_1515_fu_200893_p2                   |      |        | add_ln313_1515 | add | fabric    | 0       |
|   add_ln313_1519_fu_200927_p2                   |      |        | add_ln313_1519 | add | fabric    | 0       |
|   add_ln313_1521_fu_200976_p2                   |      |        | add_ln313_1521 | add | fabric    | 0       |
|   add_ln313_1525_fu_201010_p2                   |      |        | add_ln313_1525 | add | fabric    | 0       |
|   add_ln313_1527_fu_201059_p2                   |      |        | add_ln313_1527 | add | fabric    | 0       |
|   add_ln313_1531_fu_201093_p2                   |      |        | add_ln313_1531 | add | fabric    | 0       |
|   add_ln313_1533_fu_201142_p2                   |      |        | add_ln313_1533 | add | fabric    | 0       |
|   add_ln313_1537_fu_201176_p2                   |      |        | add_ln313_1537 | add | fabric    | 0       |
|   sub_ln313_451_fu_181652_p2                    |      |        | sub_ln313_451  | sub | fabric    | 0       |
|   add_ln313_1539_fu_201198_p2                   |      |        | add_ln313_1539 | add | fabric    | 0       |
|   sub_ln313_452_fu_181670_p2                    |      |        | sub_ln313_452  | sub | fabric    | 0       |
|   add_ln313_1543_fu_201233_p2                   |      |        | add_ln313_1543 | add | fabric    | 0       |
|   add_ln313_1545_fu_181676_p2                   |      |        | add_ln313_1545 | add | fabric    | 0       |
|   add_ln313_1549_fu_201277_p2                   |      |        | add_ln313_1549 | add | fabric    | 0       |
|   add_ln313_1551_fu_181682_p2                   |      |        | add_ln313_1551 | add | fabric    | 0       |
|   add_ln313_1555_fu_201322_p2                   |      |        | add_ln313_1555 | add | fabric    | 0       |
|   add_ln313_1557_fu_201342_p2                   |      |        | add_ln313_1557 | add | fabric    | 0       |
|   add_ln313_1561_fu_201372_p2                   |      |        | add_ln313_1561 | add | fabric    | 0       |
|   add_ln313_1563_fu_201392_p2                   |      |        | add_ln313_1563 | add | fabric    | 0       |
|   add_ln313_1567_fu_201421_p2                   |      |        | add_ln313_1567 | add | fabric    | 0       |
|   add_ln313_1569_fu_201441_p2                   |      |        | add_ln313_1569 | add | fabric    | 0       |
|   add_ln313_1573_fu_201470_p2                   |      |        | add_ln313_1573 | add | fabric    | 0       |
|   add_ln313_1575_fu_201490_p2                   |      |        | add_ln313_1575 | add | fabric    | 0       |
|   add_ln313_1579_fu_201520_p2                   |      |        | add_ln313_1579 | add | fabric    | 0       |
|   add_ln313_1581_fu_201540_p2                   |      |        | add_ln313_1581 | add | fabric    | 0       |
|   add_ln313_1585_fu_201570_p2                   |      |        | add_ln313_1585 | add | fabric    | 0       |
|   add_ln313_1587_fu_201590_p2                   |      |        | add_ln313_1587 | add | fabric    | 0       |
|   add_ln313_1591_fu_201620_p2                   |      |        | add_ln313_1591 | add | fabric    | 0       |
|   add_ln313_1593_fu_201640_p2                   |      |        | add_ln313_1593 | add | fabric    | 0       |
|   add_ln313_1597_fu_201669_p2                   |      |        | add_ln313_1597 | add | fabric    | 0       |
|   add_ln313_1599_fu_201689_p2                   |      |        | add_ln313_1599 | add | fabric    | 0       |
|   add_ln313_1603_fu_201718_p2                   |      |        | add_ln313_1603 | add | fabric    | 0       |
|   sub_ln313_455_fu_181730_p2                    |      |        | sub_ln313_455  | sub | fabric    | 0       |
|   sub_ln313_456_fu_181760_p2                    |      |        | sub_ln313_456  | sub | fabric    | 0       |
|   add_ln313_1607_fu_181770_p2                   |      |        | add_ln313_1607 | add | fabric    | 0       |
|   sub_ln313_457_fu_181776_p2                    |      |        | sub_ln313_457  | sub | fabric    | 0       |
|   factor11268_fu_181794_p2                      |      |        | factor11268    | sub | fabric    | 0       |
|   Tp_528_fu_201817_p2                           |      |        | Tp_528         | add | fabric    | 0       |
|   add_ln313_1615_fu_201857_p2                   |      |        | add_ln313_1615 | add | fabric    | 0       |
|   add_ln313_1619_fu_201891_p2                   |      |        | add_ln313_1619 | add | fabric    | 0       |
|   add_ln313_1621_fu_201940_p2                   |      |        | add_ln313_1621 | add | fabric    | 0       |
|   add_ln313_1625_fu_201974_p2                   |      |        | add_ln313_1625 | add | fabric    | 0       |
|   add_ln313_1627_fu_201996_p2                   |      |        | add_ln313_1627 | add | fabric    | 0       |
|   add_ln313_1631_fu_202029_p2                   |      |        | add_ln313_1631 | add | fabric    | 0       |
|   add_ln313_1633_fu_202077_p2                   |      |        | add_ln313_1633 | add | fabric    | 0       |
|   add_ln313_1637_fu_202111_p2                   |      |        | add_ln313_1637 | add | fabric    | 0       |
|   add_ln313_1639_fu_202160_p2                   |      |        | add_ln313_1639 | add | fabric    | 0       |
|   add_ln313_1643_fu_202194_p2                   |      |        | add_ln313_1643 | add | fabric    | 0       |
|   add_ln313_1645_fu_202243_p2                   |      |        | add_ln313_1645 | add | fabric    | 0       |
|   add_ln313_1649_fu_202277_p2                   |      |        | add_ln313_1649 | add | fabric    | 0       |
|   add_ln313_1651_fu_202326_p2                   |      |        | add_ln313_1651 | add | fabric    | 0       |
|   add_ln313_1655_fu_202360_p2                   |      |        | add_ln313_1655 | add | fabric    | 0       |
|   add_ln313_1657_fu_202409_p2                   |      |        | add_ln313_1657 | add | fabric    | 0       |
|   add_ln313_1661_fu_202443_p2                   |      |        | add_ln313_1661 | add | fabric    | 0       |
|   add_ln313_1663_fu_202492_p2                   |      |        | add_ln313_1663 | add | fabric    | 0       |
|   add_ln313_1667_fu_202526_p2                   |      |        | add_ln313_1667 | add | fabric    | 0       |
|   add_ln313_1669_fu_202575_p2                   |      |        | add_ln313_1669 | add | fabric    | 0       |
|   add_ln313_1673_fu_202609_p2                   |      |        | add_ln313_1673 | add | fabric    | 0       |
|   sub_ln313_478_fu_181826_p2                    |      |        | sub_ln313_478  | sub | fabric    | 0       |
|   add_ln313_1675_fu_202631_p2                   |      |        | add_ln313_1675 | add | fabric    | 0       |
|   sub_ln313_479_fu_181844_p2                    |      |        | sub_ln313_479  | sub | fabric    | 0       |
|   add_ln313_1679_fu_202666_p2                   |      |        | add_ln313_1679 | add | fabric    | 0       |
|   add_ln313_1681_fu_202686_p2                   |      |        | add_ln313_1681 | add | fabric    | 0       |
|   add_ln313_1685_fu_202715_p2                   |      |        | add_ln313_1685 | add | fabric    | 0       |
|   add_ln313_1687_fu_202735_p2                   |      |        | add_ln313_1687 | add | fabric    | 0       |
|   add_ln313_1691_fu_202765_p2                   |      |        | add_ln313_1691 | add | fabric    | 0       |
|   add_ln313_1693_fu_202785_p2                   |      |        | add_ln313_1693 | add | fabric    | 0       |
|   add_ln313_1697_fu_202815_p2                   |      |        | add_ln313_1697 | add | fabric    | 0       |
|   add_ln313_1699_fu_202835_p2                   |      |        | add_ln313_1699 | add | fabric    | 0       |
|   add_ln313_1703_fu_202864_p2                   |      |        | add_ln313_1703 | add | fabric    | 0       |
|   add_ln313_1705_fu_202884_p2                   |      |        | add_ln313_1705 | add | fabric    | 0       |
|   add_ln313_1709_fu_202913_p2                   |      |        | add_ln313_1709 | add | fabric    | 0       |
|   add_ln313_1711_fu_202933_p2                   |      |        | add_ln313_1711 | add | fabric    | 0       |
|   add_ln313_1715_fu_202963_p2                   |      |        | add_ln313_1715 | add | fabric    | 0       |
|   add_ln313_1717_fu_202983_p2                   |      |        | add_ln313_1717 | add | fabric    | 0       |
|   add_ln313_1721_fu_203013_p2                   |      |        | add_ln313_1721 | add | fabric    | 0       |
|   add_ln313_1723_fu_203033_p2                   |      |        | add_ln313_1723 | add | fabric    | 0       |
|   add_ln313_1727_fu_203063_p2                   |      |        | add_ln313_1727 | add | fabric    | 0       |
|   add_ln313_1729_fu_181850_p2                   |      |        | add_ln313_1729 | add | fabric    | 0       |
|   add_ln313_1733_fu_203107_p2                   |      |        | add_ln313_1733 | add | fabric    | 0       |
|   add_ln313_1735_fu_181856_p2                   |      |        | add_ln313_1735 | add | fabric    | 0       |
|   add_ln313_1739_fu_203151_p2                   |      |        | add_ln313_1739 | add | fabric    | 0       |
|   add_ln313_1741_fu_203171_p2                   |      |        | add_ln313_1741 | add | fabric    | 0       |
|   add_ln313_1745_fu_203201_p2                   |      |        | add_ln313_1745 | add | fabric    | 0       |
|   sub_ln313_482_fu_181904_p2                    |      |        | sub_ln313_482  | sub | fabric    | 0       |
|   sub_ln313_483_fu_181934_p2                    |      |        | sub_ln313_483  | sub | fabric    | 0       |
|   add_ln313_1749_fu_181944_p2                   |      |        | add_ln313_1749 | add | fabric    | 0       |
|   sub_ln313_484_fu_181950_p2                    |      |        | sub_ln313_484  | sub | fabric    | 0       |
|   factor11269_fu_181968_p2                      |      |        | factor11269    | sub | fabric    | 0       |
|   Tp_574_fu_203300_p2                           |      |        | Tp_574         | add | fabric    | 0       |
|   add_ln313_1757_fu_203340_p2                   |      |        | add_ln313_1757 | add | fabric    | 0       |
|   add_ln313_1761_fu_203374_p2                   |      |        | add_ln313_1761 | add | fabric    | 0       |
|   add_ln313_1763_fu_203423_p2                   |      |        | add_ln313_1763 | add | fabric    | 0       |
|   add_ln313_1767_fu_203457_p2                   |      |        | add_ln313_1767 | add | fabric    | 0       |
|   add_ln313_1769_fu_203506_p2                   |      |        | add_ln313_1769 | add | fabric    | 0       |
|   add_ln313_1773_fu_203540_p2                   |      |        | add_ln313_1773 | add | fabric    | 0       |
|   add_ln313_1775_fu_203562_p2                   |      |        | add_ln313_1775 | add | fabric    | 0       |
|   add_ln313_1779_fu_182000_p2                   |      |        | add_ln313_1779 | add | fabric    | 0       |
|   add_ln313_1781_fu_203638_p2                   |      |        | add_ln313_1781 | add | fabric    | 0       |
|   add_ln313_1785_fu_203672_p2                   |      |        | add_ln313_1785 | add | fabric    | 0       |
|   add_ln313_1787_fu_203721_p2                   |      |        | add_ln313_1787 | add | fabric    | 0       |
|   add_ln313_1791_fu_203755_p2                   |      |        | add_ln313_1791 | add | fabric    | 0       |
|   add_ln313_1793_fu_203804_p2                   |      |        | add_ln313_1793 | add | fabric    | 0       |
|   add_ln313_1797_fu_203838_p2                   |      |        | add_ln313_1797 | add | fabric    | 0       |
|   add_ln313_1799_fu_203887_p2                   |      |        | add_ln313_1799 | add | fabric    | 0       |
|   add_ln313_1803_fu_203921_p2                   |      |        | add_ln313_1803 | add | fabric    | 0       |
|   add_ln313_1805_fu_203970_p2                   |      |        | add_ln313_1805 | add | fabric    | 0       |
|   add_ln313_1809_fu_204004_p2                   |      |        | add_ln313_1809 | add | fabric    | 0       |
|   sub_ln313_503_fu_182006_p2                    |      |        | sub_ln313_503  | sub | fabric    | 0       |
|   add_ln313_1811_fu_204026_p2                   |      |        | add_ln313_1811 | add | fabric    | 0       |
|   sub_ln313_504_fu_182024_p2                    |      |        | sub_ln313_504  | sub | fabric    | 0       |
|   add_ln313_1815_fu_204061_p2                   |      |        | add_ln313_1815 | add | fabric    | 0       |
|   add_ln313_1817_fu_204081_p2                   |      |        | add_ln313_1817 | add | fabric    | 0       |
|   add_ln313_1821_fu_204110_p2                   |      |        | add_ln313_1821 | add | fabric    | 0       |
|   add_ln313_1823_fu_182030_p2                   |      |        | add_ln313_1823 | add | fabric    | 0       |
|   add_ln313_1827_fu_204155_p2                   |      |        | add_ln313_1827 | add | fabric    | 0       |
|   add_ln313_1829_fu_182036_p2                   |      |        | add_ln313_1829 | add | fabric    | 0       |
|   add_ln313_1833_fu_204200_p2                   |      |        | add_ln313_1833 | add | fabric    | 0       |
|   add_ln313_1835_fu_204220_p2                   |      |        | add_ln313_1835 | add | fabric    | 0       |
|   add_ln313_1839_fu_204249_p2                   |      |        | add_ln313_1839 | add | fabric    | 0       |
|   add_ln313_1841_fu_204269_p2                   |      |        | add_ln313_1841 | add | fabric    | 0       |
|   add_ln313_1845_fu_204298_p2                   |      |        | add_ln313_1845 | add | fabric    | 0       |
|   add_ln313_1847_fu_204318_p2                   |      |        | add_ln313_1847 | add | fabric    | 0       |
|   add_ln313_1851_fu_204348_p2                   |      |        | add_ln313_1851 | add | fabric    | 0       |
|   add_ln313_1853_fu_204368_p2                   |      |        | add_ln313_1853 | add | fabric    | 0       |
|   add_ln313_1857_fu_204398_p2                   |      |        | add_ln313_1857 | add | fabric    | 0       |
|   add_ln313_1859_fu_204418_p2                   |      |        | add_ln313_1859 | add | fabric    | 0       |
|   add_ln313_1863_fu_204448_p2                   |      |        | add_ln313_1863 | add | fabric    | 0       |
|   add_ln313_1865_fu_204468_p2                   |      |        | add_ln313_1865 | add | fabric    | 0       |
|   add_ln313_1869_fu_204497_p2                   |      |        | add_ln313_1869 | add | fabric    | 0       |
|   add_ln313_1871_fu_204517_p2                   |      |        | add_ln313_1871 | add | fabric    | 0       |
|   add_ln313_1875_fu_204546_p2                   |      |        | add_ln313_1875 | add | fabric    | 0       |
|   add_ln313_1877_fu_204566_p2                   |      |        | add_ln313_1877 | add | fabric    | 0       |
|   add_ln313_1881_fu_204596_p2                   |      |        | add_ln313_1881 | add | fabric    | 0       |
|   add_ln313_1883_fu_204616_p2                   |      |        | add_ln313_1883 | add | fabric    | 0       |
|   add_ln313_1887_fu_204646_p2                   |      |        | add_ln313_1887 | add | fabric    | 0       |
|   sub_ln313_507_fu_182084_p2                    |      |        | sub_ln313_507  | sub | fabric    | 0       |
|   sub_ln313_508_fu_182114_p2                    |      |        | sub_ln313_508  | sub | fabric    | 0       |
|   add_ln313_1891_fu_182124_p2                   |      |        | add_ln313_1891 | add | fabric    | 0       |
|   sub_ln313_509_fu_182130_p2                    |      |        | sub_ln313_509  | sub | fabric    | 0       |
|   factor11270_fu_182148_p2                      |      |        | factor11270    | sub | fabric    | 0       |
|   Tp_620_fu_204745_p2                           |      |        | Tp_620         | add | fabric    | 0       |
|   add_ln313_1899_fu_204785_p2                   |      |        | add_ln313_1899 | add | fabric    | 0       |
|   add_ln313_1903_fu_204819_p2                   |      |        | add_ln313_1903 | add | fabric    | 0       |
|   add_ln313_1905_fu_204868_p2                   |      |        | add_ln313_1905 | add | fabric    | 0       |
|   add_ln313_1909_fu_204902_p2                   |      |        | add_ln313_1909 | add | fabric    | 0       |
|   add_ln313_1911_fu_204924_p2                   |      |        | add_ln313_1911 | add | fabric    | 0       |
|   add_ln313_1915_fu_204957_p2                   |      |        | add_ln313_1915 | add | fabric    | 0       |
|   add_ln313_1917_fu_182206_p2                   |      |        | add_ln313_1917 | add | fabric    | 0       |
|   add_ln313_1921_fu_182212_p2                   |      |        | add_ln313_1921 | add | fabric    | 0       |
|   add_ln313_1923_fu_182244_p2                   |      |        | add_ln313_1923 | add | fabric    | 0       |
|   add_ln313_1927_fu_182250_p2                   |      |        | add_ln313_1927 | add | fabric    | 0       |
|   add_ln313_1929_fu_205093_p2                   |      |        | add_ln313_1929 | add | fabric    | 0       |
|   add_ln313_1933_fu_205127_p2                   |      |        | add_ln313_1933 | add | fabric    | 0       |
|   add_ln313_1935_fu_205176_p2                   |      |        | add_ln313_1935 | add | fabric    | 0       |
|   add_ln313_1939_fu_205210_p2                   |      |        | add_ln313_1939 | add | fabric    | 0       |
|   add_ln313_1941_fu_205259_p2                   |      |        | add_ln313_1941 | add | fabric    | 0       |
|   add_ln313_1945_fu_205293_p2                   |      |        | add_ln313_1945 | add | fabric    | 0       |
|   sub_ln313_526_fu_182256_p2                    |      |        | sub_ln313_526  | sub | fabric    | 0       |
|   add_ln313_1947_fu_205315_p2                   |      |        | add_ln313_1947 | add | fabric    | 0       |
|   sub_ln313_527_fu_182274_p2                    |      |        | sub_ln313_527  | sub | fabric    | 0       |
|   add_ln313_1951_fu_205347_p2                   |      |        | add_ln313_1951 | add | fabric    | 0       |
|   add_ln313_1953_fu_205366_p2                   |      |        | add_ln313_1953 | add | fabric    | 0       |
|   add_ln313_1957_fu_205395_p2                   |      |        | add_ln313_1957 | add | fabric    | 0       |
|   add_ln313_1959_fu_205414_p2                   |      |        | add_ln313_1959 | add | fabric    | 0       |
|   add_ln313_1963_fu_205444_p2                   |      |        | add_ln313_1963 | add | fabric    | 0       |
|   add_ln313_1965_fu_205463_p2                   |      |        | add_ln313_1965 | add | fabric    | 0       |
|   add_ln313_1969_fu_205493_p2                   |      |        | add_ln313_1969 | add | fabric    | 0       |
|   add_ln313_1971_fu_205512_p2                   |      |        | add_ln313_1971 | add | fabric    | 0       |
|   add_ln313_1975_fu_205541_p2                   |      |        | add_ln313_1975 | add | fabric    | 0       |
|   add_ln313_1977_fu_205560_p2                   |      |        | add_ln313_1977 | add | fabric    | 0       |
|   add_ln313_1981_fu_205589_p2                   |      |        | add_ln313_1981 | add | fabric    | 0       |
|   add_ln313_1983_fu_205608_p2                   |      |        | add_ln313_1983 | add | fabric    | 0       |
|   add_ln313_1987_fu_205638_p2                   |      |        | add_ln313_1987 | add | fabric    | 0       |
|   add_ln313_1989_fu_205657_p2                   |      |        | add_ln313_1989 | add | fabric    | 0       |
|   add_ln313_1993_fu_205687_p2                   |      |        | add_ln313_1993 | add | fabric    | 0       |
|   add_ln313_1995_fu_205706_p2                   |      |        | add_ln313_1995 | add | fabric    | 0       |
|   add_ln313_1999_fu_205736_p2                   |      |        | add_ln313_1999 | add | fabric    | 0       |
|   add_ln313_2001_fu_205755_p2                   |      |        | add_ln313_2001 | add | fabric    | 0       |
|   add_ln313_2005_fu_205784_p2                   |      |        | add_ln313_2005 | add | fabric    | 0       |
|   add_ln313_2007_fu_182284_p2                   |      |        | add_ln313_2007 | add | fabric    | 0       |
|   add_ln313_2011_fu_205827_p2                   |      |        | add_ln313_2011 | add | fabric    | 0       |
|   add_ln313_2013_fu_182290_p2                   |      |        | add_ln313_2013 | add | fabric    | 0       |
|   add_ln313_2017_fu_205871_p2                   |      |        | add_ln313_2017 | add | fabric    | 0       |
|   add_ln313_2019_fu_205890_p2                   |      |        | add_ln313_2019 | add | fabric    | 0       |
|   add_ln313_2023_fu_205920_p2                   |      |        | add_ln313_2023 | add | fabric    | 0       |
|   add_ln313_2025_fu_205939_p2                   |      |        | add_ln313_2025 | add | fabric    | 0       |
|   add_ln313_2029_fu_205969_p2                   |      |        | add_ln313_2029 | add | fabric    | 0       |
|   sub_ln313_530_fu_182342_p2                    |      |        | sub_ln313_530  | sub | fabric    | 0       |
|   sub_ln313_531_fu_182372_p2                    |      |        | sub_ln313_531  | sub | fabric    | 0       |
|   add_ln313_2033_fu_182382_p2                   |      |        | add_ln313_2033 | add | fabric    | 0       |
|   sub_ln313_532_fu_182388_p2                    |      |        | sub_ln313_532  | sub | fabric    | 0       |
|   factor11271_fu_182410_p2                      |      |        | factor11271    | sub | fabric    | 0       |
|   Tp_666_fu_206032_p2                           |      |        | Tp_666         | add | fabric    | 0       |
|   add_ln313_2041_fu_206072_p2                   |      |        | add_ln313_2041 | add | fabric    | 0       |
|   add_ln313_2045_fu_206106_p2                   |      |        | add_ln313_2045 | add | fabric    | 0       |
|   add_ln313_2047_fu_206155_p2                   |      |        | add_ln313_2047 | add | fabric    | 0       |
|   add_ln313_2051_fu_206189_p2                   |      |        | add_ln313_2051 | add | fabric    | 0       |
|   add_ln313_2053_fu_206238_p2                   |      |        | add_ln313_2053 | add | fabric    | 0       |
|   add_ln313_2057_fu_206272_p2                   |      |        | add_ln313_2057 | add | fabric    | 0       |
|   add_ln313_2059_fu_206294_p2                   |      |        | add_ln313_2059 | add | fabric    | 0       |
|   add_ln313_2063_fu_206327_p2                   |      |        | add_ln313_2063 | add | fabric    | 0       |
|   add_ln313_2065_fu_206375_p2                   |      |        | add_ln313_2065 | add | fabric    | 0       |
|   add_ln313_2069_fu_206409_p2                   |      |        | add_ln313_2069 | add | fabric    | 0       |
|   add_ln313_2071_fu_206431_p2                   |      |        | add_ln313_2071 | add | fabric    | 0       |
|   add_ln313_2075_fu_182496_p2                   |      |        | add_ln313_2075 | add | fabric    | 0       |
|   add_ln313_2077_fu_206507_p2                   |      |        | add_ln313_2077 | add | fabric    | 0       |
|   add_ln313_2081_fu_206541_p2                   |      |        | add_ln313_2081 | add | fabric    | 0       |
|   sub_ln313_547_fu_182502_p2                    |      |        | sub_ln313_547  | sub | fabric    | 0       |
|   add_ln313_2083_fu_206563_p2                   |      |        | add_ln313_2083 | add | fabric    | 0       |
|   sub_ln313_548_fu_182520_p2                    |      |        | sub_ln313_548  | sub | fabric    | 0       |
|   add_ln313_2087_fu_206595_p2                   |      |        | add_ln313_2087 | add | fabric    | 0       |
|   add_ln313_2089_fu_206614_p2                   |      |        | add_ln313_2089 | add | fabric    | 0       |
|   add_ln313_2093_fu_206643_p2                   |      |        | add_ln313_2093 | add | fabric    | 0       |
|   add_ln313_2095_fu_206662_p2                   |      |        | add_ln313_2095 | add | fabric    | 0       |
|   add_ln313_2099_fu_206692_p2                   |      |        | add_ln313_2099 | add | fabric    | 0       |
|   add_ln313_2101_fu_206711_p2                   |      |        | add_ln313_2101 | add | fabric    | 0       |
|   add_ln313_2105_fu_206741_p2                   |      |        | add_ln313_2105 | add | fabric    | 0       |
|   add_ln313_2107_fu_206760_p2                   |      |        | add_ln313_2107 | add | fabric    | 0       |
|   add_ln313_2111_fu_206789_p2                   |      |        | add_ln313_2111 | add | fabric    | 0       |
|   add_ln313_2113_fu_206808_p2                   |      |        | add_ln313_2113 | add | fabric    | 0       |
|   add_ln313_2117_fu_206837_p2                   |      |        | add_ln313_2117 | add | fabric    | 0       |
|   add_ln313_2119_fu_206856_p2                   |      |        | add_ln313_2119 | add | fabric    | 0       |
|   add_ln313_2123_fu_206886_p2                   |      |        | add_ln313_2123 | add | fabric    | 0       |
|   add_ln313_2125_fu_206905_p2                   |      |        | add_ln313_2125 | add | fabric    | 0       |
|   add_ln313_2129_fu_206935_p2                   |      |        | add_ln313_2129 | add | fabric    | 0       |
|   add_ln313_2131_fu_206954_p2                   |      |        | add_ln313_2131 | add | fabric    | 0       |
|   add_ln313_2135_fu_206984_p2                   |      |        | add_ln313_2135 | add | fabric    | 0       |
|   add_ln313_2137_fu_207003_p2                   |      |        | add_ln313_2137 | add | fabric    | 0       |
|   add_ln313_2141_fu_207032_p2                   |      |        | add_ln313_2141 | add | fabric    | 0       |
|   add_ln313_2143_fu_207051_p2                   |      |        | add_ln313_2143 | add | fabric    | 0       |
|   add_ln313_2147_fu_207080_p2                   |      |        | add_ln313_2147 | add | fabric    | 0       |
|   add_ln313_2149_fu_207099_p2                   |      |        | add_ln313_2149 | add | fabric    | 0       |
|   add_ln313_2153_fu_207129_p2                   |      |        | add_ln313_2153 | add | fabric    | 0       |
|   add_ln313_2155_fu_207148_p2                   |      |        | add_ln313_2155 | add | fabric    | 0       |
|   add_ln313_2159_fu_207178_p2                   |      |        | add_ln313_2159 | add | fabric    | 0       |
|   add_ln313_2161_fu_207197_p2                   |      |        | add_ln313_2161 | add | fabric    | 0       |
|   add_ln313_2165_fu_207227_p2                   |      |        | add_ln313_2165 | add | fabric    | 0       |
|   add_ln313_2167_fu_207246_p2                   |      |        | add_ln313_2167 | add | fabric    | 0       |
|   add_ln313_2171_fu_207275_p2                   |      |        | add_ln313_2171 | add | fabric    | 0       |
|   sub_ln313_551_fu_182576_p2                    |      |        | sub_ln313_551  | sub | fabric    | 0       |
|   sub_ln313_552_fu_182606_p2                    |      |        | sub_ln313_552  | sub | fabric    | 0       |
|   add_ln313_2175_fu_182616_p2                   |      |        | add_ln313_2175 | add | fabric    | 0       |
|   sub_ln313_553_fu_182622_p2                    |      |        | sub_ln313_553  | sub | fabric    | 0       |
|   factor11272_fu_182644_p2                      |      |        | factor11272    | sub | fabric    | 0       |
|   Tp_712_fu_207338_p2                           |      |        | Tp_712         | add | fabric    | 0       |
|   add_ln313_2183_fu_207378_p2                   |      |        | add_ln313_2183 | add | fabric    | 0       |
|   add_ln313_2187_fu_207412_p2                   |      |        | add_ln313_2187 | add | fabric    | 0       |
|   add_ln313_2189_fu_207461_p2                   |      |        | add_ln313_2189 | add | fabric    | 0       |
|   add_ln313_2193_fu_207495_p2                   |      |        | add_ln313_2193 | add | fabric    | 0       |
|   add_ln313_2195_fu_207544_p2                   |      |        | add_ln313_2195 | add | fabric    | 0       |
|   add_ln313_2199_fu_207578_p2                   |      |        | add_ln313_2199 | add | fabric    | 0       |
|   add_ln313_2201_fu_207627_p2                   |      |        | add_ln313_2201 | add | fabric    | 0       |
|   add_ln313_2205_fu_207661_p2                   |      |        | add_ln313_2205 | add | fabric    | 0       |
|   add_ln313_2207_fu_207683_p2                   |      |        | add_ln313_2207 | add | fabric    | 0       |
|   add_ln313_2211_fu_207716_p2                   |      |        | add_ln313_2211 | add | fabric    | 0       |
|   add_ln313_2213_fu_207764_p2                   |      |        | add_ln313_2213 | add | fabric    | 0       |
|   add_ln313_2217_fu_207798_p2                   |      |        | add_ln313_2217 | add | fabric    | 0       |
|   sub_ln313_566_fu_182704_p2                    |      |        | sub_ln313_566  | sub | fabric    | 0       |
|   add_ln313_2219_fu_207820_p2                   |      |        | add_ln313_2219 | add | fabric    | 0       |
|   sub_ln313_567_fu_182722_p2                    |      |        | sub_ln313_567  | sub | fabric    | 0       |
|   add_ln313_2223_fu_207855_p2                   |      |        | add_ln313_2223 | add | fabric    | 0       |
|   add_ln313_2225_fu_207875_p2                   |      |        | add_ln313_2225 | add | fabric    | 0       |
|   add_ln313_2229_fu_207904_p2                   |      |        | add_ln313_2229 | add | fabric    | 0       |
|   add_ln313_2231_fu_207924_p2                   |      |        | add_ln313_2231 | add | fabric    | 0       |
|   add_ln313_2235_fu_207954_p2                   |      |        | add_ln313_2235 | add | fabric    | 0       |
|   add_ln313_2237_fu_207974_p2                   |      |        | add_ln313_2237 | add | fabric    | 0       |
|   add_ln313_2241_fu_208004_p2                   |      |        | add_ln313_2241 | add | fabric    | 0       |
|   add_ln313_2243_fu_208024_p2                   |      |        | add_ln313_2243 | add | fabric    | 0       |
|   add_ln313_2247_fu_208053_p2                   |      |        | add_ln313_2247 | add | fabric    | 0       |
|   add_ln313_2249_fu_208073_p2                   |      |        | add_ln313_2249 | add | fabric    | 0       |
|   add_ln313_2253_fu_208102_p2                   |      |        | add_ln313_2253 | add | fabric    | 0       |
|   add_ln313_2255_fu_208122_p2                   |      |        | add_ln313_2255 | add | fabric    | 0       |
|   add_ln313_2259_fu_208152_p2                   |      |        | add_ln313_2259 | add | fabric    | 0       |
|   add_ln313_2261_fu_208172_p2                   |      |        | add_ln313_2261 | add | fabric    | 0       |
|   add_ln313_2265_fu_208202_p2                   |      |        | add_ln313_2265 | add | fabric    | 0       |
|   add_ln313_2267_fu_208222_p2                   |      |        | add_ln313_2267 | add | fabric    | 0       |
|   add_ln313_2271_fu_208252_p2                   |      |        | add_ln313_2271 | add | fabric    | 0       |
|   add_ln313_2273_fu_208272_p2                   |      |        | add_ln313_2273 | add | fabric    | 0       |
|   add_ln313_2277_fu_208301_p2                   |      |        | add_ln313_2277 | add | fabric    | 0       |
|   add_ln313_2279_fu_208321_p2                   |      |        | add_ln313_2279 | add | fabric    | 0       |
|   add_ln313_2283_fu_208350_p2                   |      |        | add_ln313_2283 | add | fabric    | 0       |
|   add_ln313_2285_fu_208370_p2                   |      |        | add_ln313_2285 | add | fabric    | 0       |
|   add_ln313_2289_fu_208400_p2                   |      |        | add_ln313_2289 | add | fabric    | 0       |
|   add_ln313_2291_fu_182728_p2                   |      |        | add_ln313_2291 | add | fabric    | 0       |
|   add_ln313_2295_fu_208445_p2                   |      |        | add_ln313_2295 | add | fabric    | 0       |
|   add_ln313_2297_fu_182734_p2                   |      |        | add_ln313_2297 | add | fabric    | 0       |
|   add_ln313_2301_fu_208490_p2                   |      |        | add_ln313_2301 | add | fabric    | 0       |
|   add_ln313_2303_fu_208510_p2                   |      |        | add_ln313_2303 | add | fabric    | 0       |
|   add_ln313_2307_fu_208539_p2                   |      |        | add_ln313_2307 | add | fabric    | 0       |
|   add_ln313_2309_fu_208559_p2                   |      |        | add_ln313_2309 | add | fabric    | 0       |
|   add_ln313_2313_fu_208588_p2                   |      |        | add_ln313_2313 | add | fabric    | 0       |
|   sub_ln313_570_fu_182782_p2                    |      |        | sub_ln313_570  | sub | fabric    | 0       |
|   sub_ln313_571_fu_182812_p2                    |      |        | sub_ln313_571  | sub | fabric    | 0       |
|   add_ln313_2317_fu_182822_p2                   |      |        | add_ln313_2317 | add | fabric    | 0       |
|   sub_ln313_572_fu_182828_p2                    |      |        | sub_ln313_572  | sub | fabric    | 0       |
|   factor11273_fu_182846_p2                      |      |        | factor11273    | sub | fabric    | 0       |
|   Tp_758_fu_208687_p2                           |      |        | Tp_758         | add | fabric    | 0       |
|   add_ln313_2325_fu_208727_p2                   |      |        | add_ln313_2325 | add | fabric    | 0       |
|   add_ln313_2329_fu_208761_p2                   |      |        | add_ln313_2329 | add | fabric    | 0       |
|   add_ln313_2331_fu_208810_p2                   |      |        | add_ln313_2331 | add | fabric    | 0       |
|   add_ln313_2335_fu_208844_p2                   |      |        | add_ln313_2335 | add | fabric    | 0       |
|   add_ln313_2337_fu_208893_p2                   |      |        | add_ln313_2337 | add | fabric    | 0       |
|   add_ln313_2341_fu_208927_p2                   |      |        | add_ln313_2341 | add | fabric    | 0       |
|   add_ln313_2343_fu_208976_p2                   |      |        | add_ln313_2343 | add | fabric    | 0       |
|   add_ln313_2347_fu_209010_p2                   |      |        | add_ln313_2347 | add | fabric    | 0       |
|   add_ln313_2349_fu_209059_p2                   |      |        | add_ln313_2349 | add | fabric    | 0       |
|   add_ln313_2353_fu_209093_p2                   |      |        | add_ln313_2353 | add | fabric    | 0       |
|   sub_ln313_583_fu_182852_p2                    |      |        | sub_ln313_583  | sub | fabric    | 0       |
|   add_ln313_2355_fu_209115_p2                   |      |        | add_ln313_2355 | add | fabric    | 0       |
|   sub_ln313_584_fu_182870_p2                    |      |        | sub_ln313_584  | sub | fabric    | 0       |
|   add_ln313_2359_fu_209147_p2                   |      |        | add_ln313_2359 | add | fabric    | 0       |
|   add_ln313_2361_fu_209166_p2                   |      |        | add_ln313_2361 | add | fabric    | 0       |
|   add_ln313_2365_fu_209195_p2                   |      |        | add_ln313_2365 | add | fabric    | 0       |
|   add_ln313_2367_fu_209214_p2                   |      |        | add_ln313_2367 | add | fabric    | 0       |
|   add_ln313_2371_fu_209244_p2                   |      |        | add_ln313_2371 | add | fabric    | 0       |
|   add_ln313_2373_fu_209263_p2                   |      |        | add_ln313_2373 | add | fabric    | 0       |
|   add_ln313_2377_fu_209293_p2                   |      |        | add_ln313_2377 | add | fabric    | 0       |
|   add_ln313_2379_fu_209312_p2                   |      |        | add_ln313_2379 | add | fabric    | 0       |
|   add_ln313_2383_fu_209341_p2                   |      |        | add_ln313_2383 | add | fabric    | 0       |
|   add_ln313_2385_fu_182880_p2                   |      |        | add_ln313_2385 | add | fabric    | 0       |
|   add_ln313_2389_fu_209384_p2                   |      |        | add_ln313_2389 | add | fabric    | 0       |
|   add_ln313_2391_fu_182886_p2                   |      |        | add_ln313_2391 | add | fabric    | 0       |
|   add_ln313_2395_fu_209428_p2                   |      |        | add_ln313_2395 | add | fabric    | 0       |
|   add_ln313_2397_fu_209447_p2                   |      |        | add_ln313_2397 | add | fabric    | 0       |
|   add_ln313_2401_fu_209477_p2                   |      |        | add_ln313_2401 | add | fabric    | 0       |
|   add_ln313_2403_fu_209496_p2                   |      |        | add_ln313_2403 | add | fabric    | 0       |
|   add_ln313_2407_fu_209526_p2                   |      |        | add_ln313_2407 | add | fabric    | 0       |
|   add_ln313_2409_fu_209545_p2                   |      |        | add_ln313_2409 | add | fabric    | 0       |
|   add_ln313_2413_fu_209574_p2                   |      |        | add_ln313_2413 | add | fabric    | 0       |
|   add_ln313_2415_fu_209593_p2                   |      |        | add_ln313_2415 | add | fabric    | 0       |
|   add_ln313_2419_fu_209622_p2                   |      |        | add_ln313_2419 | add | fabric    | 0       |
|   add_ln313_2421_fu_209641_p2                   |      |        | add_ln313_2421 | add | fabric    | 0       |
|   add_ln313_2425_fu_209671_p2                   |      |        | add_ln313_2425 | add | fabric    | 0       |
|   add_ln313_2427_fu_209690_p2                   |      |        | add_ln313_2427 | add | fabric    | 0       |
|   add_ln313_2431_fu_209720_p2                   |      |        | add_ln313_2431 | add | fabric    | 0       |
|   add_ln313_2433_fu_209739_p2                   |      |        | add_ln313_2433 | add | fabric    | 0       |
|   add_ln313_2437_fu_209769_p2                   |      |        | add_ln313_2437 | add | fabric    | 0       |
|   add_ln313_2439_fu_209788_p2                   |      |        | add_ln313_2439 | add | fabric    | 0       |
|   add_ln313_2443_fu_209817_p2                   |      |        | add_ln313_2443 | add | fabric    | 0       |
|   add_ln313_2445_fu_209836_p2                   |      |        | add_ln313_2445 | add | fabric    | 0       |
|   add_ln313_2449_fu_209865_p2                   |      |        | add_ln313_2449 | add | fabric    | 0       |
|   add_ln313_2451_fu_209884_p2                   |      |        | add_ln313_2451 | add | fabric    | 0       |
|   add_ln313_2455_fu_209914_p2                   |      |        | add_ln313_2455 | add | fabric    | 0       |
|   sub_ln313_587_fu_182938_p2                    |      |        | sub_ln313_587  | sub | fabric    | 0       |
|   sub_ln313_588_fu_182968_p2                    |      |        | sub_ln313_588  | sub | fabric    | 0       |
|   add_ln313_2459_fu_182978_p2                   |      |        | add_ln313_2459 | add | fabric    | 0       |
|   sub_ln313_589_fu_182984_p2                    |      |        | sub_ln313_589  | sub | fabric    | 0       |
|   factor11274_fu_183006_p2                      |      |        | factor11274    | sub | fabric    | 0       |
|   Tp_804_fu_209977_p2                           |      |        | Tp_804         | add | fabric    | 0       |
|   add_ln313_2467_fu_210017_p2                   |      |        | add_ln313_2467 | add | fabric    | 0       |
|   add_ln313_2471_fu_210051_p2                   |      |        | add_ln313_2471 | add | fabric    | 0       |
|   add_ln313_2473_fu_210100_p2                   |      |        | add_ln313_2473 | add | fabric    | 0       |
|   add_ln313_2477_fu_210134_p2                   |      |        | add_ln313_2477 | add | fabric    | 0       |
|   add_ln313_2479_fu_183066_p2                   |      |        | add_ln313_2479 | add | fabric    | 0       |
|   add_ln313_2483_fu_183072_p2                   |      |        | add_ln313_2483 | add | fabric    | 0       |
|   add_ln313_2485_fu_183104_p2                   |      |        | add_ln313_2485 | add | fabric    | 0       |
|   add_ln313_2489_fu_183110_p2                   |      |        | add_ln313_2489 | add | fabric    | 0       |
|   sub_ln313_598_fu_183116_p2                    |      |        | sub_ln313_598  | sub | fabric    | 0       |
|   add_ln313_2491_fu_210244_p2                   |      |        | add_ln313_2491 | add | fabric    | 0       |
|   sub_ln313_599_fu_183134_p2                    |      |        | sub_ln313_599  | sub | fabric    | 0       |
|   add_ln313_2495_fu_210276_p2                   |      |        | add_ln313_2495 | add | fabric    | 0       |
|   add_ln313_2497_fu_210295_p2                   |      |        | add_ln313_2497 | add | fabric    | 0       |
|   add_ln313_2501_fu_210324_p2                   |      |        | add_ln313_2501 | add | fabric    | 0       |
|   add_ln313_2503_fu_210343_p2                   |      |        | add_ln313_2503 | add | fabric    | 0       |
|   add_ln313_2507_fu_210373_p2                   |      |        | add_ln313_2507 | add | fabric    | 0       |
|   add_ln313_2509_fu_210392_p2                   |      |        | add_ln313_2509 | add | fabric    | 0       |
|   add_ln313_2513_fu_210422_p2                   |      |        | add_ln313_2513 | add | fabric    | 0       |
|   add_ln313_2515_fu_210441_p2                   |      |        | add_ln313_2515 | add | fabric    | 0       |
|   add_ln313_2519_fu_210470_p2                   |      |        | add_ln313_2519 | add | fabric    | 0       |
|   add_ln313_2521_fu_210489_p2                   |      |        | add_ln313_2521 | add | fabric    | 0       |
|   add_ln313_2525_fu_210518_p2                   |      |        | add_ln313_2525 | add | fabric    | 0       |
|   add_ln313_2527_fu_210537_p2                   |      |        | add_ln313_2527 | add | fabric    | 0       |
|   add_ln313_2531_fu_210567_p2                   |      |        | add_ln313_2531 | add | fabric    | 0       |
|   add_ln313_2533_fu_210586_p2                   |      |        | add_ln313_2533 | add | fabric    | 0       |
|   add_ln313_2537_fu_210616_p2                   |      |        | add_ln313_2537 | add | fabric    | 0       |
|   add_ln313_2539_fu_210635_p2                   |      |        | add_ln313_2539 | add | fabric    | 0       |
|   add_ln313_2543_fu_210665_p2                   |      |        | add_ln313_2543 | add | fabric    | 0       |
|   add_ln313_2545_fu_210684_p2                   |      |        | add_ln313_2545 | add | fabric    | 0       |
|   add_ln313_2549_fu_210713_p2                   |      |        | add_ln313_2549 | add | fabric    | 0       |
|   add_ln313_2551_fu_210732_p2                   |      |        | add_ln313_2551 | add | fabric    | 0       |
|   add_ln313_2555_fu_210761_p2                   |      |        | add_ln313_2555 | add | fabric    | 0       |
|   add_ln313_2557_fu_210780_p2                   |      |        | add_ln313_2557 | add | fabric    | 0       |
|   add_ln313_2561_fu_210810_p2                   |      |        | add_ln313_2561 | add | fabric    | 0       |
|   add_ln313_2563_fu_210829_p2                   |      |        | add_ln313_2563 | add | fabric    | 0       |
|   add_ln313_2567_fu_210859_p2                   |      |        | add_ln313_2567 | add | fabric    | 0       |
|   add_ln313_2569_fu_183144_p2                   |      |        | add_ln313_2569 | add | fabric    | 0       |
|   add_ln313_2573_fu_210903_p2                   |      |        | add_ln313_2573 | add | fabric    | 0       |
|   add_ln313_2575_fu_183150_p2                   |      |        | add_ln313_2575 | add | fabric    | 0       |
|   add_ln313_2579_fu_210946_p2                   |      |        | add_ln313_2579 | add | fabric    | 0       |
|   add_ln313_2581_fu_210965_p2                   |      |        | add_ln313_2581 | add | fabric    | 0       |
|   add_ln313_2585_fu_210994_p2                   |      |        | add_ln313_2585 | add | fabric    | 0       |
|   add_ln313_2587_fu_211013_p2                   |      |        | add_ln313_2587 | add | fabric    | 0       |
|   add_ln313_2591_fu_211043_p2                   |      |        | add_ln313_2591 | add | fabric    | 0       |
|   add_ln313_2593_fu_211062_p2                   |      |        | add_ln313_2593 | add | fabric    | 0       |
|   add_ln313_2597_fu_211091_p2                   |      |        | add_ln313_2597 | add | fabric    | 0       |
|   sub_ln313_602_fu_183202_p2                    |      |        | sub_ln313_602  | sub | fabric    | 0       |
|   sub_ln313_603_fu_183232_p2                    |      |        | sub_ln313_603  | sub | fabric    | 0       |
|   add_ln313_2601_fu_183242_p2                   |      |        | add_ln313_2601 | add | fabric    | 0       |
|   sub_ln313_604_fu_183248_p2                    |      |        | sub_ln313_604  | sub | fabric    | 0       |
|   factor11275_fu_183270_p2                      |      |        | factor11275    | sub | fabric    | 0       |
|   Tp_850_fu_211154_p2                           |      |        | Tp_850         | add | fabric    | 0       |
|   add_ln313_2609_fu_211194_p2                   |      |        | add_ln313_2609 | add | fabric    | 0       |
|   add_ln313_2613_fu_211228_p2                   |      |        | add_ln313_2613 | add | fabric    | 0       |
|   add_ln313_2615_fu_211277_p2                   |      |        | add_ln313_2615 | add | fabric    | 0       |
|   add_ln313_2619_fu_211311_p2                   |      |        | add_ln313_2619 | add | fabric    | 0       |
|   add_ln313_2621_fu_211360_p2                   |      |        | add_ln313_2621 | add | fabric    | 0       |
|   add_ln313_2625_fu_211394_p2                   |      |        | add_ln313_2625 | add | fabric    | 0       |
|   sub_ln313_611_fu_183304_p2                    |      |        | sub_ln313_611  | sub | fabric    | 0       |
|   add_ln313_2627_fu_211416_p2                   |      |        | add_ln313_2627 | add | fabric    | 0       |
|   sub_ln313_612_fu_183322_p2                    |      |        | sub_ln313_612  | sub | fabric    | 0       |
|   add_ln313_2631_fu_211451_p2                   |      |        | add_ln313_2631 | add | fabric    | 0       |
|   add_ln313_2633_fu_211471_p2                   |      |        | add_ln313_2633 | add | fabric    | 0       |
|   add_ln313_2637_fu_211500_p2                   |      |        | add_ln313_2637 | add | fabric    | 0       |
|   add_ln313_2639_fu_211520_p2                   |      |        | add_ln313_2639 | add | fabric    | 0       |
|   add_ln313_2643_fu_211550_p2                   |      |        | add_ln313_2643 | add | fabric    | 0       |
|   add_ln313_2645_fu_211570_p2                   |      |        | add_ln313_2645 | add | fabric    | 0       |
|   add_ln313_2649_fu_211600_p2                   |      |        | add_ln313_2649 | add | fabric    | 0       |
|   add_ln313_2651_fu_211620_p2                   |      |        | add_ln313_2651 | add | fabric    | 0       |
|   add_ln313_2655_fu_211649_p2                   |      |        | add_ln313_2655 | add | fabric    | 0       |
|   add_ln313_2657_fu_211669_p2                   |      |        | add_ln313_2657 | add | fabric    | 0       |
|   add_ln313_2661_fu_211698_p2                   |      |        | add_ln313_2661 | add | fabric    | 0       |
|   add_ln313_2663_fu_183328_p2                   |      |        | add_ln313_2663 | add | fabric    | 0       |
|   add_ln313_2667_fu_211743_p2                   |      |        | add_ln313_2667 | add | fabric    | 0       |
|   add_ln313_2669_fu_183334_p2                   |      |        | add_ln313_2669 | add | fabric    | 0       |
|   add_ln313_2673_fu_211788_p2                   |      |        | add_ln313_2673 | add | fabric    | 0       |
|   add_ln313_2675_fu_211808_p2                   |      |        | add_ln313_2675 | add | fabric    | 0       |
|   add_ln313_2679_fu_211838_p2                   |      |        | add_ln313_2679 | add | fabric    | 0       |
|   add_ln313_2681_fu_211858_p2                   |      |        | add_ln313_2681 | add | fabric    | 0       |
|   add_ln313_2685_fu_211887_p2                   |      |        | add_ln313_2685 | add | fabric    | 0       |
|   add_ln313_2687_fu_211907_p2                   |      |        | add_ln313_2687 | add | fabric    | 0       |
|   add_ln313_2691_fu_211936_p2                   |      |        | add_ln313_2691 | add | fabric    | 0       |
|   add_ln313_2693_fu_211956_p2                   |      |        | add_ln313_2693 | add | fabric    | 0       |
|   add_ln313_2697_fu_211986_p2                   |      |        | add_ln313_2697 | add | fabric    | 0       |
|   add_ln313_2699_fu_212006_p2                   |      |        | add_ln313_2699 | add | fabric    | 0       |
|   add_ln313_2703_fu_212036_p2                   |      |        | add_ln313_2703 | add | fabric    | 0       |
|   add_ln313_2705_fu_212056_p2                   |      |        | add_ln313_2705 | add | fabric    | 0       |
|   add_ln313_2709_fu_212086_p2                   |      |        | add_ln313_2709 | add | fabric    | 0       |
|   add_ln313_2711_fu_212106_p2                   |      |        | add_ln313_2711 | add | fabric    | 0       |
|   add_ln313_2715_fu_212135_p2                   |      |        | add_ln313_2715 | add | fabric    | 0       |
|   add_ln313_2717_fu_212155_p2                   |      |        | add_ln313_2717 | add | fabric    | 0       |
|   add_ln313_2721_fu_212184_p2                   |      |        | add_ln313_2721 | add | fabric    | 0       |
|   add_ln313_2723_fu_212204_p2                   |      |        | add_ln313_2723 | add | fabric    | 0       |
|   add_ln313_2727_fu_212234_p2                   |      |        | add_ln313_2727 | add | fabric    | 0       |
|   add_ln313_2729_fu_212254_p2                   |      |        | add_ln313_2729 | add | fabric    | 0       |
|   add_ln313_2733_fu_212283_p2                   |      |        | add_ln313_2733 | add | fabric    | 0       |
|   add_ln313_2735_fu_212303_p2                   |      |        | add_ln313_2735 | add | fabric    | 0       |
|   add_ln313_2739_fu_212332_p2                   |      |        | add_ln313_2739 | add | fabric    | 0       |
|   sub_ln313_615_fu_183382_p2                    |      |        | sub_ln313_615  | sub | fabric    | 0       |
|   sub_ln313_616_fu_183412_p2                    |      |        | sub_ln313_616  | sub | fabric    | 0       |
|   add_ln313_2743_fu_183422_p2                   |      |        | add_ln313_2743 | add | fabric    | 0       |
|   sub_ln313_617_fu_183428_p2                    |      |        | sub_ln313_617  | sub | fabric    | 0       |
|   factor11276_fu_183446_p2                      |      |        | factor11276    | sub | fabric    | 0       |
|   Tp_896_fu_212431_p2                           |      |        | Tp_896         | add | fabric    | 0       |
|   add_ln313_2751_fu_212471_p2                   |      |        | add_ln313_2751 | add | fabric    | 0       |
|   add_ln313_2755_fu_212505_p2                   |      |        | add_ln313_2755 | add | fabric    | 0       |
|   add_ln313_2757_fu_183478_p2                   |      |        | add_ln313_2757 | add | fabric    | 0       |
|   add_ln313_2761_fu_183484_p2                   |      |        | add_ln313_2761 | add | fabric    | 0       |
|   sub_ln313_622_fu_183490_p2                    |      |        | sub_ln313_622  | sub | fabric    | 0       |
|   add_ln313_2763_fu_183496_p2                   |      |        | add_ln313_2763 | add | fabric    | 0       |
|   sub_ln313_623_fu_183514_p2                    |      |        | sub_ln313_623  | sub | fabric    | 0       |
|   add_ln313_2767_fu_183524_p2                   |      |        | add_ln313_2767 | add | fabric    | 0       |
|   add_ln313_2769_fu_212611_p2                   |      |        | add_ln313_2769 | add | fabric    | 0       |
|   add_ln313_2773_fu_212640_p2                   |      |        | add_ln313_2773 | add | fabric    | 0       |
|   add_ln313_2775_fu_212659_p2                   |      |        | add_ln313_2775 | add | fabric    | 0       |
|   add_ln313_2779_fu_212689_p2                   |      |        | add_ln313_2779 | add | fabric    | 0       |
|   add_ln313_2781_fu_212708_p2                   |      |        | add_ln313_2781 | add | fabric    | 0       |
|   add_ln313_2785_fu_212738_p2                   |      |        | add_ln313_2785 | add | fabric    | 0       |
|   add_ln313_2787_fu_212757_p2                   |      |        | add_ln313_2787 | add | fabric    | 0       |
|   add_ln313_2791_fu_212786_p2                   |      |        | add_ln313_2791 | add | fabric    | 0       |
|   add_ln313_2793_fu_212805_p2                   |      |        | add_ln313_2793 | add | fabric    | 0       |
|   add_ln313_2797_fu_212834_p2                   |      |        | add_ln313_2797 | add | fabric    | 0       |
|   add_ln313_2799_fu_212853_p2                   |      |        | add_ln313_2799 | add | fabric    | 0       |
|   add_ln313_2803_fu_212883_p2                   |      |        | add_ln313_2803 | add | fabric    | 0       |
|   add_ln313_2805_fu_212902_p2                   |      |        | add_ln313_2805 | add | fabric    | 0       |
|   add_ln313_2809_fu_212932_p2                   |      |        | add_ln313_2809 | add | fabric    | 0       |
|   add_ln313_2811_fu_212951_p2                   |      |        | add_ln313_2811 | add | fabric    | 0       |
|   add_ln313_2815_fu_212981_p2                   |      |        | add_ln313_2815 | add | fabric    | 0       |
|   add_ln313_2817_fu_213000_p2                   |      |        | add_ln313_2817 | add | fabric    | 0       |
|   add_ln313_2821_fu_213029_p2                   |      |        | add_ln313_2821 | add | fabric    | 0       |
|   add_ln313_2823_fu_213048_p2                   |      |        | add_ln313_2823 | add | fabric    | 0       |
|   add_ln313_2827_fu_213077_p2                   |      |        | add_ln313_2827 | add | fabric    | 0       |
|   add_ln313_2829_fu_213096_p2                   |      |        | add_ln313_2829 | add | fabric    | 0       |
|   add_ln313_2833_fu_213126_p2                   |      |        | add_ln313_2833 | add | fabric    | 0       |
|   add_ln313_2835_fu_213145_p2                   |      |        | add_ln313_2835 | add | fabric    | 0       |
|   add_ln313_2839_fu_213175_p2                   |      |        | add_ln313_2839 | add | fabric    | 0       |
|   add_ln313_2841_fu_213194_p2                   |      |        | add_ln313_2841 | add | fabric    | 0       |
|   add_ln313_2845_fu_213224_p2                   |      |        | add_ln313_2845 | add | fabric    | 0       |
|   add_ln313_2847_fu_183530_p2                   |      |        | add_ln313_2847 | add | fabric    | 0       |
|   add_ln313_2851_fu_213267_p2                   |      |        | add_ln313_2851 | add | fabric    | 0       |
|   add_ln313_2853_fu_183536_p2                   |      |        | add_ln313_2853 | add | fabric    | 0       |
|   add_ln313_2857_fu_213310_p2                   |      |        | add_ln313_2857 | add | fabric    | 0       |
|   add_ln313_2859_fu_213329_p2                   |      |        | add_ln313_2859 | add | fabric    | 0       |
|   add_ln313_2863_fu_213359_p2                   |      |        | add_ln313_2863 | add | fabric    | 0       |
|   add_ln313_2865_fu_213378_p2                   |      |        | add_ln313_2865 | add | fabric    | 0       |
|   add_ln313_2869_fu_213407_p2                   |      |        | add_ln313_2869 | add | fabric    | 0       |
|   add_ln313_2871_fu_213426_p2                   |      |        | add_ln313_2871 | add | fabric    | 0       |
|   add_ln313_2875_fu_213455_p2                   |      |        | add_ln313_2875 | add | fabric    | 0       |
|   add_ln313_2877_fu_213474_p2                   |      |        | add_ln313_2877 | add | fabric    | 0       |
|   add_ln313_2881_fu_213504_p2                   |      |        | add_ln313_2881 | add | fabric    | 0       |
|   sub_ln313_626_fu_183588_p2                    |      |        | sub_ln313_626  | sub | fabric    | 0       |
|   sub_ln313_627_fu_183618_p2                    |      |        | sub_ln313_627  | sub | fabric    | 0       |
|   add_ln313_2885_fu_183628_p2                   |      |        | add_ln313_2885 | add | fabric    | 0       |
|   sub_ln313_628_fu_183634_p2                    |      |        | sub_ln313_628  | sub | fabric    | 0       |
|   factor11277_fu_183656_p2                      |      |        | factor11277    | sub | fabric    | 0       |
|   Tp_942_fu_213567_p2                           |      |        | Tp_942         | add | fabric    | 0       |
|   add_ln313_2893_fu_213607_p2                   |      |        | add_ln313_2893 | add | fabric    | 0       |
|   add_ln313_2897_fu_213641_p2                   |      |        | add_ln313_2897 | add | fabric    | 0       |
|   sub_ln313_631_fu_183690_p2                    |      |        | sub_ln313_631  | sub | fabric    | 0       |
|   add_ln313_2899_fu_213663_p2                   |      |        | add_ln313_2899 | add | fabric    | 0       |
|   sub_ln313_632_fu_183708_p2                    |      |        | sub_ln313_632  | sub | fabric    | 0       |
|   add_ln313_2903_fu_213692_p2                   |      |        | add_ln313_2903 | add | fabric    | 0       |
|   add_ln313_2905_fu_213711_p2                   |      |        | add_ln313_2905 | add | fabric    | 0       |
|   add_ln313_2909_fu_213740_p2                   |      |        | add_ln313_2909 | add | fabric    | 0       |
|   add_ln313_2911_fu_213759_p2                   |      |        | add_ln313_2911 | add | fabric    | 0       |
|   add_ln313_2915_fu_213789_p2                   |      |        | add_ln313_2915 | add | fabric    | 0       |
|   add_ln313_2917_fu_213808_p2                   |      |        | add_ln313_2917 | add | fabric    | 0       |
|   add_ln313_2921_fu_213838_p2                   |      |        | add_ln313_2921 | add | fabric    | 0       |
|   add_ln313_2923_fu_213857_p2                   |      |        | add_ln313_2923 | add | fabric    | 0       |
|   add_ln313_2927_fu_213886_p2                   |      |        | add_ln313_2927 | add | fabric    | 0       |
|   add_ln313_2929_fu_213905_p2                   |      |        | add_ln313_2929 | add | fabric    | 0       |
|   add_ln313_2933_fu_213934_p2                   |      |        | add_ln313_2933 | add | fabric    | 0       |
|   add_ln313_2935_fu_213953_p2                   |      |        | add_ln313_2935 | add | fabric    | 0       |
|   add_ln313_2939_fu_213983_p2                   |      |        | add_ln313_2939 | add | fabric    | 0       |
|   add_ln313_2941_fu_214002_p2                   |      |        | add_ln313_2941 | add | fabric    | 0       |
|   add_ln313_2945_fu_214032_p2                   |      |        | add_ln313_2945 | add | fabric    | 0       |
|   add_ln313_2947_fu_214051_p2                   |      |        | add_ln313_2947 | add | fabric    | 0       |
|   add_ln313_2951_fu_214081_p2                   |      |        | add_ln313_2951 | add | fabric    | 0       |
|   add_ln313_2953_fu_214100_p2                   |      |        | add_ln313_2953 | add | fabric    | 0       |
|   add_ln313_2957_fu_214129_p2                   |      |        | add_ln313_2957 | add | fabric    | 0       |
|   add_ln313_2959_fu_214148_p2                   |      |        | add_ln313_2959 | add | fabric    | 0       |
|   add_ln313_2963_fu_214177_p2                   |      |        | add_ln313_2963 | add | fabric    | 0       |
|   add_ln313_2965_fu_214196_p2                   |      |        | add_ln313_2965 | add | fabric    | 0       |
|   add_ln313_2969_fu_214226_p2                   |      |        | add_ln313_2969 | add | fabric    | 0       |
|   add_ln313_2971_fu_214245_p2                   |      |        | add_ln313_2971 | add | fabric    | 0       |
|   add_ln313_2975_fu_214275_p2                   |      |        | add_ln313_2975 | add | fabric    | 0       |
|   add_ln313_2977_fu_214294_p2                   |      |        | add_ln313_2977 | add | fabric    | 0       |
|   add_ln313_2981_fu_214324_p2                   |      |        | add_ln313_2981 | add | fabric    | 0       |
|   add_ln313_2983_fu_214343_p2                   |      |        | add_ln313_2983 | add | fabric    | 0       |
|   add_ln313_2987_fu_214372_p2                   |      |        | add_ln313_2987 | add | fabric    | 0       |
|   add_ln313_2989_fu_214391_p2                   |      |        | add_ln313_2989 | add | fabric    | 0       |
|   add_ln313_2993_fu_214420_p2                   |      |        | add_ln313_2993 | add | fabric    | 0       |
|   add_ln313_2995_fu_214439_p2                   |      |        | add_ln313_2995 | add | fabric    | 0       |
|   add_ln313_2999_fu_214469_p2                   |      |        | add_ln313_2999 | add | fabric    | 0       |
|   add_ln313_3001_fu_214488_p2                   |      |        | add_ln313_3001 | add | fabric    | 0       |
|   add_ln313_3005_fu_214517_p2                   |      |        | add_ln313_3005 | add | fabric    | 0       |
|   add_ln313_3007_fu_214536_p2                   |      |        | add_ln313_3007 | add | fabric    | 0       |
|   add_ln313_3011_fu_214565_p2                   |      |        | add_ln313_3011 | add | fabric    | 0       |
|   add_ln313_3013_fu_214584_p2                   |      |        | add_ln313_3013 | add | fabric    | 0       |
|   add_ln313_3017_fu_214614_p2                   |      |        | add_ln313_3017 | add | fabric    | 0       |
|   add_ln313_3019_fu_214633_p2                   |      |        | add_ln313_3019 | add | fabric    | 0       |
|   add_ln313_3023_fu_214662_p2                   |      |        | add_ln313_3023 | add | fabric    | 0       |
|   sub_ln313_635_fu_183764_p2                    |      |        | sub_ln313_635  | sub | fabric    | 0       |
|   sub_ln313_636_fu_183794_p2                    |      |        | sub_ln313_636  | sub | fabric    | 0       |
|   add_ln313_3027_fu_183804_p2                   |      |        | add_ln313_3027 | add | fabric    | 0       |
|   sub_ln313_637_fu_183810_p2                    |      |        | sub_ln313_637  | sub | fabric    | 0       |
|   factor11278_fu_183832_p2                      |      |        | factor11278    | sub | fabric    | 0       |
|   Tp_988_fu_214725_p2                           |      |        | Tp_988         | add | fabric    | 0       |
|   add_ln333_fu_214811_p2                        |      |        | add_ln333      | add | fabric    | 0       |
|   add_ln333_1_fu_214937_p2                      |      |        | add_ln333_1    | add | fabric    | 0       |
|   add_ln333_2_fu_215093_p2                      |      |        | add_ln333_2    | add | fabric    | 0       |
|   add_ln333_3_fu_215203_p2                      |      |        | add_ln333_3    | add | fabric    | 0       |
|   add_ln333_4_fu_215337_p2                      |      |        | add_ln333_4    | add | fabric    | 0       |
|   add_ln333_5_fu_215457_p2                      |      |        | add_ln333_5    | add | fabric    | 0       |
|   add_ln333_6_fu_215591_p2                      |      |        | add_ln333_6    | add | fabric    | 0       |
|   add_ln333_7_fu_215711_p2                      |      |        | add_ln333_7    | add | fabric    | 0       |
|   add_ln333_8_fu_215845_p2                      |      |        | add_ln333_8    | add | fabric    | 0       |
|   add_ln333_9_fu_215965_p2                      |      |        | add_ln333_9    | add | fabric    | 0       |
|   add_ln333_10_fu_216099_p2                     |      |        | add_ln333_10   | add | fabric    | 0       |
|   add_ln333_11_fu_216219_p2                     |      |        | add_ln333_11   | add | fabric    | 0       |
|   add_ln333_12_fu_216353_p2                     |      |        | add_ln333_12   | add | fabric    | 0       |
|   add_ln333_13_fu_216473_p2                     |      |        | add_ln333_13   | add | fabric    | 0       |
|   add_ln333_14_fu_216607_p2                     |      |        | add_ln333_14   | add | fabric    | 0       |
|   add_ln333_15_fu_216727_p2                     |      |        | add_ln333_15   | add | fabric    | 0       |
|   add_ln333_16_fu_216861_p2                     |      |        | add_ln333_16   | add | fabric    | 0       |
|   add_ln333_17_fu_216981_p2                     |      |        | add_ln333_17   | add | fabric    | 0       |
|   add_ln333_18_fu_217115_p2                     |      |        | add_ln333_18   | add | fabric    | 0       |
|   add_ln333_19_fu_217235_p2                     |      |        | add_ln333_19   | add | fabric    | 0       |
|   add_ln333_20_fu_217369_p2                     |      |        | add_ln333_20   | add | fabric    | 0       |
|   add_ln333_21_fu_217489_p2                     |      |        | add_ln333_21   | add | fabric    | 0       |
|   add_ln333_22_fu_217623_p2                     |      |        | add_ln333_22   | add | fabric    | 0       |
|   add_ln333_23_fu_217743_p2                     |      |        | add_ln333_23   | add | fabric    | 0       |
|   add_ln333_24_fu_217877_p2                     |      |        | add_ln333_24   | add | fabric    | 0       |
|   add_ln333_25_fu_217997_p2                     |      |        | add_ln333_25   | add | fabric    | 0       |
|   add_ln333_26_fu_218131_p2                     |      |        | add_ln333_26   | add | fabric    | 0       |
|   add_ln333_27_fu_218251_p2                     |      |        | add_ln333_27   | add | fabric    | 0       |
|   add_ln333_28_fu_218385_p2                     |      |        | add_ln333_28   | add | fabric    | 0       |
|   add_ln333_29_fu_218505_p2                     |      |        | add_ln333_29   | add | fabric    | 0       |
|   add_ln333_30_fu_218639_p2                     |      |        | add_ln333_30   | add | fabric    | 0       |
|   add_ln333_31_fu_218773_p2                     |      |        | add_ln333_31   | add | fabric    | 0       |
|   add_ln333_32_fu_218907_p2                     |      |        | add_ln333_32   | add | fabric    | 0       |
|   add_ln333_33_fu_219027_p2                     |      |        | add_ln333_33   | add | fabric    | 0       |
|   add_ln333_34_fu_219161_p2                     |      |        | add_ln333_34   | add | fabric    | 0       |
|   add_ln333_35_fu_219281_p2                     |      |        | add_ln333_35   | add | fabric    | 0       |
|   add_ln333_36_fu_219415_p2                     |      |        | add_ln333_36   | add | fabric    | 0       |
|   add_ln333_37_fu_219535_p2                     |      |        | add_ln333_37   | add | fabric    | 0       |
|   add_ln333_38_fu_219669_p2                     |      |        | add_ln333_38   | add | fabric    | 0       |
|   add_ln333_39_fu_219789_p2                     |      |        | add_ln333_39   | add | fabric    | 0       |
|   add_ln333_40_fu_219923_p2                     |      |        | add_ln333_40   | add | fabric    | 0       |
|   add_ln333_41_fu_220043_p2                     |      |        | add_ln333_41   | add | fabric    | 0       |
|   add_ln333_42_fu_220177_p2                     |      |        | add_ln333_42   | add | fabric    | 0       |
|   add_ln333_43_fu_220297_p2                     |      |        | add_ln333_43   | add | fabric    | 0       |
|   add_ln333_44_fu_220431_p2                     |      |        | add_ln333_44   | add | fabric    | 0       |
|   add_ln333_45_fu_220541_p2                     |      |        | add_ln333_45   | add | fabric    | 0       |
|   add_ln333_46_fu_220675_p2                     |      |        | add_ln333_46   | add | fabric    | 0       |
|   add_ln333_47_fu_220801_p2                     |      |        | add_ln333_47   | add | fabric    | 0       |
|   add_ln333_48_fu_220957_p2                     |      |        | add_ln333_48   | add | fabric    | 0       |
|   add_ln333_49_fu_221077_p2                     |      |        | add_ln333_49   | add | fabric    | 0       |
|   add_ln333_50_fu_221211_p2                     |      |        | add_ln333_50   | add | fabric    | 0       |
|   add_ln333_51_fu_221331_p2                     |      |        | add_ln333_51   | add | fabric    | 0       |
|   add_ln333_52_fu_221465_p2                     |      |        | add_ln333_52   | add | fabric    | 0       |
|   add_ln333_53_fu_221585_p2                     |      |        | add_ln333_53   | add | fabric    | 0       |
|   add_ln333_54_fu_221719_p2                     |      |        | add_ln333_54   | add | fabric    | 0       |
|   add_ln333_55_fu_221839_p2                     |      |        | add_ln333_55   | add | fabric    | 0       |
|   add_ln333_56_fu_221973_p2                     |      |        | add_ln333_56   | add | fabric    | 0       |
|   add_ln333_57_fu_222093_p2                     |      |        | add_ln333_57   | add | fabric    | 0       |
|   add_ln333_58_fu_222227_p2                     |      |        | add_ln333_58   | add | fabric    | 0       |
|   add_ln333_59_fu_222347_p2                     |      |        | add_ln333_59   | add | fabric    | 0       |
|   add_ln333_60_fu_222481_p2                     |      |        | add_ln333_60   | add | fabric    | 0       |
|   add_ln333_61_fu_222601_p2                     |      |        | add_ln333_61   | add | fabric    | 0       |
|   add_ln333_62_fu_222735_p2                     |      |        | add_ln333_62   | add | fabric    | 0       |
|   add_ln333_63_fu_222855_p2                     |      |        | add_ln333_63   | add | fabric    | 0       |
|   add_ln333_64_fu_222989_p2                     |      |        | add_ln333_64   | add | fabric    | 0       |
|   add_ln333_65_fu_223109_p2                     |      |        | add_ln333_65   | add | fabric    | 0       |
|   add_ln333_66_fu_223243_p2                     |      |        | add_ln333_66   | add | fabric    | 0       |
|   add_ln333_67_fu_223363_p2                     |      |        | add_ln333_67   | add | fabric    | 0       |
|   add_ln333_68_fu_223497_p2                     |      |        | add_ln333_68   | add | fabric    | 0       |
|   add_ln333_69_fu_223617_p2                     |      |        | add_ln333_69   | add | fabric    | 0       |
|   add_ln333_70_fu_223751_p2                     |      |        | add_ln333_70   | add | fabric    | 0       |
|   add_ln333_71_fu_223871_p2                     |      |        | add_ln333_71   | add | fabric    | 0       |
|   add_ln333_72_fu_224005_p2                     |      |        | add_ln333_72   | add | fabric    | 0       |
|   add_ln333_73_fu_224125_p2                     |      |        | add_ln333_73   | add | fabric    | 0       |
|   add_ln333_74_fu_224259_p2                     |      |        | add_ln333_74   | add | fabric    | 0       |
|   add_ln333_75_fu_224393_p2                     |      |        | add_ln333_75   | add | fabric    | 0       |
|   add_ln333_76_fu_224527_p2                     |      |        | add_ln333_76   | add | fabric    | 0       |
|   add_ln333_77_fu_224647_p2                     |      |        | add_ln333_77   | add | fabric    | 0       |
|   add_ln333_78_fu_224781_p2                     |      |        | add_ln333_78   | add | fabric    | 0       |
|   add_ln333_79_fu_224901_p2                     |      |        | add_ln333_79   | add | fabric    | 0       |
|   add_ln333_80_fu_225035_p2                     |      |        | add_ln333_80   | add | fabric    | 0       |
|   add_ln333_81_fu_225155_p2                     |      |        | add_ln333_81   | add | fabric    | 0       |
|   add_ln333_82_fu_225289_p2                     |      |        | add_ln333_82   | add | fabric    | 0       |
|   add_ln333_83_fu_225409_p2                     |      |        | add_ln333_83   | add | fabric    | 0       |
|   add_ln333_84_fu_225543_p2                     |      |        | add_ln333_84   | add | fabric    | 0       |
|   add_ln333_85_fu_225663_p2                     |      |        | add_ln333_85   | add | fabric    | 0       |
|   add_ln333_86_fu_225797_p2                     |      |        | add_ln333_86   | add | fabric    | 0       |
|   add_ln333_87_fu_225917_p2                     |      |        | add_ln333_87   | add | fabric    | 0       |
|   add_ln333_88_fu_226051_p2                     |      |        | add_ln333_88   | add | fabric    | 0       |
|   add_ln333_89_fu_226171_p2                     |      |        | add_ln333_89   | add | fabric    | 0       |
|   add_ln333_90_fu_226305_p2                     |      |        | add_ln333_90   | add | fabric    | 0       |
|   add_ln333_91_fu_226425_p2                     |      |        | add_ln333_91   | add | fabric    | 0       |
|   add_ln333_92_fu_226559_p2                     |      |        | add_ln333_92   | add | fabric    | 0       |
|   add_ln333_93_fu_226685_p2                     |      |        | add_ln333_93   | add | fabric    | 0       |
|   add_ln333_94_fu_226841_p2                     |      |        | add_ln333_94   | add | fabric    | 0       |
|   add_ln333_95_fu_226961_p2                     |      |        | add_ln333_95   | add | fabric    | 0       |
|   add_ln333_96_fu_227095_p2                     |      |        | add_ln333_96   | add | fabric    | 0       |
|   add_ln333_97_fu_227215_p2                     |      |        | add_ln333_97   | add | fabric    | 0       |
|   add_ln333_98_fu_227349_p2                     |      |        | add_ln333_98   | add | fabric    | 0       |
|   add_ln333_99_fu_227469_p2                     |      |        | add_ln333_99   | add | fabric    | 0       |
|   add_ln333_100_fu_227603_p2                    |      |        | add_ln333_100  | add | fabric    | 0       |
|   add_ln333_101_fu_227723_p2                    |      |        | add_ln333_101  | add | fabric    | 0       |
|   add_ln333_102_fu_227857_p2                    |      |        | add_ln333_102  | add | fabric    | 0       |
|   add_ln333_103_fu_227977_p2                    |      |        | add_ln333_103  | add | fabric    | 0       |
|   add_ln333_104_fu_228111_p2                    |      |        | add_ln333_104  | add | fabric    | 0       |
|   add_ln333_105_fu_228231_p2                    |      |        | add_ln333_105  | add | fabric    | 0       |
|   add_ln333_106_fu_228365_p2                    |      |        | add_ln333_106  | add | fabric    | 0       |
|   add_ln333_107_fu_228485_p2                    |      |        | add_ln333_107  | add | fabric    | 0       |
|   add_ln333_108_fu_228619_p2                    |      |        | add_ln333_108  | add | fabric    | 0       |
|   add_ln333_109_fu_228739_p2                    |      |        | add_ln333_109  | add | fabric    | 0       |
|   add_ln333_110_fu_228873_p2                    |      |        | add_ln333_110  | add | fabric    | 0       |
|   add_ln333_111_fu_228993_p2                    |      |        | add_ln333_111  | add | fabric    | 0       |
|   add_ln333_112_fu_229127_p2                    |      |        | add_ln333_112  | add | fabric    | 0       |
|   add_ln333_113_fu_229247_p2                    |      |        | add_ln333_113  | add | fabric    | 0       |
|   add_ln333_114_fu_229381_p2                    |      |        | add_ln333_114  | add | fabric    | 0       |
|   add_ln333_115_fu_229501_p2                    |      |        | add_ln333_115  | add | fabric    | 0       |
|   add_ln333_116_fu_229635_p2                    |      |        | add_ln333_116  | add | fabric    | 0       |
|   add_ln333_117_fu_229755_p2                    |      |        | add_ln333_117  | add | fabric    | 0       |
|   add_ln333_118_fu_229889_p2                    |      |        | add_ln333_118  | add | fabric    | 0       |
|   add_ln333_119_fu_230023_p2                    |      |        | add_ln333_119  | add | fabric    | 0       |
|   add_ln333_120_fu_230157_p2                    |      |        | add_ln333_120  | add | fabric    | 0       |
|   add_ln333_121_fu_230277_p2                    |      |        | add_ln333_121  | add | fabric    | 0       |
|   add_ln333_122_fu_230411_p2                    |      |        | add_ln333_122  | add | fabric    | 0       |
|   add_ln333_123_fu_230531_p2                    |      |        | add_ln333_123  | add | fabric    | 0       |
|   add_ln333_124_fu_230665_p2                    |      |        | add_ln333_124  | add | fabric    | 0       |
|   add_ln333_125_fu_230785_p2                    |      |        | add_ln333_125  | add | fabric    | 0       |
|   add_ln333_126_fu_230919_p2                    |      |        | add_ln333_126  | add | fabric    | 0       |
|   add_ln333_127_fu_231039_p2                    |      |        | add_ln333_127  | add | fabric    | 0       |
|   add_ln333_128_fu_231173_p2                    |      |        | add_ln333_128  | add | fabric    | 0       |
|   add_ln333_129_fu_231293_p2                    |      |        | add_ln333_129  | add | fabric    | 0       |
|   add_ln333_130_fu_231427_p2                    |      |        | add_ln333_130  | add | fabric    | 0       |
|   add_ln333_131_fu_231547_p2                    |      |        | add_ln333_131  | add | fabric    | 0       |
|   add_ln333_132_fu_231681_p2                    |      |        | add_ln333_132  | add | fabric    | 0       |
|   add_ln333_133_fu_231801_p2                    |      |        | add_ln333_133  | add | fabric    | 0       |
|   add_ln333_134_fu_231935_p2                    |      |        | add_ln333_134  | add | fabric    | 0       |
|   add_ln333_135_fu_232055_p2                    |      |        | add_ln333_135  | add | fabric    | 0       |
|   add_ln333_136_fu_232189_p2                    |      |        | add_ln333_136  | add | fabric    | 0       |
|   add_ln333_137_fu_232309_p2                    |      |        | add_ln333_137  | add | fabric    | 0       |
|   add_ln333_138_fu_232443_p2                    |      |        | add_ln333_138  | add | fabric    | 0       |
|   add_ln333_139_fu_232569_p2                    |      |        | add_ln333_139  | add | fabric    | 0       |
|   add_ln333_140_fu_232725_p2                    |      |        | add_ln333_140  | add | fabric    | 0       |
|   add_ln333_141_fu_232845_p2                    |      |        | add_ln333_141  | add | fabric    | 0       |
|   add_ln333_142_fu_232979_p2                    |      |        | add_ln333_142  | add | fabric    | 0       |
|   add_ln333_143_fu_233099_p2                    |      |        | add_ln333_143  | add | fabric    | 0       |
|   add_ln333_144_fu_233233_p2                    |      |        | add_ln333_144  | add | fabric    | 0       |
|   add_ln333_145_fu_233353_p2                    |      |        | add_ln333_145  | add | fabric    | 0       |
|   add_ln333_146_fu_233487_p2                    |      |        | add_ln333_146  | add | fabric    | 0       |
|   add_ln333_147_fu_233607_p2                    |      |        | add_ln333_147  | add | fabric    | 0       |
|   add_ln333_148_fu_233741_p2                    |      |        | add_ln333_148  | add | fabric    | 0       |
|   add_ln333_149_fu_233861_p2                    |      |        | add_ln333_149  | add | fabric    | 0       |
|   add_ln333_150_fu_233995_p2                    |      |        | add_ln333_150  | add | fabric    | 0       |
|   add_ln333_151_fu_234115_p2                    |      |        | add_ln333_151  | add | fabric    | 0       |
|   add_ln333_152_fu_234249_p2                    |      |        | add_ln333_152  | add | fabric    | 0       |
|   add_ln333_153_fu_234369_p2                    |      |        | add_ln333_153  | add | fabric    | 0       |
|   add_ln333_154_fu_234503_p2                    |      |        | add_ln333_154  | add | fabric    | 0       |
|   add_ln333_155_fu_234623_p2                    |      |        | add_ln333_155  | add | fabric    | 0       |
|   add_ln333_156_fu_234757_p2                    |      |        | add_ln333_156  | add | fabric    | 0       |
|   add_ln333_157_fu_234877_p2                    |      |        | add_ln333_157  | add | fabric    | 0       |
|   add_ln333_158_fu_235011_p2                    |      |        | add_ln333_158  | add | fabric    | 0       |
|   add_ln333_159_fu_235131_p2                    |      |        | add_ln333_159  | add | fabric    | 0       |
|   add_ln333_160_fu_235265_p2                    |      |        | add_ln333_160  | add | fabric    | 0       |
|   add_ln333_161_fu_235385_p2                    |      |        | add_ln333_161  | add | fabric    | 0       |
|   add_ln333_162_fu_235519_p2                    |      |        | add_ln333_162  | add | fabric    | 0       |
|   add_ln333_163_fu_235653_p2                    |      |        | add_ln333_163  | add | fabric    | 0       |
|   add_ln333_164_fu_235787_p2                    |      |        | add_ln333_164  | add | fabric    | 0       |
|   add_ln333_165_fu_235907_p2                    |      |        | add_ln333_165  | add | fabric    | 0       |
|   add_ln333_166_fu_236041_p2                    |      |        | add_ln333_166  | add | fabric    | 0       |
|   add_ln333_167_fu_236161_p2                    |      |        | add_ln333_167  | add | fabric    | 0       |
|   add_ln333_168_fu_236295_p2                    |      |        | add_ln333_168  | add | fabric    | 0       |
|   add_ln333_169_fu_236415_p2                    |      |        | add_ln333_169  | add | fabric    | 0       |
|   add_ln333_170_fu_236549_p2                    |      |        | add_ln333_170  | add | fabric    | 0       |
|   add_ln333_171_fu_236669_p2                    |      |        | add_ln333_171  | add | fabric    | 0       |
|   add_ln333_172_fu_236803_p2                    |      |        | add_ln333_172  | add | fabric    | 0       |
|   add_ln333_173_fu_236923_p2                    |      |        | add_ln333_173  | add | fabric    | 0       |
|   add_ln333_174_fu_237057_p2                    |      |        | add_ln333_174  | add | fabric    | 0       |
|   add_ln333_175_fu_237177_p2                    |      |        | add_ln333_175  | add | fabric    | 0       |
|   add_ln333_176_fu_237311_p2                    |      |        | add_ln333_176  | add | fabric    | 0       |
|   add_ln333_177_fu_237431_p2                    |      |        | add_ln333_177  | add | fabric    | 0       |
|   add_ln333_178_fu_237565_p2                    |      |        | add_ln333_178  | add | fabric    | 0       |
|   add_ln333_179_fu_237685_p2                    |      |        | add_ln333_179  | add | fabric    | 0       |
|   add_ln333_180_fu_237819_p2                    |      |        | add_ln333_180  | add | fabric    | 0       |
|   add_ln333_181_fu_237939_p2                    |      |        | add_ln333_181  | add | fabric    | 0       |
|   add_ln333_182_fu_238073_p2                    |      |        | add_ln333_182  | add | fabric    | 0       |
|   add_ln333_183_fu_238193_p2                    |      |        | add_ln333_183  | add | fabric    | 0       |
|   add_ln333_184_fu_238327_p2                    |      |        | add_ln333_184  | add | fabric    | 0       |
|   add_ln333_185_fu_238453_p2                    |      |        | add_ln333_185  | add | fabric    | 0       |
|   add_ln333_186_fu_238609_p2                    |      |        | add_ln333_186  | add | fabric    | 0       |
|   add_ln333_187_fu_238729_p2                    |      |        | add_ln333_187  | add | fabric    | 0       |
|   add_ln333_188_fu_238863_p2                    |      |        | add_ln333_188  | add | fabric    | 0       |
|   add_ln333_189_fu_238983_p2                    |      |        | add_ln333_189  | add | fabric    | 0       |
|   add_ln333_190_fu_239117_p2                    |      |        | add_ln333_190  | add | fabric    | 0       |
|   add_ln333_191_fu_239237_p2                    |      |        | add_ln333_191  | add | fabric    | 0       |
|   add_ln333_192_fu_239371_p2                    |      |        | add_ln333_192  | add | fabric    | 0       |
|   add_ln333_193_fu_239491_p2                    |      |        | add_ln333_193  | add | fabric    | 0       |
|   add_ln333_194_fu_239625_p2                    |      |        | add_ln333_194  | add | fabric    | 0       |
|   add_ln333_195_fu_239745_p2                    |      |        | add_ln333_195  | add | fabric    | 0       |
|   add_ln333_196_fu_239879_p2                    |      |        | add_ln333_196  | add | fabric    | 0       |
|   add_ln333_197_fu_239999_p2                    |      |        | add_ln333_197  | add | fabric    | 0       |
|   add_ln333_198_fu_240133_p2                    |      |        | add_ln333_198  | add | fabric    | 0       |
|   add_ln333_199_fu_240253_p2                    |      |        | add_ln333_199  | add | fabric    | 0       |
|   add_ln333_200_fu_240387_p2                    |      |        | add_ln333_200  | add | fabric    | 0       |
|   add_ln333_201_fu_240507_p2                    |      |        | add_ln333_201  | add | fabric    | 0       |
|   add_ln333_202_fu_240641_p2                    |      |        | add_ln333_202  | add | fabric    | 0       |
|   add_ln333_203_fu_240761_p2                    |      |        | add_ln333_203  | add | fabric    | 0       |
|   add_ln333_204_fu_240895_p2                    |      |        | add_ln333_204  | add | fabric    | 0       |
|   add_ln333_205_fu_241015_p2                    |      |        | add_ln333_205  | add | fabric    | 0       |
|   add_ln333_206_fu_241149_p2                    |      |        | add_ln333_206  | add | fabric    | 0       |
|   add_ln333_207_fu_241283_p2                    |      |        | add_ln333_207  | add | fabric    | 0       |
|   add_ln333_208_fu_241417_p2                    |      |        | add_ln333_208  | add | fabric    | 0       |
|   add_ln333_209_fu_241537_p2                    |      |        | add_ln333_209  | add | fabric    | 0       |
|   add_ln333_210_fu_241671_p2                    |      |        | add_ln333_210  | add | fabric    | 0       |
|   add_ln333_211_fu_241791_p2                    |      |        | add_ln333_211  | add | fabric    | 0       |
|   add_ln333_212_fu_241925_p2                    |      |        | add_ln333_212  | add | fabric    | 0       |
|   add_ln333_213_fu_242045_p2                    |      |        | add_ln333_213  | add | fabric    | 0       |
|   add_ln333_214_fu_242179_p2                    |      |        | add_ln333_214  | add | fabric    | 0       |
|   add_ln333_215_fu_242299_p2                    |      |        | add_ln333_215  | add | fabric    | 0       |
|   add_ln333_216_fu_242433_p2                    |      |        | add_ln333_216  | add | fabric    | 0       |
|   add_ln333_217_fu_242553_p2                    |      |        | add_ln333_217  | add | fabric    | 0       |
|   add_ln333_218_fu_242687_p2                    |      |        | add_ln333_218  | add | fabric    | 0       |
|   add_ln333_219_fu_242807_p2                    |      |        | add_ln333_219  | add | fabric    | 0       |
|   add_ln333_220_fu_242941_p2                    |      |        | add_ln333_220  | add | fabric    | 0       |
|   add_ln333_221_fu_243061_p2                    |      |        | add_ln333_221  | add | fabric    | 0       |
|   add_ln333_222_fu_243195_p2                    |      |        | add_ln333_222  | add | fabric    | 0       |
|   add_ln333_223_fu_243315_p2                    |      |        | add_ln333_223  | add | fabric    | 0       |
|   add_ln333_224_fu_243449_p2                    |      |        | add_ln333_224  | add | fabric    | 0       |
|   add_ln333_225_fu_243569_p2                    |      |        | add_ln333_225  | add | fabric    | 0       |
|   add_ln333_226_fu_243703_p2                    |      |        | add_ln333_226  | add | fabric    | 0       |
|   add_ln333_227_fu_243823_p2                    |      |        | add_ln333_227  | add | fabric    | 0       |
|   add_ln333_228_fu_243957_p2                    |      |        | add_ln333_228  | add | fabric    | 0       |
|   add_ln333_229_fu_244077_p2                    |      |        | add_ln333_229  | add | fabric    | 0       |
|   add_ln333_230_fu_244211_p2                    |      |        | add_ln333_230  | add | fabric    | 0       |
|   add_ln333_231_fu_244337_p2                    |      |        | add_ln333_231  | add | fabric    | 0       |
|   add_ln333_232_fu_244493_p2                    |      |        | add_ln333_232  | add | fabric    | 0       |
|   add_ln333_233_fu_244613_p2                    |      |        | add_ln333_233  | add | fabric    | 0       |
|   add_ln333_234_fu_244747_p2                    |      |        | add_ln333_234  | add | fabric    | 0       |
|   add_ln333_235_fu_244867_p2                    |      |        | add_ln333_235  | add | fabric    | 0       |
|   add_ln333_236_fu_245001_p2                    |      |        | add_ln333_236  | add | fabric    | 0       |
|   add_ln333_237_fu_245121_p2                    |      |        | add_ln333_237  | add | fabric    | 0       |
|   add_ln333_238_fu_245255_p2                    |      |        | add_ln333_238  | add | fabric    | 0       |
|   add_ln333_239_fu_245375_p2                    |      |        | add_ln333_239  | add | fabric    | 0       |
|   add_ln333_240_fu_245509_p2                    |      |        | add_ln333_240  | add | fabric    | 0       |
|   add_ln333_241_fu_245629_p2                    |      |        | add_ln333_241  | add | fabric    | 0       |
|   add_ln333_242_fu_245763_p2                    |      |        | add_ln333_242  | add | fabric    | 0       |
|   add_ln333_243_fu_245883_p2                    |      |        | add_ln333_243  | add | fabric    | 0       |
|   add_ln333_244_fu_246017_p2                    |      |        | add_ln333_244  | add | fabric    | 0       |
|   add_ln333_245_fu_246137_p2                    |      |        | add_ln333_245  | add | fabric    | 0       |
|   add_ln333_246_fu_246271_p2                    |      |        | add_ln333_246  | add | fabric    | 0       |
|   add_ln333_247_fu_246391_p2                    |      |        | add_ln333_247  | add | fabric    | 0       |
|   add_ln333_248_fu_246525_p2                    |      |        | add_ln333_248  | add | fabric    | 0       |
|   add_ln333_249_fu_246645_p2                    |      |        | add_ln333_249  | add | fabric    | 0       |
|   add_ln333_250_fu_246779_p2                    |      |        | add_ln333_250  | add | fabric    | 0       |
|   add_ln333_251_fu_246913_p2                    |      |        | add_ln333_251  | add | fabric    | 0       |
|   add_ln333_252_fu_247047_p2                    |      |        | add_ln333_252  | add | fabric    | 0       |
|   add_ln333_253_fu_247167_p2                    |      |        | add_ln333_253  | add | fabric    | 0       |
|   add_ln333_254_fu_247301_p2                    |      |        | add_ln333_254  | add | fabric    | 0       |
|   add_ln333_255_fu_247421_p2                    |      |        | add_ln333_255  | add | fabric    | 0       |
|   add_ln333_256_fu_247555_p2                    |      |        | add_ln333_256  | add | fabric    | 0       |
|   add_ln333_257_fu_247675_p2                    |      |        | add_ln333_257  | add | fabric    | 0       |
|   add_ln333_258_fu_247809_p2                    |      |        | add_ln333_258  | add | fabric    | 0       |
|   add_ln333_259_fu_247929_p2                    |      |        | add_ln333_259  | add | fabric    | 0       |
|   add_ln333_260_fu_248063_p2                    |      |        | add_ln333_260  | add | fabric    | 0       |
|   add_ln333_261_fu_248183_p2                    |      |        | add_ln333_261  | add | fabric    | 0       |
|   add_ln333_262_fu_248317_p2                    |      |        | add_ln333_262  | add | fabric    | 0       |
|   add_ln333_263_fu_248437_p2                    |      |        | add_ln333_263  | add | fabric    | 0       |
|   add_ln333_264_fu_248571_p2                    |      |        | add_ln333_264  | add | fabric    | 0       |
|   add_ln333_265_fu_248691_p2                    |      |        | add_ln333_265  | add | fabric    | 0       |
|   add_ln333_266_fu_248825_p2                    |      |        | add_ln333_266  | add | fabric    | 0       |
|   add_ln333_267_fu_248945_p2                    |      |        | add_ln333_267  | add | fabric    | 0       |
|   add_ln333_268_fu_249079_p2                    |      |        | add_ln333_268  | add | fabric    | 0       |
|   add_ln333_269_fu_249199_p2                    |      |        | add_ln333_269  | add | fabric    | 0       |
|   add_ln333_270_fu_249333_p2                    |      |        | add_ln333_270  | add | fabric    | 0       |
|   add_ln333_271_fu_249453_p2                    |      |        | add_ln333_271  | add | fabric    | 0       |
|   add_ln333_272_fu_249587_p2                    |      |        | add_ln333_272  | add | fabric    | 0       |
|   add_ln333_273_fu_249707_p2                    |      |        | add_ln333_273  | add | fabric    | 0       |
|   add_ln333_274_fu_249841_p2                    |      |        | add_ln333_274  | add | fabric    | 0       |
|   add_ln333_275_fu_249961_p2                    |      |        | add_ln333_275  | add | fabric    | 0       |
|   add_ln333_276_fu_250095_p2                    |      |        | add_ln333_276  | add | fabric    | 0       |
|   add_ln333_277_fu_250221_p2                    |      |        | add_ln333_277  | add | fabric    | 0       |
|   add_ln333_278_fu_250377_p2                    |      |        | add_ln333_278  | add | fabric    | 0       |
|   add_ln333_279_fu_250497_p2                    |      |        | add_ln333_279  | add | fabric    | 0       |
|   add_ln333_280_fu_250631_p2                    |      |        | add_ln333_280  | add | fabric    | 0       |
|   add_ln333_281_fu_250751_p2                    |      |        | add_ln333_281  | add | fabric    | 0       |
|   add_ln333_282_fu_250885_p2                    |      |        | add_ln333_282  | add | fabric    | 0       |
|   add_ln333_283_fu_251005_p2                    |      |        | add_ln333_283  | add | fabric    | 0       |
|   add_ln333_284_fu_251139_p2                    |      |        | add_ln333_284  | add | fabric    | 0       |
|   add_ln333_285_fu_251259_p2                    |      |        | add_ln333_285  | add | fabric    | 0       |
|   add_ln333_286_fu_251393_p2                    |      |        | add_ln333_286  | add | fabric    | 0       |
|   add_ln333_287_fu_251513_p2                    |      |        | add_ln333_287  | add | fabric    | 0       |
|   add_ln333_288_fu_251647_p2                    |      |        | add_ln333_288  | add | fabric    | 0       |
|   add_ln333_289_fu_251767_p2                    |      |        | add_ln333_289  | add | fabric    | 0       |
|   add_ln333_290_fu_251901_p2                    |      |        | add_ln333_290  | add | fabric    | 0       |
|   add_ln333_291_fu_252021_p2                    |      |        | add_ln333_291  | add | fabric    | 0       |
|   add_ln333_292_fu_252155_p2                    |      |        | add_ln333_292  | add | fabric    | 0       |
|   add_ln333_293_fu_252275_p2                    |      |        | add_ln333_293  | add | fabric    | 0       |
|   add_ln333_294_fu_252409_p2                    |      |        | add_ln333_294  | add | fabric    | 0       |
|   add_ln333_295_fu_252543_p2                    |      |        | add_ln333_295  | add | fabric    | 0       |
|   add_ln333_296_fu_252677_p2                    |      |        | add_ln333_296  | add | fabric    | 0       |
|   add_ln333_297_fu_252797_p2                    |      |        | add_ln333_297  | add | fabric    | 0       |
|   add_ln333_298_fu_252931_p2                    |      |        | add_ln333_298  | add | fabric    | 0       |
|   add_ln333_299_fu_253051_p2                    |      |        | add_ln333_299  | add | fabric    | 0       |
|   add_ln333_300_fu_253185_p2                    |      |        | add_ln333_300  | add | fabric    | 0       |
|   add_ln333_301_fu_253305_p2                    |      |        | add_ln333_301  | add | fabric    | 0       |
|   add_ln333_302_fu_253439_p2                    |      |        | add_ln333_302  | add | fabric    | 0       |
|   add_ln333_303_fu_253559_p2                    |      |        | add_ln333_303  | add | fabric    | 0       |
|   add_ln333_304_fu_253693_p2                    |      |        | add_ln333_304  | add | fabric    | 0       |
|   add_ln333_305_fu_253813_p2                    |      |        | add_ln333_305  | add | fabric    | 0       |
|   add_ln333_306_fu_253947_p2                    |      |        | add_ln333_306  | add | fabric    | 0       |
|   add_ln333_307_fu_254067_p2                    |      |        | add_ln333_307  | add | fabric    | 0       |
|   add_ln333_308_fu_254201_p2                    |      |        | add_ln333_308  | add | fabric    | 0       |
|   add_ln333_309_fu_254321_p2                    |      |        | add_ln333_309  | add | fabric    | 0       |
|   add_ln333_310_fu_254455_p2                    |      |        | add_ln333_310  | add | fabric    | 0       |
|   add_ln333_311_fu_254575_p2                    |      |        | add_ln333_311  | add | fabric    | 0       |
|   add_ln333_312_fu_254709_p2                    |      |        | add_ln333_312  | add | fabric    | 0       |
|   add_ln333_313_fu_254829_p2                    |      |        | add_ln333_313  | add | fabric    | 0       |
|   add_ln333_314_fu_254963_p2                    |      |        | add_ln333_314  | add | fabric    | 0       |
|   add_ln333_315_fu_255083_p2                    |      |        | add_ln333_315  | add | fabric    | 0       |
|   add_ln333_316_fu_255217_p2                    |      |        | add_ln333_316  | add | fabric    | 0       |
|   add_ln333_317_fu_255337_p2                    |      |        | add_ln333_317  | add | fabric    | 0       |
|   add_ln333_318_fu_255471_p2                    |      |        | add_ln333_318  | add | fabric    | 0       |
|   add_ln333_319_fu_255591_p2                    |      |        | add_ln333_319  | add | fabric    | 0       |
|   add_ln333_320_fu_255725_p2                    |      |        | add_ln333_320  | add | fabric    | 0       |
|   add_ln333_321_fu_255845_p2                    |      |        | add_ln333_321  | add | fabric    | 0       |
|   add_ln333_322_fu_255979_p2                    |      |        | add_ln333_322  | add | fabric    | 0       |
|   add_ln333_323_fu_256105_p2                    |      |        | add_ln333_323  | add | fabric    | 0       |
|   add_ln333_324_fu_256261_p2                    |      |        | add_ln333_324  | add | fabric    | 0       |
|   add_ln333_325_fu_256381_p2                    |      |        | add_ln333_325  | add | fabric    | 0       |
|   add_ln333_326_fu_256515_p2                    |      |        | add_ln333_326  | add | fabric    | 0       |
|   add_ln333_327_fu_256635_p2                    |      |        | add_ln333_327  | add | fabric    | 0       |
|   add_ln333_328_fu_256769_p2                    |      |        | add_ln333_328  | add | fabric    | 0       |
|   add_ln333_329_fu_256889_p2                    |      |        | add_ln333_329  | add | fabric    | 0       |
|   add_ln333_330_fu_257023_p2                    |      |        | add_ln333_330  | add | fabric    | 0       |
|   add_ln333_331_fu_257143_p2                    |      |        | add_ln333_331  | add | fabric    | 0       |
|   add_ln333_332_fu_257277_p2                    |      |        | add_ln333_332  | add | fabric    | 0       |
|   add_ln333_333_fu_257397_p2                    |      |        | add_ln333_333  | add | fabric    | 0       |
|   add_ln333_334_fu_257531_p2                    |      |        | add_ln333_334  | add | fabric    | 0       |
|   add_ln333_335_fu_257651_p2                    |      |        | add_ln333_335  | add | fabric    | 0       |
|   add_ln333_336_fu_257785_p2                    |      |        | add_ln333_336  | add | fabric    | 0       |
|   add_ln333_337_fu_257905_p2                    |      |        | add_ln333_337  | add | fabric    | 0       |
|   add_ln333_338_fu_258039_p2                    |      |        | add_ln333_338  | add | fabric    | 0       |
|   add_ln333_339_fu_258173_p2                    |      |        | add_ln333_339  | add | fabric    | 0       |
|   add_ln333_340_fu_258307_p2                    |      |        | add_ln333_340  | add | fabric    | 0       |
|   add_ln333_341_fu_258427_p2                    |      |        | add_ln333_341  | add | fabric    | 0       |
|   add_ln333_342_fu_258561_p2                    |      |        | add_ln333_342  | add | fabric    | 0       |
|   add_ln333_343_fu_258681_p2                    |      |        | add_ln333_343  | add | fabric    | 0       |
|   add_ln333_344_fu_258815_p2                    |      |        | add_ln333_344  | add | fabric    | 0       |
|   add_ln333_345_fu_258935_p2                    |      |        | add_ln333_345  | add | fabric    | 0       |
|   add_ln333_346_fu_259069_p2                    |      |        | add_ln333_346  | add | fabric    | 0       |
|   add_ln333_347_fu_259189_p2                    |      |        | add_ln333_347  | add | fabric    | 0       |
|   add_ln333_348_fu_259323_p2                    |      |        | add_ln333_348  | add | fabric    | 0       |
|   add_ln333_349_fu_259443_p2                    |      |        | add_ln333_349  | add | fabric    | 0       |
|   add_ln333_350_fu_259577_p2                    |      |        | add_ln333_350  | add | fabric    | 0       |
|   add_ln333_351_fu_259697_p2                    |      |        | add_ln333_351  | add | fabric    | 0       |
|   add_ln333_352_fu_259831_p2                    |      |        | add_ln333_352  | add | fabric    | 0       |
|   add_ln333_353_fu_259951_p2                    |      |        | add_ln333_353  | add | fabric    | 0       |
|   add_ln333_354_fu_260085_p2                    |      |        | add_ln333_354  | add | fabric    | 0       |
|   add_ln333_355_fu_260205_p2                    |      |        | add_ln333_355  | add | fabric    | 0       |
|   add_ln333_356_fu_260339_p2                    |      |        | add_ln333_356  | add | fabric    | 0       |
|   add_ln333_357_fu_260459_p2                    |      |        | add_ln333_357  | add | fabric    | 0       |
|   add_ln333_358_fu_260593_p2                    |      |        | add_ln333_358  | add | fabric    | 0       |
|   add_ln333_359_fu_260713_p2                    |      |        | add_ln333_359  | add | fabric    | 0       |
|   add_ln333_360_fu_260847_p2                    |      |        | add_ln333_360  | add | fabric    | 0       |
|   add_ln333_361_fu_260967_p2                    |      |        | add_ln333_361  | add | fabric    | 0       |
|   add_ln333_362_fu_261101_p2                    |      |        | add_ln333_362  | add | fabric    | 0       |
|   add_ln333_363_fu_261221_p2                    |      |        | add_ln333_363  | add | fabric    | 0       |
|   add_ln333_364_fu_261355_p2                    |      |        | add_ln333_364  | add | fabric    | 0       |
|   add_ln333_365_fu_261475_p2                    |      |        | add_ln333_365  | add | fabric    | 0       |
|   add_ln333_366_fu_261609_p2                    |      |        | add_ln333_366  | add | fabric    | 0       |
|   add_ln333_367_fu_261729_p2                    |      |        | add_ln333_367  | add | fabric    | 0       |
|   add_ln333_368_fu_261863_p2                    |      |        | add_ln333_368  | add | fabric    | 0       |
|   add_ln333_369_fu_261989_p2                    |      |        | add_ln333_369  | add | fabric    | 0       |
|   add_ln333_370_fu_262145_p2                    |      |        | add_ln333_370  | add | fabric    | 0       |
|   add_ln333_371_fu_262265_p2                    |      |        | add_ln333_371  | add | fabric    | 0       |
|   add_ln333_372_fu_262399_p2                    |      |        | add_ln333_372  | add | fabric    | 0       |
|   add_ln333_373_fu_262519_p2                    |      |        | add_ln333_373  | add | fabric    | 0       |
|   add_ln333_374_fu_262653_p2                    |      |        | add_ln333_374  | add | fabric    | 0       |
|   add_ln333_375_fu_262773_p2                    |      |        | add_ln333_375  | add | fabric    | 0       |
|   add_ln333_376_fu_262907_p2                    |      |        | add_ln333_376  | add | fabric    | 0       |
|   add_ln333_377_fu_263027_p2                    |      |        | add_ln333_377  | add | fabric    | 0       |
|   add_ln333_378_fu_263161_p2                    |      |        | add_ln333_378  | add | fabric    | 0       |
|   add_ln333_379_fu_263281_p2                    |      |        | add_ln333_379  | add | fabric    | 0       |
|   add_ln333_380_fu_263415_p2                    |      |        | add_ln333_380  | add | fabric    | 0       |
|   add_ln333_381_fu_263535_p2                    |      |        | add_ln333_381  | add | fabric    | 0       |
|   add_ln333_382_fu_263669_p2                    |      |        | add_ln333_382  | add | fabric    | 0       |
|   add_ln333_383_fu_263803_p2                    |      |        | add_ln333_383  | add | fabric    | 0       |
|   add_ln333_384_fu_263937_p2                    |      |        | add_ln333_384  | add | fabric    | 0       |
|   add_ln333_385_fu_264057_p2                    |      |        | add_ln333_385  | add | fabric    | 0       |
|   add_ln333_386_fu_264191_p2                    |      |        | add_ln333_386  | add | fabric    | 0       |
|   add_ln333_387_fu_264311_p2                    |      |        | add_ln333_387  | add | fabric    | 0       |
|   add_ln333_388_fu_264445_p2                    |      |        | add_ln333_388  | add | fabric    | 0       |
|   add_ln333_389_fu_264565_p2                    |      |        | add_ln333_389  | add | fabric    | 0       |
|   add_ln333_390_fu_264699_p2                    |      |        | add_ln333_390  | add | fabric    | 0       |
|   add_ln333_391_fu_264819_p2                    |      |        | add_ln333_391  | add | fabric    | 0       |
|   add_ln333_392_fu_264953_p2                    |      |        | add_ln333_392  | add | fabric    | 0       |
|   add_ln333_393_fu_265073_p2                    |      |        | add_ln333_393  | add | fabric    | 0       |
|   add_ln333_394_fu_265207_p2                    |      |        | add_ln333_394  | add | fabric    | 0       |
|   add_ln333_395_fu_265327_p2                    |      |        | add_ln333_395  | add | fabric    | 0       |
|   add_ln333_396_fu_265461_p2                    |      |        | add_ln333_396  | add | fabric    | 0       |
|   add_ln333_397_fu_265581_p2                    |      |        | add_ln333_397  | add | fabric    | 0       |
|   add_ln333_398_fu_265715_p2                    |      |        | add_ln333_398  | add | fabric    | 0       |
|   add_ln333_399_fu_265835_p2                    |      |        | add_ln333_399  | add | fabric    | 0       |
|   add_ln333_400_fu_265969_p2                    |      |        | add_ln333_400  | add | fabric    | 0       |
|   add_ln333_401_fu_266089_p2                    |      |        | add_ln333_401  | add | fabric    | 0       |
|   add_ln333_402_fu_266223_p2                    |      |        | add_ln333_402  | add | fabric    | 0       |
|   add_ln333_403_fu_266343_p2                    |      |        | add_ln333_403  | add | fabric    | 0       |
|   add_ln333_404_fu_266477_p2                    |      |        | add_ln333_404  | add | fabric    | 0       |
|   add_ln333_405_fu_266597_p2                    |      |        | add_ln333_405  | add | fabric    | 0       |
|   add_ln333_406_fu_266731_p2                    |      |        | add_ln333_406  | add | fabric    | 0       |
|   add_ln333_407_fu_266851_p2                    |      |        | add_ln333_407  | add | fabric    | 0       |
|   add_ln333_408_fu_266985_p2                    |      |        | add_ln333_408  | add | fabric    | 0       |
|   add_ln333_409_fu_267105_p2                    |      |        | add_ln333_409  | add | fabric    | 0       |
|   add_ln333_410_fu_267239_p2                    |      |        | add_ln333_410  | add | fabric    | 0       |
|   add_ln333_411_fu_267359_p2                    |      |        | add_ln333_411  | add | fabric    | 0       |
|   add_ln333_412_fu_267493_p2                    |      |        | add_ln333_412  | add | fabric    | 0       |
|   add_ln333_413_fu_267613_p2                    |      |        | add_ln333_413  | add | fabric    | 0       |
|   add_ln333_414_fu_267747_p2                    |      |        | add_ln333_414  | add | fabric    | 0       |
|   add_ln333_415_fu_267873_p2                    |      |        | add_ln333_415  | add | fabric    | 0       |
|   add_ln333_416_fu_268029_p2                    |      |        | add_ln333_416  | add | fabric    | 0       |
|   add_ln333_417_fu_268149_p2                    |      |        | add_ln333_417  | add | fabric    | 0       |
|   add_ln333_418_fu_268283_p2                    |      |        | add_ln333_418  | add | fabric    | 0       |
|   add_ln333_419_fu_268403_p2                    |      |        | add_ln333_419  | add | fabric    | 0       |
|   add_ln333_420_fu_268537_p2                    |      |        | add_ln333_420  | add | fabric    | 0       |
|   add_ln333_421_fu_268657_p2                    |      |        | add_ln333_421  | add | fabric    | 0       |
|   add_ln333_422_fu_268791_p2                    |      |        | add_ln333_422  | add | fabric    | 0       |
|   add_ln333_423_fu_268911_p2                    |      |        | add_ln333_423  | add | fabric    | 0       |
|   add_ln333_424_fu_269045_p2                    |      |        | add_ln333_424  | add | fabric    | 0       |
|   add_ln333_425_fu_269165_p2                    |      |        | add_ln333_425  | add | fabric    | 0       |
|   add_ln333_426_fu_269299_p2                    |      |        | add_ln333_426  | add | fabric    | 0       |
|   add_ln333_427_fu_269433_p2                    |      |        | add_ln333_427  | add | fabric    | 0       |
|   add_ln333_428_fu_269567_p2                    |      |        | add_ln333_428  | add | fabric    | 0       |
|   add_ln333_429_fu_269687_p2                    |      |        | add_ln333_429  | add | fabric    | 0       |
|   add_ln333_430_fu_269821_p2                    |      |        | add_ln333_430  | add | fabric    | 0       |
|   add_ln333_431_fu_269941_p2                    |      |        | add_ln333_431  | add | fabric    | 0       |
|   add_ln333_432_fu_270075_p2                    |      |        | add_ln333_432  | add | fabric    | 0       |
|   add_ln333_433_fu_270195_p2                    |      |        | add_ln333_433  | add | fabric    | 0       |
|   add_ln333_434_fu_270329_p2                    |      |        | add_ln333_434  | add | fabric    | 0       |
|   add_ln333_435_fu_270449_p2                    |      |        | add_ln333_435  | add | fabric    | 0       |
|   add_ln333_436_fu_270583_p2                    |      |        | add_ln333_436  | add | fabric    | 0       |
|   add_ln333_437_fu_270703_p2                    |      |        | add_ln333_437  | add | fabric    | 0       |
|   add_ln333_438_fu_270837_p2                    |      |        | add_ln333_438  | add | fabric    | 0       |
|   add_ln333_439_fu_270957_p2                    |      |        | add_ln333_439  | add | fabric    | 0       |
|   add_ln333_440_fu_271091_p2                    |      |        | add_ln333_440  | add | fabric    | 0       |
|   add_ln333_441_fu_271211_p2                    |      |        | add_ln333_441  | add | fabric    | 0       |
|   add_ln333_442_fu_271345_p2                    |      |        | add_ln333_442  | add | fabric    | 0       |
|   add_ln333_443_fu_271465_p2                    |      |        | add_ln333_443  | add | fabric    | 0       |
|   add_ln333_444_fu_271599_p2                    |      |        | add_ln333_444  | add | fabric    | 0       |
|   add_ln333_445_fu_271719_p2                    |      |        | add_ln333_445  | add | fabric    | 0       |
|   add_ln333_446_fu_271853_p2                    |      |        | add_ln333_446  | add | fabric    | 0       |
|   add_ln333_447_fu_271973_p2                    |      |        | add_ln333_447  | add | fabric    | 0       |
|   add_ln333_448_fu_272107_p2                    |      |        | add_ln333_448  | add | fabric    | 0       |
|   add_ln333_449_fu_272227_p2                    |      |        | add_ln333_449  | add | fabric    | 0       |
|   add_ln333_450_fu_272361_p2                    |      |        | add_ln333_450  | add | fabric    | 0       |
|   add_ln333_451_fu_272481_p2                    |      |        | add_ln333_451  | add | fabric    | 0       |
|   add_ln333_452_fu_272615_p2                    |      |        | add_ln333_452  | add | fabric    | 0       |
|   add_ln333_453_fu_272735_p2                    |      |        | add_ln333_453  | add | fabric    | 0       |
|   add_ln333_454_fu_272869_p2                    |      |        | add_ln333_454  | add | fabric    | 0       |
|   add_ln333_455_fu_272989_p2                    |      |        | add_ln333_455  | add | fabric    | 0       |
|   add_ln333_456_fu_273123_p2                    |      |        | add_ln333_456  | add | fabric    | 0       |
|   add_ln333_457_fu_273243_p2                    |      |        | add_ln333_457  | add | fabric    | 0       |
|   add_ln333_458_fu_273377_p2                    |      |        | add_ln333_458  | add | fabric    | 0       |
|   add_ln333_459_fu_273497_p2                    |      |        | add_ln333_459  | add | fabric    | 0       |
|   add_ln333_460_fu_273631_p2                    |      |        | add_ln333_460  | add | fabric    | 0       |
|   add_ln333_461_fu_273757_p2                    |      |        | add_ln333_461  | add | fabric    | 0       |
|   add_ln333_462_fu_273913_p2                    |      |        | add_ln333_462  | add | fabric    | 0       |
|   add_ln333_463_fu_274033_p2                    |      |        | add_ln333_463  | add | fabric    | 0       |
|   add_ln333_464_fu_274167_p2                    |      |        | add_ln333_464  | add | fabric    | 0       |
|   add_ln333_465_fu_274287_p2                    |      |        | add_ln333_465  | add | fabric    | 0       |
|   add_ln333_466_fu_274421_p2                    |      |        | add_ln333_466  | add | fabric    | 0       |
|   add_ln333_467_fu_274541_p2                    |      |        | add_ln333_467  | add | fabric    | 0       |
|   add_ln333_468_fu_274675_p2                    |      |        | add_ln333_468  | add | fabric    | 0       |
|   add_ln333_469_fu_274795_p2                    |      |        | add_ln333_469  | add | fabric    | 0       |
|   add_ln333_470_fu_274929_p2                    |      |        | add_ln333_470  | add | fabric    | 0       |
|   add_ln333_471_fu_275063_p2                    |      |        | add_ln333_471  | add | fabric    | 0       |
|   add_ln333_472_fu_275197_p2                    |      |        | add_ln333_472  | add | fabric    | 0       |
|   add_ln333_473_fu_275317_p2                    |      |        | add_ln333_473  | add | fabric    | 0       |
|   add_ln333_474_fu_275451_p2                    |      |        | add_ln333_474  | add | fabric    | 0       |
|   add_ln333_475_fu_275571_p2                    |      |        | add_ln333_475  | add | fabric    | 0       |
|   add_ln333_476_fu_275705_p2                    |      |        | add_ln333_476  | add | fabric    | 0       |
|   add_ln333_477_fu_275825_p2                    |      |        | add_ln333_477  | add | fabric    | 0       |
|   add_ln333_478_fu_275959_p2                    |      |        | add_ln333_478  | add | fabric    | 0       |
|   add_ln333_479_fu_276079_p2                    |      |        | add_ln333_479  | add | fabric    | 0       |
|   add_ln333_480_fu_276213_p2                    |      |        | add_ln333_480  | add | fabric    | 0       |
|   add_ln333_481_fu_276333_p2                    |      |        | add_ln333_481  | add | fabric    | 0       |
|   add_ln333_482_fu_276467_p2                    |      |        | add_ln333_482  | add | fabric    | 0       |
|   add_ln333_483_fu_276587_p2                    |      |        | add_ln333_483  | add | fabric    | 0       |
|   add_ln333_484_fu_276721_p2                    |      |        | add_ln333_484  | add | fabric    | 0       |
|   add_ln333_485_fu_276841_p2                    |      |        | add_ln333_485  | add | fabric    | 0       |
|   add_ln333_486_fu_276975_p2                    |      |        | add_ln333_486  | add | fabric    | 0       |
|   add_ln333_487_fu_277095_p2                    |      |        | add_ln333_487  | add | fabric    | 0       |
|   add_ln333_488_fu_277229_p2                    |      |        | add_ln333_488  | add | fabric    | 0       |
|   add_ln333_489_fu_277349_p2                    |      |        | add_ln333_489  | add | fabric    | 0       |
|   add_ln333_490_fu_277483_p2                    |      |        | add_ln333_490  | add | fabric    | 0       |
|   add_ln333_491_fu_277603_p2                    |      |        | add_ln333_491  | add | fabric    | 0       |
|   add_ln333_492_fu_277737_p2                    |      |        | add_ln333_492  | add | fabric    | 0       |
|   add_ln333_493_fu_277857_p2                    |      |        | add_ln333_493  | add | fabric    | 0       |
|   add_ln333_494_fu_277991_p2                    |      |        | add_ln333_494  | add | fabric    | 0       |
|   add_ln333_495_fu_278111_p2                    |      |        | add_ln333_495  | add | fabric    | 0       |
|   add_ln333_496_fu_278245_p2                    |      |        | add_ln333_496  | add | fabric    | 0       |
|   add_ln333_497_fu_278365_p2                    |      |        | add_ln333_497  | add | fabric    | 0       |
|   add_ln333_498_fu_278499_p2                    |      |        | add_ln333_498  | add | fabric    | 0       |
|   add_ln333_499_fu_278619_p2                    |      |        | add_ln333_499  | add | fabric    | 0       |
|   add_ln333_500_fu_278753_p2                    |      |        | add_ln333_500  | add | fabric    | 0       |
|   add_ln333_501_fu_278873_p2                    |      |        | add_ln333_501  | add | fabric    | 0       |
|   add_ln333_502_fu_279007_p2                    |      |        | add_ln333_502  | add | fabric    | 0       |
|   add_ln333_503_fu_279127_p2                    |      |        | add_ln333_503  | add | fabric    | 0       |
|   add_ln333_504_fu_279261_p2                    |      |        | add_ln333_504  | add | fabric    | 0       |
|   add_ln333_505_fu_279381_p2                    |      |        | add_ln333_505  | add | fabric    | 0       |
|   add_ln333_506_fu_279515_p2                    |      |        | add_ln333_506  | add | fabric    | 0       |
|   add_ln333_507_fu_279641_p2                    |      |        | add_ln333_507  | add | fabric    | 0       |
|   add_ln333_508_fu_279797_p2                    |      |        | add_ln333_508  | add | fabric    | 0       |
|   add_ln333_509_fu_279917_p2                    |      |        | add_ln333_509  | add | fabric    | 0       |
|   add_ln333_510_fu_280051_p2                    |      |        | add_ln333_510  | add | fabric    | 0       |
|   add_ln333_511_fu_280171_p2                    |      |        | add_ln333_511  | add | fabric    | 0       |
|   add_ln333_512_fu_280305_p2                    |      |        | add_ln333_512  | add | fabric    | 0       |
|   add_ln333_513_fu_280425_p2                    |      |        | add_ln333_513  | add | fabric    | 0       |
|   add_ln333_514_fu_280559_p2                    |      |        | add_ln333_514  | add | fabric    | 0       |
|   add_ln333_515_fu_280693_p2                    |      |        | add_ln333_515  | add | fabric    | 0       |
|   add_ln333_516_fu_280827_p2                    |      |        | add_ln333_516  | add | fabric    | 0       |
|   add_ln333_517_fu_280947_p2                    |      |        | add_ln333_517  | add | fabric    | 0       |
|   add_ln333_518_fu_281081_p2                    |      |        | add_ln333_518  | add | fabric    | 0       |
|   add_ln333_519_fu_281201_p2                    |      |        | add_ln333_519  | add | fabric    | 0       |
|   add_ln333_520_fu_281335_p2                    |      |        | add_ln333_520  | add | fabric    | 0       |
|   add_ln333_521_fu_281455_p2                    |      |        | add_ln333_521  | add | fabric    | 0       |
|   add_ln333_522_fu_281589_p2                    |      |        | add_ln333_522  | add | fabric    | 0       |
|   add_ln333_523_fu_281709_p2                    |      |        | add_ln333_523  | add | fabric    | 0       |
|   add_ln333_524_fu_281843_p2                    |      |        | add_ln333_524  | add | fabric    | 0       |
|   add_ln333_525_fu_281963_p2                    |      |        | add_ln333_525  | add | fabric    | 0       |
|   add_ln333_526_fu_282097_p2                    |      |        | add_ln333_526  | add | fabric    | 0       |
|   add_ln333_527_fu_282217_p2                    |      |        | add_ln333_527  | add | fabric    | 0       |
|   add_ln333_528_fu_282351_p2                    |      |        | add_ln333_528  | add | fabric    | 0       |
|   add_ln333_529_fu_282471_p2                    |      |        | add_ln333_529  | add | fabric    | 0       |
|   add_ln333_530_fu_282605_p2                    |      |        | add_ln333_530  | add | fabric    | 0       |
|   add_ln333_531_fu_282725_p2                    |      |        | add_ln333_531  | add | fabric    | 0       |
|   add_ln333_532_fu_282859_p2                    |      |        | add_ln333_532  | add | fabric    | 0       |
|   add_ln333_533_fu_282979_p2                    |      |        | add_ln333_533  | add | fabric    | 0       |
|   add_ln333_534_fu_283113_p2                    |      |        | add_ln333_534  | add | fabric    | 0       |
|   add_ln333_535_fu_283233_p2                    |      |        | add_ln333_535  | add | fabric    | 0       |
|   add_ln333_536_fu_283367_p2                    |      |        | add_ln333_536  | add | fabric    | 0       |
|   add_ln333_537_fu_283487_p2                    |      |        | add_ln333_537  | add | fabric    | 0       |
|   add_ln333_538_fu_283621_p2                    |      |        | add_ln333_538  | add | fabric    | 0       |
|   add_ln333_539_fu_283741_p2                    |      |        | add_ln333_539  | add | fabric    | 0       |
|   add_ln333_540_fu_283875_p2                    |      |        | add_ln333_540  | add | fabric    | 0       |
|   add_ln333_541_fu_283995_p2                    |      |        | add_ln333_541  | add | fabric    | 0       |
|   add_ln333_542_fu_284129_p2                    |      |        | add_ln333_542  | add | fabric    | 0       |
|   add_ln333_543_fu_284249_p2                    |      |        | add_ln333_543  | add | fabric    | 0       |
|   add_ln333_544_fu_284383_p2                    |      |        | add_ln333_544  | add | fabric    | 0       |
|   add_ln333_545_fu_284503_p2                    |      |        | add_ln333_545  | add | fabric    | 0       |
|   add_ln333_546_fu_284637_p2                    |      |        | add_ln333_546  | add | fabric    | 0       |
|   add_ln333_547_fu_284757_p2                    |      |        | add_ln333_547  | add | fabric    | 0       |
|   add_ln333_548_fu_284891_p2                    |      |        | add_ln333_548  | add | fabric    | 0       |
|   add_ln333_549_fu_285011_p2                    |      |        | add_ln333_549  | add | fabric    | 0       |
|   add_ln333_550_fu_285145_p2                    |      |        | add_ln333_550  | add | fabric    | 0       |
|   add_ln333_551_fu_285265_p2                    |      |        | add_ln333_551  | add | fabric    | 0       |
|   add_ln333_552_fu_285399_p2                    |      |        | add_ln333_552  | add | fabric    | 0       |
|   add_ln333_553_fu_285525_p2                    |      |        | add_ln333_553  | add | fabric    | 0       |
|   add_ln333_554_fu_285681_p2                    |      |        | add_ln333_554  | add | fabric    | 0       |
|   add_ln333_555_fu_285801_p2                    |      |        | add_ln333_555  | add | fabric    | 0       |
|   add_ln333_556_fu_285935_p2                    |      |        | add_ln333_556  | add | fabric    | 0       |
|   add_ln333_557_fu_286055_p2                    |      |        | add_ln333_557  | add | fabric    | 0       |
|   add_ln333_558_fu_286189_p2                    |      |        | add_ln333_558  | add | fabric    | 0       |
|   add_ln333_559_fu_286323_p2                    |      |        | add_ln333_559  | add | fabric    | 0       |
|   add_ln333_560_fu_286457_p2                    |      |        | add_ln333_560  | add | fabric    | 0       |
|   add_ln333_561_fu_286577_p2                    |      |        | add_ln333_561  | add | fabric    | 0       |
|   add_ln333_562_fu_286711_p2                    |      |        | add_ln333_562  | add | fabric    | 0       |
|   add_ln333_563_fu_286831_p2                    |      |        | add_ln333_563  | add | fabric    | 0       |
|   add_ln333_564_fu_286965_p2                    |      |        | add_ln333_564  | add | fabric    | 0       |
|   add_ln333_565_fu_287085_p2                    |      |        | add_ln333_565  | add | fabric    | 0       |
|   add_ln333_566_fu_287219_p2                    |      |        | add_ln333_566  | add | fabric    | 0       |
|   add_ln333_567_fu_287339_p2                    |      |        | add_ln333_567  | add | fabric    | 0       |
|   add_ln333_568_fu_287473_p2                    |      |        | add_ln333_568  | add | fabric    | 0       |
|   add_ln333_569_fu_287593_p2                    |      |        | add_ln333_569  | add | fabric    | 0       |
|   add_ln333_570_fu_287727_p2                    |      |        | add_ln333_570  | add | fabric    | 0       |
|   add_ln333_571_fu_287847_p2                    |      |        | add_ln333_571  | add | fabric    | 0       |
|   add_ln333_572_fu_287981_p2                    |      |        | add_ln333_572  | add | fabric    | 0       |
|   add_ln333_573_fu_288101_p2                    |      |        | add_ln333_573  | add | fabric    | 0       |
|   add_ln333_574_fu_288235_p2                    |      |        | add_ln333_574  | add | fabric    | 0       |
|   add_ln333_575_fu_288355_p2                    |      |        | add_ln333_575  | add | fabric    | 0       |
|   add_ln333_576_fu_288489_p2                    |      |        | add_ln333_576  | add | fabric    | 0       |
|   add_ln333_577_fu_288609_p2                    |      |        | add_ln333_577  | add | fabric    | 0       |
|   add_ln333_578_fu_288743_p2                    |      |        | add_ln333_578  | add | fabric    | 0       |
|   add_ln333_579_fu_288863_p2                    |      |        | add_ln333_579  | add | fabric    | 0       |
|   add_ln333_580_fu_288997_p2                    |      |        | add_ln333_580  | add | fabric    | 0       |
|   add_ln333_581_fu_289117_p2                    |      |        | add_ln333_581  | add | fabric    | 0       |
|   add_ln333_582_fu_289251_p2                    |      |        | add_ln333_582  | add | fabric    | 0       |
|   add_ln333_583_fu_289371_p2                    |      |        | add_ln333_583  | add | fabric    | 0       |
|   add_ln333_584_fu_289505_p2                    |      |        | add_ln333_584  | add | fabric    | 0       |
|   add_ln333_585_fu_289625_p2                    |      |        | add_ln333_585  | add | fabric    | 0       |
|   add_ln333_586_fu_289759_p2                    |      |        | add_ln333_586  | add | fabric    | 0       |
|   add_ln333_587_fu_289879_p2                    |      |        | add_ln333_587  | add | fabric    | 0       |
|   add_ln333_588_fu_290013_p2                    |      |        | add_ln333_588  | add | fabric    | 0       |
|   add_ln333_589_fu_290133_p2                    |      |        | add_ln333_589  | add | fabric    | 0       |
|   add_ln333_590_fu_290267_p2                    |      |        | add_ln333_590  | add | fabric    | 0       |
|   add_ln333_591_fu_290387_p2                    |      |        | add_ln333_591  | add | fabric    | 0       |
|   add_ln333_592_fu_290521_p2                    |      |        | add_ln333_592  | add | fabric    | 0       |
|   add_ln333_593_fu_290641_p2                    |      |        | add_ln333_593  | add | fabric    | 0       |
|   add_ln333_594_fu_290775_p2                    |      |        | add_ln333_594  | add | fabric    | 0       |
|   add_ln333_595_fu_290895_p2                    |      |        | add_ln333_595  | add | fabric    | 0       |
|   add_ln333_596_fu_291029_p2                    |      |        | add_ln333_596  | add | fabric    | 0       |
|   add_ln333_597_fu_291149_p2                    |      |        | add_ln333_597  | add | fabric    | 0       |
|   add_ln333_598_fu_291283_p2                    |      |        | add_ln333_598  | add | fabric    | 0       |
|   add_ln333_599_fu_291409_p2                    |      |        | add_ln333_599  | add | fabric    | 0       |
|   add_ln333_600_fu_291565_p2                    |      |        | add_ln333_600  | add | fabric    | 0       |
|   add_ln333_601_fu_291685_p2                    |      |        | add_ln333_601  | add | fabric    | 0       |
|   add_ln333_602_fu_291819_p2                    |      |        | add_ln333_602  | add | fabric    | 0       |
|   add_ln333_603_fu_291953_p2                    |      |        | add_ln333_603  | add | fabric    | 0       |
|   add_ln333_604_fu_292087_p2                    |      |        | add_ln333_604  | add | fabric    | 0       |
|   add_ln333_605_fu_292207_p2                    |      |        | add_ln333_605  | add | fabric    | 0       |
|   add_ln333_606_fu_292341_p2                    |      |        | add_ln333_606  | add | fabric    | 0       |
|   add_ln333_607_fu_292461_p2                    |      |        | add_ln333_607  | add | fabric    | 0       |
|   add_ln333_608_fu_292595_p2                    |      |        | add_ln333_608  | add | fabric    | 0       |
|   add_ln333_609_fu_292715_p2                    |      |        | add_ln333_609  | add | fabric    | 0       |
|   add_ln333_610_fu_292849_p2                    |      |        | add_ln333_610  | add | fabric    | 0       |
|   add_ln333_611_fu_292969_p2                    |      |        | add_ln333_611  | add | fabric    | 0       |
|   add_ln333_612_fu_293103_p2                    |      |        | add_ln333_612  | add | fabric    | 0       |
|   add_ln333_613_fu_293223_p2                    |      |        | add_ln333_613  | add | fabric    | 0       |
|   add_ln333_614_fu_293357_p2                    |      |        | add_ln333_614  | add | fabric    | 0       |
|   add_ln333_615_fu_293477_p2                    |      |        | add_ln333_615  | add | fabric    | 0       |
|   add_ln333_616_fu_293611_p2                    |      |        | add_ln333_616  | add | fabric    | 0       |
|   add_ln333_617_fu_293731_p2                    |      |        | add_ln333_617  | add | fabric    | 0       |
|   add_ln333_618_fu_293865_p2                    |      |        | add_ln333_618  | add | fabric    | 0       |
|   add_ln333_619_fu_293985_p2                    |      |        | add_ln333_619  | add | fabric    | 0       |
|   add_ln333_620_fu_294119_p2                    |      |        | add_ln333_620  | add | fabric    | 0       |
|   add_ln333_621_fu_294239_p2                    |      |        | add_ln333_621  | add | fabric    | 0       |
|   add_ln333_622_fu_294373_p2                    |      |        | add_ln333_622  | add | fabric    | 0       |
|   add_ln333_623_fu_294493_p2                    |      |        | add_ln333_623  | add | fabric    | 0       |
|   add_ln333_624_fu_294627_p2                    |      |        | add_ln333_624  | add | fabric    | 0       |
|   add_ln333_625_fu_294747_p2                    |      |        | add_ln333_625  | add | fabric    | 0       |
|   add_ln333_626_fu_294881_p2                    |      |        | add_ln333_626  | add | fabric    | 0       |
|   add_ln333_627_fu_295001_p2                    |      |        | add_ln333_627  | add | fabric    | 0       |
|   add_ln333_628_fu_295135_p2                    |      |        | add_ln333_628  | add | fabric    | 0       |
|   add_ln333_629_fu_295255_p2                    |      |        | add_ln333_629  | add | fabric    | 0       |
|   add_ln333_630_fu_295389_p2                    |      |        | add_ln333_630  | add | fabric    | 0       |
|   add_ln333_631_fu_295509_p2                    |      |        | add_ln333_631  | add | fabric    | 0       |
|   add_ln333_632_fu_295643_p2                    |      |        | add_ln333_632  | add | fabric    | 0       |
|   add_ln333_633_fu_295763_p2                    |      |        | add_ln333_633  | add | fabric    | 0       |
|   add_ln333_634_fu_295897_p2                    |      |        | add_ln333_634  | add | fabric    | 0       |
|   add_ln333_635_fu_296017_p2                    |      |        | add_ln333_635  | add | fabric    | 0       |
|   add_ln333_636_fu_296151_p2                    |      |        | add_ln333_636  | add | fabric    | 0       |
|   add_ln333_637_fu_296271_p2                    |      |        | add_ln333_637  | add | fabric    | 0       |
|   add_ln333_638_fu_296405_p2                    |      |        | add_ln333_638  | add | fabric    | 0       |
|   add_ln333_639_fu_296525_p2                    |      |        | add_ln333_639  | add | fabric    | 0       |
|   add_ln333_640_fu_296659_p2                    |      |        | add_ln333_640  | add | fabric    | 0       |
|   add_ln333_641_fu_296779_p2                    |      |        | add_ln333_641  | add | fabric    | 0       |
|   add_ln333_642_fu_296913_p2                    |      |        | add_ln333_642  | add | fabric    | 0       |
|   add_ln333_643_fu_297033_p2                    |      |        | add_ln333_643  | add | fabric    | 0       |
|   add_ln333_644_fu_297167_p2                    |      |        | add_ln333_644  | add | fabric    | 0       |
|   add_ln333_645_fu_297293_p2                    |      |        | add_ln333_645  | add | fabric    | 0       |
|   add_ln333_646_fu_297449_p2                    |      |        | add_ln333_646  | add | fabric    | 0       |
|   add_ln333_647_fu_297583_p2                    |      |        | add_ln333_647  | add | fabric    | 0       |
|   add_ln333_648_fu_297717_p2                    |      |        | add_ln333_648  | add | fabric    | 0       |
|   add_ln333_649_fu_297837_p2                    |      |        | add_ln333_649  | add | fabric    | 0       |
|   add_ln333_650_fu_297971_p2                    |      |        | add_ln333_650  | add | fabric    | 0       |
|   add_ln333_651_fu_298091_p2                    |      |        | add_ln333_651  | add | fabric    | 0       |
|   add_ln333_652_fu_298225_p2                    |      |        | add_ln333_652  | add | fabric    | 0       |
|   add_ln333_653_fu_298345_p2                    |      |        | add_ln333_653  | add | fabric    | 0       |
|   add_ln333_654_fu_298479_p2                    |      |        | add_ln333_654  | add | fabric    | 0       |
|   add_ln333_655_fu_298599_p2                    |      |        | add_ln333_655  | add | fabric    | 0       |
|   add_ln333_656_fu_298733_p2                    |      |        | add_ln333_656  | add | fabric    | 0       |
|   add_ln333_657_fu_298853_p2                    |      |        | add_ln333_657  | add | fabric    | 0       |
|   add_ln333_658_fu_298987_p2                    |      |        | add_ln333_658  | add | fabric    | 0       |
|   add_ln333_659_fu_299107_p2                    |      |        | add_ln333_659  | add | fabric    | 0       |
|   add_ln333_660_fu_299241_p2                    |      |        | add_ln333_660  | add | fabric    | 0       |
|   add_ln333_661_fu_299375_p2                    |      |        | add_ln333_661  | add | fabric    | 0       |
|   add_ln333_662_fu_299509_p2                    |      |        | add_ln333_662  | add | fabric    | 0       |
|   add_ln333_663_fu_299643_p2                    |      |        | add_ln333_663  | add | fabric    | 0       |
|   add_ln333_664_fu_299777_p2                    |      |        | add_ln333_664  | add | fabric    | 0       |
|   add_ln333_665_fu_299911_p2                    |      |        | add_ln333_665  | add | fabric    | 0       |
|   add_ln333_666_fu_300045_p2                    |      |        | add_ln333_666  | add | fabric    | 0       |
|   add_ln333_667_fu_300179_p2                    |      |        | add_ln333_667  | add | fabric    | 0       |
|   add_ln333_668_fu_300313_p2                    |      |        | add_ln333_668  | add | fabric    | 0       |
|   add_ln333_669_fu_300447_p2                    |      |        | add_ln333_669  | add | fabric    | 0       |
|   add_ln333_670_fu_300581_p2                    |      |        | add_ln333_670  | add | fabric    | 0       |
|   add_ln333_671_fu_300715_p2                    |      |        | add_ln333_671  | add | fabric    | 0       |
|   add_ln333_672_fu_300849_p2                    |      |        | add_ln333_672  | add | fabric    | 0       |
|   add_ln333_673_fu_300983_p2                    |      |        | add_ln333_673  | add | fabric    | 0       |
|   add_ln333_674_fu_301117_p2                    |      |        | add_ln333_674  | add | fabric    | 0       |
|   add_ln333_675_fu_301251_p2                    |      |        | add_ln333_675  | add | fabric    | 0       |
|   add_ln333_676_fu_301385_p2                    |      |        | add_ln333_676  | add | fabric    | 0       |
|   add_ln333_677_fu_301519_p2                    |      |        | add_ln333_677  | add | fabric    | 0       |
|   add_ln333_678_fu_301653_p2                    |      |        | add_ln333_678  | add | fabric    | 0       |
|   add_ln333_679_fu_301787_p2                    |      |        | add_ln333_679  | add | fabric    | 0       |
|   add_ln333_680_fu_301921_p2                    |      |        | add_ln333_680  | add | fabric    | 0       |
|   add_ln333_681_fu_302055_p2                    |      |        | add_ln333_681  | add | fabric    | 0       |
|   add_ln333_682_fu_302189_p2                    |      |        | add_ln333_682  | add | fabric    | 0       |
|   add_ln333_683_fu_302323_p2                    |      |        | add_ln333_683  | add | fabric    | 0       |
|   add_ln333_684_fu_302457_p2                    |      |        | add_ln333_684  | add | fabric    | 0       |
|   add_ln333_685_fu_302591_p2                    |      |        | add_ln333_685  | add | fabric    | 0       |
|   add_ln333_686_fu_302725_p2                    |      |        | add_ln333_686  | add | fabric    | 0       |
|   add_ln333_687_fu_302859_p2                    |      |        | add_ln333_687  | add | fabric    | 0       |
|   add_ln333_688_fu_302993_p2                    |      |        | add_ln333_688  | add | fabric    | 0       |
|   add_ln333_689_fu_303127_p2                    |      |        | add_ln333_689  | add | fabric    | 0       |
|   add_ln333_690_fu_303261_p2                    |      |        | add_ln333_690  | add | fabric    | 0       |
|   add_ln333_691_fu_303387_p2                    |      |        | add_ln333_691  | add | fabric    | 0       |
|   add_ln333_692_fu_303543_p2                    |      |        | add_ln333_692  | add | fabric    | 0       |
|   add_ln333_693_fu_303663_p2                    |      |        | add_ln333_693  | add | fabric    | 0       |
|   add_ln333_694_fu_303797_p2                    |      |        | add_ln333_694  | add | fabric    | 0       |
|   add_ln333_695_fu_303917_p2                    |      |        | add_ln333_695  | add | fabric    | 0       |
|   add_ln333_696_fu_304051_p2                    |      |        | add_ln333_696  | add | fabric    | 0       |
|   add_ln333_697_fu_304171_p2                    |      |        | add_ln333_697  | add | fabric    | 0       |
|   add_ln333_698_fu_304305_p2                    |      |        | add_ln333_698  | add | fabric    | 0       |
|   add_ln333_699_fu_304425_p2                    |      |        | add_ln333_699  | add | fabric    | 0       |
|   add_ln333_700_fu_304559_p2                    |      |        | add_ln333_700  | add | fabric    | 0       |
|   add_ln333_701_fu_304679_p2                    |      |        | add_ln333_701  | add | fabric    | 0       |
|   add_ln333_702_fu_304813_p2                    |      |        | add_ln333_702  | add | fabric    | 0       |
|   add_ln333_703_fu_304933_p2                    |      |        | add_ln333_703  | add | fabric    | 0       |
|   add_ln333_704_fu_305067_p2                    |      |        | add_ln333_704  | add | fabric    | 0       |
|   add_ln333_705_fu_305187_p2                    |      |        | add_ln333_705  | add | fabric    | 0       |
|   add_ln333_706_fu_305321_p2                    |      |        | add_ln333_706  | add | fabric    | 0       |
|   add_ln333_707_fu_305441_p2                    |      |        | add_ln333_707  | add | fabric    | 0       |
|   add_ln333_708_fu_305575_p2                    |      |        | add_ln333_708  | add | fabric    | 0       |
|   add_ln333_709_fu_305695_p2                    |      |        | add_ln333_709  | add | fabric    | 0       |
|   add_ln333_710_fu_305829_p2                    |      |        | add_ln333_710  | add | fabric    | 0       |
|   add_ln333_711_fu_305949_p2                    |      |        | add_ln333_711  | add | fabric    | 0       |
|   add_ln333_712_fu_306083_p2                    |      |        | add_ln333_712  | add | fabric    | 0       |
|   add_ln333_713_fu_306203_p2                    |      |        | add_ln333_713  | add | fabric    | 0       |
|   add_ln333_714_fu_306337_p2                    |      |        | add_ln333_714  | add | fabric    | 0       |
|   add_ln333_715_fu_306457_p2                    |      |        | add_ln333_715  | add | fabric    | 0       |
|   add_ln333_716_fu_306591_p2                    |      |        | add_ln333_716  | add | fabric    | 0       |
|   add_ln333_717_fu_306711_p2                    |      |        | add_ln333_717  | add | fabric    | 0       |
|   add_ln333_718_fu_306845_p2                    |      |        | add_ln333_718  | add | fabric    | 0       |
|   add_ln333_719_fu_306965_p2                    |      |        | add_ln333_719  | add | fabric    | 0       |
|   add_ln333_720_fu_307099_p2                    |      |        | add_ln333_720  | add | fabric    | 0       |
|   add_ln333_721_fu_307219_p2                    |      |        | add_ln333_721  | add | fabric    | 0       |
|   add_ln333_722_fu_307353_p2                    |      |        | add_ln333_722  | add | fabric    | 0       |
|   add_ln333_723_fu_307473_p2                    |      |        | add_ln333_723  | add | fabric    | 0       |
|   add_ln333_724_fu_307607_p2                    |      |        | add_ln333_724  | add | fabric    | 0       |
|   add_ln333_725_fu_307727_p2                    |      |        | add_ln333_725  | add | fabric    | 0       |
|   add_ln333_726_fu_307861_p2                    |      |        | add_ln333_726  | add | fabric    | 0       |
|   add_ln333_727_fu_307981_p2                    |      |        | add_ln333_727  | add | fabric    | 0       |
|   add_ln333_728_fu_308115_p2                    |      |        | add_ln333_728  | add | fabric    | 0       |
|   add_ln333_729_fu_308235_p2                    |      |        | add_ln333_729  | add | fabric    | 0       |
|   add_ln333_730_fu_308369_p2                    |      |        | add_ln333_730  | add | fabric    | 0       |
|   add_ln333_731_fu_308489_p2                    |      |        | add_ln333_731  | add | fabric    | 0       |
|   add_ln333_732_fu_308623_p2                    |      |        | add_ln333_732  | add | fabric    | 0       |
|   add_ln333_733_fu_308743_p2                    |      |        | add_ln333_733  | add | fabric    | 0       |
|   add_ln333_734_fu_308877_p2                    |      |        | add_ln333_734  | add | fabric    | 0       |
|   add_ln333_735_fu_308997_p2                    |      |        | add_ln333_735  | add | fabric    | 0       |
|   add_ln333_736_fu_309131_p2                    |      |        | add_ln333_736  | add | fabric    | 0       |
|   add_ln333_737_fu_309257_p2                    |      |        | add_ln333_737  | add | fabric    | 0       |
|   add_ln333_738_fu_309413_p2                    |      |        | add_ln333_738  | add | fabric    | 0       |
|   add_ln333_739_fu_309533_p2                    |      |        | add_ln333_739  | add | fabric    | 0       |
|   add_ln333_740_fu_309667_p2                    |      |        | add_ln333_740  | add | fabric    | 0       |
|   add_ln333_741_fu_309787_p2                    |      |        | add_ln333_741  | add | fabric    | 0       |
|   add_ln333_742_fu_309921_p2                    |      |        | add_ln333_742  | add | fabric    | 0       |
|   add_ln333_743_fu_310041_p2                    |      |        | add_ln333_743  | add | fabric    | 0       |
|   add_ln333_744_fu_310175_p2                    |      |        | add_ln333_744  | add | fabric    | 0       |
|   add_ln333_745_fu_310295_p2                    |      |        | add_ln333_745  | add | fabric    | 0       |
|   add_ln333_746_fu_310429_p2                    |      |        | add_ln333_746  | add | fabric    | 0       |
|   add_ln333_747_fu_310549_p2                    |      |        | add_ln333_747  | add | fabric    | 0       |
|   add_ln333_748_fu_310683_p2                    |      |        | add_ln333_748  | add | fabric    | 0       |
|   add_ln333_749_fu_310803_p2                    |      |        | add_ln333_749  | add | fabric    | 0       |
|   add_ln333_750_fu_310937_p2                    |      |        | add_ln333_750  | add | fabric    | 0       |
|   add_ln333_751_fu_311057_p2                    |      |        | add_ln333_751  | add | fabric    | 0       |
|   add_ln333_752_fu_311191_p2                    |      |        | add_ln333_752  | add | fabric    | 0       |
|   add_ln333_753_fu_311311_p2                    |      |        | add_ln333_753  | add | fabric    | 0       |
|   add_ln333_754_fu_311445_p2                    |      |        | add_ln333_754  | add | fabric    | 0       |
|   add_ln333_755_fu_311565_p2                    |      |        | add_ln333_755  | add | fabric    | 0       |
|   add_ln333_756_fu_311699_p2                    |      |        | add_ln333_756  | add | fabric    | 0       |
|   add_ln333_757_fu_311819_p2                    |      |        | add_ln333_757  | add | fabric    | 0       |
|   add_ln333_758_fu_311953_p2                    |      |        | add_ln333_758  | add | fabric    | 0       |
|   add_ln333_759_fu_312073_p2                    |      |        | add_ln333_759  | add | fabric    | 0       |
|   add_ln333_760_fu_312207_p2                    |      |        | add_ln333_760  | add | fabric    | 0       |
|   add_ln333_761_fu_312327_p2                    |      |        | add_ln333_761  | add | fabric    | 0       |
|   add_ln333_762_fu_312461_p2                    |      |        | add_ln333_762  | add | fabric    | 0       |
|   add_ln333_763_fu_312581_p2                    |      |        | add_ln333_763  | add | fabric    | 0       |
|   add_ln333_764_fu_312715_p2                    |      |        | add_ln333_764  | add | fabric    | 0       |
|   add_ln333_765_fu_312835_p2                    |      |        | add_ln333_765  | add | fabric    | 0       |
|   add_ln333_766_fu_312969_p2                    |      |        | add_ln333_766  | add | fabric    | 0       |
|   add_ln333_767_fu_313089_p2                    |      |        | add_ln333_767  | add | fabric    | 0       |
|   add_ln333_768_fu_313223_p2                    |      |        | add_ln333_768  | add | fabric    | 0       |
|   add_ln333_769_fu_313343_p2                    |      |        | add_ln333_769  | add | fabric    | 0       |
|   add_ln333_770_fu_313477_p2                    |      |        | add_ln333_770  | add | fabric    | 0       |
|   add_ln333_771_fu_313597_p2                    |      |        | add_ln333_771  | add | fabric    | 0       |
|   add_ln333_772_fu_313731_p2                    |      |        | add_ln333_772  | add | fabric    | 0       |
|   add_ln333_773_fu_313851_p2                    |      |        | add_ln333_773  | add | fabric    | 0       |
|   add_ln333_774_fu_313985_p2                    |      |        | add_ln333_774  | add | fabric    | 0       |
|   add_ln333_775_fu_314105_p2                    |      |        | add_ln333_775  | add | fabric    | 0       |
|   add_ln333_776_fu_314239_p2                    |      |        | add_ln333_776  | add | fabric    | 0       |
|   add_ln333_777_fu_314359_p2                    |      |        | add_ln333_777  | add | fabric    | 0       |
|   add_ln333_778_fu_314493_p2                    |      |        | add_ln333_778  | add | fabric    | 0       |
|   add_ln333_779_fu_314613_p2                    |      |        | add_ln333_779  | add | fabric    | 0       |
|   add_ln333_780_fu_314747_p2                    |      |        | add_ln333_780  | add | fabric    | 0       |
|   add_ln333_781_fu_314867_p2                    |      |        | add_ln333_781  | add | fabric    | 0       |
|   add_ln333_782_fu_315001_p2                    |      |        | add_ln333_782  | add | fabric    | 0       |
|   add_ln333_783_fu_315127_p2                    |      |        | add_ln333_783  | add | fabric    | 0       |
|   add_ln333_784_fu_315283_p2                    |      |        | add_ln333_784  | add | fabric    | 0       |
|   add_ln333_785_fu_315403_p2                    |      |        | add_ln333_785  | add | fabric    | 0       |
|   add_ln333_786_fu_315537_p2                    |      |        | add_ln333_786  | add | fabric    | 0       |
|   add_ln333_787_fu_315657_p2                    |      |        | add_ln333_787  | add | fabric    | 0       |
|   add_ln333_788_fu_315791_p2                    |      |        | add_ln333_788  | add | fabric    | 0       |
|   add_ln333_789_fu_315911_p2                    |      |        | add_ln333_789  | add | fabric    | 0       |
|   add_ln333_790_fu_316045_p2                    |      |        | add_ln333_790  | add | fabric    | 0       |
|   add_ln333_791_fu_316165_p2                    |      |        | add_ln333_791  | add | fabric    | 0       |
|   add_ln333_792_fu_316299_p2                    |      |        | add_ln333_792  | add | fabric    | 0       |
|   add_ln333_793_fu_316419_p2                    |      |        | add_ln333_793  | add | fabric    | 0       |
|   add_ln333_794_fu_316553_p2                    |      |        | add_ln333_794  | add | fabric    | 0       |
|   add_ln333_795_fu_316673_p2                    |      |        | add_ln333_795  | add | fabric    | 0       |
|   add_ln333_796_fu_316807_p2                    |      |        | add_ln333_796  | add | fabric    | 0       |
|   add_ln333_797_fu_316927_p2                    |      |        | add_ln333_797  | add | fabric    | 0       |
|   add_ln333_798_fu_317061_p2                    |      |        | add_ln333_798  | add | fabric    | 0       |
|   add_ln333_799_fu_317181_p2                    |      |        | add_ln333_799  | add | fabric    | 0       |
|   add_ln333_800_fu_317315_p2                    |      |        | add_ln333_800  | add | fabric    | 0       |
|   add_ln333_801_fu_317435_p2                    |      |        | add_ln333_801  | add | fabric    | 0       |
|   add_ln333_802_fu_317569_p2                    |      |        | add_ln333_802  | add | fabric    | 0       |
|   add_ln333_803_fu_317689_p2                    |      |        | add_ln333_803  | add | fabric    | 0       |
|   add_ln333_804_fu_317823_p2                    |      |        | add_ln333_804  | add | fabric    | 0       |
|   add_ln333_805_fu_317943_p2                    |      |        | add_ln333_805  | add | fabric    | 0       |
|   add_ln333_806_fu_318077_p2                    |      |        | add_ln333_806  | add | fabric    | 0       |
|   add_ln333_807_fu_318197_p2                    |      |        | add_ln333_807  | add | fabric    | 0       |
|   add_ln333_808_fu_318331_p2                    |      |        | add_ln333_808  | add | fabric    | 0       |
|   add_ln333_809_fu_318451_p2                    |      |        | add_ln333_809  | add | fabric    | 0       |
|   add_ln333_810_fu_318585_p2                    |      |        | add_ln333_810  | add | fabric    | 0       |
|   add_ln333_811_fu_318705_p2                    |      |        | add_ln333_811  | add | fabric    | 0       |
|   add_ln333_812_fu_318839_p2                    |      |        | add_ln333_812  | add | fabric    | 0       |
|   add_ln333_813_fu_318959_p2                    |      |        | add_ln333_813  | add | fabric    | 0       |
|   add_ln333_814_fu_319093_p2                    |      |        | add_ln333_814  | add | fabric    | 0       |
|   add_ln333_815_fu_319213_p2                    |      |        | add_ln333_815  | add | fabric    | 0       |
|   add_ln333_816_fu_319347_p2                    |      |        | add_ln333_816  | add | fabric    | 0       |
|   add_ln333_817_fu_319467_p2                    |      |        | add_ln333_817  | add | fabric    | 0       |
|   add_ln333_818_fu_319601_p2                    |      |        | add_ln333_818  | add | fabric    | 0       |
|   add_ln333_819_fu_319721_p2                    |      |        | add_ln333_819  | add | fabric    | 0       |
|   add_ln333_820_fu_319855_p2                    |      |        | add_ln333_820  | add | fabric    | 0       |
|   add_ln333_821_fu_319975_p2                    |      |        | add_ln333_821  | add | fabric    | 0       |
|   add_ln333_822_fu_320109_p2                    |      |        | add_ln333_822  | add | fabric    | 0       |
|   add_ln333_823_fu_320229_p2                    |      |        | add_ln333_823  | add | fabric    | 0       |
|   add_ln333_824_fu_320363_p2                    |      |        | add_ln333_824  | add | fabric    | 0       |
|   add_ln333_825_fu_320483_p2                    |      |        | add_ln333_825  | add | fabric    | 0       |
|   add_ln333_826_fu_320617_p2                    |      |        | add_ln333_826  | add | fabric    | 0       |
|   add_ln333_827_fu_320737_p2                    |      |        | add_ln333_827  | add | fabric    | 0       |
|   add_ln333_828_fu_320871_p2                    |      |        | add_ln333_828  | add | fabric    | 0       |
|   add_ln333_829_fu_320997_p2                    |      |        | add_ln333_829  | add | fabric    | 0       |
|   add_ln333_830_fu_321153_p2                    |      |        | add_ln333_830  | add | fabric    | 0       |
|   add_ln333_831_fu_321273_p2                    |      |        | add_ln333_831  | add | fabric    | 0       |
|   add_ln333_832_fu_321407_p2                    |      |        | add_ln333_832  | add | fabric    | 0       |
|   add_ln333_833_fu_321527_p2                    |      |        | add_ln333_833  | add | fabric    | 0       |
|   add_ln333_834_fu_321661_p2                    |      |        | add_ln333_834  | add | fabric    | 0       |
|   add_ln333_835_fu_321781_p2                    |      |        | add_ln333_835  | add | fabric    | 0       |
|   add_ln333_836_fu_321915_p2                    |      |        | add_ln333_836  | add | fabric    | 0       |
|   add_ln333_837_fu_322035_p2                    |      |        | add_ln333_837  | add | fabric    | 0       |
|   add_ln333_838_fu_322169_p2                    |      |        | add_ln333_838  | add | fabric    | 0       |
|   add_ln333_839_fu_322289_p2                    |      |        | add_ln333_839  | add | fabric    | 0       |
|   add_ln333_840_fu_322423_p2                    |      |        | add_ln333_840  | add | fabric    | 0       |
|   add_ln333_841_fu_322543_p2                    |      |        | add_ln333_841  | add | fabric    | 0       |
|   add_ln333_842_fu_322677_p2                    |      |        | add_ln333_842  | add | fabric    | 0       |
|   add_ln333_843_fu_322797_p2                    |      |        | add_ln333_843  | add | fabric    | 0       |
|   add_ln333_844_fu_322931_p2                    |      |        | add_ln333_844  | add | fabric    | 0       |
|   add_ln333_845_fu_323051_p2                    |      |        | add_ln333_845  | add | fabric    | 0       |
|   add_ln333_846_fu_323185_p2                    |      |        | add_ln333_846  | add | fabric    | 0       |
|   add_ln333_847_fu_323305_p2                    |      |        | add_ln333_847  | add | fabric    | 0       |
|   add_ln333_848_fu_323439_p2                    |      |        | add_ln333_848  | add | fabric    | 0       |
|   add_ln333_849_fu_323559_p2                    |      |        | add_ln333_849  | add | fabric    | 0       |
|   add_ln333_850_fu_323693_p2                    |      |        | add_ln333_850  | add | fabric    | 0       |
|   add_ln333_851_fu_323813_p2                    |      |        | add_ln333_851  | add | fabric    | 0       |
|   add_ln333_852_fu_323947_p2                    |      |        | add_ln333_852  | add | fabric    | 0       |
|   add_ln333_853_fu_324067_p2                    |      |        | add_ln333_853  | add | fabric    | 0       |
|   add_ln333_854_fu_324201_p2                    |      |        | add_ln333_854  | add | fabric    | 0       |
|   add_ln333_855_fu_324321_p2                    |      |        | add_ln333_855  | add | fabric    | 0       |
|   add_ln333_856_fu_324455_p2                    |      |        | add_ln333_856  | add | fabric    | 0       |
|   add_ln333_857_fu_324575_p2                    |      |        | add_ln333_857  | add | fabric    | 0       |
|   add_ln333_858_fu_324709_p2                    |      |        | add_ln333_858  | add | fabric    | 0       |
|   add_ln333_859_fu_324829_p2                    |      |        | add_ln333_859  | add | fabric    | 0       |
|   add_ln333_860_fu_324963_p2                    |      |        | add_ln333_860  | add | fabric    | 0       |
|   add_ln333_861_fu_325083_p2                    |      |        | add_ln333_861  | add | fabric    | 0       |
|   add_ln333_862_fu_325217_p2                    |      |        | add_ln333_862  | add | fabric    | 0       |
|   add_ln333_863_fu_325337_p2                    |      |        | add_ln333_863  | add | fabric    | 0       |
|   add_ln333_864_fu_325471_p2                    |      |        | add_ln333_864  | add | fabric    | 0       |
|   add_ln333_865_fu_325591_p2                    |      |        | add_ln333_865  | add | fabric    | 0       |
|   add_ln333_866_fu_325725_p2                    |      |        | add_ln333_866  | add | fabric    | 0       |
|   add_ln333_867_fu_325845_p2                    |      |        | add_ln333_867  | add | fabric    | 0       |
|   add_ln333_868_fu_325979_p2                    |      |        | add_ln333_868  | add | fabric    | 0       |
|   add_ln333_869_fu_326099_p2                    |      |        | add_ln333_869  | add | fabric    | 0       |
|   add_ln333_870_fu_326233_p2                    |      |        | add_ln333_870  | add | fabric    | 0       |
|   add_ln333_871_fu_326353_p2                    |      |        | add_ln333_871  | add | fabric    | 0       |
|   add_ln333_872_fu_326487_p2                    |      |        | add_ln333_872  | add | fabric    | 0       |
|   add_ln333_873_fu_326607_p2                    |      |        | add_ln333_873  | add | fabric    | 0       |
|   add_ln333_874_fu_326741_p2                    |      |        | add_ln333_874  | add | fabric    | 0       |
|   add_ln333_875_fu_326867_p2                    |      |        | add_ln333_875  | add | fabric    | 0       |
|   add_ln333_876_fu_327023_p2                    |      |        | add_ln333_876  | add | fabric    | 0       |
|   add_ln333_877_fu_327143_p2                    |      |        | add_ln333_877  | add | fabric    | 0       |
|   add_ln333_878_fu_327277_p2                    |      |        | add_ln333_878  | add | fabric    | 0       |
|   add_ln333_879_fu_327397_p2                    |      |        | add_ln333_879  | add | fabric    | 0       |
|   add_ln333_880_fu_327531_p2                    |      |        | add_ln333_880  | add | fabric    | 0       |
|   add_ln333_881_fu_327651_p2                    |      |        | add_ln333_881  | add | fabric    | 0       |
|   add_ln333_882_fu_327785_p2                    |      |        | add_ln333_882  | add | fabric    | 0       |
|   add_ln333_883_fu_327905_p2                    |      |        | add_ln333_883  | add | fabric    | 0       |
|   add_ln333_884_fu_328039_p2                    |      |        | add_ln333_884  | add | fabric    | 0       |
|   add_ln333_885_fu_328159_p2                    |      |        | add_ln333_885  | add | fabric    | 0       |
|   add_ln333_886_fu_328293_p2                    |      |        | add_ln333_886  | add | fabric    | 0       |
|   add_ln333_887_fu_328413_p2                    |      |        | add_ln333_887  | add | fabric    | 0       |
|   add_ln333_888_fu_328547_p2                    |      |        | add_ln333_888  | add | fabric    | 0       |
|   add_ln333_889_fu_328667_p2                    |      |        | add_ln333_889  | add | fabric    | 0       |
|   add_ln333_890_fu_328801_p2                    |      |        | add_ln333_890  | add | fabric    | 0       |
|   add_ln333_891_fu_328921_p2                    |      |        | add_ln333_891  | add | fabric    | 0       |
|   add_ln333_892_fu_329055_p2                    |      |        | add_ln333_892  | add | fabric    | 0       |
|   add_ln333_893_fu_329175_p2                    |      |        | add_ln333_893  | add | fabric    | 0       |
|   add_ln333_894_fu_329309_p2                    |      |        | add_ln333_894  | add | fabric    | 0       |
|   add_ln333_895_fu_329429_p2                    |      |        | add_ln333_895  | add | fabric    | 0       |
|   add_ln333_896_fu_329563_p2                    |      |        | add_ln333_896  | add | fabric    | 0       |
|   add_ln333_897_fu_329683_p2                    |      |        | add_ln333_897  | add | fabric    | 0       |
|   add_ln333_898_fu_329817_p2                    |      |        | add_ln333_898  | add | fabric    | 0       |
|   add_ln333_899_fu_329937_p2                    |      |        | add_ln333_899  | add | fabric    | 0       |
|   add_ln333_900_fu_330071_p2                    |      |        | add_ln333_900  | add | fabric    | 0       |
|   add_ln333_901_fu_330191_p2                    |      |        | add_ln333_901  | add | fabric    | 0       |
|   add_ln333_902_fu_330325_p2                    |      |        | add_ln333_902  | add | fabric    | 0       |
|   add_ln333_903_fu_330445_p2                    |      |        | add_ln333_903  | add | fabric    | 0       |
|   add_ln333_904_fu_330579_p2                    |      |        | add_ln333_904  | add | fabric    | 0       |
|   add_ln333_905_fu_330699_p2                    |      |        | add_ln333_905  | add | fabric    | 0       |
|   add_ln333_906_fu_330833_p2                    |      |        | add_ln333_906  | add | fabric    | 0       |
|   add_ln333_907_fu_330953_p2                    |      |        | add_ln333_907  | add | fabric    | 0       |
|   add_ln333_908_fu_331087_p2                    |      |        | add_ln333_908  | add | fabric    | 0       |
|   add_ln333_909_fu_331207_p2                    |      |        | add_ln333_909  | add | fabric    | 0       |
|   add_ln333_910_fu_331341_p2                    |      |        | add_ln333_910  | add | fabric    | 0       |
|   add_ln333_911_fu_331461_p2                    |      |        | add_ln333_911  | add | fabric    | 0       |
|   add_ln333_912_fu_331595_p2                    |      |        | add_ln333_912  | add | fabric    | 0       |
|   add_ln333_913_fu_331715_p2                    |      |        | add_ln333_913  | add | fabric    | 0       |
|   add_ln333_914_fu_331849_p2                    |      |        | add_ln333_914  | add | fabric    | 0       |
|   add_ln333_915_fu_331969_p2                    |      |        | add_ln333_915  | add | fabric    | 0       |
|   add_ln333_916_fu_332103_p2                    |      |        | add_ln333_916  | add | fabric    | 0       |
|   add_ln333_917_fu_332223_p2                    |      |        | add_ln333_917  | add | fabric    | 0       |
|   add_ln333_918_fu_332357_p2                    |      |        | add_ln333_918  | add | fabric    | 0       |
|   add_ln333_919_fu_332477_p2                    |      |        | add_ln333_919  | add | fabric    | 0       |
|   add_ln333_920_fu_332611_p2                    |      |        | add_ln333_920  | add | fabric    | 0       |
|   add_ln333_921_fu_332737_p2                    |      |        | add_ln333_921  | add | fabric    | 0       |
|   add_ln333_922_fu_332893_p2                    |      |        | add_ln333_922  | add | fabric    | 0       |
|   add_ln333_923_fu_333013_p2                    |      |        | add_ln333_923  | add | fabric    | 0       |
|   add_ln333_924_fu_333147_p2                    |      |        | add_ln333_924  | add | fabric    | 0       |
|   add_ln333_925_fu_333267_p2                    |      |        | add_ln333_925  | add | fabric    | 0       |
|   add_ln333_926_fu_333401_p2                    |      |        | add_ln333_926  | add | fabric    | 0       |
|   add_ln333_927_fu_333521_p2                    |      |        | add_ln333_927  | add | fabric    | 0       |
|   add_ln333_928_fu_333655_p2                    |      |        | add_ln333_928  | add | fabric    | 0       |
|   add_ln333_929_fu_333775_p2                    |      |        | add_ln333_929  | add | fabric    | 0       |
|   add_ln333_930_fu_333909_p2                    |      |        | add_ln333_930  | add | fabric    | 0       |
|   add_ln333_931_fu_334029_p2                    |      |        | add_ln333_931  | add | fabric    | 0       |
|   add_ln333_932_fu_334163_p2                    |      |        | add_ln333_932  | add | fabric    | 0       |
|   add_ln333_933_fu_334283_p2                    |      |        | add_ln333_933  | add | fabric    | 0       |
|   add_ln333_934_fu_334417_p2                    |      |        | add_ln333_934  | add | fabric    | 0       |
|   add_ln333_935_fu_334537_p2                    |      |        | add_ln333_935  | add | fabric    | 0       |
|   add_ln333_936_fu_334671_p2                    |      |        | add_ln333_936  | add | fabric    | 0       |
|   add_ln333_937_fu_334791_p2                    |      |        | add_ln333_937  | add | fabric    | 0       |
|   add_ln333_938_fu_334925_p2                    |      |        | add_ln333_938  | add | fabric    | 0       |
|   add_ln333_939_fu_335045_p2                    |      |        | add_ln333_939  | add | fabric    | 0       |
|   add_ln333_940_fu_335179_p2                    |      |        | add_ln333_940  | add | fabric    | 0       |
|   add_ln333_941_fu_335299_p2                    |      |        | add_ln333_941  | add | fabric    | 0       |
|   add_ln333_942_fu_335433_p2                    |      |        | add_ln333_942  | add | fabric    | 0       |
|   add_ln333_943_fu_335553_p2                    |      |        | add_ln333_943  | add | fabric    | 0       |
|   add_ln333_944_fu_335687_p2                    |      |        | add_ln333_944  | add | fabric    | 0       |
|   add_ln333_945_fu_335807_p2                    |      |        | add_ln333_945  | add | fabric    | 0       |
|   add_ln333_946_fu_335941_p2                    |      |        | add_ln333_946  | add | fabric    | 0       |
|   add_ln333_947_fu_336061_p2                    |      |        | add_ln333_947  | add | fabric    | 0       |
|   add_ln333_948_fu_336195_p2                    |      |        | add_ln333_948  | add | fabric    | 0       |
|   add_ln333_949_fu_336315_p2                    |      |        | add_ln333_949  | add | fabric    | 0       |
|   add_ln333_950_fu_336449_p2                    |      |        | add_ln333_950  | add | fabric    | 0       |
|   add_ln333_951_fu_336569_p2                    |      |        | add_ln333_951  | add | fabric    | 0       |
|   add_ln333_952_fu_336703_p2                    |      |        | add_ln333_952  | add | fabric    | 0       |
|   add_ln333_953_fu_336823_p2                    |      |        | add_ln333_953  | add | fabric    | 0       |
|   add_ln333_954_fu_336957_p2                    |      |        | add_ln333_954  | add | fabric    | 0       |
|   add_ln333_955_fu_337077_p2                    |      |        | add_ln333_955  | add | fabric    | 0       |
|   add_ln333_956_fu_337211_p2                    |      |        | add_ln333_956  | add | fabric    | 0       |
|   add_ln333_957_fu_337331_p2                    |      |        | add_ln333_957  | add | fabric    | 0       |
|   add_ln333_958_fu_337465_p2                    |      |        | add_ln333_958  | add | fabric    | 0       |
|   add_ln333_959_fu_337585_p2                    |      |        | add_ln333_959  | add | fabric    | 0       |
|   add_ln333_960_fu_337719_p2                    |      |        | add_ln333_960  | add | fabric    | 0       |
|   add_ln333_961_fu_337839_p2                    |      |        | add_ln333_961  | add | fabric    | 0       |
|   add_ln333_962_fu_337973_p2                    |      |        | add_ln333_962  | add | fabric    | 0       |
|   add_ln333_963_fu_338093_p2                    |      |        | add_ln333_963  | add | fabric    | 0       |
|   add_ln333_964_fu_338227_p2                    |      |        | add_ln333_964  | add | fabric    | 0       |
|   add_ln333_965_fu_338347_p2                    |      |        | add_ln333_965  | add | fabric    | 0       |
|   add_ln333_966_fu_338481_p2                    |      |        | add_ln333_966  | add | fabric    | 0       |
|   add_ln333_967_fu_338607_p2                    |      |        | add_ln333_967  | add | fabric    | 0       |
|   add_ln379_fu_338707_p2                        |      |        | add_ln379      | add | fabric    | 0       |
|   add_ln379_3_fu_343513_p2                      |      |        | add_ln379_3    | add | fabric    | 0       |
|   add_ln379_4_fu_343519_p2                      |      |        | add_ln379_4    | add | fabric    | 0       |
|   add_ln379_5_fu_351641_p2                      |      |        | add_ln379_5    | add | fabric    | 0       |
|   add_ln379_6_fu_351651_p2                      |      |        | add_ln379_6    | add | fabric    | 0       |
|   add_ln379_7_fu_343525_p2                      |      |        | add_ln379_7    | add | fabric    | 0       |
|   add_ln379_8_fu_343531_p2                      |      |        | add_ln379_8    | add | fabric    | 0       |
|   add_ln379_9_fu_351667_p2                      |      |        | add_ln379_9    | add | fabric    | 0       |
|   add_ln379_10_fu_343537_p2                     |      |        | add_ln379_10   | add | fabric    | 0       |
|   add_ln379_11_fu_343543_p2                     |      |        | add_ln379_11   | add | fabric    | 0       |
|   add_ln379_12_fu_351683_p2                     |      |        | add_ln379_12   | add | fabric    | 0       |
|   add_ln379_13_fu_351693_p2                     |      |        | add_ln379_13   | add | fabric    | 0       |
|   add_ln379_14_fu_351703_p2                     |      |        | add_ln379_14   | add | fabric    | 0       |
|   add_ln379_15_fu_343549_p2                     |      |        | add_ln379_15   | add | fabric    | 0       |
|   add_ln379_16_fu_343559_p2                     |      |        | add_ln379_16   | add | fabric    | 0       |
|   add_ln379_17_fu_343565_p2                     |      |        | add_ln379_17   | add | fabric    | 0       |
|   add_ln379_18_fu_343571_p2                     |      |        | add_ln379_18   | add | fabric    | 0       |
|   add_ln379_19_fu_351722_p2                     |      |        | add_ln379_19   | add | fabric    | 0       |
|   add_ln379_20_fu_351732_p2                     |      |        | add_ln379_20   | add | fabric    | 0       |
|   add_ln379_21_fu_343577_p2                     |      |        | add_ln379_21   | add | fabric    | 0       |
|   add_ln379_22_fu_343583_p2                     |      |        | add_ln379_22   | add | fabric    | 0       |
|   add_ln379_23_fu_351748_p2                     |      |        | add_ln379_23   | add | fabric    | 0       |
|   add_ln379_24_fu_343589_p2                     |      |        | add_ln379_24   | add | fabric    | 0       |
|   add_ln379_25_fu_343595_p2                     |      |        | add_ln379_25   | add | fabric    | 0       |
|   add_ln379_26_fu_351764_p2                     |      |        | add_ln379_26   | add | fabric    | 0       |
|   add_ln379_27_fu_351774_p2                     |      |        | add_ln379_27   | add | fabric    | 0       |
|   add_ln379_28_fu_351784_p2                     |      |        | add_ln379_28   | add | fabric    | 0       |
|   add_ln379_29_fu_351794_p2                     |      |        | add_ln379_29   | add | fabric    | 0       |
|   add_ln379_30_fu_343601_p2                     |      |        | add_ln379_30   | add | fabric    | 0       |
|   add_ln379_31_fu_343611_p2                     |      |        | add_ln379_31   | add | fabric    | 0       |
|   add_ln379_32_fu_343617_p2                     |      |        | add_ln379_32   | add | fabric    | 0       |
|   add_ln379_33_fu_343623_p2                     |      |        | add_ln379_33   | add | fabric    | 0       |
|   add_ln379_34_fu_351813_p2                     |      |        | add_ln379_34   | add | fabric    | 0       |
|   add_ln379_35_fu_351823_p2                     |      |        | add_ln379_35   | add | fabric    | 0       |
|   add_ln379_36_fu_343629_p2                     |      |        | add_ln379_36   | add | fabric    | 0       |
|   add_ln379_37_fu_343635_p2                     |      |        | add_ln379_37   | add | fabric    | 0       |
|   add_ln379_38_fu_351839_p2                     |      |        | add_ln379_38   | add | fabric    | 0       |
|   add_ln379_39_fu_343641_p2                     |      |        | add_ln379_39   | add | fabric    | 0       |
|   add_ln379_40_fu_343647_p2                     |      |        | add_ln379_40   | add | fabric    | 0       |
|   add_ln379_41_fu_351855_p2                     |      |        | add_ln379_41   | add | fabric    | 0       |
|   add_ln379_42_fu_351865_p2                     |      |        | add_ln379_42   | add | fabric    | 0       |
|   add_ln379_43_fu_351875_p2                     |      |        | add_ln379_43   | add | fabric    | 0       |
|   add_ln379_44_fu_343653_p2                     |      |        | add_ln379_44   | add | fabric    | 0       |
|   add_ln379_45_fu_351888_p2                     |      |        | add_ln379_45   | add | fabric    | 0       |
|   add_ln379_46_fu_343659_p2                     |      |        | add_ln379_46   | add | fabric    | 0       |
|   add_ln379_47_fu_343665_p2                     |      |        | add_ln379_47   | add | fabric    | 0       |
|   add_ln379_48_fu_351904_p2                     |      |        | add_ln379_48   | add | fabric    | 0       |
|   add_ln379_49_fu_351914_p2                     |      |        | add_ln379_49   | add | fabric    | 0       |
|   add_ln379_50_fu_343671_p2                     |      |        | add_ln379_50   | add | fabric    | 0       |
|   add_ln379_51_fu_343677_p2                     |      |        | add_ln379_51   | add | fabric    | 0       |
|   add_ln379_52_fu_351930_p2                     |      |        | add_ln379_52   | add | fabric    | 0       |
|   add_ln379_53_fu_343683_p2                     |      |        | add_ln379_53   | add | fabric    | 0       |
|   add_ln379_54_fu_343689_p2                     |      |        | add_ln379_54   | add | fabric    | 0       |
|   add_ln379_55_fu_351946_p2                     |      |        | add_ln379_55   | add | fabric    | 0       |
|   add_ln379_56_fu_351956_p2                     |      |        | add_ln379_56   | add | fabric    | 0       |
|   add_ln379_57_fu_351966_p2                     |      |        | add_ln379_57   | add | fabric    | 0       |
|   add_ln379_58_fu_351976_p2                     |      |        | add_ln379_58   | add | fabric    | 0       |
|   add_ln379_59_fu_351986_p2                     |      |        | add_ln379_59   | add | fabric    | 0       |
|   add_ln379_60_fu_343695_p2                     |      |        | add_ln379_60   | add | fabric    | 0       |
|   add_ln379_61_fu_343705_p2                     |      |        | add_ln379_61   | add | fabric    | 0       |
|   add_ln379_62_fu_343711_p2                     |      |        | add_ln379_62   | add | fabric    | 0       |
|   add_ln379_63_fu_343717_p2                     |      |        | add_ln379_63   | add | fabric    | 0       |
|   add_ln379_64_fu_352005_p2                     |      |        | add_ln379_64   | add | fabric    | 0       |
|   add_ln379_65_fu_352015_p2                     |      |        | add_ln379_65   | add | fabric    | 0       |
|   add_ln379_66_fu_343723_p2                     |      |        | add_ln379_66   | add | fabric    | 0       |
|   add_ln379_67_fu_343729_p2                     |      |        | add_ln379_67   | add | fabric    | 0       |
|   add_ln379_68_fu_352031_p2                     |      |        | add_ln379_68   | add | fabric    | 0       |
|   add_ln379_69_fu_343735_p2                     |      |        | add_ln379_69   | add | fabric    | 0       |
|   add_ln379_70_fu_343741_p2                     |      |        | add_ln379_70   | add | fabric    | 0       |
|   add_ln379_71_fu_352047_p2                     |      |        | add_ln379_71   | add | fabric    | 0       |
|   add_ln379_72_fu_352057_p2                     |      |        | add_ln379_72   | add | fabric    | 0       |
|   add_ln379_73_fu_352067_p2                     |      |        | add_ln379_73   | add | fabric    | 0       |
|   add_ln379_74_fu_343747_p2                     |      |        | add_ln379_74   | add | fabric    | 0       |
|   add_ln379_75_fu_343757_p2                     |      |        | add_ln379_75   | add | fabric    | 0       |
|   add_ln379_76_fu_343763_p2                     |      |        | add_ln379_76   | add | fabric    | 0       |
|   add_ln379_77_fu_343769_p2                     |      |        | add_ln379_77   | add | fabric    | 0       |
|   add_ln379_78_fu_352086_p2                     |      |        | add_ln379_78   | add | fabric    | 0       |
|   add_ln379_79_fu_352096_p2                     |      |        | add_ln379_79   | add | fabric    | 0       |
|   add_ln379_80_fu_343775_p2                     |      |        | add_ln379_80   | add | fabric    | 0       |
|   add_ln379_81_fu_343781_p2                     |      |        | add_ln379_81   | add | fabric    | 0       |
|   add_ln379_82_fu_352112_p2                     |      |        | add_ln379_82   | add | fabric    | 0       |
|   add_ln379_83_fu_343787_p2                     |      |        | add_ln379_83   | add | fabric    | 0       |
|   add_ln379_84_fu_343793_p2                     |      |        | add_ln379_84   | add | fabric    | 0       |
|   add_ln379_85_fu_352128_p2                     |      |        | add_ln379_85   | add | fabric    | 0       |
|   add_ln379_86_fu_352138_p2                     |      |        | add_ln379_86   | add | fabric    | 0       |
|   add_ln379_87_fu_352148_p2                     |      |        | add_ln379_87   | add | fabric    | 0       |
|   add_ln379_88_fu_352158_p2                     |      |        | add_ln379_88   | add | fabric    | 0       |
|   add_ln379_89_fu_343799_p2                     |      |        | add_ln379_89   | add | fabric    | 0       |
|   add_ln379_90_fu_343809_p2                     |      |        | add_ln379_90   | add | fabric    | 0       |
|   add_ln379_91_fu_343815_p2                     |      |        | add_ln379_91   | add | fabric    | 0       |
|   add_ln379_92_fu_343821_p2                     |      |        | add_ln379_92   | add | fabric    | 0       |
|   add_ln379_93_fu_352177_p2                     |      |        | add_ln379_93   | add | fabric    | 0       |
|   add_ln379_94_fu_352187_p2                     |      |        | add_ln379_94   | add | fabric    | 0       |
|   add_ln379_95_fu_343827_p2                     |      |        | add_ln379_95   | add | fabric    | 0       |
|   add_ln379_96_fu_343833_p2                     |      |        | add_ln379_96   | add | fabric    | 0       |
|   add_ln379_97_fu_352203_p2                     |      |        | add_ln379_97   | add | fabric    | 0       |
|   add_ln379_98_fu_343839_p2                     |      |        | add_ln379_98   | add | fabric    | 0       |
|   add_ln379_99_fu_343845_p2                     |      |        | add_ln379_99   | add | fabric    | 0       |
|   add_ln379_100_fu_352219_p2                    |      |        | add_ln379_100  | add | fabric    | 0       |
|   add_ln379_101_fu_352229_p2                    |      |        | add_ln379_101  | add | fabric    | 0       |
|   add_ln379_102_fu_352239_p2                    |      |        | add_ln379_102  | add | fabric    | 0       |
|   add_ln379_103_fu_343851_p2                    |      |        | add_ln379_103  | add | fabric    | 0       |
|   add_ln379_104_fu_343861_p2                    |      |        | add_ln379_104  | add | fabric    | 0       |
|   add_ln379_105_fu_343867_p2                    |      |        | add_ln379_105  | add | fabric    | 0       |
|   add_ln379_106_fu_343873_p2                    |      |        | add_ln379_106  | add | fabric    | 0       |
|   add_ln379_107_fu_352258_p2                    |      |        | add_ln379_107  | add | fabric    | 0       |
|   add_ln379_108_fu_352268_p2                    |      |        | add_ln379_108  | add | fabric    | 0       |
|   add_ln379_109_fu_343879_p2                    |      |        | add_ln379_109  | add | fabric    | 0       |
|   add_ln379_110_fu_343885_p2                    |      |        | add_ln379_110  | add | fabric    | 0       |
|   add_ln379_111_fu_352284_p2                    |      |        | add_ln379_111  | add | fabric    | 0       |
|   add_ln379_112_fu_343891_p2                    |      |        | add_ln379_112  | add | fabric    | 0       |
|   add_ln379_113_fu_343897_p2                    |      |        | add_ln379_113  | add | fabric    | 0       |
|   add_ln379_114_fu_352300_p2                    |      |        | add_ln379_114  | add | fabric    | 0       |
|   add_ln379_115_fu_352310_p2                    |      |        | add_ln379_115  | add | fabric    | 0       |
|   add_ln379_116_fu_352320_p2                    |      |        | add_ln379_116  | add | fabric    | 0       |
|   add_ln379_117_fu_352330_p2                    |      |        | add_ln379_117  | add | fabric    | 0       |
|   add_ln379_118_fu_352340_p2                    |      |        | add_ln379_118  | add | fabric    | 0       |
|   add_ln379_119_fu_352350_p2                    |      |        | add_ln379_119  | add | fabric    | 0       |
|   add_ln379_120_fu_343903_p2                    |      |        | add_ln379_120  | add | fabric    | 0       |
|   add_ln379_121_fu_343913_p2                    |      |        | add_ln379_121  | add | fabric    | 0       |
|   add_ln379_122_fu_343919_p2                    |      |        | add_ln379_122  | add | fabric    | 0       |
|   add_ln379_123_fu_343925_p2                    |      |        | add_ln379_123  | add | fabric    | 0       |
|   add_ln379_124_fu_352365_p2                    |      |        | add_ln379_124  | add | fabric    | 0       |
|   add_ln379_125_fu_352375_p2                    |      |        | add_ln379_125  | add | fabric    | 0       |
|   add_ln379_126_fu_343931_p2                    |      |        | add_ln379_126  | add | fabric    | 0       |
|   add_ln379_127_fu_343937_p2                    |      |        | add_ln379_127  | add | fabric    | 0       |
|   add_ln379_128_fu_352391_p2                    |      |        | add_ln379_128  | add | fabric    | 0       |
|   add_ln379_129_fu_343943_p2                    |      |        | add_ln379_129  | add | fabric    | 0       |
|   add_ln379_130_fu_343949_p2                    |      |        | add_ln379_130  | add | fabric    | 0       |
|   add_ln379_131_fu_352407_p2                    |      |        | add_ln379_131  | add | fabric    | 0       |
|   add_ln379_132_fu_352417_p2                    |      |        | add_ln379_132  | add | fabric    | 0       |
|   add_ln379_133_fu_352427_p2                    |      |        | add_ln379_133  | add | fabric    | 0       |
|   add_ln379_134_fu_343955_p2                    |      |        | add_ln379_134  | add | fabric    | 0       |
|   add_ln379_135_fu_343965_p2                    |      |        | add_ln379_135  | add | fabric    | 0       |
|   add_ln379_136_fu_343971_p2                    |      |        | add_ln379_136  | add | fabric    | 0       |
|   add_ln379_137_fu_343977_p2                    |      |        | add_ln379_137  | add | fabric    | 0       |
|   add_ln379_138_fu_352446_p2                    |      |        | add_ln379_138  | add | fabric    | 0       |
|   add_ln379_139_fu_352456_p2                    |      |        | add_ln379_139  | add | fabric    | 0       |
|   add_ln379_140_fu_343983_p2                    |      |        | add_ln379_140  | add | fabric    | 0       |
|   add_ln379_141_fu_343989_p2                    |      |        | add_ln379_141  | add | fabric    | 0       |
|   add_ln379_142_fu_352472_p2                    |      |        | add_ln379_142  | add | fabric    | 0       |
|   add_ln379_143_fu_343995_p2                    |      |        | add_ln379_143  | add | fabric    | 0       |
|   add_ln379_144_fu_344001_p2                    |      |        | add_ln379_144  | add | fabric    | 0       |
|   add_ln379_145_fu_352488_p2                    |      |        | add_ln379_145  | add | fabric    | 0       |
|   add_ln379_146_fu_352498_p2                    |      |        | add_ln379_146  | add | fabric    | 0       |
|   add_ln379_147_fu_352508_p2                    |      |        | add_ln379_147  | add | fabric    | 0       |
|   add_ln379_148_fu_352518_p2                    |      |        | add_ln379_148  | add | fabric    | 0       |
|   add_ln379_149_fu_344007_p2                    |      |        | add_ln379_149  | add | fabric    | 0       |
|   add_ln379_150_fu_344017_p2                    |      |        | add_ln379_150  | add | fabric    | 0       |
|   add_ln379_151_fu_344023_p2                    |      |        | add_ln379_151  | add | fabric    | 0       |
|   add_ln379_152_fu_344029_p2                    |      |        | add_ln379_152  | add | fabric    | 0       |
|   add_ln379_153_fu_352537_p2                    |      |        | add_ln379_153  | add | fabric    | 0       |
|   add_ln379_154_fu_352547_p2                    |      |        | add_ln379_154  | add | fabric    | 0       |
|   add_ln379_155_fu_344035_p2                    |      |        | add_ln379_155  | add | fabric    | 0       |
|   add_ln379_156_fu_344041_p2                    |      |        | add_ln379_156  | add | fabric    | 0       |
|   add_ln379_157_fu_352563_p2                    |      |        | add_ln379_157  | add | fabric    | 0       |
|   add_ln379_158_fu_344047_p2                    |      |        | add_ln379_158  | add | fabric    | 0       |
|   add_ln379_159_fu_344053_p2                    |      |        | add_ln379_159  | add | fabric    | 0       |
|   add_ln379_160_fu_352579_p2                    |      |        | add_ln379_160  | add | fabric    | 0       |
|   add_ln379_161_fu_352589_p2                    |      |        | add_ln379_161  | add | fabric    | 0       |
|   add_ln379_162_fu_352599_p2                    |      |        | add_ln379_162  | add | fabric    | 0       |
|   add_ln379_163_fu_344059_p2                    |      |        | add_ln379_163  | add | fabric    | 0       |
|   add_ln379_164_fu_344069_p2                    |      |        | add_ln379_164  | add | fabric    | 0       |
|   add_ln379_165_fu_344075_p2                    |      |        | add_ln379_165  | add | fabric    | 0       |
|   add_ln379_166_fu_344081_p2                    |      |        | add_ln379_166  | add | fabric    | 0       |
|   add_ln379_167_fu_352618_p2                    |      |        | add_ln379_167  | add | fabric    | 0       |
|   add_ln379_168_fu_352628_p2                    |      |        | add_ln379_168  | add | fabric    | 0       |
|   add_ln379_169_fu_344087_p2                    |      |        | add_ln379_169  | add | fabric    | 0       |
|   add_ln379_170_fu_344093_p2                    |      |        | add_ln379_170  | add | fabric    | 0       |
|   add_ln379_171_fu_352644_p2                    |      |        | add_ln379_171  | add | fabric    | 0       |
|   add_ln379_172_fu_344099_p2                    |      |        | add_ln379_172  | add | fabric    | 0       |
|   add_ln379_173_fu_344105_p2                    |      |        | add_ln379_173  | add | fabric    | 0       |
|   add_ln379_174_fu_352660_p2                    |      |        | add_ln379_174  | add | fabric    | 0       |
|   add_ln379_175_fu_352670_p2                    |      |        | add_ln379_175  | add | fabric    | 0       |
|   add_ln379_176_fu_352680_p2                    |      |        | add_ln379_176  | add | fabric    | 0       |
|   add_ln379_177_fu_352690_p2                    |      |        | add_ln379_177  | add | fabric    | 0       |
|   add_ln379_178_fu_352700_p2                    |      |        | add_ln379_178  | add | fabric    | 0       |
|   add_ln379_179_fu_344111_p2                    |      |        | add_ln379_179  | add | fabric    | 0       |
|   add_ln379_180_fu_344121_p2                    |      |        | add_ln379_180  | add | fabric    | 0       |
|   add_ln379_181_fu_344127_p2                    |      |        | add_ln379_181  | add | fabric    | 0       |
|   add_ln379_182_fu_344133_p2                    |      |        | add_ln379_182  | add | fabric    | 0       |
|   add_ln379_183_fu_352719_p2                    |      |        | add_ln379_183  | add | fabric    | 0       |
|   add_ln379_184_fu_352729_p2                    |      |        | add_ln379_184  | add | fabric    | 0       |
|   add_ln379_185_fu_344139_p2                    |      |        | add_ln379_185  | add | fabric    | 0       |
|   add_ln379_186_fu_344145_p2                    |      |        | add_ln379_186  | add | fabric    | 0       |
|   add_ln379_187_fu_352745_p2                    |      |        | add_ln379_187  | add | fabric    | 0       |
|   add_ln379_188_fu_344151_p2                    |      |        | add_ln379_188  | add | fabric    | 0       |
|   add_ln379_189_fu_344157_p2                    |      |        | add_ln379_189  | add | fabric    | 0       |
|   add_ln379_190_fu_352761_p2                    |      |        | add_ln379_190  | add | fabric    | 0       |
|   add_ln379_191_fu_352771_p2                    |      |        | add_ln379_191  | add | fabric    | 0       |
|   add_ln379_192_fu_352781_p2                    |      |        | add_ln379_192  | add | fabric    | 0       |
|   add_ln379_193_fu_344163_p2                    |      |        | add_ln379_193  | add | fabric    | 0       |
|   add_ln379_194_fu_344173_p2                    |      |        | add_ln379_194  | add | fabric    | 0       |
|   add_ln379_195_fu_344179_p2                    |      |        | add_ln379_195  | add | fabric    | 0       |
|   add_ln379_196_fu_344185_p2                    |      |        | add_ln379_196  | add | fabric    | 0       |
|   add_ln379_197_fu_352800_p2                    |      |        | add_ln379_197  | add | fabric    | 0       |
|   add_ln379_198_fu_352810_p2                    |      |        | add_ln379_198  | add | fabric    | 0       |
|   add_ln379_199_fu_344191_p2                    |      |        | add_ln379_199  | add | fabric    | 0       |
|   add_ln379_200_fu_344197_p2                    |      |        | add_ln379_200  | add | fabric    | 0       |
|   add_ln379_201_fu_352826_p2                    |      |        | add_ln379_201  | add | fabric    | 0       |
|   add_ln379_202_fu_344203_p2                    |      |        | add_ln379_202  | add | fabric    | 0       |
|   add_ln379_203_fu_344209_p2                    |      |        | add_ln379_203  | add | fabric    | 0       |
|   add_ln379_204_fu_352842_p2                    |      |        | add_ln379_204  | add | fabric    | 0       |
|   add_ln379_205_fu_352852_p2                    |      |        | add_ln379_205  | add | fabric    | 0       |
|   add_ln379_206_fu_352862_p2                    |      |        | add_ln379_206  | add | fabric    | 0       |
|   add_ln379_207_fu_352872_p2                    |      |        | add_ln379_207  | add | fabric    | 0       |
|   add_ln379_208_fu_344215_p2                    |      |        | add_ln379_208  | add | fabric    | 0       |
|   add_ln379_209_fu_344225_p2                    |      |        | add_ln379_209  | add | fabric    | 0       |
|   add_ln379_210_fu_344231_p2                    |      |        | add_ln379_210  | add | fabric    | 0       |
|   add_ln379_211_fu_344237_p2                    |      |        | add_ln379_211  | add | fabric    | 0       |
|   add_ln379_212_fu_352891_p2                    |      |        | add_ln379_212  | add | fabric    | 0       |
|   add_ln379_213_fu_352901_p2                    |      |        | add_ln379_213  | add | fabric    | 0       |
|   add_ln379_214_fu_344243_p2                    |      |        | add_ln379_214  | add | fabric    | 0       |
|   add_ln379_215_fu_344249_p2                    |      |        | add_ln379_215  | add | fabric    | 0       |
|   add_ln379_216_fu_352917_p2                    |      |        | add_ln379_216  | add | fabric    | 0       |
|   add_ln379_217_fu_344255_p2                    |      |        | add_ln379_217  | add | fabric    | 0       |
|   add_ln379_218_fu_344261_p2                    |      |        | add_ln379_218  | add | fabric    | 0       |
|   add_ln379_219_fu_352933_p2                    |      |        | add_ln379_219  | add | fabric    | 0       |
|   add_ln379_220_fu_352943_p2                    |      |        | add_ln379_220  | add | fabric    | 0       |
|   add_ln379_221_fu_352953_p2                    |      |        | add_ln379_221  | add | fabric    | 0       |
|   add_ln379_222_fu_344267_p2                    |      |        | add_ln379_222  | add | fabric    | 0       |
|   add_ln379_223_fu_344273_p2                    |      |        | add_ln379_223  | add | fabric    | 0       |
|   add_ln379_224_fu_352969_p2                    |      |        | add_ln379_224  | add | fabric    | 0       |
|   add_ln379_225_fu_344279_p2                    |      |        | add_ln379_225  | add | fabric    | 0       |
|   add_ln379_226_fu_344285_p2                    |      |        | add_ln379_226  | add | fabric    | 0       |
|   add_ln379_227_fu_352985_p2                    |      |        | add_ln379_227  | add | fabric    | 0       |
|   add_ln379_228_fu_352995_p2                    |      |        | add_ln379_228  | add | fabric    | 0       |
|   add_ln379_229_fu_344291_p2                    |      |        | add_ln379_229  | add | fabric    | 0       |
|   add_ln379_230_fu_344297_p2                    |      |        | add_ln379_230  | add | fabric    | 0       |
|   add_ln379_231_fu_353011_p2                    |      |        | add_ln379_231  | add | fabric    | 0       |
|   add_ln379_232_fu_344303_p2                    |      |        | add_ln379_232  | add | fabric    | 0       |
|   add_ln379_233_fu_344309_p2                    |      |        | add_ln379_233  | add | fabric    | 0       |
|   add_ln379_234_fu_353027_p2                    |      |        | add_ln379_234  | add | fabric    | 0       |
|   add_ln379_235_fu_353037_p2                    |      |        | add_ln379_235  | add | fabric    | 0       |
|   add_ln379_236_fu_353047_p2                    |      |        | add_ln379_236  | add | fabric    | 0       |
|   add_ln379_237_fu_353057_p2                    |      |        | add_ln379_237  | add | fabric    | 0       |
|   add_ln379_238_fu_353067_p2                    |      |        | add_ln379_238  | add | fabric    | 0       |
|   add_ln379_239_fu_353077_p2                    |      |        | add_ln379_239  | add | fabric    | 0       |
|   add_ln379_240_fu_357901_p2                    |      |        | add_ln379_240  | add | fabric    | 0       |
|   add_ln379_241_fu_344315_p2                    |      |        | add_ln379_241  | add | fabric    | 0       |
|   add_ln379_242_fu_344325_p2                    |      |        | add_ln379_242  | add | fabric    | 0       |
|   add_ln379_243_fu_344331_p2                    |      |        | add_ln379_243  | add | fabric    | 0       |
|   add_ln379_244_fu_344337_p2                    |      |        | add_ln379_244  | add | fabric    | 0       |
|   add_ln379_245_fu_353092_p2                    |      |        | add_ln379_245  | add | fabric    | 0       |
|   add_ln379_246_fu_353102_p2                    |      |        | add_ln379_246  | add | fabric    | 0       |
|   add_ln379_247_fu_344343_p2                    |      |        | add_ln379_247  | add | fabric    | 0       |
|   add_ln379_248_fu_344349_p2                    |      |        | add_ln379_248  | add | fabric    | 0       |
|   add_ln379_249_fu_353118_p2                    |      |        | add_ln379_249  | add | fabric    | 0       |
|   add_ln379_250_fu_344355_p2                    |      |        | add_ln379_250  | add | fabric    | 0       |
|   add_ln379_251_fu_344361_p2                    |      |        | add_ln379_251  | add | fabric    | 0       |
|   add_ln379_252_fu_353134_p2                    |      |        | add_ln379_252  | add | fabric    | 0       |
|   add_ln379_253_fu_353144_p2                    |      |        | add_ln379_253  | add | fabric    | 0       |
|   add_ln379_254_fu_353154_p2                    |      |        | add_ln379_254  | add | fabric    | 0       |
|   add_ln379_255_fu_344367_p2                    |      |        | add_ln379_255  | add | fabric    | 0       |
|   add_ln379_256_fu_353167_p2                    |      |        | add_ln379_256  | add | fabric    | 0       |
|   add_ln379_257_fu_344373_p2                    |      |        | add_ln379_257  | add | fabric    | 0       |
|   add_ln379_258_fu_344379_p2                    |      |        | add_ln379_258  | add | fabric    | 0       |
|   add_ln379_259_fu_353183_p2                    |      |        | add_ln379_259  | add | fabric    | 0       |
|   add_ln379_260_fu_353193_p2                    |      |        | add_ln379_260  | add | fabric    | 0       |
|   add_ln379_261_fu_344385_p2                    |      |        | add_ln379_261  | add | fabric    | 0       |
|   add_ln379_262_fu_344391_p2                    |      |        | add_ln379_262  | add | fabric    | 0       |
|   add_ln379_263_fu_353209_p2                    |      |        | add_ln379_263  | add | fabric    | 0       |
|   add_ln379_264_fu_344397_p2                    |      |        | add_ln379_264  | add | fabric    | 0       |
|   add_ln379_265_fu_344403_p2                    |      |        | add_ln379_265  | add | fabric    | 0       |
|   add_ln379_266_fu_353225_p2                    |      |        | add_ln379_266  | add | fabric    | 0       |
|   add_ln379_267_fu_353235_p2                    |      |        | add_ln379_267  | add | fabric    | 0       |
|   add_ln379_268_fu_353245_p2                    |      |        | add_ln379_268  | add | fabric    | 0       |
|   add_ln379_269_fu_353255_p2                    |      |        | add_ln379_269  | add | fabric    | 0       |
|   add_ln379_270_fu_344409_p2                    |      |        | add_ln379_270  | add | fabric    | 0       |
|   add_ln379_271_fu_344419_p2                    |      |        | add_ln379_271  | add | fabric    | 0       |
|   add_ln379_272_fu_344425_p2                    |      |        | add_ln379_272  | add | fabric    | 0       |
|   add_ln379_273_fu_344431_p2                    |      |        | add_ln379_273  | add | fabric    | 0       |
|   add_ln379_274_fu_353274_p2                    |      |        | add_ln379_274  | add | fabric    | 0       |
|   add_ln379_275_fu_353284_p2                    |      |        | add_ln379_275  | add | fabric    | 0       |
|   add_ln379_276_fu_344437_p2                    |      |        | add_ln379_276  | add | fabric    | 0       |
|   add_ln379_277_fu_344443_p2                    |      |        | add_ln379_277  | add | fabric    | 0       |
|   add_ln379_278_fu_353300_p2                    |      |        | add_ln379_278  | add | fabric    | 0       |
|   add_ln379_279_fu_344449_p2                    |      |        | add_ln379_279  | add | fabric    | 0       |
|   add_ln379_280_fu_344455_p2                    |      |        | add_ln379_280  | add | fabric    | 0       |
|   add_ln379_281_fu_353316_p2                    |      |        | add_ln379_281  | add | fabric    | 0       |
|   add_ln379_282_fu_353326_p2                    |      |        | add_ln379_282  | add | fabric    | 0       |
|   add_ln379_283_fu_353336_p2                    |      |        | add_ln379_283  | add | fabric    | 0       |
|   add_ln379_284_fu_344461_p2                    |      |        | add_ln379_284  | add | fabric    | 0       |
|   add_ln379_285_fu_344471_p2                    |      |        | add_ln379_285  | add | fabric    | 0       |
|   add_ln379_286_fu_344477_p2                    |      |        | add_ln379_286  | add | fabric    | 0       |
|   add_ln379_287_fu_344483_p2                    |      |        | add_ln379_287  | add | fabric    | 0       |
|   add_ln379_288_fu_353355_p2                    |      |        | add_ln379_288  | add | fabric    | 0       |
|   add_ln379_289_fu_353365_p2                    |      |        | add_ln379_289  | add | fabric    | 0       |
|   add_ln379_290_fu_344489_p2                    |      |        | add_ln379_290  | add | fabric    | 0       |
|   add_ln379_291_fu_344495_p2                    |      |        | add_ln379_291  | add | fabric    | 0       |
|   add_ln379_292_fu_353381_p2                    |      |        | add_ln379_292  | add | fabric    | 0       |
|   add_ln379_293_fu_344501_p2                    |      |        | add_ln379_293  | add | fabric    | 0       |
|   add_ln379_294_fu_344507_p2                    |      |        | add_ln379_294  | add | fabric    | 0       |
|   add_ln379_295_fu_353397_p2                    |      |        | add_ln379_295  | add | fabric    | 0       |
|   add_ln379_296_fu_353407_p2                    |      |        | add_ln379_296  | add | fabric    | 0       |
|   add_ln379_297_fu_353417_p2                    |      |        | add_ln379_297  | add | fabric    | 0       |
|   add_ln379_298_fu_353427_p2                    |      |        | add_ln379_298  | add | fabric    | 0       |
|   add_ln379_299_fu_353437_p2                    |      |        | add_ln379_299  | add | fabric    | 0       |
|   add_ln379_300_fu_344513_p2                    |      |        | add_ln379_300  | add | fabric    | 0       |
|   add_ln379_301_fu_344523_p2                    |      |        | add_ln379_301  | add | fabric    | 0       |
|   add_ln379_302_fu_344529_p2                    |      |        | add_ln379_302  | add | fabric    | 0       |
|   add_ln379_303_fu_344535_p2                    |      |        | add_ln379_303  | add | fabric    | 0       |
|   add_ln379_304_fu_353456_p2                    |      |        | add_ln379_304  | add | fabric    | 0       |
|   add_ln379_305_fu_353466_p2                    |      |        | add_ln379_305  | add | fabric    | 0       |
|   add_ln379_306_fu_344541_p2                    |      |        | add_ln379_306  | add | fabric    | 0       |
|   add_ln379_307_fu_344547_p2                    |      |        | add_ln379_307  | add | fabric    | 0       |
|   add_ln379_308_fu_353482_p2                    |      |        | add_ln379_308  | add | fabric    | 0       |
|   add_ln379_309_fu_344553_p2                    |      |        | add_ln379_309  | add | fabric    | 0       |
|   add_ln379_310_fu_344559_p2                    |      |        | add_ln379_310  | add | fabric    | 0       |
|   add_ln379_311_fu_353498_p2                    |      |        | add_ln379_311  | add | fabric    | 0       |
|   add_ln379_312_fu_353508_p2                    |      |        | add_ln379_312  | add | fabric    | 0       |
|   add_ln379_313_fu_353518_p2                    |      |        | add_ln379_313  | add | fabric    | 0       |
|   add_ln379_314_fu_344565_p2                    |      |        | add_ln379_314  | add | fabric    | 0       |
|   add_ln379_315_fu_344575_p2                    |      |        | add_ln379_315  | add | fabric    | 0       |
|   add_ln379_316_fu_344581_p2                    |      |        | add_ln379_316  | add | fabric    | 0       |
|   add_ln379_317_fu_344587_p2                    |      |        | add_ln379_317  | add | fabric    | 0       |
|   add_ln379_318_fu_353537_p2                    |      |        | add_ln379_318  | add | fabric    | 0       |
|   add_ln379_319_fu_353547_p2                    |      |        | add_ln379_319  | add | fabric    | 0       |
|   add_ln379_320_fu_344593_p2                    |      |        | add_ln379_320  | add | fabric    | 0       |
|   add_ln379_321_fu_344599_p2                    |      |        | add_ln379_321  | add | fabric    | 0       |
|   add_ln379_322_fu_353563_p2                    |      |        | add_ln379_322  | add | fabric    | 0       |
|   add_ln379_323_fu_344605_p2                    |      |        | add_ln379_323  | add | fabric    | 0       |
|   add_ln379_324_fu_344611_p2                    |      |        | add_ln379_324  | add | fabric    | 0       |
|   add_ln379_325_fu_353579_p2                    |      |        | add_ln379_325  | add | fabric    | 0       |
|   add_ln379_326_fu_353589_p2                    |      |        | add_ln379_326  | add | fabric    | 0       |
|   add_ln379_327_fu_353599_p2                    |      |        | add_ln379_327  | add | fabric    | 0       |
|   add_ln379_328_fu_353609_p2                    |      |        | add_ln379_328  | add | fabric    | 0       |
|   add_ln379_329_fu_344617_p2                    |      |        | add_ln379_329  | add | fabric    | 0       |
|   add_ln379_330_fu_353622_p2                    |      |        | add_ln379_330  | add | fabric    | 0       |
|   add_ln379_331_fu_344623_p2                    |      |        | add_ln379_331  | add | fabric    | 0       |
|   add_ln379_332_fu_344629_p2                    |      |        | add_ln379_332  | add | fabric    | 0       |
|   add_ln379_333_fu_353638_p2                    |      |        | add_ln379_333  | add | fabric    | 0       |
|   add_ln379_334_fu_353648_p2                    |      |        | add_ln379_334  | add | fabric    | 0       |
|   add_ln379_335_fu_344635_p2                    |      |        | add_ln379_335  | add | fabric    | 0       |
|   add_ln379_336_fu_344641_p2                    |      |        | add_ln379_336  | add | fabric    | 0       |
|   add_ln379_337_fu_353664_p2                    |      |        | add_ln379_337  | add | fabric    | 0       |
|   add_ln379_338_fu_344647_p2                    |      |        | add_ln379_338  | add | fabric    | 0       |
|   add_ln379_339_fu_344653_p2                    |      |        | add_ln379_339  | add | fabric    | 0       |
|   add_ln379_340_fu_353680_p2                    |      |        | add_ln379_340  | add | fabric    | 0       |
|   add_ln379_341_fu_353690_p2                    |      |        | add_ln379_341  | add | fabric    | 0       |
|   add_ln379_342_fu_353700_p2                    |      |        | add_ln379_342  | add | fabric    | 0       |
|   add_ln379_343_fu_344659_p2                    |      |        | add_ln379_343  | add | fabric    | 0       |
|   add_ln379_344_fu_344665_p2                    |      |        | add_ln379_344  | add | fabric    | 0       |
|   add_ln379_345_fu_353716_p2                    |      |        | add_ln379_345  | add | fabric    | 0       |
|   add_ln379_346_fu_344671_p2                    |      |        | add_ln379_346  | add | fabric    | 0       |
|   add_ln379_347_fu_344677_p2                    |      |        | add_ln379_347  | add | fabric    | 0       |
|   add_ln379_348_fu_353732_p2                    |      |        | add_ln379_348  | add | fabric    | 0       |
|   add_ln379_349_fu_353742_p2                    |      |        | add_ln379_349  | add | fabric    | 0       |
|   add_ln379_350_fu_344683_p2                    |      |        | add_ln379_350  | add | fabric    | 0       |
|   add_ln379_351_fu_344689_p2                    |      |        | add_ln379_351  | add | fabric    | 0       |
|   add_ln379_352_fu_353758_p2                    |      |        | add_ln379_352  | add | fabric    | 0       |
|   add_ln379_353_fu_344695_p2                    |      |        | add_ln379_353  | add | fabric    | 0       |
|   add_ln379_354_fu_344701_p2                    |      |        | add_ln379_354  | add | fabric    | 0       |
|   add_ln379_355_fu_353774_p2                    |      |        | add_ln379_355  | add | fabric    | 0       |
|   add_ln379_356_fu_353784_p2                    |      |        | add_ln379_356  | add | fabric    | 0       |
|   add_ln379_357_fu_353794_p2                    |      |        | add_ln379_357  | add | fabric    | 0       |
|   add_ln379_358_fu_353804_p2                    |      |        | add_ln379_358  | add | fabric    | 0       |
|   add_ln379_359_fu_353814_p2                    |      |        | add_ln379_359  | add | fabric    | 0       |
|   add_ln379_360_fu_353824_p2                    |      |        | add_ln379_360  | add | fabric    | 0       |
|   add_ln379_361_fu_344707_p2                    |      |        | add_ln379_361  | add | fabric    | 0       |
|   add_ln379_362_fu_344717_p2                    |      |        | add_ln379_362  | add | fabric    | 0       |
|   add_ln379_363_fu_344723_p2                    |      |        | add_ln379_363  | add | fabric    | 0       |
|   add_ln379_364_fu_344729_p2                    |      |        | add_ln379_364  | add | fabric    | 0       |
|   add_ln379_365_fu_353839_p2                    |      |        | add_ln379_365  | add | fabric    | 0       |
|   add_ln379_366_fu_353849_p2                    |      |        | add_ln379_366  | add | fabric    | 0       |
|   add_ln379_367_fu_344735_p2                    |      |        | add_ln379_367  | add | fabric    | 0       |
|   add_ln379_368_fu_344741_p2                    |      |        | add_ln379_368  | add | fabric    | 0       |
|   add_ln379_369_fu_353865_p2                    |      |        | add_ln379_369  | add | fabric    | 0       |
|   add_ln379_370_fu_344747_p2                    |      |        | add_ln379_370  | add | fabric    | 0       |
|   add_ln379_371_fu_344753_p2                    |      |        | add_ln379_371  | add | fabric    | 0       |
|   add_ln379_372_fu_353881_p2                    |      |        | add_ln379_372  | add | fabric    | 0       |
|   add_ln379_373_fu_353891_p2                    |      |        | add_ln379_373  | add | fabric    | 0       |
|   add_ln379_374_fu_353901_p2                    |      |        | add_ln379_374  | add | fabric    | 0       |
|   add_ln379_375_fu_344759_p2                    |      |        | add_ln379_375  | add | fabric    | 0       |
|   add_ln379_376_fu_344769_p2                    |      |        | add_ln379_376  | add | fabric    | 0       |
|   add_ln379_377_fu_344775_p2                    |      |        | add_ln379_377  | add | fabric    | 0       |
|   add_ln379_378_fu_344781_p2                    |      |        | add_ln379_378  | add | fabric    | 0       |
|   add_ln379_379_fu_353920_p2                    |      |        | add_ln379_379  | add | fabric    | 0       |
|   add_ln379_380_fu_353930_p2                    |      |        | add_ln379_380  | add | fabric    | 0       |
|   add_ln379_381_fu_344787_p2                    |      |        | add_ln379_381  | add | fabric    | 0       |
|   add_ln379_382_fu_344793_p2                    |      |        | add_ln379_382  | add | fabric    | 0       |
|   add_ln379_383_fu_353946_p2                    |      |        | add_ln379_383  | add | fabric    | 0       |
|   add_ln379_384_fu_344799_p2                    |      |        | add_ln379_384  | add | fabric    | 0       |
|   add_ln379_385_fu_344805_p2                    |      |        | add_ln379_385  | add | fabric    | 0       |
|   add_ln379_386_fu_353962_p2                    |      |        | add_ln379_386  | add | fabric    | 0       |
|   add_ln379_387_fu_353972_p2                    |      |        | add_ln379_387  | add | fabric    | 0       |
|   add_ln379_388_fu_353982_p2                    |      |        | add_ln379_388  | add | fabric    | 0       |
|   add_ln379_389_fu_353992_p2                    |      |        | add_ln379_389  | add | fabric    | 0       |
|   add_ln379_390_fu_344811_p2                    |      |        | add_ln379_390  | add | fabric    | 0       |
|   add_ln379_391_fu_344821_p2                    |      |        | add_ln379_391  | add | fabric    | 0       |
|   add_ln379_392_fu_344827_p2                    |      |        | add_ln379_392  | add | fabric    | 0       |
|   add_ln379_393_fu_344833_p2                    |      |        | add_ln379_393  | add | fabric    | 0       |
|   add_ln379_394_fu_354011_p2                    |      |        | add_ln379_394  | add | fabric    | 0       |
|   add_ln379_395_fu_354021_p2                    |      |        | add_ln379_395  | add | fabric    | 0       |
|   add_ln379_396_fu_344839_p2                    |      |        | add_ln379_396  | add | fabric    | 0       |
|   add_ln379_397_fu_344845_p2                    |      |        | add_ln379_397  | add | fabric    | 0       |
|   add_ln379_398_fu_354037_p2                    |      |        | add_ln379_398  | add | fabric    | 0       |
|   add_ln379_399_fu_344851_p2                    |      |        | add_ln379_399  | add | fabric    | 0       |
|   add_ln379_400_fu_344857_p2                    |      |        | add_ln379_400  | add | fabric    | 0       |
|   add_ln379_401_fu_354053_p2                    |      |        | add_ln379_401  | add | fabric    | 0       |
|   add_ln379_402_fu_354063_p2                    |      |        | add_ln379_402  | add | fabric    | 0       |
|   add_ln379_403_fu_354073_p2                    |      |        | add_ln379_403  | add | fabric    | 0       |
|   add_ln379_404_fu_344863_p2                    |      |        | add_ln379_404  | add | fabric    | 0       |
|   add_ln379_405_fu_344873_p2                    |      |        | add_ln379_405  | add | fabric    | 0       |
|   add_ln379_406_fu_344879_p2                    |      |        | add_ln379_406  | add | fabric    | 0       |
|   add_ln379_407_fu_344885_p2                    |      |        | add_ln379_407  | add | fabric    | 0       |
|   add_ln379_408_fu_354092_p2                    |      |        | add_ln379_408  | add | fabric    | 0       |
|   add_ln379_409_fu_354102_p2                    |      |        | add_ln379_409  | add | fabric    | 0       |
|   add_ln379_410_fu_344891_p2                    |      |        | add_ln379_410  | add | fabric    | 0       |
|   add_ln379_411_fu_344897_p2                    |      |        | add_ln379_411  | add | fabric    | 0       |
|   add_ln379_412_fu_354118_p2                    |      |        | add_ln379_412  | add | fabric    | 0       |
|   add_ln379_413_fu_344903_p2                    |      |        | add_ln379_413  | add | fabric    | 0       |
|   add_ln379_414_fu_344909_p2                    |      |        | add_ln379_414  | add | fabric    | 0       |
|   add_ln379_415_fu_354134_p2                    |      |        | add_ln379_415  | add | fabric    | 0       |
|   add_ln379_416_fu_354144_p2                    |      |        | add_ln379_416  | add | fabric    | 0       |
|   add_ln379_417_fu_354154_p2                    |      |        | add_ln379_417  | add | fabric    | 0       |
|   add_ln379_418_fu_354164_p2                    |      |        | add_ln379_418  | add | fabric    | 0       |
|   add_ln379_419_fu_354174_p2                    |      |        | add_ln379_419  | add | fabric    | 0       |
|   add_ln379_420_fu_344915_p2                    |      |        | add_ln379_420  | add | fabric    | 0       |
|   add_ln379_421_fu_344925_p2                    |      |        | add_ln379_421  | add | fabric    | 0       |
|   add_ln379_422_fu_344931_p2                    |      |        | add_ln379_422  | add | fabric    | 0       |
|   add_ln379_423_fu_344937_p2                    |      |        | add_ln379_423  | add | fabric    | 0       |
|   add_ln379_424_fu_354193_p2                    |      |        | add_ln379_424  | add | fabric    | 0       |
|   add_ln379_425_fu_354203_p2                    |      |        | add_ln379_425  | add | fabric    | 0       |
|   add_ln379_426_fu_344943_p2                    |      |        | add_ln379_426  | add | fabric    | 0       |
|   add_ln379_427_fu_344949_p2                    |      |        | add_ln379_427  | add | fabric    | 0       |
|   add_ln379_428_fu_354219_p2                    |      |        | add_ln379_428  | add | fabric    | 0       |
|   add_ln379_429_fu_344955_p2                    |      |        | add_ln379_429  | add | fabric    | 0       |
|   add_ln379_430_fu_344961_p2                    |      |        | add_ln379_430  | add | fabric    | 0       |
|   add_ln379_431_fu_354235_p2                    |      |        | add_ln379_431  | add | fabric    | 0       |
|   add_ln379_432_fu_354245_p2                    |      |        | add_ln379_432  | add | fabric    | 0       |
|   add_ln379_433_fu_354255_p2                    |      |        | add_ln379_433  | add | fabric    | 0       |
|   add_ln379_434_fu_344967_p2                    |      |        | add_ln379_434  | add | fabric    | 0       |
|   add_ln379_435_fu_344977_p2                    |      |        | add_ln379_435  | add | fabric    | 0       |
|   add_ln379_436_fu_344983_p2                    |      |        | add_ln379_436  | add | fabric    | 0       |
|   add_ln379_437_fu_344989_p2                    |      |        | add_ln379_437  | add | fabric    | 0       |
|   add_ln379_438_fu_354274_p2                    |      |        | add_ln379_438  | add | fabric    | 0       |
|   add_ln379_439_fu_354284_p2                    |      |        | add_ln379_439  | add | fabric    | 0       |
|   add_ln379_440_fu_344995_p2                    |      |        | add_ln379_440  | add | fabric    | 0       |
|   add_ln379_441_fu_345001_p2                    |      |        | add_ln379_441  | add | fabric    | 0       |
|   add_ln379_442_fu_354300_p2                    |      |        | add_ln379_442  | add | fabric    | 0       |
|   add_ln379_443_fu_345007_p2                    |      |        | add_ln379_443  | add | fabric    | 0       |
|   add_ln379_444_fu_345013_p2                    |      |        | add_ln379_444  | add | fabric    | 0       |
|   add_ln379_445_fu_354316_p2                    |      |        | add_ln379_445  | add | fabric    | 0       |
|   add_ln379_446_fu_354326_p2                    |      |        | add_ln379_446  | add | fabric    | 0       |
|   add_ln379_447_fu_354336_p2                    |      |        | add_ln379_447  | add | fabric    | 0       |
|   add_ln379_448_fu_354346_p2                    |      |        | add_ln379_448  | add | fabric    | 0       |
|   add_ln379_449_fu_345019_p2                    |      |        | add_ln379_449  | add | fabric    | 0       |
|   add_ln379_450_fu_345029_p2                    |      |        | add_ln379_450  | add | fabric    | 0       |
|   add_ln379_451_fu_345035_p2                    |      |        | add_ln379_451  | add | fabric    | 0       |
|   add_ln379_452_fu_345041_p2                    |      |        | add_ln379_452  | add | fabric    | 0       |
|   add_ln379_453_fu_354365_p2                    |      |        | add_ln379_453  | add | fabric    | 0       |
|   add_ln379_454_fu_354375_p2                    |      |        | add_ln379_454  | add | fabric    | 0       |
|   add_ln379_455_fu_345047_p2                    |      |        | add_ln379_455  | add | fabric    | 0       |
|   add_ln379_456_fu_345053_p2                    |      |        | add_ln379_456  | add | fabric    | 0       |
|   add_ln379_457_fu_354391_p2                    |      |        | add_ln379_457  | add | fabric    | 0       |
|   add_ln379_458_fu_345059_p2                    |      |        | add_ln379_458  | add | fabric    | 0       |
|   add_ln379_459_fu_345065_p2                    |      |        | add_ln379_459  | add | fabric    | 0       |
|   add_ln379_460_fu_354407_p2                    |      |        | add_ln379_460  | add | fabric    | 0       |
|   add_ln379_461_fu_354417_p2                    |      |        | add_ln379_461  | add | fabric    | 0       |
|   add_ln379_462_fu_354427_p2                    |      |        | add_ln379_462  | add | fabric    | 0       |
|   add_ln379_463_fu_345071_p2                    |      |        | add_ln379_463  | add | fabric    | 0       |
|   add_ln379_464_fu_345077_p2                    |      |        | add_ln379_464  | add | fabric    | 0       |
|   add_ln379_465_fu_354443_p2                    |      |        | add_ln379_465  | add | fabric    | 0       |
|   add_ln379_466_fu_345083_p2                    |      |        | add_ln379_466  | add | fabric    | 0       |
|   add_ln379_467_fu_345089_p2                    |      |        | add_ln379_467  | add | fabric    | 0       |
|   add_ln379_468_fu_354459_p2                    |      |        | add_ln379_468  | add | fabric    | 0       |
|   add_ln379_469_fu_354469_p2                    |      |        | add_ln379_469  | add | fabric    | 0       |
|   add_ln379_470_fu_345095_p2                    |      |        | add_ln379_470  | add | fabric    | 0       |
|   add_ln379_471_fu_345101_p2                    |      |        | add_ln379_471  | add | fabric    | 0       |
|   add_ln379_472_fu_354485_p2                    |      |        | add_ln379_472  | add | fabric    | 0       |
|   add_ln379_473_fu_345107_p2                    |      |        | add_ln379_473  | add | fabric    | 0       |
|   add_ln379_474_fu_345113_p2                    |      |        | add_ln379_474  | add | fabric    | 0       |
|   add_ln379_475_fu_354501_p2                    |      |        | add_ln379_475  | add | fabric    | 0       |
|   add_ln379_476_fu_354511_p2                    |      |        | add_ln379_476  | add | fabric    | 0       |
|   add_ln379_477_fu_354521_p2                    |      |        | add_ln379_477  | add | fabric    | 0       |
|   add_ln379_478_fu_354531_p2                    |      |        | add_ln379_478  | add | fabric    | 0       |
|   add_ln379_479_fu_354541_p2                    |      |        | add_ln379_479  | add | fabric    | 0       |
|   add_ln379_480_fu_354551_p2                    |      |        | add_ln379_480  | add | fabric    | 0       |
|   add_ln379_481_fu_357917_p2                    |      |        | add_ln379_481  | add | fabric    | 0       |
|   ama_addmuladd_13ns_13ns_17ns_30s_32_1_1_U1321 | 1    |        | A_sum          | add | dsp_slice | 0       |
|   add_ln379_483_fu_345139_p2                    |      |        | add_ln379_483  | add | fabric    | 0       |
|   add_ln379_486_fu_349929_p2                    |      |        | add_ln379_486  | add | fabric    | 0       |
|   add_ln379_487_fu_349935_p2                    |      |        | add_ln379_487  | add | fabric    | 0       |
|   add_ln379_488_fu_354605_p2                    |      |        | add_ln379_488  | add | fabric    | 0       |
|   add_ln379_489_fu_354615_p2                    |      |        | add_ln379_489  | add | fabric    | 0       |
|   add_ln379_490_fu_349941_p2                    |      |        | add_ln379_490  | add | fabric    | 0       |
|   add_ln379_491_fu_349947_p2                    |      |        | add_ln379_491  | add | fabric    | 0       |
|   add_ln379_492_fu_354631_p2                    |      |        | add_ln379_492  | add | fabric    | 0       |
|   add_ln379_493_fu_349953_p2                    |      |        | add_ln379_493  | add | fabric    | 0       |
|   add_ln379_494_fu_349959_p2                    |      |        | add_ln379_494  | add | fabric    | 0       |
|   add_ln379_495_fu_354647_p2                    |      |        | add_ln379_495  | add | fabric    | 0       |
|   add_ln379_496_fu_354657_p2                    |      |        | add_ln379_496  | add | fabric    | 0       |
|   add_ln379_497_fu_354667_p2                    |      |        | add_ln379_497  | add | fabric    | 0       |
|   add_ln379_498_fu_349965_p2                    |      |        | add_ln379_498  | add | fabric    | 0       |
|   add_ln379_499_fu_349975_p2                    |      |        | add_ln379_499  | add | fabric    | 0       |
|   add_ln379_500_fu_349981_p2                    |      |        | add_ln379_500  | add | fabric    | 0       |
|   add_ln379_501_fu_349987_p2                    |      |        | add_ln379_501  | add | fabric    | 0       |
|   add_ln379_502_fu_354686_p2                    |      |        | add_ln379_502  | add | fabric    | 0       |
|   add_ln379_503_fu_354696_p2                    |      |        | add_ln379_503  | add | fabric    | 0       |
|   add_ln379_504_fu_349993_p2                    |      |        | add_ln379_504  | add | fabric    | 0       |
|   add_ln379_505_fu_349999_p2                    |      |        | add_ln379_505  | add | fabric    | 0       |
|   add_ln379_506_fu_354712_p2                    |      |        | add_ln379_506  | add | fabric    | 0       |
|   add_ln379_507_fu_350005_p2                    |      |        | add_ln379_507  | add | fabric    | 0       |
|   add_ln379_508_fu_350011_p2                    |      |        | add_ln379_508  | add | fabric    | 0       |
|   add_ln379_509_fu_354728_p2                    |      |        | add_ln379_509  | add | fabric    | 0       |
|   add_ln379_510_fu_354738_p2                    |      |        | add_ln379_510  | add | fabric    | 0       |
|   add_ln379_511_fu_354748_p2                    |      |        | add_ln379_511  | add | fabric    | 0       |
|   add_ln379_512_fu_354758_p2                    |      |        | add_ln379_512  | add | fabric    | 0       |
|   add_ln379_513_fu_350017_p2                    |      |        | add_ln379_513  | add | fabric    | 0       |
|   add_ln379_514_fu_350027_p2                    |      |        | add_ln379_514  | add | fabric    | 0       |
|   add_ln379_515_fu_350033_p2                    |      |        | add_ln379_515  | add | fabric    | 0       |
|   add_ln379_516_fu_350039_p2                    |      |        | add_ln379_516  | add | fabric    | 0       |
|   add_ln379_517_fu_354777_p2                    |      |        | add_ln379_517  | add | fabric    | 0       |
|   add_ln379_518_fu_354787_p2                    |      |        | add_ln379_518  | add | fabric    | 0       |
|   add_ln379_519_fu_350045_p2                    |      |        | add_ln379_519  | add | fabric    | 0       |
|   add_ln379_520_fu_350051_p2                    |      |        | add_ln379_520  | add | fabric    | 0       |
|   add_ln379_521_fu_354803_p2                    |      |        | add_ln379_521  | add | fabric    | 0       |
|   add_ln379_522_fu_350057_p2                    |      |        | add_ln379_522  | add | fabric    | 0       |
|   add_ln379_523_fu_350063_p2                    |      |        | add_ln379_523  | add | fabric    | 0       |
|   add_ln379_524_fu_354819_p2                    |      |        | add_ln379_524  | add | fabric    | 0       |
|   add_ln379_525_fu_354829_p2                    |      |        | add_ln379_525  | add | fabric    | 0       |
|   add_ln379_526_fu_354839_p2                    |      |        | add_ln379_526  | add | fabric    | 0       |
|   add_ln379_527_fu_350069_p2                    |      |        | add_ln379_527  | add | fabric    | 0       |
|   add_ln379_528_fu_354852_p2                    |      |        | add_ln379_528  | add | fabric    | 0       |
|   add_ln379_529_fu_350075_p2                    |      |        | add_ln379_529  | add | fabric    | 0       |
|   add_ln379_530_fu_350081_p2                    |      |        | add_ln379_530  | add | fabric    | 0       |
|   add_ln379_531_fu_354867_p2                    |      |        | add_ln379_531  | add | fabric    | 0       |
|   add_ln379_532_fu_354877_p2                    |      |        | add_ln379_532  | add | fabric    | 0       |
|   add_ln379_533_fu_350087_p2                    |      |        | add_ln379_533  | add | fabric    | 0       |
|   add_ln379_534_fu_350093_p2                    |      |        | add_ln379_534  | add | fabric    | 0       |
|   add_ln379_535_fu_354893_p2                    |      |        | add_ln379_535  | add | fabric    | 0       |
|   add_ln379_536_fu_350099_p2                    |      |        | add_ln379_536  | add | fabric    | 0       |
|   add_ln379_537_fu_350105_p2                    |      |        | add_ln379_537  | add | fabric    | 0       |
|   add_ln379_538_fu_354909_p2                    |      |        | add_ln379_538  | add | fabric    | 0       |
|   add_ln379_539_fu_354919_p2                    |      |        | add_ln379_539  | add | fabric    | 0       |
|   add_ln379_540_fu_354929_p2                    |      |        | add_ln379_540  | add | fabric    | 0       |
|   add_ln379_541_fu_354939_p2                    |      |        | add_ln379_541  | add | fabric    | 0       |
|   add_ln379_542_fu_354949_p2                    |      |        | add_ln379_542  | add | fabric    | 0       |
|   add_ln379_543_fu_350111_p2                    |      |        | add_ln379_543  | add | fabric    | 0       |
|   add_ln379_544_fu_350121_p2                    |      |        | add_ln379_544  | add | fabric    | 0       |
|   add_ln379_545_fu_350127_p2                    |      |        | add_ln379_545  | add | fabric    | 0       |
|   add_ln379_546_fu_350133_p2                    |      |        | add_ln379_546  | add | fabric    | 0       |
|   add_ln379_547_fu_354968_p2                    |      |        | add_ln379_547  | add | fabric    | 0       |
|   add_ln379_548_fu_354978_p2                    |      |        | add_ln379_548  | add | fabric    | 0       |
|   add_ln379_549_fu_350139_p2                    |      |        | add_ln379_549  | add | fabric    | 0       |
|   add_ln379_550_fu_350145_p2                    |      |        | add_ln379_550  | add | fabric    | 0       |
|   add_ln379_551_fu_354994_p2                    |      |        | add_ln379_551  | add | fabric    | 0       |
|   add_ln379_552_fu_350151_p2                    |      |        | add_ln379_552  | add | fabric    | 0       |
|   add_ln379_553_fu_350157_p2                    |      |        | add_ln379_553  | add | fabric    | 0       |
|   add_ln379_554_fu_355010_p2                    |      |        | add_ln379_554  | add | fabric    | 0       |
|   add_ln379_555_fu_355020_p2                    |      |        | add_ln379_555  | add | fabric    | 0       |
|   add_ln379_556_fu_355030_p2                    |      |        | add_ln379_556  | add | fabric    | 0       |
|   add_ln379_557_fu_350163_p2                    |      |        | add_ln379_557  | add | fabric    | 0       |
|   add_ln379_558_fu_350173_p2                    |      |        | add_ln379_558  | add | fabric    | 0       |
|   add_ln379_559_fu_350179_p2                    |      |        | add_ln379_559  | add | fabric    | 0       |
|   add_ln379_560_fu_350185_p2                    |      |        | add_ln379_560  | add | fabric    | 0       |
|   add_ln379_561_fu_355049_p2                    |      |        | add_ln379_561  | add | fabric    | 0       |
|   add_ln379_562_fu_355059_p2                    |      |        | add_ln379_562  | add | fabric    | 0       |
|   add_ln379_563_fu_350191_p2                    |      |        | add_ln379_563  | add | fabric    | 0       |
|   add_ln379_564_fu_350197_p2                    |      |        | add_ln379_564  | add | fabric    | 0       |
|   add_ln379_565_fu_355075_p2                    |      |        | add_ln379_565  | add | fabric    | 0       |
|   add_ln379_566_fu_350203_p2                    |      |        | add_ln379_566  | add | fabric    | 0       |
|   add_ln379_567_fu_350209_p2                    |      |        | add_ln379_567  | add | fabric    | 0       |
|   add_ln379_568_fu_355091_p2                    |      |        | add_ln379_568  | add | fabric    | 0       |
|   add_ln379_569_fu_355101_p2                    |      |        | add_ln379_569  | add | fabric    | 0       |
|   add_ln379_570_fu_355111_p2                    |      |        | add_ln379_570  | add | fabric    | 0       |
|   add_ln379_571_fu_355121_p2                    |      |        | add_ln379_571  | add | fabric    | 0       |
|   add_ln379_572_fu_350215_p2                    |      |        | add_ln379_572  | add | fabric    | 0       |
|   add_ln379_573_fu_350225_p2                    |      |        | add_ln379_573  | add | fabric    | 0       |
|   add_ln379_574_fu_350231_p2                    |      |        | add_ln379_574  | add | fabric    | 0       |
|   add_ln379_575_fu_350237_p2                    |      |        | add_ln379_575  | add | fabric    | 0       |
|   add_ln379_576_fu_355140_p2                    |      |        | add_ln379_576  | add | fabric    | 0       |
|   add_ln379_577_fu_355150_p2                    |      |        | add_ln379_577  | add | fabric    | 0       |
|   add_ln379_578_fu_350243_p2                    |      |        | add_ln379_578  | add | fabric    | 0       |
|   add_ln379_579_fu_350249_p2                    |      |        | add_ln379_579  | add | fabric    | 0       |
|   add_ln379_580_fu_355166_p2                    |      |        | add_ln379_580  | add | fabric    | 0       |
|   add_ln379_581_fu_350255_p2                    |      |        | add_ln379_581  | add | fabric    | 0       |
|   add_ln379_582_fu_350261_p2                    |      |        | add_ln379_582  | add | fabric    | 0       |
|   add_ln379_583_fu_355182_p2                    |      |        | add_ln379_583  | add | fabric    | 0       |
|   add_ln379_584_fu_355192_p2                    |      |        | add_ln379_584  | add | fabric    | 0       |
|   add_ln379_585_fu_355202_p2                    |      |        | add_ln379_585  | add | fabric    | 0       |
|   add_ln379_586_fu_350267_p2                    |      |        | add_ln379_586  | add | fabric    | 0       |
|   add_ln379_587_fu_350277_p2                    |      |        | add_ln379_587  | add | fabric    | 0       |
|   add_ln379_588_fu_350283_p2                    |      |        | add_ln379_588  | add | fabric    | 0       |
|   add_ln379_589_fu_350289_p2                    |      |        | add_ln379_589  | add | fabric    | 0       |
|   add_ln379_590_fu_355221_p2                    |      |        | add_ln379_590  | add | fabric    | 0       |
|   add_ln379_591_fu_355231_p2                    |      |        | add_ln379_591  | add | fabric    | 0       |
|   add_ln379_592_fu_350295_p2                    |      |        | add_ln379_592  | add | fabric    | 0       |
|   add_ln379_593_fu_350301_p2                    |      |        | add_ln379_593  | add | fabric    | 0       |
|   add_ln379_594_fu_355247_p2                    |      |        | add_ln379_594  | add | fabric    | 0       |
|   add_ln379_595_fu_350307_p2                    |      |        | add_ln379_595  | add | fabric    | 0       |
|   add_ln379_596_fu_350313_p2                    |      |        | add_ln379_596  | add | fabric    | 0       |
|   add_ln379_597_fu_355263_p2                    |      |        | add_ln379_597  | add | fabric    | 0       |
|   add_ln379_598_fu_355273_p2                    |      |        | add_ln379_598  | add | fabric    | 0       |
|   add_ln379_599_fu_355283_p2                    |      |        | add_ln379_599  | add | fabric    | 0       |
|   add_ln379_600_fu_355293_p2                    |      |        | add_ln379_600  | add | fabric    | 0       |
|   add_ln379_601_fu_355303_p2                    |      |        | add_ln379_601  | add | fabric    | 0       |
|   add_ln379_602_fu_355313_p2                    |      |        | add_ln379_602  | add | fabric    | 0       |
|   add_ln379_603_fu_350319_p2                    |      |        | add_ln379_603  | add | fabric    | 0       |
|   add_ln379_604_fu_350329_p2                    |      |        | add_ln379_604  | add | fabric    | 0       |
|   add_ln379_605_fu_350335_p2                    |      |        | add_ln379_605  | add | fabric    | 0       |
|   add_ln379_606_fu_350341_p2                    |      |        | add_ln379_606  | add | fabric    | 0       |
|   add_ln379_607_fu_355328_p2                    |      |        | add_ln379_607  | add | fabric    | 0       |
|   add_ln379_608_fu_355338_p2                    |      |        | add_ln379_608  | add | fabric    | 0       |
|   add_ln379_609_fu_350347_p2                    |      |        | add_ln379_609  | add | fabric    | 0       |
|   add_ln379_610_fu_350353_p2                    |      |        | add_ln379_610  | add | fabric    | 0       |
|   add_ln379_611_fu_355354_p2                    |      |        | add_ln379_611  | add | fabric    | 0       |
|   add_ln379_612_fu_350359_p2                    |      |        | add_ln379_612  | add | fabric    | 0       |
|   add_ln379_613_fu_350365_p2                    |      |        | add_ln379_613  | add | fabric    | 0       |
|   add_ln379_614_fu_355370_p2                    |      |        | add_ln379_614  | add | fabric    | 0       |
|   add_ln379_615_fu_355380_p2                    |      |        | add_ln379_615  | add | fabric    | 0       |
|   add_ln379_616_fu_355390_p2                    |      |        | add_ln379_616  | add | fabric    | 0       |
|   add_ln379_617_fu_350371_p2                    |      |        | add_ln379_617  | add | fabric    | 0       |
|   add_ln379_618_fu_355403_p2                    |      |        | add_ln379_618  | add | fabric    | 0       |
|   add_ln379_619_fu_350377_p2                    |      |        | add_ln379_619  | add | fabric    | 0       |
|   add_ln379_620_fu_350383_p2                    |      |        | add_ln379_620  | add | fabric    | 0       |
|   add_ln379_621_fu_355419_p2                    |      |        | add_ln379_621  | add | fabric    | 0       |
|   add_ln379_622_fu_355429_p2                    |      |        | add_ln379_622  | add | fabric    | 0       |
|   add_ln379_623_fu_350389_p2                    |      |        | add_ln379_623  | add | fabric    | 0       |
|   add_ln379_624_fu_350395_p2                    |      |        | add_ln379_624  | add | fabric    | 0       |
|   add_ln379_625_fu_355445_p2                    |      |        | add_ln379_625  | add | fabric    | 0       |
|   add_ln379_626_fu_350401_p2                    |      |        | add_ln379_626  | add | fabric    | 0       |
|   add_ln379_627_fu_350407_p2                    |      |        | add_ln379_627  | add | fabric    | 0       |
|   add_ln379_628_fu_355461_p2                    |      |        | add_ln379_628  | add | fabric    | 0       |
|   add_ln379_629_fu_355471_p2                    |      |        | add_ln379_629  | add | fabric    | 0       |
|   add_ln379_630_fu_355481_p2                    |      |        | add_ln379_630  | add | fabric    | 0       |
|   add_ln379_631_fu_355491_p2                    |      |        | add_ln379_631  | add | fabric    | 0       |
|   add_ln379_632_fu_350413_p2                    |      |        | add_ln379_632  | add | fabric    | 0       |
|   add_ln379_633_fu_350423_p2                    |      |        | add_ln379_633  | add | fabric    | 0       |
|   add_ln379_634_fu_350429_p2                    |      |        | add_ln379_634  | add | fabric    | 0       |
|   add_ln379_635_fu_350435_p2                    |      |        | add_ln379_635  | add | fabric    | 0       |
|   add_ln379_636_fu_355510_p2                    |      |        | add_ln379_636  | add | fabric    | 0       |
|   add_ln379_637_fu_355520_p2                    |      |        | add_ln379_637  | add | fabric    | 0       |
|   add_ln379_638_fu_350441_p2                    |      |        | add_ln379_638  | add | fabric    | 0       |
|   add_ln379_639_fu_350447_p2                    |      |        | add_ln379_639  | add | fabric    | 0       |
|   add_ln379_640_fu_355536_p2                    |      |        | add_ln379_640  | add | fabric    | 0       |
|   add_ln379_641_fu_350453_p2                    |      |        | add_ln379_641  | add | fabric    | 0       |
|   add_ln379_642_fu_350459_p2                    |      |        | add_ln379_642  | add | fabric    | 0       |
|   add_ln379_643_fu_355552_p2                    |      |        | add_ln379_643  | add | fabric    | 0       |
|   add_ln379_644_fu_355562_p2                    |      |        | add_ln379_644  | add | fabric    | 0       |
|   add_ln379_645_fu_355572_p2                    |      |        | add_ln379_645  | add | fabric    | 0       |
|   add_ln379_646_fu_350465_p2                    |      |        | add_ln379_646  | add | fabric    | 0       |
|   add_ln379_647_fu_350475_p2                    |      |        | add_ln379_647  | add | fabric    | 0       |
|   add_ln379_648_fu_350481_p2                    |      |        | add_ln379_648  | add | fabric    | 0       |
|   add_ln379_649_fu_350487_p2                    |      |        | add_ln379_649  | add | fabric    | 0       |
|   add_ln379_650_fu_355591_p2                    |      |        | add_ln379_650  | add | fabric    | 0       |
|   add_ln379_651_fu_355601_p2                    |      |        | add_ln379_651  | add | fabric    | 0       |
|   add_ln379_652_fu_350493_p2                    |      |        | add_ln379_652  | add | fabric    | 0       |
|   add_ln379_653_fu_350499_p2                    |      |        | add_ln379_653  | add | fabric    | 0       |
|   add_ln379_654_fu_355617_p2                    |      |        | add_ln379_654  | add | fabric    | 0       |
|   add_ln379_655_fu_350505_p2                    |      |        | add_ln379_655  | add | fabric    | 0       |
|   add_ln379_656_fu_350511_p2                    |      |        | add_ln379_656  | add | fabric    | 0       |
|   add_ln379_657_fu_355633_p2                    |      |        | add_ln379_657  | add | fabric    | 0       |
|   add_ln379_658_fu_355643_p2                    |      |        | add_ln379_658  | add | fabric    | 0       |
|   add_ln379_659_fu_355653_p2                    |      |        | add_ln379_659  | add | fabric    | 0       |
|   add_ln379_660_fu_355663_p2                    |      |        | add_ln379_660  | add | fabric    | 0       |
|   add_ln379_661_fu_355673_p2                    |      |        | add_ln379_661  | add | fabric    | 0       |
|   add_ln379_662_fu_350517_p2                    |      |        | add_ln379_662  | add | fabric    | 0       |
|   add_ln379_663_fu_355686_p2                    |      |        | add_ln379_663  | add | fabric    | 0       |
|   add_ln379_664_fu_350523_p2                    |      |        | add_ln379_664  | add | fabric    | 0       |
|   add_ln379_665_fu_350529_p2                    |      |        | add_ln379_665  | add | fabric    | 0       |
|   add_ln379_666_fu_355702_p2                    |      |        | add_ln379_666  | add | fabric    | 0       |
|   add_ln379_667_fu_355712_p2                    |      |        | add_ln379_667  | add | fabric    | 0       |
|   add_ln379_668_fu_350535_p2                    |      |        | add_ln379_668  | add | fabric    | 0       |
|   add_ln379_669_fu_350541_p2                    |      |        | add_ln379_669  | add | fabric    | 0       |
|   add_ln379_670_fu_355728_p2                    |      |        | add_ln379_670  | add | fabric    | 0       |
|   add_ln379_671_fu_350547_p2                    |      |        | add_ln379_671  | add | fabric    | 0       |
|   add_ln379_672_fu_350553_p2                    |      |        | add_ln379_672  | add | fabric    | 0       |
|   add_ln379_673_fu_355744_p2                    |      |        | add_ln379_673  | add | fabric    | 0       |
|   add_ln379_674_fu_355754_p2                    |      |        | add_ln379_674  | add | fabric    | 0       |
|   add_ln379_675_fu_355764_p2                    |      |        | add_ln379_675  | add | fabric    | 0       |
|   add_ln379_676_fu_350559_p2                    |      |        | add_ln379_676  | add | fabric    | 0       |
|   add_ln379_677_fu_350569_p2                    |      |        | add_ln379_677  | add | fabric    | 0       |
|   add_ln379_678_fu_350575_p2                    |      |        | add_ln379_678  | add | fabric    | 0       |
|   add_ln379_679_fu_350581_p2                    |      |        | add_ln379_679  | add | fabric    | 0       |
|   add_ln379_680_fu_355783_p2                    |      |        | add_ln379_680  | add | fabric    | 0       |
|   add_ln379_681_fu_355793_p2                    |      |        | add_ln379_681  | add | fabric    | 0       |
|   add_ln379_682_fu_350587_p2                    |      |        | add_ln379_682  | add | fabric    | 0       |
|   add_ln379_683_fu_350593_p2                    |      |        | add_ln379_683  | add | fabric    | 0       |
|   add_ln379_684_fu_355809_p2                    |      |        | add_ln379_684  | add | fabric    | 0       |
|   add_ln379_685_fu_350599_p2                    |      |        | add_ln379_685  | add | fabric    | 0       |
|   add_ln379_686_fu_350605_p2                    |      |        | add_ln379_686  | add | fabric    | 0       |
|   add_ln379_687_fu_355825_p2                    |      |        | add_ln379_687  | add | fabric    | 0       |
|   add_ln379_688_fu_355835_p2                    |      |        | add_ln379_688  | add | fabric    | 0       |
|   add_ln379_689_fu_355845_p2                    |      |        | add_ln379_689  | add | fabric    | 0       |
|   add_ln379_690_fu_355855_p2                    |      |        | add_ln379_690  | add | fabric    | 0       |
|   add_ln379_691_fu_350611_p2                    |      |        | add_ln379_691  | add | fabric    | 0       |
|   add_ln379_692_fu_350621_p2                    |      |        | add_ln379_692  | add | fabric    | 0       |
|   add_ln379_693_fu_350627_p2                    |      |        | add_ln379_693  | add | fabric    | 0       |
|   add_ln379_694_fu_350633_p2                    |      |        | add_ln379_694  | add | fabric    | 0       |
|   add_ln379_695_fu_355874_p2                    |      |        | add_ln379_695  | add | fabric    | 0       |
|   add_ln379_696_fu_355884_p2                    |      |        | add_ln379_696  | add | fabric    | 0       |
|   add_ln379_697_fu_350639_p2                    |      |        | add_ln379_697  | add | fabric    | 0       |
|   add_ln379_698_fu_350645_p2                    |      |        | add_ln379_698  | add | fabric    | 0       |
|   add_ln379_699_fu_355900_p2                    |      |        | add_ln379_699  | add | fabric    | 0       |
|   add_ln379_700_fu_350651_p2                    |      |        | add_ln379_700  | add | fabric    | 0       |
|   add_ln379_701_fu_350657_p2                    |      |        | add_ln379_701  | add | fabric    | 0       |
|   add_ln379_702_fu_355916_p2                    |      |        | add_ln379_702  | add | fabric    | 0       |
|   add_ln379_703_fu_355926_p2                    |      |        | add_ln379_703  | add | fabric    | 0       |
|   add_ln379_704_fu_355936_p2                    |      |        | add_ln379_704  | add | fabric    | 0       |
|   add_ln379_705_fu_350663_p2                    |      |        | add_ln379_705  | add | fabric    | 0       |
|   add_ln379_706_fu_350669_p2                    |      |        | add_ln379_706  | add | fabric    | 0       |
|   add_ln379_707_fu_355952_p2                    |      |        | add_ln379_707  | add | fabric    | 0       |
|   add_ln379_708_fu_350675_p2                    |      |        | add_ln379_708  | add | fabric    | 0       |
|   add_ln379_709_fu_350681_p2                    |      |        | add_ln379_709  | add | fabric    | 0       |
|   add_ln379_710_fu_355968_p2                    |      |        | add_ln379_710  | add | fabric    | 0       |
|   add_ln379_711_fu_355978_p2                    |      |        | add_ln379_711  | add | fabric    | 0       |
|   add_ln379_712_fu_350687_p2                    |      |        | add_ln379_712  | add | fabric    | 0       |
|   add_ln379_713_fu_350693_p2                    |      |        | add_ln379_713  | add | fabric    | 0       |
|   add_ln379_714_fu_355994_p2                    |      |        | add_ln379_714  | add | fabric    | 0       |
|   add_ln379_715_fu_350699_p2                    |      |        | add_ln379_715  | add | fabric    | 0       |
|   add_ln379_716_fu_350705_p2                    |      |        | add_ln379_716  | add | fabric    | 0       |
|   add_ln379_717_fu_356010_p2                    |      |        | add_ln379_717  | add | fabric    | 0       |
|   add_ln379_718_fu_356020_p2                    |      |        | add_ln379_718  | add | fabric    | 0       |
|   add_ln379_719_fu_356030_p2                    |      |        | add_ln379_719  | add | fabric    | 0       |
|   add_ln379_720_fu_356040_p2                    |      |        | add_ln379_720  | add | fabric    | 0       |
|   add_ln379_721_fu_356050_p2                    |      |        | add_ln379_721  | add | fabric    | 0       |
|   add_ln379_722_fu_356060_p2                    |      |        | add_ln379_722  | add | fabric    | 0       |
|   add_ln379_723_fu_357933_p2                    |      |        | add_ln379_723  | add | fabric    | 0       |
|   add_ln379_724_fu_350711_p2                    |      |        | add_ln379_724  | add | fabric    | 0       |
|   add_ln379_725_fu_356069_p2                    |      |        | add_ln379_725  | add | fabric    | 0       |
|   add_ln379_726_fu_350717_p2                    |      |        | add_ln379_726  | add | fabric    | 0       |
|   add_ln379_727_fu_350723_p2                    |      |        | add_ln379_727  | add | fabric    | 0       |
|   add_ln379_728_fu_356085_p2                    |      |        | add_ln379_728  | add | fabric    | 0       |
|   add_ln379_729_fu_356095_p2                    |      |        | add_ln379_729  | add | fabric    | 0       |
|   add_ln379_730_fu_350729_p2                    |      |        | add_ln379_730  | add | fabric    | 0       |
|   add_ln379_731_fu_350735_p2                    |      |        | add_ln379_731  | add | fabric    | 0       |
|   add_ln379_732_fu_356111_p2                    |      |        | add_ln379_732  | add | fabric    | 0       |
|   add_ln379_733_fu_350741_p2                    |      |        | add_ln379_733  | add | fabric    | 0       |
|   add_ln379_734_fu_350747_p2                    |      |        | add_ln379_734  | add | fabric    | 0       |
|   add_ln379_735_fu_356127_p2                    |      |        | add_ln379_735  | add | fabric    | 0       |
|   add_ln379_736_fu_356137_p2                    |      |        | add_ln379_736  | add | fabric    | 0       |
|   add_ln379_737_fu_356147_p2                    |      |        | add_ln379_737  | add | fabric    | 0       |
|   add_ln379_738_fu_350753_p2                    |      |        | add_ln379_738  | add | fabric    | 0       |
|   add_ln379_739_fu_356160_p2                    |      |        | add_ln379_739  | add | fabric    | 0       |
|   add_ln379_740_fu_350759_p2                    |      |        | add_ln379_740  | add | fabric    | 0       |
|   add_ln379_741_fu_350765_p2                    |      |        | add_ln379_741  | add | fabric    | 0       |
|   add_ln379_742_fu_356176_p2                    |      |        | add_ln379_742  | add | fabric    | 0       |
|   add_ln379_743_fu_356186_p2                    |      |        | add_ln379_743  | add | fabric    | 0       |
|   add_ln379_744_fu_350771_p2                    |      |        | add_ln379_744  | add | fabric    | 0       |
|   add_ln379_745_fu_350777_p2                    |      |        | add_ln379_745  | add | fabric    | 0       |
|   add_ln379_746_fu_356202_p2                    |      |        | add_ln379_746  | add | fabric    | 0       |
|   add_ln379_747_fu_350783_p2                    |      |        | add_ln379_747  | add | fabric    | 0       |
|   add_ln379_748_fu_350789_p2                    |      |        | add_ln379_748  | add | fabric    | 0       |
|   add_ln379_749_fu_356218_p2                    |      |        | add_ln379_749  | add | fabric    | 0       |
|   add_ln379_750_fu_356228_p2                    |      |        | add_ln379_750  | add | fabric    | 0       |
|   add_ln379_751_fu_356238_p2                    |      |        | add_ln379_751  | add | fabric    | 0       |
|   add_ln379_752_fu_356248_p2                    |      |        | add_ln379_752  | add | fabric    | 0       |
|   add_ln379_753_fu_350795_p2                    |      |        | add_ln379_753  | add | fabric    | 0       |
|   add_ln379_754_fu_356261_p2                    |      |        | add_ln379_754  | add | fabric    | 0       |
|   add_ln379_755_fu_350801_p2                    |      |        | add_ln379_755  | add | fabric    | 0       |
|   add_ln379_756_fu_350807_p2                    |      |        | add_ln379_756  | add | fabric    | 0       |
|   add_ln379_757_fu_356277_p2                    |      |        | add_ln379_757  | add | fabric    | 0       |
|   add_ln379_758_fu_356287_p2                    |      |        | add_ln379_758  | add | fabric    | 0       |
|   add_ln379_759_fu_350813_p2                    |      |        | add_ln379_759  | add | fabric    | 0       |
|   add_ln379_760_fu_350819_p2                    |      |        | add_ln379_760  | add | fabric    | 0       |
|   add_ln379_761_fu_356303_p2                    |      |        | add_ln379_761  | add | fabric    | 0       |
|   add_ln379_762_fu_350825_p2                    |      |        | add_ln379_762  | add | fabric    | 0       |
|   add_ln379_763_fu_350831_p2                    |      |        | add_ln379_763  | add | fabric    | 0       |
|   add_ln379_764_fu_356319_p2                    |      |        | add_ln379_764  | add | fabric    | 0       |
|   add_ln379_765_fu_356329_p2                    |      |        | add_ln379_765  | add | fabric    | 0       |
|   add_ln379_766_fu_356339_p2                    |      |        | add_ln379_766  | add | fabric    | 0       |
|   add_ln379_767_fu_350837_p2                    |      |        | add_ln379_767  | add | fabric    | 0       |
|   add_ln379_768_fu_356352_p2                    |      |        | add_ln379_768  | add | fabric    | 0       |
|   add_ln379_769_fu_350843_p2                    |      |        | add_ln379_769  | add | fabric    | 0       |
|   add_ln379_770_fu_350849_p2                    |      |        | add_ln379_770  | add | fabric    | 0       |
|   add_ln379_771_fu_356368_p2                    |      |        | add_ln379_771  | add | fabric    | 0       |
|   add_ln379_772_fu_356378_p2                    |      |        | add_ln379_772  | add | fabric    | 0       |
|   add_ln379_773_fu_350855_p2                    |      |        | add_ln379_773  | add | fabric    | 0       |
|   add_ln379_774_fu_350861_p2                    |      |        | add_ln379_774  | add | fabric    | 0       |
|   add_ln379_775_fu_356394_p2                    |      |        | add_ln379_775  | add | fabric    | 0       |
|   add_ln379_776_fu_350867_p2                    |      |        | add_ln379_776  | add | fabric    | 0       |
|   add_ln379_777_fu_350873_p2                    |      |        | add_ln379_777  | add | fabric    | 0       |
|   add_ln379_778_fu_356410_p2                    |      |        | add_ln379_778  | add | fabric    | 0       |
|   add_ln379_779_fu_356420_p2                    |      |        | add_ln379_779  | add | fabric    | 0       |
|   add_ln379_780_fu_356430_p2                    |      |        | add_ln379_780  | add | fabric    | 0       |
|   add_ln379_781_fu_356440_p2                    |      |        | add_ln379_781  | add | fabric    | 0       |
|   add_ln379_782_fu_356450_p2                    |      |        | add_ln379_782  | add | fabric    | 0       |
|   add_ln379_783_fu_350879_p2                    |      |        | add_ln379_783  | add | fabric    | 0       |
|   add_ln379_784_fu_350889_p2                    |      |        | add_ln379_784  | add | fabric    | 0       |
|   add_ln379_785_fu_350895_p2                    |      |        | add_ln379_785  | add | fabric    | 0       |
|   add_ln379_786_fu_350901_p2                    |      |        | add_ln379_786  | add | fabric    | 0       |
|   add_ln379_787_fu_356469_p2                    |      |        | add_ln379_787  | add | fabric    | 0       |
|   add_ln379_788_fu_356479_p2                    |      |        | add_ln379_788  | add | fabric    | 0       |
|   add_ln379_789_fu_350907_p2                    |      |        | add_ln379_789  | add | fabric    | 0       |
|   add_ln379_790_fu_350913_p2                    |      |        | add_ln379_790  | add | fabric    | 0       |
|   add_ln379_791_fu_356495_p2                    |      |        | add_ln379_791  | add | fabric    | 0       |
|   add_ln379_792_fu_350919_p2                    |      |        | add_ln379_792  | add | fabric    | 0       |
|   add_ln379_793_fu_350925_p2                    |      |        | add_ln379_793  | add | fabric    | 0       |
|   add_ln379_794_fu_356511_p2                    |      |        | add_ln379_794  | add | fabric    | 0       |
|   add_ln379_795_fu_356521_p2                    |      |        | add_ln379_795  | add | fabric    | 0       |
|   add_ln379_796_fu_356531_p2                    |      |        | add_ln379_796  | add | fabric    | 0       |
|   add_ln379_797_fu_350931_p2                    |      |        | add_ln379_797  | add | fabric    | 0       |
|   add_ln379_798_fu_356544_p2                    |      |        | add_ln379_798  | add | fabric    | 0       |
|   add_ln379_799_fu_350937_p2                    |      |        | add_ln379_799  | add | fabric    | 0       |
|   add_ln379_800_fu_350943_p2                    |      |        | add_ln379_800  | add | fabric    | 0       |
|   add_ln379_801_fu_356560_p2                    |      |        | add_ln379_801  | add | fabric    | 0       |
|   add_ln379_802_fu_356570_p2                    |      |        | add_ln379_802  | add | fabric    | 0       |
|   add_ln379_803_fu_350949_p2                    |      |        | add_ln379_803  | add | fabric    | 0       |
|   add_ln379_804_fu_350955_p2                    |      |        | add_ln379_804  | add | fabric    | 0       |
|   add_ln379_805_fu_356586_p2                    |      |        | add_ln379_805  | add | fabric    | 0       |
|   add_ln379_806_fu_350961_p2                    |      |        | add_ln379_806  | add | fabric    | 0       |
|   add_ln379_807_fu_350967_p2                    |      |        | add_ln379_807  | add | fabric    | 0       |
|   add_ln379_808_fu_356602_p2                    |      |        | add_ln379_808  | add | fabric    | 0       |
|   add_ln379_809_fu_356612_p2                    |      |        | add_ln379_809  | add | fabric    | 0       |
|   add_ln379_810_fu_356622_p2                    |      |        | add_ln379_810  | add | fabric    | 0       |
|   add_ln379_811_fu_356632_p2                    |      |        | add_ln379_811  | add | fabric    | 0       |
|   add_ln379_812_fu_350973_p2                    |      |        | add_ln379_812  | add | fabric    | 0       |
|   add_ln379_813_fu_356645_p2                    |      |        | add_ln379_813  | add | fabric    | 0       |
|   add_ln379_814_fu_350979_p2                    |      |        | add_ln379_814  | add | fabric    | 0       |
|   add_ln379_815_fu_350985_p2                    |      |        | add_ln379_815  | add | fabric    | 0       |
|   add_ln379_816_fu_356661_p2                    |      |        | add_ln379_816  | add | fabric    | 0       |
|   add_ln379_817_fu_356671_p2                    |      |        | add_ln379_817  | add | fabric    | 0       |
|   add_ln379_818_fu_350991_p2                    |      |        | add_ln379_818  | add | fabric    | 0       |
|   add_ln379_819_fu_350997_p2                    |      |        | add_ln379_819  | add | fabric    | 0       |
|   add_ln379_820_fu_356687_p2                    |      |        | add_ln379_820  | add | fabric    | 0       |
|   add_ln379_821_fu_351003_p2                    |      |        | add_ln379_821  | add | fabric    | 0       |
|   add_ln379_822_fu_351009_p2                    |      |        | add_ln379_822  | add | fabric    | 0       |
|   add_ln379_823_fu_356703_p2                    |      |        | add_ln379_823  | add | fabric    | 0       |
|   add_ln379_824_fu_356713_p2                    |      |        | add_ln379_824  | add | fabric    | 0       |
|   add_ln379_825_fu_356723_p2                    |      |        | add_ln379_825  | add | fabric    | 0       |
|   add_ln379_826_fu_351015_p2                    |      |        | add_ln379_826  | add | fabric    | 0       |
|   add_ln379_827_fu_351021_p2                    |      |        | add_ln379_827  | add | fabric    | 0       |
|   add_ln379_828_fu_356739_p2                    |      |        | add_ln379_828  | add | fabric    | 0       |
|   add_ln379_829_fu_351027_p2                    |      |        | add_ln379_829  | add | fabric    | 0       |
|   add_ln379_830_fu_351033_p2                    |      |        | add_ln379_830  | add | fabric    | 0       |
|   add_ln379_831_fu_356755_p2                    |      |        | add_ln379_831  | add | fabric    | 0       |
|   add_ln379_832_fu_356765_p2                    |      |        | add_ln379_832  | add | fabric    | 0       |
|   add_ln379_833_fu_351039_p2                    |      |        | add_ln379_833  | add | fabric    | 0       |
|   add_ln379_834_fu_351045_p2                    |      |        | add_ln379_834  | add | fabric    | 0       |
|   add_ln379_835_fu_356781_p2                    |      |        | add_ln379_835  | add | fabric    | 0       |
|   add_ln379_836_fu_351051_p2                    |      |        | add_ln379_836  | add | fabric    | 0       |
|   add_ln379_837_fu_351057_p2                    |      |        | add_ln379_837  | add | fabric    | 0       |
|   add_ln379_838_fu_356797_p2                    |      |        | add_ln379_838  | add | fabric    | 0       |
|   add_ln379_839_fu_356807_p2                    |      |        | add_ln379_839  | add | fabric    | 0       |
|   add_ln379_840_fu_356817_p2                    |      |        | add_ln379_840  | add | fabric    | 0       |
|   add_ln379_841_fu_356827_p2                    |      |        | add_ln379_841  | add | fabric    | 0       |
|   add_ln379_842_fu_356837_p2                    |      |        | add_ln379_842  | add | fabric    | 0       |
|   add_ln379_843_fu_356847_p2                    |      |        | add_ln379_843  | add | fabric    | 0       |
|   add_ln379_844_fu_351063_p2                    |      |        | add_ln379_844  | add | fabric    | 0       |
|   add_ln379_845_fu_356856_p2                    |      |        | add_ln379_845  | add | fabric    | 0       |
|   add_ln379_846_fu_351069_p2                    |      |        | add_ln379_846  | add | fabric    | 0       |
|   add_ln379_847_fu_351075_p2                    |      |        | add_ln379_847  | add | fabric    | 0       |
|   add_ln379_848_fu_356872_p2                    |      |        | add_ln379_848  | add | fabric    | 0       |
|   add_ln379_849_fu_356882_p2                    |      |        | add_ln379_849  | add | fabric    | 0       |
|   add_ln379_850_fu_351081_p2                    |      |        | add_ln379_850  | add | fabric    | 0       |
|   add_ln379_851_fu_351087_p2                    |      |        | add_ln379_851  | add | fabric    | 0       |
|   add_ln379_852_fu_356898_p2                    |      |        | add_ln379_852  | add | fabric    | 0       |
|   add_ln379_853_fu_351093_p2                    |      |        | add_ln379_853  | add | fabric    | 0       |
|   add_ln379_854_fu_351099_p2                    |      |        | add_ln379_854  | add | fabric    | 0       |
|   add_ln379_855_fu_356914_p2                    |      |        | add_ln379_855  | add | fabric    | 0       |
|   add_ln379_856_fu_356924_p2                    |      |        | add_ln379_856  | add | fabric    | 0       |
|   add_ln379_857_fu_356934_p2                    |      |        | add_ln379_857  | add | fabric    | 0       |
|   add_ln379_858_fu_351105_p2                    |      |        | add_ln379_858  | add | fabric    | 0       |
|   add_ln379_859_fu_356947_p2                    |      |        | add_ln379_859  | add | fabric    | 0       |
|   add_ln379_860_fu_351111_p2                    |      |        | add_ln379_860  | add | fabric    | 0       |
|   add_ln379_861_fu_351117_p2                    |      |        | add_ln379_861  | add | fabric    | 0       |
|   add_ln379_862_fu_356963_p2                    |      |        | add_ln379_862  | add | fabric    | 0       |
|   add_ln379_863_fu_356973_p2                    |      |        | add_ln379_863  | add | fabric    | 0       |
|   add_ln379_864_fu_351123_p2                    |      |        | add_ln379_864  | add | fabric    | 0       |
|   add_ln379_865_fu_351129_p2                    |      |        | add_ln379_865  | add | fabric    | 0       |
|   add_ln379_866_fu_356989_p2                    |      |        | add_ln379_866  | add | fabric    | 0       |
|   add_ln379_867_fu_351135_p2                    |      |        | add_ln379_867  | add | fabric    | 0       |
|   add_ln379_868_fu_351141_p2                    |      |        | add_ln379_868  | add | fabric    | 0       |
|   add_ln379_869_fu_357005_p2                    |      |        | add_ln379_869  | add | fabric    | 0       |
|   add_ln379_870_fu_357015_p2                    |      |        | add_ln379_870  | add | fabric    | 0       |
|   add_ln379_871_fu_357025_p2                    |      |        | add_ln379_871  | add | fabric    | 0       |
|   add_ln379_872_fu_357035_p2                    |      |        | add_ln379_872  | add | fabric    | 0       |
|   add_ln379_873_fu_351147_p2                    |      |        | add_ln379_873  | add | fabric    | 0       |
|   add_ln379_874_fu_351157_p2                    |      |        | add_ln379_874  | add | fabric    | 0       |
|   add_ln379_875_fu_351163_p2                    |      |        | add_ln379_875  | add | fabric    | 0       |
|   add_ln379_876_fu_351169_p2                    |      |        | add_ln379_876  | add | fabric    | 0       |
|   add_ln379_877_fu_357054_p2                    |      |        | add_ln379_877  | add | fabric    | 0       |
|   add_ln379_878_fu_357064_p2                    |      |        | add_ln379_878  | add | fabric    | 0       |
|   add_ln379_879_fu_351175_p2                    |      |        | add_ln379_879  | add | fabric    | 0       |
|   add_ln379_880_fu_351181_p2                    |      |        | add_ln379_880  | add | fabric    | 0       |
|   add_ln379_881_fu_357080_p2                    |      |        | add_ln379_881  | add | fabric    | 0       |
|   add_ln379_882_fu_351187_p2                    |      |        | add_ln379_882  | add | fabric    | 0       |
|   add_ln379_883_fu_351193_p2                    |      |        | add_ln379_883  | add | fabric    | 0       |
|   add_ln379_884_fu_357096_p2                    |      |        | add_ln379_884  | add | fabric    | 0       |
|   add_ln379_885_fu_357106_p2                    |      |        | add_ln379_885  | add | fabric    | 0       |
|   add_ln379_886_fu_357116_p2                    |      |        | add_ln379_886  | add | fabric    | 0       |
|   add_ln379_887_fu_351199_p2                    |      |        | add_ln379_887  | add | fabric    | 0       |
|   add_ln379_888_fu_357129_p2                    |      |        | add_ln379_888  | add | fabric    | 0       |
|   add_ln379_889_fu_351205_p2                    |      |        | add_ln379_889  | add | fabric    | 0       |
|   add_ln379_890_fu_351211_p2                    |      |        | add_ln379_890  | add | fabric    | 0       |
|   add_ln379_891_fu_357145_p2                    |      |        | add_ln379_891  | add | fabric    | 0       |
|   add_ln379_892_fu_357155_p2                    |      |        | add_ln379_892  | add | fabric    | 0       |
|   add_ln379_893_fu_351217_p2                    |      |        | add_ln379_893  | add | fabric    | 0       |
|   add_ln379_894_fu_351223_p2                    |      |        | add_ln379_894  | add | fabric    | 0       |
|   add_ln379_895_fu_357171_p2                    |      |        | add_ln379_895  | add | fabric    | 0       |
|   add_ln379_896_fu_351229_p2                    |      |        | add_ln379_896  | add | fabric    | 0       |
|   add_ln379_897_fu_351235_p2                    |      |        | add_ln379_897  | add | fabric    | 0       |
|   add_ln379_898_fu_357187_p2                    |      |        | add_ln379_898  | add | fabric    | 0       |
|   add_ln379_899_fu_357197_p2                    |      |        | add_ln379_899  | add | fabric    | 0       |
|   add_ln379_900_fu_357207_p2                    |      |        | add_ln379_900  | add | fabric    | 0       |
|   add_ln379_901_fu_357217_p2                    |      |        | add_ln379_901  | add | fabric    | 0       |
|   add_ln379_902_fu_357227_p2                    |      |        | add_ln379_902  | add | fabric    | 0       |
|   add_ln379_903_fu_351241_p2                    |      |        | add_ln379_903  | add | fabric    | 0       |
|   add_ln379_904_fu_357240_p2                    |      |        | add_ln379_904  | add | fabric    | 0       |
|   add_ln379_905_fu_351247_p2                    |      |        | add_ln379_905  | add | fabric    | 0       |
|   add_ln379_906_fu_351253_p2                    |      |        | add_ln379_906  | add | fabric    | 0       |
|   add_ln379_907_fu_357256_p2                    |      |        | add_ln379_907  | add | fabric    | 0       |
|   add_ln379_908_fu_357266_p2                    |      |        | add_ln379_908  | add | fabric    | 0       |
|   add_ln379_909_fu_351259_p2                    |      |        | add_ln379_909  | add | fabric    | 0       |
|   add_ln379_910_fu_351265_p2                    |      |        | add_ln379_910  | add | fabric    | 0       |
|   add_ln379_911_fu_357282_p2                    |      |        | add_ln379_911  | add | fabric    | 0       |
|   add_ln379_912_fu_351271_p2                    |      |        | add_ln379_912  | add | fabric    | 0       |
|   add_ln379_913_fu_351277_p2                    |      |        | add_ln379_913  | add | fabric    | 0       |
|   add_ln379_914_fu_357298_p2                    |      |        | add_ln379_914  | add | fabric    | 0       |
|   add_ln379_915_fu_357308_p2                    |      |        | add_ln379_915  | add | fabric    | 0       |
|   add_ln379_916_fu_357318_p2                    |      |        | add_ln379_916  | add | fabric    | 0       |
|   add_ln379_917_fu_351283_p2                    |      |        | add_ln379_917  | add | fabric    | 0       |
|   add_ln379_918_fu_351293_p2                    |      |        | add_ln379_918  | add | fabric    | 0       |
|   add_ln379_919_fu_351299_p2                    |      |        | add_ln379_919  | add | fabric    | 0       |
|   add_ln379_920_fu_351305_p2                    |      |        | add_ln379_920  | add | fabric    | 0       |
|   add_ln379_921_fu_357337_p2                    |      |        | add_ln379_921  | add | fabric    | 0       |
|   add_ln379_922_fu_357347_p2                    |      |        | add_ln379_922  | add | fabric    | 0       |
|   add_ln379_923_fu_351311_p2                    |      |        | add_ln379_923  | add | fabric    | 0       |
|   add_ln379_924_fu_351317_p2                    |      |        | add_ln379_924  | add | fabric    | 0       |
|   add_ln379_925_fu_357363_p2                    |      |        | add_ln379_925  | add | fabric    | 0       |
|   add_ln379_926_fu_351323_p2                    |      |        | add_ln379_926  | add | fabric    | 0       |
|   add_ln379_927_fu_351329_p2                    |      |        | add_ln379_927  | add | fabric    | 0       |
|   add_ln379_928_fu_357379_p2                    |      |        | add_ln379_928  | add | fabric    | 0       |
|   add_ln379_929_fu_357389_p2                    |      |        | add_ln379_929  | add | fabric    | 0       |
|   add_ln379_930_fu_357399_p2                    |      |        | add_ln379_930  | add | fabric    | 0       |
|   add_ln379_931_fu_357409_p2                    |      |        | add_ln379_931  | add | fabric    | 0       |
|   add_ln379_932_fu_351335_p2                    |      |        | add_ln379_932  | add | fabric    | 0       |
|   add_ln379_933_fu_357422_p2                    |      |        | add_ln379_933  | add | fabric    | 0       |
|   add_ln379_934_fu_351341_p2                    |      |        | add_ln379_934  | add | fabric    | 0       |
|   add_ln379_935_fu_351347_p2                    |      |        | add_ln379_935  | add | fabric    | 0       |
|   add_ln379_936_fu_357438_p2                    |      |        | add_ln379_936  | add | fabric    | 0       |
|   add_ln379_937_fu_357448_p2                    |      |        | add_ln379_937  | add | fabric    | 0       |
|   add_ln379_938_fu_351353_p2                    |      |        | add_ln379_938  | add | fabric    | 0       |
|   add_ln379_939_fu_351359_p2                    |      |        | add_ln379_939  | add | fabric    | 0       |
|   add_ln379_940_fu_357464_p2                    |      |        | add_ln379_940  | add | fabric    | 0       |
|   add_ln379_941_fu_351365_p2                    |      |        | add_ln379_941  | add | fabric    | 0       |
|   add_ln379_942_fu_351371_p2                    |      |        | add_ln379_942  | add | fabric    | 0       |
|   add_ln379_943_fu_357480_p2                    |      |        | add_ln379_943  | add | fabric    | 0       |
|   add_ln379_944_fu_357490_p2                    |      |        | add_ln379_944  | add | fabric    | 0       |
|   add_ln379_945_fu_357500_p2                    |      |        | add_ln379_945  | add | fabric    | 0       |
|   add_ln379_946_fu_351377_p2                    |      |        | add_ln379_946  | add | fabric    | 0       |
|   add_ln379_947_fu_351383_p2                    |      |        | add_ln379_947  | add | fabric    | 0       |
|   add_ln379_948_fu_357516_p2                    |      |        | add_ln379_948  | add | fabric    | 0       |
|   add_ln379_949_fu_351389_p2                    |      |        | add_ln379_949  | add | fabric    | 0       |
|   add_ln379_950_fu_351395_p2                    |      |        | add_ln379_950  | add | fabric    | 0       |
|   add_ln379_951_fu_357532_p2                    |      |        | add_ln379_951  | add | fabric    | 0       |
|   add_ln379_952_fu_357542_p2                    |      |        | add_ln379_952  | add | fabric    | 0       |
|   add_ln379_953_fu_351401_p2                    |      |        | add_ln379_953  | add | fabric    | 0       |
|   add_ln379_954_fu_351407_p2                    |      |        | add_ln379_954  | add | fabric    | 0       |
|   add_ln379_955_fu_357558_p2                    |      |        | add_ln379_955  | add | fabric    | 0       |
|   add_ln379_956_fu_351413_p2                    |      |        | add_ln379_956  | add | fabric    | 0       |
|   add_ln379_957_fu_351419_p2                    |      |        | add_ln379_957  | add | fabric    | 0       |
|   add_ln379_958_fu_357574_p2                    |      |        | add_ln379_958  | add | fabric    | 0       |
|   add_ln379_959_fu_357584_p2                    |      |        | add_ln379_959  | add | fabric    | 0       |
|   add_ln379_960_fu_357594_p2                    |      |        | add_ln379_960  | add | fabric    | 0       |
|   add_ln379_961_fu_357604_p2                    |      |        | add_ln379_961  | add | fabric    | 0       |
|   add_ln379_962_fu_357614_p2                    |      |        | add_ln379_962  | add | fabric    | 0       |
|   add_ln379_963_fu_357624_p2                    |      |        | add_ln379_963  | add | fabric    | 0       |
|   add_ln379_964_fu_357949_p2                    |      |        | add_ln379_964  | add | fabric    | 0       |
|   ama_addmuladd_13ns_13ns_15ns_28s_30_1_1_U1322 | 1    |        | A_sum_1        | add | dsp_slice | 0       |
|   add_ln389_fu_351425_p2                        |      |        | add_ln389      | add | fabric    | 0       |
|   add_ln389_1_fu_357648_p2                      |      |        | add_ln389_1    | add | fabric    | 0       |
|   add_ln389_2_fu_351431_p2                      |      |        | add_ln389_2    | add | fabric    | 0       |
|   add_ln389_3_fu_357661_p2                      |      |        | add_ln389_3    | add | fabric    | 0       |
|   add_ln389_4_fu_357671_p2                      |      |        | add_ln389_4    | add | fabric    | 0       |
|   add_ln389_5_fu_351437_p2                      |      |        | add_ln389_5    | add | fabric    | 0       |
|   add_ln389_6_fu_351443_p2                      |      |        | add_ln389_6    | add | fabric    | 0       |
|   add_ln389_7_fu_357687_p2                      |      |        | add_ln389_7    | add | fabric    | 0       |
|   add_ln389_8_fu_357697_p2                      |      |        | add_ln389_8    | add | fabric    | 0       |
|   add_ln389_9_fu_357707_p2                      |      |        | add_ln389_9    | add | fabric    | 0       |
|   add_ln389_10_fu_351449_p2                     |      |        | add_ln389_10   | add | fabric    | 0       |
|   add_ln389_11_fu_351455_p2                     |      |        | add_ln389_11   | add | fabric    | 0       |
|   add_ln389_12_fu_357719_p2                     |      |        | add_ln389_12   | add | fabric    | 0       |
|   add_ln389_13_fu_357729_p2                     |      |        | add_ln389_13   | add | fabric    | 0       |
|   add_ln389_14_fu_351461_p2                     |      |        | add_ln389_14   | add | fabric    | 0       |
|   add_ln389_15_fu_357742_p2                     |      |        | add_ln389_15   | add | fabric    | 0       |
|   add_ln389_16_fu_351467_p2                     |      |        | add_ln389_16   | add | fabric    | 0       |
|   add_ln389_17_fu_357755_p2                     |      |        | add_ln389_17   | add | fabric    | 0       |
|   add_ln389_18_fu_357765_p2                     |      |        | add_ln389_18   | add | fabric    | 0       |
|   add_ln389_19_fu_357775_p2                     |      |        | add_ln389_19   | add | fabric    | 0       |
|   ama_addmuladd_9ns_9ns_17ns_26s_28_1_1_U1323   | 1    |        | A_trace        | add | dsp_slice | 0       |
|   add_ln389_21_fu_351473_p2                     |      |        | add_ln389_21   | add | fabric    | 0       |
|   add_ln389_22_fu_351503_p2                     |      |        | add_ln389_22   | add | fabric    | 0       |
|   add_ln389_23_fu_351509_p2                     |      |        | add_ln389_23   | add | fabric    | 0       |
|   add_ln389_24_fu_351519_p2                     |      |        | add_ln389_24   | add | fabric    | 0       |
|   add_ln389_25_fu_357787_p2                     |      |        | add_ln389_25   | add | fabric    | 0       |
|   add_ln389_26_fu_351525_p2                     |      |        | add_ln389_26   | add | fabric    | 0       |
|   add_ln389_27_fu_351531_p2                     |      |        | add_ln389_27   | add | fabric    | 0       |
|   add_ln389_28_fu_351541_p2                     |      |        | add_ln389_28   | add | fabric    | 0       |
|   add_ln389_29_fu_357803_p2                     |      |        | add_ln389_29   | add | fabric    | 0       |
|   add_ln389_30_fu_357813_p2                     |      |        | add_ln389_30   | add | fabric    | 0       |
|   add_ln389_31_fu_351547_p2                     |      |        | add_ln389_31   | add | fabric    | 0       |
|   add_ln389_32_fu_351553_p2                     |      |        | add_ln389_32   | add | fabric    | 0       |
|   add_ln389_33_fu_351563_p2                     |      |        | add_ln389_33   | add | fabric    | 0       |
|   add_ln389_34_fu_357829_p2                     |      |        | add_ln389_34   | add | fabric    | 0       |
|   add_ln389_35_fu_351569_p2                     |      |        | add_ln389_35   | add | fabric    | 0       |
|   add_ln389_36_fu_351579_p2                     |      |        | add_ln389_36   | add | fabric    | 0       |
|   add_ln389_37_fu_351585_p2                     |      |        | add_ln389_37   | add | fabric    | 0       |
|   add_ln389_38_fu_351595_p2                     |      |        | add_ln389_38   | add | fabric    | 0       |
|   add_ln389_39_fu_357845_p2                     |      |        | add_ln389_39   | add | fabric    | 0       |
|   add_ln389_40_fu_357855_p2                     |      |        | add_ln389_40   | add | fabric    | 0       |
|   ama_addmuladd_9ns_9ns_15ns_24s_25_1_1_U1320   | 1    |        | A_trace_1      | add | dsp_slice | 0       |
|   mul_5ns_5ns_9_1_1_U532                        |      |        | ncount2        | mul | auto      | 0       |
|   ama_addmuladd_13ns_13ns_17ns_30s_32_1_1_U1321 | 1    |        | mul_ln404      | mul | dsp_slice | 0       |
|   mul_9ns_16s_25_1_1_U534                       | 1    |        | mul_ln404_1    | mul | auto      | 0       |
|   ama_addmuladd_13ns_13ns_17ns_30s_32_1_1_U1321 | 1    |        | add_ln404      | add | dsp_slice | 0       |
|   mul_32s_11ns_43_1_1_U3                        | 2    |        | mul_ln404_2    | mul | auto      | 0       |
|   add_ln404_1_fu_358448_p2                      |      |        | add_ln404_1    | add | fabric    | 0       |
|   ama_addmuladd_9ns_9ns_17ns_26s_28_1_1_U1323   | 1    |        | mul_ln405      | mul | dsp_slice | 0       |
|   mul_5ns_16s_21_1_1_U535                       | 1    |        | mul_ln405_1    | mul | auto      | 0       |
|   ama_addmuladd_9ns_9ns_17ns_26s_28_1_1_U1323   | 1    |        | add_ln405      | add | dsp_slice | 0       |
|   mul_28s_17ns_45_1_1_U1                        | 2    |        | mul_ln405_2    | mul | auto      | 0       |
|   add_ln405_1_fu_358623_p2                      |      |        | add_ln405_1    | add | fabric    | 0       |
|   ama_addmuladd_13ns_13ns_15ns_28s_30_1_1_U1322 | 1    |        | mul_ln404_3    | mul | dsp_slice | 0       |
|   mul_9ns_14s_23_1_1_U536                       | 1    |        | mul_ln404_4    | mul | auto      | 0       |
|   ama_addmuladd_13ns_13ns_15ns_28s_30_1_1_U1322 | 1    |        | add_ln404_2    | add | dsp_slice | 0       |
|   mul_30s_11ns_41_1_1_U2                        | 2    |        | mul_ln404_5    | mul | auto      | 0       |
|   add_ln404_3_fu_358791_p2                      |      |        | add_ln404_3    | add | fabric    | 0       |
|   ama_addmuladd_9ns_9ns_15ns_24s_25_1_1_U1320   | 1    |        | mul_ln405_3    | mul | dsp_slice | 0       |
|   mul_5ns_14s_19_1_1_U533                       | 1    |        | mul_ln405_4    | mul | auto      | 0       |
|   ama_addmuladd_9ns_9ns_15ns_24s_25_1_1_U1320   | 1    |        | add_ln405_2    | add | dsp_slice | 0       |
|   mul_25s_17ns_42_1_1_U537                      | 1    |        | mul_ln405_5    | mul | auto      | 0       |
|   add_ln405_3_fu_358097_p2                      |      |        | add_ln405_3    | add | fabric    | 0       |
|   mac_muladd_6s_6s_11s_12_1_1_U1325             | 1    |        | mul_ln426      | mul | dsp_slice | 0       |
|   add_ln426_fu_358914_p2                        |      |        | add_ln426      | add | fabric    | 0       |
|   sub_ln426_fu_358940_p2                        |      |        | sub_ln426      | sub | fabric    | 0       |
|   mac_muladd_6s_6s_8s_11_1_1_U1324              | 1    |        | mul_ln426_1    | mul | dsp_slice | 0       |
|   mac_muladd_6s_6s_8s_11_1_1_U1324              | 1    |        | add_ln426_2    | add | dsp_slice | 0       |
|   mac_muladd_6s_6s_11s_12_1_1_U1325             | 1    |        | add_ln426_4    | add | dsp_slice | 0       |
|   add_ln426_3_fu_358967_p2                      |      |        | add_ln426_3    | add | fabric    | 0       |
|   add_ln503_fu_359041_p2                        |      |        | add_ln503      | add | fabric    | 0       |
+-------------------------------------------------+------+--------+----------------+-----+-----------+---------+


================================================================
== Storage Report
================================================================
  No bind storage info in design

================================================================
== Pragma Report
================================================================
* Valid Pragma Syntax
+-----------------+----------------------------------------------+------------------------------------------------------------------------+
| Type            | Options                                      | Location                                                               |
+-----------------+----------------------------------------------+------------------------------------------------------------------------+
| array_reshape   | variable=model_input complete dim=0          | firmware/nPELICAN.cpp:50 in npelican, model_input                      |
| array_reshape   | variable=beam_input complete dim=0           | firmware/nPELICAN.cpp:51 in npelican, beam_input                       |
| array_partition | variable=model_out complete dim=0            | firmware/nPELICAN.cpp:52 in npelican, model_out                        |
| interface       | ap_vld port=model_input,beam_input,model_out | firmware/nPELICAN.cpp:53 in npelican, model_input,beam_input,model_out |
| pipeline        | II=1                                         | firmware/nPELICAN.cpp:55 in npelican                                   |
| array_partition | variable=batch1_2to2 complete dim=0          | firmware/nPELICAN.cpp:58 in npelican, batch1_2to2                      |
| array_partition | variable=w1_2to2 complete dim=0              | firmware/nPELICAN.cpp:59 in npelican, w1_2to2                          |
| array_partition | variable=b1_2to2 complete dim=0              | firmware/nPELICAN.cpp:60 in npelican, b1_2to2                          |
| array_partition | variable=b1_diag_2to2 complete dim=0         | firmware/nPELICAN.cpp:61 in npelican, b1_diag_2to2                     |
| array_partition | variable=batch2_2to0 complete dim=0          | firmware/nPELICAN.cpp:62 in npelican, batch2_2to0                      |
| array_partition | variable=w2_2to0 complete dim=0              | firmware/nPELICAN.cpp:63 in npelican, w2_2to0                          |
| array_partition | variable=b2_2to0 complete dim=0              | firmware/nPELICAN.cpp:64 in npelican, b2_2to0                          |
| array_partition | variable=nobjmask complete dim=0             | firmware/nPELICAN.cpp:79 in npelican, nobjmask                         |
| array_partition | variable=dots complete dim=0                 | firmware/nPELICAN.cpp:92 in npelican, dots                             |
| array_partition | variable=p1 complete dim=0                   | firmware/nPELICAN.cpp:94 in npelican, p1                               |
| unroll          |                                              | firmware/nPELICAN.cpp:96 in npelican                                   |
| unroll          |                                              | firmware/nPELICAN.cpp:98 in npelican                                   |
| unroll          |                                              | firmware/nPELICAN.cpp:123 in npelican                                  |
| unroll          |                                              | firmware/nPELICAN.cpp:125 in npelican                                  |
| unroll          |                                              | firmware/nPELICAN.cpp:148 in npelican                                  |
| unroll          |                                              | firmware/nPELICAN.cpp:150 in npelican                                  |
| array_partition | variable=batch1 complete dim=0               | firmware/nPELICAN.cpp:191 in npelican, batch1                          |
| unroll          |                                              | firmware/nPELICAN.cpp:199 in npelican                                  |
| unroll          |                                              | firmware/nPELICAN.cpp:201 in npelican                                  |
| array_partition | variable=jdotp_acc complete dim=0            | firmware/nPELICAN.cpp:212 in npelican, jdotp_acc                       |
| unroll          |                                              | firmware/nPELICAN.cpp:214 in npelican                                  |
| unroll          |                                              | firmware/nPELICAN.cpp:221 in npelican                                  |
| unroll          |                                              | firmware/nPELICAN.cpp:223 in npelican                                  |
| array_partition | variable=jdotp complete dim=0                | firmware/nPELICAN.cpp:232 in npelican, jdotp                           |
| unroll          |                                              | firmware/nPELICAN.cpp:234 in npelican                                  |
| array_partition | variable=T complete dim=0                    | firmware/nPELICAN.cpp:242 in npelican, T                               |
| unroll          |                                              | firmware/nPELICAN.cpp:244 in npelican                                  |
| unroll          |                                              | firmware/nPELICAN.cpp:246 in npelican                                  |
| unroll          |                                              | firmware/nPELICAN.cpp:248 in npelican                                  |
| unroll          |                                              | firmware/nPELICAN.cpp:257 in npelican                                  |
| unroll          |                                              | firmware/nPELICAN.cpp:259 in npelican                                  |
| unroll          |                                              | firmware/nPELICAN.cpp:268 in npelican                                  |
| array_partition | variable=Tp complete dim=0                   | firmware/nPELICAN.cpp:276 in npelican, Tp                              |
| unroll          |                                              | firmware/nPELICAN.cpp:286 in npelican                                  |
| unroll          |                                              | firmware/nPELICAN.cpp:288 in npelican                                  |
| unroll          |                                              | firmware/nPELICAN.cpp:290 in npelican                                  |
| unroll          |                                              | firmware/nPELICAN.cpp:297 in npelican                                  |
| unroll          |                                              | firmware/nPELICAN.cpp:299 in npelican                                  |
| unroll          |                                              | firmware/nPELICAN.cpp:306 in npelican                                  |
| unroll          |                                              | firmware/nPELICAN.cpp:308 in npelican                                  |
| unroll          |                                              | firmware/nPELICAN.cpp:310 in npelican                                  |
| unroll          |                                              | firmware/nPELICAN.cpp:312 in npelican                                  |
| array_partition | variable=Tp_q complete dim=0                 | firmware/nPELICAN.cpp:323 in npelican, Tp_q                            |
| unroll          |                                              | firmware/nPELICAN.cpp:325 in npelican                                  |
| unroll          |                                              | firmware/nPELICAN.cpp:327 in npelican                                  |
| unroll          |                                              | firmware/nPELICAN.cpp:329 in npelican                                  |
| array_partition | variable=bn2_beta complete dim=0             | firmware/nPELICAN.cpp:355 in npelican, bn2_beta                        |
| unroll          |                                              | firmware/nPELICAN.cpp:357 in npelican                                  |
| array_partition | variable=A_sum complete dim=0                | firmware/nPELICAN.cpp:364 in npelican, A_sum                           |
| array_partition | variable=A_trace complete dim=0              | firmware/nPELICAN.cpp:365 in npelican, A_trace                         |
| unroll          |                                              | firmware/nPELICAN.cpp:367 in npelican                                  |
| unroll          |                                              | firmware/nPELICAN.cpp:374 in npelican                                  |
| unroll          |                                              | firmware/nPELICAN.cpp:376 in npelican                                  |
| unroll          |                                              | firmware/nPELICAN.cpp:378 in npelican                                  |
| unroll          |                                              | firmware/nPELICAN.cpp:386 in npelican                                  |
| unroll          |                                              | firmware/nPELICAN.cpp:388 in npelican                                  |
| array_partition | variable=R complete dim=0                    | firmware/nPELICAN.cpp:401 in npelican, R                               |
| unroll          |                                              | firmware/nPELICAN.cpp:403 in npelican                                  |
| array_partition | variable=Rp complete dim=0                   | firmware/nPELICAN.cpp:411 in npelican, Rp                              |
| unroll          |                                              | firmware/nPELICAN.cpp:415 in npelican                                  |
| unroll          |                                              | firmware/nPELICAN.cpp:421 in npelican                                  |
| unroll          |                                              | firmware/nPELICAN.cpp:423 in npelican                                  |
| unroll          |                                              | firmware/nPELICAN.cpp:425 in npelican                                  |
+-----------------+----------------------------------------------+------------------------------------------------------------------------+


