

================================================================
== Synthesis Summary Report of 'nPELICAN'
================================================================
+ General Information: 
    * Date:           Thu Sep 24 20:56:20 2026
    * Version:        2023.2 (Build 4023990 on Oct 11 2023)
    * Project:        nPELICAN_prj
    * Solution:       solution (Vivado IP Flow Target)
    * Product family: virtexuplus
    * Target device:  xcu250-figd2104-2L-e
    

+ Performance & Resource Estimates: 
    
    PS: '+' for module; 'o' for loop; '*' for dataflow
    +------------+--------+-------+---------+--------+----------+---------+------+----------+------+-----------+------------+--------------+-----+
    |   Modules  |  Issue |       | Latency | Latency| Iteration|         | Trip |          |      |           |            |              |     |
    |   & Loops  |  Type  | Slack | (cycles)|  (ns)  |  Latency | Interval| Count| Pipelined| BRAM |    DSP    |     FF     |      LUT     | URAM|
    +------------+--------+-------+---------+--------+----------+---------+------+----------+------+-----------+------------+--------------+-----+
    |+ nPELICAN  |  Timing|  -0.08|       16|  80.000|         -|        1|     -|       yes|     -|  1068 (8%)|  52995 (1%)|  300618 (17%)|    -|
    +------------+--------+-------+---------+--------+----------+---------+------+----------+------+-----------+------------+--------------+-----+


================================================================
== HW Interfaces
================================================================
* Other Ports
+-------------+---------+-----------+----------+
| Port        | Mode    | Direction | Bitwidth |
+-------------+---------+-----------+----------+
| beam_input  | ap_vld  | in        | 96       |
| model_input | ap_vld  | in        | 960      |
| model_out   | ap_vld  | out       | 6        |
| nobj        | ap_none | in        | 5        |
+-------------+---------+-----------+----------+

* TOP LEVEL CONTROL
+-----------+------------+-----------------------------------+
| Interface | Type       | Ports                             |
+-----------+------------+-----------------------------------+
| ap_clk    | clock      | ap_clk                            |
| ap_rst    | reset      | ap_rst                            |
| ap_ctrl   | ap_ctrl_hs | ap_done ap_idle ap_ready ap_start |
+-----------+------------+-----------------------------------+


================================================================
== SW I/O Information
================================================================
* Top Function Arguments
+-------------+-----------+-------------------------------------------+
| Argument    | Direction | Datatype                                  |
+-------------+-----------+-------------------------------------------+
| model_input | in        | ap_fixed<12, 11, AP_RND_CONV, AP_SAT, 0>* |
| beam_input  | in        | ap_fixed<12, 11, AP_RND_CONV, AP_SAT, 0>* |
| nobj        | in        | ap_uint<5>                                |
| model_out   | out       | ap_fixed<6, 2, AP_RND_CONV, AP_SAT, 0>*   |
+-------------+-----------+-------------------------------------------+

* SW-to-HW Mapping
+-------------+--------------------+---------+
| Argument    | HW Interface       | HW Type |
+-------------+--------------------+---------+
| model_input | model_input_ap_vld | port    |
| model_input | model_input        | port    |
| beam_input  | beam_input_ap_vld  | port    |
| beam_input  | beam_input         | port    |
| nobj        | nobj               | port    |
| model_out   | model_out          | port    |
| model_out   | model_out_ap_vld   | port    |
+-------------+--------------------+---------+


================================================================
== Bind Op Report
================================================================
+---------------------------------------+------+--------+-------------------+-----+-----------+---------+
| Name                                  | DSP  | Pragma | Variable          | Op  | Impl      | Latency |
+---------------------------------------+------+--------+-------------------+-----+-----------+---------+
| + nPELICAN                            | 1068 |        |                   |     |           |         |
|   nobj_1_fu_889_p2                    |      |        | nobj_1            | add | fabric    | 0       |
|   mul_12s_12s_24_1_1_U11              | 1    |        | mul_ln46          | mul | auto      | 0       |
|   mac_mulsub_12s_12s_24s_24_1_1_U566  | 1    |        | mul_ln46_1        | mul | dsp_slice | 0       |
|   mac_mulsub_12s_12s_24s_24_1_1_U566  | 1    |        | sub_ln46          | sub | dsp_slice | 0       |
|   mac_mulsub_12s_12s_24s_25_1_1_U819  | 1    |        | mul_ln46_2        | mul | dsp_slice | 0       |
|   mac_mulsub_12s_12s_24s_25_1_1_U819  | 1    |        | sub_ln46_1        | sub | dsp_slice | 0       |
|   mac_mulsub_12s_12s_25s_25_1_1_U1072 | 1    |        | mul_ln46_3        | mul | dsp_slice | 0       |
|   mac_mulsub_12s_12s_25s_25_1_1_U1072 | 1    |        | sub_ln46_2        | sub | dsp_slice | 0       |
|   add_ln46_fu_5121_p2                 |      |        | add_ln46          | add | fabric    | 0       |
|   mul_12s_12s_24_1_1_U12              | 1    |        | mul_ln46_4        | mul | auto      | 0       |
|   mac_mulsub_12s_12s_24s_24_1_1_U567  | 1    |        | mul_ln46_5        | mul | dsp_slice | 0       |
|   mac_mulsub_12s_12s_24s_24_1_1_U567  | 1    |        | sub_ln46_3        | sub | dsp_slice | 0       |
|   mac_mulsub_12s_12s_24s_25_1_1_U820  | 1    |        | mul_ln46_6        | mul | dsp_slice | 0       |
|   mac_mulsub_12s_12s_24s_25_1_1_U820  | 1    |        | sub_ln46_4        | sub | dsp_slice | 0       |
|   mac_mulsub_12s_12s_25s_25_1_1_U1073 | 1    |        | mul_ln46_7        | mul | dsp_slice | 0       |
|   mac_mulsub_12s_12s_25s_25_1_1_U1073 | 1    |        | sub_ln46_5        | sub | dsp_slice | 0       |
|   add_ln46_1_fu_5313_p2               |      |        | add_ln46_1        | add | fabric    | 0       |
|   mul_12s_12s_24_1_1_U13              | 1    |        | mul_ln46_8        | mul | auto      | 0       |
|   mac_mulsub_12s_12s_24s_24_1_1_U568  | 1    |        | mul_ln46_9        | mul | dsp_slice | 0       |
|   mac_mulsub_12s_12s_24s_24_1_1_U568  | 1    |        | sub_ln46_6        | sub | dsp_slice | 0       |
|   mac_mulsub_12s_12s_24s_25_1_1_U821  | 1    |        | mul_ln46_10       | mul | dsp_slice | 0       |
|   mac_mulsub_12s_12s_24s_25_1_1_U821  | 1    |        | sub_ln46_7        | sub | dsp_slice | 0       |
|   mac_mulsub_12s_12s_25s_25_1_1_U1074 | 1    |        | mul_ln46_11       | mul | dsp_slice | 0       |
|   mac_mulsub_12s_12s_25s_25_1_1_U1074 | 1    |        | sub_ln46_8        | sub | dsp_slice | 0       |
|   add_ln46_2_fu_5505_p2               |      |        | add_ln46_2        | add | fabric    | 0       |
|   mul_12s_12s_24_1_1_U14              | 1    |        | mul_ln46_12       | mul | auto      | 0       |
|   mac_mulsub_12s_12s_24s_24_1_1_U569  | 1    |        | mul_ln46_13       | mul | dsp_slice | 0       |
|   mac_mulsub_12s_12s_24s_24_1_1_U569  | 1    |        | sub_ln46_9        | sub | dsp_slice | 0       |
|   mac_mulsub_12s_12s_24s_25_1_1_U822  | 1    |        | mul_ln46_14       | mul | dsp_slice | 0       |
|   mac_mulsub_12s_12s_24s_25_1_1_U822  | 1    |        | sub_ln46_10       | sub | dsp_slice | 0       |
|   mac_mulsub_12s_12s_25s_25_1_1_U1075 | 1    |        | mul_ln46_15       | mul | dsp_slice | 0       |
|   mac_mulsub_12s_12s_25s_25_1_1_U1075 | 1    |        | sub_ln46_11       | sub | dsp_slice | 0       |
|   add_ln46_3_fu_5697_p2               |      |        | add_ln46_3        | add | fabric    | 0       |
|   mul_12s_12s_24_1_1_U15              | 1    |        | mul_ln46_16       | mul | auto      | 0       |
|   mac_mulsub_12s_12s_24s_24_1_1_U570  | 1    |        | mul_ln46_17       | mul | dsp_slice | 0       |
|   mac_mulsub_12s_12s_24s_24_1_1_U570  | 1    |        | sub_ln46_12       | sub | dsp_slice | 0       |
|   mac_mulsub_12s_12s_24s_25_1_1_U823  | 1    |        | mul_ln46_18       | mul | dsp_slice | 0       |
|   mac_mulsub_12s_12s_24s_25_1_1_U823  | 1    |        | sub_ln46_13       | sub | dsp_slice | 0       |
|   mac_mulsub_12s_12s_25s_25_1_1_U1076 | 1    |        | mul_ln46_19       | mul | dsp_slice | 0       |
|   mac_mulsub_12s_12s_25s_25_1_1_U1076 | 1    |        | sub_ln46_14       | sub | dsp_slice | 0       |
|   add_ln46_4_fu_5889_p2               |      |        | add_ln46_4        | add | fabric    | 0       |
|   mul_12s_12s_24_1_1_U16              | 1    |        | mul_ln46_20       | mul | auto      | 0       |
|   mac_mulsub_12s_12s_24s_24_1_1_U571  | 1    |        | mul_ln46_21       | mul | dsp_slice | 0       |
|   mac_mulsub_12s_12s_24s_24_1_1_U571  | 1    |        | sub_ln46_15       | sub | dsp_slice | 0       |
|   mac_mulsub_12s_12s_24s_25_1_1_U824  | 1    |        | mul_ln46_22       | mul | dsp_slice | 0       |
|   mac_mulsub_12s_12s_24s_25_1_1_U824  | 1    |        | sub_ln46_16       | sub | dsp_slice | 0       |
|   mac_mulsub_12s_12s_25s_25_1_1_U1077 | 1    |        | mul_ln46_23       | mul | dsp_slice | 0       |
|   mac_mulsub_12s_12s_25s_25_1_1_U1077 | 1    |        | sub_ln46_17       | sub | dsp_slice | 0       |
|   add_ln46_5_fu_6081_p2               |      |        | add_ln46_5        | add | fabric    | 0       |
|   mul_12s_12s_24_1_1_U17              | 1    |        | mul_ln46_24       | mul | auto      | 0       |
|   mac_mulsub_12s_12s_24s_24_1_1_U572  | 1    |        | mul_ln46_25       | mul | dsp_slice | 0       |
|   mac_mulsub_12s_12s_24s_24_1_1_U572  | 1    |        | sub_ln46_18       | sub | dsp_slice | 0       |
|   mac_mulsub_12s_12s_24s_25_1_1_U825  | 1    |        | mul_ln46_26       | mul | dsp_slice | 0       |
|   mac_mulsub_12s_12s_24s_25_1_1_U825  | 1    |        | sub_ln46_19       | sub | dsp_slice | 0       |
|   mac_mulsub_12s_12s_25s_25_1_1_U1078 | 1    |        | mul_ln46_27       | mul | dsp_slice | 0       |
|   mac_mulsub_12s_12s_25s_25_1_1_U1078 | 1    |        | sub_ln46_20       | sub | dsp_slice | 0       |
|   add_ln46_6_fu_6273_p2               |      |        | add_ln46_6        | add | fabric    | 0       |
|   mul_12s_12s_24_1_1_U18              | 1    |        | mul_ln46_28       | mul | auto      | 0       |
|   mac_mulsub_12s_12s_24s_24_1_1_U573  | 1    |        | mul_ln46_29       | mul | dsp_slice | 0       |
|   mac_mulsub_12s_12s_24s_24_1_1_U573  | 1    |        | sub_ln46_21       | sub | dsp_slice | 0       |
|   mac_mulsub_12s_12s_24s_25_1_1_U826  | 1    |        | mul_ln46_30       | mul | dsp_slice | 0       |
|   mac_mulsub_12s_12s_24s_25_1_1_U826  | 1    |        | sub_ln46_22       | sub | dsp_slice | 0       |
|   mac_mulsub_12s_12s_25s_25_1_1_U1079 | 1    |        | mul_ln46_31       | mul | dsp_slice | 0       |
|   mac_mulsub_12s_12s_25s_25_1_1_U1079 | 1    |        | sub_ln46_23       | sub | dsp_slice | 0       |
|   add_ln46_7_fu_6465_p2               |      |        | add_ln46_7        | add | fabric    | 0       |
|   mul_12s_12s_24_1_1_U19              | 1    |        | mul_ln46_32       | mul | auto      | 0       |
|   mac_mulsub_12s_12s_24s_24_1_1_U574  | 1    |        | mul_ln46_33       | mul | dsp_slice | 0       |
|   mac_mulsub_12s_12s_24s_24_1_1_U574  | 1    |        | sub_ln46_24       | sub | dsp_slice | 0       |
|   mac_mulsub_12s_12s_24s_25_1_1_U827  | 1    |        | mul_ln46_34       | mul | dsp_slice | 0       |
|   mac_mulsub_12s_12s_24s_25_1_1_U827  | 1    |        | sub_ln46_25       | sub | dsp_slice | 0       |
|   mac_mulsub_12s_12s_25s_25_1_1_U1080 | 1    |        | mul_ln46_35       | mul | dsp_slice | 0       |
|   mac_mulsub_12s_12s_25s_25_1_1_U1080 | 1    |        | sub_ln46_26       | sub | dsp_slice | 0       |
|   add_ln46_8_fu_6657_p2               |      |        | add_ln46_8        | add | fabric    | 0       |
|   mul_12s_12s_24_1_1_U20              | 1    |        | mul_ln46_36       | mul | auto      | 0       |
|   mac_mulsub_12s_12s_24s_24_1_1_U575  | 1    |        | mul_ln46_37       | mul | dsp_slice | 0       |
|   mac_mulsub_12s_12s_24s_24_1_1_U575  | 1    |        | sub_ln46_27       | sub | dsp_slice | 0       |
|   mac_mulsub_12s_12s_24s_25_1_1_U828  | 1    |        | mul_ln46_38       | mul | dsp_slice | 0       |
|   mac_mulsub_12s_12s_24s_25_1_1_U828  | 1    |        | sub_ln46_28       | sub | dsp_slice | 0       |
|   mac_mulsub_12s_12s_25s_25_1_1_U1081 | 1    |        | mul_ln46_39       | mul | dsp_slice | 0       |
|   mac_mulsub_12s_12s_25s_25_1_1_U1081 | 1    |        | sub_ln46_29       | sub | dsp_slice | 0       |
|   add_ln46_9_fu_6849_p2               |      |        | add_ln46_9        | add | fabric    | 0       |
|   mul_12s_12s_24_1_1_U21              | 1    |        | mul_ln46_40       | mul | auto      | 0       |
|   mac_mulsub_12s_12s_24s_24_1_1_U576  | 1    |        | mul_ln46_41       | mul | dsp_slice | 0       |
|   mac_mulsub_12s_12s_24s_24_1_1_U576  | 1    |        | sub_ln46_30       | sub | dsp_slice | 0       |
|   mac_mulsub_12s_12s_24s_25_1_1_U829  | 1    |        | mul_ln46_42       | mul | dsp_slice | 0       |
|   mac_mulsub_12s_12s_24s_25_1_1_U829  | 1    |        | sub_ln46_31       | sub | dsp_slice | 0       |
|   mac_mulsub_12s_12s_25s_25_1_1_U1082 | 1    |        | mul_ln46_43       | mul | dsp_slice | 0       |
|   mac_mulsub_12s_12s_25s_25_1_1_U1082 | 1    |        | sub_ln46_32       | sub | dsp_slice | 0       |
|   add_ln46_10_fu_7041_p2              |      |        | add_ln46_10       | add | fabric    | 0       |
|   mul_12s_12s_24_1_1_U22              | 1    |        | mul_ln46_44       | mul | auto      | 0       |
|   mac_mulsub_12s_12s_24s_24_1_1_U577  | 1    |        | mul_ln46_45       | mul | dsp_slice | 0       |
|   mac_mulsub_12s_12s_24s_24_1_1_U577  | 1    |        | sub_ln46_33       | sub | dsp_slice | 0       |
|   mac_mulsub_12s_12s_24s_25_1_1_U830  | 1    |        | mul_ln46_46       | mul | dsp_slice | 0       |
|   mac_mulsub_12s_12s_24s_25_1_1_U830  | 1    |        | sub_ln46_34       | sub | dsp_slice | 0       |
|   mac_mulsub_12s_12s_25s_25_1_1_U1083 | 1    |        | mul_ln46_47       | mul | dsp_slice | 0       |
|   mac_mulsub_12s_12s_25s_25_1_1_U1083 | 1    |        | sub_ln46_35       | sub | dsp_slice | 0       |
|   add_ln46_11_fu_7233_p2              |      |        | add_ln46_11       | add | fabric    | 0       |
|   mul_12s_12s_24_1_1_U23              | 1    |        | mul_ln46_48       | mul | auto      | 0       |
|   mac_mulsub_12s_12s_24s_24_1_1_U578  | 1    |        | mul_ln46_49       | mul | dsp_slice | 0       |
|   mac_mulsub_12s_12s_24s_24_1_1_U578  | 1    |        | sub_ln46_36       | sub | dsp_slice | 0       |
|   mac_mulsub_12s_12s_24s_25_1_1_U831  | 1    |        | mul_ln46_50       | mul | dsp_slice | 0       |
|   mac_mulsub_12s_12s_24s_25_1_1_U831  | 1    |        | sub_ln46_37       | sub | dsp_slice | 0       |
|   mac_mulsub_12s_12s_25s_25_1_1_U1084 | 1    |        | mul_ln46_51       | mul | dsp_slice | 0       |
|   mac_mulsub_12s_12s_25s_25_1_1_U1084 | 1    |        | sub_ln46_38       | sub | dsp_slice | 0       |
|   add_ln46_12_fu_7425_p2              |      |        | add_ln46_12       | add | fabric    | 0       |
|   mul_12s_12s_24_1_1_U24              | 1    |        | mul_ln46_52       | mul | auto      | 0       |
|   mac_mulsub_12s_12s_24s_24_1_1_U579  | 1    |        | mul_ln46_53       | mul | dsp_slice | 0       |
|   mac_mulsub_12s_12s_24s_24_1_1_U579  | 1    |        | sub_ln46_39       | sub | dsp_slice | 0       |
|   mac_mulsub_12s_12s_24s_25_1_1_U832  | 1    |        | mul_ln46_54       | mul | dsp_slice | 0       |
|   mac_mulsub_12s_12s_24s_25_1_1_U832  | 1    |        | sub_ln46_40       | sub | dsp_slice | 0       |
|   mac_mulsub_12s_12s_25s_25_1_1_U1085 | 1    |        | mul_ln46_55       | mul | dsp_slice | 0       |
|   mac_mulsub_12s_12s_25s_25_1_1_U1085 | 1    |        | sub_ln46_41       | sub | dsp_slice | 0       |
|   add_ln46_13_fu_7617_p2              |      |        | add_ln46_13       | add | fabric    | 0       |
|   mul_12s_12s_24_1_1_U25              | 1    |        | mul_ln46_56       | mul | auto      | 0       |
|   mac_mulsub_12s_12s_24s_24_1_1_U580  | 1    |        | mul_ln46_57       | mul | dsp_slice | 0       |
|   mac_mulsub_12s_12s_24s_24_1_1_U580  | 1    |        | sub_ln46_42       | sub | dsp_slice | 0       |
|   mac_mulsub_12s_12s_24s_25_1_1_U833  | 1    |        | mul_ln46_58       | mul | dsp_slice | 0       |
|   mac_mulsub_12s_12s_24s_25_1_1_U833  | 1    |        | sub_ln46_43       | sub | dsp_slice | 0       |
|   mac_mulsub_12s_12s_25s_25_1_1_U1086 | 1    |        | mul_ln46_59       | mul | dsp_slice | 0       |
|   mac_mulsub_12s_12s_25s_25_1_1_U1086 | 1    |        | sub_ln46_44       | sub | dsp_slice | 0       |
|   add_ln46_14_fu_7809_p2              |      |        | add_ln46_14       | add | fabric    | 0       |
|   mul_12s_12s_24_1_1_U26              | 1    |        | mul_ln46_60       | mul | auto      | 0       |
|   mac_mulsub_12s_12s_24s_24_1_1_U581  | 1    |        | mul_ln46_61       | mul | dsp_slice | 0       |
|   mac_mulsub_12s_12s_24s_24_1_1_U581  | 1    |        | sub_ln46_45       | sub | dsp_slice | 0       |
|   mac_mulsub_12s_12s_24s_25_1_1_U834  | 1    |        | mul_ln46_62       | mul | dsp_slice | 0       |
|   mac_mulsub_12s_12s_24s_25_1_1_U834  | 1    |        | sub_ln46_46       | sub | dsp_slice | 0       |
|   mac_mulsub_12s_12s_25s_25_1_1_U1087 | 1    |        | mul_ln46_63       | mul | dsp_slice | 0       |
|   mac_mulsub_12s_12s_25s_25_1_1_U1087 | 1    |        | sub_ln46_47       | sub | dsp_slice | 0       |
|   add_ln46_15_fu_8001_p2              |      |        | add_ln46_15       | add | fabric    | 0       |
|   mul_12s_12s_24_1_1_U27              | 1    |        | mul_ln46_64       | mul | auto      | 0       |
|   mac_mulsub_12s_12s_24s_24_1_1_U582  | 1    |        | mul_ln46_65       | mul | dsp_slice | 0       |
|   mac_mulsub_12s_12s_24s_24_1_1_U582  | 1    |        | sub_ln46_48       | sub | dsp_slice | 0       |
|   mac_mulsub_12s_12s_24s_25_1_1_U835  | 1    |        | mul_ln46_66       | mul | dsp_slice | 0       |
|   mac_mulsub_12s_12s_24s_25_1_1_U835  | 1    |        | sub_ln46_49       | sub | dsp_slice | 0       |
|   mac_mulsub_12s_12s_25s_25_1_1_U1088 | 1    |        | mul_ln46_67       | mul | dsp_slice | 0       |
|   mac_mulsub_12s_12s_25s_25_1_1_U1088 | 1    |        | sub_ln46_50       | sub | dsp_slice | 0       |
|   add_ln46_16_fu_8193_p2              |      |        | add_ln46_16       | add | fabric    | 0       |
|   mul_12s_12s_24_1_1_U28              | 1    |        | mul_ln46_68       | mul | auto      | 0       |
|   mac_mulsub_12s_12s_24s_24_1_1_U583  | 1    |        | mul_ln46_69       | mul | dsp_slice | 0       |
|   mac_mulsub_12s_12s_24s_24_1_1_U583  | 1    |        | sub_ln46_51       | sub | dsp_slice | 0       |
|   mac_mulsub_12s_12s_24s_25_1_1_U836  | 1    |        | mul_ln46_70       | mul | dsp_slice | 0       |
|   mac_mulsub_12s_12s_24s_25_1_1_U836  | 1    |        | sub_ln46_52       | sub | dsp_slice | 0       |
|   mac_mulsub_12s_12s_25s_25_1_1_U1089 | 1    |        | mul_ln46_71       | mul | dsp_slice | 0       |
|   mac_mulsub_12s_12s_25s_25_1_1_U1089 | 1    |        | sub_ln46_53       | sub | dsp_slice | 0       |
|   add_ln46_17_fu_8385_p2              |      |        | add_ln46_17       | add | fabric    | 0       |
|   mul_12s_12s_24_1_1_U29              | 1    |        | mul_ln46_72       | mul | auto      | 0       |
|   mac_mulsub_12s_12s_24s_24_1_1_U584  | 1    |        | mul_ln46_73       | mul | dsp_slice | 0       |
|   mac_mulsub_12s_12s_24s_24_1_1_U584  | 1    |        | sub_ln46_54       | sub | dsp_slice | 0       |
|   mac_mulsub_12s_12s_24s_25_1_1_U837  | 1    |        | mul_ln46_74       | mul | dsp_slice | 0       |
|   mac_mulsub_12s_12s_24s_25_1_1_U837  | 1    |        | sub_ln46_55       | sub | dsp_slice | 0       |
|   mac_mulsub_12s_12s_25s_25_1_1_U1090 | 1    |        | mul_ln46_75       | mul | dsp_slice | 0       |
|   mac_mulsub_12s_12s_25s_25_1_1_U1090 | 1    |        | sub_ln46_56       | sub | dsp_slice | 0       |
|   add_ln46_18_fu_8577_p2              |      |        | add_ln46_18       | add | fabric    | 0       |
|   mul_12s_12s_24_1_1_U30              | 1    |        | mul_ln46_76       | mul | auto      | 0       |
|   mac_mulsub_12s_12s_24s_24_1_1_U585  | 1    |        | mul_ln46_77       | mul | dsp_slice | 0       |
|   mac_mulsub_12s_12s_24s_24_1_1_U585  | 1    |        | sub_ln46_57       | sub | dsp_slice | 0       |
|   mac_mulsub_12s_12s_24s_25_1_1_U838  | 1    |        | mul_ln46_78       | mul | dsp_slice | 0       |
|   mac_mulsub_12s_12s_24s_25_1_1_U838  | 1    |        | sub_ln46_58       | sub | dsp_slice | 0       |
|   mac_mulsub_12s_12s_25s_25_1_1_U1091 | 1    |        | mul_ln46_79       | mul | dsp_slice | 0       |
|   mac_mulsub_12s_12s_25s_25_1_1_U1091 | 1    |        | sub_ln46_59       | sub | dsp_slice | 0       |
|   add_ln46_19_fu_8769_p2              |      |        | add_ln46_19       | add | fabric    | 0       |
|   mul_12s_12s_24_1_1_U31              | 1    |        | mul_ln46_80       | mul | auto      | 0       |
|   mac_mulsub_12s_12s_24s_24_1_1_U586  | 1    |        | mul_ln46_81       | mul | dsp_slice | 0       |
|   mac_mulsub_12s_12s_24s_24_1_1_U586  | 1    |        | sub_ln46_60       | sub | dsp_slice | 0       |
|   mac_mulsub_12s_12s_24s_25_1_1_U839  | 1    |        | mul_ln46_82       | mul | dsp_slice | 0       |
|   mac_mulsub_12s_12s_24s_25_1_1_U839  | 1    |        | sub_ln46_61       | sub | dsp_slice | 0       |
|   mac_mulsub_12s_12s_25s_25_1_1_U1092 | 1    |        | mul_ln46_83       | mul | dsp_slice | 0       |
|   mac_mulsub_12s_12s_25s_25_1_1_U1092 | 1    |        | sub_ln46_62       | sub | dsp_slice | 0       |
|   add_ln46_20_fu_8961_p2              |      |        | add_ln46_20       | add | fabric    | 0       |
|   mul_12s_12s_24_1_1_U32              | 1    |        | mul_ln46_84       | mul | auto      | 0       |
|   mac_mulsub_12s_12s_24s_24_1_1_U587  | 1    |        | mul_ln46_85       | mul | dsp_slice | 0       |
|   mac_mulsub_12s_12s_24s_24_1_1_U587  | 1    |        | sub_ln46_63       | sub | dsp_slice | 0       |
|   mac_mulsub_12s_12s_24s_25_1_1_U840  | 1    |        | mul_ln46_86       | mul | dsp_slice | 0       |
|   mac_mulsub_12s_12s_24s_25_1_1_U840  | 1    |        | sub_ln46_64       | sub | dsp_slice | 0       |
|   mac_mulsub_12s_12s_25s_25_1_1_U1093 | 1    |        | mul_ln46_87       | mul | dsp_slice | 0       |
|   mac_mulsub_12s_12s_25s_25_1_1_U1093 | 1    |        | sub_ln46_65       | sub | dsp_slice | 0       |
|   add_ln46_21_fu_9153_p2              |      |        | add_ln46_21       | add | fabric    | 0       |
|   mul_12s_12s_24_1_1_U33              | 1    |        | mul_ln46_88       | mul | auto      | 0       |
|   mac_mulsub_12s_12s_24s_24_1_1_U588  | 1    |        | mul_ln46_89       | mul | dsp_slice | 0       |
|   mac_mulsub_12s_12s_24s_24_1_1_U588  | 1    |        | sub_ln46_66       | sub | dsp_slice | 0       |
|   mac_mulsub_12s_12s_24s_25_1_1_U841  | 1    |        | mul_ln46_90       | mul | dsp_slice | 0       |
|   mac_mulsub_12s_12s_24s_25_1_1_U841  | 1    |        | sub_ln46_67       | sub | dsp_slice | 0       |
|   mac_mulsub_12s_12s_25s_25_1_1_U1094 | 1    |        | mul_ln46_91       | mul | dsp_slice | 0       |
|   mac_mulsub_12s_12s_25s_25_1_1_U1094 | 1    |        | sub_ln46_68       | sub | dsp_slice | 0       |
|   add_ln46_22_fu_9342_p2              |      |        | add_ln46_22       | add | fabric    | 0       |
|   mul_12s_12s_24_1_1_U34              | 1    |        | mul_ln46_92       | mul | auto      | 0       |
|   mac_mulsub_12s_12s_24s_24_1_1_U589  | 1    |        | mul_ln46_93       | mul | dsp_slice | 0       |
|   mac_mulsub_12s_12s_24s_24_1_1_U589  | 1    |        | sub_ln46_69       | sub | dsp_slice | 0       |
|   mac_mulsub_12s_12s_24s_25_1_1_U842  | 1    |        | mul_ln46_94       | mul | dsp_slice | 0       |
|   mac_mulsub_12s_12s_24s_25_1_1_U842  | 1    |        | sub_ln46_70       | sub | dsp_slice | 0       |
|   mac_mulsub_12s_12s_25s_25_1_1_U1095 | 1    |        | mul_ln46_95       | mul | dsp_slice | 0       |
|   mac_mulsub_12s_12s_25s_25_1_1_U1095 | 1    |        | sub_ln46_71       | sub | dsp_slice | 0       |
|   add_ln46_23_fu_9531_p2              |      |        | add_ln46_23       | add | fabric    | 0       |
|   mul_12s_12s_24_1_1_U35              | 1    |        | mul_ln46_96       | mul | auto      | 0       |
|   mac_mulsub_12s_12s_24s_24_1_1_U590  | 1    |        | mul_ln46_97       | mul | dsp_slice | 0       |
|   mac_mulsub_12s_12s_24s_24_1_1_U590  | 1    |        | sub_ln46_72       | sub | dsp_slice | 0       |
|   mac_mulsub_12s_12s_24s_25_1_1_U843  | 1    |        | mul_ln46_98       | mul | dsp_slice | 0       |
|   mac_mulsub_12s_12s_24s_25_1_1_U843  | 1    |        | sub_ln46_73       | sub | dsp_slice | 0       |
|   mac_mulsub_12s_12s_25s_25_1_1_U1096 | 1    |        | mul_ln46_99       | mul | dsp_slice | 0       |
|   mac_mulsub_12s_12s_25s_25_1_1_U1096 | 1    |        | sub_ln46_74       | sub | dsp_slice | 0       |
|   add_ln46_24_fu_9720_p2              |      |        | add_ln46_24       | add | fabric    | 0       |
|   mul_12s_12s_24_1_1_U36              | 1    |        | mul_ln46_100      | mul | auto      | 0       |
|   mac_mulsub_12s_12s_24s_24_1_1_U591  | 1    |        | mul_ln46_101      | mul | dsp_slice | 0       |
|   mac_mulsub_12s_12s_24s_24_1_1_U591  | 1    |        | sub_ln46_75       | sub | dsp_slice | 0       |
|   mac_mulsub_12s_12s_24s_25_1_1_U844  | 1    |        | mul_ln46_102      | mul | dsp_slice | 0       |
|   mac_mulsub_12s_12s_24s_25_1_1_U844  | 1    |        | sub_ln46_76       | sub | dsp_slice | 0       |
|   mac_mulsub_12s_12s_25s_25_1_1_U1097 | 1    |        | mul_ln46_103      | mul | dsp_slice | 0       |
|   mac_mulsub_12s_12s_25s_25_1_1_U1097 | 1    |        | sub_ln46_77       | sub | dsp_slice | 0       |
|   add_ln46_25_fu_9909_p2              |      |        | add_ln46_25       | add | fabric    | 0       |
|   mul_12s_12s_24_1_1_U37              | 1    |        | mul_ln46_104      | mul | auto      | 0       |
|   mac_mulsub_12s_12s_24s_24_1_1_U592  | 1    |        | mul_ln46_105      | mul | dsp_slice | 0       |
|   mac_mulsub_12s_12s_24s_24_1_1_U592  | 1    |        | sub_ln46_78       | sub | dsp_slice | 0       |
|   mac_mulsub_12s_12s_24s_25_1_1_U845  | 1    |        | mul_ln46_106      | mul | dsp_slice | 0       |
|   mac_mulsub_12s_12s_24s_25_1_1_U845  | 1    |        | sub_ln46_79       | sub | dsp_slice | 0       |
|   mac_mulsub_12s_12s_25s_25_1_1_U1098 | 1    |        | mul_ln46_107      | mul | dsp_slice | 0       |
|   mac_mulsub_12s_12s_25s_25_1_1_U1098 | 1    |        | sub_ln46_80       | sub | dsp_slice | 0       |
|   add_ln46_26_fu_10098_p2             |      |        | add_ln46_26       | add | fabric    | 0       |
|   mul_12s_12s_24_1_1_U38              | 1    |        | mul_ln46_108      | mul | auto      | 0       |
|   mac_mulsub_12s_12s_24s_24_1_1_U593  | 1    |        | mul_ln46_109      | mul | dsp_slice | 0       |
|   mac_mulsub_12s_12s_24s_24_1_1_U593  | 1    |        | sub_ln46_81       | sub | dsp_slice | 0       |
|   mac_mulsub_12s_12s_24s_25_1_1_U846  | 1    |        | mul_ln46_110      | mul | dsp_slice | 0       |
|   mac_mulsub_12s_12s_24s_25_1_1_U846  | 1    |        | sub_ln46_82       | sub | dsp_slice | 0       |
|   mac_mulsub_12s_12s_25s_25_1_1_U1099 | 1    |        | mul_ln46_111      | mul | dsp_slice | 0       |
|   mac_mulsub_12s_12s_25s_25_1_1_U1099 | 1    |        | sub_ln46_83       | sub | dsp_slice | 0       |
|   add_ln46_27_fu_10287_p2             |      |        | add_ln46_27       | add | fabric    | 0       |
|   mul_12s_12s_24_1_1_U39              | 1    |        | mul_ln46_112      | mul | auto      | 0       |
|   mac_mulsub_12s_12s_24s_24_1_1_U594  | 1    |        | mul_ln46_113      | mul | dsp_slice | 0       |
|   mac_mulsub_12s_12s_24s_24_1_1_U594  | 1    |        | sub_ln46_84       | sub | dsp_slice | 0       |
|   mac_mulsub_12s_12s_24s_25_1_1_U847  | 1    |        | mul_ln46_114      | mul | dsp_slice | 0       |
|   mac_mulsub_12s_12s_24s_25_1_1_U847  | 1    |        | sub_ln46_85       | sub | dsp_slice | 0       |
|   mac_mulsub_12s_12s_25s_25_1_1_U1100 | 1    |        | mul_ln46_115      | mul | dsp_slice | 0       |
|   mac_mulsub_12s_12s_25s_25_1_1_U1100 | 1    |        | sub_ln46_86       | sub | dsp_slice | 0       |
|   add_ln46_28_fu_10476_p2             |      |        | add_ln46_28       | add | fabric    | 0       |
|   mul_12s_12s_24_1_1_U40              | 1    |        | mul_ln46_116      | mul | auto      | 0       |
|   mac_mulsub_12s_12s_24s_24_1_1_U595  | 1    |        | mul_ln46_117      | mul | dsp_slice | 0       |
|   mac_mulsub_12s_12s_24s_24_1_1_U595  | 1    |        | sub_ln46_87       | sub | dsp_slice | 0       |
|   mac_mulsub_12s_12s_24s_25_1_1_U848  | 1    |        | mul_ln46_118      | mul | dsp_slice | 0       |
|   mac_mulsub_12s_12s_24s_25_1_1_U848  | 1    |        | sub_ln46_88       | sub | dsp_slice | 0       |
|   mac_mulsub_12s_12s_25s_25_1_1_U1101 | 1    |        | mul_ln46_119      | mul | dsp_slice | 0       |
|   mac_mulsub_12s_12s_25s_25_1_1_U1101 | 1    |        | sub_ln46_89       | sub | dsp_slice | 0       |
|   add_ln46_29_fu_10665_p2             |      |        | add_ln46_29       | add | fabric    | 0       |
|   mul_12s_12s_24_1_1_U41              | 1    |        | mul_ln46_120      | mul | auto      | 0       |
|   mac_mulsub_12s_12s_24s_24_1_1_U596  | 1    |        | mul_ln46_121      | mul | dsp_slice | 0       |
|   mac_mulsub_12s_12s_24s_24_1_1_U596  | 1    |        | sub_ln46_90       | sub | dsp_slice | 0       |
|   mac_mulsub_12s_12s_24s_25_1_1_U849  | 1    |        | mul_ln46_122      | mul | dsp_slice | 0       |
|   mac_mulsub_12s_12s_24s_25_1_1_U849  | 1    |        | sub_ln46_91       | sub | dsp_slice | 0       |
|   mac_mulsub_12s_12s_25s_25_1_1_U1102 | 1    |        | mul_ln46_123      | mul | dsp_slice | 0       |
|   mac_mulsub_12s_12s_25s_25_1_1_U1102 | 1    |        | sub_ln46_92       | sub | dsp_slice | 0       |
|   add_ln46_30_fu_10854_p2             |      |        | add_ln46_30       | add | fabric    | 0       |
|   mul_12s_12s_24_1_1_U42              | 1    |        | mul_ln46_124      | mul | auto      | 0       |
|   mac_mulsub_12s_12s_24s_24_1_1_U597  | 1    |        | mul_ln46_125      | mul | dsp_slice | 0       |
|   mac_mulsub_12s_12s_24s_24_1_1_U597  | 1    |        | sub_ln46_93       | sub | dsp_slice | 0       |
|   mac_mulsub_12s_12s_24s_25_1_1_U850  | 1    |        | mul_ln46_126      | mul | dsp_slice | 0       |
|   mac_mulsub_12s_12s_24s_25_1_1_U850  | 1    |        | sub_ln46_94       | sub | dsp_slice | 0       |
|   mac_mulsub_12s_12s_25s_25_1_1_U1103 | 1    |        | mul_ln46_127      | mul | dsp_slice | 0       |
|   mac_mulsub_12s_12s_25s_25_1_1_U1103 | 1    |        | sub_ln46_95       | sub | dsp_slice | 0       |
|   add_ln46_31_fu_11043_p2             |      |        | add_ln46_31       | add | fabric    | 0       |
|   mul_12s_12s_24_1_1_U43              | 1    |        | mul_ln46_128      | mul | auto      | 0       |
|   mac_mulsub_12s_12s_24s_24_1_1_U598  | 1    |        | mul_ln46_129      | mul | dsp_slice | 0       |
|   mac_mulsub_12s_12s_24s_24_1_1_U598  | 1    |        | sub_ln46_96       | sub | dsp_slice | 0       |
|   mac_mulsub_12s_12s_24s_25_1_1_U851  | 1    |        | mul_ln46_130      | mul | dsp_slice | 0       |
|   mac_mulsub_12s_12s_24s_25_1_1_U851  | 1    |        | sub_ln46_97       | sub | dsp_slice | 0       |
|   mac_mulsub_12s_12s_25s_25_1_1_U1104 | 1    |        | mul_ln46_131      | mul | dsp_slice | 0       |
|   mac_mulsub_12s_12s_25s_25_1_1_U1104 | 1    |        | sub_ln46_98       | sub | dsp_slice | 0       |
|   add_ln46_32_fu_11232_p2             |      |        | add_ln46_32       | add | fabric    | 0       |
|   mul_12s_12s_24_1_1_U44              | 1    |        | mul_ln46_132      | mul | auto      | 0       |
|   mac_mulsub_12s_12s_24s_24_1_1_U599  | 1    |        | mul_ln46_133      | mul | dsp_slice | 0       |
|   mac_mulsub_12s_12s_24s_24_1_1_U599  | 1    |        | sub_ln46_99       | sub | dsp_slice | 0       |
|   mac_mulsub_12s_12s_24s_25_1_1_U852  | 1    |        | mul_ln46_134      | mul | dsp_slice | 0       |
|   mac_mulsub_12s_12s_24s_25_1_1_U852  | 1    |        | sub_ln46_100      | sub | dsp_slice | 0       |
|   mac_mulsub_12s_12s_25s_25_1_1_U1105 | 1    |        | mul_ln46_135      | mul | dsp_slice | 0       |
|   mac_mulsub_12s_12s_25s_25_1_1_U1105 | 1    |        | sub_ln46_101      | sub | dsp_slice | 0       |
|   add_ln46_33_fu_11421_p2             |      |        | add_ln46_33       | add | fabric    | 0       |
|   mul_12s_12s_24_1_1_U45              | 1    |        | mul_ln46_136      | mul | auto      | 0       |
|   mac_mulsub_12s_12s_24s_24_1_1_U600  | 1    |        | mul_ln46_137      | mul | dsp_slice | 0       |
|   mac_mulsub_12s_12s_24s_24_1_1_U600  | 1    |        | sub_ln46_102      | sub | dsp_slice | 0       |
|   mac_mulsub_12s_12s_24s_25_1_1_U853  | 1    |        | mul_ln46_138      | mul | dsp_slice | 0       |
|   mac_mulsub_12s_12s_24s_25_1_1_U853  | 1    |        | sub_ln46_103      | sub | dsp_slice | 0       |
|   mac_mulsub_12s_12s_25s_25_1_1_U1106 | 1    |        | mul_ln46_139      | mul | dsp_slice | 0       |
|   mac_mulsub_12s_12s_25s_25_1_1_U1106 | 1    |        | sub_ln46_104      | sub | dsp_slice | 0       |
|   add_ln46_34_fu_11610_p2             |      |        | add_ln46_34       | add | fabric    | 0       |
|   mul_12s_12s_24_1_1_U46              | 1    |        | mul_ln46_140      | mul | auto      | 0       |
|   mac_mulsub_12s_12s_24s_24_1_1_U601  | 1    |        | mul_ln46_141      | mul | dsp_slice | 0       |
|   mac_mulsub_12s_12s_24s_24_1_1_U601  | 1    |        | sub_ln46_105      | sub | dsp_slice | 0       |
|   mac_mulsub_12s_12s_24s_25_1_1_U854  | 1    |        | mul_ln46_142      | mul | dsp_slice | 0       |
|   mac_mulsub_12s_12s_24s_25_1_1_U854  | 1    |        | sub_ln46_106      | sub | dsp_slice | 0       |
|   mac_mulsub_12s_12s_25s_25_1_1_U1107 | 1    |        | mul_ln46_143      | mul | dsp_slice | 0       |
|   mac_mulsub_12s_12s_25s_25_1_1_U1107 | 1    |        | sub_ln46_107      | sub | dsp_slice | 0       |
|   add_ln46_35_fu_11799_p2             |      |        | add_ln46_35       | add | fabric    | 0       |
|   mul_12s_12s_24_1_1_U47              | 1    |        | mul_ln46_144      | mul | auto      | 0       |
|   mac_mulsub_12s_12s_24s_24_1_1_U602  | 1    |        | mul_ln46_145      | mul | dsp_slice | 0       |
|   mac_mulsub_12s_12s_24s_24_1_1_U602  | 1    |        | sub_ln46_108      | sub | dsp_slice | 0       |
|   mac_mulsub_12s_12s_24s_25_1_1_U855  | 1    |        | mul_ln46_146      | mul | dsp_slice | 0       |
|   mac_mulsub_12s_12s_24s_25_1_1_U855  | 1    |        | sub_ln46_109      | sub | dsp_slice | 0       |
|   mac_mulsub_12s_12s_25s_25_1_1_U1108 | 1    |        | mul_ln46_147      | mul | dsp_slice | 0       |
|   mac_mulsub_12s_12s_25s_25_1_1_U1108 | 1    |        | sub_ln46_110      | sub | dsp_slice | 0       |
|   add_ln46_36_fu_11988_p2             |      |        | add_ln46_36       | add | fabric    | 0       |
|   mul_12s_12s_24_1_1_U48              | 1    |        | mul_ln46_148      | mul | auto      | 0       |
|   mac_mulsub_12s_12s_24s_24_1_1_U603  | 1    |        | mul_ln46_149      | mul | dsp_slice | 0       |
|   mac_mulsub_12s_12s_24s_24_1_1_U603  | 1    |        | sub_ln46_111      | sub | dsp_slice | 0       |
|   mac_mulsub_12s_12s_24s_25_1_1_U856  | 1    |        | mul_ln46_150      | mul | dsp_slice | 0       |
|   mac_mulsub_12s_12s_24s_25_1_1_U856  | 1    |        | sub_ln46_112      | sub | dsp_slice | 0       |
|   mac_mulsub_12s_12s_25s_25_1_1_U1109 | 1    |        | mul_ln46_151      | mul | dsp_slice | 0       |
|   mac_mulsub_12s_12s_25s_25_1_1_U1109 | 1    |        | sub_ln46_113      | sub | dsp_slice | 0       |
|   add_ln46_37_fu_12177_p2             |      |        | add_ln46_37       | add | fabric    | 0       |
|   mul_12s_12s_24_1_1_U49              | 1    |        | mul_ln46_152      | mul | auto      | 0       |
|   mac_mulsub_12s_12s_24s_24_1_1_U604  | 1    |        | mul_ln46_153      | mul | dsp_slice | 0       |
|   mac_mulsub_12s_12s_24s_24_1_1_U604  | 1    |        | sub_ln46_114      | sub | dsp_slice | 0       |
|   mac_mulsub_12s_12s_24s_25_1_1_U857  | 1    |        | mul_ln46_154      | mul | dsp_slice | 0       |
|   mac_mulsub_12s_12s_24s_25_1_1_U857  | 1    |        | sub_ln46_115      | sub | dsp_slice | 0       |
|   mac_mulsub_12s_12s_25s_25_1_1_U1110 | 1    |        | mul_ln46_155      | mul | dsp_slice | 0       |
|   mac_mulsub_12s_12s_25s_25_1_1_U1110 | 1    |        | sub_ln46_116      | sub | dsp_slice | 0       |
|   add_ln46_38_fu_12366_p2             |      |        | add_ln46_38       | add | fabric    | 0       |
|   mul_12s_12s_24_1_1_U50              | 1    |        | mul_ln46_156      | mul | auto      | 0       |
|   mac_mulsub_12s_12s_24s_24_1_1_U605  | 1    |        | mul_ln46_157      | mul | dsp_slice | 0       |
|   mac_mulsub_12s_12s_24s_24_1_1_U605  | 1    |        | sub_ln46_117      | sub | dsp_slice | 0       |
|   mac_mulsub_12s_12s_24s_25_1_1_U858  | 1    |        | mul_ln46_158      | mul | dsp_slice | 0       |
|   mac_mulsub_12s_12s_24s_25_1_1_U858  | 1    |        | sub_ln46_118      | sub | dsp_slice | 0       |
|   mac_mulsub_12s_12s_25s_25_1_1_U1111 | 1    |        | mul_ln46_159      | mul | dsp_slice | 0       |
|   mac_mulsub_12s_12s_25s_25_1_1_U1111 | 1    |        | sub_ln46_119      | sub | dsp_slice | 0       |
|   add_ln46_39_fu_12555_p2             |      |        | add_ln46_39       | add | fabric    | 0       |
|   mul_12s_12s_24_1_1_U51              | 1    |        | mul_ln46_160      | mul | auto      | 0       |
|   mac_mulsub_12s_12s_24s_24_1_1_U606  | 1    |        | mul_ln46_161      | mul | dsp_slice | 0       |
|   mac_mulsub_12s_12s_24s_24_1_1_U606  | 1    |        | sub_ln46_120      | sub | dsp_slice | 0       |
|   mac_mulsub_12s_12s_24s_25_1_1_U859  | 1    |        | mul_ln46_162      | mul | dsp_slice | 0       |
|   mac_mulsub_12s_12s_24s_25_1_1_U859  | 1    |        | sub_ln46_121      | sub | dsp_slice | 0       |
|   mac_mulsub_12s_12s_25s_25_1_1_U1112 | 1    |        | mul_ln46_163      | mul | dsp_slice | 0       |
|   mac_mulsub_12s_12s_25s_25_1_1_U1112 | 1    |        | sub_ln46_122      | sub | dsp_slice | 0       |
|   add_ln46_40_fu_12744_p2             |      |        | add_ln46_40       | add | fabric    | 0       |
|   mul_12s_12s_24_1_1_U52              | 1    |        | mul_ln46_164      | mul | auto      | 0       |
|   mac_mulsub_12s_12s_24s_24_1_1_U607  | 1    |        | mul_ln46_165      | mul | dsp_slice | 0       |
|   mac_mulsub_12s_12s_24s_24_1_1_U607  | 1    |        | sub_ln46_123      | sub | dsp_slice | 0       |
|   mac_mulsub_12s_12s_24s_25_1_1_U860  | 1    |        | mul_ln46_166      | mul | dsp_slice | 0       |
|   mac_mulsub_12s_12s_24s_25_1_1_U860  | 1    |        | sub_ln46_124      | sub | dsp_slice | 0       |
|   mac_mulsub_12s_12s_25s_25_1_1_U1113 | 1    |        | mul_ln46_167      | mul | dsp_slice | 0       |
|   mac_mulsub_12s_12s_25s_25_1_1_U1113 | 1    |        | sub_ln46_125      | sub | dsp_slice | 0       |
|   add_ln46_41_fu_12933_p2             |      |        | add_ln46_41       | add | fabric    | 0       |
|   mul_12s_12s_24_1_1_U53              | 1    |        | mul_ln46_168      | mul | auto      | 0       |
|   mac_mulsub_12s_12s_24s_24_1_1_U608  | 1    |        | mul_ln46_169      | mul | dsp_slice | 0       |
|   mac_mulsub_12s_12s_24s_24_1_1_U608  | 1    |        | sub_ln46_126      | sub | dsp_slice | 0       |
|   mac_mulsub_12s_12s_24s_25_1_1_U861  | 1    |        | mul_ln46_170      | mul | dsp_slice | 0       |
|   mac_mulsub_12s_12s_24s_25_1_1_U861  | 1    |        | sub_ln46_127      | sub | dsp_slice | 0       |
|   mac_mulsub_12s_12s_25s_25_1_1_U1114 | 1    |        | mul_ln46_171      | mul | dsp_slice | 0       |
|   mac_mulsub_12s_12s_25s_25_1_1_U1114 | 1    |        | sub_ln46_128      | sub | dsp_slice | 0       |
|   add_ln46_42_fu_13122_p2             |      |        | add_ln46_42       | add | fabric    | 0       |
|   mul_12s_12s_24_1_1_U54              | 1    |        | mul_ln46_172      | mul | auto      | 0       |
|   mac_mulsub_12s_12s_24s_24_1_1_U609  | 1    |        | mul_ln46_173      | mul | dsp_slice | 0       |
|   mac_mulsub_12s_12s_24s_24_1_1_U609  | 1    |        | sub_ln46_129      | sub | dsp_slice | 0       |
|   mac_mulsub_12s_12s_24s_25_1_1_U862  | 1    |        | mul_ln46_174      | mul | dsp_slice | 0       |
|   mac_mulsub_12s_12s_24s_25_1_1_U862  | 1    |        | sub_ln46_130      | sub | dsp_slice | 0       |
|   mac_mulsub_12s_12s_25s_25_1_1_U1115 | 1    |        | mul_ln46_175      | mul | dsp_slice | 0       |
|   mac_mulsub_12s_12s_25s_25_1_1_U1115 | 1    |        | sub_ln46_131      | sub | dsp_slice | 0       |
|   add_ln46_43_fu_13311_p2             |      |        | add_ln46_43       | add | fabric    | 0       |
|   mul_12s_12s_24_1_1_U55              | 1    |        | mul_ln46_176      | mul | auto      | 0       |
|   mac_mulsub_12s_12s_24s_24_1_1_U610  | 1    |        | mul_ln46_177      | mul | dsp_slice | 0       |
|   mac_mulsub_12s_12s_24s_24_1_1_U610  | 1    |        | sub_ln46_132      | sub | dsp_slice | 0       |
|   mac_mulsub_12s_12s_24s_25_1_1_U863  | 1    |        | mul_ln46_178      | mul | dsp_slice | 0       |
|   mac_mulsub_12s_12s_24s_25_1_1_U863  | 1    |        | sub_ln46_133      | sub | dsp_slice | 0       |
|   mac_mulsub_12s_12s_25s_25_1_1_U1116 | 1    |        | mul_ln46_179      | mul | dsp_slice | 0       |
|   mac_mulsub_12s_12s_25s_25_1_1_U1116 | 1    |        | sub_ln46_134      | sub | dsp_slice | 0       |
|   add_ln46_44_fu_13500_p2             |      |        | add_ln46_44       | add | fabric    | 0       |
|   mul_12s_12s_24_1_1_U56              | 1    |        | mul_ln46_180      | mul | auto      | 0       |
|   mac_mulsub_12s_12s_24s_24_1_1_U611  | 1    |        | mul_ln46_181      | mul | dsp_slice | 0       |
|   mac_mulsub_12s_12s_24s_24_1_1_U611  | 1    |        | sub_ln46_135      | sub | dsp_slice | 0       |
|   mac_mulsub_12s_12s_24s_25_1_1_U864  | 1    |        | mul_ln46_182      | mul | dsp_slice | 0       |
|   mac_mulsub_12s_12s_24s_25_1_1_U864  | 1    |        | sub_ln46_136      | sub | dsp_slice | 0       |
|   mac_mulsub_12s_12s_25s_25_1_1_U1117 | 1    |        | mul_ln46_183      | mul | dsp_slice | 0       |
|   mac_mulsub_12s_12s_25s_25_1_1_U1117 | 1    |        | sub_ln46_137      | sub | dsp_slice | 0       |
|   add_ln46_45_fu_13689_p2             |      |        | add_ln46_45       | add | fabric    | 0       |
|   mul_12s_12s_24_1_1_U57              | 1    |        | mul_ln46_184      | mul | auto      | 0       |
|   mac_mulsub_12s_12s_24s_24_1_1_U612  | 1    |        | mul_ln46_185      | mul | dsp_slice | 0       |
|   mac_mulsub_12s_12s_24s_24_1_1_U612  | 1    |        | sub_ln46_138      | sub | dsp_slice | 0       |
|   mac_mulsub_12s_12s_24s_25_1_1_U865  | 1    |        | mul_ln46_186      | mul | dsp_slice | 0       |
|   mac_mulsub_12s_12s_24s_25_1_1_U865  | 1    |        | sub_ln46_139      | sub | dsp_slice | 0       |
|   mac_mulsub_12s_12s_25s_25_1_1_U1118 | 1    |        | mul_ln46_187      | mul | dsp_slice | 0       |
|   mac_mulsub_12s_12s_25s_25_1_1_U1118 | 1    |        | sub_ln46_140      | sub | dsp_slice | 0       |
|   add_ln46_46_fu_13878_p2             |      |        | add_ln46_46       | add | fabric    | 0       |
|   mul_12s_12s_24_1_1_U58              | 1    |        | mul_ln46_188      | mul | auto      | 0       |
|   mac_mulsub_12s_12s_24s_24_1_1_U613  | 1    |        | mul_ln46_189      | mul | dsp_slice | 0       |
|   mac_mulsub_12s_12s_24s_24_1_1_U613  | 1    |        | sub_ln46_141      | sub | dsp_slice | 0       |
|   mac_mulsub_12s_12s_24s_25_1_1_U866  | 1    |        | mul_ln46_190      | mul | dsp_slice | 0       |
|   mac_mulsub_12s_12s_24s_25_1_1_U866  | 1    |        | sub_ln46_142      | sub | dsp_slice | 0       |
|   mac_mulsub_12s_12s_25s_25_1_1_U1119 | 1    |        | mul_ln46_191      | mul | dsp_slice | 0       |
|   mac_mulsub_12s_12s_25s_25_1_1_U1119 | 1    |        | sub_ln46_143      | sub | dsp_slice | 0       |
|   add_ln46_47_fu_14067_p2             |      |        | add_ln46_47       | add | fabric    | 0       |
|   mul_12s_12s_24_1_1_U59              | 1    |        | mul_ln46_192      | mul | auto      | 0       |
|   mac_mulsub_12s_12s_24s_24_1_1_U614  | 1    |        | mul_ln46_193      | mul | dsp_slice | 0       |
|   mac_mulsub_12s_12s_24s_24_1_1_U614  | 1    |        | sub_ln46_144      | sub | dsp_slice | 0       |
|   mac_mulsub_12s_12s_24s_25_1_1_U867  | 1    |        | mul_ln46_194      | mul | dsp_slice | 0       |
|   mac_mulsub_12s_12s_24s_25_1_1_U867  | 1    |        | sub_ln46_145      | sub | dsp_slice | 0       |
|   mac_mulsub_12s_12s_25s_25_1_1_U1120 | 1    |        | mul_ln46_195      | mul | dsp_slice | 0       |
|   mac_mulsub_12s_12s_25s_25_1_1_U1120 | 1    |        | sub_ln46_146      | sub | dsp_slice | 0       |
|   add_ln46_48_fu_14256_p2             |      |        | add_ln46_48       | add | fabric    | 0       |
|   mul_12s_12s_24_1_1_U60              | 1    |        | mul_ln46_196      | mul | auto      | 0       |
|   mac_mulsub_12s_12s_24s_24_1_1_U615  | 1    |        | mul_ln46_197      | mul | dsp_slice | 0       |
|   mac_mulsub_12s_12s_24s_24_1_1_U615  | 1    |        | sub_ln46_147      | sub | dsp_slice | 0       |
|   mac_mulsub_12s_12s_24s_25_1_1_U868  | 1    |        | mul_ln46_198      | mul | dsp_slice | 0       |
|   mac_mulsub_12s_12s_24s_25_1_1_U868  | 1    |        | sub_ln46_148      | sub | dsp_slice | 0       |
|   mac_mulsub_12s_12s_25s_25_1_1_U1121 | 1    |        | mul_ln46_199      | mul | dsp_slice | 0       |
|   mac_mulsub_12s_12s_25s_25_1_1_U1121 | 1    |        | sub_ln46_149      | sub | dsp_slice | 0       |
|   add_ln46_49_fu_14445_p2             |      |        | add_ln46_49       | add | fabric    | 0       |
|   mul_12s_12s_24_1_1_U61              | 1    |        | mul_ln46_200      | mul | auto      | 0       |
|   mac_mulsub_12s_12s_24s_24_1_1_U616  | 1    |        | mul_ln46_201      | mul | dsp_slice | 0       |
|   mac_mulsub_12s_12s_24s_24_1_1_U616  | 1    |        | sub_ln46_150      | sub | dsp_slice | 0       |
|   mac_mulsub_12s_12s_24s_25_1_1_U869  | 1    |        | mul_ln46_202      | mul | dsp_slice | 0       |
|   mac_mulsub_12s_12s_24s_25_1_1_U869  | 1    |        | sub_ln46_151      | sub | dsp_slice | 0       |
|   mac_mulsub_12s_12s_25s_25_1_1_U1122 | 1    |        | mul_ln46_203      | mul | dsp_slice | 0       |
|   mac_mulsub_12s_12s_25s_25_1_1_U1122 | 1    |        | sub_ln46_152      | sub | dsp_slice | 0       |
|   add_ln46_50_fu_14634_p2             |      |        | add_ln46_50       | add | fabric    | 0       |
|   mul_12s_12s_24_1_1_U62              | 1    |        | mul_ln46_204      | mul | auto      | 0       |
|   mac_mulsub_12s_12s_24s_24_1_1_U617  | 1    |        | mul_ln46_205      | mul | dsp_slice | 0       |
|   mac_mulsub_12s_12s_24s_24_1_1_U617  | 1    |        | sub_ln46_153      | sub | dsp_slice | 0       |
|   mac_mulsub_12s_12s_24s_25_1_1_U870  | 1    |        | mul_ln46_206      | mul | dsp_slice | 0       |
|   mac_mulsub_12s_12s_24s_25_1_1_U870  | 1    |        | sub_ln46_154      | sub | dsp_slice | 0       |
|   mac_mulsub_12s_12s_25s_25_1_1_U1123 | 1    |        | mul_ln46_207      | mul | dsp_slice | 0       |
|   mac_mulsub_12s_12s_25s_25_1_1_U1123 | 1    |        | sub_ln46_155      | sub | dsp_slice | 0       |
|   add_ln46_51_fu_14823_p2             |      |        | add_ln46_51       | add | fabric    | 0       |
|   mul_12s_12s_24_1_1_U63              | 1    |        | mul_ln46_208      | mul | auto      | 0       |
|   mac_mulsub_12s_12s_24s_24_1_1_U618  | 1    |        | mul_ln46_209      | mul | dsp_slice | 0       |
|   mac_mulsub_12s_12s_24s_24_1_1_U618  | 1    |        | sub_ln46_156      | sub | dsp_slice | 0       |
|   mac_mulsub_12s_12s_24s_25_1_1_U871  | 1    |        | mul_ln46_210      | mul | dsp_slice | 0       |
|   mac_mulsub_12s_12s_24s_25_1_1_U871  | 1    |        | sub_ln46_157      | sub | dsp_slice | 0       |
|   mac_mulsub_12s_12s_25s_25_1_1_U1124 | 1    |        | mul_ln46_211      | mul | dsp_slice | 0       |
|   mac_mulsub_12s_12s_25s_25_1_1_U1124 | 1    |        | sub_ln46_158      | sub | dsp_slice | 0       |
|   add_ln46_52_fu_15012_p2             |      |        | add_ln46_52       | add | fabric    | 0       |
|   mul_12s_12s_24_1_1_U64              | 1    |        | mul_ln46_212      | mul | auto      | 0       |
|   mac_mulsub_12s_12s_24s_24_1_1_U619  | 1    |        | mul_ln46_213      | mul | dsp_slice | 0       |
|   mac_mulsub_12s_12s_24s_24_1_1_U619  | 1    |        | sub_ln46_159      | sub | dsp_slice | 0       |
|   mac_mulsub_12s_12s_24s_25_1_1_U872  | 1    |        | mul_ln46_214      | mul | dsp_slice | 0       |
|   mac_mulsub_12s_12s_24s_25_1_1_U872  | 1    |        | sub_ln46_160      | sub | dsp_slice | 0       |
|   mac_mulsub_12s_12s_25s_25_1_1_U1125 | 1    |        | mul_ln46_215      | mul | dsp_slice | 0       |
|   mac_mulsub_12s_12s_25s_25_1_1_U1125 | 1    |        | sub_ln46_161      | sub | dsp_slice | 0       |
|   add_ln46_53_fu_15201_p2             |      |        | add_ln46_53       | add | fabric    | 0       |
|   mul_12s_12s_24_1_1_U65              | 1    |        | mul_ln46_216      | mul | auto      | 0       |
|   mac_mulsub_12s_12s_24s_24_1_1_U620  | 1    |        | mul_ln46_217      | mul | dsp_slice | 0       |
|   mac_mulsub_12s_12s_24s_24_1_1_U620  | 1    |        | sub_ln46_162      | sub | dsp_slice | 0       |
|   mac_mulsub_12s_12s_24s_25_1_1_U873  | 1    |        | mul_ln46_218      | mul | dsp_slice | 0       |
|   mac_mulsub_12s_12s_24s_25_1_1_U873  | 1    |        | sub_ln46_163      | sub | dsp_slice | 0       |
|   mac_mulsub_12s_12s_25s_25_1_1_U1126 | 1    |        | mul_ln46_219      | mul | dsp_slice | 0       |
|   mac_mulsub_12s_12s_25s_25_1_1_U1126 | 1    |        | sub_ln46_164      | sub | dsp_slice | 0       |
|   add_ln46_54_fu_15390_p2             |      |        | add_ln46_54       | add | fabric    | 0       |
|   mul_12s_12s_24_1_1_U66              | 1    |        | mul_ln46_220      | mul | auto      | 0       |
|   mac_mulsub_12s_12s_24s_24_1_1_U621  | 1    |        | mul_ln46_221      | mul | dsp_slice | 0       |
|   mac_mulsub_12s_12s_24s_24_1_1_U621  | 1    |        | sub_ln46_165      | sub | dsp_slice | 0       |
|   mac_mulsub_12s_12s_24s_25_1_1_U874  | 1    |        | mul_ln46_222      | mul | dsp_slice | 0       |
|   mac_mulsub_12s_12s_24s_25_1_1_U874  | 1    |        | sub_ln46_166      | sub | dsp_slice | 0       |
|   mac_mulsub_12s_12s_25s_25_1_1_U1127 | 1    |        | mul_ln46_223      | mul | dsp_slice | 0       |
|   mac_mulsub_12s_12s_25s_25_1_1_U1127 | 1    |        | sub_ln46_167      | sub | dsp_slice | 0       |
|   add_ln46_55_fu_15579_p2             |      |        | add_ln46_55       | add | fabric    | 0       |
|   mul_12s_12s_24_1_1_U67              | 1    |        | mul_ln46_224      | mul | auto      | 0       |
|   mac_mulsub_12s_12s_24s_24_1_1_U622  | 1    |        | mul_ln46_225      | mul | dsp_slice | 0       |
|   mac_mulsub_12s_12s_24s_24_1_1_U622  | 1    |        | sub_ln46_168      | sub | dsp_slice | 0       |
|   mac_mulsub_12s_12s_24s_25_1_1_U875  | 1    |        | mul_ln46_226      | mul | dsp_slice | 0       |
|   mac_mulsub_12s_12s_24s_25_1_1_U875  | 1    |        | sub_ln46_169      | sub | dsp_slice | 0       |
|   mac_mulsub_12s_12s_25s_25_1_1_U1128 | 1    |        | mul_ln46_227      | mul | dsp_slice | 0       |
|   mac_mulsub_12s_12s_25s_25_1_1_U1128 | 1    |        | sub_ln46_170      | sub | dsp_slice | 0       |
|   add_ln46_56_fu_15768_p2             |      |        | add_ln46_56       | add | fabric    | 0       |
|   mul_12s_12s_24_1_1_U68              | 1    |        | mul_ln46_228      | mul | auto      | 0       |
|   mac_mulsub_12s_12s_24s_24_1_1_U623  | 1    |        | mul_ln46_229      | mul | dsp_slice | 0       |
|   mac_mulsub_12s_12s_24s_24_1_1_U623  | 1    |        | sub_ln46_171      | sub | dsp_slice | 0       |
|   mac_mulsub_12s_12s_24s_25_1_1_U876  | 1    |        | mul_ln46_230      | mul | dsp_slice | 0       |
|   mac_mulsub_12s_12s_24s_25_1_1_U876  | 1    |        | sub_ln46_172      | sub | dsp_slice | 0       |
|   mac_mulsub_12s_12s_25s_25_1_1_U1129 | 1    |        | mul_ln46_231      | mul | dsp_slice | 0       |
|   mac_mulsub_12s_12s_25s_25_1_1_U1129 | 1    |        | sub_ln46_173      | sub | dsp_slice | 0       |
|   add_ln46_57_fu_15957_p2             |      |        | add_ln46_57       | add | fabric    | 0       |
|   mul_12s_12s_24_1_1_U69              | 1    |        | mul_ln46_232      | mul | auto      | 0       |
|   mac_mulsub_12s_12s_24s_24_1_1_U624  | 1    |        | mul_ln46_233      | mul | dsp_slice | 0       |
|   mac_mulsub_12s_12s_24s_24_1_1_U624  | 1    |        | sub_ln46_174      | sub | dsp_slice | 0       |
|   mac_mulsub_12s_12s_24s_25_1_1_U877  | 1    |        | mul_ln46_234      | mul | dsp_slice | 0       |
|   mac_mulsub_12s_12s_24s_25_1_1_U877  | 1    |        | sub_ln46_175      | sub | dsp_slice | 0       |
|   mac_mulsub_12s_12s_25s_25_1_1_U1130 | 1    |        | mul_ln46_235      | mul | dsp_slice | 0       |
|   mac_mulsub_12s_12s_25s_25_1_1_U1130 | 1    |        | sub_ln46_176      | sub | dsp_slice | 0       |
|   add_ln46_58_fu_16146_p2             |      |        | add_ln46_58       | add | fabric    | 0       |
|   mul_12s_12s_24_1_1_U70              | 1    |        | mul_ln46_236      | mul | auto      | 0       |
|   mac_mulsub_12s_12s_24s_24_1_1_U625  | 1    |        | mul_ln46_237      | mul | dsp_slice | 0       |
|   mac_mulsub_12s_12s_24s_24_1_1_U625  | 1    |        | sub_ln46_177      | sub | dsp_slice | 0       |
|   mac_mulsub_12s_12s_24s_25_1_1_U878  | 1    |        | mul_ln46_238      | mul | dsp_slice | 0       |
|   mac_mulsub_12s_12s_24s_25_1_1_U878  | 1    |        | sub_ln46_178      | sub | dsp_slice | 0       |
|   mac_mulsub_12s_12s_25s_25_1_1_U1131 | 1    |        | mul_ln46_239      | mul | dsp_slice | 0       |
|   mac_mulsub_12s_12s_25s_25_1_1_U1131 | 1    |        | sub_ln46_179      | sub | dsp_slice | 0       |
|   add_ln46_59_fu_16335_p2             |      |        | add_ln46_59       | add | fabric    | 0       |
|   mul_12s_12s_24_1_1_U71              | 1    |        | mul_ln46_240      | mul | auto      | 0       |
|   mac_mulsub_12s_12s_24s_24_1_1_U626  | 1    |        | mul_ln46_241      | mul | dsp_slice | 0       |
|   mac_mulsub_12s_12s_24s_24_1_1_U626  | 1    |        | sub_ln46_180      | sub | dsp_slice | 0       |
|   mac_mulsub_12s_12s_24s_25_1_1_U879  | 1    |        | mul_ln46_242      | mul | dsp_slice | 0       |
|   mac_mulsub_12s_12s_24s_25_1_1_U879  | 1    |        | sub_ln46_181      | sub | dsp_slice | 0       |
|   mac_mulsub_12s_12s_25s_25_1_1_U1132 | 1    |        | mul_ln46_243      | mul | dsp_slice | 0       |
|   mac_mulsub_12s_12s_25s_25_1_1_U1132 | 1    |        | sub_ln46_182      | sub | dsp_slice | 0       |
|   add_ln46_60_fu_16524_p2             |      |        | add_ln46_60       | add | fabric    | 0       |
|   mul_12s_12s_24_1_1_U72              | 1    |        | mul_ln46_244      | mul | auto      | 0       |
|   mac_mulsub_12s_12s_24s_24_1_1_U627  | 1    |        | mul_ln46_245      | mul | dsp_slice | 0       |
|   mac_mulsub_12s_12s_24s_24_1_1_U627  | 1    |        | sub_ln46_183      | sub | dsp_slice | 0       |
|   mac_mulsub_12s_12s_24s_25_1_1_U880  | 1    |        | mul_ln46_246      | mul | dsp_slice | 0       |
|   mac_mulsub_12s_12s_24s_25_1_1_U880  | 1    |        | sub_ln46_184      | sub | dsp_slice | 0       |
|   mac_mulsub_12s_12s_25s_25_1_1_U1133 | 1    |        | mul_ln46_247      | mul | dsp_slice | 0       |
|   mac_mulsub_12s_12s_25s_25_1_1_U1133 | 1    |        | sub_ln46_185      | sub | dsp_slice | 0       |
|   add_ln46_61_fu_16713_p2             |      |        | add_ln46_61       | add | fabric    | 0       |
|   mul_12s_12s_24_1_1_U73              | 1    |        | mul_ln46_248      | mul | auto      | 0       |
|   mac_mulsub_12s_12s_24s_24_1_1_U628  | 1    |        | mul_ln46_249      | mul | dsp_slice | 0       |
|   mac_mulsub_12s_12s_24s_24_1_1_U628  | 1    |        | sub_ln46_186      | sub | dsp_slice | 0       |
|   mac_mulsub_12s_12s_24s_25_1_1_U881  | 1    |        | mul_ln46_250      | mul | dsp_slice | 0       |
|   mac_mulsub_12s_12s_24s_25_1_1_U881  | 1    |        | sub_ln46_187      | sub | dsp_slice | 0       |
|   mac_mulsub_12s_12s_25s_25_1_1_U1134 | 1    |        | mul_ln46_251      | mul | dsp_slice | 0       |
|   mac_mulsub_12s_12s_25s_25_1_1_U1134 | 1    |        | sub_ln46_188      | sub | dsp_slice | 0       |
|   add_ln46_62_fu_16902_p2             |      |        | add_ln46_62       | add | fabric    | 0       |
|   mul_12s_12s_24_1_1_U74              | 1    |        | mul_ln46_252      | mul | auto      | 0       |
|   mac_mulsub_12s_12s_24s_24_1_1_U629  | 1    |        | mul_ln46_253      | mul | dsp_slice | 0       |
|   mac_mulsub_12s_12s_24s_24_1_1_U629  | 1    |        | sub_ln46_189      | sub | dsp_slice | 0       |
|   mac_mulsub_12s_12s_24s_25_1_1_U882  | 1    |        | mul_ln46_254      | mul | dsp_slice | 0       |
|   mac_mulsub_12s_12s_24s_25_1_1_U882  | 1    |        | sub_ln46_190      | sub | dsp_slice | 0       |
|   mac_mulsub_12s_12s_25s_25_1_1_U1135 | 1    |        | mul_ln46_255      | mul | dsp_slice | 0       |
|   mac_mulsub_12s_12s_25s_25_1_1_U1135 | 1    |        | sub_ln46_191      | sub | dsp_slice | 0       |
|   add_ln46_63_fu_17091_p2             |      |        | add_ln46_63       | add | fabric    | 0       |
|   mul_12s_12s_24_1_1_U75              | 1    |        | mul_ln46_256      | mul | auto      | 0       |
|   mac_mulsub_12s_12s_24s_24_1_1_U630  | 1    |        | mul_ln46_257      | mul | dsp_slice | 0       |
|   mac_mulsub_12s_12s_24s_24_1_1_U630  | 1    |        | sub_ln46_192      | sub | dsp_slice | 0       |
|   mac_mulsub_12s_12s_24s_25_1_1_U883  | 1    |        | mul_ln46_258      | mul | dsp_slice | 0       |
|   mac_mulsub_12s_12s_24s_25_1_1_U883  | 1    |        | sub_ln46_193      | sub | dsp_slice | 0       |
|   mac_mulsub_12s_12s_25s_25_1_1_U1136 | 1    |        | mul_ln46_259      | mul | dsp_slice | 0       |
|   mac_mulsub_12s_12s_25s_25_1_1_U1136 | 1    |        | sub_ln46_194      | sub | dsp_slice | 0       |
|   add_ln46_64_fu_17280_p2             |      |        | add_ln46_64       | add | fabric    | 0       |
|   mul_12s_12s_24_1_1_U76              | 1    |        | mul_ln46_260      | mul | auto      | 0       |
|   mac_mulsub_12s_12s_24s_24_1_1_U631  | 1    |        | mul_ln46_261      | mul | dsp_slice | 0       |
|   mac_mulsub_12s_12s_24s_24_1_1_U631  | 1    |        | sub_ln46_195      | sub | dsp_slice | 0       |
|   mac_mulsub_12s_12s_24s_25_1_1_U884  | 1    |        | mul_ln46_262      | mul | dsp_slice | 0       |
|   mac_mulsub_12s_12s_24s_25_1_1_U884  | 1    |        | sub_ln46_196      | sub | dsp_slice | 0       |
|   mac_mulsub_12s_12s_25s_25_1_1_U1137 | 1    |        | mul_ln46_263      | mul | dsp_slice | 0       |
|   mac_mulsub_12s_12s_25s_25_1_1_U1137 | 1    |        | sub_ln46_197      | sub | dsp_slice | 0       |
|   add_ln46_65_fu_17469_p2             |      |        | add_ln46_65       | add | fabric    | 0       |
|   mul_12s_12s_24_1_1_U77              | 1    |        | mul_ln46_264      | mul | auto      | 0       |
|   mac_mulsub_12s_12s_24s_24_1_1_U632  | 1    |        | mul_ln46_265      | mul | dsp_slice | 0       |
|   mac_mulsub_12s_12s_24s_24_1_1_U632  | 1    |        | sub_ln46_198      | sub | dsp_slice | 0       |
|   mac_mulsub_12s_12s_24s_25_1_1_U885  | 1    |        | mul_ln46_266      | mul | dsp_slice | 0       |
|   mac_mulsub_12s_12s_24s_25_1_1_U885  | 1    |        | sub_ln46_199      | sub | dsp_slice | 0       |
|   mac_mulsub_12s_12s_25s_25_1_1_U1138 | 1    |        | mul_ln46_267      | mul | dsp_slice | 0       |
|   mac_mulsub_12s_12s_25s_25_1_1_U1138 | 1    |        | sub_ln46_200      | sub | dsp_slice | 0       |
|   add_ln46_66_fu_17658_p2             |      |        | add_ln46_66       | add | fabric    | 0       |
|   mul_12s_12s_24_1_1_U78              | 1    |        | mul_ln46_268      | mul | auto      | 0       |
|   mac_mulsub_12s_12s_24s_24_1_1_U633  | 1    |        | mul_ln46_269      | mul | dsp_slice | 0       |
|   mac_mulsub_12s_12s_24s_24_1_1_U633  | 1    |        | sub_ln46_201      | sub | dsp_slice | 0       |
|   mac_mulsub_12s_12s_24s_25_1_1_U886  | 1    |        | mul_ln46_270      | mul | dsp_slice | 0       |
|   mac_mulsub_12s_12s_24s_25_1_1_U886  | 1    |        | sub_ln46_202      | sub | dsp_slice | 0       |
|   mac_mulsub_12s_12s_25s_25_1_1_U1139 | 1    |        | mul_ln46_271      | mul | dsp_slice | 0       |
|   mac_mulsub_12s_12s_25s_25_1_1_U1139 | 1    |        | sub_ln46_203      | sub | dsp_slice | 0       |
|   add_ln46_67_fu_17847_p2             |      |        | add_ln46_67       | add | fabric    | 0       |
|   mul_12s_12s_24_1_1_U79              | 1    |        | mul_ln46_272      | mul | auto      | 0       |
|   mac_mulsub_12s_12s_24s_24_1_1_U634  | 1    |        | mul_ln46_273      | mul | dsp_slice | 0       |
|   mac_mulsub_12s_12s_24s_24_1_1_U634  | 1    |        | sub_ln46_204      | sub | dsp_slice | 0       |
|   mac_mulsub_12s_12s_24s_25_1_1_U887  | 1    |        | mul_ln46_274      | mul | dsp_slice | 0       |
|   mac_mulsub_12s_12s_24s_25_1_1_U887  | 1    |        | sub_ln46_205      | sub | dsp_slice | 0       |
|   mac_mulsub_12s_12s_25s_25_1_1_U1140 | 1    |        | mul_ln46_275      | mul | dsp_slice | 0       |
|   mac_mulsub_12s_12s_25s_25_1_1_U1140 | 1    |        | sub_ln46_206      | sub | dsp_slice | 0       |
|   add_ln46_68_fu_18036_p2             |      |        | add_ln46_68       | add | fabric    | 0       |
|   mul_12s_12s_24_1_1_U80              | 1    |        | mul_ln46_276      | mul | auto      | 0       |
|   mac_mulsub_12s_12s_24s_24_1_1_U635  | 1    |        | mul_ln46_277      | mul | dsp_slice | 0       |
|   mac_mulsub_12s_12s_24s_24_1_1_U635  | 1    |        | sub_ln46_207      | sub | dsp_slice | 0       |
|   mac_mulsub_12s_12s_24s_25_1_1_U888  | 1    |        | mul_ln46_278      | mul | dsp_slice | 0       |
|   mac_mulsub_12s_12s_24s_25_1_1_U888  | 1    |        | sub_ln46_208      | sub | dsp_slice | 0       |
|   mac_mulsub_12s_12s_25s_25_1_1_U1141 | 1    |        | mul_ln46_279      | mul | dsp_slice | 0       |
|   mac_mulsub_12s_12s_25s_25_1_1_U1141 | 1    |        | sub_ln46_209      | sub | dsp_slice | 0       |
|   add_ln46_69_fu_18225_p2             |      |        | add_ln46_69       | add | fabric    | 0       |
|   mul_12s_12s_24_1_1_U81              | 1    |        | mul_ln46_280      | mul | auto      | 0       |
|   mac_mulsub_12s_12s_24s_24_1_1_U636  | 1    |        | mul_ln46_281      | mul | dsp_slice | 0       |
|   mac_mulsub_12s_12s_24s_24_1_1_U636  | 1    |        | sub_ln46_210      | sub | dsp_slice | 0       |
|   mac_mulsub_12s_12s_24s_25_1_1_U889  | 1    |        | mul_ln46_282      | mul | dsp_slice | 0       |
|   mac_mulsub_12s_12s_24s_25_1_1_U889  | 1    |        | sub_ln46_211      | sub | dsp_slice | 0       |
|   mac_mulsub_12s_12s_25s_25_1_1_U1142 | 1    |        | mul_ln46_283      | mul | dsp_slice | 0       |
|   mac_mulsub_12s_12s_25s_25_1_1_U1142 | 1    |        | sub_ln46_212      | sub | dsp_slice | 0       |
|   add_ln46_70_fu_18414_p2             |      |        | add_ln46_70       | add | fabric    | 0       |
|   mul_12s_12s_24_1_1_U82              | 1    |        | mul_ln46_284      | mul | auto      | 0       |
|   mac_mulsub_12s_12s_24s_24_1_1_U637  | 1    |        | mul_ln46_285      | mul | dsp_slice | 0       |
|   mac_mulsub_12s_12s_24s_24_1_1_U637  | 1    |        | sub_ln46_213      | sub | dsp_slice | 0       |
|   mac_mulsub_12s_12s_24s_25_1_1_U890  | 1    |        | mul_ln46_286      | mul | dsp_slice | 0       |
|   mac_mulsub_12s_12s_24s_25_1_1_U890  | 1    |        | sub_ln46_214      | sub | dsp_slice | 0       |
|   mac_mulsub_12s_12s_25s_25_1_1_U1143 | 1    |        | mul_ln46_287      | mul | dsp_slice | 0       |
|   mac_mulsub_12s_12s_25s_25_1_1_U1143 | 1    |        | sub_ln46_215      | sub | dsp_slice | 0       |
|   add_ln46_71_fu_18603_p2             |      |        | add_ln46_71       | add | fabric    | 0       |
|   mul_12s_12s_24_1_1_U83              | 1    |        | mul_ln46_288      | mul | auto      | 0       |
|   mac_mulsub_12s_12s_24s_24_1_1_U638  | 1    |        | mul_ln46_289      | mul | dsp_slice | 0       |
|   mac_mulsub_12s_12s_24s_24_1_1_U638  | 1    |        | sub_ln46_216      | sub | dsp_slice | 0       |
|   mac_mulsub_12s_12s_24s_25_1_1_U891  | 1    |        | mul_ln46_290      | mul | dsp_slice | 0       |
|   mac_mulsub_12s_12s_24s_25_1_1_U891  | 1    |        | sub_ln46_217      | sub | dsp_slice | 0       |
|   mac_mulsub_12s_12s_25s_25_1_1_U1144 | 1    |        | mul_ln46_291      | mul | dsp_slice | 0       |
|   mac_mulsub_12s_12s_25s_25_1_1_U1144 | 1    |        | sub_ln46_218      | sub | dsp_slice | 0       |
|   add_ln46_72_fu_18792_p2             |      |        | add_ln46_72       | add | fabric    | 0       |
|   mul_12s_12s_24_1_1_U84              | 1    |        | mul_ln46_292      | mul | auto      | 0       |
|   mac_mulsub_12s_12s_24s_24_1_1_U639  | 1    |        | mul_ln46_293      | mul | dsp_slice | 0       |
|   mac_mulsub_12s_12s_24s_24_1_1_U639  | 1    |        | sub_ln46_219      | sub | dsp_slice | 0       |
|   mac_mulsub_12s_12s_24s_25_1_1_U892  | 1    |        | mul_ln46_294      | mul | dsp_slice | 0       |
|   mac_mulsub_12s_12s_24s_25_1_1_U892  | 1    |        | sub_ln46_220      | sub | dsp_slice | 0       |
|   mac_mulsub_12s_12s_25s_25_1_1_U1145 | 1    |        | mul_ln46_295      | mul | dsp_slice | 0       |
|   mac_mulsub_12s_12s_25s_25_1_1_U1145 | 1    |        | sub_ln46_221      | sub | dsp_slice | 0       |
|   add_ln46_73_fu_18981_p2             |      |        | add_ln46_73       | add | fabric    | 0       |
|   mul_12s_12s_24_1_1_U85              | 1    |        | mul_ln46_296      | mul | auto      | 0       |
|   mac_mulsub_12s_12s_24s_24_1_1_U640  | 1    |        | mul_ln46_297      | mul | dsp_slice | 0       |
|   mac_mulsub_12s_12s_24s_24_1_1_U640  | 1    |        | sub_ln46_222      | sub | dsp_slice | 0       |
|   mac_mulsub_12s_12s_24s_25_1_1_U893  | 1    |        | mul_ln46_298      | mul | dsp_slice | 0       |
|   mac_mulsub_12s_12s_24s_25_1_1_U893  | 1    |        | sub_ln46_223      | sub | dsp_slice | 0       |
|   mac_mulsub_12s_12s_25s_25_1_1_U1146 | 1    |        | mul_ln46_299      | mul | dsp_slice | 0       |
|   mac_mulsub_12s_12s_25s_25_1_1_U1146 | 1    |        | sub_ln46_224      | sub | dsp_slice | 0       |
|   add_ln46_74_fu_19170_p2             |      |        | add_ln46_74       | add | fabric    | 0       |
|   mul_12s_12s_24_1_1_U86              | 1    |        | mul_ln46_300      | mul | auto      | 0       |
|   mac_mulsub_12s_12s_24s_24_1_1_U641  | 1    |        | mul_ln46_301      | mul | dsp_slice | 0       |
|   mac_mulsub_12s_12s_24s_24_1_1_U641  | 1    |        | sub_ln46_225      | sub | dsp_slice | 0       |
|   mac_mulsub_12s_12s_24s_25_1_1_U894  | 1    |        | mul_ln46_302      | mul | dsp_slice | 0       |
|   mac_mulsub_12s_12s_24s_25_1_1_U894  | 1    |        | sub_ln46_226      | sub | dsp_slice | 0       |
|   mac_mulsub_12s_12s_25s_25_1_1_U1147 | 1    |        | mul_ln46_303      | mul | dsp_slice | 0       |
|   mac_mulsub_12s_12s_25s_25_1_1_U1147 | 1    |        | sub_ln46_227      | sub | dsp_slice | 0       |
|   add_ln46_75_fu_19359_p2             |      |        | add_ln46_75       | add | fabric    | 0       |
|   mul_12s_12s_24_1_1_U87              | 1    |        | mul_ln46_304      | mul | auto      | 0       |
|   mac_mulsub_12s_12s_24s_24_1_1_U642  | 1    |        | mul_ln46_305      | mul | dsp_slice | 0       |
|   mac_mulsub_12s_12s_24s_24_1_1_U642  | 1    |        | sub_ln46_228      | sub | dsp_slice | 0       |
|   mac_mulsub_12s_12s_24s_25_1_1_U895  | 1    |        | mul_ln46_306      | mul | dsp_slice | 0       |
|   mac_mulsub_12s_12s_24s_25_1_1_U895  | 1    |        | sub_ln46_229      | sub | dsp_slice | 0       |
|   mac_mulsub_12s_12s_25s_25_1_1_U1148 | 1    |        | mul_ln46_307      | mul | dsp_slice | 0       |
|   mac_mulsub_12s_12s_25s_25_1_1_U1148 | 1    |        | sub_ln46_230      | sub | dsp_slice | 0       |
|   add_ln46_76_fu_19548_p2             |      |        | add_ln46_76       | add | fabric    | 0       |
|   mul_12s_12s_24_1_1_U88              | 1    |        | mul_ln46_308      | mul | auto      | 0       |
|   mac_mulsub_12s_12s_24s_24_1_1_U643  | 1    |        | mul_ln46_309      | mul | dsp_slice | 0       |
|   mac_mulsub_12s_12s_24s_24_1_1_U643  | 1    |        | sub_ln46_231      | sub | dsp_slice | 0       |
|   mac_mulsub_12s_12s_24s_25_1_1_U896  | 1    |        | mul_ln46_310      | mul | dsp_slice | 0       |
|   mac_mulsub_12s_12s_24s_25_1_1_U896  | 1    |        | sub_ln46_232      | sub | dsp_slice | 0       |
|   mac_mulsub_12s_12s_25s_25_1_1_U1149 | 1    |        | mul_ln46_311      | mul | dsp_slice | 0       |
|   mac_mulsub_12s_12s_25s_25_1_1_U1149 | 1    |        | sub_ln46_233      | sub | dsp_slice | 0       |
|   add_ln46_77_fu_19737_p2             |      |        | add_ln46_77       | add | fabric    | 0       |
|   mul_12s_12s_24_1_1_U89              | 1    |        | mul_ln46_312      | mul | auto      | 0       |
|   mac_mulsub_12s_12s_24s_24_1_1_U644  | 1    |        | mul_ln46_313      | mul | dsp_slice | 0       |
|   mac_mulsub_12s_12s_24s_24_1_1_U644  | 1    |        | sub_ln46_234      | sub | dsp_slice | 0       |
|   mac_mulsub_12s_12s_24s_25_1_1_U897  | 1    |        | mul_ln46_314      | mul | dsp_slice | 0       |
|   mac_mulsub_12s_12s_24s_25_1_1_U897  | 1    |        | sub_ln46_235      | sub | dsp_slice | 0       |
|   mac_mulsub_12s_12s_25s_25_1_1_U1150 | 1    |        | mul_ln46_315      | mul | dsp_slice | 0       |
|   mac_mulsub_12s_12s_25s_25_1_1_U1150 | 1    |        | sub_ln46_236      | sub | dsp_slice | 0       |
|   add_ln46_78_fu_19926_p2             |      |        | add_ln46_78       | add | fabric    | 0       |
|   mul_12s_12s_24_1_1_U90              | 1    |        | mul_ln46_316      | mul | auto      | 0       |
|   mac_mulsub_12s_12s_24s_24_1_1_U645  | 1    |        | mul_ln46_317      | mul | dsp_slice | 0       |
|   mac_mulsub_12s_12s_24s_24_1_1_U645  | 1    |        | sub_ln46_237      | sub | dsp_slice | 0       |
|   mac_mulsub_12s_12s_24s_25_1_1_U898  | 1    |        | mul_ln46_318      | mul | dsp_slice | 0       |
|   mac_mulsub_12s_12s_24s_25_1_1_U898  | 1    |        | sub_ln46_238      | sub | dsp_slice | 0       |
|   mac_mulsub_12s_12s_25s_25_1_1_U1151 | 1    |        | mul_ln46_319      | mul | dsp_slice | 0       |
|   mac_mulsub_12s_12s_25s_25_1_1_U1151 | 1    |        | sub_ln46_239      | sub | dsp_slice | 0       |
|   add_ln46_79_fu_20115_p2             |      |        | add_ln46_79       | add | fabric    | 0       |
|   mul_12s_12s_24_1_1_U91              | 1    |        | mul_ln46_320      | mul | auto      | 0       |
|   mac_mulsub_12s_12s_24s_24_1_1_U646  | 1    |        | mul_ln46_321      | mul | dsp_slice | 0       |
|   mac_mulsub_12s_12s_24s_24_1_1_U646  | 1    |        | sub_ln46_240      | sub | dsp_slice | 0       |
|   mac_mulsub_12s_12s_24s_25_1_1_U899  | 1    |        | mul_ln46_322      | mul | dsp_slice | 0       |
|   mac_mulsub_12s_12s_24s_25_1_1_U899  | 1    |        | sub_ln46_241      | sub | dsp_slice | 0       |
|   mac_mulsub_12s_12s_25s_25_1_1_U1152 | 1    |        | mul_ln46_323      | mul | dsp_slice | 0       |
|   mac_mulsub_12s_12s_25s_25_1_1_U1152 | 1    |        | sub_ln46_242      | sub | dsp_slice | 0       |
|   add_ln46_80_fu_20304_p2             |      |        | add_ln46_80       | add | fabric    | 0       |
|   mul_12s_12s_24_1_1_U92              | 1    |        | mul_ln46_324      | mul | auto      | 0       |
|   mac_mulsub_12s_12s_24s_24_1_1_U647  | 1    |        | mul_ln46_325      | mul | dsp_slice | 0       |
|   mac_mulsub_12s_12s_24s_24_1_1_U647  | 1    |        | sub_ln46_243      | sub | dsp_slice | 0       |
|   mac_mulsub_12s_12s_24s_25_1_1_U900  | 1    |        | mul_ln46_326      | mul | dsp_slice | 0       |
|   mac_mulsub_12s_12s_24s_25_1_1_U900  | 1    |        | sub_ln46_244      | sub | dsp_slice | 0       |
|   mac_mulsub_12s_12s_25s_25_1_1_U1153 | 1    |        | mul_ln46_327      | mul | dsp_slice | 0       |
|   mac_mulsub_12s_12s_25s_25_1_1_U1153 | 1    |        | sub_ln46_245      | sub | dsp_slice | 0       |
|   add_ln46_81_fu_20493_p2             |      |        | add_ln46_81       | add | fabric    | 0       |
|   mul_12s_12s_24_1_1_U93              | 1    |        | mul_ln46_328      | mul | auto      | 0       |
|   mac_mulsub_12s_12s_24s_24_1_1_U648  | 1    |        | mul_ln46_329      | mul | dsp_slice | 0       |
|   mac_mulsub_12s_12s_24s_24_1_1_U648  | 1    |        | sub_ln46_246      | sub | dsp_slice | 0       |
|   mac_mulsub_12s_12s_24s_25_1_1_U901  | 1    |        | mul_ln46_330      | mul | dsp_slice | 0       |
|   mac_mulsub_12s_12s_24s_25_1_1_U901  | 1    |        | sub_ln46_247      | sub | dsp_slice | 0       |
|   mac_mulsub_12s_12s_25s_25_1_1_U1154 | 1    |        | mul_ln46_331      | mul | dsp_slice | 0       |
|   mac_mulsub_12s_12s_25s_25_1_1_U1154 | 1    |        | sub_ln46_248      | sub | dsp_slice | 0       |
|   add_ln46_82_fu_20682_p2             |      |        | add_ln46_82       | add | fabric    | 0       |
|   mul_12s_12s_24_1_1_U94              | 1    |        | mul_ln46_332      | mul | auto      | 0       |
|   mac_mulsub_12s_12s_24s_24_1_1_U649  | 1    |        | mul_ln46_333      | mul | dsp_slice | 0       |
|   mac_mulsub_12s_12s_24s_24_1_1_U649  | 1    |        | sub_ln46_249      | sub | dsp_slice | 0       |
|   mac_mulsub_12s_12s_24s_25_1_1_U902  | 1    |        | mul_ln46_334      | mul | dsp_slice | 0       |
|   mac_mulsub_12s_12s_24s_25_1_1_U902  | 1    |        | sub_ln46_250      | sub | dsp_slice | 0       |
|   mac_mulsub_12s_12s_25s_25_1_1_U1155 | 1    |        | mul_ln46_335      | mul | dsp_slice | 0       |
|   mac_mulsub_12s_12s_25s_25_1_1_U1155 | 1    |        | sub_ln46_251      | sub | dsp_slice | 0       |
|   add_ln46_83_fu_20871_p2             |      |        | add_ln46_83       | add | fabric    | 0       |
|   mul_12s_12s_24_1_1_U95              | 1    |        | mul_ln46_336      | mul | auto      | 0       |
|   mac_mulsub_12s_12s_24s_24_1_1_U650  | 1    |        | mul_ln46_337      | mul | dsp_slice | 0       |
|   mac_mulsub_12s_12s_24s_24_1_1_U650  | 1    |        | sub_ln46_252      | sub | dsp_slice | 0       |
|   mac_mulsub_12s_12s_24s_25_1_1_U903  | 1    |        | mul_ln46_338      | mul | dsp_slice | 0       |
|   mac_mulsub_12s_12s_24s_25_1_1_U903  | 1    |        | sub_ln46_253      | sub | dsp_slice | 0       |
|   mac_mulsub_12s_12s_25s_25_1_1_U1156 | 1    |        | mul_ln46_339      | mul | dsp_slice | 0       |
|   mac_mulsub_12s_12s_25s_25_1_1_U1156 | 1    |        | sub_ln46_254      | sub | dsp_slice | 0       |
|   add_ln46_84_fu_21060_p2             |      |        | add_ln46_84       | add | fabric    | 0       |
|   mul_12s_12s_24_1_1_U96              | 1    |        | mul_ln46_340      | mul | auto      | 0       |
|   mac_mulsub_12s_12s_24s_24_1_1_U651  | 1    |        | mul_ln46_341      | mul | dsp_slice | 0       |
|   mac_mulsub_12s_12s_24s_24_1_1_U651  | 1    |        | sub_ln46_255      | sub | dsp_slice | 0       |
|   mac_mulsub_12s_12s_24s_25_1_1_U904  | 1    |        | mul_ln46_342      | mul | dsp_slice | 0       |
|   mac_mulsub_12s_12s_24s_25_1_1_U904  | 1    |        | sub_ln46_256      | sub | dsp_slice | 0       |
|   mac_mulsub_12s_12s_25s_25_1_1_U1157 | 1    |        | mul_ln46_343      | mul | dsp_slice | 0       |
|   mac_mulsub_12s_12s_25s_25_1_1_U1157 | 1    |        | sub_ln46_257      | sub | dsp_slice | 0       |
|   add_ln46_85_fu_21249_p2             |      |        | add_ln46_85       | add | fabric    | 0       |
|   mul_12s_12s_24_1_1_U97              | 1    |        | mul_ln46_344      | mul | auto      | 0       |
|   mac_mulsub_12s_12s_24s_24_1_1_U652  | 1    |        | mul_ln46_345      | mul | dsp_slice | 0       |
|   mac_mulsub_12s_12s_24s_24_1_1_U652  | 1    |        | sub_ln46_258      | sub | dsp_slice | 0       |
|   mac_mulsub_12s_12s_24s_25_1_1_U905  | 1    |        | mul_ln46_346      | mul | dsp_slice | 0       |
|   mac_mulsub_12s_12s_24s_25_1_1_U905  | 1    |        | sub_ln46_259      | sub | dsp_slice | 0       |
|   mac_mulsub_12s_12s_25s_25_1_1_U1158 | 1    |        | mul_ln46_347      | mul | dsp_slice | 0       |
|   mac_mulsub_12s_12s_25s_25_1_1_U1158 | 1    |        | sub_ln46_260      | sub | dsp_slice | 0       |
|   add_ln46_86_fu_21438_p2             |      |        | add_ln46_86       | add | fabric    | 0       |
|   mul_12s_12s_24_1_1_U98              | 1    |        | mul_ln46_348      | mul | auto      | 0       |
|   mac_mulsub_12s_12s_24s_24_1_1_U653  | 1    |        | mul_ln46_349      | mul | dsp_slice | 0       |
|   mac_mulsub_12s_12s_24s_24_1_1_U653  | 1    |        | sub_ln46_261      | sub | dsp_slice | 0       |
|   mac_mulsub_12s_12s_24s_25_1_1_U906  | 1    |        | mul_ln46_350      | mul | dsp_slice | 0       |
|   mac_mulsub_12s_12s_24s_25_1_1_U906  | 1    |        | sub_ln46_262      | sub | dsp_slice | 0       |
|   mac_mulsub_12s_12s_25s_25_1_1_U1159 | 1    |        | mul_ln46_351      | mul | dsp_slice | 0       |
|   mac_mulsub_12s_12s_25s_25_1_1_U1159 | 1    |        | sub_ln46_263      | sub | dsp_slice | 0       |
|   add_ln46_87_fu_21627_p2             |      |        | add_ln46_87       | add | fabric    | 0       |
|   mul_12s_12s_24_1_1_U99              | 1    |        | mul_ln46_352      | mul | auto      | 0       |
|   mac_mulsub_12s_12s_24s_24_1_1_U654  | 1    |        | mul_ln46_353      | mul | dsp_slice | 0       |
|   mac_mulsub_12s_12s_24s_24_1_1_U654  | 1    |        | sub_ln46_264      | sub | dsp_slice | 0       |
|   mac_mulsub_12s_12s_24s_25_1_1_U907  | 1    |        | mul_ln46_354      | mul | dsp_slice | 0       |
|   mac_mulsub_12s_12s_24s_25_1_1_U907  | 1    |        | sub_ln46_265      | sub | dsp_slice | 0       |
|   mac_mulsub_12s_12s_25s_25_1_1_U1160 | 1    |        | mul_ln46_355      | mul | dsp_slice | 0       |
|   mac_mulsub_12s_12s_25s_25_1_1_U1160 | 1    |        | sub_ln46_266      | sub | dsp_slice | 0       |
|   add_ln46_88_fu_21816_p2             |      |        | add_ln46_88       | add | fabric    | 0       |
|   mul_12s_12s_24_1_1_U100             | 1    |        | mul_ln46_356      | mul | auto      | 0       |
|   mac_mulsub_12s_12s_24s_24_1_1_U655  | 1    |        | mul_ln46_357      | mul | dsp_slice | 0       |
|   mac_mulsub_12s_12s_24s_24_1_1_U655  | 1    |        | sub_ln46_267      | sub | dsp_slice | 0       |
|   mac_mulsub_12s_12s_24s_25_1_1_U908  | 1    |        | mul_ln46_358      | mul | dsp_slice | 0       |
|   mac_mulsub_12s_12s_24s_25_1_1_U908  | 1    |        | sub_ln46_268      | sub | dsp_slice | 0       |
|   mac_mulsub_12s_12s_25s_25_1_1_U1161 | 1    |        | mul_ln46_359      | mul | dsp_slice | 0       |
|   mac_mulsub_12s_12s_25s_25_1_1_U1161 | 1    |        | sub_ln46_269      | sub | dsp_slice | 0       |
|   add_ln46_89_fu_22005_p2             |      |        | add_ln46_89       | add | fabric    | 0       |
|   mul_12s_12s_24_1_1_U101             | 1    |        | mul_ln46_360      | mul | auto      | 0       |
|   mac_mulsub_12s_12s_24s_24_1_1_U656  | 1    |        | mul_ln46_361      | mul | dsp_slice | 0       |
|   mac_mulsub_12s_12s_24s_24_1_1_U656  | 1    |        | sub_ln46_270      | sub | dsp_slice | 0       |
|   mac_mulsub_12s_12s_24s_25_1_1_U909  | 1    |        | mul_ln46_362      | mul | dsp_slice | 0       |
|   mac_mulsub_12s_12s_24s_25_1_1_U909  | 1    |        | sub_ln46_271      | sub | dsp_slice | 0       |
|   mac_mulsub_12s_12s_25s_25_1_1_U1162 | 1    |        | mul_ln46_363      | mul | dsp_slice | 0       |
|   mac_mulsub_12s_12s_25s_25_1_1_U1162 | 1    |        | sub_ln46_272      | sub | dsp_slice | 0       |
|   add_ln46_90_fu_22194_p2             |      |        | add_ln46_90       | add | fabric    | 0       |
|   mul_12s_12s_24_1_1_U102             | 1    |        | mul_ln46_364      | mul | auto      | 0       |
|   mac_mulsub_12s_12s_24s_24_1_1_U657  | 1    |        | mul_ln46_365      | mul | dsp_slice | 0       |
|   mac_mulsub_12s_12s_24s_24_1_1_U657  | 1    |        | sub_ln46_273      | sub | dsp_slice | 0       |
|   mac_mulsub_12s_12s_24s_25_1_1_U910  | 1    |        | mul_ln46_366      | mul | dsp_slice | 0       |
|   mac_mulsub_12s_12s_24s_25_1_1_U910  | 1    |        | sub_ln46_274      | sub | dsp_slice | 0       |
|   mac_mulsub_12s_12s_25s_25_1_1_U1163 | 1    |        | mul_ln46_367      | mul | dsp_slice | 0       |
|   mac_mulsub_12s_12s_25s_25_1_1_U1163 | 1    |        | sub_ln46_275      | sub | dsp_slice | 0       |
|   add_ln46_91_fu_22383_p2             |      |        | add_ln46_91       | add | fabric    | 0       |
|   mul_12s_12s_24_1_1_U103             | 1    |        | mul_ln46_368      | mul | auto      | 0       |
|   mac_mulsub_12s_12s_24s_24_1_1_U658  | 1    |        | mul_ln46_369      | mul | dsp_slice | 0       |
|   mac_mulsub_12s_12s_24s_24_1_1_U658  | 1    |        | sub_ln46_276      | sub | dsp_slice | 0       |
|   mac_mulsub_12s_12s_24s_25_1_1_U911  | 1    |        | mul_ln46_370      | mul | dsp_slice | 0       |
|   mac_mulsub_12s_12s_24s_25_1_1_U911  | 1    |        | sub_ln46_277      | sub | dsp_slice | 0       |
|   mac_mulsub_12s_12s_25s_25_1_1_U1164 | 1    |        | mul_ln46_371      | mul | dsp_slice | 0       |
|   mac_mulsub_12s_12s_25s_25_1_1_U1164 | 1    |        | sub_ln46_278      | sub | dsp_slice | 0       |
|   add_ln46_92_fu_22572_p2             |      |        | add_ln46_92       | add | fabric    | 0       |
|   mul_12s_12s_24_1_1_U104             | 1    |        | mul_ln46_372      | mul | auto      | 0       |
|   mac_mulsub_12s_12s_24s_24_1_1_U659  | 1    |        | mul_ln46_373      | mul | dsp_slice | 0       |
|   mac_mulsub_12s_12s_24s_24_1_1_U659  | 1    |        | sub_ln46_279      | sub | dsp_slice | 0       |
|   mac_mulsub_12s_12s_24s_25_1_1_U912  | 1    |        | mul_ln46_374      | mul | dsp_slice | 0       |
|   mac_mulsub_12s_12s_24s_25_1_1_U912  | 1    |        | sub_ln46_280      | sub | dsp_slice | 0       |
|   mac_mulsub_12s_12s_25s_25_1_1_U1165 | 1    |        | mul_ln46_375      | mul | dsp_slice | 0       |
|   mac_mulsub_12s_12s_25s_25_1_1_U1165 | 1    |        | sub_ln46_281      | sub | dsp_slice | 0       |
|   add_ln46_93_fu_22761_p2             |      |        | add_ln46_93       | add | fabric    | 0       |
|   mul_12s_12s_24_1_1_U105             | 1    |        | mul_ln46_376      | mul | auto      | 0       |
|   mac_mulsub_12s_12s_24s_24_1_1_U660  | 1    |        | mul_ln46_377      | mul | dsp_slice | 0       |
|   mac_mulsub_12s_12s_24s_24_1_1_U660  | 1    |        | sub_ln46_282      | sub | dsp_slice | 0       |
|   mac_mulsub_12s_12s_24s_25_1_1_U913  | 1    |        | mul_ln46_378      | mul | dsp_slice | 0       |
|   mac_mulsub_12s_12s_24s_25_1_1_U913  | 1    |        | sub_ln46_283      | sub | dsp_slice | 0       |
|   mac_mulsub_12s_12s_25s_25_1_1_U1166 | 1    |        | mul_ln46_379      | mul | dsp_slice | 0       |
|   mac_mulsub_12s_12s_25s_25_1_1_U1166 | 1    |        | sub_ln46_284      | sub | dsp_slice | 0       |
|   add_ln46_94_fu_22950_p2             |      |        | add_ln46_94       | add | fabric    | 0       |
|   mul_12s_12s_24_1_1_U106             | 1    |        | mul_ln46_380      | mul | auto      | 0       |
|   mac_mulsub_12s_12s_24s_24_1_1_U661  | 1    |        | mul_ln46_381      | mul | dsp_slice | 0       |
|   mac_mulsub_12s_12s_24s_24_1_1_U661  | 1    |        | sub_ln46_285      | sub | dsp_slice | 0       |
|   mac_mulsub_12s_12s_24s_25_1_1_U914  | 1    |        | mul_ln46_382      | mul | dsp_slice | 0       |
|   mac_mulsub_12s_12s_24s_25_1_1_U914  | 1    |        | sub_ln46_286      | sub | dsp_slice | 0       |
|   mac_mulsub_12s_12s_25s_25_1_1_U1167 | 1    |        | mul_ln46_383      | mul | dsp_slice | 0       |
|   mac_mulsub_12s_12s_25s_25_1_1_U1167 | 1    |        | sub_ln46_287      | sub | dsp_slice | 0       |
|   add_ln46_95_fu_23139_p2             |      |        | add_ln46_95       | add | fabric    | 0       |
|   mul_12s_12s_24_1_1_U107             | 1    |        | mul_ln46_384      | mul | auto      | 0       |
|   mac_mulsub_12s_12s_24s_24_1_1_U662  | 1    |        | mul_ln46_385      | mul | dsp_slice | 0       |
|   mac_mulsub_12s_12s_24s_24_1_1_U662  | 1    |        | sub_ln46_288      | sub | dsp_slice | 0       |
|   mac_mulsub_12s_12s_24s_25_1_1_U915  | 1    |        | mul_ln46_386      | mul | dsp_slice | 0       |
|   mac_mulsub_12s_12s_24s_25_1_1_U915  | 1    |        | sub_ln46_289      | sub | dsp_slice | 0       |
|   mac_mulsub_12s_12s_25s_25_1_1_U1168 | 1    |        | mul_ln46_387      | mul | dsp_slice | 0       |
|   mac_mulsub_12s_12s_25s_25_1_1_U1168 | 1    |        | sub_ln46_290      | sub | dsp_slice | 0       |
|   add_ln46_96_fu_23328_p2             |      |        | add_ln46_96       | add | fabric    | 0       |
|   mul_12s_12s_24_1_1_U108             | 1    |        | mul_ln46_388      | mul | auto      | 0       |
|   mac_mulsub_12s_12s_24s_24_1_1_U663  | 1    |        | mul_ln46_389      | mul | dsp_slice | 0       |
|   mac_mulsub_12s_12s_24s_24_1_1_U663  | 1    |        | sub_ln46_291      | sub | dsp_slice | 0       |
|   mac_mulsub_12s_12s_24s_25_1_1_U916  | 1    |        | mul_ln46_390      | mul | dsp_slice | 0       |
|   mac_mulsub_12s_12s_24s_25_1_1_U916  | 1    |        | sub_ln46_292      | sub | dsp_slice | 0       |
|   mac_mulsub_12s_12s_25s_25_1_1_U1169 | 1    |        | mul_ln46_391      | mul | dsp_slice | 0       |
|   mac_mulsub_12s_12s_25s_25_1_1_U1169 | 1    |        | sub_ln46_293      | sub | dsp_slice | 0       |
|   add_ln46_97_fu_23517_p2             |      |        | add_ln46_97       | add | fabric    | 0       |
|   mul_12s_12s_24_1_1_U109             | 1    |        | mul_ln46_392      | mul | auto      | 0       |
|   mac_mulsub_12s_12s_24s_24_1_1_U664  | 1    |        | mul_ln46_393      | mul | dsp_slice | 0       |
|   mac_mulsub_12s_12s_24s_24_1_1_U664  | 1    |        | sub_ln46_294      | sub | dsp_slice | 0       |
|   mac_mulsub_12s_12s_24s_25_1_1_U917  | 1    |        | mul_ln46_394      | mul | dsp_slice | 0       |
|   mac_mulsub_12s_12s_24s_25_1_1_U917  | 1    |        | sub_ln46_295      | sub | dsp_slice | 0       |
|   mac_mulsub_12s_12s_25s_25_1_1_U1170 | 1    |        | mul_ln46_395      | mul | dsp_slice | 0       |
|   mac_mulsub_12s_12s_25s_25_1_1_U1170 | 1    |        | sub_ln46_296      | sub | dsp_slice | 0       |
|   add_ln46_98_fu_23706_p2             |      |        | add_ln46_98       | add | fabric    | 0       |
|   mul_12s_12s_24_1_1_U110             | 1    |        | mul_ln46_396      | mul | auto      | 0       |
|   mac_mulsub_12s_12s_24s_24_1_1_U665  | 1    |        | mul_ln46_397      | mul | dsp_slice | 0       |
|   mac_mulsub_12s_12s_24s_24_1_1_U665  | 1    |        | sub_ln46_297      | sub | dsp_slice | 0       |
|   mac_mulsub_12s_12s_24s_25_1_1_U918  | 1    |        | mul_ln46_398      | mul | dsp_slice | 0       |
|   mac_mulsub_12s_12s_24s_25_1_1_U918  | 1    |        | sub_ln46_298      | sub | dsp_slice | 0       |
|   mac_mulsub_12s_12s_25s_25_1_1_U1171 | 1    |        | mul_ln46_399      | mul | dsp_slice | 0       |
|   mac_mulsub_12s_12s_25s_25_1_1_U1171 | 1    |        | sub_ln46_299      | sub | dsp_slice | 0       |
|   add_ln46_99_fu_23895_p2             |      |        | add_ln46_99       | add | fabric    | 0       |
|   mul_12s_12s_24_1_1_U111             | 1    |        | mul_ln46_400      | mul | auto      | 0       |
|   mac_mulsub_12s_12s_24s_24_1_1_U666  | 1    |        | mul_ln46_401      | mul | dsp_slice | 0       |
|   mac_mulsub_12s_12s_24s_24_1_1_U666  | 1    |        | sub_ln46_300      | sub | dsp_slice | 0       |
|   mac_mulsub_12s_12s_24s_25_1_1_U919  | 1    |        | mul_ln46_402      | mul | dsp_slice | 0       |
|   mac_mulsub_12s_12s_24s_25_1_1_U919  | 1    |        | sub_ln46_301      | sub | dsp_slice | 0       |
|   mac_mulsub_12s_12s_25s_25_1_1_U1172 | 1    |        | mul_ln46_403      | mul | dsp_slice | 0       |
|   mac_mulsub_12s_12s_25s_25_1_1_U1172 | 1    |        | sub_ln46_302      | sub | dsp_slice | 0       |
|   add_ln46_100_fu_24084_p2            |      |        | add_ln46_100      | add | fabric    | 0       |
|   mul_12s_12s_24_1_1_U112             | 1    |        | mul_ln46_404      | mul | auto      | 0       |
|   mac_mulsub_12s_12s_24s_24_1_1_U667  | 1    |        | mul_ln46_405      | mul | dsp_slice | 0       |
|   mac_mulsub_12s_12s_24s_24_1_1_U667  | 1    |        | sub_ln46_303      | sub | dsp_slice | 0       |
|   mac_mulsub_12s_12s_24s_25_1_1_U920  | 1    |        | mul_ln46_406      | mul | dsp_slice | 0       |
|   mac_mulsub_12s_12s_24s_25_1_1_U920  | 1    |        | sub_ln46_304      | sub | dsp_slice | 0       |
|   mac_mulsub_12s_12s_25s_25_1_1_U1173 | 1    |        | mul_ln46_407      | mul | dsp_slice | 0       |
|   mac_mulsub_12s_12s_25s_25_1_1_U1173 | 1    |        | sub_ln46_305      | sub | dsp_slice | 0       |
|   add_ln46_101_fu_24273_p2            |      |        | add_ln46_101      | add | fabric    | 0       |
|   mul_12s_12s_24_1_1_U113             | 1    |        | mul_ln46_408      | mul | auto      | 0       |
|   mac_mulsub_12s_12s_24s_24_1_1_U668  | 1    |        | mul_ln46_409      | mul | dsp_slice | 0       |
|   mac_mulsub_12s_12s_24s_24_1_1_U668  | 1    |        | sub_ln46_306      | sub | dsp_slice | 0       |
|   mac_mulsub_12s_12s_24s_25_1_1_U921  | 1    |        | mul_ln46_410      | mul | dsp_slice | 0       |
|   mac_mulsub_12s_12s_24s_25_1_1_U921  | 1    |        | sub_ln46_307      | sub | dsp_slice | 0       |
|   mac_mulsub_12s_12s_25s_25_1_1_U1174 | 1    |        | mul_ln46_411      | mul | dsp_slice | 0       |
|   mac_mulsub_12s_12s_25s_25_1_1_U1174 | 1    |        | sub_ln46_308      | sub | dsp_slice | 0       |
|   add_ln46_102_fu_24462_p2            |      |        | add_ln46_102      | add | fabric    | 0       |
|   mul_12s_12s_24_1_1_U114             | 1    |        | mul_ln46_412      | mul | auto      | 0       |
|   mac_mulsub_12s_12s_24s_24_1_1_U669  | 1    |        | mul_ln46_413      | mul | dsp_slice | 0       |
|   mac_mulsub_12s_12s_24s_24_1_1_U669  | 1    |        | sub_ln46_309      | sub | dsp_slice | 0       |
|   mac_mulsub_12s_12s_24s_25_1_1_U922  | 1    |        | mul_ln46_414      | mul | dsp_slice | 0       |
|   mac_mulsub_12s_12s_24s_25_1_1_U922  | 1    |        | sub_ln46_310      | sub | dsp_slice | 0       |
|   mac_mulsub_12s_12s_25s_25_1_1_U1175 | 1    |        | mul_ln46_415      | mul | dsp_slice | 0       |
|   mac_mulsub_12s_12s_25s_25_1_1_U1175 | 1    |        | sub_ln46_311      | sub | dsp_slice | 0       |
|   add_ln46_103_fu_24651_p2            |      |        | add_ln46_103      | add | fabric    | 0       |
|   mul_12s_12s_24_1_1_U115             | 1    |        | mul_ln46_416      | mul | auto      | 0       |
|   mac_mulsub_12s_12s_24s_24_1_1_U670  | 1    |        | mul_ln46_417      | mul | dsp_slice | 0       |
|   mac_mulsub_12s_12s_24s_24_1_1_U670  | 1    |        | sub_ln46_312      | sub | dsp_slice | 0       |
|   mac_mulsub_12s_12s_24s_25_1_1_U923  | 1    |        | mul_ln46_418      | mul | dsp_slice | 0       |
|   mac_mulsub_12s_12s_24s_25_1_1_U923  | 1    |        | sub_ln46_313      | sub | dsp_slice | 0       |
|   mac_mulsub_12s_12s_25s_25_1_1_U1176 | 1    |        | mul_ln46_419      | mul | dsp_slice | 0       |
|   mac_mulsub_12s_12s_25s_25_1_1_U1176 | 1    |        | sub_ln46_314      | sub | dsp_slice | 0       |
|   add_ln46_104_fu_24840_p2            |      |        | add_ln46_104      | add | fabric    | 0       |
|   mul_12s_12s_24_1_1_U116             | 1    |        | mul_ln46_420      | mul | auto      | 0       |
|   mac_mulsub_12s_12s_24s_24_1_1_U671  | 1    |        | mul_ln46_421      | mul | dsp_slice | 0       |
|   mac_mulsub_12s_12s_24s_24_1_1_U671  | 1    |        | sub_ln46_315      | sub | dsp_slice | 0       |
|   mac_mulsub_12s_12s_24s_25_1_1_U924  | 1    |        | mul_ln46_422      | mul | dsp_slice | 0       |
|   mac_mulsub_12s_12s_24s_25_1_1_U924  | 1    |        | sub_ln46_316      | sub | dsp_slice | 0       |
|   mac_mulsub_12s_12s_25s_25_1_1_U1177 | 1    |        | mul_ln46_423      | mul | dsp_slice | 0       |
|   mac_mulsub_12s_12s_25s_25_1_1_U1177 | 1    |        | sub_ln46_317      | sub | dsp_slice | 0       |
|   add_ln46_105_fu_25029_p2            |      |        | add_ln46_105      | add | fabric    | 0       |
|   mul_12s_12s_24_1_1_U117             | 1    |        | mul_ln46_424      | mul | auto      | 0       |
|   mac_mulsub_12s_12s_24s_24_1_1_U672  | 1    |        | mul_ln46_425      | mul | dsp_slice | 0       |
|   mac_mulsub_12s_12s_24s_24_1_1_U672  | 1    |        | sub_ln46_318      | sub | dsp_slice | 0       |
|   mac_mulsub_12s_12s_24s_25_1_1_U925  | 1    |        | mul_ln46_426      | mul | dsp_slice | 0       |
|   mac_mulsub_12s_12s_24s_25_1_1_U925  | 1    |        | sub_ln46_319      | sub | dsp_slice | 0       |
|   mac_mulsub_12s_12s_25s_25_1_1_U1178 | 1    |        | mul_ln46_427      | mul | dsp_slice | 0       |
|   mac_mulsub_12s_12s_25s_25_1_1_U1178 | 1    |        | sub_ln46_320      | sub | dsp_slice | 0       |
|   add_ln46_106_fu_25218_p2            |      |        | add_ln46_106      | add | fabric    | 0       |
|   mul_12s_12s_24_1_1_U118             | 1    |        | mul_ln46_428      | mul | auto      | 0       |
|   mac_mulsub_12s_12s_24s_24_1_1_U673  | 1    |        | mul_ln46_429      | mul | dsp_slice | 0       |
|   mac_mulsub_12s_12s_24s_24_1_1_U673  | 1    |        | sub_ln46_321      | sub | dsp_slice | 0       |
|   mac_mulsub_12s_12s_24s_25_1_1_U926  | 1    |        | mul_ln46_430      | mul | dsp_slice | 0       |
|   mac_mulsub_12s_12s_24s_25_1_1_U926  | 1    |        | sub_ln46_322      | sub | dsp_slice | 0       |
|   mac_mulsub_12s_12s_25s_25_1_1_U1179 | 1    |        | mul_ln46_431      | mul | dsp_slice | 0       |
|   mac_mulsub_12s_12s_25s_25_1_1_U1179 | 1    |        | sub_ln46_323      | sub | dsp_slice | 0       |
|   add_ln46_107_fu_25407_p2            |      |        | add_ln46_107      | add | fabric    | 0       |
|   mul_12s_12s_24_1_1_U119             | 1    |        | mul_ln46_432      | mul | auto      | 0       |
|   mac_mulsub_12s_12s_24s_24_1_1_U674  | 1    |        | mul_ln46_433      | mul | dsp_slice | 0       |
|   mac_mulsub_12s_12s_24s_24_1_1_U674  | 1    |        | sub_ln46_324      | sub | dsp_slice | 0       |
|   mac_mulsub_12s_12s_24s_25_1_1_U927  | 1    |        | mul_ln46_434      | mul | dsp_slice | 0       |
|   mac_mulsub_12s_12s_24s_25_1_1_U927  | 1    |        | sub_ln46_325      | sub | dsp_slice | 0       |
|   mac_mulsub_12s_12s_25s_25_1_1_U1180 | 1    |        | mul_ln46_435      | mul | dsp_slice | 0       |
|   mac_mulsub_12s_12s_25s_25_1_1_U1180 | 1    |        | sub_ln46_326      | sub | dsp_slice | 0       |
|   add_ln46_108_fu_25596_p2            |      |        | add_ln46_108      | add | fabric    | 0       |
|   mul_12s_12s_24_1_1_U120             | 1    |        | mul_ln46_436      | mul | auto      | 0       |
|   mac_mulsub_12s_12s_24s_24_1_1_U675  | 1    |        | mul_ln46_437      | mul | dsp_slice | 0       |
|   mac_mulsub_12s_12s_24s_24_1_1_U675  | 1    |        | sub_ln46_327      | sub | dsp_slice | 0       |
|   mac_mulsub_12s_12s_24s_25_1_1_U928  | 1    |        | mul_ln46_438      | mul | dsp_slice | 0       |
|   mac_mulsub_12s_12s_24s_25_1_1_U928  | 1    |        | sub_ln46_328      | sub | dsp_slice | 0       |
|   mac_mulsub_12s_12s_25s_25_1_1_U1181 | 1    |        | mul_ln46_439      | mul | dsp_slice | 0       |
|   mac_mulsub_12s_12s_25s_25_1_1_U1181 | 1    |        | sub_ln46_329      | sub | dsp_slice | 0       |
|   add_ln46_109_fu_25785_p2            |      |        | add_ln46_109      | add | fabric    | 0       |
|   mul_12s_12s_24_1_1_U121             | 1    |        | mul_ln46_440      | mul | auto      | 0       |
|   mac_mulsub_12s_12s_24s_24_1_1_U676  | 1    |        | mul_ln46_441      | mul | dsp_slice | 0       |
|   mac_mulsub_12s_12s_24s_24_1_1_U676  | 1    |        | sub_ln46_330      | sub | dsp_slice | 0       |
|   mac_mulsub_12s_12s_24s_25_1_1_U929  | 1    |        | mul_ln46_442      | mul | dsp_slice | 0       |
|   mac_mulsub_12s_12s_24s_25_1_1_U929  | 1    |        | sub_ln46_331      | sub | dsp_slice | 0       |
|   mac_mulsub_12s_12s_25s_25_1_1_U1182 | 1    |        | mul_ln46_443      | mul | dsp_slice | 0       |
|   mac_mulsub_12s_12s_25s_25_1_1_U1182 | 1    |        | sub_ln46_332      | sub | dsp_slice | 0       |
|   add_ln46_110_fu_25974_p2            |      |        | add_ln46_110      | add | fabric    | 0       |
|   mul_12s_12s_24_1_1_U122             | 1    |        | mul_ln46_444      | mul | auto      | 0       |
|   mac_mulsub_12s_12s_24s_24_1_1_U677  | 1    |        | mul_ln46_445      | mul | dsp_slice | 0       |
|   mac_mulsub_12s_12s_24s_24_1_1_U677  | 1    |        | sub_ln46_333      | sub | dsp_slice | 0       |
|   mac_mulsub_12s_12s_24s_25_1_1_U930  | 1    |        | mul_ln46_446      | mul | dsp_slice | 0       |
|   mac_mulsub_12s_12s_24s_25_1_1_U930  | 1    |        | sub_ln46_334      | sub | dsp_slice | 0       |
|   mac_mulsub_12s_12s_25s_25_1_1_U1183 | 1    |        | mul_ln46_447      | mul | dsp_slice | 0       |
|   mac_mulsub_12s_12s_25s_25_1_1_U1183 | 1    |        | sub_ln46_335      | sub | dsp_slice | 0       |
|   add_ln46_111_fu_26163_p2            |      |        | add_ln46_111      | add | fabric    | 0       |
|   mul_12s_12s_24_1_1_U123             | 1    |        | mul_ln46_448      | mul | auto      | 0       |
|   mac_mulsub_12s_12s_24s_24_1_1_U678  | 1    |        | mul_ln46_449      | mul | dsp_slice | 0       |
|   mac_mulsub_12s_12s_24s_24_1_1_U678  | 1    |        | sub_ln46_336      | sub | dsp_slice | 0       |
|   mac_mulsub_12s_12s_24s_25_1_1_U931  | 1    |        | mul_ln46_450      | mul | dsp_slice | 0       |
|   mac_mulsub_12s_12s_24s_25_1_1_U931  | 1    |        | sub_ln46_337      | sub | dsp_slice | 0       |
|   mac_mulsub_12s_12s_25s_25_1_1_U1184 | 1    |        | mul_ln46_451      | mul | dsp_slice | 0       |
|   mac_mulsub_12s_12s_25s_25_1_1_U1184 | 1    |        | sub_ln46_338      | sub | dsp_slice | 0       |
|   add_ln46_112_fu_26352_p2            |      |        | add_ln46_112      | add | fabric    | 0       |
|   mul_12s_12s_24_1_1_U124             | 1    |        | mul_ln46_452      | mul | auto      | 0       |
|   mac_mulsub_12s_12s_24s_24_1_1_U679  | 1    |        | mul_ln46_453      | mul | dsp_slice | 0       |
|   mac_mulsub_12s_12s_24s_24_1_1_U679  | 1    |        | sub_ln46_339      | sub | dsp_slice | 0       |
|   mac_mulsub_12s_12s_24s_25_1_1_U932  | 1    |        | mul_ln46_454      | mul | dsp_slice | 0       |
|   mac_mulsub_12s_12s_24s_25_1_1_U932  | 1    |        | sub_ln46_340      | sub | dsp_slice | 0       |
|   mac_mulsub_12s_12s_25s_25_1_1_U1185 | 1    |        | mul_ln46_455      | mul | dsp_slice | 0       |
|   mac_mulsub_12s_12s_25s_25_1_1_U1185 | 1    |        | sub_ln46_341      | sub | dsp_slice | 0       |
|   add_ln46_113_fu_26541_p2            |      |        | add_ln46_113      | add | fabric    | 0       |
|   mul_12s_12s_24_1_1_U125             | 1    |        | mul_ln46_456      | mul | auto      | 0       |
|   mac_mulsub_12s_12s_24s_24_1_1_U680  | 1    |        | mul_ln46_457      | mul | dsp_slice | 0       |
|   mac_mulsub_12s_12s_24s_24_1_1_U680  | 1    |        | sub_ln46_342      | sub | dsp_slice | 0       |
|   mac_mulsub_12s_12s_24s_25_1_1_U933  | 1    |        | mul_ln46_458      | mul | dsp_slice | 0       |
|   mac_mulsub_12s_12s_24s_25_1_1_U933  | 1    |        | sub_ln46_343      | sub | dsp_slice | 0       |
|   mac_mulsub_12s_12s_25s_25_1_1_U1186 | 1    |        | mul_ln46_459      | mul | dsp_slice | 0       |
|   mac_mulsub_12s_12s_25s_25_1_1_U1186 | 1    |        | sub_ln46_344      | sub | dsp_slice | 0       |
|   add_ln46_114_fu_26730_p2            |      |        | add_ln46_114      | add | fabric    | 0       |
|   mul_12s_12s_24_1_1_U126             | 1    |        | mul_ln46_460      | mul | auto      | 0       |
|   mac_mulsub_12s_12s_24s_24_1_1_U681  | 1    |        | mul_ln46_461      | mul | dsp_slice | 0       |
|   mac_mulsub_12s_12s_24s_24_1_1_U681  | 1    |        | sub_ln46_345      | sub | dsp_slice | 0       |
|   mac_mulsub_12s_12s_24s_25_1_1_U934  | 1    |        | mul_ln46_462      | mul | dsp_slice | 0       |
|   mac_mulsub_12s_12s_24s_25_1_1_U934  | 1    |        | sub_ln46_346      | sub | dsp_slice | 0       |
|   mac_mulsub_12s_12s_25s_25_1_1_U1187 | 1    |        | mul_ln46_463      | mul | dsp_slice | 0       |
|   mac_mulsub_12s_12s_25s_25_1_1_U1187 | 1    |        | sub_ln46_347      | sub | dsp_slice | 0       |
|   add_ln46_115_fu_26919_p2            |      |        | add_ln46_115      | add | fabric    | 0       |
|   mul_12s_12s_24_1_1_U127             | 1    |        | mul_ln46_464      | mul | auto      | 0       |
|   mac_mulsub_12s_12s_24s_24_1_1_U682  | 1    |        | mul_ln46_465      | mul | dsp_slice | 0       |
|   mac_mulsub_12s_12s_24s_24_1_1_U682  | 1    |        | sub_ln46_348      | sub | dsp_slice | 0       |
|   mac_mulsub_12s_12s_24s_25_1_1_U935  | 1    |        | mul_ln46_466      | mul | dsp_slice | 0       |
|   mac_mulsub_12s_12s_24s_25_1_1_U935  | 1    |        | sub_ln46_349      | sub | dsp_slice | 0       |
|   mac_mulsub_12s_12s_25s_25_1_1_U1188 | 1    |        | mul_ln46_467      | mul | dsp_slice | 0       |
|   mac_mulsub_12s_12s_25s_25_1_1_U1188 | 1    |        | sub_ln46_350      | sub | dsp_slice | 0       |
|   add_ln46_116_fu_27108_p2            |      |        | add_ln46_116      | add | fabric    | 0       |
|   mul_12s_12s_24_1_1_U128             | 1    |        | mul_ln46_468      | mul | auto      | 0       |
|   mac_mulsub_12s_12s_24s_24_1_1_U683  | 1    |        | mul_ln46_469      | mul | dsp_slice | 0       |
|   mac_mulsub_12s_12s_24s_24_1_1_U683  | 1    |        | sub_ln46_351      | sub | dsp_slice | 0       |
|   mac_mulsub_12s_12s_24s_25_1_1_U936  | 1    |        | mul_ln46_470      | mul | dsp_slice | 0       |
|   mac_mulsub_12s_12s_24s_25_1_1_U936  | 1    |        | sub_ln46_352      | sub | dsp_slice | 0       |
|   mac_mulsub_12s_12s_25s_25_1_1_U1189 | 1    |        | mul_ln46_471      | mul | dsp_slice | 0       |
|   mac_mulsub_12s_12s_25s_25_1_1_U1189 | 1    |        | sub_ln46_353      | sub | dsp_slice | 0       |
|   add_ln46_117_fu_27297_p2            |      |        | add_ln46_117      | add | fabric    | 0       |
|   mul_12s_12s_24_1_1_U129             | 1    |        | mul_ln46_472      | mul | auto      | 0       |
|   mac_mulsub_12s_12s_24s_24_1_1_U684  | 1    |        | mul_ln46_473      | mul | dsp_slice | 0       |
|   mac_mulsub_12s_12s_24s_24_1_1_U684  | 1    |        | sub_ln46_354      | sub | dsp_slice | 0       |
|   mac_mulsub_12s_12s_24s_25_1_1_U937  | 1    |        | mul_ln46_474      | mul | dsp_slice | 0       |
|   mac_mulsub_12s_12s_24s_25_1_1_U937  | 1    |        | sub_ln46_355      | sub | dsp_slice | 0       |
|   mac_mulsub_12s_12s_25s_25_1_1_U1190 | 1    |        | mul_ln46_475      | mul | dsp_slice | 0       |
|   mac_mulsub_12s_12s_25s_25_1_1_U1190 | 1    |        | sub_ln46_356      | sub | dsp_slice | 0       |
|   add_ln46_118_fu_27486_p2            |      |        | add_ln46_118      | add | fabric    | 0       |
|   mul_12s_12s_24_1_1_U130             | 1    |        | mul_ln46_476      | mul | auto      | 0       |
|   mac_mulsub_12s_12s_24s_24_1_1_U685  | 1    |        | mul_ln46_477      | mul | dsp_slice | 0       |
|   mac_mulsub_12s_12s_24s_24_1_1_U685  | 1    |        | sub_ln46_357      | sub | dsp_slice | 0       |
|   mac_mulsub_12s_12s_24s_25_1_1_U938  | 1    |        | mul_ln46_478      | mul | dsp_slice | 0       |
|   mac_mulsub_12s_12s_24s_25_1_1_U938  | 1    |        | sub_ln46_358      | sub | dsp_slice | 0       |
|   mac_mulsub_12s_12s_25s_25_1_1_U1191 | 1    |        | mul_ln46_479      | mul | dsp_slice | 0       |
|   mac_mulsub_12s_12s_25s_25_1_1_U1191 | 1    |        | sub_ln46_359      | sub | dsp_slice | 0       |
|   add_ln46_119_fu_27675_p2            |      |        | add_ln46_119      | add | fabric    | 0       |
|   mul_12s_12s_24_1_1_U131             | 1    |        | mul_ln46_480      | mul | auto      | 0       |
|   mac_mulsub_12s_12s_24s_24_1_1_U686  | 1    |        | mul_ln46_481      | mul | dsp_slice | 0       |
|   mac_mulsub_12s_12s_24s_24_1_1_U686  | 1    |        | sub_ln46_360      | sub | dsp_slice | 0       |
|   mac_mulsub_12s_12s_24s_25_1_1_U939  | 1    |        | mul_ln46_482      | mul | dsp_slice | 0       |
|   mac_mulsub_12s_12s_24s_25_1_1_U939  | 1    |        | sub_ln46_361      | sub | dsp_slice | 0       |
|   mac_mulsub_12s_12s_25s_25_1_1_U1192 | 1    |        | mul_ln46_483      | mul | dsp_slice | 0       |
|   mac_mulsub_12s_12s_25s_25_1_1_U1192 | 1    |        | sub_ln46_362      | sub | dsp_slice | 0       |
|   add_ln46_120_fu_27864_p2            |      |        | add_ln46_120      | add | fabric    | 0       |
|   mul_12s_12s_24_1_1_U132             | 1    |        | mul_ln46_484      | mul | auto      | 0       |
|   mac_mulsub_12s_12s_24s_24_1_1_U687  | 1    |        | mul_ln46_485      | mul | dsp_slice | 0       |
|   mac_mulsub_12s_12s_24s_24_1_1_U687  | 1    |        | sub_ln46_363      | sub | dsp_slice | 0       |
|   mac_mulsub_12s_12s_24s_25_1_1_U940  | 1    |        | mul_ln46_486      | mul | dsp_slice | 0       |
|   mac_mulsub_12s_12s_24s_25_1_1_U940  | 1    |        | sub_ln46_364      | sub | dsp_slice | 0       |
|   mac_mulsub_12s_12s_25s_25_1_1_U1193 | 1    |        | mul_ln46_487      | mul | dsp_slice | 0       |
|   mac_mulsub_12s_12s_25s_25_1_1_U1193 | 1    |        | sub_ln46_365      | sub | dsp_slice | 0       |
|   add_ln46_121_fu_28053_p2            |      |        | add_ln46_121      | add | fabric    | 0       |
|   mul_12s_12s_24_1_1_U133             | 1    |        | mul_ln46_488      | mul | auto      | 0       |
|   mac_mulsub_12s_12s_24s_24_1_1_U688  | 1    |        | mul_ln46_489      | mul | dsp_slice | 0       |
|   mac_mulsub_12s_12s_24s_24_1_1_U688  | 1    |        | sub_ln46_366      | sub | dsp_slice | 0       |
|   mac_mulsub_12s_12s_24s_25_1_1_U941  | 1    |        | mul_ln46_490      | mul | dsp_slice | 0       |
|   mac_mulsub_12s_12s_24s_25_1_1_U941  | 1    |        | sub_ln46_367      | sub | dsp_slice | 0       |
|   mac_mulsub_12s_12s_25s_25_1_1_U1194 | 1    |        | mul_ln46_491      | mul | dsp_slice | 0       |
|   mac_mulsub_12s_12s_25s_25_1_1_U1194 | 1    |        | sub_ln46_368      | sub | dsp_slice | 0       |
|   add_ln46_122_fu_28242_p2            |      |        | add_ln46_122      | add | fabric    | 0       |
|   mul_12s_12s_24_1_1_U134             | 1    |        | mul_ln46_492      | mul | auto      | 0       |
|   mac_mulsub_12s_12s_24s_24_1_1_U689  | 1    |        | mul_ln46_493      | mul | dsp_slice | 0       |
|   mac_mulsub_12s_12s_24s_24_1_1_U689  | 1    |        | sub_ln46_369      | sub | dsp_slice | 0       |
|   mac_mulsub_12s_12s_24s_25_1_1_U942  | 1    |        | mul_ln46_494      | mul | dsp_slice | 0       |
|   mac_mulsub_12s_12s_24s_25_1_1_U942  | 1    |        | sub_ln46_370      | sub | dsp_slice | 0       |
|   mac_mulsub_12s_12s_25s_25_1_1_U1195 | 1    |        | mul_ln46_495      | mul | dsp_slice | 0       |
|   mac_mulsub_12s_12s_25s_25_1_1_U1195 | 1    |        | sub_ln46_371      | sub | dsp_slice | 0       |
|   add_ln46_123_fu_28431_p2            |      |        | add_ln46_123      | add | fabric    | 0       |
|   mul_12s_12s_24_1_1_U135             | 1    |        | mul_ln46_496      | mul | auto      | 0       |
|   mac_mulsub_12s_12s_24s_24_1_1_U690  | 1    |        | mul_ln46_497      | mul | dsp_slice | 0       |
|   mac_mulsub_12s_12s_24s_24_1_1_U690  | 1    |        | sub_ln46_372      | sub | dsp_slice | 0       |
|   mac_mulsub_12s_12s_24s_25_1_1_U943  | 1    |        | mul_ln46_498      | mul | dsp_slice | 0       |
|   mac_mulsub_12s_12s_24s_25_1_1_U943  | 1    |        | sub_ln46_373      | sub | dsp_slice | 0       |
|   mac_mulsub_12s_12s_25s_25_1_1_U1196 | 1    |        | mul_ln46_499      | mul | dsp_slice | 0       |
|   mac_mulsub_12s_12s_25s_25_1_1_U1196 | 1    |        | sub_ln46_374      | sub | dsp_slice | 0       |
|   add_ln46_124_fu_28620_p2            |      |        | add_ln46_124      | add | fabric    | 0       |
|   mul_12s_12s_24_1_1_U136             | 1    |        | mul_ln46_500      | mul | auto      | 0       |
|   mac_mulsub_12s_12s_24s_24_1_1_U691  | 1    |        | mul_ln46_501      | mul | dsp_slice | 0       |
|   mac_mulsub_12s_12s_24s_24_1_1_U691  | 1    |        | sub_ln46_375      | sub | dsp_slice | 0       |
|   mac_mulsub_12s_12s_24s_25_1_1_U944  | 1    |        | mul_ln46_502      | mul | dsp_slice | 0       |
|   mac_mulsub_12s_12s_24s_25_1_1_U944  | 1    |        | sub_ln46_376      | sub | dsp_slice | 0       |
|   mac_mulsub_12s_12s_25s_25_1_1_U1197 | 1    |        | mul_ln46_503      | mul | dsp_slice | 0       |
|   mac_mulsub_12s_12s_25s_25_1_1_U1197 | 1    |        | sub_ln46_377      | sub | dsp_slice | 0       |
|   add_ln46_125_fu_28809_p2            |      |        | add_ln46_125      | add | fabric    | 0       |
|   mul_12s_12s_24_1_1_U137             | 1    |        | mul_ln46_504      | mul | auto      | 0       |
|   mac_mulsub_12s_12s_24s_24_1_1_U692  | 1    |        | mul_ln46_505      | mul | dsp_slice | 0       |
|   mac_mulsub_12s_12s_24s_24_1_1_U692  | 1    |        | sub_ln46_378      | sub | dsp_slice | 0       |
|   mac_mulsub_12s_12s_24s_25_1_1_U945  | 1    |        | mul_ln46_506      | mul | dsp_slice | 0       |
|   mac_mulsub_12s_12s_24s_25_1_1_U945  | 1    |        | sub_ln46_379      | sub | dsp_slice | 0       |
|   mac_mulsub_12s_12s_25s_25_1_1_U1198 | 1    |        | mul_ln46_507      | mul | dsp_slice | 0       |
|   mac_mulsub_12s_12s_25s_25_1_1_U1198 | 1    |        | sub_ln46_380      | sub | dsp_slice | 0       |
|   add_ln46_126_fu_28998_p2            |      |        | add_ln46_126      | add | fabric    | 0       |
|   mul_12s_12s_24_1_1_U138             | 1    |        | mul_ln46_508      | mul | auto      | 0       |
|   mac_mulsub_12s_12s_24s_24_1_1_U693  | 1    |        | mul_ln46_509      | mul | dsp_slice | 0       |
|   mac_mulsub_12s_12s_24s_24_1_1_U693  | 1    |        | sub_ln46_381      | sub | dsp_slice | 0       |
|   mac_mulsub_12s_12s_24s_25_1_1_U946  | 1    |        | mul_ln46_510      | mul | dsp_slice | 0       |
|   mac_mulsub_12s_12s_24s_25_1_1_U946  | 1    |        | sub_ln46_382      | sub | dsp_slice | 0       |
|   mac_mulsub_12s_12s_25s_25_1_1_U1199 | 1    |        | mul_ln46_511      | mul | dsp_slice | 0       |
|   mac_mulsub_12s_12s_25s_25_1_1_U1199 | 1    |        | sub_ln46_383      | sub | dsp_slice | 0       |
|   add_ln46_127_fu_29187_p2            |      |        | add_ln46_127      | add | fabric    | 0       |
|   mul_12s_12s_24_1_1_U139             | 1    |        | mul_ln46_512      | mul | auto      | 0       |
|   mac_mulsub_12s_12s_24s_24_1_1_U694  | 1    |        | mul_ln46_513      | mul | dsp_slice | 0       |
|   mac_mulsub_12s_12s_24s_24_1_1_U694  | 1    |        | sub_ln46_384      | sub | dsp_slice | 0       |
|   mac_mulsub_12s_12s_24s_25_1_1_U947  | 1    |        | mul_ln46_514      | mul | dsp_slice | 0       |
|   mac_mulsub_12s_12s_24s_25_1_1_U947  | 1    |        | sub_ln46_385      | sub | dsp_slice | 0       |
|   mac_mulsub_12s_12s_25s_25_1_1_U1200 | 1    |        | mul_ln46_515      | mul | dsp_slice | 0       |
|   mac_mulsub_12s_12s_25s_25_1_1_U1200 | 1    |        | sub_ln46_386      | sub | dsp_slice | 0       |
|   add_ln46_128_fu_29376_p2            |      |        | add_ln46_128      | add | fabric    | 0       |
|   mul_12s_12s_24_1_1_U140             | 1    |        | mul_ln46_516      | mul | auto      | 0       |
|   mac_mulsub_12s_12s_24s_24_1_1_U695  | 1    |        | mul_ln46_517      | mul | dsp_slice | 0       |
|   mac_mulsub_12s_12s_24s_24_1_1_U695  | 1    |        | sub_ln46_387      | sub | dsp_slice | 0       |
|   mac_mulsub_12s_12s_24s_25_1_1_U948  | 1    |        | mul_ln46_518      | mul | dsp_slice | 0       |
|   mac_mulsub_12s_12s_24s_25_1_1_U948  | 1    |        | sub_ln46_388      | sub | dsp_slice | 0       |
|   mac_mulsub_12s_12s_25s_25_1_1_U1201 | 1    |        | mul_ln46_519      | mul | dsp_slice | 0       |
|   mac_mulsub_12s_12s_25s_25_1_1_U1201 | 1    |        | sub_ln46_389      | sub | dsp_slice | 0       |
|   add_ln46_129_fu_29565_p2            |      |        | add_ln46_129      | add | fabric    | 0       |
|   mul_12s_12s_24_1_1_U141             | 1    |        | mul_ln46_520      | mul | auto      | 0       |
|   mac_mulsub_12s_12s_24s_24_1_1_U696  | 1    |        | mul_ln46_521      | mul | dsp_slice | 0       |
|   mac_mulsub_12s_12s_24s_24_1_1_U696  | 1    |        | sub_ln46_390      | sub | dsp_slice | 0       |
|   mac_mulsub_12s_12s_24s_25_1_1_U949  | 1    |        | mul_ln46_522      | mul | dsp_slice | 0       |
|   mac_mulsub_12s_12s_24s_25_1_1_U949  | 1    |        | sub_ln46_391      | sub | dsp_slice | 0       |
|   mac_mulsub_12s_12s_25s_25_1_1_U1202 | 1    |        | mul_ln46_523      | mul | dsp_slice | 0       |
|   mac_mulsub_12s_12s_25s_25_1_1_U1202 | 1    |        | sub_ln46_392      | sub | dsp_slice | 0       |
|   add_ln46_130_fu_29754_p2            |      |        | add_ln46_130      | add | fabric    | 0       |
|   mul_12s_12s_24_1_1_U142             | 1    |        | mul_ln46_524      | mul | auto      | 0       |
|   mac_mulsub_12s_12s_24s_24_1_1_U697  | 1    |        | mul_ln46_525      | mul | dsp_slice | 0       |
|   mac_mulsub_12s_12s_24s_24_1_1_U697  | 1    |        | sub_ln46_393      | sub | dsp_slice | 0       |
|   mac_mulsub_12s_12s_24s_25_1_1_U950  | 1    |        | mul_ln46_526      | mul | dsp_slice | 0       |
|   mac_mulsub_12s_12s_24s_25_1_1_U950  | 1    |        | sub_ln46_394      | sub | dsp_slice | 0       |
|   mac_mulsub_12s_12s_25s_25_1_1_U1203 | 1    |        | mul_ln46_527      | mul | dsp_slice | 0       |
|   mac_mulsub_12s_12s_25s_25_1_1_U1203 | 1    |        | sub_ln46_395      | sub | dsp_slice | 0       |
|   add_ln46_131_fu_29943_p2            |      |        | add_ln46_131      | add | fabric    | 0       |
|   mul_12s_12s_24_1_1_U143             | 1    |        | mul_ln46_528      | mul | auto      | 0       |
|   mac_mulsub_12s_12s_24s_24_1_1_U698  | 1    |        | mul_ln46_529      | mul | dsp_slice | 0       |
|   mac_mulsub_12s_12s_24s_24_1_1_U698  | 1    |        | sub_ln46_396      | sub | dsp_slice | 0       |
|   mac_mulsub_12s_12s_24s_25_1_1_U951  | 1    |        | mul_ln46_530      | mul | dsp_slice | 0       |
|   mac_mulsub_12s_12s_24s_25_1_1_U951  | 1    |        | sub_ln46_397      | sub | dsp_slice | 0       |
|   mac_mulsub_12s_12s_25s_25_1_1_U1204 | 1    |        | mul_ln46_531      | mul | dsp_slice | 0       |
|   mac_mulsub_12s_12s_25s_25_1_1_U1204 | 1    |        | sub_ln46_398      | sub | dsp_slice | 0       |
|   add_ln46_132_fu_30132_p2            |      |        | add_ln46_132      | add | fabric    | 0       |
|   mul_12s_12s_24_1_1_U144             | 1    |        | mul_ln46_532      | mul | auto      | 0       |
|   mac_mulsub_12s_12s_24s_24_1_1_U699  | 1    |        | mul_ln46_533      | mul | dsp_slice | 0       |
|   mac_mulsub_12s_12s_24s_24_1_1_U699  | 1    |        | sub_ln46_399      | sub | dsp_slice | 0       |
|   mac_mulsub_12s_12s_24s_25_1_1_U952  | 1    |        | mul_ln46_534      | mul | dsp_slice | 0       |
|   mac_mulsub_12s_12s_24s_25_1_1_U952  | 1    |        | sub_ln46_400      | sub | dsp_slice | 0       |
|   mac_mulsub_12s_12s_25s_25_1_1_U1205 | 1    |        | mul_ln46_535      | mul | dsp_slice | 0       |
|   mac_mulsub_12s_12s_25s_25_1_1_U1205 | 1    |        | sub_ln46_401      | sub | dsp_slice | 0       |
|   add_ln46_133_fu_30321_p2            |      |        | add_ln46_133      | add | fabric    | 0       |
|   mul_12s_12s_24_1_1_U145             | 1    |        | mul_ln46_536      | mul | auto      | 0       |
|   mac_mulsub_12s_12s_24s_24_1_1_U700  | 1    |        | mul_ln46_537      | mul | dsp_slice | 0       |
|   mac_mulsub_12s_12s_24s_24_1_1_U700  | 1    |        | sub_ln46_402      | sub | dsp_slice | 0       |
|   mac_mulsub_12s_12s_24s_25_1_1_U953  | 1    |        | mul_ln46_538      | mul | dsp_slice | 0       |
|   mac_mulsub_12s_12s_24s_25_1_1_U953  | 1    |        | sub_ln46_403      | sub | dsp_slice | 0       |
|   mac_mulsub_12s_12s_25s_25_1_1_U1206 | 1    |        | mul_ln46_539      | mul | dsp_slice | 0       |
|   mac_mulsub_12s_12s_25s_25_1_1_U1206 | 1    |        | sub_ln46_404      | sub | dsp_slice | 0       |
|   add_ln46_134_fu_30510_p2            |      |        | add_ln46_134      | add | fabric    | 0       |
|   mul_12s_12s_24_1_1_U146             | 1    |        | mul_ln46_540      | mul | auto      | 0       |
|   mac_mulsub_12s_12s_24s_24_1_1_U701  | 1    |        | mul_ln46_541      | mul | dsp_slice | 0       |
|   mac_mulsub_12s_12s_24s_24_1_1_U701  | 1    |        | sub_ln46_405      | sub | dsp_slice | 0       |
|   mac_mulsub_12s_12s_24s_25_1_1_U954  | 1    |        | mul_ln46_542      | mul | dsp_slice | 0       |
|   mac_mulsub_12s_12s_24s_25_1_1_U954  | 1    |        | sub_ln46_406      | sub | dsp_slice | 0       |
|   mac_mulsub_12s_12s_25s_25_1_1_U1207 | 1    |        | mul_ln46_543      | mul | dsp_slice | 0       |
|   mac_mulsub_12s_12s_25s_25_1_1_U1207 | 1    |        | sub_ln46_407      | sub | dsp_slice | 0       |
|   add_ln46_135_fu_30699_p2            |      |        | add_ln46_135      | add | fabric    | 0       |
|   mul_12s_12s_24_1_1_U147             | 1    |        | mul_ln46_544      | mul | auto      | 0       |
|   mac_mulsub_12s_12s_24s_24_1_1_U702  | 1    |        | mul_ln46_545      | mul | dsp_slice | 0       |
|   mac_mulsub_12s_12s_24s_24_1_1_U702  | 1    |        | sub_ln46_408      | sub | dsp_slice | 0       |
|   mac_mulsub_12s_12s_24s_25_1_1_U955  | 1    |        | mul_ln46_546      | mul | dsp_slice | 0       |
|   mac_mulsub_12s_12s_24s_25_1_1_U955  | 1    |        | sub_ln46_409      | sub | dsp_slice | 0       |
|   mac_mulsub_12s_12s_25s_25_1_1_U1208 | 1    |        | mul_ln46_547      | mul | dsp_slice | 0       |
|   mac_mulsub_12s_12s_25s_25_1_1_U1208 | 1    |        | sub_ln46_410      | sub | dsp_slice | 0       |
|   add_ln46_136_fu_30888_p2            |      |        | add_ln46_136      | add | fabric    | 0       |
|   mul_12s_12s_24_1_1_U148             | 1    |        | mul_ln46_548      | mul | auto      | 0       |
|   mac_mulsub_12s_12s_24s_24_1_1_U703  | 1    |        | mul_ln46_549      | mul | dsp_slice | 0       |
|   mac_mulsub_12s_12s_24s_24_1_1_U703  | 1    |        | sub_ln46_411      | sub | dsp_slice | 0       |
|   mac_mulsub_12s_12s_24s_25_1_1_U956  | 1    |        | mul_ln46_550      | mul | dsp_slice | 0       |
|   mac_mulsub_12s_12s_24s_25_1_1_U956  | 1    |        | sub_ln46_412      | sub | dsp_slice | 0       |
|   mac_mulsub_12s_12s_25s_25_1_1_U1209 | 1    |        | mul_ln46_551      | mul | dsp_slice | 0       |
|   mac_mulsub_12s_12s_25s_25_1_1_U1209 | 1    |        | sub_ln46_413      | sub | dsp_slice | 0       |
|   add_ln46_137_fu_31077_p2            |      |        | add_ln46_137      | add | fabric    | 0       |
|   mul_12s_12s_24_1_1_U149             | 1    |        | mul_ln46_552      | mul | auto      | 0       |
|   mac_mulsub_12s_12s_24s_24_1_1_U704  | 1    |        | mul_ln46_553      | mul | dsp_slice | 0       |
|   mac_mulsub_12s_12s_24s_24_1_1_U704  | 1    |        | sub_ln46_414      | sub | dsp_slice | 0       |
|   mac_mulsub_12s_12s_24s_25_1_1_U957  | 1    |        | mul_ln46_554      | mul | dsp_slice | 0       |
|   mac_mulsub_12s_12s_24s_25_1_1_U957  | 1    |        | sub_ln46_415      | sub | dsp_slice | 0       |
|   mac_mulsub_12s_12s_25s_25_1_1_U1210 | 1    |        | mul_ln46_555      | mul | dsp_slice | 0       |
|   mac_mulsub_12s_12s_25s_25_1_1_U1210 | 1    |        | sub_ln46_416      | sub | dsp_slice | 0       |
|   add_ln46_138_fu_31266_p2            |      |        | add_ln46_138      | add | fabric    | 0       |
|   mul_12s_12s_24_1_1_U150             | 1    |        | mul_ln46_556      | mul | auto      | 0       |
|   mac_mulsub_12s_12s_24s_24_1_1_U705  | 1    |        | mul_ln46_557      | mul | dsp_slice | 0       |
|   mac_mulsub_12s_12s_24s_24_1_1_U705  | 1    |        | sub_ln46_417      | sub | dsp_slice | 0       |
|   mac_mulsub_12s_12s_24s_25_1_1_U958  | 1    |        | mul_ln46_558      | mul | dsp_slice | 0       |
|   mac_mulsub_12s_12s_24s_25_1_1_U958  | 1    |        | sub_ln46_418      | sub | dsp_slice | 0       |
|   mac_mulsub_12s_12s_25s_25_1_1_U1211 | 1    |        | mul_ln46_559      | mul | dsp_slice | 0       |
|   mac_mulsub_12s_12s_25s_25_1_1_U1211 | 1    |        | sub_ln46_419      | sub | dsp_slice | 0       |
|   add_ln46_139_fu_31455_p2            |      |        | add_ln46_139      | add | fabric    | 0       |
|   mul_12s_12s_24_1_1_U151             | 1    |        | mul_ln46_560      | mul | auto      | 0       |
|   mac_mulsub_12s_12s_24s_24_1_1_U706  | 1    |        | mul_ln46_561      | mul | dsp_slice | 0       |
|   mac_mulsub_12s_12s_24s_24_1_1_U706  | 1    |        | sub_ln46_420      | sub | dsp_slice | 0       |
|   mac_mulsub_12s_12s_24s_25_1_1_U959  | 1    |        | mul_ln46_562      | mul | dsp_slice | 0       |
|   mac_mulsub_12s_12s_24s_25_1_1_U959  | 1    |        | sub_ln46_421      | sub | dsp_slice | 0       |
|   mac_mulsub_12s_12s_25s_25_1_1_U1212 | 1    |        | mul_ln46_563      | mul | dsp_slice | 0       |
|   mac_mulsub_12s_12s_25s_25_1_1_U1212 | 1    |        | sub_ln46_422      | sub | dsp_slice | 0       |
|   add_ln46_140_fu_31644_p2            |      |        | add_ln46_140      | add | fabric    | 0       |
|   mul_12s_12s_24_1_1_U152             | 1    |        | mul_ln46_564      | mul | auto      | 0       |
|   mac_mulsub_12s_12s_24s_24_1_1_U707  | 1    |        | mul_ln46_565      | mul | dsp_slice | 0       |
|   mac_mulsub_12s_12s_24s_24_1_1_U707  | 1    |        | sub_ln46_423      | sub | dsp_slice | 0       |
|   mac_mulsub_12s_12s_24s_25_1_1_U960  | 1    |        | mul_ln46_566      | mul | dsp_slice | 0       |
|   mac_mulsub_12s_12s_24s_25_1_1_U960  | 1    |        | sub_ln46_424      | sub | dsp_slice | 0       |
|   mac_mulsub_12s_12s_25s_25_1_1_U1213 | 1    |        | mul_ln46_567      | mul | dsp_slice | 0       |
|   mac_mulsub_12s_12s_25s_25_1_1_U1213 | 1    |        | sub_ln46_425      | sub | dsp_slice | 0       |
|   add_ln46_141_fu_31833_p2            |      |        | add_ln46_141      | add | fabric    | 0       |
|   mul_12s_12s_24_1_1_U153             | 1    |        | mul_ln46_568      | mul | auto      | 0       |
|   mac_mulsub_12s_12s_24s_24_1_1_U708  | 1    |        | mul_ln46_569      | mul | dsp_slice | 0       |
|   mac_mulsub_12s_12s_24s_24_1_1_U708  | 1    |        | sub_ln46_426      | sub | dsp_slice | 0       |
|   mac_mulsub_12s_12s_24s_25_1_1_U961  | 1    |        | mul_ln46_570      | mul | dsp_slice | 0       |
|   mac_mulsub_12s_12s_24s_25_1_1_U961  | 1    |        | sub_ln46_427      | sub | dsp_slice | 0       |
|   mac_mulsub_12s_12s_25s_25_1_1_U1214 | 1    |        | mul_ln46_571      | mul | dsp_slice | 0       |
|   mac_mulsub_12s_12s_25s_25_1_1_U1214 | 1    |        | sub_ln46_428      | sub | dsp_slice | 0       |
|   add_ln46_142_fu_32022_p2            |      |        | add_ln46_142      | add | fabric    | 0       |
|   mul_12s_12s_24_1_1_U154             | 1    |        | mul_ln46_572      | mul | auto      | 0       |
|   mac_mulsub_12s_12s_24s_24_1_1_U709  | 1    |        | mul_ln46_573      | mul | dsp_slice | 0       |
|   mac_mulsub_12s_12s_24s_24_1_1_U709  | 1    |        | sub_ln46_429      | sub | dsp_slice | 0       |
|   mac_mulsub_12s_12s_24s_25_1_1_U962  | 1    |        | mul_ln46_574      | mul | dsp_slice | 0       |
|   mac_mulsub_12s_12s_24s_25_1_1_U962  | 1    |        | sub_ln46_430      | sub | dsp_slice | 0       |
|   mac_mulsub_12s_12s_25s_25_1_1_U1215 | 1    |        | mul_ln46_575      | mul | dsp_slice | 0       |
|   mac_mulsub_12s_12s_25s_25_1_1_U1215 | 1    |        | sub_ln46_431      | sub | dsp_slice | 0       |
|   add_ln46_143_fu_32211_p2            |      |        | add_ln46_143      | add | fabric    | 0       |
|   mul_12s_12s_24_1_1_U155             | 1    |        | mul_ln46_576      | mul | auto      | 0       |
|   mac_mulsub_12s_12s_24s_24_1_1_U710  | 1    |        | mul_ln46_577      | mul | dsp_slice | 0       |
|   mac_mulsub_12s_12s_24s_24_1_1_U710  | 1    |        | sub_ln46_432      | sub | dsp_slice | 0       |
|   mac_mulsub_12s_12s_24s_25_1_1_U963  | 1    |        | mul_ln46_578      | mul | dsp_slice | 0       |
|   mac_mulsub_12s_12s_24s_25_1_1_U963  | 1    |        | sub_ln46_433      | sub | dsp_slice | 0       |
|   mac_mulsub_12s_12s_25s_25_1_1_U1216 | 1    |        | mul_ln46_579      | mul | dsp_slice | 0       |
|   mac_mulsub_12s_12s_25s_25_1_1_U1216 | 1    |        | sub_ln46_434      | sub | dsp_slice | 0       |
|   add_ln46_144_fu_32400_p2            |      |        | add_ln46_144      | add | fabric    | 0       |
|   mul_12s_12s_24_1_1_U156             | 1    |        | mul_ln46_580      | mul | auto      | 0       |
|   mac_mulsub_12s_12s_24s_24_1_1_U711  | 1    |        | mul_ln46_581      | mul | dsp_slice | 0       |
|   mac_mulsub_12s_12s_24s_24_1_1_U711  | 1    |        | sub_ln46_435      | sub | dsp_slice | 0       |
|   mac_mulsub_12s_12s_24s_25_1_1_U964  | 1    |        | mul_ln46_582      | mul | dsp_slice | 0       |
|   mac_mulsub_12s_12s_24s_25_1_1_U964  | 1    |        | sub_ln46_436      | sub | dsp_slice | 0       |
|   mac_mulsub_12s_12s_25s_25_1_1_U1217 | 1    |        | mul_ln46_583      | mul | dsp_slice | 0       |
|   mac_mulsub_12s_12s_25s_25_1_1_U1217 | 1    |        | sub_ln46_437      | sub | dsp_slice | 0       |
|   add_ln46_145_fu_32589_p2            |      |        | add_ln46_145      | add | fabric    | 0       |
|   mul_12s_12s_24_1_1_U157             | 1    |        | mul_ln46_584      | mul | auto      | 0       |
|   mac_mulsub_12s_12s_24s_24_1_1_U712  | 1    |        | mul_ln46_585      | mul | dsp_slice | 0       |
|   mac_mulsub_12s_12s_24s_24_1_1_U712  | 1    |        | sub_ln46_438      | sub | dsp_slice | 0       |
|   mac_mulsub_12s_12s_24s_25_1_1_U965  | 1    |        | mul_ln46_586      | mul | dsp_slice | 0       |
|   mac_mulsub_12s_12s_24s_25_1_1_U965  | 1    |        | sub_ln46_439      | sub | dsp_slice | 0       |
|   mac_mulsub_12s_12s_25s_25_1_1_U1218 | 1    |        | mul_ln46_587      | mul | dsp_slice | 0       |
|   mac_mulsub_12s_12s_25s_25_1_1_U1218 | 1    |        | sub_ln46_440      | sub | dsp_slice | 0       |
|   add_ln46_146_fu_32778_p2            |      |        | add_ln46_146      | add | fabric    | 0       |
|   mul_12s_12s_24_1_1_U158             | 1    |        | mul_ln46_588      | mul | auto      | 0       |
|   mac_mulsub_12s_12s_24s_24_1_1_U713  | 1    |        | mul_ln46_589      | mul | dsp_slice | 0       |
|   mac_mulsub_12s_12s_24s_24_1_1_U713  | 1    |        | sub_ln46_441      | sub | dsp_slice | 0       |
|   mac_mulsub_12s_12s_24s_25_1_1_U966  | 1    |        | mul_ln46_590      | mul | dsp_slice | 0       |
|   mac_mulsub_12s_12s_24s_25_1_1_U966  | 1    |        | sub_ln46_442      | sub | dsp_slice | 0       |
|   mac_mulsub_12s_12s_25s_25_1_1_U1219 | 1    |        | mul_ln46_591      | mul | dsp_slice | 0       |
|   mac_mulsub_12s_12s_25s_25_1_1_U1219 | 1    |        | sub_ln46_443      | sub | dsp_slice | 0       |
|   add_ln46_147_fu_32967_p2            |      |        | add_ln46_147      | add | fabric    | 0       |
|   mul_12s_12s_24_1_1_U159             | 1    |        | mul_ln46_592      | mul | auto      | 0       |
|   mac_mulsub_12s_12s_24s_24_1_1_U714  | 1    |        | mul_ln46_593      | mul | dsp_slice | 0       |
|   mac_mulsub_12s_12s_24s_24_1_1_U714  | 1    |        | sub_ln46_444      | sub | dsp_slice | 0       |
|   mac_mulsub_12s_12s_24s_25_1_1_U967  | 1    |        | mul_ln46_594      | mul | dsp_slice | 0       |
|   mac_mulsub_12s_12s_24s_25_1_1_U967  | 1    |        | sub_ln46_445      | sub | dsp_slice | 0       |
|   mac_mulsub_12s_12s_25s_25_1_1_U1220 | 1    |        | mul_ln46_595      | mul | dsp_slice | 0       |
|   mac_mulsub_12s_12s_25s_25_1_1_U1220 | 1    |        | sub_ln46_446      | sub | dsp_slice | 0       |
|   add_ln46_148_fu_33156_p2            |      |        | add_ln46_148      | add | fabric    | 0       |
|   mul_12s_12s_24_1_1_U160             | 1    |        | mul_ln46_596      | mul | auto      | 0       |
|   mac_mulsub_12s_12s_24s_24_1_1_U715  | 1    |        | mul_ln46_597      | mul | dsp_slice | 0       |
|   mac_mulsub_12s_12s_24s_24_1_1_U715  | 1    |        | sub_ln46_447      | sub | dsp_slice | 0       |
|   mac_mulsub_12s_12s_24s_25_1_1_U968  | 1    |        | mul_ln46_598      | mul | dsp_slice | 0       |
|   mac_mulsub_12s_12s_24s_25_1_1_U968  | 1    |        | sub_ln46_448      | sub | dsp_slice | 0       |
|   mac_mulsub_12s_12s_25s_25_1_1_U1221 | 1    |        | mul_ln46_599      | mul | dsp_slice | 0       |
|   mac_mulsub_12s_12s_25s_25_1_1_U1221 | 1    |        | sub_ln46_449      | sub | dsp_slice | 0       |
|   add_ln46_149_fu_33345_p2            |      |        | add_ln46_149      | add | fabric    | 0       |
|   mul_12s_12s_24_1_1_U161             | 1    |        | mul_ln46_600      | mul | auto      | 0       |
|   mac_mulsub_12s_12s_24s_24_1_1_U716  | 1    |        | mul_ln46_601      | mul | dsp_slice | 0       |
|   mac_mulsub_12s_12s_24s_24_1_1_U716  | 1    |        | sub_ln46_450      | sub | dsp_slice | 0       |
|   mac_mulsub_12s_12s_24s_25_1_1_U969  | 1    |        | mul_ln46_602      | mul | dsp_slice | 0       |
|   mac_mulsub_12s_12s_24s_25_1_1_U969  | 1    |        | sub_ln46_451      | sub | dsp_slice | 0       |
|   mac_mulsub_12s_12s_25s_25_1_1_U1222 | 1    |        | mul_ln46_603      | mul | dsp_slice | 0       |
|   mac_mulsub_12s_12s_25s_25_1_1_U1222 | 1    |        | sub_ln46_452      | sub | dsp_slice | 0       |
|   add_ln46_150_fu_33534_p2            |      |        | add_ln46_150      | add | fabric    | 0       |
|   mul_12s_12s_24_1_1_U162             | 1    |        | mul_ln46_604      | mul | auto      | 0       |
|   mac_mulsub_12s_12s_24s_24_1_1_U717  | 1    |        | mul_ln46_605      | mul | dsp_slice | 0       |
|   mac_mulsub_12s_12s_24s_24_1_1_U717  | 1    |        | sub_ln46_453      | sub | dsp_slice | 0       |
|   mac_mulsub_12s_12s_24s_25_1_1_U970  | 1    |        | mul_ln46_606      | mul | dsp_slice | 0       |
|   mac_mulsub_12s_12s_24s_25_1_1_U970  | 1    |        | sub_ln46_454      | sub | dsp_slice | 0       |
|   mac_mulsub_12s_12s_25s_25_1_1_U1223 | 1    |        | mul_ln46_607      | mul | dsp_slice | 0       |
|   mac_mulsub_12s_12s_25s_25_1_1_U1223 | 1    |        | sub_ln46_455      | sub | dsp_slice | 0       |
|   add_ln46_151_fu_33723_p2            |      |        | add_ln46_151      | add | fabric    | 0       |
|   mul_12s_12s_24_1_1_U163             | 1    |        | mul_ln46_608      | mul | auto      | 0       |
|   mac_mulsub_12s_12s_24s_24_1_1_U718  | 1    |        | mul_ln46_609      | mul | dsp_slice | 0       |
|   mac_mulsub_12s_12s_24s_24_1_1_U718  | 1    |        | sub_ln46_456      | sub | dsp_slice | 0       |
|   mac_mulsub_12s_12s_24s_25_1_1_U971  | 1    |        | mul_ln46_610      | mul | dsp_slice | 0       |
|   mac_mulsub_12s_12s_24s_25_1_1_U971  | 1    |        | sub_ln46_457      | sub | dsp_slice | 0       |
|   mac_mulsub_12s_12s_25s_25_1_1_U1224 | 1    |        | mul_ln46_611      | mul | dsp_slice | 0       |
|   mac_mulsub_12s_12s_25s_25_1_1_U1224 | 1    |        | sub_ln46_458      | sub | dsp_slice | 0       |
|   add_ln46_152_fu_33912_p2            |      |        | add_ln46_152      | add | fabric    | 0       |
|   mul_12s_12s_24_1_1_U164             | 1    |        | mul_ln46_612      | mul | auto      | 0       |
|   mac_mulsub_12s_12s_24s_24_1_1_U719  | 1    |        | mul_ln46_613      | mul | dsp_slice | 0       |
|   mac_mulsub_12s_12s_24s_24_1_1_U719  | 1    |        | sub_ln46_459      | sub | dsp_slice | 0       |
|   mac_mulsub_12s_12s_24s_25_1_1_U972  | 1    |        | mul_ln46_614      | mul | dsp_slice | 0       |
|   mac_mulsub_12s_12s_24s_25_1_1_U972  | 1    |        | sub_ln46_460      | sub | dsp_slice | 0       |
|   mac_mulsub_12s_12s_25s_25_1_1_U1225 | 1    |        | mul_ln46_615      | mul | dsp_slice | 0       |
|   mac_mulsub_12s_12s_25s_25_1_1_U1225 | 1    |        | sub_ln46_461      | sub | dsp_slice | 0       |
|   add_ln46_153_fu_34101_p2            |      |        | add_ln46_153      | add | fabric    | 0       |
|   mul_12s_12s_24_1_1_U165             | 1    |        | mul_ln46_616      | mul | auto      | 0       |
|   mac_mulsub_12s_12s_24s_24_1_1_U720  | 1    |        | mul_ln46_617      | mul | dsp_slice | 0       |
|   mac_mulsub_12s_12s_24s_24_1_1_U720  | 1    |        | sub_ln46_462      | sub | dsp_slice | 0       |
|   mac_mulsub_12s_12s_24s_25_1_1_U973  | 1    |        | mul_ln46_618      | mul | dsp_slice | 0       |
|   mac_mulsub_12s_12s_24s_25_1_1_U973  | 1    |        | sub_ln46_463      | sub | dsp_slice | 0       |
|   mac_mulsub_12s_12s_25s_25_1_1_U1226 | 1    |        | mul_ln46_619      | mul | dsp_slice | 0       |
|   mac_mulsub_12s_12s_25s_25_1_1_U1226 | 1    |        | sub_ln46_464      | sub | dsp_slice | 0       |
|   add_ln46_154_fu_34290_p2            |      |        | add_ln46_154      | add | fabric    | 0       |
|   mul_12s_12s_24_1_1_U166             | 1    |        | mul_ln46_620      | mul | auto      | 0       |
|   mac_mulsub_12s_12s_24s_24_1_1_U721  | 1    |        | mul_ln46_621      | mul | dsp_slice | 0       |
|   mac_mulsub_12s_12s_24s_24_1_1_U721  | 1    |        | sub_ln46_465      | sub | dsp_slice | 0       |
|   mac_mulsub_12s_12s_24s_25_1_1_U974  | 1    |        | mul_ln46_622      | mul | dsp_slice | 0       |
|   mac_mulsub_12s_12s_24s_25_1_1_U974  | 1    |        | sub_ln46_466      | sub | dsp_slice | 0       |
|   mac_mulsub_12s_12s_25s_25_1_1_U1227 | 1    |        | mul_ln46_623      | mul | dsp_slice | 0       |
|   mac_mulsub_12s_12s_25s_25_1_1_U1227 | 1    |        | sub_ln46_467      | sub | dsp_slice | 0       |
|   add_ln46_155_fu_34479_p2            |      |        | add_ln46_155      | add | fabric    | 0       |
|   mul_12s_12s_24_1_1_U167             | 1    |        | mul_ln46_624      | mul | auto      | 0       |
|   mac_mulsub_12s_12s_24s_24_1_1_U722  | 1    |        | mul_ln46_625      | mul | dsp_slice | 0       |
|   mac_mulsub_12s_12s_24s_24_1_1_U722  | 1    |        | sub_ln46_468      | sub | dsp_slice | 0       |
|   mac_mulsub_12s_12s_24s_25_1_1_U975  | 1    |        | mul_ln46_626      | mul | dsp_slice | 0       |
|   mac_mulsub_12s_12s_24s_25_1_1_U975  | 1    |        | sub_ln46_469      | sub | dsp_slice | 0       |
|   mac_mulsub_12s_12s_25s_25_1_1_U1228 | 1    |        | mul_ln46_627      | mul | dsp_slice | 0       |
|   mac_mulsub_12s_12s_25s_25_1_1_U1228 | 1    |        | sub_ln46_470      | sub | dsp_slice | 0       |
|   add_ln46_156_fu_34668_p2            |      |        | add_ln46_156      | add | fabric    | 0       |
|   mul_12s_12s_24_1_1_U168             | 1    |        | mul_ln46_628      | mul | auto      | 0       |
|   mac_mulsub_12s_12s_24s_24_1_1_U723  | 1    |        | mul_ln46_629      | mul | dsp_slice | 0       |
|   mac_mulsub_12s_12s_24s_24_1_1_U723  | 1    |        | sub_ln46_471      | sub | dsp_slice | 0       |
|   mac_mulsub_12s_12s_24s_25_1_1_U976  | 1    |        | mul_ln46_630      | mul | dsp_slice | 0       |
|   mac_mulsub_12s_12s_24s_25_1_1_U976  | 1    |        | sub_ln46_472      | sub | dsp_slice | 0       |
|   mac_mulsub_12s_12s_25s_25_1_1_U1229 | 1    |        | mul_ln46_631      | mul | dsp_slice | 0       |
|   mac_mulsub_12s_12s_25s_25_1_1_U1229 | 1    |        | sub_ln46_473      | sub | dsp_slice | 0       |
|   add_ln46_157_fu_34857_p2            |      |        | add_ln46_157      | add | fabric    | 0       |
|   mul_12s_12s_24_1_1_U169             | 1    |        | mul_ln46_632      | mul | auto      | 0       |
|   mac_mulsub_12s_12s_24s_24_1_1_U724  | 1    |        | mul_ln46_633      | mul | dsp_slice | 0       |
|   mac_mulsub_12s_12s_24s_24_1_1_U724  | 1    |        | sub_ln46_474      | sub | dsp_slice | 0       |
|   mac_mulsub_12s_12s_24s_25_1_1_U977  | 1    |        | mul_ln46_634      | mul | dsp_slice | 0       |
|   mac_mulsub_12s_12s_24s_25_1_1_U977  | 1    |        | sub_ln46_475      | sub | dsp_slice | 0       |
|   mac_mulsub_12s_12s_25s_25_1_1_U1230 | 1    |        | mul_ln46_635      | mul | dsp_slice | 0       |
|   mac_mulsub_12s_12s_25s_25_1_1_U1230 | 1    |        | sub_ln46_476      | sub | dsp_slice | 0       |
|   add_ln46_158_fu_35046_p2            |      |        | add_ln46_158      | add | fabric    | 0       |
|   mul_12s_12s_24_1_1_U170             | 1    |        | mul_ln46_636      | mul | auto      | 0       |
|   mac_mulsub_12s_12s_24s_24_1_1_U725  | 1    |        | mul_ln46_637      | mul | dsp_slice | 0       |
|   mac_mulsub_12s_12s_24s_24_1_1_U725  | 1    |        | sub_ln46_477      | sub | dsp_slice | 0       |
|   mac_mulsub_12s_12s_24s_25_1_1_U978  | 1    |        | mul_ln46_638      | mul | dsp_slice | 0       |
|   mac_mulsub_12s_12s_24s_25_1_1_U978  | 1    |        | sub_ln46_478      | sub | dsp_slice | 0       |
|   mac_mulsub_12s_12s_25s_25_1_1_U1231 | 1    |        | mul_ln46_639      | mul | dsp_slice | 0       |
|   mac_mulsub_12s_12s_25s_25_1_1_U1231 | 1    |        | sub_ln46_479      | sub | dsp_slice | 0       |
|   add_ln46_159_fu_35235_p2            |      |        | add_ln46_159      | add | fabric    | 0       |
|   mul_12s_12s_24_1_1_U171             | 1    |        | mul_ln46_640      | mul | auto      | 0       |
|   mac_mulsub_12s_12s_24s_24_1_1_U726  | 1    |        | mul_ln46_641      | mul | dsp_slice | 0       |
|   mac_mulsub_12s_12s_24s_24_1_1_U726  | 1    |        | sub_ln46_480      | sub | dsp_slice | 0       |
|   mac_mulsub_12s_12s_24s_25_1_1_U979  | 1    |        | mul_ln46_642      | mul | dsp_slice | 0       |
|   mac_mulsub_12s_12s_24s_25_1_1_U979  | 1    |        | sub_ln46_481      | sub | dsp_slice | 0       |
|   mac_mulsub_12s_12s_25s_25_1_1_U1232 | 1    |        | mul_ln46_643      | mul | dsp_slice | 0       |
|   mac_mulsub_12s_12s_25s_25_1_1_U1232 | 1    |        | sub_ln46_482      | sub | dsp_slice | 0       |
|   add_ln46_160_fu_35424_p2            |      |        | add_ln46_160      | add | fabric    | 0       |
|   mul_12s_12s_24_1_1_U172             | 1    |        | mul_ln46_644      | mul | auto      | 0       |
|   mac_mulsub_12s_12s_24s_24_1_1_U727  | 1    |        | mul_ln46_645      | mul | dsp_slice | 0       |
|   mac_mulsub_12s_12s_24s_24_1_1_U727  | 1    |        | sub_ln46_483      | sub | dsp_slice | 0       |
|   mac_mulsub_12s_12s_24s_25_1_1_U980  | 1    |        | mul_ln46_646      | mul | dsp_slice | 0       |
|   mac_mulsub_12s_12s_24s_25_1_1_U980  | 1    |        | sub_ln46_484      | sub | dsp_slice | 0       |
|   mac_mulsub_12s_12s_25s_25_1_1_U1233 | 1    |        | mul_ln46_647      | mul | dsp_slice | 0       |
|   mac_mulsub_12s_12s_25s_25_1_1_U1233 | 1    |        | sub_ln46_485      | sub | dsp_slice | 0       |
|   add_ln46_161_fu_35613_p2            |      |        | add_ln46_161      | add | fabric    | 0       |
|   mul_12s_12s_24_1_1_U173             | 1    |        | mul_ln46_648      | mul | auto      | 0       |
|   mac_mulsub_12s_12s_24s_24_1_1_U728  | 1    |        | mul_ln46_649      | mul | dsp_slice | 0       |
|   mac_mulsub_12s_12s_24s_24_1_1_U728  | 1    |        | sub_ln46_486      | sub | dsp_slice | 0       |
|   mac_mulsub_12s_12s_24s_25_1_1_U981  | 1    |        | mul_ln46_650      | mul | dsp_slice | 0       |
|   mac_mulsub_12s_12s_24s_25_1_1_U981  | 1    |        | sub_ln46_487      | sub | dsp_slice | 0       |
|   mac_mulsub_12s_12s_25s_25_1_1_U1234 | 1    |        | mul_ln46_651      | mul | dsp_slice | 0       |
|   mac_mulsub_12s_12s_25s_25_1_1_U1234 | 1    |        | sub_ln46_488      | sub | dsp_slice | 0       |
|   add_ln46_162_fu_35802_p2            |      |        | add_ln46_162      | add | fabric    | 0       |
|   mul_12s_12s_24_1_1_U174             | 1    |        | mul_ln46_652      | mul | auto      | 0       |
|   mac_mulsub_12s_12s_24s_24_1_1_U729  | 1    |        | mul_ln46_653      | mul | dsp_slice | 0       |
|   mac_mulsub_12s_12s_24s_24_1_1_U729  | 1    |        | sub_ln46_489      | sub | dsp_slice | 0       |
|   mac_mulsub_12s_12s_24s_25_1_1_U982  | 1    |        | mul_ln46_654      | mul | dsp_slice | 0       |
|   mac_mulsub_12s_12s_24s_25_1_1_U982  | 1    |        | sub_ln46_490      | sub | dsp_slice | 0       |
|   mac_mulsub_12s_12s_25s_25_1_1_U1235 | 1    |        | mul_ln46_655      | mul | dsp_slice | 0       |
|   mac_mulsub_12s_12s_25s_25_1_1_U1235 | 1    |        | sub_ln46_491      | sub | dsp_slice | 0       |
|   add_ln46_163_fu_35991_p2            |      |        | add_ln46_163      | add | fabric    | 0       |
|   mul_12s_12s_24_1_1_U175             | 1    |        | mul_ln46_656      | mul | auto      | 0       |
|   mac_mulsub_12s_12s_24s_24_1_1_U730  | 1    |        | mul_ln46_657      | mul | dsp_slice | 0       |
|   mac_mulsub_12s_12s_24s_24_1_1_U730  | 1    |        | sub_ln46_492      | sub | dsp_slice | 0       |
|   mac_mulsub_12s_12s_24s_25_1_1_U983  | 1    |        | mul_ln46_658      | mul | dsp_slice | 0       |
|   mac_mulsub_12s_12s_24s_25_1_1_U983  | 1    |        | sub_ln46_493      | sub | dsp_slice | 0       |
|   mac_mulsub_12s_12s_25s_25_1_1_U1236 | 1    |        | mul_ln46_659      | mul | dsp_slice | 0       |
|   mac_mulsub_12s_12s_25s_25_1_1_U1236 | 1    |        | sub_ln46_494      | sub | dsp_slice | 0       |
|   add_ln46_164_fu_36180_p2            |      |        | add_ln46_164      | add | fabric    | 0       |
|   mul_12s_12s_24_1_1_U176             | 1    |        | mul_ln46_660      | mul | auto      | 0       |
|   mac_mulsub_12s_12s_24s_24_1_1_U731  | 1    |        | mul_ln46_661      | mul | dsp_slice | 0       |
|   mac_mulsub_12s_12s_24s_24_1_1_U731  | 1    |        | sub_ln46_495      | sub | dsp_slice | 0       |
|   mac_mulsub_12s_12s_24s_25_1_1_U984  | 1    |        | mul_ln46_662      | mul | dsp_slice | 0       |
|   mac_mulsub_12s_12s_24s_25_1_1_U984  | 1    |        | sub_ln46_496      | sub | dsp_slice | 0       |
|   mac_mulsub_12s_12s_25s_25_1_1_U1237 | 1    |        | mul_ln46_663      | mul | dsp_slice | 0       |
|   mac_mulsub_12s_12s_25s_25_1_1_U1237 | 1    |        | sub_ln46_497      | sub | dsp_slice | 0       |
|   add_ln46_165_fu_36369_p2            |      |        | add_ln46_165      | add | fabric    | 0       |
|   mul_12s_12s_24_1_1_U177             | 1    |        | mul_ln46_664      | mul | auto      | 0       |
|   mac_mulsub_12s_12s_24s_24_1_1_U732  | 1    |        | mul_ln46_665      | mul | dsp_slice | 0       |
|   mac_mulsub_12s_12s_24s_24_1_1_U732  | 1    |        | sub_ln46_498      | sub | dsp_slice | 0       |
|   mac_mulsub_12s_12s_24s_25_1_1_U985  | 1    |        | mul_ln46_666      | mul | dsp_slice | 0       |
|   mac_mulsub_12s_12s_24s_25_1_1_U985  | 1    |        | sub_ln46_499      | sub | dsp_slice | 0       |
|   mac_mulsub_12s_12s_25s_25_1_1_U1238 | 1    |        | mul_ln46_667      | mul | dsp_slice | 0       |
|   mac_mulsub_12s_12s_25s_25_1_1_U1238 | 1    |        | sub_ln46_500      | sub | dsp_slice | 0       |
|   add_ln46_166_fu_36558_p2            |      |        | add_ln46_166      | add | fabric    | 0       |
|   mul_12s_12s_24_1_1_U178             | 1    |        | mul_ln46_668      | mul | auto      | 0       |
|   mac_mulsub_12s_12s_24s_24_1_1_U733  | 1    |        | mul_ln46_669      | mul | dsp_slice | 0       |
|   mac_mulsub_12s_12s_24s_24_1_1_U733  | 1    |        | sub_ln46_501      | sub | dsp_slice | 0       |
|   mac_mulsub_12s_12s_24s_25_1_1_U986  | 1    |        | mul_ln46_670      | mul | dsp_slice | 0       |
|   mac_mulsub_12s_12s_24s_25_1_1_U986  | 1    |        | sub_ln46_502      | sub | dsp_slice | 0       |
|   mac_mulsub_12s_12s_25s_25_1_1_U1239 | 1    |        | mul_ln46_671      | mul | dsp_slice | 0       |
|   mac_mulsub_12s_12s_25s_25_1_1_U1239 | 1    |        | sub_ln46_503      | sub | dsp_slice | 0       |
|   add_ln46_167_fu_36747_p2            |      |        | add_ln46_167      | add | fabric    | 0       |
|   mul_12s_12s_24_1_1_U179             | 1    |        | mul_ln46_672      | mul | auto      | 0       |
|   mac_mulsub_12s_12s_24s_24_1_1_U734  | 1    |        | mul_ln46_673      | mul | dsp_slice | 0       |
|   mac_mulsub_12s_12s_24s_24_1_1_U734  | 1    |        | sub_ln46_504      | sub | dsp_slice | 0       |
|   mac_mulsub_12s_12s_24s_25_1_1_U987  | 1    |        | mul_ln46_674      | mul | dsp_slice | 0       |
|   mac_mulsub_12s_12s_24s_25_1_1_U987  | 1    |        | sub_ln46_505      | sub | dsp_slice | 0       |
|   mac_mulsub_12s_12s_25s_25_1_1_U1240 | 1    |        | mul_ln46_675      | mul | dsp_slice | 0       |
|   mac_mulsub_12s_12s_25s_25_1_1_U1240 | 1    |        | sub_ln46_506      | sub | dsp_slice | 0       |
|   add_ln46_168_fu_36936_p2            |      |        | add_ln46_168      | add | fabric    | 0       |
|   mul_12s_12s_24_1_1_U180             | 1    |        | mul_ln46_676      | mul | auto      | 0       |
|   mac_mulsub_12s_12s_24s_24_1_1_U735  | 1    |        | mul_ln46_677      | mul | dsp_slice | 0       |
|   mac_mulsub_12s_12s_24s_24_1_1_U735  | 1    |        | sub_ln46_507      | sub | dsp_slice | 0       |
|   mac_mulsub_12s_12s_24s_25_1_1_U988  | 1    |        | mul_ln46_678      | mul | dsp_slice | 0       |
|   mac_mulsub_12s_12s_24s_25_1_1_U988  | 1    |        | sub_ln46_508      | sub | dsp_slice | 0       |
|   mac_mulsub_12s_12s_25s_25_1_1_U1241 | 1    |        | mul_ln46_679      | mul | dsp_slice | 0       |
|   mac_mulsub_12s_12s_25s_25_1_1_U1241 | 1    |        | sub_ln46_509      | sub | dsp_slice | 0       |
|   add_ln46_169_fu_37125_p2            |      |        | add_ln46_169      | add | fabric    | 0       |
|   mul_12s_12s_24_1_1_U181             | 1    |        | mul_ln46_680      | mul | auto      | 0       |
|   mac_mulsub_12s_12s_24s_24_1_1_U736  | 1    |        | mul_ln46_681      | mul | dsp_slice | 0       |
|   mac_mulsub_12s_12s_24s_24_1_1_U736  | 1    |        | sub_ln46_510      | sub | dsp_slice | 0       |
|   mac_mulsub_12s_12s_24s_25_1_1_U989  | 1    |        | mul_ln46_682      | mul | dsp_slice | 0       |
|   mac_mulsub_12s_12s_24s_25_1_1_U989  | 1    |        | sub_ln46_511      | sub | dsp_slice | 0       |
|   mac_mulsub_12s_12s_25s_25_1_1_U1242 | 1    |        | mul_ln46_683      | mul | dsp_slice | 0       |
|   mac_mulsub_12s_12s_25s_25_1_1_U1242 | 1    |        | sub_ln46_512      | sub | dsp_slice | 0       |
|   add_ln46_170_fu_37314_p2            |      |        | add_ln46_170      | add | fabric    | 0       |
|   mul_12s_12s_24_1_1_U182             | 1    |        | mul_ln46_684      | mul | auto      | 0       |
|   mac_mulsub_12s_12s_24s_24_1_1_U737  | 1    |        | mul_ln46_685      | mul | dsp_slice | 0       |
|   mac_mulsub_12s_12s_24s_24_1_1_U737  | 1    |        | sub_ln46_513      | sub | dsp_slice | 0       |
|   mac_mulsub_12s_12s_24s_25_1_1_U990  | 1    |        | mul_ln46_686      | mul | dsp_slice | 0       |
|   mac_mulsub_12s_12s_24s_25_1_1_U990  | 1    |        | sub_ln46_514      | sub | dsp_slice | 0       |
|   mac_mulsub_12s_12s_25s_25_1_1_U1243 | 1    |        | mul_ln46_687      | mul | dsp_slice | 0       |
|   mac_mulsub_12s_12s_25s_25_1_1_U1243 | 1    |        | sub_ln46_515      | sub | dsp_slice | 0       |
|   add_ln46_171_fu_37503_p2            |      |        | add_ln46_171      | add | fabric    | 0       |
|   mul_12s_12s_24_1_1_U183             | 1    |        | mul_ln46_688      | mul | auto      | 0       |
|   mac_mulsub_12s_12s_24s_24_1_1_U738  | 1    |        | mul_ln46_689      | mul | dsp_slice | 0       |
|   mac_mulsub_12s_12s_24s_24_1_1_U738  | 1    |        | sub_ln46_516      | sub | dsp_slice | 0       |
|   mac_mulsub_12s_12s_24s_25_1_1_U991  | 1    |        | mul_ln46_690      | mul | dsp_slice | 0       |
|   mac_mulsub_12s_12s_24s_25_1_1_U991  | 1    |        | sub_ln46_517      | sub | dsp_slice | 0       |
|   mac_mulsub_12s_12s_25s_25_1_1_U1244 | 1    |        | mul_ln46_691      | mul | dsp_slice | 0       |
|   mac_mulsub_12s_12s_25s_25_1_1_U1244 | 1    |        | sub_ln46_518      | sub | dsp_slice | 0       |
|   add_ln46_172_fu_37692_p2            |      |        | add_ln46_172      | add | fabric    | 0       |
|   mul_12s_12s_24_1_1_U184             | 1    |        | mul_ln46_692      | mul | auto      | 0       |
|   mac_mulsub_12s_12s_24s_24_1_1_U739  | 1    |        | mul_ln46_693      | mul | dsp_slice | 0       |
|   mac_mulsub_12s_12s_24s_24_1_1_U739  | 1    |        | sub_ln46_519      | sub | dsp_slice | 0       |
|   mac_mulsub_12s_12s_24s_25_1_1_U992  | 1    |        | mul_ln46_694      | mul | dsp_slice | 0       |
|   mac_mulsub_12s_12s_24s_25_1_1_U992  | 1    |        | sub_ln46_520      | sub | dsp_slice | 0       |
|   mac_mulsub_12s_12s_25s_25_1_1_U1245 | 1    |        | mul_ln46_695      | mul | dsp_slice | 0       |
|   mac_mulsub_12s_12s_25s_25_1_1_U1245 | 1    |        | sub_ln46_521      | sub | dsp_slice | 0       |
|   add_ln46_173_fu_37881_p2            |      |        | add_ln46_173      | add | fabric    | 0       |
|   mul_12s_12s_24_1_1_U185             | 1    |        | mul_ln46_696      | mul | auto      | 0       |
|   mac_mulsub_12s_12s_24s_24_1_1_U740  | 1    |        | mul_ln46_697      | mul | dsp_slice | 0       |
|   mac_mulsub_12s_12s_24s_24_1_1_U740  | 1    |        | sub_ln46_522      | sub | dsp_slice | 0       |
|   mac_mulsub_12s_12s_24s_25_1_1_U993  | 1    |        | mul_ln46_698      | mul | dsp_slice | 0       |
|   mac_mulsub_12s_12s_24s_25_1_1_U993  | 1    |        | sub_ln46_523      | sub | dsp_slice | 0       |
|   mac_mulsub_12s_12s_25s_25_1_1_U1246 | 1    |        | mul_ln46_699      | mul | dsp_slice | 0       |
|   mac_mulsub_12s_12s_25s_25_1_1_U1246 | 1    |        | sub_ln46_524      | sub | dsp_slice | 0       |
|   add_ln46_174_fu_38070_p2            |      |        | add_ln46_174      | add | fabric    | 0       |
|   mul_12s_12s_24_1_1_U186             | 1    |        | mul_ln46_700      | mul | auto      | 0       |
|   mac_mulsub_12s_12s_24s_24_1_1_U741  | 1    |        | mul_ln46_701      | mul | dsp_slice | 0       |
|   mac_mulsub_12s_12s_24s_24_1_1_U741  | 1    |        | sub_ln46_525      | sub | dsp_slice | 0       |
|   mac_mulsub_12s_12s_24s_25_1_1_U994  | 1    |        | mul_ln46_702      | mul | dsp_slice | 0       |
|   mac_mulsub_12s_12s_24s_25_1_1_U994  | 1    |        | sub_ln46_526      | sub | dsp_slice | 0       |
|   mac_mulsub_12s_12s_25s_25_1_1_U1247 | 1    |        | mul_ln46_703      | mul | dsp_slice | 0       |
|   mac_mulsub_12s_12s_25s_25_1_1_U1247 | 1    |        | sub_ln46_527      | sub | dsp_slice | 0       |
|   add_ln46_175_fu_38259_p2            |      |        | add_ln46_175      | add | fabric    | 0       |
|   mul_12s_12s_24_1_1_U187             | 1    |        | mul_ln46_704      | mul | auto      | 0       |
|   mac_mulsub_12s_12s_24s_24_1_1_U742  | 1    |        | mul_ln46_705      | mul | dsp_slice | 0       |
|   mac_mulsub_12s_12s_24s_24_1_1_U742  | 1    |        | sub_ln46_528      | sub | dsp_slice | 0       |
|   mac_mulsub_12s_12s_24s_25_1_1_U995  | 1    |        | mul_ln46_706      | mul | dsp_slice | 0       |
|   mac_mulsub_12s_12s_24s_25_1_1_U995  | 1    |        | sub_ln46_529      | sub | dsp_slice | 0       |
|   mac_mulsub_12s_12s_25s_25_1_1_U1248 | 1    |        | mul_ln46_707      | mul | dsp_slice | 0       |
|   mac_mulsub_12s_12s_25s_25_1_1_U1248 | 1    |        | sub_ln46_530      | sub | dsp_slice | 0       |
|   add_ln46_176_fu_38448_p2            |      |        | add_ln46_176      | add | fabric    | 0       |
|   mul_12s_12s_24_1_1_U188             | 1    |        | mul_ln46_708      | mul | auto      | 0       |
|   mac_mulsub_12s_12s_24s_24_1_1_U743  | 1    |        | mul_ln46_709      | mul | dsp_slice | 0       |
|   mac_mulsub_12s_12s_24s_24_1_1_U743  | 1    |        | sub_ln46_531      | sub | dsp_slice | 0       |
|   mac_mulsub_12s_12s_24s_25_1_1_U996  | 1    |        | mul_ln46_710      | mul | dsp_slice | 0       |
|   mac_mulsub_12s_12s_24s_25_1_1_U996  | 1    |        | sub_ln46_532      | sub | dsp_slice | 0       |
|   mac_mulsub_12s_12s_25s_25_1_1_U1249 | 1    |        | mul_ln46_711      | mul | dsp_slice | 0       |
|   mac_mulsub_12s_12s_25s_25_1_1_U1249 | 1    |        | sub_ln46_533      | sub | dsp_slice | 0       |
|   add_ln46_177_fu_38637_p2            |      |        | add_ln46_177      | add | fabric    | 0       |
|   mul_12s_12s_24_1_1_U189             | 1    |        | mul_ln46_712      | mul | auto      | 0       |
|   mac_mulsub_12s_12s_24s_24_1_1_U744  | 1    |        | mul_ln46_713      | mul | dsp_slice | 0       |
|   mac_mulsub_12s_12s_24s_24_1_1_U744  | 1    |        | sub_ln46_534      | sub | dsp_slice | 0       |
|   mac_mulsub_12s_12s_24s_25_1_1_U997  | 1    |        | mul_ln46_714      | mul | dsp_slice | 0       |
|   mac_mulsub_12s_12s_24s_25_1_1_U997  | 1    |        | sub_ln46_535      | sub | dsp_slice | 0       |
|   mac_mulsub_12s_12s_25s_25_1_1_U1250 | 1    |        | mul_ln46_715      | mul | dsp_slice | 0       |
|   mac_mulsub_12s_12s_25s_25_1_1_U1250 | 1    |        | sub_ln46_536      | sub | dsp_slice | 0       |
|   add_ln46_178_fu_38826_p2            |      |        | add_ln46_178      | add | fabric    | 0       |
|   mul_12s_12s_24_1_1_U190             | 1    |        | mul_ln46_716      | mul | auto      | 0       |
|   mac_mulsub_12s_12s_24s_24_1_1_U745  | 1    |        | mul_ln46_717      | mul | dsp_slice | 0       |
|   mac_mulsub_12s_12s_24s_24_1_1_U745  | 1    |        | sub_ln46_537      | sub | dsp_slice | 0       |
|   mac_mulsub_12s_12s_24s_25_1_1_U998  | 1    |        | mul_ln46_718      | mul | dsp_slice | 0       |
|   mac_mulsub_12s_12s_24s_25_1_1_U998  | 1    |        | sub_ln46_538      | sub | dsp_slice | 0       |
|   mac_mulsub_12s_12s_25s_25_1_1_U1251 | 1    |        | mul_ln46_719      | mul | dsp_slice | 0       |
|   mac_mulsub_12s_12s_25s_25_1_1_U1251 | 1    |        | sub_ln46_539      | sub | dsp_slice | 0       |
|   add_ln46_179_fu_39015_p2            |      |        | add_ln46_179      | add | fabric    | 0       |
|   mul_12s_12s_24_1_1_U191             | 1    |        | mul_ln46_720      | mul | auto      | 0       |
|   mac_mulsub_12s_12s_24s_24_1_1_U746  | 1    |        | mul_ln46_721      | mul | dsp_slice | 0       |
|   mac_mulsub_12s_12s_24s_24_1_1_U746  | 1    |        | sub_ln46_540      | sub | dsp_slice | 0       |
|   mac_mulsub_12s_12s_24s_25_1_1_U999  | 1    |        | mul_ln46_722      | mul | dsp_slice | 0       |
|   mac_mulsub_12s_12s_24s_25_1_1_U999  | 1    |        | sub_ln46_541      | sub | dsp_slice | 0       |
|   mac_mulsub_12s_12s_25s_25_1_1_U1252 | 1    |        | mul_ln46_723      | mul | dsp_slice | 0       |
|   mac_mulsub_12s_12s_25s_25_1_1_U1252 | 1    |        | sub_ln46_542      | sub | dsp_slice | 0       |
|   add_ln46_180_fu_39204_p2            |      |        | add_ln46_180      | add | fabric    | 0       |
|   mul_12s_12s_24_1_1_U192             | 1    |        | mul_ln46_724      | mul | auto      | 0       |
|   mac_mulsub_12s_12s_24s_24_1_1_U747  | 1    |        | mul_ln46_725      | mul | dsp_slice | 0       |
|   mac_mulsub_12s_12s_24s_24_1_1_U747  | 1    |        | sub_ln46_543      | sub | dsp_slice | 0       |
|   mac_mulsub_12s_12s_24s_25_1_1_U1000 | 1    |        | mul_ln46_726      | mul | dsp_slice | 0       |
|   mac_mulsub_12s_12s_24s_25_1_1_U1000 | 1    |        | sub_ln46_544      | sub | dsp_slice | 0       |
|   mac_mulsub_12s_12s_25s_25_1_1_U1253 | 1    |        | mul_ln46_727      | mul | dsp_slice | 0       |
|   mac_mulsub_12s_12s_25s_25_1_1_U1253 | 1    |        | sub_ln46_545      | sub | dsp_slice | 0       |
|   add_ln46_181_fu_39393_p2            |      |        | add_ln46_181      | add | fabric    | 0       |
|   mul_12s_12s_24_1_1_U193             | 1    |        | mul_ln46_728      | mul | auto      | 0       |
|   mac_mulsub_12s_12s_24s_24_1_1_U748  | 1    |        | mul_ln46_729      | mul | dsp_slice | 0       |
|   mac_mulsub_12s_12s_24s_24_1_1_U748  | 1    |        | sub_ln46_546      | sub | dsp_slice | 0       |
|   mac_mulsub_12s_12s_24s_25_1_1_U1001 | 1    |        | mul_ln46_730      | mul | dsp_slice | 0       |
|   mac_mulsub_12s_12s_24s_25_1_1_U1001 | 1    |        | sub_ln46_547      | sub | dsp_slice | 0       |
|   mac_mulsub_12s_12s_25s_25_1_1_U1254 | 1    |        | mul_ln46_731      | mul | dsp_slice | 0       |
|   mac_mulsub_12s_12s_25s_25_1_1_U1254 | 1    |        | sub_ln46_548      | sub | dsp_slice | 0       |
|   add_ln46_182_fu_39582_p2            |      |        | add_ln46_182      | add | fabric    | 0       |
|   mul_12s_12s_24_1_1_U194             | 1    |        | mul_ln46_732      | mul | auto      | 0       |
|   mac_mulsub_12s_12s_24s_24_1_1_U749  | 1    |        | mul_ln46_733      | mul | dsp_slice | 0       |
|   mac_mulsub_12s_12s_24s_24_1_1_U749  | 1    |        | sub_ln46_549      | sub | dsp_slice | 0       |
|   mac_mulsub_12s_12s_24s_25_1_1_U1002 | 1    |        | mul_ln46_734      | mul | dsp_slice | 0       |
|   mac_mulsub_12s_12s_24s_25_1_1_U1002 | 1    |        | sub_ln46_550      | sub | dsp_slice | 0       |
|   mac_mulsub_12s_12s_25s_25_1_1_U1255 | 1    |        | mul_ln46_735      | mul | dsp_slice | 0       |
|   mac_mulsub_12s_12s_25s_25_1_1_U1255 | 1    |        | sub_ln46_551      | sub | dsp_slice | 0       |
|   add_ln46_183_fu_39771_p2            |      |        | add_ln46_183      | add | fabric    | 0       |
|   mul_12s_12s_24_1_1_U195             | 1    |        | mul_ln46_736      | mul | auto      | 0       |
|   mac_mulsub_12s_12s_24s_24_1_1_U750  | 1    |        | mul_ln46_737      | mul | dsp_slice | 0       |
|   mac_mulsub_12s_12s_24s_24_1_1_U750  | 1    |        | sub_ln46_552      | sub | dsp_slice | 0       |
|   mac_mulsub_12s_12s_24s_25_1_1_U1003 | 1    |        | mul_ln46_738      | mul | dsp_slice | 0       |
|   mac_mulsub_12s_12s_24s_25_1_1_U1003 | 1    |        | sub_ln46_553      | sub | dsp_slice | 0       |
|   mac_mulsub_12s_12s_25s_25_1_1_U1256 | 1    |        | mul_ln46_739      | mul | dsp_slice | 0       |
|   mac_mulsub_12s_12s_25s_25_1_1_U1256 | 1    |        | sub_ln46_554      | sub | dsp_slice | 0       |
|   add_ln46_184_fu_39960_p2            |      |        | add_ln46_184      | add | fabric    | 0       |
|   mul_12s_12s_24_1_1_U196             | 1    |        | mul_ln46_740      | mul | auto      | 0       |
|   mac_mulsub_12s_12s_24s_24_1_1_U751  | 1    |        | mul_ln46_741      | mul | dsp_slice | 0       |
|   mac_mulsub_12s_12s_24s_24_1_1_U751  | 1    |        | sub_ln46_555      | sub | dsp_slice | 0       |
|   mac_mulsub_12s_12s_24s_25_1_1_U1004 | 1    |        | mul_ln46_742      | mul | dsp_slice | 0       |
|   mac_mulsub_12s_12s_24s_25_1_1_U1004 | 1    |        | sub_ln46_556      | sub | dsp_slice | 0       |
|   mac_mulsub_12s_12s_25s_25_1_1_U1257 | 1    |        | mul_ln46_743      | mul | dsp_slice | 0       |
|   mac_mulsub_12s_12s_25s_25_1_1_U1257 | 1    |        | sub_ln46_557      | sub | dsp_slice | 0       |
|   add_ln46_185_fu_40149_p2            |      |        | add_ln46_185      | add | fabric    | 0       |
|   mul_12s_12s_24_1_1_U197             | 1    |        | mul_ln46_744      | mul | auto      | 0       |
|   mac_mulsub_12s_12s_24s_24_1_1_U752  | 1    |        | mul_ln46_745      | mul | dsp_slice | 0       |
|   mac_mulsub_12s_12s_24s_24_1_1_U752  | 1    |        | sub_ln46_558      | sub | dsp_slice | 0       |
|   mac_mulsub_12s_12s_24s_25_1_1_U1005 | 1    |        | mul_ln46_746      | mul | dsp_slice | 0       |
|   mac_mulsub_12s_12s_24s_25_1_1_U1005 | 1    |        | sub_ln46_559      | sub | dsp_slice | 0       |
|   mac_mulsub_12s_12s_25s_25_1_1_U1258 | 1    |        | mul_ln46_747      | mul | dsp_slice | 0       |
|   mac_mulsub_12s_12s_25s_25_1_1_U1258 | 1    |        | sub_ln46_560      | sub | dsp_slice | 0       |
|   add_ln46_186_fu_40338_p2            |      |        | add_ln46_186      | add | fabric    | 0       |
|   mul_12s_12s_24_1_1_U198             | 1    |        | mul_ln46_748      | mul | auto      | 0       |
|   mac_mulsub_12s_12s_24s_24_1_1_U753  | 1    |        | mul_ln46_749      | mul | dsp_slice | 0       |
|   mac_mulsub_12s_12s_24s_24_1_1_U753  | 1    |        | sub_ln46_561      | sub | dsp_slice | 0       |
|   mac_mulsub_12s_12s_24s_25_1_1_U1006 | 1    |        | mul_ln46_750      | mul | dsp_slice | 0       |
|   mac_mulsub_12s_12s_24s_25_1_1_U1006 | 1    |        | sub_ln46_562      | sub | dsp_slice | 0       |
|   mac_mulsub_12s_12s_25s_25_1_1_U1259 | 1    |        | mul_ln46_751      | mul | dsp_slice | 0       |
|   mac_mulsub_12s_12s_25s_25_1_1_U1259 | 1    |        | sub_ln46_563      | sub | dsp_slice | 0       |
|   add_ln46_187_fu_40527_p2            |      |        | add_ln46_187      | add | fabric    | 0       |
|   mul_12s_12s_24_1_1_U199             | 1    |        | mul_ln46_752      | mul | auto      | 0       |
|   mac_mulsub_12s_12s_24s_24_1_1_U754  | 1    |        | mul_ln46_753      | mul | dsp_slice | 0       |
|   mac_mulsub_12s_12s_24s_24_1_1_U754  | 1    |        | sub_ln46_564      | sub | dsp_slice | 0       |
|   mac_mulsub_12s_12s_24s_25_1_1_U1007 | 1    |        | mul_ln46_754      | mul | dsp_slice | 0       |
|   mac_mulsub_12s_12s_24s_25_1_1_U1007 | 1    |        | sub_ln46_565      | sub | dsp_slice | 0       |
|   mac_mulsub_12s_12s_25s_25_1_1_U1260 | 1    |        | mul_ln46_755      | mul | dsp_slice | 0       |
|   mac_mulsub_12s_12s_25s_25_1_1_U1260 | 1    |        | sub_ln46_566      | sub | dsp_slice | 0       |
|   add_ln46_188_fu_40716_p2            |      |        | add_ln46_188      | add | fabric    | 0       |
|   mul_12s_12s_24_1_1_U200             | 1    |        | mul_ln46_756      | mul | auto      | 0       |
|   mac_mulsub_12s_12s_24s_24_1_1_U755  | 1    |        | mul_ln46_757      | mul | dsp_slice | 0       |
|   mac_mulsub_12s_12s_24s_24_1_1_U755  | 1    |        | sub_ln46_567      | sub | dsp_slice | 0       |
|   mac_mulsub_12s_12s_24s_25_1_1_U1008 | 1    |        | mul_ln46_758      | mul | dsp_slice | 0       |
|   mac_mulsub_12s_12s_24s_25_1_1_U1008 | 1    |        | sub_ln46_568      | sub | dsp_slice | 0       |
|   mac_mulsub_12s_12s_25s_25_1_1_U1261 | 1    |        | mul_ln46_759      | mul | dsp_slice | 0       |
|   mac_mulsub_12s_12s_25s_25_1_1_U1261 | 1    |        | sub_ln46_569      | sub | dsp_slice | 0       |
|   add_ln46_189_fu_40905_p2            |      |        | add_ln46_189      | add | fabric    | 0       |
|   mul_12s_12s_24_1_1_U201             | 1    |        | mul_ln46_760      | mul | auto      | 0       |
|   mac_mulsub_12s_12s_24s_24_1_1_U756  | 1    |        | mul_ln46_761      | mul | dsp_slice | 0       |
|   mac_mulsub_12s_12s_24s_24_1_1_U756  | 1    |        | sub_ln46_570      | sub | dsp_slice | 0       |
|   mac_mulsub_12s_12s_24s_25_1_1_U1009 | 1    |        | mul_ln46_762      | mul | dsp_slice | 0       |
|   mac_mulsub_12s_12s_24s_25_1_1_U1009 | 1    |        | sub_ln46_571      | sub | dsp_slice | 0       |
|   mac_mulsub_12s_12s_25s_25_1_1_U1262 | 1    |        | mul_ln46_763      | mul | dsp_slice | 0       |
|   mac_mulsub_12s_12s_25s_25_1_1_U1262 | 1    |        | sub_ln46_572      | sub | dsp_slice | 0       |
|   add_ln46_190_fu_41094_p2            |      |        | add_ln46_190      | add | fabric    | 0       |
|   mul_12s_12s_24_1_1_U202             | 1    |        | mul_ln46_764      | mul | auto      | 0       |
|   mac_mulsub_12s_12s_24s_24_1_1_U757  | 1    |        | mul_ln46_765      | mul | dsp_slice | 0       |
|   mac_mulsub_12s_12s_24s_24_1_1_U757  | 1    |        | sub_ln46_573      | sub | dsp_slice | 0       |
|   mac_mulsub_12s_12s_24s_25_1_1_U1010 | 1    |        | mul_ln46_766      | mul | dsp_slice | 0       |
|   mac_mulsub_12s_12s_24s_25_1_1_U1010 | 1    |        | sub_ln46_574      | sub | dsp_slice | 0       |
|   mac_mulsub_12s_12s_25s_25_1_1_U1263 | 1    |        | mul_ln46_767      | mul | dsp_slice | 0       |
|   mac_mulsub_12s_12s_25s_25_1_1_U1263 | 1    |        | sub_ln46_575      | sub | dsp_slice | 0       |
|   add_ln46_191_fu_41283_p2            |      |        | add_ln46_191      | add | fabric    | 0       |
|   mul_12s_12s_24_1_1_U203             | 1    |        | mul_ln46_768      | mul | auto      | 0       |
|   mac_mulsub_12s_12s_24s_24_1_1_U758  | 1    |        | mul_ln46_769      | mul | dsp_slice | 0       |
|   mac_mulsub_12s_12s_24s_24_1_1_U758  | 1    |        | sub_ln46_576      | sub | dsp_slice | 0       |
|   mac_mulsub_12s_12s_24s_25_1_1_U1011 | 1    |        | mul_ln46_770      | mul | dsp_slice | 0       |
|   mac_mulsub_12s_12s_24s_25_1_1_U1011 | 1    |        | sub_ln46_577      | sub | dsp_slice | 0       |
|   mac_mulsub_12s_12s_25s_25_1_1_U1264 | 1    |        | mul_ln46_771      | mul | dsp_slice | 0       |
|   mac_mulsub_12s_12s_25s_25_1_1_U1264 | 1    |        | sub_ln46_578      | sub | dsp_slice | 0       |
|   add_ln46_192_fu_41472_p2            |      |        | add_ln46_192      | add | fabric    | 0       |
|   mul_12s_12s_24_1_1_U204             | 1    |        | mul_ln46_772      | mul | auto      | 0       |
|   mac_mulsub_12s_12s_24s_24_1_1_U759  | 1    |        | mul_ln46_773      | mul | dsp_slice | 0       |
|   mac_mulsub_12s_12s_24s_24_1_1_U759  | 1    |        | sub_ln46_579      | sub | dsp_slice | 0       |
|   mac_mulsub_12s_12s_24s_25_1_1_U1012 | 1    |        | mul_ln46_774      | mul | dsp_slice | 0       |
|   mac_mulsub_12s_12s_24s_25_1_1_U1012 | 1    |        | sub_ln46_580      | sub | dsp_slice | 0       |
|   mac_mulsub_12s_12s_25s_25_1_1_U1265 | 1    |        | mul_ln46_775      | mul | dsp_slice | 0       |
|   mac_mulsub_12s_12s_25s_25_1_1_U1265 | 1    |        | sub_ln46_581      | sub | dsp_slice | 0       |
|   add_ln46_193_fu_41661_p2            |      |        | add_ln46_193      | add | fabric    | 0       |
|   mul_12s_12s_24_1_1_U205             | 1    |        | mul_ln46_776      | mul | auto      | 0       |
|   mac_mulsub_12s_12s_24s_24_1_1_U760  | 1    |        | mul_ln46_777      | mul | dsp_slice | 0       |
|   mac_mulsub_12s_12s_24s_24_1_1_U760  | 1    |        | sub_ln46_582      | sub | dsp_slice | 0       |
|   mac_mulsub_12s_12s_24s_25_1_1_U1013 | 1    |        | mul_ln46_778      | mul | dsp_slice | 0       |
|   mac_mulsub_12s_12s_24s_25_1_1_U1013 | 1    |        | sub_ln46_583      | sub | dsp_slice | 0       |
|   mac_mulsub_12s_12s_25s_25_1_1_U1266 | 1    |        | mul_ln46_779      | mul | dsp_slice | 0       |
|   mac_mulsub_12s_12s_25s_25_1_1_U1266 | 1    |        | sub_ln46_584      | sub | dsp_slice | 0       |
|   add_ln46_194_fu_41850_p2            |      |        | add_ln46_194      | add | fabric    | 0       |
|   mul_12s_12s_24_1_1_U206             | 1    |        | mul_ln46_780      | mul | auto      | 0       |
|   mac_mulsub_12s_12s_24s_24_1_1_U761  | 1    |        | mul_ln46_781      | mul | dsp_slice | 0       |
|   mac_mulsub_12s_12s_24s_24_1_1_U761  | 1    |        | sub_ln46_585      | sub | dsp_slice | 0       |
|   mac_mulsub_12s_12s_24s_25_1_1_U1014 | 1    |        | mul_ln46_782      | mul | dsp_slice | 0       |
|   mac_mulsub_12s_12s_24s_25_1_1_U1014 | 1    |        | sub_ln46_586      | sub | dsp_slice | 0       |
|   mac_mulsub_12s_12s_25s_25_1_1_U1267 | 1    |        | mul_ln46_783      | mul | dsp_slice | 0       |
|   mac_mulsub_12s_12s_25s_25_1_1_U1267 | 1    |        | sub_ln46_587      | sub | dsp_slice | 0       |
|   add_ln46_195_fu_42039_p2            |      |        | add_ln46_195      | add | fabric    | 0       |
|   mul_12s_12s_24_1_1_U207             | 1    |        | mul_ln46_784      | mul | auto      | 0       |
|   mac_mulsub_12s_12s_24s_24_1_1_U762  | 1    |        | mul_ln46_785      | mul | dsp_slice | 0       |
|   mac_mulsub_12s_12s_24s_24_1_1_U762  | 1    |        | sub_ln46_588      | sub | dsp_slice | 0       |
|   mac_mulsub_12s_12s_24s_25_1_1_U1015 | 1    |        | mul_ln46_786      | mul | dsp_slice | 0       |
|   mac_mulsub_12s_12s_24s_25_1_1_U1015 | 1    |        | sub_ln46_589      | sub | dsp_slice | 0       |
|   mac_mulsub_12s_12s_25s_25_1_1_U1268 | 1    |        | mul_ln46_787      | mul | dsp_slice | 0       |
|   mac_mulsub_12s_12s_25s_25_1_1_U1268 | 1    |        | sub_ln46_590      | sub | dsp_slice | 0       |
|   add_ln46_196_fu_42228_p2            |      |        | add_ln46_196      | add | fabric    | 0       |
|   mul_12s_12s_24_1_1_U208             | 1    |        | mul_ln46_788      | mul | auto      | 0       |
|   mac_mulsub_12s_12s_24s_24_1_1_U763  | 1    |        | mul_ln46_789      | mul | dsp_slice | 0       |
|   mac_mulsub_12s_12s_24s_24_1_1_U763  | 1    |        | sub_ln46_591      | sub | dsp_slice | 0       |
|   mac_mulsub_12s_12s_24s_25_1_1_U1016 | 1    |        | mul_ln46_790      | mul | dsp_slice | 0       |
|   mac_mulsub_12s_12s_24s_25_1_1_U1016 | 1    |        | sub_ln46_592      | sub | dsp_slice | 0       |
|   mac_mulsub_12s_12s_25s_25_1_1_U1269 | 1    |        | mul_ln46_791      | mul | dsp_slice | 0       |
|   mac_mulsub_12s_12s_25s_25_1_1_U1269 | 1    |        | sub_ln46_593      | sub | dsp_slice | 0       |
|   add_ln46_197_fu_42417_p2            |      |        | add_ln46_197      | add | fabric    | 0       |
|   mul_12s_12s_24_1_1_U209             | 1    |        | mul_ln46_792      | mul | auto      | 0       |
|   mac_mulsub_12s_12s_24s_24_1_1_U764  | 1    |        | mul_ln46_793      | mul | dsp_slice | 0       |
|   mac_mulsub_12s_12s_24s_24_1_1_U764  | 1    |        | sub_ln46_594      | sub | dsp_slice | 0       |
|   mac_mulsub_12s_12s_24s_25_1_1_U1017 | 1    |        | mul_ln46_794      | mul | dsp_slice | 0       |
|   mac_mulsub_12s_12s_24s_25_1_1_U1017 | 1    |        | sub_ln46_595      | sub | dsp_slice | 0       |
|   mac_mulsub_12s_12s_25s_25_1_1_U1270 | 1    |        | mul_ln46_795      | mul | dsp_slice | 0       |
|   mac_mulsub_12s_12s_25s_25_1_1_U1270 | 1    |        | sub_ln46_596      | sub | dsp_slice | 0       |
|   add_ln46_198_fu_42606_p2            |      |        | add_ln46_198      | add | fabric    | 0       |
|   mul_12s_12s_24_1_1_U210             | 1    |        | mul_ln46_796      | mul | auto      | 0       |
|   mac_mulsub_12s_12s_24s_24_1_1_U765  | 1    |        | mul_ln46_797      | mul | dsp_slice | 0       |
|   mac_mulsub_12s_12s_24s_24_1_1_U765  | 1    |        | sub_ln46_597      | sub | dsp_slice | 0       |
|   mac_mulsub_12s_12s_24s_25_1_1_U1018 | 1    |        | mul_ln46_798      | mul | dsp_slice | 0       |
|   mac_mulsub_12s_12s_24s_25_1_1_U1018 | 1    |        | sub_ln46_598      | sub | dsp_slice | 0       |
|   mac_mulsub_12s_12s_25s_25_1_1_U1271 | 1    |        | mul_ln46_799      | mul | dsp_slice | 0       |
|   mac_mulsub_12s_12s_25s_25_1_1_U1271 | 1    |        | sub_ln46_599      | sub | dsp_slice | 0       |
|   add_ln46_199_fu_42795_p2            |      |        | add_ln46_199      | add | fabric    | 0       |
|   mul_12s_12s_24_1_1_U211             | 1    |        | mul_ln46_800      | mul | auto      | 0       |
|   mac_mulsub_12s_12s_24s_24_1_1_U766  | 1    |        | mul_ln46_801      | mul | dsp_slice | 0       |
|   mac_mulsub_12s_12s_24s_24_1_1_U766  | 1    |        | sub_ln46_600      | sub | dsp_slice | 0       |
|   mac_mulsub_12s_12s_24s_25_1_1_U1019 | 1    |        | mul_ln46_802      | mul | dsp_slice | 0       |
|   mac_mulsub_12s_12s_24s_25_1_1_U1019 | 1    |        | sub_ln46_601      | sub | dsp_slice | 0       |
|   mac_mulsub_12s_12s_25s_25_1_1_U1272 | 1    |        | mul_ln46_803      | mul | dsp_slice | 0       |
|   mac_mulsub_12s_12s_25s_25_1_1_U1272 | 1    |        | sub_ln46_602      | sub | dsp_slice | 0       |
|   add_ln46_200_fu_42984_p2            |      |        | add_ln46_200      | add | fabric    | 0       |
|   mul_12s_12s_24_1_1_U212             | 1    |        | mul_ln46_804      | mul | auto      | 0       |
|   mac_mulsub_12s_12s_24s_24_1_1_U767  | 1    |        | mul_ln46_805      | mul | dsp_slice | 0       |
|   mac_mulsub_12s_12s_24s_24_1_1_U767  | 1    |        | sub_ln46_603      | sub | dsp_slice | 0       |
|   mac_mulsub_12s_12s_24s_25_1_1_U1020 | 1    |        | mul_ln46_806      | mul | dsp_slice | 0       |
|   mac_mulsub_12s_12s_24s_25_1_1_U1020 | 1    |        | sub_ln46_604      | sub | dsp_slice | 0       |
|   mac_mulsub_12s_12s_25s_25_1_1_U1273 | 1    |        | mul_ln46_807      | mul | dsp_slice | 0       |
|   mac_mulsub_12s_12s_25s_25_1_1_U1273 | 1    |        | sub_ln46_605      | sub | dsp_slice | 0       |
|   add_ln46_201_fu_43173_p2            |      |        | add_ln46_201      | add | fabric    | 0       |
|   mul_12s_12s_24_1_1_U213             | 1    |        | mul_ln46_808      | mul | auto      | 0       |
|   mac_mulsub_12s_12s_24s_24_1_1_U768  | 1    |        | mul_ln46_809      | mul | dsp_slice | 0       |
|   mac_mulsub_12s_12s_24s_24_1_1_U768  | 1    |        | sub_ln46_606      | sub | dsp_slice | 0       |
|   mac_mulsub_12s_12s_24s_25_1_1_U1021 | 1    |        | mul_ln46_810      | mul | dsp_slice | 0       |
|   mac_mulsub_12s_12s_24s_25_1_1_U1021 | 1    |        | sub_ln46_607      | sub | dsp_slice | 0       |
|   mac_mulsub_12s_12s_25s_25_1_1_U1274 | 1    |        | mul_ln46_811      | mul | dsp_slice | 0       |
|   mac_mulsub_12s_12s_25s_25_1_1_U1274 | 1    |        | sub_ln46_608      | sub | dsp_slice | 0       |
|   add_ln46_202_fu_43362_p2            |      |        | add_ln46_202      | add | fabric    | 0       |
|   mul_12s_12s_24_1_1_U214             | 1    |        | mul_ln46_812      | mul | auto      | 0       |
|   mac_mulsub_12s_12s_24s_24_1_1_U769  | 1    |        | mul_ln46_813      | mul | dsp_slice | 0       |
|   mac_mulsub_12s_12s_24s_24_1_1_U769  | 1    |        | sub_ln46_609      | sub | dsp_slice | 0       |
|   mac_mulsub_12s_12s_24s_25_1_1_U1022 | 1    |        | mul_ln46_814      | mul | dsp_slice | 0       |
|   mac_mulsub_12s_12s_24s_25_1_1_U1022 | 1    |        | sub_ln46_610      | sub | dsp_slice | 0       |
|   mac_mulsub_12s_12s_25s_25_1_1_U1275 | 1    |        | mul_ln46_815      | mul | dsp_slice | 0       |
|   mac_mulsub_12s_12s_25s_25_1_1_U1275 | 1    |        | sub_ln46_611      | sub | dsp_slice | 0       |
|   add_ln46_203_fu_43551_p2            |      |        | add_ln46_203      | add | fabric    | 0       |
|   mul_12s_12s_24_1_1_U215             | 1    |        | mul_ln46_816      | mul | auto      | 0       |
|   mac_mulsub_12s_12s_24s_24_1_1_U770  | 1    |        | mul_ln46_817      | mul | dsp_slice | 0       |
|   mac_mulsub_12s_12s_24s_24_1_1_U770  | 1    |        | sub_ln46_612      | sub | dsp_slice | 0       |
|   mac_mulsub_12s_12s_24s_25_1_1_U1023 | 1    |        | mul_ln46_818      | mul | dsp_slice | 0       |
|   mac_mulsub_12s_12s_24s_25_1_1_U1023 | 1    |        | sub_ln46_613      | sub | dsp_slice | 0       |
|   mac_mulsub_12s_12s_25s_25_1_1_U1276 | 1    |        | mul_ln46_819      | mul | dsp_slice | 0       |
|   mac_mulsub_12s_12s_25s_25_1_1_U1276 | 1    |        | sub_ln46_614      | sub | dsp_slice | 0       |
|   add_ln46_204_fu_43740_p2            |      |        | add_ln46_204      | add | fabric    | 0       |
|   mul_12s_12s_24_1_1_U216             | 1    |        | mul_ln46_820      | mul | auto      | 0       |
|   mac_mulsub_12s_12s_24s_24_1_1_U771  | 1    |        | mul_ln46_821      | mul | dsp_slice | 0       |
|   mac_mulsub_12s_12s_24s_24_1_1_U771  | 1    |        | sub_ln46_615      | sub | dsp_slice | 0       |
|   mac_mulsub_12s_12s_24s_25_1_1_U1024 | 1    |        | mul_ln46_822      | mul | dsp_slice | 0       |
|   mac_mulsub_12s_12s_24s_25_1_1_U1024 | 1    |        | sub_ln46_616      | sub | dsp_slice | 0       |
|   mac_mulsub_12s_12s_25s_25_1_1_U1277 | 1    |        | mul_ln46_823      | mul | dsp_slice | 0       |
|   mac_mulsub_12s_12s_25s_25_1_1_U1277 | 1    |        | sub_ln46_617      | sub | dsp_slice | 0       |
|   add_ln46_205_fu_43929_p2            |      |        | add_ln46_205      | add | fabric    | 0       |
|   mul_12s_12s_24_1_1_U217             | 1    |        | mul_ln46_824      | mul | auto      | 0       |
|   mac_mulsub_12s_12s_24s_24_1_1_U772  | 1    |        | mul_ln46_825      | mul | dsp_slice | 0       |
|   mac_mulsub_12s_12s_24s_24_1_1_U772  | 1    |        | sub_ln46_618      | sub | dsp_slice | 0       |
|   mac_mulsub_12s_12s_24s_25_1_1_U1025 | 1    |        | mul_ln46_826      | mul | dsp_slice | 0       |
|   mac_mulsub_12s_12s_24s_25_1_1_U1025 | 1    |        | sub_ln46_619      | sub | dsp_slice | 0       |
|   mac_mulsub_12s_12s_25s_25_1_1_U1278 | 1    |        | mul_ln46_827      | mul | dsp_slice | 0       |
|   mac_mulsub_12s_12s_25s_25_1_1_U1278 | 1    |        | sub_ln46_620      | sub | dsp_slice | 0       |
|   add_ln46_206_fu_44118_p2            |      |        | add_ln46_206      | add | fabric    | 0       |
|   mul_12s_12s_24_1_1_U218             | 1    |        | mul_ln46_828      | mul | auto      | 0       |
|   mac_mulsub_12s_12s_24s_24_1_1_U773  | 1    |        | mul_ln46_829      | mul | dsp_slice | 0       |
|   mac_mulsub_12s_12s_24s_24_1_1_U773  | 1    |        | sub_ln46_621      | sub | dsp_slice | 0       |
|   mac_mulsub_12s_12s_24s_25_1_1_U1026 | 1    |        | mul_ln46_830      | mul | dsp_slice | 0       |
|   mac_mulsub_12s_12s_24s_25_1_1_U1026 | 1    |        | sub_ln46_622      | sub | dsp_slice | 0       |
|   mac_mulsub_12s_12s_25s_25_1_1_U1279 | 1    |        | mul_ln46_831      | mul | dsp_slice | 0       |
|   mac_mulsub_12s_12s_25s_25_1_1_U1279 | 1    |        | sub_ln46_623      | sub | dsp_slice | 0       |
|   add_ln46_207_fu_44307_p2            |      |        | add_ln46_207      | add | fabric    | 0       |
|   mul_12s_12s_24_1_1_U219             | 1    |        | mul_ln46_832      | mul | auto      | 0       |
|   mac_mulsub_12s_12s_24s_24_1_1_U774  | 1    |        | mul_ln46_833      | mul | dsp_slice | 0       |
|   mac_mulsub_12s_12s_24s_24_1_1_U774  | 1    |        | sub_ln46_624      | sub | dsp_slice | 0       |
|   mac_mulsub_12s_12s_24s_25_1_1_U1027 | 1    |        | mul_ln46_834      | mul | dsp_slice | 0       |
|   mac_mulsub_12s_12s_24s_25_1_1_U1027 | 1    |        | sub_ln46_625      | sub | dsp_slice | 0       |
|   mac_mulsub_12s_12s_25s_25_1_1_U1280 | 1    |        | mul_ln46_835      | mul | dsp_slice | 0       |
|   mac_mulsub_12s_12s_25s_25_1_1_U1280 | 1    |        | sub_ln46_626      | sub | dsp_slice | 0       |
|   add_ln46_208_fu_44496_p2            |      |        | add_ln46_208      | add | fabric    | 0       |
|   mul_12s_12s_24_1_1_U220             | 1    |        | mul_ln46_836      | mul | auto      | 0       |
|   mac_mulsub_12s_12s_24s_24_1_1_U775  | 1    |        | mul_ln46_837      | mul | dsp_slice | 0       |
|   mac_mulsub_12s_12s_24s_24_1_1_U775  | 1    |        | sub_ln46_627      | sub | dsp_slice | 0       |
|   mac_mulsub_12s_12s_24s_25_1_1_U1028 | 1    |        | mul_ln46_838      | mul | dsp_slice | 0       |
|   mac_mulsub_12s_12s_24s_25_1_1_U1028 | 1    |        | sub_ln46_628      | sub | dsp_slice | 0       |
|   mac_mulsub_12s_12s_25s_25_1_1_U1281 | 1    |        | mul_ln46_839      | mul | dsp_slice | 0       |
|   mac_mulsub_12s_12s_25s_25_1_1_U1281 | 1    |        | sub_ln46_629      | sub | dsp_slice | 0       |
|   add_ln46_209_fu_44685_p2            |      |        | add_ln46_209      | add | fabric    | 0       |
|   mul_12s_12s_24_1_1_U221             | 1    |        | mul_ln46_840      | mul | auto      | 0       |
|   mac_mulsub_12s_12s_24s_24_1_1_U776  | 1    |        | mul_ln46_841      | mul | dsp_slice | 0       |
|   mac_mulsub_12s_12s_24s_24_1_1_U776  | 1    |        | sub_ln46_630      | sub | dsp_slice | 0       |
|   mac_mulsub_12s_12s_24s_25_1_1_U1029 | 1    |        | mul_ln46_842      | mul | dsp_slice | 0       |
|   mac_mulsub_12s_12s_24s_25_1_1_U1029 | 1    |        | sub_ln46_631      | sub | dsp_slice | 0       |
|   mac_mulsub_12s_12s_25s_25_1_1_U1282 | 1    |        | mul_ln46_843      | mul | dsp_slice | 0       |
|   mac_mulsub_12s_12s_25s_25_1_1_U1282 | 1    |        | sub_ln46_632      | sub | dsp_slice | 0       |
|   add_ln46_210_fu_44874_p2            |      |        | add_ln46_210      | add | fabric    | 0       |
|   mul_12s_12s_24_1_1_U222             | 1    |        | mul_ln46_844      | mul | auto      | 0       |
|   mac_mulsub_12s_12s_24s_24_1_1_U777  | 1    |        | mul_ln46_845      | mul | dsp_slice | 0       |
|   mac_mulsub_12s_12s_24s_24_1_1_U777  | 1    |        | sub_ln46_633      | sub | dsp_slice | 0       |
|   mac_mulsub_12s_12s_24s_25_1_1_U1030 | 1    |        | mul_ln46_846      | mul | dsp_slice | 0       |
|   mac_mulsub_12s_12s_24s_25_1_1_U1030 | 1    |        | sub_ln46_634      | sub | dsp_slice | 0       |
|   mac_mulsub_12s_12s_25s_25_1_1_U1283 | 1    |        | mul_ln46_847      | mul | dsp_slice | 0       |
|   mac_mulsub_12s_12s_25s_25_1_1_U1283 | 1    |        | sub_ln46_635      | sub | dsp_slice | 0       |
|   add_ln46_211_fu_45063_p2            |      |        | add_ln46_211      | add | fabric    | 0       |
|   mul_12s_12s_24_1_1_U223             | 1    |        | mul_ln46_848      | mul | auto      | 0       |
|   mac_mulsub_12s_12s_24s_24_1_1_U778  | 1    |        | mul_ln46_849      | mul | dsp_slice | 0       |
|   mac_mulsub_12s_12s_24s_24_1_1_U778  | 1    |        | sub_ln46_636      | sub | dsp_slice | 0       |
|   mac_mulsub_12s_12s_24s_25_1_1_U1031 | 1    |        | mul_ln46_850      | mul | dsp_slice | 0       |
|   mac_mulsub_12s_12s_24s_25_1_1_U1031 | 1    |        | sub_ln46_637      | sub | dsp_slice | 0       |
|   mac_mulsub_12s_12s_25s_25_1_1_U1284 | 1    |        | mul_ln46_851      | mul | dsp_slice | 0       |
|   mac_mulsub_12s_12s_25s_25_1_1_U1284 | 1    |        | sub_ln46_638      | sub | dsp_slice | 0       |
|   add_ln46_212_fu_45252_p2            |      |        | add_ln46_212      | add | fabric    | 0       |
|   mul_12s_12s_24_1_1_U224             | 1    |        | mul_ln46_852      | mul | auto      | 0       |
|   mac_mulsub_12s_12s_24s_24_1_1_U779  | 1    |        | mul_ln46_853      | mul | dsp_slice | 0       |
|   mac_mulsub_12s_12s_24s_24_1_1_U779  | 1    |        | sub_ln46_639      | sub | dsp_slice | 0       |
|   mac_mulsub_12s_12s_24s_25_1_1_U1032 | 1    |        | mul_ln46_854      | mul | dsp_slice | 0       |
|   mac_mulsub_12s_12s_24s_25_1_1_U1032 | 1    |        | sub_ln46_640      | sub | dsp_slice | 0       |
|   mac_mulsub_12s_12s_25s_25_1_1_U1285 | 1    |        | mul_ln46_855      | mul | dsp_slice | 0       |
|   mac_mulsub_12s_12s_25s_25_1_1_U1285 | 1    |        | sub_ln46_641      | sub | dsp_slice | 0       |
|   add_ln46_213_fu_45441_p2            |      |        | add_ln46_213      | add | fabric    | 0       |
|   mul_12s_12s_24_1_1_U225             | 1    |        | mul_ln46_856      | mul | auto      | 0       |
|   mac_mulsub_12s_12s_24s_24_1_1_U780  | 1    |        | mul_ln46_857      | mul | dsp_slice | 0       |
|   mac_mulsub_12s_12s_24s_24_1_1_U780  | 1    |        | sub_ln46_642      | sub | dsp_slice | 0       |
|   mac_mulsub_12s_12s_24s_25_1_1_U1033 | 1    |        | mul_ln46_858      | mul | dsp_slice | 0       |
|   mac_mulsub_12s_12s_24s_25_1_1_U1033 | 1    |        | sub_ln46_643      | sub | dsp_slice | 0       |
|   mac_mulsub_12s_12s_25s_25_1_1_U1286 | 1    |        | mul_ln46_859      | mul | dsp_slice | 0       |
|   mac_mulsub_12s_12s_25s_25_1_1_U1286 | 1    |        | sub_ln46_644      | sub | dsp_slice | 0       |
|   add_ln46_214_fu_45630_p2            |      |        | add_ln46_214      | add | fabric    | 0       |
|   mul_12s_12s_24_1_1_U226             | 1    |        | mul_ln46_860      | mul | auto      | 0       |
|   mac_mulsub_12s_12s_24s_24_1_1_U781  | 1    |        | mul_ln46_861      | mul | dsp_slice | 0       |
|   mac_mulsub_12s_12s_24s_24_1_1_U781  | 1    |        | sub_ln46_645      | sub | dsp_slice | 0       |
|   mac_mulsub_12s_12s_24s_25_1_1_U1034 | 1    |        | mul_ln46_862      | mul | dsp_slice | 0       |
|   mac_mulsub_12s_12s_24s_25_1_1_U1034 | 1    |        | sub_ln46_646      | sub | dsp_slice | 0       |
|   mac_mulsub_12s_12s_25s_25_1_1_U1287 | 1    |        | mul_ln46_863      | mul | dsp_slice | 0       |
|   mac_mulsub_12s_12s_25s_25_1_1_U1287 | 1    |        | sub_ln46_647      | sub | dsp_slice | 0       |
|   add_ln46_215_fu_45819_p2            |      |        | add_ln46_215      | add | fabric    | 0       |
|   mul_12s_12s_24_1_1_U227             | 1    |        | mul_ln46_864      | mul | auto      | 0       |
|   mac_mulsub_12s_12s_24s_24_1_1_U782  | 1    |        | mul_ln46_865      | mul | dsp_slice | 0       |
|   mac_mulsub_12s_12s_24s_24_1_1_U782  | 1    |        | sub_ln46_648      | sub | dsp_slice | 0       |
|   mac_mulsub_12s_12s_24s_25_1_1_U1035 | 1    |        | mul_ln46_866      | mul | dsp_slice | 0       |
|   mac_mulsub_12s_12s_24s_25_1_1_U1035 | 1    |        | sub_ln46_649      | sub | dsp_slice | 0       |
|   mac_mulsub_12s_12s_25s_25_1_1_U1288 | 1    |        | mul_ln46_867      | mul | dsp_slice | 0       |
|   mac_mulsub_12s_12s_25s_25_1_1_U1288 | 1    |        | sub_ln46_650      | sub | dsp_slice | 0       |
|   add_ln46_216_fu_46008_p2            |      |        | add_ln46_216      | add | fabric    | 0       |
|   mul_12s_12s_24_1_1_U228             | 1    |        | mul_ln46_868      | mul | auto      | 0       |
|   mac_mulsub_12s_12s_24s_24_1_1_U783  | 1    |        | mul_ln46_869      | mul | dsp_slice | 0       |
|   mac_mulsub_12s_12s_24s_24_1_1_U783  | 1    |        | sub_ln46_651      | sub | dsp_slice | 0       |
|   mac_mulsub_12s_12s_24s_25_1_1_U1036 | 1    |        | mul_ln46_870      | mul | dsp_slice | 0       |
|   mac_mulsub_12s_12s_24s_25_1_1_U1036 | 1    |        | sub_ln46_652      | sub | dsp_slice | 0       |
|   mac_mulsub_12s_12s_25s_25_1_1_U1289 | 1    |        | mul_ln46_871      | mul | dsp_slice | 0       |
|   mac_mulsub_12s_12s_25s_25_1_1_U1289 | 1    |        | sub_ln46_653      | sub | dsp_slice | 0       |
|   add_ln46_217_fu_46197_p2            |      |        | add_ln46_217      | add | fabric    | 0       |
|   mul_12s_12s_24_1_1_U229             | 1    |        | mul_ln46_872      | mul | auto      | 0       |
|   mac_mulsub_12s_12s_24s_24_1_1_U784  | 1    |        | mul_ln46_873      | mul | dsp_slice | 0       |
|   mac_mulsub_12s_12s_24s_24_1_1_U784  | 1    |        | sub_ln46_654      | sub | dsp_slice | 0       |
|   mac_mulsub_12s_12s_24s_25_1_1_U1037 | 1    |        | mul_ln46_874      | mul | dsp_slice | 0       |
|   mac_mulsub_12s_12s_24s_25_1_1_U1037 | 1    |        | sub_ln46_655      | sub | dsp_slice | 0       |
|   mac_mulsub_12s_12s_25s_25_1_1_U1290 | 1    |        | mul_ln46_875      | mul | dsp_slice | 0       |
|   mac_mulsub_12s_12s_25s_25_1_1_U1290 | 1    |        | sub_ln46_656      | sub | dsp_slice | 0       |
|   add_ln46_218_fu_46386_p2            |      |        | add_ln46_218      | add | fabric    | 0       |
|   mul_12s_12s_24_1_1_U230             | 1    |        | mul_ln46_876      | mul | auto      | 0       |
|   mac_mulsub_12s_12s_24s_24_1_1_U785  | 1    |        | mul_ln46_877      | mul | dsp_slice | 0       |
|   mac_mulsub_12s_12s_24s_24_1_1_U785  | 1    |        | sub_ln46_657      | sub | dsp_slice | 0       |
|   mac_mulsub_12s_12s_24s_25_1_1_U1038 | 1    |        | mul_ln46_878      | mul | dsp_slice | 0       |
|   mac_mulsub_12s_12s_24s_25_1_1_U1038 | 1    |        | sub_ln46_658      | sub | dsp_slice | 0       |
|   mac_mulsub_12s_12s_25s_25_1_1_U1291 | 1    |        | mul_ln46_879      | mul | dsp_slice | 0       |
|   mac_mulsub_12s_12s_25s_25_1_1_U1291 | 1    |        | sub_ln46_659      | sub | dsp_slice | 0       |
|   add_ln46_219_fu_46575_p2            |      |        | add_ln46_219      | add | fabric    | 0       |
|   mul_12s_12s_24_1_1_U231             | 1    |        | mul_ln46_880      | mul | auto      | 0       |
|   mac_mulsub_12s_12s_24s_24_1_1_U786  | 1    |        | mul_ln46_881      | mul | dsp_slice | 0       |
|   mac_mulsub_12s_12s_24s_24_1_1_U786  | 1    |        | sub_ln46_660      | sub | dsp_slice | 0       |
|   mac_mulsub_12s_12s_24s_25_1_1_U1039 | 1    |        | mul_ln46_882      | mul | dsp_slice | 0       |
|   mac_mulsub_12s_12s_24s_25_1_1_U1039 | 1    |        | sub_ln46_661      | sub | dsp_slice | 0       |
|   mac_mulsub_12s_12s_25s_25_1_1_U1292 | 1    |        | mul_ln46_883      | mul | dsp_slice | 0       |
|   mac_mulsub_12s_12s_25s_25_1_1_U1292 | 1    |        | sub_ln46_662      | sub | dsp_slice | 0       |
|   add_ln46_220_fu_46764_p2            |      |        | add_ln46_220      | add | fabric    | 0       |
|   mul_12s_12s_24_1_1_U232             | 1    |        | mul_ln46_884      | mul | auto      | 0       |
|   mac_mulsub_12s_12s_24s_24_1_1_U787  | 1    |        | mul_ln46_885      | mul | dsp_slice | 0       |
|   mac_mulsub_12s_12s_24s_24_1_1_U787  | 1    |        | sub_ln46_663      | sub | dsp_slice | 0       |
|   mac_mulsub_12s_12s_24s_25_1_1_U1040 | 1    |        | mul_ln46_886      | mul | dsp_slice | 0       |
|   mac_mulsub_12s_12s_24s_25_1_1_U1040 | 1    |        | sub_ln46_664      | sub | dsp_slice | 0       |
|   mac_mulsub_12s_12s_25s_25_1_1_U1293 | 1    |        | mul_ln46_887      | mul | dsp_slice | 0       |
|   mac_mulsub_12s_12s_25s_25_1_1_U1293 | 1    |        | sub_ln46_665      | sub | dsp_slice | 0       |
|   add_ln46_221_fu_46953_p2            |      |        | add_ln46_221      | add | fabric    | 0       |
|   mul_12s_12s_24_1_1_U233             | 1    |        | mul_ln46_888      | mul | auto      | 0       |
|   mac_mulsub_12s_12s_24s_24_1_1_U788  | 1    |        | mul_ln46_889      | mul | dsp_slice | 0       |
|   mac_mulsub_12s_12s_24s_24_1_1_U788  | 1    |        | sub_ln46_666      | sub | dsp_slice | 0       |
|   mac_mulsub_12s_12s_24s_25_1_1_U1041 | 1    |        | mul_ln46_890      | mul | dsp_slice | 0       |
|   mac_mulsub_12s_12s_24s_25_1_1_U1041 | 1    |        | sub_ln46_667      | sub | dsp_slice | 0       |
|   mac_mulsub_12s_12s_25s_25_1_1_U1294 | 1    |        | mul_ln46_891      | mul | dsp_slice | 0       |
|   mac_mulsub_12s_12s_25s_25_1_1_U1294 | 1    |        | sub_ln46_668      | sub | dsp_slice | 0       |
|   add_ln46_222_fu_47142_p2            |      |        | add_ln46_222      | add | fabric    | 0       |
|   mul_12s_12s_24_1_1_U234             | 1    |        | mul_ln46_892      | mul | auto      | 0       |
|   mac_mulsub_12s_12s_24s_24_1_1_U789  | 1    |        | mul_ln46_893      | mul | dsp_slice | 0       |
|   mac_mulsub_12s_12s_24s_24_1_1_U789  | 1    |        | sub_ln46_669      | sub | dsp_slice | 0       |
|   mac_mulsub_12s_12s_24s_25_1_1_U1042 | 1    |        | mul_ln46_894      | mul | dsp_slice | 0       |
|   mac_mulsub_12s_12s_24s_25_1_1_U1042 | 1    |        | sub_ln46_670      | sub | dsp_slice | 0       |
|   mac_mulsub_12s_12s_25s_25_1_1_U1295 | 1    |        | mul_ln46_895      | mul | dsp_slice | 0       |
|   mac_mulsub_12s_12s_25s_25_1_1_U1295 | 1    |        | sub_ln46_671      | sub | dsp_slice | 0       |
|   add_ln46_223_fu_47331_p2            |      |        | add_ln46_223      | add | fabric    | 0       |
|   mul_12s_12s_24_1_1_U235             | 1    |        | mul_ln46_896      | mul | auto      | 0       |
|   mac_mulsub_12s_12s_24s_24_1_1_U790  | 1    |        | mul_ln46_897      | mul | dsp_slice | 0       |
|   mac_mulsub_12s_12s_24s_24_1_1_U790  | 1    |        | sub_ln46_672      | sub | dsp_slice | 0       |
|   mac_mulsub_12s_12s_24s_25_1_1_U1043 | 1    |        | mul_ln46_898      | mul | dsp_slice | 0       |
|   mac_mulsub_12s_12s_24s_25_1_1_U1043 | 1    |        | sub_ln46_673      | sub | dsp_slice | 0       |
|   mac_mulsub_12s_12s_25s_25_1_1_U1296 | 1    |        | mul_ln46_899      | mul | dsp_slice | 0       |
|   mac_mulsub_12s_12s_25s_25_1_1_U1296 | 1    |        | sub_ln46_674      | sub | dsp_slice | 0       |
|   add_ln46_224_fu_47520_p2            |      |        | add_ln46_224      | add | fabric    | 0       |
|   mul_12s_12s_24_1_1_U236             | 1    |        | mul_ln46_900      | mul | auto      | 0       |
|   mac_mulsub_12s_12s_24s_24_1_1_U791  | 1    |        | mul_ln46_901      | mul | dsp_slice | 0       |
|   mac_mulsub_12s_12s_24s_24_1_1_U791  | 1    |        | sub_ln46_675      | sub | dsp_slice | 0       |
|   mac_mulsub_12s_12s_24s_25_1_1_U1044 | 1    |        | mul_ln46_902      | mul | dsp_slice | 0       |
|   mac_mulsub_12s_12s_24s_25_1_1_U1044 | 1    |        | sub_ln46_676      | sub | dsp_slice | 0       |
|   mac_mulsub_12s_12s_25s_25_1_1_U1297 | 1    |        | mul_ln46_903      | mul | dsp_slice | 0       |
|   mac_mulsub_12s_12s_25s_25_1_1_U1297 | 1    |        | sub_ln46_677      | sub | dsp_slice | 0       |
|   add_ln46_225_fu_47709_p2            |      |        | add_ln46_225      | add | fabric    | 0       |
|   mul_12s_12s_24_1_1_U237             | 1    |        | mul_ln46_904      | mul | auto      | 0       |
|   mac_mulsub_12s_12s_24s_24_1_1_U792  | 1    |        | mul_ln46_905      | mul | dsp_slice | 0       |
|   mac_mulsub_12s_12s_24s_24_1_1_U792  | 1    |        | sub_ln46_678      | sub | dsp_slice | 0       |
|   mac_mulsub_12s_12s_24s_25_1_1_U1045 | 1    |        | mul_ln46_906      | mul | dsp_slice | 0       |
|   mac_mulsub_12s_12s_24s_25_1_1_U1045 | 1    |        | sub_ln46_679      | sub | dsp_slice | 0       |
|   mac_mulsub_12s_12s_25s_25_1_1_U1298 | 1    |        | mul_ln46_907      | mul | dsp_slice | 0       |
|   mac_mulsub_12s_12s_25s_25_1_1_U1298 | 1    |        | sub_ln46_680      | sub | dsp_slice | 0       |
|   add_ln46_226_fu_47898_p2            |      |        | add_ln46_226      | add | fabric    | 0       |
|   mul_12s_12s_24_1_1_U238             | 1    |        | mul_ln46_908      | mul | auto      | 0       |
|   mac_mulsub_12s_12s_24s_24_1_1_U793  | 1    |        | mul_ln46_909      | mul | dsp_slice | 0       |
|   mac_mulsub_12s_12s_24s_24_1_1_U793  | 1    |        | sub_ln46_681      | sub | dsp_slice | 0       |
|   mac_mulsub_12s_12s_24s_25_1_1_U1046 | 1    |        | mul_ln46_910      | mul | dsp_slice | 0       |
|   mac_mulsub_12s_12s_24s_25_1_1_U1046 | 1    |        | sub_ln46_682      | sub | dsp_slice | 0       |
|   mac_mulsub_12s_12s_25s_25_1_1_U1299 | 1    |        | mul_ln46_911      | mul | dsp_slice | 0       |
|   mac_mulsub_12s_12s_25s_25_1_1_U1299 | 1    |        | sub_ln46_683      | sub | dsp_slice | 0       |
|   add_ln46_227_fu_48087_p2            |      |        | add_ln46_227      | add | fabric    | 0       |
|   mul_12s_12s_24_1_1_U239             | 1    |        | mul_ln46_912      | mul | auto      | 0       |
|   mac_mulsub_12s_12s_24s_24_1_1_U794  | 1    |        | mul_ln46_913      | mul | dsp_slice | 0       |
|   mac_mulsub_12s_12s_24s_24_1_1_U794  | 1    |        | sub_ln46_684      | sub | dsp_slice | 0       |
|   mac_mulsub_12s_12s_24s_25_1_1_U1047 | 1    |        | mul_ln46_914      | mul | dsp_slice | 0       |
|   mac_mulsub_12s_12s_24s_25_1_1_U1047 | 1    |        | sub_ln46_685      | sub | dsp_slice | 0       |
|   mac_mulsub_12s_12s_25s_25_1_1_U1300 | 1    |        | mul_ln46_915      | mul | dsp_slice | 0       |
|   mac_mulsub_12s_12s_25s_25_1_1_U1300 | 1    |        | sub_ln46_686      | sub | dsp_slice | 0       |
|   add_ln46_228_fu_48276_p2            |      |        | add_ln46_228      | add | fabric    | 0       |
|   mul_12s_12s_24_1_1_U240             | 1    |        | mul_ln46_916      | mul | auto      | 0       |
|   mac_mulsub_12s_12s_24s_24_1_1_U795  | 1    |        | mul_ln46_917      | mul | dsp_slice | 0       |
|   mac_mulsub_12s_12s_24s_24_1_1_U795  | 1    |        | sub_ln46_687      | sub | dsp_slice | 0       |
|   mac_mulsub_12s_12s_24s_25_1_1_U1048 | 1    |        | mul_ln46_918      | mul | dsp_slice | 0       |
|   mac_mulsub_12s_12s_24s_25_1_1_U1048 | 1    |        | sub_ln46_688      | sub | dsp_slice | 0       |
|   mac_mulsub_12s_12s_25s_25_1_1_U1301 | 1    |        | mul_ln46_919      | mul | dsp_slice | 0       |
|   mac_mulsub_12s_12s_25s_25_1_1_U1301 | 1    |        | sub_ln46_689      | sub | dsp_slice | 0       |
|   add_ln46_229_fu_48465_p2            |      |        | add_ln46_229      | add | fabric    | 0       |
|   mul_12s_12s_24_1_1_U241             | 1    |        | mul_ln46_920      | mul | auto      | 0       |
|   mac_mulsub_12s_12s_24s_24_1_1_U796  | 1    |        | mul_ln46_921      | mul | dsp_slice | 0       |
|   mac_mulsub_12s_12s_24s_24_1_1_U796  | 1    |        | sub_ln46_690      | sub | dsp_slice | 0       |
|   mac_mulsub_12s_12s_24s_25_1_1_U1049 | 1    |        | mul_ln46_922      | mul | dsp_slice | 0       |
|   mac_mulsub_12s_12s_24s_25_1_1_U1049 | 1    |        | sub_ln46_691      | sub | dsp_slice | 0       |
|   mac_mulsub_12s_12s_25s_25_1_1_U1302 | 1    |        | mul_ln46_923      | mul | dsp_slice | 0       |
|   mac_mulsub_12s_12s_25s_25_1_1_U1302 | 1    |        | sub_ln46_692      | sub | dsp_slice | 0       |
|   add_ln46_230_fu_48654_p2            |      |        | add_ln46_230      | add | fabric    | 0       |
|   mul_12s_12s_24_1_1_U242             | 1    |        | mul_ln46_924      | mul | auto      | 0       |
|   mac_mulsub_12s_12s_24s_24_1_1_U797  | 1    |        | mul_ln46_925      | mul | dsp_slice | 0       |
|   mac_mulsub_12s_12s_24s_24_1_1_U797  | 1    |        | sub_ln46_693      | sub | dsp_slice | 0       |
|   mac_mulsub_12s_12s_24s_25_1_1_U1050 | 1    |        | mul_ln46_926      | mul | dsp_slice | 0       |
|   mac_mulsub_12s_12s_24s_25_1_1_U1050 | 1    |        | sub_ln46_694      | sub | dsp_slice | 0       |
|   mac_mulsub_12s_12s_25s_25_1_1_U1303 | 1    |        | mul_ln46_927      | mul | dsp_slice | 0       |
|   mac_mulsub_12s_12s_25s_25_1_1_U1303 | 1    |        | sub_ln46_695      | sub | dsp_slice | 0       |
|   add_ln46_231_fu_48843_p2            |      |        | add_ln46_231      | add | fabric    | 0       |
|   mul_12s_12s_24_1_1_U243             | 1    |        | mul_ln46_928      | mul | auto      | 0       |
|   mac_mulsub_12s_12s_24s_24_1_1_U798  | 1    |        | mul_ln46_929      | mul | dsp_slice | 0       |
|   mac_mulsub_12s_12s_24s_24_1_1_U798  | 1    |        | sub_ln46_696      | sub | dsp_slice | 0       |
|   mac_mulsub_12s_12s_24s_25_1_1_U1051 | 1    |        | mul_ln46_930      | mul | dsp_slice | 0       |
|   mac_mulsub_12s_12s_24s_25_1_1_U1051 | 1    |        | sub_ln46_697      | sub | dsp_slice | 0       |
|   mac_mulsub_12s_12s_25s_25_1_1_U1304 | 1    |        | mul_ln46_931      | mul | dsp_slice | 0       |
|   mac_mulsub_12s_12s_25s_25_1_1_U1304 | 1    |        | sub_ln46_698      | sub | dsp_slice | 0       |
|   add_ln46_232_fu_49032_p2            |      |        | add_ln46_232      | add | fabric    | 0       |
|   mul_12s_12s_24_1_1_U244             | 1    |        | mul_ln46_932      | mul | auto      | 0       |
|   mac_mulsub_12s_12s_24s_24_1_1_U799  | 1    |        | mul_ln46_933      | mul | dsp_slice | 0       |
|   mac_mulsub_12s_12s_24s_24_1_1_U799  | 1    |        | sub_ln46_699      | sub | dsp_slice | 0       |
|   mac_mulsub_12s_12s_24s_25_1_1_U1052 | 1    |        | mul_ln46_934      | mul | dsp_slice | 0       |
|   mac_mulsub_12s_12s_24s_25_1_1_U1052 | 1    |        | sub_ln46_700      | sub | dsp_slice | 0       |
|   mac_mulsub_12s_12s_25s_25_1_1_U1305 | 1    |        | mul_ln46_935      | mul | dsp_slice | 0       |
|   mac_mulsub_12s_12s_25s_25_1_1_U1305 | 1    |        | sub_ln46_701      | sub | dsp_slice | 0       |
|   add_ln46_233_fu_49221_p2            |      |        | add_ln46_233      | add | fabric    | 0       |
|   mul_12s_12s_24_1_1_U245             | 1    |        | mul_ln46_936      | mul | auto      | 0       |
|   mac_mulsub_12s_12s_24s_24_1_1_U800  | 1    |        | mul_ln46_937      | mul | dsp_slice | 0       |
|   mac_mulsub_12s_12s_24s_24_1_1_U800  | 1    |        | sub_ln46_702      | sub | dsp_slice | 0       |
|   mac_mulsub_12s_12s_24s_25_1_1_U1053 | 1    |        | mul_ln46_938      | mul | dsp_slice | 0       |
|   mac_mulsub_12s_12s_24s_25_1_1_U1053 | 1    |        | sub_ln46_703      | sub | dsp_slice | 0       |
|   mac_mulsub_12s_12s_25s_25_1_1_U1306 | 1    |        | mul_ln46_939      | mul | dsp_slice | 0       |
|   mac_mulsub_12s_12s_25s_25_1_1_U1306 | 1    |        | sub_ln46_704      | sub | dsp_slice | 0       |
|   add_ln46_234_fu_49410_p2            |      |        | add_ln46_234      | add | fabric    | 0       |
|   mul_12s_12s_24_1_1_U246             | 1    |        | mul_ln46_940      | mul | auto      | 0       |
|   mac_mulsub_12s_12s_24s_24_1_1_U801  | 1    |        | mul_ln46_941      | mul | dsp_slice | 0       |
|   mac_mulsub_12s_12s_24s_24_1_1_U801  | 1    |        | sub_ln46_705      | sub | dsp_slice | 0       |
|   mac_mulsub_12s_12s_24s_25_1_1_U1054 | 1    |        | mul_ln46_942      | mul | dsp_slice | 0       |
|   mac_mulsub_12s_12s_24s_25_1_1_U1054 | 1    |        | sub_ln46_706      | sub | dsp_slice | 0       |
|   mac_mulsub_12s_12s_25s_25_1_1_U1307 | 1    |        | mul_ln46_943      | mul | dsp_slice | 0       |
|   mac_mulsub_12s_12s_25s_25_1_1_U1307 | 1    |        | sub_ln46_707      | sub | dsp_slice | 0       |
|   add_ln46_235_fu_49599_p2            |      |        | add_ln46_235      | add | fabric    | 0       |
|   mul_12s_12s_24_1_1_U247             | 1    |        | mul_ln46_944      | mul | auto      | 0       |
|   mac_mulsub_12s_12s_24s_24_1_1_U802  | 1    |        | mul_ln46_945      | mul | dsp_slice | 0       |
|   mac_mulsub_12s_12s_24s_24_1_1_U802  | 1    |        | sub_ln46_708      | sub | dsp_slice | 0       |
|   mac_mulsub_12s_12s_24s_25_1_1_U1055 | 1    |        | mul_ln46_946      | mul | dsp_slice | 0       |
|   mac_mulsub_12s_12s_24s_25_1_1_U1055 | 1    |        | sub_ln46_709      | sub | dsp_slice | 0       |
|   mac_mulsub_12s_12s_25s_25_1_1_U1308 | 1    |        | mul_ln46_947      | mul | dsp_slice | 0       |
|   mac_mulsub_12s_12s_25s_25_1_1_U1308 | 1    |        | sub_ln46_710      | sub | dsp_slice | 0       |
|   add_ln46_236_fu_49788_p2            |      |        | add_ln46_236      | add | fabric    | 0       |
|   mul_12s_12s_24_1_1_U248             | 1    |        | mul_ln46_948      | mul | auto      | 0       |
|   mac_mulsub_12s_12s_24s_24_1_1_U803  | 1    |        | mul_ln46_949      | mul | dsp_slice | 0       |
|   mac_mulsub_12s_12s_24s_24_1_1_U803  | 1    |        | sub_ln46_711      | sub | dsp_slice | 0       |
|   mac_mulsub_12s_12s_24s_25_1_1_U1056 | 1    |        | mul_ln46_950      | mul | dsp_slice | 0       |
|   mac_mulsub_12s_12s_24s_25_1_1_U1056 | 1    |        | sub_ln46_712      | sub | dsp_slice | 0       |
|   mac_mulsub_12s_12s_25s_25_1_1_U1309 | 1    |        | mul_ln46_951      | mul | dsp_slice | 0       |
|   mac_mulsub_12s_12s_25s_25_1_1_U1309 | 1    |        | sub_ln46_713      | sub | dsp_slice | 0       |
|   add_ln46_237_fu_49977_p2            |      |        | add_ln46_237      | add | fabric    | 0       |
|   mul_12s_12s_24_1_1_U249             | 1    |        | mul_ln46_952      | mul | auto      | 0       |
|   mac_mulsub_12s_12s_24s_24_1_1_U804  | 1    |        | mul_ln46_953      | mul | dsp_slice | 0       |
|   mac_mulsub_12s_12s_24s_24_1_1_U804  | 1    |        | sub_ln46_714      | sub | dsp_slice | 0       |
|   mac_mulsub_12s_12s_24s_25_1_1_U1057 | 1    |        | mul_ln46_954      | mul | dsp_slice | 0       |
|   mac_mulsub_12s_12s_24s_25_1_1_U1057 | 1    |        | sub_ln46_715      | sub | dsp_slice | 0       |
|   mac_mulsub_12s_12s_25s_25_1_1_U1310 | 1    |        | mul_ln46_955      | mul | dsp_slice | 0       |
|   mac_mulsub_12s_12s_25s_25_1_1_U1310 | 1    |        | sub_ln46_716      | sub | dsp_slice | 0       |
|   add_ln46_238_fu_50166_p2            |      |        | add_ln46_238      | add | fabric    | 0       |
|   mul_12s_12s_24_1_1_U250             | 1    |        | mul_ln46_956      | mul | auto      | 0       |
|   mac_mulsub_12s_12s_24s_24_1_1_U805  | 1    |        | mul_ln46_957      | mul | dsp_slice | 0       |
|   mac_mulsub_12s_12s_24s_24_1_1_U805  | 1    |        | sub_ln46_717      | sub | dsp_slice | 0       |
|   mac_mulsub_12s_12s_24s_25_1_1_U1058 | 1    |        | mul_ln46_958      | mul | dsp_slice | 0       |
|   mac_mulsub_12s_12s_24s_25_1_1_U1058 | 1    |        | sub_ln46_718      | sub | dsp_slice | 0       |
|   mac_mulsub_12s_12s_25s_25_1_1_U1311 | 1    |        | mul_ln46_959      | mul | dsp_slice | 0       |
|   mac_mulsub_12s_12s_25s_25_1_1_U1311 | 1    |        | sub_ln46_719      | sub | dsp_slice | 0       |
|   add_ln46_239_fu_50355_p2            |      |        | add_ln46_239      | add | fabric    | 0       |
|   mul_12s_12s_24_1_1_U251             | 1    |        | mul_ln46_960      | mul | auto      | 0       |
|   mac_mulsub_12s_12s_24s_24_1_1_U806  | 1    |        | mul_ln46_961      | mul | dsp_slice | 0       |
|   mac_mulsub_12s_12s_24s_24_1_1_U806  | 1    |        | sub_ln46_720      | sub | dsp_slice | 0       |
|   mac_mulsub_12s_12s_24s_25_1_1_U1059 | 1    |        | mul_ln46_962      | mul | dsp_slice | 0       |
|   mac_mulsub_12s_12s_24s_25_1_1_U1059 | 1    |        | sub_ln46_721      | sub | dsp_slice | 0       |
|   mac_mulsub_12s_12s_25s_25_1_1_U1312 | 1    |        | mul_ln46_963      | mul | dsp_slice | 0       |
|   mac_mulsub_12s_12s_25s_25_1_1_U1312 | 1    |        | sub_ln46_722      | sub | dsp_slice | 0       |
|   add_ln46_240_fu_50544_p2            |      |        | add_ln46_240      | add | fabric    | 0       |
|   mul_12s_12s_24_1_1_U252             | 1    |        | mul_ln46_964      | mul | auto      | 0       |
|   mac_mulsub_12s_12s_24s_24_1_1_U807  | 1    |        | mul_ln46_965      | mul | dsp_slice | 0       |
|   mac_mulsub_12s_12s_24s_24_1_1_U807  | 1    |        | sub_ln46_723      | sub | dsp_slice | 0       |
|   mac_mulsub_12s_12s_24s_25_1_1_U1060 | 1    |        | mul_ln46_966      | mul | dsp_slice | 0       |
|   mac_mulsub_12s_12s_24s_25_1_1_U1060 | 1    |        | sub_ln46_724      | sub | dsp_slice | 0       |
|   mac_mulsub_12s_12s_25s_25_1_1_U1313 | 1    |        | mul_ln46_967      | mul | dsp_slice | 0       |
|   mac_mulsub_12s_12s_25s_25_1_1_U1313 | 1    |        | sub_ln46_725      | sub | dsp_slice | 0       |
|   add_ln46_241_fu_50733_p2            |      |        | add_ln46_241      | add | fabric    | 0       |
|   mul_12s_12s_24_1_1_U253             | 1    |        | mul_ln46_968      | mul | auto      | 0       |
|   mac_mulsub_12s_12s_24s_24_1_1_U808  | 1    |        | mul_ln46_969      | mul | dsp_slice | 0       |
|   mac_mulsub_12s_12s_24s_24_1_1_U808  | 1    |        | sub_ln46_726      | sub | dsp_slice | 0       |
|   mac_mulsub_12s_12s_24s_25_1_1_U1061 | 1    |        | mul_ln46_970      | mul | dsp_slice | 0       |
|   mac_mulsub_12s_12s_24s_25_1_1_U1061 | 1    |        | sub_ln46_727      | sub | dsp_slice | 0       |
|   mac_mulsub_12s_12s_25s_25_1_1_U1314 | 1    |        | mul_ln46_971      | mul | dsp_slice | 0       |
|   mac_mulsub_12s_12s_25s_25_1_1_U1314 | 1    |        | sub_ln46_728      | sub | dsp_slice | 0       |
|   add_ln46_242_fu_50922_p2            |      |        | add_ln46_242      | add | fabric    | 0       |
|   mul_12s_12s_24_1_1_U254             | 1    |        | mul_ln46_972      | mul | auto      | 0       |
|   mac_mulsub_12s_12s_24s_24_1_1_U809  | 1    |        | mul_ln46_973      | mul | dsp_slice | 0       |
|   mac_mulsub_12s_12s_24s_24_1_1_U809  | 1    |        | sub_ln46_729      | sub | dsp_slice | 0       |
|   mac_mulsub_12s_12s_24s_25_1_1_U1062 | 1    |        | mul_ln46_974      | mul | dsp_slice | 0       |
|   mac_mulsub_12s_12s_24s_25_1_1_U1062 | 1    |        | sub_ln46_730      | sub | dsp_slice | 0       |
|   mac_mulsub_12s_12s_25s_25_1_1_U1315 | 1    |        | mul_ln46_975      | mul | dsp_slice | 0       |
|   mac_mulsub_12s_12s_25s_25_1_1_U1315 | 1    |        | sub_ln46_731      | sub | dsp_slice | 0       |
|   add_ln46_243_fu_51111_p2            |      |        | add_ln46_243      | add | fabric    | 0       |
|   mul_12s_12s_24_1_1_U255             | 1    |        | mul_ln46_976      | mul | auto      | 0       |
|   mac_mulsub_12s_12s_24s_24_1_1_U810  | 1    |        | mul_ln46_977      | mul | dsp_slice | 0       |
|   mac_mulsub_12s_12s_24s_24_1_1_U810  | 1    |        | sub_ln46_732      | sub | dsp_slice | 0       |
|   mac_mulsub_12s_12s_24s_25_1_1_U1063 | 1    |        | mul_ln46_978      | mul | dsp_slice | 0       |
|   mac_mulsub_12s_12s_24s_25_1_1_U1063 | 1    |        | sub_ln46_733      | sub | dsp_slice | 0       |
|   mac_mulsub_12s_12s_25s_25_1_1_U1316 | 1    |        | mul_ln46_979      | mul | dsp_slice | 0       |
|   mac_mulsub_12s_12s_25s_25_1_1_U1316 | 1    |        | sub_ln46_734      | sub | dsp_slice | 0       |
|   add_ln46_244_fu_51300_p2            |      |        | add_ln46_244      | add | fabric    | 0       |
|   mul_12s_12s_24_1_1_U256             | 1    |        | mul_ln46_980      | mul | auto      | 0       |
|   mac_mulsub_12s_12s_24s_24_1_1_U811  | 1    |        | mul_ln46_981      | mul | dsp_slice | 0       |
|   mac_mulsub_12s_12s_24s_24_1_1_U811  | 1    |        | sub_ln46_735      | sub | dsp_slice | 0       |
|   mac_mulsub_12s_12s_24s_25_1_1_U1064 | 1    |        | mul_ln46_982      | mul | dsp_slice | 0       |
|   mac_mulsub_12s_12s_24s_25_1_1_U1064 | 1    |        | sub_ln46_736      | sub | dsp_slice | 0       |
|   mac_mulsub_12s_12s_25s_25_1_1_U1317 | 1    |        | mul_ln46_983      | mul | dsp_slice | 0       |
|   mac_mulsub_12s_12s_25s_25_1_1_U1317 | 1    |        | sub_ln46_737      | sub | dsp_slice | 0       |
|   add_ln46_245_fu_51489_p2            |      |        | add_ln46_245      | add | fabric    | 0       |
|   mul_12s_12s_24_1_1_U257             | 1    |        | mul_ln46_984      | mul | auto      | 0       |
|   mac_mulsub_12s_12s_24s_24_1_1_U812  | 1    |        | mul_ln46_985      | mul | dsp_slice | 0       |
|   mac_mulsub_12s_12s_24s_24_1_1_U812  | 1    |        | sub_ln46_738      | sub | dsp_slice | 0       |
|   mac_mulsub_12s_12s_24s_25_1_1_U1065 | 1    |        | mul_ln46_986      | mul | dsp_slice | 0       |
|   mac_mulsub_12s_12s_24s_25_1_1_U1065 | 1    |        | sub_ln46_739      | sub | dsp_slice | 0       |
|   mac_mulsub_12s_12s_25s_25_1_1_U1318 | 1    |        | mul_ln46_987      | mul | dsp_slice | 0       |
|   mac_mulsub_12s_12s_25s_25_1_1_U1318 | 1    |        | sub_ln46_740      | sub | dsp_slice | 0       |
|   add_ln46_246_fu_51678_p2            |      |        | add_ln46_246      | add | fabric    | 0       |
|   mul_12s_12s_24_1_1_U258             | 1    |        | mul_ln46_988      | mul | auto      | 0       |
|   mac_mulsub_12s_12s_24s_24_1_1_U813  | 1    |        | mul_ln46_989      | mul | dsp_slice | 0       |
|   mac_mulsub_12s_12s_24s_24_1_1_U813  | 1    |        | sub_ln46_741      | sub | dsp_slice | 0       |
|   mac_mulsub_12s_12s_24s_25_1_1_U1066 | 1    |        | mul_ln46_990      | mul | dsp_slice | 0       |
|   mac_mulsub_12s_12s_24s_25_1_1_U1066 | 1    |        | sub_ln46_742      | sub | dsp_slice | 0       |
|   mac_mulsub_12s_12s_25s_25_1_1_U1319 | 1    |        | mul_ln46_991      | mul | dsp_slice | 0       |
|   mac_mulsub_12s_12s_25s_25_1_1_U1319 | 1    |        | sub_ln46_743      | sub | dsp_slice | 0       |
|   add_ln46_247_fu_51867_p2            |      |        | add_ln46_247      | add | fabric    | 0       |
|   mul_12s_12s_24_1_1_U259             | 1    |        | mul_ln46_992      | mul | auto      | 0       |
|   mac_mulsub_12s_12s_24s_24_1_1_U814  | 1    |        | mul_ln46_993      | mul | dsp_slice | 0       |
|   mac_mulsub_12s_12s_24s_24_1_1_U814  | 1    |        | sub_ln46_744      | sub | dsp_slice | 0       |
|   mac_mulsub_12s_12s_24s_25_1_1_U1067 | 1    |        | mul_ln46_994      | mul | dsp_slice | 0       |
|   mac_mulsub_12s_12s_24s_25_1_1_U1067 | 1    |        | sub_ln46_745      | sub | dsp_slice | 0       |
|   mac_mulsub_12s_12s_25s_25_1_1_U1320 | 1    |        | mul_ln46_995      | mul | dsp_slice | 0       |
|   mac_mulsub_12s_12s_25s_25_1_1_U1320 | 1    |        | sub_ln46_746      | sub | dsp_slice | 0       |
|   add_ln46_248_fu_52056_p2            |      |        | add_ln46_248      | add | fabric    | 0       |
|   mul_12s_12s_24_1_1_U260             | 1    |        | mul_ln46_996      | mul | auto      | 0       |
|   mac_mulsub_12s_12s_24s_24_1_1_U815  | 1    |        | mul_ln46_997      | mul | dsp_slice | 0       |
|   mac_mulsub_12s_12s_24s_24_1_1_U815  | 1    |        | sub_ln46_747      | sub | dsp_slice | 0       |
|   mac_mulsub_12s_12s_24s_25_1_1_U1068 | 1    |        | mul_ln46_998      | mul | dsp_slice | 0       |
|   mac_mulsub_12s_12s_24s_25_1_1_U1068 | 1    |        | sub_ln46_748      | sub | dsp_slice | 0       |
|   mac_mulsub_12s_12s_25s_25_1_1_U1321 | 1    |        | mul_ln46_999      | mul | dsp_slice | 0       |
|   mac_mulsub_12s_12s_25s_25_1_1_U1321 | 1    |        | sub_ln46_749      | sub | dsp_slice | 0       |
|   add_ln46_249_fu_52245_p2            |      |        | add_ln46_249      | add | fabric    | 0       |
|   mul_12s_12s_24_1_1_U261             | 1    |        | mul_ln46_1000     | mul | auto      | 0       |
|   mac_mulsub_12s_12s_24s_24_1_1_U816  | 1    |        | mul_ln46_1001     | mul | dsp_slice | 0       |
|   mac_mulsub_12s_12s_24s_24_1_1_U816  | 1    |        | sub_ln46_750      | sub | dsp_slice | 0       |
|   mac_mulsub_12s_12s_24s_25_1_1_U1069 | 1    |        | mul_ln46_1002     | mul | dsp_slice | 0       |
|   mac_mulsub_12s_12s_24s_25_1_1_U1069 | 1    |        | sub_ln46_751      | sub | dsp_slice | 0       |
|   mac_mulsub_12s_12s_25s_25_1_1_U1322 | 1    |        | mul_ln46_1003     | mul | dsp_slice | 0       |
|   mac_mulsub_12s_12s_25s_25_1_1_U1322 | 1    |        | sub_ln46_752      | sub | dsp_slice | 0       |
|   add_ln46_250_fu_52434_p2            |      |        | add_ln46_250      | add | fabric    | 0       |
|   mul_12s_12s_24_1_1_U262             | 1    |        | mul_ln46_1004     | mul | auto      | 0       |
|   mac_mulsub_12s_12s_24s_24_1_1_U817  | 1    |        | mul_ln46_1005     | mul | dsp_slice | 0       |
|   mac_mulsub_12s_12s_24s_24_1_1_U817  | 1    |        | sub_ln46_753      | sub | dsp_slice | 0       |
|   mac_mulsub_12s_12s_24s_25_1_1_U1070 | 1    |        | mul_ln46_1006     | mul | dsp_slice | 0       |
|   mac_mulsub_12s_12s_24s_25_1_1_U1070 | 1    |        | sub_ln46_754      | sub | dsp_slice | 0       |
|   mac_mulsub_12s_12s_25s_25_1_1_U1323 | 1    |        | mul_ln46_1007     | mul | dsp_slice | 0       |
|   mac_mulsub_12s_12s_25s_25_1_1_U1323 | 1    |        | sub_ln46_755      | sub | dsp_slice | 0       |
|   add_ln46_251_fu_52623_p2            |      |        | add_ln46_251      | add | fabric    | 0       |
|   mul_12s_12s_24_1_1_U263             | 1    |        | mul_ln46_1008     | mul | auto      | 0       |
|   mac_mulsub_12s_12s_24s_24_1_1_U818  | 1    |        | mul_ln46_1009     | mul | dsp_slice | 0       |
|   mac_mulsub_12s_12s_24s_24_1_1_U818  | 1    |        | sub_ln46_756      | sub | dsp_slice | 0       |
|   mac_mulsub_12s_12s_24s_25_1_1_U1071 | 1    |        | mul_ln46_1010     | mul | dsp_slice | 0       |
|   mac_mulsub_12s_12s_24s_25_1_1_U1071 | 1    |        | sub_ln46_757      | sub | dsp_slice | 0       |
|   mac_mulsub_12s_12s_25s_25_1_1_U1324 | 1    |        | mul_ln46_1011     | mul | dsp_slice | 0       |
|   mac_mulsub_12s_12s_25s_25_1_1_U1324 | 1    |        | sub_ln46_758      | sub | dsp_slice | 0       |
|   add_ln46_252_fu_52812_p2            |      |        | add_ln46_252      | add | fabric    | 0       |
|   mul_5ns_5ns_9_1_1_U290              |      |        | ncount2           | mul | auto      | 0       |
|   add_ln234_fu_63204_p2               |      |        | add_ln234         | add | fabric    | 0       |
|   add_ln234_1_fu_63220_p2             |      |        | add_ln234_1       | add | fabric    | 0       |
|   add_ln234_2_fu_63236_p2             |      |        | add_ln234_2       | add | fabric    | 0       |
|   add_ln234_3_fu_63256_p2             |      |        | add_ln234_3       | add | fabric    | 0       |
|   add_ln234_4_fu_63272_p2             |      |        | add_ln234_4       | add | fabric    | 0       |
|   add_ln234_5_fu_63288_p2             |      |        | add_ln234_5       | add | fabric    | 0       |
|   add_ln234_6_fu_63304_p2             |      |        | add_ln234_6       | add | fabric    | 0       |
|   add_ln234_7_fu_63324_p2             |      |        | add_ln234_7       | add | fabric    | 0       |
|   add_ln234_8_fu_63340_p2             |      |        | add_ln234_8       | add | fabric    | 0       |
|   add_ln234_9_fu_63356_p2             |      |        | add_ln234_9       | add | fabric    | 0       |
|   add_ln234_10_fu_63376_p2            |      |        | add_ln234_10      | add | fabric    | 0       |
|   add_ln234_11_fu_63392_p2            |      |        | add_ln234_11      | add | fabric    | 0       |
|   add_ln234_12_fu_63408_p2            |      |        | add_ln234_12      | add | fabric    | 0       |
|   add_ln234_13_fu_63428_p2            |      |        | add_ln234_13      | add | fabric    | 0       |
|   add_ln234_14_fu_63444_p2            |      |        | add_ln234_14      | add | fabric    | 0       |
|   add_ln234_15_fu_63460_p2            |      |        | add_ln234_15      | add | fabric    | 0       |
|   add_ln234_16_fu_63480_p2            |      |        | add_ln234_16      | add | fabric    | 0       |
|   add_ln234_17_fu_63496_p2            |      |        | add_ln234_17      | add | fabric    | 0       |
|   add_ln234_18_fu_63516_p2            |      |        | add_ln234_18      | add | fabric    | 0       |
|   add_ln234_19_fu_63532_p2            |      |        | add_ln234_19      | add | fabric    | 0       |
|   add_ln234_20_fu_63548_p2            |      |        | add_ln234_20      | add | fabric    | 0       |
|   add_ln234_21_fu_63564_p2            |      |        | add_ln234_21      | add | fabric    | 0       |
|   add_ln234_22_fu_66084_p2            |      |        | add_ln234_22      | add | fabric    | 0       |
|   add_ln234_23_fu_66094_p2            |      |        | add_ln234_23      | add | fabric    | 0       |
|   add_ln234_24_fu_66104_p2            |      |        | add_ln234_24      | add | fabric    | 0       |
|   add_ln234_25_fu_66114_p2            |      |        | add_ln234_25      | add | fabric    | 0       |
|   add_ln234_26_fu_66124_p2            |      |        | add_ln234_26      | add | fabric    | 0       |
|   add_ln234_27_fu_66134_p2            |      |        | add_ln234_27      | add | fabric    | 0       |
|   add_ln234_28_fu_66144_p2            |      |        | add_ln234_28      | add | fabric    | 0       |
|   add_ln234_29_fu_66154_p2            |      |        | add_ln234_29      | add | fabric    | 0       |
|   add_ln234_30_fu_66164_p2            |      |        | add_ln234_30      | add | fabric    | 0       |
|   add_ln234_31_fu_66174_p2            |      |        | add_ln234_31      | add | fabric    | 0       |
|   add_ln234_32_fu_66184_p2            |      |        | add_ln234_32      | add | fabric    | 0       |
|   add_ln234_33_fu_66194_p2            |      |        | add_ln234_33      | add | fabric    | 0       |
|   add_ln234_34_fu_66204_p2            |      |        | add_ln234_34      | add | fabric    | 0       |
|   add_ln234_35_fu_66214_p2            |      |        | add_ln234_35      | add | fabric    | 0       |
|   add_ln234_36_fu_66224_p2            |      |        | add_ln234_36      | add | fabric    | 0       |
|   add_ln234_37_fu_66234_p2            |      |        | add_ln234_37      | add | fabric    | 0       |
|   add_ln234_38_fu_66244_p2            |      |        | add_ln234_38      | add | fabric    | 0       |
|   add_ln234_39_fu_66254_p2            |      |        | add_ln234_39      | add | fabric    | 0       |
|   add_ln234_40_fu_66264_p2            |      |        | add_ln234_40      | add | fabric    | 0       |
|   add_ln234_41_fu_66274_p2            |      |        | add_ln234_41      | add | fabric    | 0       |
|   add_ln234_42_fu_66280_p2            |      |        | add_ln234_42      | add | fabric    | 0       |
|   add_ln234_43_fu_66290_p2            |      |        | add_ln234_43      | add | fabric    | 0       |
|   add_ln234_44_fu_66300_p2            |      |        | add_ln234_44      | add | fabric    | 0       |
|   add_ln234_45_fu_66310_p2            |      |        | add_ln234_45      | add | fabric    | 0       |
|   add_ln234_46_fu_66320_p2            |      |        | add_ln234_46      | add | fabric    | 0       |
|   add_ln234_47_fu_66330_p2            |      |        | add_ln234_47      | add | fabric    | 0       |
|   add_ln234_48_fu_66340_p2            |      |        | add_ln234_48      | add | fabric    | 0       |
|   add_ln234_49_fu_66350_p2            |      |        | add_ln234_49      | add | fabric    | 0       |
|   add_ln234_50_fu_66360_p2            |      |        | add_ln234_50      | add | fabric    | 0       |
|   add_ln234_51_fu_66370_p2            |      |        | add_ln234_51      | add | fabric    | 0       |
|   add_ln234_52_fu_66380_p2            |      |        | add_ln234_52      | add | fabric    | 0       |
|   add_ln234_53_fu_66390_p2            |      |        | add_ln234_53      | add | fabric    | 0       |
|   add_ln234_54_fu_66400_p2            |      |        | add_ln234_54      | add | fabric    | 0       |
|   add_ln234_55_fu_66410_p2            |      |        | add_ln234_55      | add | fabric    | 0       |
|   add_ln234_56_fu_66420_p2            |      |        | add_ln234_56      | add | fabric    | 0       |
|   add_ln234_57_fu_66430_p2            |      |        | add_ln234_57      | add | fabric    | 0       |
|   add_ln234_58_fu_66440_p2            |      |        | add_ln234_58      | add | fabric    | 0       |
|   add_ln234_59_fu_66450_p2            |      |        | add_ln234_59      | add | fabric    | 0       |
|   add_ln234_60_fu_66460_p2            |      |        | add_ln234_60      | add | fabric    | 0       |
|   add_ln234_61_fu_66470_p2            |      |        | add_ln234_61      | add | fabric    | 0       |
|   add_ln234_62_fu_66476_p2            |      |        | add_ln234_62      | add | fabric    | 0       |
|   add_ln234_63_fu_66486_p2            |      |        | add_ln234_63      | add | fabric    | 0       |
|   add_ln234_64_fu_66496_p2            |      |        | add_ln234_64      | add | fabric    | 0       |
|   add_ln234_65_fu_66506_p2            |      |        | add_ln234_65      | add | fabric    | 0       |
|   add_ln234_66_fu_66516_p2            |      |        | add_ln234_66      | add | fabric    | 0       |
|   add_ln234_67_fu_66526_p2            |      |        | add_ln234_67      | add | fabric    | 0       |
|   add_ln234_68_fu_66536_p2            |      |        | add_ln234_68      | add | fabric    | 0       |
|   add_ln234_69_fu_66546_p2            |      |        | add_ln234_69      | add | fabric    | 0       |
|   add_ln234_70_fu_66556_p2            |      |        | add_ln234_70      | add | fabric    | 0       |
|   add_ln234_71_fu_66566_p2            |      |        | add_ln234_71      | add | fabric    | 0       |
|   add_ln234_72_fu_66576_p2            |      |        | add_ln234_72      | add | fabric    | 0       |
|   add_ln234_73_fu_66586_p2            |      |        | add_ln234_73      | add | fabric    | 0       |
|   add_ln234_74_fu_66596_p2            |      |        | add_ln234_74      | add | fabric    | 0       |
|   add_ln234_75_fu_66606_p2            |      |        | add_ln234_75      | add | fabric    | 0       |
|   add_ln234_76_fu_66616_p2            |      |        | add_ln234_76      | add | fabric    | 0       |
|   add_ln234_77_fu_66626_p2            |      |        | add_ln234_77      | add | fabric    | 0       |
|   add_ln234_78_fu_66636_p2            |      |        | add_ln234_78      | add | fabric    | 0       |
|   add_ln234_79_fu_66646_p2            |      |        | add_ln234_79      | add | fabric    | 0       |
|   add_ln234_80_fu_66656_p2            |      |        | add_ln234_80      | add | fabric    | 0       |
|   add_ln234_81_fu_66666_p2            |      |        | add_ln234_81      | add | fabric    | 0       |
|   add_ln234_82_fu_66672_p2            |      |        | add_ln234_82      | add | fabric    | 0       |
|   add_ln234_83_fu_66682_p2            |      |        | add_ln234_83      | add | fabric    | 0       |
|   add_ln234_84_fu_66692_p2            |      |        | add_ln234_84      | add | fabric    | 0       |
|   add_ln234_85_fu_66702_p2            |      |        | add_ln234_85      | add | fabric    | 0       |
|   add_ln234_86_fu_66712_p2            |      |        | add_ln234_86      | add | fabric    | 0       |
|   add_ln234_87_fu_66722_p2            |      |        | add_ln234_87      | add | fabric    | 0       |
|   add_ln234_88_fu_66732_p2            |      |        | add_ln234_88      | add | fabric    | 0       |
|   add_ln234_89_fu_66742_p2            |      |        | add_ln234_89      | add | fabric    | 0       |
|   add_ln234_90_fu_66752_p2            |      |        | add_ln234_90      | add | fabric    | 0       |
|   add_ln234_91_fu_66762_p2            |      |        | add_ln234_91      | add | fabric    | 0       |
|   add_ln234_92_fu_66772_p2            |      |        | add_ln234_92      | add | fabric    | 0       |
|   add_ln234_93_fu_66782_p2            |      |        | add_ln234_93      | add | fabric    | 0       |
|   add_ln234_94_fu_66792_p2            |      |        | add_ln234_94      | add | fabric    | 0       |
|   add_ln234_95_fu_66802_p2            |      |        | add_ln234_95      | add | fabric    | 0       |
|   add_ln234_96_fu_66812_p2            |      |        | add_ln234_96      | add | fabric    | 0       |
|   add_ln234_97_fu_66822_p2            |      |        | add_ln234_97      | add | fabric    | 0       |
|   add_ln234_98_fu_66832_p2            |      |        | add_ln234_98      | add | fabric    | 0       |
|   add_ln234_99_fu_66842_p2            |      |        | add_ln234_99      | add | fabric    | 0       |
|   add_ln234_100_fu_66852_p2           |      |        | add_ln234_100     | add | fabric    | 0       |
|   add_ln234_101_fu_66862_p2           |      |        | add_ln234_101     | add | fabric    | 0       |
|   add_ln234_102_fu_66868_p2           |      |        | add_ln234_102     | add | fabric    | 0       |
|   add_ln234_103_fu_66878_p2           |      |        | add_ln234_103     | add | fabric    | 0       |
|   add_ln234_104_fu_66888_p2           |      |        | add_ln234_104     | add | fabric    | 0       |
|   add_ln234_105_fu_66898_p2           |      |        | add_ln234_105     | add | fabric    | 0       |
|   add_ln234_106_fu_66908_p2           |      |        | add_ln234_106     | add | fabric    | 0       |
|   add_ln234_107_fu_66918_p2           |      |        | add_ln234_107     | add | fabric    | 0       |
|   add_ln234_108_fu_66928_p2           |      |        | add_ln234_108     | add | fabric    | 0       |
|   add_ln234_109_fu_66938_p2           |      |        | add_ln234_109     | add | fabric    | 0       |
|   add_ln234_110_fu_66948_p2           |      |        | add_ln234_110     | add | fabric    | 0       |
|   add_ln234_111_fu_66958_p2           |      |        | add_ln234_111     | add | fabric    | 0       |
|   add_ln234_112_fu_66968_p2           |      |        | add_ln234_112     | add | fabric    | 0       |
|   add_ln234_113_fu_66978_p2           |      |        | add_ln234_113     | add | fabric    | 0       |
|   add_ln234_114_fu_66988_p2           |      |        | add_ln234_114     | add | fabric    | 0       |
|   add_ln234_115_fu_66998_p2           |      |        | add_ln234_115     | add | fabric    | 0       |
|   add_ln234_116_fu_67008_p2           |      |        | add_ln234_116     | add | fabric    | 0       |
|   add_ln234_117_fu_67018_p2           |      |        | add_ln234_117     | add | fabric    | 0       |
|   add_ln234_118_fu_67028_p2           |      |        | add_ln234_118     | add | fabric    | 0       |
|   add_ln234_119_fu_67038_p2           |      |        | add_ln234_119     | add | fabric    | 0       |
|   add_ln234_120_fu_67048_p2           |      |        | add_ln234_120     | add | fabric    | 0       |
|   add_ln234_121_fu_67058_p2           |      |        | add_ln234_121     | add | fabric    | 0       |
|   add_ln234_122_fu_67064_p2           |      |        | add_ln234_122     | add | fabric    | 0       |
|   add_ln234_123_fu_67074_p2           |      |        | add_ln234_123     | add | fabric    | 0       |
|   add_ln234_124_fu_67084_p2           |      |        | add_ln234_124     | add | fabric    | 0       |
|   add_ln234_125_fu_67094_p2           |      |        | add_ln234_125     | add | fabric    | 0       |
|   add_ln234_126_fu_67104_p2           |      |        | add_ln234_126     | add | fabric    | 0       |
|   add_ln234_127_fu_67114_p2           |      |        | add_ln234_127     | add | fabric    | 0       |
|   add_ln234_128_fu_67124_p2           |      |        | add_ln234_128     | add | fabric    | 0       |
|   add_ln234_129_fu_67134_p2           |      |        | add_ln234_129     | add | fabric    | 0       |
|   add_ln234_130_fu_67144_p2           |      |        | add_ln234_130     | add | fabric    | 0       |
|   add_ln234_131_fu_67154_p2           |      |        | add_ln234_131     | add | fabric    | 0       |
|   add_ln234_132_fu_67164_p2           |      |        | add_ln234_132     | add | fabric    | 0       |
|   add_ln234_133_fu_67174_p2           |      |        | add_ln234_133     | add | fabric    | 0       |
|   add_ln234_134_fu_67184_p2           |      |        | add_ln234_134     | add | fabric    | 0       |
|   add_ln234_135_fu_67194_p2           |      |        | add_ln234_135     | add | fabric    | 0       |
|   add_ln234_136_fu_67204_p2           |      |        | add_ln234_136     | add | fabric    | 0       |
|   add_ln234_137_fu_67214_p2           |      |        | add_ln234_137     | add | fabric    | 0       |
|   add_ln234_138_fu_67224_p2           |      |        | add_ln234_138     | add | fabric    | 0       |
|   add_ln234_139_fu_67234_p2           |      |        | add_ln234_139     | add | fabric    | 0       |
|   add_ln234_140_fu_67244_p2           |      |        | add_ln234_140     | add | fabric    | 0       |
|   add_ln234_141_fu_67254_p2           |      |        | add_ln234_141     | add | fabric    | 0       |
|   add_ln234_142_fu_67260_p2           |      |        | add_ln234_142     | add | fabric    | 0       |
|   add_ln234_143_fu_67270_p2           |      |        | add_ln234_143     | add | fabric    | 0       |
|   add_ln234_144_fu_67280_p2           |      |        | add_ln234_144     | add | fabric    | 0       |
|   add_ln234_145_fu_67290_p2           |      |        | add_ln234_145     | add | fabric    | 0       |
|   add_ln234_146_fu_67300_p2           |      |        | add_ln234_146     | add | fabric    | 0       |
|   add_ln234_147_fu_67310_p2           |      |        | add_ln234_147     | add | fabric    | 0       |
|   add_ln234_148_fu_67320_p2           |      |        | add_ln234_148     | add | fabric    | 0       |
|   add_ln234_149_fu_67330_p2           |      |        | add_ln234_149     | add | fabric    | 0       |
|   add_ln234_150_fu_67340_p2           |      |        | add_ln234_150     | add | fabric    | 0       |
|   add_ln234_151_fu_67350_p2           |      |        | add_ln234_151     | add | fabric    | 0       |
|   add_ln234_152_fu_67360_p2           |      |        | add_ln234_152     | add | fabric    | 0       |
|   add_ln234_153_fu_67370_p2           |      |        | add_ln234_153     | add | fabric    | 0       |
|   add_ln234_154_fu_67380_p2           |      |        | add_ln234_154     | add | fabric    | 0       |
|   add_ln234_155_fu_67390_p2           |      |        | add_ln234_155     | add | fabric    | 0       |
|   add_ln234_156_fu_67400_p2           |      |        | add_ln234_156     | add | fabric    | 0       |
|   add_ln234_157_fu_67410_p2           |      |        | add_ln234_157     | add | fabric    | 0       |
|   add_ln234_158_fu_67420_p2           |      |        | add_ln234_158     | add | fabric    | 0       |
|   add_ln234_159_fu_67430_p2           |      |        | add_ln234_159     | add | fabric    | 0       |
|   add_ln234_160_fu_67440_p2           |      |        | add_ln234_160     | add | fabric    | 0       |
|   add_ln234_161_fu_67450_p2           |      |        | add_ln234_161     | add | fabric    | 0       |
|   add_ln234_162_fu_67456_p2           |      |        | add_ln234_162     | add | fabric    | 0       |
|   add_ln234_163_fu_67466_p2           |      |        | add_ln234_163     | add | fabric    | 0       |
|   add_ln234_164_fu_67476_p2           |      |        | add_ln234_164     | add | fabric    | 0       |
|   add_ln234_165_fu_67486_p2           |      |        | add_ln234_165     | add | fabric    | 0       |
|   add_ln234_166_fu_67496_p2           |      |        | add_ln234_166     | add | fabric    | 0       |
|   add_ln234_167_fu_67506_p2           |      |        | add_ln234_167     | add | fabric    | 0       |
|   add_ln234_168_fu_67516_p2           |      |        | add_ln234_168     | add | fabric    | 0       |
|   add_ln234_169_fu_67526_p2           |      |        | add_ln234_169     | add | fabric    | 0       |
|   add_ln234_170_fu_67536_p2           |      |        | add_ln234_170     | add | fabric    | 0       |
|   add_ln234_171_fu_67546_p2           |      |        | add_ln234_171     | add | fabric    | 0       |
|   add_ln234_172_fu_67556_p2           |      |        | add_ln234_172     | add | fabric    | 0       |
|   add_ln234_173_fu_67566_p2           |      |        | add_ln234_173     | add | fabric    | 0       |
|   add_ln234_174_fu_67576_p2           |      |        | add_ln234_174     | add | fabric    | 0       |
|   add_ln234_175_fu_67586_p2           |      |        | add_ln234_175     | add | fabric    | 0       |
|   add_ln234_176_fu_67596_p2           |      |        | add_ln234_176     | add | fabric    | 0       |
|   add_ln234_177_fu_67606_p2           |      |        | add_ln234_177     | add | fabric    | 0       |
|   add_ln234_178_fu_67616_p2           |      |        | add_ln234_178     | add | fabric    | 0       |
|   add_ln234_179_fu_67626_p2           |      |        | add_ln234_179     | add | fabric    | 0       |
|   add_ln234_180_fu_67636_p2           |      |        | add_ln234_180     | add | fabric    | 0       |
|   add_ln234_181_fu_67646_p2           |      |        | add_ln234_181     | add | fabric    | 0       |
|   add_ln234_182_fu_67652_p2           |      |        | add_ln234_182     | add | fabric    | 0       |
|   add_ln234_183_fu_67662_p2           |      |        | add_ln234_183     | add | fabric    | 0       |
|   add_ln234_184_fu_67672_p2           |      |        | add_ln234_184     | add | fabric    | 0       |
|   add_ln234_185_fu_67682_p2           |      |        | add_ln234_185     | add | fabric    | 0       |
|   add_ln234_186_fu_67692_p2           |      |        | add_ln234_186     | add | fabric    | 0       |
|   add_ln234_187_fu_67702_p2           |      |        | add_ln234_187     | add | fabric    | 0       |
|   add_ln234_188_fu_67712_p2           |      |        | add_ln234_188     | add | fabric    | 0       |
|   add_ln234_189_fu_67722_p2           |      |        | add_ln234_189     | add | fabric    | 0       |
|   add_ln234_190_fu_67732_p2           |      |        | add_ln234_190     | add | fabric    | 0       |
|   add_ln234_191_fu_67742_p2           |      |        | add_ln234_191     | add | fabric    | 0       |
|   add_ln234_192_fu_67752_p2           |      |        | add_ln234_192     | add | fabric    | 0       |
|   add_ln234_193_fu_67762_p2           |      |        | add_ln234_193     | add | fabric    | 0       |
|   add_ln234_194_fu_67772_p2           |      |        | add_ln234_194     | add | fabric    | 0       |
|   add_ln234_195_fu_67782_p2           |      |        | add_ln234_195     | add | fabric    | 0       |
|   add_ln234_196_fu_67792_p2           |      |        | add_ln234_196     | add | fabric    | 0       |
|   add_ln234_197_fu_67802_p2           |      |        | add_ln234_197     | add | fabric    | 0       |
|   add_ln234_198_fu_67812_p2           |      |        | add_ln234_198     | add | fabric    | 0       |
|   add_ln234_199_fu_67822_p2           |      |        | add_ln234_199     | add | fabric    | 0       |
|   add_ln234_200_fu_67832_p2           |      |        | add_ln234_200     | add | fabric    | 0       |
|   add_ln234_201_fu_67842_p2           |      |        | add_ln234_201     | add | fabric    | 0       |
|   add_ln234_202_fu_67848_p2           |      |        | add_ln234_202     | add | fabric    | 0       |
|   add_ln234_203_fu_67858_p2           |      |        | add_ln234_203     | add | fabric    | 0       |
|   add_ln234_204_fu_67868_p2           |      |        | add_ln234_204     | add | fabric    | 0       |
|   add_ln234_205_fu_67878_p2           |      |        | add_ln234_205     | add | fabric    | 0       |
|   add_ln234_206_fu_67888_p2           |      |        | add_ln234_206     | add | fabric    | 0       |
|   add_ln234_207_fu_67898_p2           |      |        | add_ln234_207     | add | fabric    | 0       |
|   add_ln234_208_fu_67908_p2           |      |        | add_ln234_208     | add | fabric    | 0       |
|   add_ln234_209_fu_67918_p2           |      |        | add_ln234_209     | add | fabric    | 0       |
|   add_ln234_210_fu_67928_p2           |      |        | add_ln234_210     | add | fabric    | 0       |
|   add_ln234_211_fu_67938_p2           |      |        | add_ln234_211     | add | fabric    | 0       |
|   add_ln234_212_fu_67948_p2           |      |        | add_ln234_212     | add | fabric    | 0       |
|   add_ln234_213_fu_67958_p2           |      |        | add_ln234_213     | add | fabric    | 0       |
|   add_ln234_214_fu_67968_p2           |      |        | add_ln234_214     | add | fabric    | 0       |
|   add_ln234_215_fu_67978_p2           |      |        | add_ln234_215     | add | fabric    | 0       |
|   add_ln234_216_fu_67988_p2           |      |        | add_ln234_216     | add | fabric    | 0       |
|   add_ln234_217_fu_67998_p2           |      |        | add_ln234_217     | add | fabric    | 0       |
|   add_ln234_218_fu_68008_p2           |      |        | add_ln234_218     | add | fabric    | 0       |
|   add_ln234_219_fu_68018_p2           |      |        | add_ln234_219     | add | fabric    | 0       |
|   add_ln234_220_fu_68028_p2           |      |        | add_ln234_220     | add | fabric    | 0       |
|   add_ln234_221_fu_68038_p2           |      |        | add_ln234_221     | add | fabric    | 0       |
|   add_ln234_222_fu_68044_p2           |      |        | add_ln234_222     | add | fabric    | 0       |
|   add_ln234_223_fu_68054_p2           |      |        | add_ln234_223     | add | fabric    | 0       |
|   add_ln234_224_fu_68064_p2           |      |        | add_ln234_224     | add | fabric    | 0       |
|   add_ln234_225_fu_68074_p2           |      |        | add_ln234_225     | add | fabric    | 0       |
|   add_ln234_226_fu_68084_p2           |      |        | add_ln234_226     | add | fabric    | 0       |
|   add_ln234_227_fu_68094_p2           |      |        | add_ln234_227     | add | fabric    | 0       |
|   add_ln234_228_fu_68104_p2           |      |        | add_ln234_228     | add | fabric    | 0       |
|   add_ln234_229_fu_68114_p2           |      |        | add_ln234_229     | add | fabric    | 0       |
|   add_ln234_230_fu_68124_p2           |      |        | add_ln234_230     | add | fabric    | 0       |
|   add_ln234_231_fu_68134_p2           |      |        | add_ln234_231     | add | fabric    | 0       |
|   add_ln234_232_fu_68144_p2           |      |        | add_ln234_232     | add | fabric    | 0       |
|   add_ln234_233_fu_68154_p2           |      |        | add_ln234_233     | add | fabric    | 0       |
|   add_ln234_234_fu_68164_p2           |      |        | add_ln234_234     | add | fabric    | 0       |
|   add_ln234_235_fu_68174_p2           |      |        | add_ln234_235     | add | fabric    | 0       |
|   add_ln234_236_fu_68184_p2           |      |        | add_ln234_236     | add | fabric    | 0       |
|   add_ln234_237_fu_68194_p2           |      |        | add_ln234_237     | add | fabric    | 0       |
|   add_ln234_238_fu_68204_p2           |      |        | add_ln234_238     | add | fabric    | 0       |
|   add_ln234_239_fu_68214_p2           |      |        | add_ln234_239     | add | fabric    | 0       |
|   add_ln234_240_fu_68224_p2           |      |        | add_ln234_240     | add | fabric    | 0       |
|   add_ln234_241_fu_68234_p2           |      |        | add_ln234_241     | add | fabric    | 0       |
|   add_ln234_242_fu_68240_p2           |      |        | add_ln234_242     | add | fabric    | 0       |
|   add_ln234_243_fu_68250_p2           |      |        | add_ln234_243     | add | fabric    | 0       |
|   add_ln234_244_fu_68260_p2           |      |        | add_ln234_244     | add | fabric    | 0       |
|   add_ln234_245_fu_68270_p2           |      |        | add_ln234_245     | add | fabric    | 0       |
|   add_ln234_246_fu_68280_p2           |      |        | add_ln234_246     | add | fabric    | 0       |
|   add_ln234_247_fu_68290_p2           |      |        | add_ln234_247     | add | fabric    | 0       |
|   add_ln234_248_fu_68300_p2           |      |        | add_ln234_248     | add | fabric    | 0       |
|   add_ln234_249_fu_68310_p2           |      |        | add_ln234_249     | add | fabric    | 0       |
|   add_ln234_250_fu_68320_p2           |      |        | add_ln234_250     | add | fabric    | 0       |
|   add_ln234_251_fu_68330_p2           |      |        | add_ln234_251     | add | fabric    | 0       |
|   add_ln234_252_fu_68340_p2           |      |        | add_ln234_252     | add | fabric    | 0       |
|   add_ln234_253_fu_68350_p2           |      |        | add_ln234_253     | add | fabric    | 0       |
|   add_ln234_254_fu_68360_p2           |      |        | add_ln234_254     | add | fabric    | 0       |
|   add_ln234_255_fu_68370_p2           |      |        | add_ln234_255     | add | fabric    | 0       |
|   add_ln234_256_fu_68380_p2           |      |        | add_ln234_256     | add | fabric    | 0       |
|   add_ln234_257_fu_68390_p2           |      |        | add_ln234_257     | add | fabric    | 0       |
|   add_ln234_258_fu_68400_p2           |      |        | add_ln234_258     | add | fabric    | 0       |
|   add_ln234_259_fu_68410_p2           |      |        | add_ln234_259     | add | fabric    | 0       |
|   add_ln234_260_fu_68420_p2           |      |        | add_ln234_260     | add | fabric    | 0       |
|   add_ln234_261_fu_68430_p2           |      |        | add_ln234_261     | add | fabric    | 0       |
|   add_ln234_262_fu_68436_p2           |      |        | add_ln234_262     | add | fabric    | 0       |
|   add_ln234_263_fu_68446_p2           |      |        | add_ln234_263     | add | fabric    | 0       |
|   add_ln234_264_fu_68456_p2           |      |        | add_ln234_264     | add | fabric    | 0       |
|   add_ln234_265_fu_68466_p2           |      |        | add_ln234_265     | add | fabric    | 0       |
|   add_ln234_266_fu_68476_p2           |      |        | add_ln234_266     | add | fabric    | 0       |
|   add_ln234_267_fu_68486_p2           |      |        | add_ln234_267     | add | fabric    | 0       |
|   add_ln234_268_fu_68496_p2           |      |        | add_ln234_268     | add | fabric    | 0       |
|   add_ln234_269_fu_68506_p2           |      |        | add_ln234_269     | add | fabric    | 0       |
|   add_ln234_270_fu_68516_p2           |      |        | add_ln234_270     | add | fabric    | 0       |
|   add_ln234_271_fu_68526_p2           |      |        | add_ln234_271     | add | fabric    | 0       |
|   add_ln234_272_fu_68536_p2           |      |        | add_ln234_272     | add | fabric    | 0       |
|   add_ln234_273_fu_68546_p2           |      |        | add_ln234_273     | add | fabric    | 0       |
|   add_ln234_274_fu_68556_p2           |      |        | add_ln234_274     | add | fabric    | 0       |
|   add_ln234_275_fu_68566_p2           |      |        | add_ln234_275     | add | fabric    | 0       |
|   add_ln234_276_fu_68576_p2           |      |        | add_ln234_276     | add | fabric    | 0       |
|   add_ln234_277_fu_68586_p2           |      |        | add_ln234_277     | add | fabric    | 0       |
|   add_ln234_278_fu_68596_p2           |      |        | add_ln234_278     | add | fabric    | 0       |
|   add_ln234_279_fu_68606_p2           |      |        | add_ln234_279     | add | fabric    | 0       |
|   add_ln234_280_fu_68616_p2           |      |        | add_ln234_280     | add | fabric    | 0       |
|   add_ln234_281_fu_68626_p2           |      |        | add_ln234_281     | add | fabric    | 0       |
|   add_ln234_282_fu_68632_p2           |      |        | add_ln234_282     | add | fabric    | 0       |
|   add_ln234_283_fu_68642_p2           |      |        | add_ln234_283     | add | fabric    | 0       |
|   add_ln234_284_fu_68652_p2           |      |        | add_ln234_284     | add | fabric    | 0       |
|   add_ln234_285_fu_68662_p2           |      |        | add_ln234_285     | add | fabric    | 0       |
|   add_ln234_286_fu_68672_p2           |      |        | add_ln234_286     | add | fabric    | 0       |
|   add_ln234_287_fu_68682_p2           |      |        | add_ln234_287     | add | fabric    | 0       |
|   add_ln234_288_fu_68692_p2           |      |        | add_ln234_288     | add | fabric    | 0       |
|   add_ln234_289_fu_68702_p2           |      |        | add_ln234_289     | add | fabric    | 0       |
|   add_ln234_290_fu_68712_p2           |      |        | add_ln234_290     | add | fabric    | 0       |
|   add_ln234_291_fu_68722_p2           |      |        | add_ln234_291     | add | fabric    | 0       |
|   add_ln234_292_fu_68732_p2           |      |        | add_ln234_292     | add | fabric    | 0       |
|   add_ln234_293_fu_68742_p2           |      |        | add_ln234_293     | add | fabric    | 0       |
|   add_ln234_294_fu_68752_p2           |      |        | add_ln234_294     | add | fabric    | 0       |
|   add_ln234_295_fu_68762_p2           |      |        | add_ln234_295     | add | fabric    | 0       |
|   add_ln234_296_fu_68772_p2           |      |        | add_ln234_296     | add | fabric    | 0       |
|   add_ln234_297_fu_68782_p2           |      |        | add_ln234_297     | add | fabric    | 0       |
|   add_ln234_298_fu_68792_p2           |      |        | add_ln234_298     | add | fabric    | 0       |
|   add_ln234_299_fu_68802_p2           |      |        | add_ln234_299     | add | fabric    | 0       |
|   add_ln234_300_fu_68812_p2           |      |        | add_ln234_300     | add | fabric    | 0       |
|   add_ln234_301_fu_68822_p2           |      |        | add_ln234_301     | add | fabric    | 0       |
|   add_ln234_302_fu_68828_p2           |      |        | add_ln234_302     | add | fabric    | 0       |
|   add_ln234_303_fu_68838_p2           |      |        | add_ln234_303     | add | fabric    | 0       |
|   add_ln234_304_fu_68848_p2           |      |        | add_ln234_304     | add | fabric    | 0       |
|   add_ln234_305_fu_68858_p2           |      |        | add_ln234_305     | add | fabric    | 0       |
|   add_ln234_306_fu_68868_p2           |      |        | add_ln234_306     | add | fabric    | 0       |
|   add_ln234_307_fu_68878_p2           |      |        | add_ln234_307     | add | fabric    | 0       |
|   add_ln234_308_fu_68888_p2           |      |        | add_ln234_308     | add | fabric    | 0       |
|   add_ln234_309_fu_68898_p2           |      |        | add_ln234_309     | add | fabric    | 0       |
|   add_ln234_310_fu_68908_p2           |      |        | add_ln234_310     | add | fabric    | 0       |
|   add_ln234_311_fu_68918_p2           |      |        | add_ln234_311     | add | fabric    | 0       |
|   add_ln234_312_fu_68928_p2           |      |        | add_ln234_312     | add | fabric    | 0       |
|   add_ln234_313_fu_68938_p2           |      |        | add_ln234_313     | add | fabric    | 0       |
|   add_ln234_314_fu_68948_p2           |      |        | add_ln234_314     | add | fabric    | 0       |
|   add_ln234_315_fu_68958_p2           |      |        | add_ln234_315     | add | fabric    | 0       |
|   add_ln234_316_fu_68968_p2           |      |        | add_ln234_316     | add | fabric    | 0       |
|   add_ln234_317_fu_68978_p2           |      |        | add_ln234_317     | add | fabric    | 0       |
|   add_ln234_318_fu_68988_p2           |      |        | add_ln234_318     | add | fabric    | 0       |
|   add_ln234_319_fu_68998_p2           |      |        | add_ln234_319     | add | fabric    | 0       |
|   add_ln234_320_fu_69008_p2           |      |        | add_ln234_320     | add | fabric    | 0       |
|   add_ln234_321_fu_69018_p2           |      |        | add_ln234_321     | add | fabric    | 0       |
|   add_ln234_322_fu_69024_p2           |      |        | add_ln234_322     | add | fabric    | 0       |
|   add_ln234_323_fu_69034_p2           |      |        | add_ln234_323     | add | fabric    | 0       |
|   add_ln234_324_fu_69044_p2           |      |        | add_ln234_324     | add | fabric    | 0       |
|   add_ln234_325_fu_69054_p2           |      |        | add_ln234_325     | add | fabric    | 0       |
|   add_ln234_326_fu_69064_p2           |      |        | add_ln234_326     | add | fabric    | 0       |
|   add_ln234_327_fu_69074_p2           |      |        | add_ln234_327     | add | fabric    | 0       |
|   add_ln234_328_fu_69084_p2           |      |        | add_ln234_328     | add | fabric    | 0       |
|   add_ln234_329_fu_69094_p2           |      |        | add_ln234_329     | add | fabric    | 0       |
|   add_ln234_330_fu_69104_p2           |      |        | add_ln234_330     | add | fabric    | 0       |
|   add_ln234_331_fu_69114_p2           |      |        | add_ln234_331     | add | fabric    | 0       |
|   add_ln234_332_fu_69124_p2           |      |        | add_ln234_332     | add | fabric    | 0       |
|   add_ln234_333_fu_69134_p2           |      |        | add_ln234_333     | add | fabric    | 0       |
|   add_ln234_334_fu_69144_p2           |      |        | add_ln234_334     | add | fabric    | 0       |
|   add_ln234_335_fu_69154_p2           |      |        | add_ln234_335     | add | fabric    | 0       |
|   add_ln234_336_fu_69164_p2           |      |        | add_ln234_336     | add | fabric    | 0       |
|   add_ln234_337_fu_69174_p2           |      |        | add_ln234_337     | add | fabric    | 0       |
|   add_ln234_338_fu_69184_p2           |      |        | add_ln234_338     | add | fabric    | 0       |
|   add_ln234_339_fu_69194_p2           |      |        | add_ln234_339     | add | fabric    | 0       |
|   add_ln234_340_fu_69204_p2           |      |        | add_ln234_340     | add | fabric    | 0       |
|   add_ln234_341_fu_69214_p2           |      |        | add_ln234_341     | add | fabric    | 0       |
|   add_ln234_342_fu_69220_p2           |      |        | add_ln234_342     | add | fabric    | 0       |
|   add_ln234_343_fu_69230_p2           |      |        | add_ln234_343     | add | fabric    | 0       |
|   add_ln234_344_fu_69240_p2           |      |        | add_ln234_344     | add | fabric    | 0       |
|   add_ln234_345_fu_69250_p2           |      |        | add_ln234_345     | add | fabric    | 0       |
|   add_ln234_346_fu_69260_p2           |      |        | add_ln234_346     | add | fabric    | 0       |
|   add_ln234_347_fu_69270_p2           |      |        | add_ln234_347     | add | fabric    | 0       |
|   add_ln234_348_fu_69280_p2           |      |        | add_ln234_348     | add | fabric    | 0       |
|   add_ln234_349_fu_69290_p2           |      |        | add_ln234_349     | add | fabric    | 0       |
|   add_ln234_350_fu_69300_p2           |      |        | add_ln234_350     | add | fabric    | 0       |
|   add_ln234_351_fu_69310_p2           |      |        | add_ln234_351     | add | fabric    | 0       |
|   add_ln234_352_fu_69320_p2           |      |        | add_ln234_352     | add | fabric    | 0       |
|   add_ln234_353_fu_69330_p2           |      |        | add_ln234_353     | add | fabric    | 0       |
|   add_ln234_354_fu_69340_p2           |      |        | add_ln234_354     | add | fabric    | 0       |
|   add_ln234_355_fu_69350_p2           |      |        | add_ln234_355     | add | fabric    | 0       |
|   add_ln234_356_fu_69360_p2           |      |        | add_ln234_356     | add | fabric    | 0       |
|   add_ln234_357_fu_69370_p2           |      |        | add_ln234_357     | add | fabric    | 0       |
|   add_ln234_358_fu_69380_p2           |      |        | add_ln234_358     | add | fabric    | 0       |
|   add_ln234_359_fu_69390_p2           |      |        | add_ln234_359     | add | fabric    | 0       |
|   add_ln234_360_fu_69400_p2           |      |        | add_ln234_360     | add | fabric    | 0       |
|   add_ln234_361_fu_69410_p2           |      |        | add_ln234_361     | add | fabric    | 0       |
|   add_ln234_362_fu_69416_p2           |      |        | add_ln234_362     | add | fabric    | 0       |
|   add_ln234_363_fu_69426_p2           |      |        | add_ln234_363     | add | fabric    | 0       |
|   add_ln234_364_fu_69436_p2           |      |        | add_ln234_364     | add | fabric    | 0       |
|   add_ln234_365_fu_69446_p2           |      |        | add_ln234_365     | add | fabric    | 0       |
|   add_ln234_366_fu_69456_p2           |      |        | add_ln234_366     | add | fabric    | 0       |
|   add_ln234_367_fu_69466_p2           |      |        | add_ln234_367     | add | fabric    | 0       |
|   add_ln234_368_fu_69476_p2           |      |        | add_ln234_368     | add | fabric    | 0       |
|   add_ln234_369_fu_69486_p2           |      |        | add_ln234_369     | add | fabric    | 0       |
|   add_ln234_370_fu_69496_p2           |      |        | add_ln234_370     | add | fabric    | 0       |
|   add_ln234_371_fu_69506_p2           |      |        | add_ln234_371     | add | fabric    | 0       |
|   add_ln234_372_fu_69516_p2           |      |        | add_ln234_372     | add | fabric    | 0       |
|   add_ln234_373_fu_69526_p2           |      |        | add_ln234_373     | add | fabric    | 0       |
|   add_ln234_374_fu_69536_p2           |      |        | add_ln234_374     | add | fabric    | 0       |
|   add_ln234_375_fu_69546_p2           |      |        | add_ln234_375     | add | fabric    | 0       |
|   add_ln234_376_fu_69556_p2           |      |        | add_ln234_376     | add | fabric    | 0       |
|   add_ln234_377_fu_69566_p2           |      |        | add_ln234_377     | add | fabric    | 0       |
|   add_ln234_378_fu_69576_p2           |      |        | add_ln234_378     | add | fabric    | 0       |
|   add_ln234_379_fu_69586_p2           |      |        | add_ln234_379     | add | fabric    | 0       |
|   add_ln234_380_fu_69596_p2           |      |        | add_ln234_380     | add | fabric    | 0       |
|   add_ln234_381_fu_69606_p2           |      |        | add_ln234_381     | add | fabric    | 0       |
|   add_ln234_382_fu_69612_p2           |      |        | add_ln234_382     | add | fabric    | 0       |
|   add_ln234_383_fu_69622_p2           |      |        | add_ln234_383     | add | fabric    | 0       |
|   add_ln234_384_fu_69632_p2           |      |        | add_ln234_384     | add | fabric    | 0       |
|   add_ln234_385_fu_69642_p2           |      |        | add_ln234_385     | add | fabric    | 0       |
|   add_ln234_386_fu_69652_p2           |      |        | add_ln234_386     | add | fabric    | 0       |
|   add_ln234_387_fu_69662_p2           |      |        | add_ln234_387     | add | fabric    | 0       |
|   add_ln234_388_fu_69672_p2           |      |        | add_ln234_388     | add | fabric    | 0       |
|   add_ln234_389_fu_69682_p2           |      |        | add_ln234_389     | add | fabric    | 0       |
|   add_ln234_390_fu_69692_p2           |      |        | add_ln234_390     | add | fabric    | 0       |
|   add_ln234_391_fu_69702_p2           |      |        | add_ln234_391     | add | fabric    | 0       |
|   add_ln234_392_fu_69712_p2           |      |        | add_ln234_392     | add | fabric    | 0       |
|   add_ln234_393_fu_69722_p2           |      |        | add_ln234_393     | add | fabric    | 0       |
|   add_ln234_394_fu_69732_p2           |      |        | add_ln234_394     | add | fabric    | 0       |
|   add_ln234_395_fu_69742_p2           |      |        | add_ln234_395     | add | fabric    | 0       |
|   add_ln234_396_fu_69752_p2           |      |        | add_ln234_396     | add | fabric    | 0       |
|   add_ln234_397_fu_69762_p2           |      |        | add_ln234_397     | add | fabric    | 0       |
|   add_ln234_398_fu_69772_p2           |      |        | add_ln234_398     | add | fabric    | 0       |
|   add_ln234_399_fu_69782_p2           |      |        | add_ln234_399     | add | fabric    | 0       |
|   add_ln234_400_fu_69792_p2           |      |        | add_ln234_400     | add | fabric    | 0       |
|   add_ln234_401_fu_69802_p2           |      |        | add_ln234_401     | add | fabric    | 0       |
|   add_ln234_402_fu_69808_p2           |      |        | add_ln234_402     | add | fabric    | 0       |
|   add_ln234_403_fu_69818_p2           |      |        | add_ln234_403     | add | fabric    | 0       |
|   add_ln234_404_fu_69828_p2           |      |        | add_ln234_404     | add | fabric    | 0       |
|   add_ln234_405_fu_69838_p2           |      |        | add_ln234_405     | add | fabric    | 0       |
|   add_ln234_406_fu_69848_p2           |      |        | add_ln234_406     | add | fabric    | 0       |
|   add_ln234_407_fu_69858_p2           |      |        | add_ln234_407     | add | fabric    | 0       |
|   add_ln234_408_fu_69868_p2           |      |        | add_ln234_408     | add | fabric    | 0       |
|   add_ln234_409_fu_69878_p2           |      |        | add_ln234_409     | add | fabric    | 0       |
|   add_ln234_410_fu_69888_p2           |      |        | add_ln234_410     | add | fabric    | 0       |
|   add_ln234_411_fu_69898_p2           |      |        | add_ln234_411     | add | fabric    | 0       |
|   add_ln234_412_fu_69908_p2           |      |        | add_ln234_412     | add | fabric    | 0       |
|   add_ln234_413_fu_69918_p2           |      |        | add_ln234_413     | add | fabric    | 0       |
|   add_ln234_414_fu_69928_p2           |      |        | add_ln234_414     | add | fabric    | 0       |
|   add_ln234_415_fu_69938_p2           |      |        | add_ln234_415     | add | fabric    | 0       |
|   add_ln234_416_fu_69948_p2           |      |        | add_ln234_416     | add | fabric    | 0       |
|   add_ln234_417_fu_69958_p2           |      |        | add_ln234_417     | add | fabric    | 0       |
|   add_ln234_418_fu_69968_p2           |      |        | add_ln234_418     | add | fabric    | 0       |
|   add_ln234_419_fu_69978_p2           |      |        | add_ln234_419     | add | fabric    | 0       |
|   add_ln234_420_fu_69988_p2           |      |        | add_ln234_420     | add | fabric    | 0       |
|   add_ln234_421_fu_69998_p2           |      |        | add_ln234_421     | add | fabric    | 0       |
|   add_ln234_422_fu_70004_p2           |      |        | add_ln234_422     | add | fabric    | 0       |
|   add_ln234_423_fu_70014_p2           |      |        | add_ln234_423     | add | fabric    | 0       |
|   add_ln234_424_fu_70024_p2           |      |        | add_ln234_424     | add | fabric    | 0       |
|   add_ln234_425_fu_70034_p2           |      |        | add_ln234_425     | add | fabric    | 0       |
|   add_ln234_426_fu_70044_p2           |      |        | add_ln234_426     | add | fabric    | 0       |
|   add_ln234_427_fu_70054_p2           |      |        | add_ln234_427     | add | fabric    | 0       |
|   add_ln234_428_fu_70064_p2           |      |        | add_ln234_428     | add | fabric    | 0       |
|   add_ln234_429_fu_70074_p2           |      |        | add_ln234_429     | add | fabric    | 0       |
|   add_ln234_430_fu_70084_p2           |      |        | add_ln234_430     | add | fabric    | 0       |
|   add_ln234_431_fu_70094_p2           |      |        | add_ln234_431     | add | fabric    | 0       |
|   add_ln234_432_fu_70104_p2           |      |        | add_ln234_432     | add | fabric    | 0       |
|   add_ln234_433_fu_70114_p2           |      |        | add_ln234_433     | add | fabric    | 0       |
|   add_ln234_434_fu_70124_p2           |      |        | add_ln234_434     | add | fabric    | 0       |
|   add_ln234_435_fu_70134_p2           |      |        | add_ln234_435     | add | fabric    | 0       |
|   add_ln234_436_fu_70144_p2           |      |        | add_ln234_436     | add | fabric    | 0       |
|   add_ln234_437_fu_70154_p2           |      |        | add_ln234_437     | add | fabric    | 0       |
|   add_ln234_438_fu_70164_p2           |      |        | add_ln234_438     | add | fabric    | 0       |
|   add_ln234_439_fu_70174_p2           |      |        | add_ln234_439     | add | fabric    | 0       |
|   add_ln234_440_fu_70184_p2           |      |        | add_ln234_440     | add | fabric    | 0       |
|   add_ln234_441_fu_70194_p2           |      |        | add_ln234_441     | add | fabric    | 0       |
|   add_ln234_442_fu_70210_p2           |      |        | add_ln234_442     | add | fabric    | 0       |
|   add_ln234_443_fu_70220_p2           |      |        | add_ln234_443     | add | fabric    | 0       |
|   add_ln234_444_fu_70230_p2           |      |        | add_ln234_444     | add | fabric    | 0       |
|   add_ln234_445_fu_70240_p2           |      |        | add_ln234_445     | add | fabric    | 0       |
|   add_ln234_446_fu_70250_p2           |      |        | add_ln234_446     | add | fabric    | 0       |
|   add_ln234_447_fu_70260_p2           |      |        | add_ln234_447     | add | fabric    | 0       |
|   add_ln234_448_fu_70270_p2           |      |        | add_ln234_448     | add | fabric    | 0       |
|   add_ln234_449_fu_70280_p2           |      |        | add_ln234_449     | add | fabric    | 0       |
|   add_ln234_450_fu_70290_p2           |      |        | add_ln234_450     | add | fabric    | 0       |
|   add_ln234_451_fu_70300_p2           |      |        | add_ln234_451     | add | fabric    | 0       |
|   add_ln234_452_fu_70310_p2           |      |        | add_ln234_452     | add | fabric    | 0       |
|   add_ln234_453_fu_70320_p2           |      |        | add_ln234_453     | add | fabric    | 0       |
|   add_ln234_454_fu_70330_p2           |      |        | add_ln234_454     | add | fabric    | 0       |
|   add_ln234_455_fu_70340_p2           |      |        | add_ln234_455     | add | fabric    | 0       |
|   add_ln234_456_fu_70350_p2           |      |        | add_ln234_456     | add | fabric    | 0       |
|   add_ln234_457_fu_70360_p2           |      |        | add_ln234_457     | add | fabric    | 0       |
|   add_ln234_458_fu_70370_p2           |      |        | add_ln234_458     | add | fabric    | 0       |
|   add_ln234_459_fu_70380_p2           |      |        | add_ln234_459     | add | fabric    | 0       |
|   add_ln234_460_fu_70390_p2           |      |        | add_ln234_460     | add | fabric    | 0       |
|   add_ln234_461_fu_70400_p2           |      |        | add_ln234_461     | add | fabric    | 0       |
|   add_ln239_1_fu_71288_p2             |      |        | add_ln239_1       | add | fabric    | 0       |
|   add_ln239_2_fu_71298_p2             |      |        | add_ln239_2       | add | fabric    | 0       |
|   add_ln239_5_fu_71324_p2             |      |        | add_ln239_5       | add | fabric    | 0       |
|   add_ln239_6_fu_71334_p2             |      |        | add_ln239_6       | add | fabric    | 0       |
|   add_ln239_7_fu_71344_p2             |      |        | add_ln239_7       | add | fabric    | 0       |
|   add_ln239_8_fu_71354_p2             |      |        | add_ln239_8       | add | fabric    | 0       |
|   add_ln239_11_fu_71376_p2            |      |        | add_ln239_11      | add | fabric    | 0       |
|   add_ln239_12_fu_71386_p2            |      |        | add_ln239_12      | add | fabric    | 0       |
|   add_ln239_15_fu_71412_p2            |      |        | add_ln239_15      | add | fabric    | 0       |
|   add_ln239_16_fu_71422_p2            |      |        | add_ln239_16      | add | fabric    | 0       |
|   add_ln239_17_fu_71432_p2            |      |        | add_ln239_17      | add | fabric    | 0       |
|   add_ln239_18_fu_71442_p2            |      |        | add_ln239_18      | add | fabric    | 0       |
|   am_addmul_14s_14s_11ns_26_1_1_U1325 | 1    |        | add_ln239         | add | dsp_slice | 0       |
|   am_addmul_14s_14s_11ns_26_1_1_U1325 | 1    |        | mul_ln243         | mul | dsp_slice | 0       |
|   mac_muladd_9ns_16s_29s_29_1_1_U1326 | 1    |        | mul_ln243_1       | mul | dsp_slice | 0       |
|   mac_muladd_9ns_16s_29s_29_1_1_U1326 | 1    |        | add_ln243         | add | dsp_slice | 0       |
|   jmass_1_fu_78820_p2                 |      |        | jmass_1           | add | fabric    | 0       |
|   mul_5ns_21s_26_1_1_U267             | 1    |        | mul_i_i2162       | mul | auto      | 0       |
|   mul_11s_18ns_27_1_1_U268            | 1    |        | mul_ln248         | mul | auto      | 0       |
|   add_ln248_fu_71693_p2               |      |        | add_ln248         | add | fabric    | 0       |
|   add_ln248_1_fu_71831_p2             |      |        | add_ln248_1       | add | fabric    | 0       |
|   mul_11s_18ns_27_1_1_U269            | 1    |        | mul_ln248_1       | mul | auto      | 0       |
|   add_ln248_2_fu_72014_p2             |      |        | add_ln248_2       | add | fabric    | 0       |
|   add_ln248_3_fu_72152_p2             |      |        | add_ln248_3       | add | fabric    | 0       |
|   mul_11s_18ns_27_1_1_U270            | 1    |        | mul_ln248_2       | mul | auto      | 0       |
|   add_ln248_4_fu_72335_p2             |      |        | add_ln248_4       | add | fabric    | 0       |
|   add_ln248_5_fu_72473_p2             |      |        | add_ln248_5       | add | fabric    | 0       |
|   mul_11s_18ns_27_1_1_U271            | 1    |        | mul_ln248_3       | mul | auto      | 0       |
|   add_ln248_6_fu_72656_p2             |      |        | add_ln248_6       | add | fabric    | 0       |
|   add_ln248_7_fu_72794_p2             |      |        | add_ln248_7       | add | fabric    | 0       |
|   mul_11s_18ns_27_1_1_U272            | 1    |        | mul_ln248_4       | mul | auto      | 0       |
|   add_ln248_8_fu_72977_p2             |      |        | add_ln248_8       | add | fabric    | 0       |
|   add_ln248_9_fu_73115_p2             |      |        | add_ln248_9       | add | fabric    | 0       |
|   mul_11s_18ns_27_1_1_U273            | 1    |        | mul_ln248_5       | mul | auto      | 0       |
|   add_ln248_10_fu_73298_p2            |      |        | add_ln248_10      | add | fabric    | 0       |
|   add_ln248_11_fu_73436_p2            |      |        | add_ln248_11      | add | fabric    | 0       |
|   mul_11s_18ns_27_1_1_U274            | 1    |        | mul_ln248_6       | mul | auto      | 0       |
|   add_ln248_12_fu_73619_p2            |      |        | add_ln248_12      | add | fabric    | 0       |
|   add_ln248_13_fu_73757_p2            |      |        | add_ln248_13      | add | fabric    | 0       |
|   mul_11s_18ns_27_1_1_U275            | 1    |        | mul_ln248_7       | mul | auto      | 0       |
|   add_ln248_14_fu_73940_p2            |      |        | add_ln248_14      | add | fabric    | 0       |
|   add_ln248_15_fu_74078_p2            |      |        | add_ln248_15      | add | fabric    | 0       |
|   mul_11s_18ns_27_1_1_U276            | 1    |        | mul_ln248_8       | mul | auto      | 0       |
|   add_ln248_16_fu_74261_p2            |      |        | add_ln248_16      | add | fabric    | 0       |
|   add_ln248_17_fu_74399_p2            |      |        | add_ln248_17      | add | fabric    | 0       |
|   mul_11s_18ns_27_1_1_U277            | 1    |        | mul_ln248_9       | mul | auto      | 0       |
|   add_ln248_18_fu_74582_p2            |      |        | add_ln248_18      | add | fabric    | 0       |
|   add_ln248_19_fu_74720_p2            |      |        | add_ln248_19      | add | fabric    | 0       |
|   mul_11s_18ns_27_1_1_U278            | 1    |        | mul_ln248_10      | mul | auto      | 0       |
|   add_ln248_20_fu_74903_p2            |      |        | add_ln248_20      | add | fabric    | 0       |
|   add_ln248_21_fu_75041_p2            |      |        | add_ln248_21      | add | fabric    | 0       |
|   mul_11s_18ns_27_1_1_U279            | 1    |        | mul_ln248_11      | mul | auto      | 0       |
|   add_ln248_22_fu_75224_p2            |      |        | add_ln248_22      | add | fabric    | 0       |
|   add_ln248_23_fu_75362_p2            |      |        | add_ln248_23      | add | fabric    | 0       |
|   mul_11s_18ns_27_1_1_U280            | 1    |        | mul_ln248_12      | mul | auto      | 0       |
|   add_ln248_24_fu_75545_p2            |      |        | add_ln248_24      | add | fabric    | 0       |
|   add_ln248_25_fu_75683_p2            |      |        | add_ln248_25      | add | fabric    | 0       |
|   mul_11s_18ns_27_1_1_U281            | 1    |        | mul_ln248_13      | mul | auto      | 0       |
|   add_ln248_26_fu_75866_p2            |      |        | add_ln248_26      | add | fabric    | 0       |
|   add_ln248_27_fu_76004_p2            |      |        | add_ln248_27      | add | fabric    | 0       |
|   mul_11s_18ns_27_1_1_U282            | 1    |        | mul_ln248_14      | mul | auto      | 0       |
|   add_ln248_28_fu_76187_p2            |      |        | add_ln248_28      | add | fabric    | 0       |
|   add_ln248_29_fu_76325_p2            |      |        | add_ln248_29      | add | fabric    | 0       |
|   mul_11s_18ns_27_1_1_U283            | 1    |        | mul_ln248_15      | mul | auto      | 0       |
|   add_ln248_30_fu_76508_p2            |      |        | add_ln248_30      | add | fabric    | 0       |
|   add_ln248_31_fu_76646_p2            |      |        | add_ln248_31      | add | fabric    | 0       |
|   mul_11s_18ns_27_1_1_U284            | 1    |        | mul_ln248_16      | mul | auto      | 0       |
|   add_ln248_32_fu_76829_p2            |      |        | add_ln248_32      | add | fabric    | 0       |
|   add_ln248_33_fu_76967_p2            |      |        | add_ln248_33      | add | fabric    | 0       |
|   mul_11s_18ns_27_1_1_U285            | 1    |        | mul_ln248_17      | mul | auto      | 0       |
|   add_ln248_34_fu_77150_p2            |      |        | add_ln248_34      | add | fabric    | 0       |
|   add_ln248_35_fu_77288_p2            |      |        | add_ln248_35      | add | fabric    | 0       |
|   mul_11s_18ns_27_1_1_U286            | 1    |        | mul_ln248_18      | mul | auto      | 0       |
|   add_ln248_36_fu_77471_p2            |      |        | add_ln248_36      | add | fabric    | 0       |
|   add_ln248_37_fu_77609_p2            |      |        | add_ln248_37      | add | fabric    | 0       |
|   mul_11s_18ns_27_1_1_U287            | 1    |        | mul_ln248_19      | mul | auto      | 0       |
|   add_ln248_38_fu_77792_p2            |      |        | add_ln248_38      | add | fabric    | 0       |
|   add_ln248_39_fu_77930_p2            |      |        | add_ln248_39      | add | fabric    | 0       |
|   mul_11s_18ns_27_1_1_U288            | 1    |        | mul_ln248_20      | mul | auto      | 0       |
|   add_ln248_40_fu_78113_p2            |      |        | add_ln248_40      | add | fabric    | 0       |
|   add_ln248_41_fu_78251_p2            |      |        | add_ln248_41      | add | fabric    | 0       |
|   mul_11s_18ns_27_1_1_U289            | 1    |        | mul_ln248_21      | mul | auto      | 0       |
|   add_ln248_42_fu_78434_p2            |      |        | add_ln248_42      | add | fabric    | 0       |
|   add_ln248_43_fu_78572_p2            |      |        | add_ln248_43      | add | fabric    | 0       |
|   sub_ln339_fu_146601_p2              |      |        | sub_ln339         | sub | fabric    | 0       |
|   sub_ln339_3_fu_146666_p2            |      |        | sub_ln339_3       | sub | fabric    | 0       |
|   sub_ln339_4_fu_146672_p2            |      |        | sub_ln339_4       | sub | fabric    | 0       |
|   sub_ln339_5_fu_146742_p2            |      |        | sub_ln339_5       | sub | fabric    | 0       |
|   add_ln339_fu_150234_p2              |      |        | add_ln339         | add | fabric    | 0       |
|   Tp_fu_150247_p2                     |      |        | Tp                | add | fabric    | 0       |
|   sub_ln339_6_fu_146783_p2            |      |        | sub_ln339_6       | sub | fabric    | 0       |
|   mul_6s_6s_11_1_1_U541               |      |        | mul_ln339         | mul | auto      | 0       |
|   sub_ln339_7_fu_146799_p2            |      |        | sub_ln339_7       | sub | fabric    | 0       |
|   addconv_fu_146817_p2                |      |        | addconv           | add | fabric    | 0       |
|   mul_ln339_126135_fu_146835_p2       |      |        | mul_ln339_126135  | sub | fabric    | 0       |
|   add_ln339_4_fu_150282_p2            |      |        | add_ln339_4       | add | fabric    | 0       |
|   add_ln339_5_fu_146853_p2            |      |        | add_ln339_5       | add | fabric    | 0       |
|   add_ln339_8_fu_150352_p2            |      |        | add_ln339_8       | add | fabric    | 0       |
|   sub_ln339_10_fu_146888_p2           |      |        | sub_ln339_10      | sub | fabric    | 0       |
|   add_ln339_9_fu_150384_p2            |      |        | add_ln339_9       | add | fabric    | 0       |
|   add_ln339_12_fu_150424_p2           |      |        | add_ln339_12      | add | fabric    | 0       |
|   mul_6s_6s_11_1_1_U542               |      |        | mul_ln339_1       | mul | auto      | 0       |
|   sub_ln339_638_fu_150461_p2          |      |        | sub_ln339_638     | sub | fabric    | 0       |
|   add_ln339_13_fu_150471_p2           |      |        | add_ln339_13      | add | fabric    | 0       |
|   add_ln339_14_fu_150481_p2           |      |        | add_ln339_14      | add | fabric    | 0       |
|   add_ln339_15_fu_150491_p2           |      |        | add_ln339_15      | add | fabric    | 0       |
|   Tp_3_fu_150497_p2                   |      |        | Tp_3              | add | fabric    | 0       |
|   add_ln339_16_fu_150544_p2           |      |        | add_ln339_16      | add | fabric    | 0       |
|   sub_ln339_13_fu_146929_p2           |      |        | sub_ln339_13      | sub | fabric    | 0       |
|   add_ln339_18_fu_150576_p2           |      |        | add_ln339_18      | add | fabric    | 0       |
|   add_ln339_20_fu_150616_p2           |      |        | add_ln339_20      | add | fabric    | 0       |
|   mul_6s_6s_11_1_1_U543               |      |        | mul_ln339_2       | mul | auto      | 0       |
|   sub_ln339_639_fu_150653_p2          |      |        | sub_ln339_639     | sub | fabric    | 0       |
|   add_ln339_22_fu_150663_p2           |      |        | add_ln339_22      | add | fabric    | 0       |
|   add_ln339_23_fu_150677_p2           |      |        | add_ln339_23      | add | fabric    | 0       |
|   Tp_5_fu_150691_p2                   |      |        | Tp_5              | add | fabric    | 0       |
|   add_ln339_24_fu_150738_p2           |      |        | add_ln339_24      | add | fabric    | 0       |
|   sub_ln339_16_fu_146970_p2           |      |        | sub_ln339_16      | sub | fabric    | 0       |
|   add_ln339_27_fu_150770_p2           |      |        | add_ln339_27      | add | fabric    | 0       |
|   add_ln339_28_fu_150810_p2           |      |        | add_ln339_28      | add | fabric    | 0       |
|   mul_6s_6s_11_1_1_U544               |      |        | mul_ln339_3       | mul | auto      | 0       |
|   sub_ln339_640_fu_150847_p2          |      |        | sub_ln339_640     | sub | fabric    | 0       |
|   add_ln339_31_fu_150857_p2           |      |        | add_ln339_31      | add | fabric    | 0       |
|   add_ln339_33_fu_150871_p2           |      |        | add_ln339_33      | add | fabric    | 0       |
|   Tp_7_fu_150885_p2                   |      |        | Tp_7              | add | fabric    | 0       |
|   add_ln339_32_fu_150932_p2           |      |        | add_ln339_32      | add | fabric    | 0       |
|   sub_ln339_19_fu_147011_p2           |      |        | sub_ln339_19      | sub | fabric    | 0       |
|   add_ln339_37_fu_150964_p2           |      |        | add_ln339_37      | add | fabric    | 0       |
|   add_ln339_36_fu_151004_p2           |      |        | add_ln339_36      | add | fabric    | 0       |
|   mul_6s_6s_11_1_1_U545               |      |        | mul_ln339_4       | mul | auto      | 0       |
|   sub_ln339_641_fu_151041_p2          |      |        | sub_ln339_641     | sub | fabric    | 0       |
|   add_ln339_41_fu_151051_p2           |      |        | add_ln339_41      | add | fabric    | 0       |
|   add_ln339_42_fu_151065_p2           |      |        | add_ln339_42      | add | fabric    | 0       |
|   Tp_9_fu_151079_p2                   |      |        | Tp_9              | add | fabric    | 0       |
|   add_ln339_40_fu_151126_p2           |      |        | add_ln339_40      | add | fabric    | 0       |
|   sub_ln339_22_fu_147052_p2           |      |        | sub_ln339_22      | sub | fabric    | 0       |
|   add_ln339_46_fu_151158_p2           |      |        | add_ln339_46      | add | fabric    | 0       |
|   add_ln339_44_fu_151198_p2           |      |        | add_ln339_44      | add | fabric    | 0       |
|   mul_6s_6s_11_1_1_U546               |      |        | mul_ln339_5       | mul | auto      | 0       |
|   sub_ln339_642_fu_151235_p2          |      |        | sub_ln339_642     | sub | fabric    | 0       |
|   add_ln339_50_fu_151245_p2           |      |        | add_ln339_50      | add | fabric    | 0       |
|   add_ln339_51_fu_151259_p2           |      |        | add_ln339_51      | add | fabric    | 0       |
|   Tp_11_fu_151273_p2                  |      |        | Tp_11             | add | fabric    | 0       |
|   add_ln339_48_fu_151320_p2           |      |        | add_ln339_48      | add | fabric    | 0       |
|   sub_ln339_25_fu_147093_p2           |      |        | sub_ln339_25      | sub | fabric    | 0       |
|   add_ln339_55_fu_151352_p2           |      |        | add_ln339_55      | add | fabric    | 0       |
|   add_ln339_52_fu_151392_p2           |      |        | add_ln339_52      | add | fabric    | 0       |
|   mul_6s_6s_11_1_1_U547               |      |        | mul_ln339_6       | mul | auto      | 0       |
|   sub_ln339_643_fu_151429_p2          |      |        | sub_ln339_643     | sub | fabric    | 0       |
|   add_ln339_59_fu_151439_p2           |      |        | add_ln339_59      | add | fabric    | 0       |
|   add_ln339_61_fu_151453_p2           |      |        | add_ln339_61      | add | fabric    | 0       |
|   Tp_13_fu_151467_p2                  |      |        | Tp_13             | add | fabric    | 0       |
|   add_ln339_56_fu_151514_p2           |      |        | add_ln339_56      | add | fabric    | 0       |
|   sub_ln339_28_fu_147134_p2           |      |        | sub_ln339_28      | sub | fabric    | 0       |
|   add_ln339_65_fu_151546_p2           |      |        | add_ln339_65      | add | fabric    | 0       |
|   add_ln339_60_fu_151586_p2           |      |        | add_ln339_60      | add | fabric    | 0       |
|   mul_6s_6s_11_1_1_U548               |      |        | mul_ln339_7       | mul | auto      | 0       |
|   sub_ln339_644_fu_151623_p2          |      |        | sub_ln339_644     | sub | fabric    | 0       |
|   add_ln339_69_fu_151633_p2           |      |        | add_ln339_69      | add | fabric    | 0       |
|   add_ln339_70_fu_151647_p2           |      |        | add_ln339_70      | add | fabric    | 0       |
|   Tp_15_fu_151661_p2                  |      |        | Tp_15             | add | fabric    | 0       |
|   add_ln339_64_fu_151708_p2           |      |        | add_ln339_64      | add | fabric    | 0       |
|   sub_ln339_31_fu_147175_p2           |      |        | sub_ln339_31      | sub | fabric    | 0       |
|   add_ln339_74_fu_151740_p2           |      |        | add_ln339_74      | add | fabric    | 0       |
|   add_ln339_68_fu_151780_p2           |      |        | add_ln339_68      | add | fabric    | 0       |
|   mul_6s_6s_11_1_1_U549               |      |        | mul_ln339_8       | mul | auto      | 0       |
|   sub_ln339_645_fu_151817_p2          |      |        | sub_ln339_645     | sub | fabric    | 0       |
|   add_ln339_78_fu_151827_p2           |      |        | add_ln339_78      | add | fabric    | 0       |
|   add_ln339_79_fu_151841_p2           |      |        | add_ln339_79      | add | fabric    | 0       |
|   Tp_17_fu_151855_p2                  |      |        | Tp_17             | add | fabric    | 0       |
|   add_ln339_72_fu_151902_p2           |      |        | add_ln339_72      | add | fabric    | 0       |
|   sub_ln339_34_fu_147216_p2           |      |        | sub_ln339_34      | sub | fabric    | 0       |
|   add_ln339_83_fu_151934_p2           |      |        | add_ln339_83      | add | fabric    | 0       |
|   add_ln339_76_fu_151974_p2           |      |        | add_ln339_76      | add | fabric    | 0       |
|   mul_6s_6s_11_1_1_U550               |      |        | mul_ln339_9       | mul | auto      | 0       |
|   sub_ln339_646_fu_152011_p2          |      |        | sub_ln339_646     | sub | fabric    | 0       |
|   add_ln339_87_fu_152021_p2           |      |        | add_ln339_87      | add | fabric    | 0       |
|   add_ln339_89_fu_152035_p2           |      |        | add_ln339_89      | add | fabric    | 0       |
|   Tp_19_fu_152049_p2                  |      |        | Tp_19             | add | fabric    | 0       |
|   add_ln339_80_fu_152096_p2           |      |        | add_ln339_80      | add | fabric    | 0       |
|   sub_ln339_37_fu_147257_p2           |      |        | sub_ln339_37      | sub | fabric    | 0       |
|   add_ln339_93_fu_152128_p2           |      |        | add_ln339_93      | add | fabric    | 0       |
|   add_ln339_84_fu_152168_p2           |      |        | add_ln339_84      | add | fabric    | 0       |
|   mul_6s_6s_11_1_1_U551               |      |        | mul_ln339_10      | mul | auto      | 0       |
|   sub_ln339_647_fu_152205_p2          |      |        | sub_ln339_647     | sub | fabric    | 0       |
|   add_ln339_97_fu_152215_p2           |      |        | add_ln339_97      | add | fabric    | 0       |
|   add_ln339_98_fu_152229_p2           |      |        | add_ln339_98      | add | fabric    | 0       |
|   Tp_21_fu_152243_p2                  |      |        | Tp_21             | add | fabric    | 0       |
|   add_ln339_88_fu_152290_p2           |      |        | add_ln339_88      | add | fabric    | 0       |
|   sub_ln339_40_fu_147298_p2           |      |        | sub_ln339_40      | sub | fabric    | 0       |
|   add_ln339_102_fu_152322_p2          |      |        | add_ln339_102     | add | fabric    | 0       |
|   add_ln339_92_fu_152362_p2           |      |        | add_ln339_92      | add | fabric    | 0       |
|   mul_6s_6s_11_1_1_U552               |      |        | mul_ln339_11      | mul | auto      | 0       |
|   sub_ln339_648_fu_152399_p2          |      |        | sub_ln339_648     | sub | fabric    | 0       |
|   add_ln339_106_fu_152409_p2          |      |        | add_ln339_106     | add | fabric    | 0       |
|   add_ln339_107_fu_152423_p2          |      |        | add_ln339_107     | add | fabric    | 0       |
|   Tp_23_fu_152437_p2                  |      |        | Tp_23             | add | fabric    | 0       |
|   add_ln339_96_fu_152484_p2           |      |        | add_ln339_96      | add | fabric    | 0       |
|   sub_ln339_43_fu_147339_p2           |      |        | sub_ln339_43      | sub | fabric    | 0       |
|   add_ln339_111_fu_152516_p2          |      |        | add_ln339_111     | add | fabric    | 0       |
|   add_ln339_100_fu_152556_p2          |      |        | add_ln339_100     | add | fabric    | 0       |
|   mul_6s_6s_11_1_1_U553               |      |        | mul_ln339_12      | mul | auto      | 0       |
|   sub_ln339_649_fu_152593_p2          |      |        | sub_ln339_649     | sub | fabric    | 0       |
|   add_ln339_115_fu_152603_p2          |      |        | add_ln339_115     | add | fabric    | 0       |
|   add_ln339_117_fu_152617_p2          |      |        | add_ln339_117     | add | fabric    | 0       |
|   Tp_25_fu_152631_p2                  |      |        | Tp_25             | add | fabric    | 0       |
|   add_ln339_104_fu_152678_p2          |      |        | add_ln339_104     | add | fabric    | 0       |
|   sub_ln339_46_fu_147380_p2           |      |        | sub_ln339_46      | sub | fabric    | 0       |
|   add_ln339_121_fu_152710_p2          |      |        | add_ln339_121     | add | fabric    | 0       |
|   add_ln339_108_fu_152750_p2          |      |        | add_ln339_108     | add | fabric    | 0       |
|   mul_6s_6s_11_1_1_U554               |      |        | mul_ln339_13      | mul | auto      | 0       |
|   sub_ln339_650_fu_152787_p2          |      |        | sub_ln339_650     | sub | fabric    | 0       |
|   add_ln339_125_fu_152797_p2          |      |        | add_ln339_125     | add | fabric    | 0       |
|   add_ln339_126_fu_152811_p2          |      |        | add_ln339_126     | add | fabric    | 0       |
|   Tp_27_fu_152825_p2                  |      |        | Tp_27             | add | fabric    | 0       |
|   add_ln339_112_fu_152872_p2          |      |        | add_ln339_112     | add | fabric    | 0       |
|   sub_ln339_49_fu_147421_p2           |      |        | sub_ln339_49      | sub | fabric    | 0       |
|   add_ln339_130_fu_152904_p2          |      |        | add_ln339_130     | add | fabric    | 0       |
|   add_ln339_116_fu_152944_p2          |      |        | add_ln339_116     | add | fabric    | 0       |
|   mul_6s_6s_11_1_1_U555               |      |        | mul_ln339_14      | mul | auto      | 0       |
|   sub_ln339_651_fu_152981_p2          |      |        | sub_ln339_651     | sub | fabric    | 0       |
|   add_ln339_134_fu_152991_p2          |      |        | add_ln339_134     | add | fabric    | 0       |
|   add_ln339_135_fu_153005_p2          |      |        | add_ln339_135     | add | fabric    | 0       |
|   Tp_29_fu_153019_p2                  |      |        | Tp_29             | add | fabric    | 0       |
|   add_ln339_120_fu_153036_p2          |      |        | add_ln339_120     | add | fabric    | 0       |
|   sub_ln339_52_fu_147497_p2           |      |        | sub_ln339_52      | sub | fabric    | 0       |
|   add_ln339_139_fu_153063_p2          |      |        | add_ln339_139     | add | fabric    | 0       |
|   add_ln339_141_fu_153073_p2          |      |        | add_ln339_141     | add | fabric    | 0       |
|   Tp_30_fu_153083_p2                  |      |        | Tp_30             | add | fabric    | 0       |
|   add_ln339_124_fu_153107_p2          |      |        | add_ln339_124     | add | fabric    | 0       |
|   mul_6s_6s_11_1_1_U556               |      |        | mul_ln339_15      | mul | auto      | 0       |
|   sub_ln339_652_fu_153148_p2          |      |        | sub_ln339_652     | sub | fabric    | 0       |
|   add_ln339_143_fu_153158_p2          |      |        | add_ln339_143     | add | fabric    | 0       |
|   add_ln339_128_fu_153221_p2          |      |        | add_ln339_128     | add | fabric    | 0       |
|   sub_ln339_55_fu_147538_p2           |      |        | sub_ln339_55      | sub | fabric    | 0       |
|   add_ln339_147_fu_153253_p2          |      |        | add_ln339_147     | add | fabric    | 0       |
|   add_ln339_132_fu_153293_p2          |      |        | add_ln339_132     | add | fabric    | 0       |
|   mul_6s_6s_11_1_1_U557               |      |        | mul_ln339_16      | mul | auto      | 0       |
|   sub_ln339_653_fu_153330_p2          |      |        | sub_ln339_653     | sub | fabric    | 0       |
|   add_ln339_151_fu_153340_p2          |      |        | add_ln339_151     | add | fabric    | 0       |
|   add_ln339_153_fu_153354_p2          |      |        | add_ln339_153     | add | fabric    | 0       |
|   Tp_33_fu_153368_p2                  |      |        | Tp_33             | add | fabric    | 0       |
|   add_ln339_136_fu_153415_p2          |      |        | add_ln339_136     | add | fabric    | 0       |
|   sub_ln339_58_fu_147579_p2           |      |        | sub_ln339_58      | sub | fabric    | 0       |
|   add_ln339_157_fu_153447_p2          |      |        | add_ln339_157     | add | fabric    | 0       |
|   add_ln339_140_fu_153487_p2          |      |        | add_ln339_140     | add | fabric    | 0       |
|   mul_6s_6s_11_1_1_U558               |      |        | mul_ln339_17      | mul | auto      | 0       |
|   sub_ln339_654_fu_153524_p2          |      |        | sub_ln339_654     | sub | fabric    | 0       |
|   add_ln339_161_fu_153534_p2          |      |        | add_ln339_161     | add | fabric    | 0       |
|   add_ln339_162_fu_153548_p2          |      |        | add_ln339_162     | add | fabric    | 0       |
|   Tp_35_fu_153562_p2                  |      |        | Tp_35             | add | fabric    | 0       |
|   add_ln339_144_fu_153609_p2          |      |        | add_ln339_144     | add | fabric    | 0       |
|   sub_ln339_61_fu_147620_p2           |      |        | sub_ln339_61      | sub | fabric    | 0       |
|   add_ln339_166_fu_153641_p2          |      |        | add_ln339_166     | add | fabric    | 0       |
|   add_ln339_148_fu_153681_p2          |      |        | add_ln339_148     | add | fabric    | 0       |
|   mul_6s_6s_11_1_1_U559               |      |        | mul_ln339_18      | mul | auto      | 0       |
|   sub_ln339_655_fu_153718_p2          |      |        | sub_ln339_655     | sub | fabric    | 0       |
|   add_ln339_170_fu_153728_p2          |      |        | add_ln339_170     | add | fabric    | 0       |
|   add_ln339_171_fu_153742_p2          |      |        | add_ln339_171     | add | fabric    | 0       |
|   Tp_37_fu_153756_p2                  |      |        | Tp_37             | add | fabric    | 0       |
|   add_ln339_152_fu_153803_p2          |      |        | add_ln339_152     | add | fabric    | 0       |
|   sub_ln339_64_fu_147661_p2           |      |        | sub_ln339_64      | sub | fabric    | 0       |
|   add_ln339_175_fu_153835_p2          |      |        | add_ln339_175     | add | fabric    | 0       |
|   add_ln339_156_fu_153875_p2          |      |        | add_ln339_156     | add | fabric    | 0       |
|   mul_6s_6s_11_1_1_U560               |      |        | mul_ln339_19      | mul | auto      | 0       |
|   sub_ln339_656_fu_153912_p2          |      |        | sub_ln339_656     | sub | fabric    | 0       |
|   add_ln339_178_fu_153922_p2          |      |        | add_ln339_178     | add | fabric    | 0       |
|   add_ln339_179_fu_153936_p2          |      |        | add_ln339_179     | add | fabric    | 0       |
|   Tp_39_fu_153950_p2                  |      |        | Tp_39             | add | fabric    | 0       |
|   add_ln339_160_fu_153997_p2          |      |        | add_ln339_160     | add | fabric    | 0       |
|   sub_ln339_67_fu_147702_p2           |      |        | sub_ln339_67      | sub | fabric    | 0       |
|   add_ln339_182_fu_154029_p2          |      |        | add_ln339_182     | add | fabric    | 0       |
|   add_ln339_164_fu_154069_p2          |      |        | add_ln339_164     | add | fabric    | 0       |
|   mul_6s_6s_11_1_1_U561               |      |        | mul_ln339_20      | mul | auto      | 0       |
|   sub_ln339_657_fu_154106_p2          |      |        | sub_ln339_657     | sub | fabric    | 0       |
|   add_ln339_185_fu_154116_p2          |      |        | add_ln339_185     | add | fabric    | 0       |
|   add_ln339_186_fu_154130_p2          |      |        | add_ln339_186     | add | fabric    | 0       |
|   Tp_41_fu_154144_p2                  |      |        | Tp_41             | add | fabric    | 0       |
|   add_ln339_168_fu_154191_p2          |      |        | add_ln339_168     | add | fabric    | 0       |
|   sub_ln339_70_fu_147743_p2           |      |        | sub_ln339_70      | sub | fabric    | 0       |
|   add_ln339_189_fu_154223_p2          |      |        | add_ln339_189     | add | fabric    | 0       |
|   add_ln339_172_fu_154263_p2          |      |        | add_ln339_172     | add | fabric    | 0       |
|   mul_6s_6s_11_1_1_U562               |      |        | mul_ln339_21      | mul | auto      | 0       |
|   sub_ln339_658_fu_154300_p2          |      |        | sub_ln339_658     | sub | fabric    | 0       |
|   add_ln339_193_fu_154310_p2          |      |        | add_ln339_193     | add | fabric    | 0       |
|   add_ln339_194_fu_154324_p2          |      |        | add_ln339_194     | add | fabric    | 0       |
|   Tp_43_fu_154338_p2                  |      |        | Tp_43             | add | fabric    | 0       |
|   sub_ln339_71_fu_147755_p2           |      |        | sub_ln339_71      | sub | fabric    | 0       |
|   add_ln339_198_fu_154355_p2          |      |        | add_ln339_198     | add | fabric    | 0       |
|   sub_ln339_72_fu_147772_p2           |      |        | sub_ln339_72      | sub | fabric    | 0       |
|   add_ln339_202_fu_154392_p2          |      |        | add_ln339_202     | add | fabric    | 0       |
|   add_ln339_204_fu_154402_p2          |      |        | add_ln339_204     | add | fabric    | 0       |
|   add_ln339_205_fu_154412_p2          |      |        | add_ln339_205     | add | fabric    | 0       |
|   Tp_45_fu_154418_p2                  |      |        | Tp_45             | add | fabric    | 0       |
|   sub_ln339_76_fu_154457_p2           |      |        | sub_ln339_76      | sub | fabric    | 0       |
|   add_ln339_208_fu_154475_p2          |      |        | add_ln339_208     | add | fabric    | 0       |
|   Tp_46_fu_154501_p2                  |      |        | Tp_46             | add | fabric    | 0       |
|   sub_ln339_77_fu_147837_p2           |      |        | sub_ln339_77      | sub | fabric    | 0       |
|   addconv928_fu_147847_p2             |      |        | addconv928        | add | fabric    | 0       |
|   mul_ln339_326030_fu_154529_p2       |      |        | mul_ln339_326030  | sub | fabric    | 0       |
|   add_ln339_213_fu_154547_p2          |      |        | add_ln339_213     | add | fabric    | 0       |
|   add_ln339_214_fu_154557_p2          |      |        | add_ln339_214     | add | fabric    | 0       |
|   add_ln339_191_fu_154617_p2          |      |        | add_ln339_191     | add | fabric    | 0       |
|   add_ln339_195_fu_154650_p2          |      |        | add_ln339_195     | add | fabric    | 0       |
|   add_ln339_221_fu_154656_p2          |      |        | add_ln339_221     | add | fabric    | 0       |
|   Tp_49_fu_154670_p2                  |      |        | Tp_49             | add | fabric    | 0       |
|   add_ln339_199_fu_154710_p2          |      |        | add_ln339_199     | add | fabric    | 0       |
|   add_ln339_203_fu_154743_p2          |      |        | add_ln339_203     | add | fabric    | 0       |
|   add_ln339_226_fu_154749_p2          |      |        | add_ln339_226     | add | fabric    | 0       |
|   Tp_51_fu_154763_p2                  |      |        | Tp_51             | add | fabric    | 0       |
|   add_ln339_207_fu_154803_p2          |      |        | add_ln339_207     | add | fabric    | 0       |
|   add_ln339_211_fu_154836_p2          |      |        | add_ln339_211     | add | fabric    | 0       |
|   add_ln339_232_fu_154842_p2          |      |        | add_ln339_232     | add | fabric    | 0       |
|   Tp_53_fu_154856_p2                  |      |        | Tp_53             | add | fabric    | 0       |
|   add_ln339_215_fu_154896_p2          |      |        | add_ln339_215     | add | fabric    | 0       |
|   add_ln339_219_fu_154929_p2          |      |        | add_ln339_219     | add | fabric    | 0       |
|   add_ln339_237_fu_154935_p2          |      |        | add_ln339_237     | add | fabric    | 0       |
|   Tp_55_fu_154949_p2                  |      |        | Tp_55             | add | fabric    | 0       |
|   add_ln339_223_fu_154989_p2          |      |        | add_ln339_223     | add | fabric    | 0       |
|   add_ln339_227_fu_155022_p2          |      |        | add_ln339_227     | add | fabric    | 0       |
|   add_ln339_242_fu_155028_p2          |      |        | add_ln339_242     | add | fabric    | 0       |
|   Tp_57_fu_155042_p2                  |      |        | Tp_57             | add | fabric    | 0       |
|   add_ln339_231_fu_155082_p2          |      |        | add_ln339_231     | add | fabric    | 0       |
|   add_ln339_235_fu_155115_p2          |      |        | add_ln339_235     | add | fabric    | 0       |
|   add_ln339_248_fu_155121_p2          |      |        | add_ln339_248     | add | fabric    | 0       |
|   Tp_59_fu_155135_p2                  |      |        | Tp_59             | add | fabric    | 0       |
|   add_ln339_239_fu_155175_p2          |      |        | add_ln339_239     | add | fabric    | 0       |
|   add_ln339_243_fu_155208_p2          |      |        | add_ln339_243     | add | fabric    | 0       |
|   add_ln339_253_fu_155214_p2          |      |        | add_ln339_253     | add | fabric    | 0       |
|   Tp_61_fu_155228_p2                  |      |        | Tp_61             | add | fabric    | 0       |
|   add_ln339_247_fu_155268_p2          |      |        | add_ln339_247     | add | fabric    | 0       |
|   add_ln339_251_fu_155301_p2          |      |        | add_ln339_251     | add | fabric    | 0       |
|   add_ln339_258_fu_155307_p2          |      |        | add_ln339_258     | add | fabric    | 0       |
|   Tp_63_fu_155321_p2                  |      |        | Tp_63             | add | fabric    | 0       |
|   add_ln339_255_fu_155361_p2          |      |        | add_ln339_255     | add | fabric    | 0       |
|   add_ln339_259_fu_155394_p2          |      |        | add_ln339_259     | add | fabric    | 0       |
|   add_ln339_264_fu_155400_p2          |      |        | add_ln339_264     | add | fabric    | 0       |
|   Tp_65_fu_155414_p2                  |      |        | Tp_65             | add | fabric    | 0       |
|   add_ln339_263_fu_155454_p2          |      |        | add_ln339_263     | add | fabric    | 0       |
|   add_ln339_267_fu_155487_p2          |      |        | add_ln339_267     | add | fabric    | 0       |
|   add_ln339_269_fu_155493_p2          |      |        | add_ln339_269     | add | fabric    | 0       |
|   Tp_67_fu_155507_p2                  |      |        | Tp_67             | add | fabric    | 0       |
|   add_ln339_271_fu_155547_p2          |      |        | add_ln339_271     | add | fabric    | 0       |
|   add_ln339_274_fu_155580_p2          |      |        | add_ln339_274     | add | fabric    | 0       |
|   add_ln339_275_fu_155586_p2          |      |        | add_ln339_275     | add | fabric    | 0       |
|   Tp_69_fu_155600_p2                  |      |        | Tp_69             | add | fabric    | 0       |
|   add_ln339_277_fu_155640_p2          |      |        | add_ln339_277     | add | fabric    | 0       |
|   add_ln339_280_fu_155673_p2          |      |        | add_ln339_280     | add | fabric    | 0       |
|   add_ln339_281_fu_155679_p2          |      |        | add_ln339_281     | add | fabric    | 0       |
|   Tp_71_fu_155693_p2                  |      |        | Tp_71             | add | fabric    | 0       |
|   add_ln339_283_fu_155733_p2          |      |        | add_ln339_283     | add | fabric    | 0       |
|   add_ln339_286_fu_155766_p2          |      |        | add_ln339_286     | add | fabric    | 0       |
|   add_ln339_287_fu_155772_p2          |      |        | add_ln339_287     | add | fabric    | 0       |
|   Tp_73_fu_155786_p2                  |      |        | Tp_73             | add | fabric    | 0       |
|   add_ln339_289_fu_155803_p2          |      |        | add_ln339_289     | add | fabric    | 0       |
|   add_ln339_290_fu_155808_p2          |      |        | add_ln339_290     | add | fabric    | 0       |
|   Tp_74_fu_155818_p2                  |      |        | Tp_74             | add | fabric    | 0       |
|   add_ln339_292_fu_155835_p2          |      |        | add_ln339_292     | add | fabric    | 0       |
|   add_ln339_295_fu_155891_p2          |      |        | add_ln339_295     | add | fabric    | 0       |
|   add_ln339_298_fu_155924_p2          |      |        | add_ln339_298     | add | fabric    | 0       |
|   add_ln339_299_fu_155930_p2          |      |        | add_ln339_299     | add | fabric    | 0       |
|   Tp_77_fu_155944_p2                  |      |        | Tp_77             | add | fabric    | 0       |
|   add_ln339_301_fu_155984_p2          |      |        | add_ln339_301     | add | fabric    | 0       |
|   add_ln339_304_fu_156017_p2          |      |        | add_ln339_304     | add | fabric    | 0       |
|   add_ln339_305_fu_156023_p2          |      |        | add_ln339_305     | add | fabric    | 0       |
|   Tp_79_fu_156037_p2                  |      |        | Tp_79             | add | fabric    | 0       |
|   add_ln339_307_fu_156077_p2          |      |        | add_ln339_307     | add | fabric    | 0       |
|   add_ln339_310_fu_156110_p2          |      |        | add_ln339_310     | add | fabric    | 0       |
|   add_ln339_311_fu_156116_p2          |      |        | add_ln339_311     | add | fabric    | 0       |
|   Tp_81_fu_156130_p2                  |      |        | Tp_81             | add | fabric    | 0       |
|   add_ln339_313_fu_156170_p2          |      |        | add_ln339_313     | add | fabric    | 0       |
|   add_ln339_316_fu_156203_p2          |      |        | add_ln339_316     | add | fabric    | 0       |
|   add_ln339_317_fu_156209_p2          |      |        | add_ln339_317     | add | fabric    | 0       |
|   Tp_83_fu_156223_p2                  |      |        | Tp_83             | add | fabric    | 0       |
|   add_ln339_319_fu_156263_p2          |      |        | add_ln339_319     | add | fabric    | 0       |
|   add_ln339_322_fu_156296_p2          |      |        | add_ln339_322     | add | fabric    | 0       |
|   add_ln339_323_fu_156302_p2          |      |        | add_ln339_323     | add | fabric    | 0       |
|   Tp_85_fu_156316_p2                  |      |        | Tp_85             | add | fabric    | 0       |
|   add_ln339_325_fu_156356_p2          |      |        | add_ln339_325     | add | fabric    | 0       |
|   add_ln339_328_fu_156389_p2          |      |        | add_ln339_328     | add | fabric    | 0       |
|   add_ln339_329_fu_156395_p2          |      |        | add_ln339_329     | add | fabric    | 0       |
|   Tp_87_fu_156409_p2                  |      |        | Tp_87             | add | fabric    | 0       |
|   sub_ln339_118_fu_147881_p2          |      |        | sub_ln339_118     | sub | fabric    | 0       |
|   add_ln339_331_fu_156426_p2          |      |        | add_ln339_331     | add | fabric    | 0       |
|   sub_ln339_119_fu_147898_p2          |      |        | sub_ln339_119     | sub | fabric    | 0       |
|   add_ln339_334_fu_156463_p2          |      |        | add_ln339_334     | add | fabric    | 0       |
|   add_ln339_335_fu_156477_p2          |      |        | add_ln339_335     | add | fabric    | 0       |
|   Tp_89_fu_156491_p2                  |      |        | Tp_89             | add | fabric    | 0       |
|   add_ln339_339_fu_156509_p2          |      |        | add_ln339_339     | add | fabric    | 0       |
|   Tp_91_fu_156523_p2                  |      |        | Tp_91             | add | fabric    | 0       |
|   sub_ln339_123_fu_156562_p2          |      |        | sub_ln339_123     | sub | fabric    | 0       |
|   add_ln339_341_fu_156580_p2          |      |        | add_ln339_341     | add | fabric    | 0       |
|   Tp_92_fu_156606_p2                  |      |        | Tp_92             | add | fabric    | 0       |
|   sub_ln339_124_fu_147963_p2          |      |        | sub_ln339_124     | sub | fabric    | 0       |
|   addconv929_fu_147973_p2             |      |        | addconv929        | add | fabric    | 0       |
|   mul_ln339_526028_fu_156634_p2       |      |        | mul_ln339_526028  | sub | fabric    | 0       |
|   add_ln339_345_fu_156652_p2          |      |        | add_ln339_345     | add | fabric    | 0       |
|   add_ln339_346_fu_156662_p2          |      |        | add_ln339_346     | add | fabric    | 0       |
|   add_ln339_349_fu_156722_p2          |      |        | add_ln339_349     | add | fabric    | 0       |
|   add_ln339_352_fu_156755_p2          |      |        | add_ln339_352     | add | fabric    | 0       |
|   add_ln339_353_fu_156761_p2          |      |        | add_ln339_353     | add | fabric    | 0       |
|   Tp_95_fu_156775_p2                  |      |        | Tp_95             | add | fabric    | 0       |
|   add_ln339_355_fu_156815_p2          |      |        | add_ln339_355     | add | fabric    | 0       |
|   add_ln339_358_fu_156848_p2          |      |        | add_ln339_358     | add | fabric    | 0       |
|   add_ln339_359_fu_156854_p2          |      |        | add_ln339_359     | add | fabric    | 0       |
|   Tp_97_fu_156868_p2                  |      |        | Tp_97             | add | fabric    | 0       |
|   add_ln339_362_fu_156908_p2          |      |        | add_ln339_362     | add | fabric    | 0       |
|   add_ln339_365_fu_156941_p2          |      |        | add_ln339_365     | add | fabric    | 0       |
|   add_ln339_366_fu_156947_p2          |      |        | add_ln339_366     | add | fabric    | 0       |
|   Tp_99_fu_156961_p2                  |      |        | Tp_99             | add | fabric    | 0       |
|   add_ln339_368_fu_157001_p2          |      |        | add_ln339_368     | add | fabric    | 0       |
|   add_ln339_371_fu_157034_p2          |      |        | add_ln339_371     | add | fabric    | 0       |
|   add_ln339_372_fu_157040_p2          |      |        | add_ln339_372     | add | fabric    | 0       |
|   Tp_101_fu_157054_p2                 |      |        | Tp_101            | add | fabric    | 0       |
|   add_ln339_374_fu_157094_p2          |      |        | add_ln339_374     | add | fabric    | 0       |
|   add_ln339_377_fu_157127_p2          |      |        | add_ln339_377     | add | fabric    | 0       |
|   add_ln339_378_fu_157133_p2          |      |        | add_ln339_378     | add | fabric    | 0       |
|   Tp_103_fu_157147_p2                 |      |        | Tp_103            | add | fabric    | 0       |
|   add_ln339_380_fu_157187_p2          |      |        | add_ln339_380     | add | fabric    | 0       |
|   add_ln339_383_fu_157220_p2          |      |        | add_ln339_383     | add | fabric    | 0       |
|   add_ln339_384_fu_157226_p2          |      |        | add_ln339_384     | add | fabric    | 0       |
|   Tp_105_fu_157240_p2                 |      |        | Tp_105            | add | fabric    | 0       |
|   add_ln339_386_fu_157280_p2          |      |        | add_ln339_386     | add | fabric    | 0       |
|   add_ln339_389_fu_157313_p2          |      |        | add_ln339_389     | add | fabric    | 0       |
|   add_ln339_390_fu_157319_p2          |      |        | add_ln339_390     | add | fabric    | 0       |
|   Tp_107_fu_157333_p2                 |      |        | Tp_107            | add | fabric    | 0       |
|   add_ln339_392_fu_157373_p2          |      |        | add_ln339_392     | add | fabric    | 0       |
|   add_ln339_395_fu_157406_p2          |      |        | add_ln339_395     | add | fabric    | 0       |
|   add_ln339_396_fu_157412_p2          |      |        | add_ln339_396     | add | fabric    | 0       |
|   Tp_109_fu_157426_p2                 |      |        | Tp_109            | add | fabric    | 0       |
|   add_ln339_398_fu_157466_p2          |      |        | add_ln339_398     | add | fabric    | 0       |
|   add_ln339_401_fu_157499_p2          |      |        | add_ln339_401     | add | fabric    | 0       |
|   add_ln339_402_fu_157505_p2          |      |        | add_ln339_402     | add | fabric    | 0       |
|   Tp_111_fu_157519_p2                 |      |        | Tp_111            | add | fabric    | 0       |
|   add_ln339_404_fu_157559_p2          |      |        | add_ln339_404     | add | fabric    | 0       |
|   add_ln339_407_fu_157592_p2          |      |        | add_ln339_407     | add | fabric    | 0       |
|   add_ln339_408_fu_157598_p2          |      |        | add_ln339_408     | add | fabric    | 0       |
|   Tp_113_fu_157612_p2                 |      |        | Tp_113            | add | fabric    | 0       |
|   add_ln339_410_fu_157652_p2          |      |        | add_ln339_410     | add | fabric    | 0       |
|   add_ln339_413_fu_157685_p2          |      |        | add_ln339_413     | add | fabric    | 0       |
|   add_ln339_414_fu_157691_p2          |      |        | add_ln339_414     | add | fabric    | 0       |
|   Tp_115_fu_157705_p2                 |      |        | Tp_115            | add | fabric    | 0       |
|   add_ln339_416_fu_157745_p2          |      |        | add_ln339_416     | add | fabric    | 0       |
|   add_ln339_419_fu_157778_p2          |      |        | add_ln339_419     | add | fabric    | 0       |
|   add_ln339_420_fu_157784_p2          |      |        | add_ln339_420     | add | fabric    | 0       |
|   Tp_117_fu_157798_p2                 |      |        | Tp_117            | add | fabric    | 0       |
|   add_ln339_422_fu_157815_p2          |      |        | add_ln339_422     | add | fabric    | 0       |
|   add_ln339_423_fu_157820_p2          |      |        | add_ln339_423     | add | fabric    | 0       |
|   Tp_118_fu_157830_p2                 |      |        | Tp_118            | add | fabric    | 0       |
|   add_ln339_425_fu_157847_p2          |      |        | add_ln339_425     | add | fabric    | 0       |
|   add_ln339_428_fu_157903_p2          |      |        | add_ln339_428     | add | fabric    | 0       |
|   add_ln339_431_fu_157936_p2          |      |        | add_ln339_431     | add | fabric    | 0       |
|   add_ln339_432_fu_157942_p2          |      |        | add_ln339_432     | add | fabric    | 0       |
|   Tp_121_fu_157956_p2                 |      |        | Tp_121            | add | fabric    | 0       |
|   add_ln339_434_fu_157996_p2          |      |        | add_ln339_434     | add | fabric    | 0       |
|   add_ln339_437_fu_158029_p2          |      |        | add_ln339_437     | add | fabric    | 0       |
|   add_ln339_438_fu_158035_p2          |      |        | add_ln339_438     | add | fabric    | 0       |
|   Tp_123_fu_158049_p2                 |      |        | Tp_123            | add | fabric    | 0       |
|   add_ln339_440_fu_158089_p2          |      |        | add_ln339_440     | add | fabric    | 0       |
|   add_ln339_443_fu_158122_p2          |      |        | add_ln339_443     | add | fabric    | 0       |
|   add_ln339_444_fu_158128_p2          |      |        | add_ln339_444     | add | fabric    | 0       |
|   Tp_125_fu_158142_p2                 |      |        | Tp_125            | add | fabric    | 0       |
|   add_ln339_446_fu_158182_p2          |      |        | add_ln339_446     | add | fabric    | 0       |
|   add_ln339_449_fu_158215_p2          |      |        | add_ln339_449     | add | fabric    | 0       |
|   add_ln339_450_fu_158221_p2          |      |        | add_ln339_450     | add | fabric    | 0       |
|   Tp_127_fu_158235_p2                 |      |        | Tp_127            | add | fabric    | 0       |
|   add_ln339_452_fu_158275_p2          |      |        | add_ln339_452     | add | fabric    | 0       |
|   add_ln339_455_fu_158308_p2          |      |        | add_ln339_455     | add | fabric    | 0       |
|   add_ln339_456_fu_158314_p2          |      |        | add_ln339_456     | add | fabric    | 0       |
|   Tp_129_fu_158328_p2                 |      |        | Tp_129            | add | fabric    | 0       |
|   add_ln339_458_fu_158368_p2          |      |        | add_ln339_458     | add | fabric    | 0       |
|   add_ln339_461_fu_158401_p2          |      |        | add_ln339_461     | add | fabric    | 0       |
|   add_ln339_462_fu_158407_p2          |      |        | add_ln339_462     | add | fabric    | 0       |
|   Tp_131_fu_158421_p2                 |      |        | Tp_131            | add | fabric    | 0       |
|   sub_ln339_163_fu_148007_p2          |      |        | sub_ln339_163     | sub | fabric    | 0       |
|   add_ln339_464_fu_158438_p2          |      |        | add_ln339_464     | add | fabric    | 0       |
|   sub_ln339_164_fu_148024_p2          |      |        | sub_ln339_164     | sub | fabric    | 0       |
|   add_ln339_467_fu_158475_p2          |      |        | add_ln339_467     | add | fabric    | 0       |
|   add_ln339_468_fu_158489_p2          |      |        | add_ln339_468     | add | fabric    | 0       |
|   Tp_133_fu_158503_p2                 |      |        | Tp_133            | add | fabric    | 0       |
|   add_ln339_472_fu_158521_p2          |      |        | add_ln339_472     | add | fabric    | 0       |
|   Tp_135_fu_158535_p2                 |      |        | Tp_135            | add | fabric    | 0       |
|   add_ln339_476_fu_158553_p2          |      |        | add_ln339_476     | add | fabric    | 0       |
|   Tp_137_fu_158567_p2                 |      |        | Tp_137            | add | fabric    | 0       |
|   sub_ln339_168_fu_158606_p2          |      |        | sub_ln339_168     | sub | fabric    | 0       |
|   add_ln339_478_fu_158624_p2          |      |        | add_ln339_478     | add | fabric    | 0       |
|   Tp_138_fu_158650_p2                 |      |        | Tp_138            | add | fabric    | 0       |
|   sub_ln339_169_fu_148089_p2          |      |        | sub_ln339_169     | sub | fabric    | 0       |
|   addconv930_fu_148099_p2             |      |        | addconv930        | add | fabric    | 0       |
|   mul_ln339_726026_fu_158678_p2       |      |        | mul_ln339_726026  | sub | fabric    | 0       |
|   add_ln339_482_fu_158696_p2          |      |        | add_ln339_482     | add | fabric    | 0       |
|   add_ln339_483_fu_158706_p2          |      |        | add_ln339_483     | add | fabric    | 0       |
|   add_ln339_486_fu_158766_p2          |      |        | add_ln339_486     | add | fabric    | 0       |
|   add_ln339_489_fu_158799_p2          |      |        | add_ln339_489     | add | fabric    | 0       |
|   add_ln339_490_fu_158805_p2          |      |        | add_ln339_490     | add | fabric    | 0       |
|   Tp_141_fu_158819_p2                 |      |        | Tp_141            | add | fabric    | 0       |
|   add_ln339_492_fu_158859_p2          |      |        | add_ln339_492     | add | fabric    | 0       |
|   add_ln339_495_fu_158892_p2          |      |        | add_ln339_495     | add | fabric    | 0       |
|   add_ln339_496_fu_158898_p2          |      |        | add_ln339_496     | add | fabric    | 0       |
|   Tp_143_fu_158912_p2                 |      |        | Tp_143            | add | fabric    | 0       |
|   add_ln339_498_fu_158952_p2          |      |        | add_ln339_498     | add | fabric    | 0       |
|   add_ln339_501_fu_158985_p2          |      |        | add_ln339_501     | add | fabric    | 0       |
|   add_ln339_502_fu_158991_p2          |      |        | add_ln339_502     | add | fabric    | 0       |
|   Tp_145_fu_159005_p2                 |      |        | Tp_145            | add | fabric    | 0       |
|   add_ln339_504_fu_159045_p2          |      |        | add_ln339_504     | add | fabric    | 0       |
|   add_ln339_507_fu_159078_p2          |      |        | add_ln339_507     | add | fabric    | 0       |
|   add_ln339_508_fu_159084_p2          |      |        | add_ln339_508     | add | fabric    | 0       |
|   Tp_147_fu_159098_p2                 |      |        | Tp_147            | add | fabric    | 0       |
|   add_ln339_510_fu_159138_p2          |      |        | add_ln339_510     | add | fabric    | 0       |
|   add_ln339_514_fu_159171_p2          |      |        | add_ln339_514     | add | fabric    | 0       |
|   add_ln339_515_fu_159177_p2          |      |        | add_ln339_515     | add | fabric    | 0       |
|   Tp_149_fu_159191_p2                 |      |        | Tp_149            | add | fabric    | 0       |
|   add_ln339_517_fu_159231_p2          |      |        | add_ln339_517     | add | fabric    | 0       |
|   add_ln339_520_fu_159264_p2          |      |        | add_ln339_520     | add | fabric    | 0       |
|   add_ln339_521_fu_159270_p2          |      |        | add_ln339_521     | add | fabric    | 0       |
|   Tp_151_fu_159284_p2                 |      |        | Tp_151            | add | fabric    | 0       |
|   add_ln339_523_fu_159324_p2          |      |        | add_ln339_523     | add | fabric    | 0       |
|   add_ln339_526_fu_159357_p2          |      |        | add_ln339_526     | add | fabric    | 0       |
|   add_ln339_527_fu_159363_p2          |      |        | add_ln339_527     | add | fabric    | 0       |
|   Tp_153_fu_159377_p2                 |      |        | Tp_153            | add | fabric    | 0       |
|   add_ln339_529_fu_159417_p2          |      |        | add_ln339_529     | add | fabric    | 0       |
|   add_ln339_532_fu_159450_p2          |      |        | add_ln339_532     | add | fabric    | 0       |
|   add_ln339_533_fu_159456_p2          |      |        | add_ln339_533     | add | fabric    | 0       |
|   Tp_155_fu_159470_p2                 |      |        | Tp_155            | add | fabric    | 0       |
|   add_ln339_535_fu_159510_p2          |      |        | add_ln339_535     | add | fabric    | 0       |
|   add_ln339_538_fu_159543_p2          |      |        | add_ln339_538     | add | fabric    | 0       |
|   add_ln339_539_fu_159549_p2          |      |        | add_ln339_539     | add | fabric    | 0       |
|   Tp_157_fu_159563_p2                 |      |        | Tp_157            | add | fabric    | 0       |
|   add_ln339_541_fu_159603_p2          |      |        | add_ln339_541     | add | fabric    | 0       |
|   add_ln339_544_fu_159636_p2          |      |        | add_ln339_544     | add | fabric    | 0       |
|   add_ln339_545_fu_159642_p2          |      |        | add_ln339_545     | add | fabric    | 0       |
|   Tp_159_fu_159656_p2                 |      |        | Tp_159            | add | fabric    | 0       |
|   add_ln339_547_fu_159696_p2          |      |        | add_ln339_547     | add | fabric    | 0       |
|   add_ln339_550_fu_159729_p2          |      |        | add_ln339_550     | add | fabric    | 0       |
|   add_ln339_551_fu_159735_p2          |      |        | add_ln339_551     | add | fabric    | 0       |
|   Tp_161_fu_159749_p2                 |      |        | Tp_161            | add | fabric    | 0       |
|   add_ln339_553_fu_159766_p2          |      |        | add_ln339_553     | add | fabric    | 0       |
|   add_ln339_554_fu_159771_p2          |      |        | add_ln339_554     | add | fabric    | 0       |
|   Tp_162_fu_159781_p2                 |      |        | Tp_162            | add | fabric    | 0       |
|   add_ln339_556_fu_159798_p2          |      |        | add_ln339_556     | add | fabric    | 0       |
|   add_ln339_559_fu_159854_p2          |      |        | add_ln339_559     | add | fabric    | 0       |
|   add_ln339_562_fu_159887_p2          |      |        | add_ln339_562     | add | fabric    | 0       |
|   add_ln339_563_fu_159893_p2          |      |        | add_ln339_563     | add | fabric    | 0       |
|   Tp_165_fu_159907_p2                 |      |        | Tp_165            | add | fabric    | 0       |
|   add_ln339_565_fu_159947_p2          |      |        | add_ln339_565     | add | fabric    | 0       |
|   add_ln339_568_fu_159980_p2          |      |        | add_ln339_568     | add | fabric    | 0       |
|   add_ln339_569_fu_159986_p2          |      |        | add_ln339_569     | add | fabric    | 0       |
|   Tp_167_fu_160000_p2                 |      |        | Tp_167            | add | fabric    | 0       |
|   add_ln339_571_fu_160040_p2          |      |        | add_ln339_571     | add | fabric    | 0       |
|   add_ln339_574_fu_160073_p2          |      |        | add_ln339_574     | add | fabric    | 0       |
|   add_ln339_575_fu_160079_p2          |      |        | add_ln339_575     | add | fabric    | 0       |
|   Tp_169_fu_160093_p2                 |      |        | Tp_169            | add | fabric    | 0       |
|   add_ln339_577_fu_160133_p2          |      |        | add_ln339_577     | add | fabric    | 0       |
|   add_ln339_580_fu_160166_p2          |      |        | add_ln339_580     | add | fabric    | 0       |
|   add_ln339_581_fu_160172_p2          |      |        | add_ln339_581     | add | fabric    | 0       |
|   Tp_171_fu_160186_p2                 |      |        | Tp_171            | add | fabric    | 0       |
|   add_ln339_583_fu_160226_p2          |      |        | add_ln339_583     | add | fabric    | 0       |
|   add_ln339_586_fu_160259_p2          |      |        | add_ln339_586     | add | fabric    | 0       |
|   add_ln339_587_fu_160265_p2          |      |        | add_ln339_587     | add | fabric    | 0       |
|   Tp_173_fu_160279_p2                 |      |        | Tp_173            | add | fabric    | 0       |
|   add_ln339_589_fu_160319_p2          |      |        | add_ln339_589     | add | fabric    | 0       |
|   add_ln339_592_fu_160352_p2          |      |        | add_ln339_592     | add | fabric    | 0       |
|   add_ln339_593_fu_160358_p2          |      |        | add_ln339_593     | add | fabric    | 0       |
|   Tp_175_fu_160372_p2                 |      |        | Tp_175            | add | fabric    | 0       |
|   sub_ln339_206_fu_148133_p2          |      |        | sub_ln339_206     | sub | fabric    | 0       |
|   add_ln339_595_fu_160389_p2          |      |        | add_ln339_595     | add | fabric    | 0       |
|   sub_ln339_207_fu_148150_p2          |      |        | sub_ln339_207     | sub | fabric    | 0       |
|   add_ln339_598_fu_160426_p2          |      |        | add_ln339_598     | add | fabric    | 0       |
|   add_ln339_599_fu_160440_p2          |      |        | add_ln339_599     | add | fabric    | 0       |
|   Tp_177_fu_160454_p2                 |      |        | Tp_177            | add | fabric    | 0       |
|   add_ln339_603_fu_160472_p2          |      |        | add_ln339_603     | add | fabric    | 0       |
|   Tp_179_fu_160486_p2                 |      |        | Tp_179            | add | fabric    | 0       |
|   add_ln339_607_fu_160504_p2          |      |        | add_ln339_607     | add | fabric    | 0       |
|   Tp_181_fu_160518_p2                 |      |        | Tp_181            | add | fabric    | 0       |
|   add_ln339_611_fu_160536_p2          |      |        | add_ln339_611     | add | fabric    | 0       |
|   Tp_183_fu_160550_p2                 |      |        | Tp_183            | add | fabric    | 0       |
|   sub_ln339_211_fu_160589_p2          |      |        | sub_ln339_211     | sub | fabric    | 0       |
|   add_ln339_613_fu_160607_p2          |      |        | add_ln339_613     | add | fabric    | 0       |
|   Tp_184_fu_160633_p2                 |      |        | Tp_184            | add | fabric    | 0       |
|   sub_ln339_212_fu_148215_p2          |      |        | sub_ln339_212     | sub | fabric    | 0       |
|   addconv931_fu_148225_p2             |      |        | addconv931        | add | fabric    | 0       |
|   mul_ln339_926024_fu_160661_p2       |      |        | mul_ln339_926024  | sub | fabric    | 0       |
|   add_ln339_617_fu_160679_p2          |      |        | add_ln339_617     | add | fabric    | 0       |
|   add_ln339_618_fu_160689_p2          |      |        | add_ln339_618     | add | fabric    | 0       |
|   add_ln339_621_fu_160749_p2          |      |        | add_ln339_621     | add | fabric    | 0       |
|   add_ln339_624_fu_160782_p2          |      |        | add_ln339_624     | add | fabric    | 0       |
|   add_ln339_625_fu_160788_p2          |      |        | add_ln339_625     | add | fabric    | 0       |
|   Tp_187_fu_160802_p2                 |      |        | Tp_187            | add | fabric    | 0       |
|   add_ln339_627_fu_160842_p2          |      |        | add_ln339_627     | add | fabric    | 0       |
|   add_ln339_630_fu_160875_p2          |      |        | add_ln339_630     | add | fabric    | 0       |
|   add_ln339_631_fu_160881_p2          |      |        | add_ln339_631     | add | fabric    | 0       |
|   Tp_189_fu_160895_p2                 |      |        | Tp_189            | add | fabric    | 0       |
|   add_ln339_633_fu_160935_p2          |      |        | add_ln339_633     | add | fabric    | 0       |
|   add_ln339_636_fu_160968_p2          |      |        | add_ln339_636     | add | fabric    | 0       |
|   add_ln339_637_fu_160974_p2          |      |        | add_ln339_637     | add | fabric    | 0       |
|   Tp_191_fu_160988_p2                 |      |        | Tp_191            | add | fabric    | 0       |
|   add_ln339_639_fu_161028_p2          |      |        | add_ln339_639     | add | fabric    | 0       |
|   add_ln339_642_fu_161061_p2          |      |        | add_ln339_642     | add | fabric    | 0       |
|   add_ln339_643_fu_161067_p2          |      |        | add_ln339_643     | add | fabric    | 0       |
|   Tp_193_fu_161081_p2                 |      |        | Tp_193            | add | fabric    | 0       |
|   add_ln339_645_fu_161121_p2          |      |        | add_ln339_645     | add | fabric    | 0       |
|   add_ln339_648_fu_161154_p2          |      |        | add_ln339_648     | add | fabric    | 0       |
|   add_ln339_649_fu_161160_p2          |      |        | add_ln339_649     | add | fabric    | 0       |
|   Tp_195_fu_161174_p2                 |      |        | Tp_195            | add | fabric    | 0       |
|   add_ln339_651_fu_161214_p2          |      |        | add_ln339_651     | add | fabric    | 0       |
|   add_ln339_654_fu_161247_p2          |      |        | add_ln339_654     | add | fabric    | 0       |
|   add_ln339_655_fu_161253_p2          |      |        | add_ln339_655     | add | fabric    | 0       |
|   Tp_197_fu_161267_p2                 |      |        | Tp_197            | add | fabric    | 0       |
|   add_ln339_657_fu_161307_p2          |      |        | add_ln339_657     | add | fabric    | 0       |
|   add_ln339_660_fu_161340_p2          |      |        | add_ln339_660     | add | fabric    | 0       |
|   add_ln339_661_fu_161346_p2          |      |        | add_ln339_661     | add | fabric    | 0       |
|   Tp_199_fu_161360_p2                 |      |        | Tp_199            | add | fabric    | 0       |
|   add_ln339_664_fu_161400_p2          |      |        | add_ln339_664     | add | fabric    | 0       |
|   add_ln339_667_fu_161433_p2          |      |        | add_ln339_667     | add | fabric    | 0       |
|   add_ln339_668_fu_161439_p2          |      |        | add_ln339_668     | add | fabric    | 0       |
|   Tp_201_fu_161453_p2                 |      |        | Tp_201            | add | fabric    | 0       |
|   add_ln339_670_fu_161493_p2          |      |        | add_ln339_670     | add | fabric    | 0       |
|   add_ln339_673_fu_161526_p2          |      |        | add_ln339_673     | add | fabric    | 0       |
|   add_ln339_674_fu_161532_p2          |      |        | add_ln339_674     | add | fabric    | 0       |
|   Tp_203_fu_161546_p2                 |      |        | Tp_203            | add | fabric    | 0       |
|   add_ln339_676_fu_161586_p2          |      |        | add_ln339_676     | add | fabric    | 0       |
|   add_ln339_679_fu_161619_p2          |      |        | add_ln339_679     | add | fabric    | 0       |
|   add_ln339_680_fu_161625_p2          |      |        | add_ln339_680     | add | fabric    | 0       |
|   Tp_205_fu_161639_p2                 |      |        | Tp_205            | add | fabric    | 0       |
|   add_ln339_682_fu_161656_p2          |      |        | add_ln339_682     | add | fabric    | 0       |
|   add_ln339_683_fu_161661_p2          |      |        | add_ln339_683     | add | fabric    | 0       |
|   Tp_206_fu_161671_p2                 |      |        | Tp_206            | add | fabric    | 0       |
|   add_ln339_685_fu_161688_p2          |      |        | add_ln339_685     | add | fabric    | 0       |
|   add_ln339_688_fu_161744_p2          |      |        | add_ln339_688     | add | fabric    | 0       |
|   add_ln339_691_fu_161777_p2          |      |        | add_ln339_691     | add | fabric    | 0       |
|   add_ln339_692_fu_161783_p2          |      |        | add_ln339_692     | add | fabric    | 0       |
|   Tp_209_fu_161797_p2                 |      |        | Tp_209            | add | fabric    | 0       |
|   add_ln339_694_fu_161837_p2          |      |        | add_ln339_694     | add | fabric    | 0       |
|   add_ln339_697_fu_161870_p2          |      |        | add_ln339_697     | add | fabric    | 0       |
|   add_ln339_698_fu_161876_p2          |      |        | add_ln339_698     | add | fabric    | 0       |
|   Tp_211_fu_161890_p2                 |      |        | Tp_211            | add | fabric    | 0       |
|   add_ln339_700_fu_161930_p2          |      |        | add_ln339_700     | add | fabric    | 0       |
|   add_ln339_703_fu_161963_p2          |      |        | add_ln339_703     | add | fabric    | 0       |
|   add_ln339_704_fu_161969_p2          |      |        | add_ln339_704     | add | fabric    | 0       |
|   Tp_213_fu_161983_p2                 |      |        | Tp_213            | add | fabric    | 0       |
|   add_ln339_706_fu_162023_p2          |      |        | add_ln339_706     | add | fabric    | 0       |
|   add_ln339_709_fu_162056_p2          |      |        | add_ln339_709     | add | fabric    | 0       |
|   add_ln339_710_fu_162062_p2          |      |        | add_ln339_710     | add | fabric    | 0       |
|   Tp_215_fu_162076_p2                 |      |        | Tp_215            | add | fabric    | 0       |
|   add_ln339_712_fu_162116_p2          |      |        | add_ln339_712     | add | fabric    | 0       |
|   add_ln339_715_fu_162149_p2          |      |        | add_ln339_715     | add | fabric    | 0       |
|   add_ln339_716_fu_162155_p2          |      |        | add_ln339_716     | add | fabric    | 0       |
|   Tp_217_fu_162169_p2                 |      |        | Tp_217            | add | fabric    | 0       |
|   add_ln339_718_fu_162209_p2          |      |        | add_ln339_718     | add | fabric    | 0       |
|   add_ln339_721_fu_162242_p2          |      |        | add_ln339_721     | add | fabric    | 0       |
|   add_ln339_722_fu_162248_p2          |      |        | add_ln339_722     | add | fabric    | 0       |
|   Tp_219_fu_162262_p2                 |      |        | Tp_219            | add | fabric    | 0       |
|   sub_ln339_247_fu_148259_p2          |      |        | sub_ln339_247     | sub | fabric    | 0       |
|   add_ln339_724_fu_162279_p2          |      |        | add_ln339_724     | add | fabric    | 0       |
|   sub_ln339_248_fu_148276_p2          |      |        | sub_ln339_248     | sub | fabric    | 0       |
|   add_ln339_727_fu_162316_p2          |      |        | add_ln339_727     | add | fabric    | 0       |
|   add_ln339_728_fu_162330_p2          |      |        | add_ln339_728     | add | fabric    | 0       |
|   Tp_221_fu_162344_p2                 |      |        | Tp_221            | add | fabric    | 0       |
|   add_ln339_732_fu_162362_p2          |      |        | add_ln339_732     | add | fabric    | 0       |
|   Tp_223_fu_162376_p2                 |      |        | Tp_223            | add | fabric    | 0       |
|   add_ln339_736_fu_162394_p2          |      |        | add_ln339_736     | add | fabric    | 0       |
|   Tp_225_fu_162408_p2                 |      |        | Tp_225            | add | fabric    | 0       |
|   add_ln339_740_fu_162426_p2          |      |        | add_ln339_740     | add | fabric    | 0       |
|   Tp_227_fu_162440_p2                 |      |        | Tp_227            | add | fabric    | 0       |
|   add_ln339_744_fu_162458_p2          |      |        | add_ln339_744     | add | fabric    | 0       |
|   Tp_229_fu_162472_p2                 |      |        | Tp_229            | add | fabric    | 0       |
|   sub_ln339_252_fu_162511_p2          |      |        | sub_ln339_252     | sub | fabric    | 0       |
|   add_ln339_746_fu_162529_p2          |      |        | add_ln339_746     | add | fabric    | 0       |
|   Tp_230_fu_162555_p2                 |      |        | Tp_230            | add | fabric    | 0       |
|   sub_ln339_253_fu_148341_p2          |      |        | sub_ln339_253     | sub | fabric    | 0       |
|   addconv932_fu_148351_p2             |      |        | addconv932        | add | fabric    | 0       |
|   mul_ln339_1126022_fu_162583_p2      |      |        | mul_ln339_1126022 | sub | fabric    | 0       |
|   add_ln339_750_fu_162601_p2          |      |        | add_ln339_750     | add | fabric    | 0       |
|   add_ln339_751_fu_162611_p2          |      |        | add_ln339_751     | add | fabric    | 0       |
|   add_ln339_754_fu_162671_p2          |      |        | add_ln339_754     | add | fabric    | 0       |
|   add_ln339_757_fu_162704_p2          |      |        | add_ln339_757     | add | fabric    | 0       |
|   add_ln339_758_fu_162710_p2          |      |        | add_ln339_758     | add | fabric    | 0       |
|   Tp_233_fu_162724_p2                 |      |        | Tp_233            | add | fabric    | 0       |
|   add_ln339_760_fu_162764_p2          |      |        | add_ln339_760     | add | fabric    | 0       |
|   add_ln339_763_fu_162797_p2          |      |        | add_ln339_763     | add | fabric    | 0       |
|   add_ln339_764_fu_162803_p2          |      |        | add_ln339_764     | add | fabric    | 0       |
|   Tp_235_fu_162817_p2                 |      |        | Tp_235            | add | fabric    | 0       |
|   add_ln339_766_fu_162857_p2          |      |        | add_ln339_766     | add | fabric    | 0       |
|   add_ln339_769_fu_162890_p2          |      |        | add_ln339_769     | add | fabric    | 0       |
|   add_ln339_770_fu_162896_p2          |      |        | add_ln339_770     | add | fabric    | 0       |
|   Tp_237_fu_162910_p2                 |      |        | Tp_237            | add | fabric    | 0       |
|   add_ln339_772_fu_162950_p2          |      |        | add_ln339_772     | add | fabric    | 0       |
|   add_ln339_775_fu_162983_p2          |      |        | add_ln339_775     | add | fabric    | 0       |
|   add_ln339_776_fu_162989_p2          |      |        | add_ln339_776     | add | fabric    | 0       |
|   Tp_239_fu_163003_p2                 |      |        | Tp_239            | add | fabric    | 0       |
|   add_ln339_778_fu_163043_p2          |      |        | add_ln339_778     | add | fabric    | 0       |
|   add_ln339_781_fu_163076_p2          |      |        | add_ln339_781     | add | fabric    | 0       |
|   add_ln339_782_fu_163082_p2          |      |        | add_ln339_782     | add | fabric    | 0       |
|   Tp_241_fu_163096_p2                 |      |        | Tp_241            | add | fabric    | 0       |
|   add_ln339_784_fu_163136_p2          |      |        | add_ln339_784     | add | fabric    | 0       |
|   add_ln339_787_fu_163169_p2          |      |        | add_ln339_787     | add | fabric    | 0       |
|   add_ln339_788_fu_163175_p2          |      |        | add_ln339_788     | add | fabric    | 0       |
|   Tp_243_fu_163189_p2                 |      |        | Tp_243            | add | fabric    | 0       |
|   add_ln339_790_fu_163229_p2          |      |        | add_ln339_790     | add | fabric    | 0       |
|   add_ln339_793_fu_163262_p2          |      |        | add_ln339_793     | add | fabric    | 0       |
|   add_ln339_794_fu_163268_p2          |      |        | add_ln339_794     | add | fabric    | 0       |
|   Tp_245_fu_163282_p2                 |      |        | Tp_245            | add | fabric    | 0       |
|   add_ln339_796_fu_163322_p2          |      |        | add_ln339_796     | add | fabric    | 0       |
|   add_ln339_799_fu_163355_p2          |      |        | add_ln339_799     | add | fabric    | 0       |
|   add_ln339_800_fu_163361_p2          |      |        | add_ln339_800     | add | fabric    | 0       |
|   Tp_247_fu_163375_p2                 |      |        | Tp_247            | add | fabric    | 0       |
|   add_ln339_802_fu_163415_p2          |      |        | add_ln339_802     | add | fabric    | 0       |
|   add_ln339_805_fu_163448_p2          |      |        | add_ln339_805     | add | fabric    | 0       |
|   add_ln339_806_fu_163454_p2          |      |        | add_ln339_806     | add | fabric    | 0       |
|   Tp_249_fu_163468_p2                 |      |        | Tp_249            | add | fabric    | 0       |
|   add_ln339_808_fu_163485_p2          |      |        | add_ln339_808     | add | fabric    | 0       |
|   add_ln339_809_fu_163490_p2          |      |        | add_ln339_809     | add | fabric    | 0       |
|   Tp_250_fu_163500_p2                 |      |        | Tp_250            | add | fabric    | 0       |
|   add_ln339_812_fu_163517_p2          |      |        | add_ln339_812     | add | fabric    | 0       |
|   add_ln339_815_fu_163573_p2          |      |        | add_ln339_815     | add | fabric    | 0       |
|   add_ln339_818_fu_163606_p2          |      |        | add_ln339_818     | add | fabric    | 0       |
|   add_ln339_819_fu_163612_p2          |      |        | add_ln339_819     | add | fabric    | 0       |
|   Tp_253_fu_163626_p2                 |      |        | Tp_253            | add | fabric    | 0       |
|   add_ln339_821_fu_163666_p2          |      |        | add_ln339_821     | add | fabric    | 0       |
|   add_ln339_824_fu_163699_p2          |      |        | add_ln339_824     | add | fabric    | 0       |
|   add_ln339_825_fu_163705_p2          |      |        | add_ln339_825     | add | fabric    | 0       |
|   Tp_255_fu_163719_p2                 |      |        | Tp_255            | add | fabric    | 0       |
|   add_ln339_827_fu_163759_p2          |      |        | add_ln339_827     | add | fabric    | 0       |
|   add_ln339_830_fu_163792_p2          |      |        | add_ln339_830     | add | fabric    | 0       |
|   add_ln339_831_fu_163798_p2          |      |        | add_ln339_831     | add | fabric    | 0       |
|   Tp_257_fu_163812_p2                 |      |        | Tp_257            | add | fabric    | 0       |
|   add_ln339_833_fu_163852_p2          |      |        | add_ln339_833     | add | fabric    | 0       |
|   add_ln339_836_fu_163885_p2          |      |        | add_ln339_836     | add | fabric    | 0       |
|   add_ln339_837_fu_163891_p2          |      |        | add_ln339_837     | add | fabric    | 0       |
|   Tp_259_fu_163905_p2                 |      |        | Tp_259            | add | fabric    | 0       |
|   add_ln339_839_fu_163945_p2          |      |        | add_ln339_839     | add | fabric    | 0       |
|   add_ln339_842_fu_163978_p2          |      |        | add_ln339_842     | add | fabric    | 0       |
|   add_ln339_843_fu_163984_p2          |      |        | add_ln339_843     | add | fabric    | 0       |
|   Tp_261_fu_163998_p2                 |      |        | Tp_261            | add | fabric    | 0       |
|   add_ln339_845_fu_164038_p2          |      |        | add_ln339_845     | add | fabric    | 0       |
|   add_ln339_848_fu_164071_p2          |      |        | add_ln339_848     | add | fabric    | 0       |
|   add_ln339_849_fu_164077_p2          |      |        | add_ln339_849     | add | fabric    | 0       |
|   Tp_263_fu_164091_p2                 |      |        | Tp_263            | add | fabric    | 0       |
|   sub_ln339_286_fu_148385_p2          |      |        | sub_ln339_286     | sub | fabric    | 0       |
|   add_ln339_851_fu_164108_p2          |      |        | add_ln339_851     | add | fabric    | 0       |
|   sub_ln339_287_fu_148402_p2          |      |        | sub_ln339_287     | sub | fabric    | 0       |
|   add_ln339_854_fu_164145_p2          |      |        | add_ln339_854     | add | fabric    | 0       |
|   add_ln339_855_fu_164159_p2          |      |        | add_ln339_855     | add | fabric    | 0       |
|   Tp_265_fu_164173_p2                 |      |        | Tp_265            | add | fabric    | 0       |
|   add_ln339_859_fu_164191_p2          |      |        | add_ln339_859     | add | fabric    | 0       |
|   Tp_267_fu_164205_p2                 |      |        | Tp_267            | add | fabric    | 0       |
|   add_ln339_863_fu_164223_p2          |      |        | add_ln339_863     | add | fabric    | 0       |
|   Tp_269_fu_164237_p2                 |      |        | Tp_269            | add | fabric    | 0       |
|   add_ln339_867_fu_164255_p2          |      |        | add_ln339_867     | add | fabric    | 0       |
|   Tp_271_fu_164269_p2                 |      |        | Tp_271            | add | fabric    | 0       |
|   add_ln339_871_fu_164287_p2          |      |        | add_ln339_871     | add | fabric    | 0       |
|   Tp_273_fu_164301_p2                 |      |        | Tp_273            | add | fabric    | 0       |
|   add_ln339_875_fu_164319_p2          |      |        | add_ln339_875     | add | fabric    | 0       |
|   Tp_275_fu_164333_p2                 |      |        | Tp_275            | add | fabric    | 0       |
|   sub_ln339_291_fu_164372_p2          |      |        | sub_ln339_291     | sub | fabric    | 0       |
|   add_ln339_877_fu_164390_p2          |      |        | add_ln339_877     | add | fabric    | 0       |
|   Tp_276_fu_164416_p2                 |      |        | Tp_276            | add | fabric    | 0       |
|   sub_ln339_292_fu_148467_p2          |      |        | sub_ln339_292     | sub | fabric    | 0       |
|   addconv933_fu_148477_p2             |      |        | addconv933        | add | fabric    | 0       |
|   mul_ln339_1326020_fu_164444_p2      |      |        | mul_ln339_1326020 | sub | fabric    | 0       |
|   add_ln339_881_fu_164462_p2          |      |        | add_ln339_881     | add | fabric    | 0       |
|   add_ln339_882_fu_164472_p2          |      |        | add_ln339_882     | add | fabric    | 0       |
|   add_ln339_885_fu_164532_p2          |      |        | add_ln339_885     | add | fabric    | 0       |
|   add_ln339_888_fu_164565_p2          |      |        | add_ln339_888     | add | fabric    | 0       |
|   add_ln339_889_fu_164571_p2          |      |        | add_ln339_889     | add | fabric    | 0       |
|   Tp_279_fu_164585_p2                 |      |        | Tp_279            | add | fabric    | 0       |
|   add_ln339_891_fu_164625_p2          |      |        | add_ln339_891     | add | fabric    | 0       |
|   add_ln339_894_fu_164658_p2          |      |        | add_ln339_894     | add | fabric    | 0       |
|   add_ln339_895_fu_164664_p2          |      |        | add_ln339_895     | add | fabric    | 0       |
|   Tp_281_fu_164678_p2                 |      |        | Tp_281            | add | fabric    | 0       |
|   add_ln339_897_fu_164718_p2          |      |        | add_ln339_897     | add | fabric    | 0       |
|   add_ln339_900_fu_164751_p2          |      |        | add_ln339_900     | add | fabric    | 0       |
|   add_ln339_901_fu_164757_p2          |      |        | add_ln339_901     | add | fabric    | 0       |
|   Tp_283_fu_164771_p2                 |      |        | Tp_283            | add | fabric    | 0       |
|   add_ln339_903_fu_164811_p2          |      |        | add_ln339_903     | add | fabric    | 0       |
|   add_ln339_906_fu_164844_p2          |      |        | add_ln339_906     | add | fabric    | 0       |
|   add_ln339_907_fu_164850_p2          |      |        | add_ln339_907     | add | fabric    | 0       |
|   Tp_285_fu_164864_p2                 |      |        | Tp_285            | add | fabric    | 0       |
|   add_ln339_909_fu_164904_p2          |      |        | add_ln339_909     | add | fabric    | 0       |
|   add_ln339_912_fu_164937_p2          |      |        | add_ln339_912     | add | fabric    | 0       |
|   add_ln339_913_fu_164943_p2          |      |        | add_ln339_913     | add | fabric    | 0       |
|   Tp_287_fu_164957_p2                 |      |        | Tp_287            | add | fabric    | 0       |
|   add_ln339_915_fu_164997_p2          |      |        | add_ln339_915     | add | fabric    | 0       |
|   add_ln339_918_fu_165030_p2          |      |        | add_ln339_918     | add | fabric    | 0       |
|   add_ln339_919_fu_165036_p2          |      |        | add_ln339_919     | add | fabric    | 0       |
|   Tp_289_fu_165050_p2                 |      |        | Tp_289            | add | fabric    | 0       |
|   add_ln339_921_fu_165090_p2          |      |        | add_ln339_921     | add | fabric    | 0       |
|   add_ln339_924_fu_165123_p2          |      |        | add_ln339_924     | add | fabric    | 0       |
|   add_ln339_925_fu_165129_p2          |      |        | add_ln339_925     | add | fabric    | 0       |
|   Tp_291_fu_165143_p2                 |      |        | Tp_291            | add | fabric    | 0       |
|   add_ln339_927_fu_165183_p2          |      |        | add_ln339_927     | add | fabric    | 0       |
|   add_ln339_930_fu_165216_p2          |      |        | add_ln339_930     | add | fabric    | 0       |
|   add_ln339_931_fu_165222_p2          |      |        | add_ln339_931     | add | fabric    | 0       |
|   Tp_293_fu_165236_p2                 |      |        | Tp_293            | add | fabric    | 0       |
|   add_ln339_933_fu_165253_p2          |      |        | add_ln339_933     | add | fabric    | 0       |
|   add_ln339_934_fu_165258_p2          |      |        | add_ln339_934     | add | fabric    | 0       |
|   Tp_294_fu_165268_p2                 |      |        | Tp_294            | add | fabric    | 0       |
|   add_ln339_936_fu_165285_p2          |      |        | add_ln339_936     | add | fabric    | 0       |
|   add_ln339_939_fu_165341_p2          |      |        | add_ln339_939     | add | fabric    | 0       |
|   add_ln339_942_fu_165374_p2          |      |        | add_ln339_942     | add | fabric    | 0       |
|   add_ln339_943_fu_165380_p2          |      |        | add_ln339_943     | add | fabric    | 0       |
|   Tp_297_fu_165394_p2                 |      |        | Tp_297            | add | fabric    | 0       |
|   add_ln339_945_fu_165434_p2          |      |        | add_ln339_945     | add | fabric    | 0       |
|   add_ln339_948_fu_165467_p2          |      |        | add_ln339_948     | add | fabric    | 0       |
|   add_ln339_949_fu_165473_p2          |      |        | add_ln339_949     | add | fabric    | 0       |
|   Tp_299_fu_165487_p2                 |      |        | Tp_299            | add | fabric    | 0       |
|   add_ln339_951_fu_165527_p2          |      |        | add_ln339_951     | add | fabric    | 0       |
|   add_ln339_954_fu_165560_p2          |      |        | add_ln339_954     | add | fabric    | 0       |
|   add_ln339_955_fu_165566_p2          |      |        | add_ln339_955     | add | fabric    | 0       |
|   Tp_301_fu_165580_p2                 |      |        | Tp_301            | add | fabric    | 0       |
|   add_ln339_958_fu_165620_p2          |      |        | add_ln339_958     | add | fabric    | 0       |
|   add_ln339_961_fu_165653_p2          |      |        | add_ln339_961     | add | fabric    | 0       |
|   add_ln339_962_fu_165659_p2          |      |        | add_ln339_962     | add | fabric    | 0       |
|   Tp_303_fu_165673_p2                 |      |        | Tp_303            | add | fabric    | 0       |
|   add_ln339_964_fu_165713_p2          |      |        | add_ln339_964     | add | fabric    | 0       |
|   add_ln339_967_fu_165746_p2          |      |        | add_ln339_967     | add | fabric    | 0       |
|   add_ln339_968_fu_165752_p2          |      |        | add_ln339_968     | add | fabric    | 0       |
|   Tp_305_fu_165766_p2                 |      |        | Tp_305            | add | fabric    | 0       |
|   add_ln339_970_fu_165806_p2          |      |        | add_ln339_970     | add | fabric    | 0       |
|   add_ln339_973_fu_165839_p2          |      |        | add_ln339_973     | add | fabric    | 0       |
|   add_ln339_974_fu_165845_p2          |      |        | add_ln339_974     | add | fabric    | 0       |
|   Tp_307_fu_165859_p2                 |      |        | Tp_307            | add | fabric    | 0       |
|   sub_ln339_323_fu_148511_p2          |      |        | sub_ln339_323     | sub | fabric    | 0       |
|   add_ln339_976_fu_165876_p2          |      |        | add_ln339_976     | add | fabric    | 0       |
|   sub_ln339_324_fu_148528_p2          |      |        | sub_ln339_324     | sub | fabric    | 0       |
|   add_ln339_979_fu_165913_p2          |      |        | add_ln339_979     | add | fabric    | 0       |
|   add_ln339_980_fu_165927_p2          |      |        | add_ln339_980     | add | fabric    | 0       |
|   Tp_309_fu_165941_p2                 |      |        | Tp_309            | add | fabric    | 0       |
|   add_ln339_984_fu_165959_p2          |      |        | add_ln339_984     | add | fabric    | 0       |
|   Tp_311_fu_165973_p2                 |      |        | Tp_311            | add | fabric    | 0       |
|   add_ln339_988_fu_165991_p2          |      |        | add_ln339_988     | add | fabric    | 0       |
|   Tp_313_fu_166005_p2                 |      |        | Tp_313            | add | fabric    | 0       |
|   add_ln339_992_fu_166023_p2          |      |        | add_ln339_992     | add | fabric    | 0       |
|   Tp_315_fu_166037_p2                 |      |        | Tp_315            | add | fabric    | 0       |
|   add_ln339_996_fu_166055_p2          |      |        | add_ln339_996     | add | fabric    | 0       |
|   Tp_317_fu_166069_p2                 |      |        | Tp_317            | add | fabric    | 0       |
|   add_ln339_1000_fu_166087_p2         |      |        | add_ln339_1000    | add | fabric    | 0       |
|   Tp_319_fu_166101_p2                 |      |        | Tp_319            | add | fabric    | 0       |
|   add_ln339_1004_fu_166119_p2         |      |        | add_ln339_1004    | add | fabric    | 0       |
|   Tp_321_fu_166133_p2                 |      |        | Tp_321            | add | fabric    | 0       |
|   sub_ln339_328_fu_166172_p2          |      |        | sub_ln339_328     | sub | fabric    | 0       |
|   add_ln339_1006_fu_166190_p2         |      |        | add_ln339_1006    | add | fabric    | 0       |
|   Tp_322_fu_166216_p2                 |      |        | Tp_322            | add | fabric    | 0       |
|   sub_ln339_329_fu_148593_p2          |      |        | sub_ln339_329     | sub | fabric    | 0       |
|   addconv934_fu_148603_p2             |      |        | addconv934        | add | fabric    | 0       |
|   mul_ln339_1526018_fu_166244_p2      |      |        | mul_ln339_1526018 | sub | fabric    | 0       |
|   add_ln339_1010_fu_166262_p2         |      |        | add_ln339_1010    | add | fabric    | 0       |
|   add_ln339_1011_fu_166272_p2         |      |        | add_ln339_1011    | add | fabric    | 0       |
|   add_ln339_1014_fu_166332_p2         |      |        | add_ln339_1014    | add | fabric    | 0       |
|   add_ln339_1017_fu_166365_p2         |      |        | add_ln339_1017    | add | fabric    | 0       |
|   add_ln339_1018_fu_166371_p2         |      |        | add_ln339_1018    | add | fabric    | 0       |
|   Tp_325_fu_166385_p2                 |      |        | Tp_325            | add | fabric    | 0       |
|   add_ln339_1020_fu_166425_p2         |      |        | add_ln339_1020    | add | fabric    | 0       |
|   add_ln339_1023_fu_166458_p2         |      |        | add_ln339_1023    | add | fabric    | 0       |
|   add_ln339_1024_fu_166464_p2         |      |        | add_ln339_1024    | add | fabric    | 0       |
|   Tp_327_fu_166478_p2                 |      |        | Tp_327            | add | fabric    | 0       |
|   add_ln339_1026_fu_166518_p2         |      |        | add_ln339_1026    | add | fabric    | 0       |
|   add_ln339_1029_fu_166551_p2         |      |        | add_ln339_1029    | add | fabric    | 0       |
|   add_ln339_1030_fu_166557_p2         |      |        | add_ln339_1030    | add | fabric    | 0       |
|   Tp_329_fu_166571_p2                 |      |        | Tp_329            | add | fabric    | 0       |
|   add_ln339_1032_fu_166611_p2         |      |        | add_ln339_1032    | add | fabric    | 0       |
|   add_ln339_1035_fu_166644_p2         |      |        | add_ln339_1035    | add | fabric    | 0       |
|   add_ln339_1036_fu_166650_p2         |      |        | add_ln339_1036    | add | fabric    | 0       |
|   Tp_331_fu_166664_p2                 |      |        | Tp_331            | add | fabric    | 0       |
|   add_ln339_1038_fu_166704_p2         |      |        | add_ln339_1038    | add | fabric    | 0       |
|   add_ln339_1041_fu_166737_p2         |      |        | add_ln339_1041    | add | fabric    | 0       |
|   add_ln339_1042_fu_166743_p2         |      |        | add_ln339_1042    | add | fabric    | 0       |
|   Tp_333_fu_166757_p2                 |      |        | Tp_333            | add | fabric    | 0       |
|   add_ln339_1044_fu_166797_p2         |      |        | add_ln339_1044    | add | fabric    | 0       |
|   add_ln339_1047_fu_166830_p2         |      |        | add_ln339_1047    | add | fabric    | 0       |
|   add_ln339_1048_fu_166836_p2         |      |        | add_ln339_1048    | add | fabric    | 0       |
|   Tp_335_fu_166850_p2                 |      |        | Tp_335            | add | fabric    | 0       |
|   add_ln339_1050_fu_166890_p2         |      |        | add_ln339_1050    | add | fabric    | 0       |
|   add_ln339_1053_fu_166923_p2         |      |        | add_ln339_1053    | add | fabric    | 0       |
|   add_ln339_1054_fu_166929_p2         |      |        | add_ln339_1054    | add | fabric    | 0       |
|   Tp_337_fu_166943_p2                 |      |        | Tp_337            | add | fabric    | 0       |
|   add_ln339_1056_fu_166960_p2         |      |        | add_ln339_1056    | add | fabric    | 0       |
|   add_ln339_1057_fu_166965_p2         |      |        | add_ln339_1057    | add | fabric    | 0       |
|   Tp_338_fu_166975_p2                 |      |        | Tp_338            | add | fabric    | 0       |
|   add_ln339_1059_fu_166992_p2         |      |        | add_ln339_1059    | add | fabric    | 0       |
|   add_ln339_1062_fu_167048_p2         |      |        | add_ln339_1062    | add | fabric    | 0       |
|   add_ln339_1065_fu_167081_p2         |      |        | add_ln339_1065    | add | fabric    | 0       |
|   add_ln339_1066_fu_167087_p2         |      |        | add_ln339_1066    | add | fabric    | 0       |
|   Tp_341_fu_167101_p2                 |      |        | Tp_341            | add | fabric    | 0       |
|   add_ln339_1068_fu_167141_p2         |      |        | add_ln339_1068    | add | fabric    | 0       |
|   add_ln339_1071_fu_167174_p2         |      |        | add_ln339_1071    | add | fabric    | 0       |
|   add_ln339_1072_fu_167180_p2         |      |        | add_ln339_1072    | add | fabric    | 0       |
|   Tp_343_fu_167194_p2                 |      |        | Tp_343            | add | fabric    | 0       |
|   add_ln339_1074_fu_167234_p2         |      |        | add_ln339_1074    | add | fabric    | 0       |
|   add_ln339_1077_fu_167267_p2         |      |        | add_ln339_1077    | add | fabric    | 0       |
|   add_ln339_1078_fu_167273_p2         |      |        | add_ln339_1078    | add | fabric    | 0       |
|   Tp_345_fu_167287_p2                 |      |        | Tp_345            | add | fabric    | 0       |
|   add_ln339_1080_fu_167327_p2         |      |        | add_ln339_1080    | add | fabric    | 0       |
|   add_ln339_1083_fu_167360_p2         |      |        | add_ln339_1083    | add | fabric    | 0       |
|   add_ln339_1084_fu_167366_p2         |      |        | add_ln339_1084    | add | fabric    | 0       |
|   Tp_347_fu_167380_p2                 |      |        | Tp_347            | add | fabric    | 0       |
|   add_ln339_1086_fu_167420_p2         |      |        | add_ln339_1086    | add | fabric    | 0       |
|   add_ln339_1089_fu_167453_p2         |      |        | add_ln339_1089    | add | fabric    | 0       |
|   add_ln339_1090_fu_167459_p2         |      |        | add_ln339_1090    | add | fabric    | 0       |
|   Tp_349_fu_167473_p2                 |      |        | Tp_349            | add | fabric    | 0       |
|   add_ln339_1092_fu_167513_p2         |      |        | add_ln339_1092    | add | fabric    | 0       |
|   add_ln339_1095_fu_167546_p2         |      |        | add_ln339_1095    | add | fabric    | 0       |
|   add_ln339_1096_fu_167552_p2         |      |        | add_ln339_1096    | add | fabric    | 0       |
|   Tp_351_fu_167566_p2                 |      |        | Tp_351            | add | fabric    | 0       |
|   sub_ln339_358_fu_148637_p2          |      |        | sub_ln339_358     | sub | fabric    | 0       |
|   add_ln339_1098_fu_167583_p2         |      |        | add_ln339_1098    | add | fabric    | 0       |
|   sub_ln339_359_fu_148654_p2          |      |        | sub_ln339_359     | sub | fabric    | 0       |
|   add_ln339_1102_fu_167620_p2         |      |        | add_ln339_1102    | add | fabric    | 0       |
|   add_ln339_1103_fu_167634_p2         |      |        | add_ln339_1103    | add | fabric    | 0       |
|   Tp_353_fu_167648_p2                 |      |        | Tp_353            | add | fabric    | 0       |
|   add_ln339_1107_fu_167666_p2         |      |        | add_ln339_1107    | add | fabric    | 0       |
|   Tp_355_fu_167680_p2                 |      |        | Tp_355            | add | fabric    | 0       |
|   add_ln339_1111_fu_167698_p2         |      |        | add_ln339_1111    | add | fabric    | 0       |
|   Tp_357_fu_167712_p2                 |      |        | Tp_357            | add | fabric    | 0       |
|   add_ln339_1115_fu_167730_p2         |      |        | add_ln339_1115    | add | fabric    | 0       |
|   Tp_359_fu_167744_p2                 |      |        | Tp_359            | add | fabric    | 0       |
|   add_ln339_1119_fu_167762_p2         |      |        | add_ln339_1119    | add | fabric    | 0       |
|   Tp_361_fu_167776_p2                 |      |        | Tp_361            | add | fabric    | 0       |
|   add_ln339_1123_fu_167794_p2         |      |        | add_ln339_1123    | add | fabric    | 0       |
|   Tp_363_fu_167808_p2                 |      |        | Tp_363            | add | fabric    | 0       |
|   add_ln339_1127_fu_167826_p2         |      |        | add_ln339_1127    | add | fabric    | 0       |
|   Tp_365_fu_167840_p2                 |      |        | Tp_365            | add | fabric    | 0       |
|   add_ln339_1131_fu_167858_p2         |      |        | add_ln339_1131    | add | fabric    | 0       |
|   Tp_367_fu_167872_p2                 |      |        | Tp_367            | add | fabric    | 0       |
|   sub_ln339_363_fu_167911_p2          |      |        | sub_ln339_363     | sub | fabric    | 0       |
|   add_ln339_1133_fu_167929_p2         |      |        | add_ln339_1133    | add | fabric    | 0       |
|   Tp_368_fu_167955_p2                 |      |        | Tp_368            | add | fabric    | 0       |
|   sub_ln339_364_fu_148719_p2          |      |        | sub_ln339_364     | sub | fabric    | 0       |
|   addconv935_fu_148729_p2             |      |        | addconv935        | add | fabric    | 0       |
|   mul_ln339_1726016_fu_167983_p2      |      |        | mul_ln339_1726016 | sub | fabric    | 0       |
|   add_ln339_1137_fu_168001_p2         |      |        | add_ln339_1137    | add | fabric    | 0       |
|   add_ln339_1138_fu_168011_p2         |      |        | add_ln339_1138    | add | fabric    | 0       |
|   add_ln339_1141_fu_168071_p2         |      |        | add_ln339_1141    | add | fabric    | 0       |
|   add_ln339_1144_fu_168104_p2         |      |        | add_ln339_1144    | add | fabric    | 0       |
|   add_ln339_1145_fu_168110_p2         |      |        | add_ln339_1145    | add | fabric    | 0       |
|   Tp_371_fu_168124_p2                 |      |        | Tp_371            | add | fabric    | 0       |
|   add_ln339_1147_fu_168164_p2         |      |        | add_ln339_1147    | add | fabric    | 0       |
|   add_ln339_1150_fu_168197_p2         |      |        | add_ln339_1150    | add | fabric    | 0       |
|   add_ln339_1151_fu_168203_p2         |      |        | add_ln339_1151    | add | fabric    | 0       |
|   Tp_373_fu_168217_p2                 |      |        | Tp_373            | add | fabric    | 0       |
|   add_ln339_1153_fu_168257_p2         |      |        | add_ln339_1153    | add | fabric    | 0       |
|   add_ln339_1156_fu_168290_p2         |      |        | add_ln339_1156    | add | fabric    | 0       |
|   add_ln339_1157_fu_168296_p2         |      |        | add_ln339_1157    | add | fabric    | 0       |
|   Tp_375_fu_168310_p2                 |      |        | Tp_375            | add | fabric    | 0       |
|   add_ln339_1159_fu_168350_p2         |      |        | add_ln339_1159    | add | fabric    | 0       |
|   add_ln339_1162_fu_168383_p2         |      |        | add_ln339_1162    | add | fabric    | 0       |
|   add_ln339_1163_fu_168389_p2         |      |        | add_ln339_1163    | add | fabric    | 0       |
|   Tp_377_fu_168403_p2                 |      |        | Tp_377            | add | fabric    | 0       |
|   add_ln339_1165_fu_168443_p2         |      |        | add_ln339_1165    | add | fabric    | 0       |
|   add_ln339_1168_fu_168476_p2         |      |        | add_ln339_1168    | add | fabric    | 0       |
|   add_ln339_1169_fu_168482_p2         |      |        | add_ln339_1169    | add | fabric    | 0       |
|   Tp_379_fu_168496_p2                 |      |        | Tp_379            | add | fabric    | 0       |
|   add_ln339_1171_fu_168536_p2         |      |        | add_ln339_1171    | add | fabric    | 0       |
|   add_ln339_1174_fu_168569_p2         |      |        | add_ln339_1174    | add | fabric    | 0       |
|   add_ln339_1175_fu_168575_p2         |      |        | add_ln339_1175    | add | fabric    | 0       |
|   Tp_381_fu_168589_p2                 |      |        | Tp_381            | add | fabric    | 0       |
|   add_ln339_1177_fu_168606_p2         |      |        | add_ln339_1177    | add | fabric    | 0       |
|   add_ln339_1178_fu_168611_p2         |      |        | add_ln339_1178    | add | fabric    | 0       |
|   Tp_382_fu_168621_p2                 |      |        | Tp_382            | add | fabric    | 0       |
|   add_ln339_1180_fu_168638_p2         |      |        | add_ln339_1180    | add | fabric    | 0       |
|   add_ln339_1183_fu_168694_p2         |      |        | add_ln339_1183    | add | fabric    | 0       |
|   add_ln339_1186_fu_168727_p2         |      |        | add_ln339_1186    | add | fabric    | 0       |
|   add_ln339_1187_fu_168733_p2         |      |        | add_ln339_1187    | add | fabric    | 0       |
|   Tp_385_fu_168747_p2                 |      |        | Tp_385            | add | fabric    | 0       |
|   add_ln339_1189_fu_168787_p2         |      |        | add_ln339_1189    | add | fabric    | 0       |
|   add_ln339_1192_fu_168820_p2         |      |        | add_ln339_1192    | add | fabric    | 0       |
|   add_ln339_1193_fu_168826_p2         |      |        | add_ln339_1193    | add | fabric    | 0       |
|   Tp_387_fu_168840_p2                 |      |        | Tp_387            | add | fabric    | 0       |
|   add_ln339_1195_fu_168880_p2         |      |        | add_ln339_1195    | add | fabric    | 0       |
|   add_ln339_1198_fu_168913_p2         |      |        | add_ln339_1198    | add | fabric    | 0       |
|   add_ln339_1199_fu_168919_p2         |      |        | add_ln339_1199    | add | fabric    | 0       |
|   Tp_389_fu_168933_p2                 |      |        | Tp_389            | add | fabric    | 0       |
|   add_ln339_1201_fu_168973_p2         |      |        | add_ln339_1201    | add | fabric    | 0       |
|   add_ln339_1204_fu_169006_p2         |      |        | add_ln339_1204    | add | fabric    | 0       |
|   add_ln339_1205_fu_169012_p2         |      |        | add_ln339_1205    | add | fabric    | 0       |
|   Tp_391_fu_169026_p2                 |      |        | Tp_391            | add | fabric    | 0       |
|   add_ln339_1207_fu_169066_p2         |      |        | add_ln339_1207    | add | fabric    | 0       |
|   add_ln339_1210_fu_169099_p2         |      |        | add_ln339_1210    | add | fabric    | 0       |
|   add_ln339_1211_fu_169105_p2         |      |        | add_ln339_1211    | add | fabric    | 0       |
|   Tp_393_fu_169119_p2                 |      |        | Tp_393            | add | fabric    | 0       |
|   add_ln339_1213_fu_169159_p2         |      |        | add_ln339_1213    | add | fabric    | 0       |
|   add_ln339_1216_fu_169192_p2         |      |        | add_ln339_1216    | add | fabric    | 0       |
|   add_ln339_1217_fu_169198_p2         |      |        | add_ln339_1217    | add | fabric    | 0       |
|   Tp_395_fu_169212_p2                 |      |        | Tp_395            | add | fabric    | 0       |
|   sub_ln339_391_fu_148763_p2          |      |        | sub_ln339_391     | sub | fabric    | 0       |
|   add_ln339_1219_fu_169229_p2         |      |        | add_ln339_1219    | add | fabric    | 0       |
|   sub_ln339_392_fu_148780_p2          |      |        | sub_ln339_392     | sub | fabric    | 0       |
|   add_ln339_1222_fu_169266_p2         |      |        | add_ln339_1222    | add | fabric    | 0       |
|   add_ln339_1223_fu_169280_p2         |      |        | add_ln339_1223    | add | fabric    | 0       |
|   Tp_397_fu_169294_p2                 |      |        | Tp_397            | add | fabric    | 0       |
|   add_ln339_1227_fu_169312_p2         |      |        | add_ln339_1227    | add | fabric    | 0       |
|   Tp_399_fu_169326_p2                 |      |        | Tp_399            | add | fabric    | 0       |
|   add_ln339_1231_fu_169344_p2         |      |        | add_ln339_1231    | add | fabric    | 0       |
|   Tp_401_fu_169358_p2                 |      |        | Tp_401            | add | fabric    | 0       |
|   add_ln339_1235_fu_169376_p2         |      |        | add_ln339_1235    | add | fabric    | 0       |
|   Tp_403_fu_169390_p2                 |      |        | Tp_403            | add | fabric    | 0       |
|   add_ln339_1239_fu_169408_p2         |      |        | add_ln339_1239    | add | fabric    | 0       |
|   Tp_405_fu_169422_p2                 |      |        | Tp_405            | add | fabric    | 0       |
|   add_ln339_1244_fu_169440_p2         |      |        | add_ln339_1244    | add | fabric    | 0       |
|   Tp_407_fu_169454_p2                 |      |        | Tp_407            | add | fabric    | 0       |
|   add_ln339_1248_fu_169472_p2         |      |        | add_ln339_1248    | add | fabric    | 0       |
|   Tp_409_fu_169486_p2                 |      |        | Tp_409            | add | fabric    | 0       |
|   add_ln339_1252_fu_169504_p2         |      |        | add_ln339_1252    | add | fabric    | 0       |
|   Tp_411_fu_169518_p2                 |      |        | Tp_411            | add | fabric    | 0       |
|   add_ln339_1256_fu_169536_p2         |      |        | add_ln339_1256    | add | fabric    | 0       |
|   Tp_413_fu_169550_p2                 |      |        | Tp_413            | add | fabric    | 0       |
|   sub_ln339_396_fu_169589_p2          |      |        | sub_ln339_396     | sub | fabric    | 0       |
|   add_ln339_1258_fu_169607_p2         |      |        | add_ln339_1258    | add | fabric    | 0       |
|   Tp_414_fu_169633_p2                 |      |        | Tp_414            | add | fabric    | 0       |
|   sub_ln339_397_fu_148845_p2          |      |        | sub_ln339_397     | sub | fabric    | 0       |
|   addconv936_fu_148855_p2             |      |        | addconv936        | add | fabric    | 0       |
|   mul_ln339_1926014_fu_169661_p2      |      |        | mul_ln339_1926014 | sub | fabric    | 0       |
|   add_ln339_1262_fu_169679_p2         |      |        | add_ln339_1262    | add | fabric    | 0       |
|   add_ln339_1263_fu_169689_p2         |      |        | add_ln339_1263    | add | fabric    | 0       |
|   add_ln339_1266_fu_169749_p2         |      |        | add_ln339_1266    | add | fabric    | 0       |
|   add_ln339_1269_fu_169782_p2         |      |        | add_ln339_1269    | add | fabric    | 0       |
|   add_ln339_1270_fu_169788_p2         |      |        | add_ln339_1270    | add | fabric    | 0       |
|   Tp_417_fu_169802_p2                 |      |        | Tp_417            | add | fabric    | 0       |
|   add_ln339_1272_fu_169842_p2         |      |        | add_ln339_1272    | add | fabric    | 0       |
|   add_ln339_1275_fu_169875_p2         |      |        | add_ln339_1275    | add | fabric    | 0       |
|   add_ln339_1276_fu_169881_p2         |      |        | add_ln339_1276    | add | fabric    | 0       |
|   Tp_419_fu_169895_p2                 |      |        | Tp_419            | add | fabric    | 0       |
|   add_ln339_1278_fu_169935_p2         |      |        | add_ln339_1278    | add | fabric    | 0       |
|   add_ln339_1281_fu_169968_p2         |      |        | add_ln339_1281    | add | fabric    | 0       |
|   add_ln339_1282_fu_169974_p2         |      |        | add_ln339_1282    | add | fabric    | 0       |
|   Tp_421_fu_169988_p2                 |      |        | Tp_421            | add | fabric    | 0       |
|   add_ln339_1284_fu_170028_p2         |      |        | add_ln339_1284    | add | fabric    | 0       |
|   add_ln339_1287_fu_170061_p2         |      |        | add_ln339_1287    | add | fabric    | 0       |
|   add_ln339_1288_fu_170067_p2         |      |        | add_ln339_1288    | add | fabric    | 0       |
|   Tp_423_fu_170081_p2                 |      |        | Tp_423            | add | fabric    | 0       |
|   add_ln339_1290_fu_170121_p2         |      |        | add_ln339_1290    | add | fabric    | 0       |
|   add_ln339_1293_fu_170154_p2         |      |        | add_ln339_1293    | add | fabric    | 0       |
|   add_ln339_1294_fu_170160_p2         |      |        | add_ln339_1294    | add | fabric    | 0       |
|   Tp_425_fu_170174_p2                 |      |        | Tp_425            | add | fabric    | 0       |
|   add_ln339_1296_fu_170191_p2         |      |        | add_ln339_1296    | add | fabric    | 0       |
|   add_ln339_1297_fu_170196_p2         |      |        | add_ln339_1297    | add | fabric    | 0       |
|   Tp_426_fu_170206_p2                 |      |        | Tp_426            | add | fabric    | 0       |
|   add_ln339_1299_fu_170223_p2         |      |        | add_ln339_1299    | add | fabric    | 0       |
|   add_ln339_1302_fu_170279_p2         |      |        | add_ln339_1302    | add | fabric    | 0       |
|   add_ln339_1305_fu_170312_p2         |      |        | add_ln339_1305    | add | fabric    | 0       |
|   add_ln339_1306_fu_170318_p2         |      |        | add_ln339_1306    | add | fabric    | 0       |
|   Tp_429_fu_170332_p2                 |      |        | Tp_429            | add | fabric    | 0       |
|   add_ln339_1308_fu_170372_p2         |      |        | add_ln339_1308    | add | fabric    | 0       |
|   add_ln339_1311_fu_170405_p2         |      |        | add_ln339_1311    | add | fabric    | 0       |
|   add_ln339_1312_fu_170411_p2         |      |        | add_ln339_1312    | add | fabric    | 0       |
|   Tp_431_fu_170425_p2                 |      |        | Tp_431            | add | fabric    | 0       |
|   add_ln339_1314_fu_170465_p2         |      |        | add_ln339_1314    | add | fabric    | 0       |
|   add_ln339_1317_fu_170498_p2         |      |        | add_ln339_1317    | add | fabric    | 0       |
|   add_ln339_1318_fu_170504_p2         |      |        | add_ln339_1318    | add | fabric    | 0       |
|   Tp_433_fu_170518_p2                 |      |        | Tp_433            | add | fabric    | 0       |
|   add_ln339_1320_fu_170558_p2         |      |        | add_ln339_1320    | add | fabric    | 0       |
|   add_ln339_1323_fu_170591_p2         |      |        | add_ln339_1323    | add | fabric    | 0       |
|   add_ln339_1324_fu_170597_p2         |      |        | add_ln339_1324    | add | fabric    | 0       |
|   Tp_435_fu_170611_p2                 |      |        | Tp_435            | add | fabric    | 0       |
|   add_ln339_1326_fu_170651_p2         |      |        | add_ln339_1326    | add | fabric    | 0       |
|   add_ln339_1329_fu_170684_p2         |      |        | add_ln339_1329    | add | fabric    | 0       |
|   add_ln339_1330_fu_170690_p2         |      |        | add_ln339_1330    | add | fabric    | 0       |
|   Tp_437_fu_170704_p2                 |      |        | Tp_437            | add | fabric    | 0       |
|   add_ln339_1332_fu_170744_p2         |      |        | add_ln339_1332    | add | fabric    | 0       |
|   add_ln339_1335_fu_170777_p2         |      |        | add_ln339_1335    | add | fabric    | 0       |
|   add_ln339_1336_fu_170783_p2         |      |        | add_ln339_1336    | add | fabric    | 0       |
|   Tp_439_fu_170797_p2                 |      |        | Tp_439            | add | fabric    | 0       |
|   sub_ln339_422_fu_148889_p2          |      |        | sub_ln339_422     | sub | fabric    | 0       |
|   add_ln339_1338_fu_170814_p2         |      |        | add_ln339_1338    | add | fabric    | 0       |
|   sub_ln339_423_fu_148906_p2          |      |        | sub_ln339_423     | sub | fabric    | 0       |
|   add_ln339_1341_fu_170851_p2         |      |        | add_ln339_1341    | add | fabric    | 0       |
|   add_ln339_1342_fu_170865_p2         |      |        | add_ln339_1342    | add | fabric    | 0       |
|   Tp_441_fu_170879_p2                 |      |        | Tp_441            | add | fabric    | 0       |
|   add_ln339_1346_fu_170897_p2         |      |        | add_ln339_1346    | add | fabric    | 0       |
|   Tp_443_fu_170911_p2                 |      |        | Tp_443            | add | fabric    | 0       |
|   add_ln339_1350_fu_170929_p2         |      |        | add_ln339_1350    | add | fabric    | 0       |
|   Tp_445_fu_170943_p2                 |      |        | Tp_445            | add | fabric    | 0       |
|   add_ln339_1354_fu_170961_p2         |      |        | add_ln339_1354    | add | fabric    | 0       |
|   Tp_447_fu_170975_p2                 |      |        | Tp_447            | add | fabric    | 0       |
|   add_ln339_1358_fu_170993_p2         |      |        | add_ln339_1358    | add | fabric    | 0       |
|   Tp_449_fu_171007_p2                 |      |        | Tp_449            | add | fabric    | 0       |
|   add_ln339_1362_fu_171025_p2         |      |        | add_ln339_1362    | add | fabric    | 0       |
|   Tp_451_fu_171039_p2                 |      |        | Tp_451            | add | fabric    | 0       |
|   add_ln339_1366_fu_171057_p2         |      |        | add_ln339_1366    | add | fabric    | 0       |
|   Tp_453_fu_171071_p2                 |      |        | Tp_453            | add | fabric    | 0       |
|   add_ln339_1370_fu_171089_p2         |      |        | add_ln339_1370    | add | fabric    | 0       |
|   Tp_455_fu_171103_p2                 |      |        | Tp_455            | add | fabric    | 0       |
|   add_ln339_1374_fu_171121_p2         |      |        | add_ln339_1374    | add | fabric    | 0       |
|   Tp_457_fu_171135_p2                 |      |        | Tp_457            | add | fabric    | 0       |
|   add_ln339_1378_fu_171153_p2         |      |        | add_ln339_1378    | add | fabric    | 0       |
|   Tp_459_fu_171167_p2                 |      |        | Tp_459            | add | fabric    | 0       |
|   sub_ln339_427_fu_171206_p2          |      |        | sub_ln339_427     | sub | fabric    | 0       |
|   add_ln339_1380_fu_171224_p2         |      |        | add_ln339_1380    | add | fabric    | 0       |
|   Tp_460_fu_171250_p2                 |      |        | Tp_460            | add | fabric    | 0       |
|   sub_ln339_428_fu_148971_p2          |      |        | sub_ln339_428     | sub | fabric    | 0       |
|   addconv937_fu_148981_p2             |      |        | addconv937        | add | fabric    | 0       |
|   mul_ln339_2126012_fu_171278_p2      |      |        | mul_ln339_2126012 | sub | fabric    | 0       |
|   add_ln339_1385_fu_171296_p2         |      |        | add_ln339_1385    | add | fabric    | 0       |
|   add_ln339_1386_fu_171306_p2         |      |        | add_ln339_1386    | add | fabric    | 0       |
|   add_ln339_1389_fu_171366_p2         |      |        | add_ln339_1389    | add | fabric    | 0       |
|   add_ln339_1392_fu_171399_p2         |      |        | add_ln339_1392    | add | fabric    | 0       |
|   add_ln339_1393_fu_171405_p2         |      |        | add_ln339_1393    | add | fabric    | 0       |
|   Tp_463_fu_171419_p2                 |      |        | Tp_463            | add | fabric    | 0       |
|   add_ln339_1395_fu_171459_p2         |      |        | add_ln339_1395    | add | fabric    | 0       |
|   add_ln339_1398_fu_171492_p2         |      |        | add_ln339_1398    | add | fabric    | 0       |
|   add_ln339_1399_fu_171498_p2         |      |        | add_ln339_1399    | add | fabric    | 0       |
|   Tp_465_fu_171512_p2                 |      |        | Tp_465            | add | fabric    | 0       |
|   add_ln339_1401_fu_171552_p2         |      |        | add_ln339_1401    | add | fabric    | 0       |
|   add_ln339_1404_fu_171585_p2         |      |        | add_ln339_1404    | add | fabric    | 0       |
|   add_ln339_1405_fu_171591_p2         |      |        | add_ln339_1405    | add | fabric    | 0       |
|   Tp_467_fu_171605_p2                 |      |        | Tp_467            | add | fabric    | 0       |
|   add_ln339_1407_fu_171645_p2         |      |        | add_ln339_1407    | add | fabric    | 0       |
|   add_ln339_1410_fu_171678_p2         |      |        | add_ln339_1410    | add | fabric    | 0       |
|   add_ln339_1411_fu_171684_p2         |      |        | add_ln339_1411    | add | fabric    | 0       |
|   Tp_469_fu_171698_p2                 |      |        | Tp_469            | add | fabric    | 0       |
|   add_ln339_1413_fu_171715_p2         |      |        | add_ln339_1413    | add | fabric    | 0       |
|   add_ln339_1414_fu_171720_p2         |      |        | add_ln339_1414    | add | fabric    | 0       |
|   Tp_470_fu_171730_p2                 |      |        | Tp_470            | add | fabric    | 0       |
|   add_ln339_1416_fu_171747_p2         |      |        | add_ln339_1416    | add | fabric    | 0       |
|   add_ln339_1419_fu_171803_p2         |      |        | add_ln339_1419    | add | fabric    | 0       |
|   add_ln339_1422_fu_171836_p2         |      |        | add_ln339_1422    | add | fabric    | 0       |
|   add_ln339_1423_fu_171842_p2         |      |        | add_ln339_1423    | add | fabric    | 0       |
|   Tp_473_fu_171856_p2                 |      |        | Tp_473            | add | fabric    | 0       |
|   add_ln339_1425_fu_171896_p2         |      |        | add_ln339_1425    | add | fabric    | 0       |
|   add_ln339_1428_fu_171929_p2         |      |        | add_ln339_1428    | add | fabric    | 0       |
|   add_ln339_1429_fu_171935_p2         |      |        | add_ln339_1429    | add | fabric    | 0       |
|   Tp_475_fu_171949_p2                 |      |        | Tp_475            | add | fabric    | 0       |
|   add_ln339_1431_fu_171989_p2         |      |        | add_ln339_1431    | add | fabric    | 0       |
|   add_ln339_1434_fu_172022_p2         |      |        | add_ln339_1434    | add | fabric    | 0       |
|   add_ln339_1435_fu_172028_p2         |      |        | add_ln339_1435    | add | fabric    | 0       |
|   Tp_477_fu_172042_p2                 |      |        | Tp_477            | add | fabric    | 0       |
|   add_ln339_1437_fu_172082_p2         |      |        | add_ln339_1437    | add | fabric    | 0       |
|   add_ln339_1440_fu_172115_p2         |      |        | add_ln339_1440    | add | fabric    | 0       |
|   add_ln339_1441_fu_172121_p2         |      |        | add_ln339_1441    | add | fabric    | 0       |
|   Tp_479_fu_172135_p2                 |      |        | Tp_479            | add | fabric    | 0       |
|   add_ln339_1443_fu_172175_p2         |      |        | add_ln339_1443    | add | fabric    | 0       |
|   add_ln339_1446_fu_172208_p2         |      |        | add_ln339_1446    | add | fabric    | 0       |
|   add_ln339_1447_fu_172214_p2         |      |        | add_ln339_1447    | add | fabric    | 0       |
|   Tp_481_fu_172228_p2                 |      |        | Tp_481            | add | fabric    | 0       |
|   add_ln339_1449_fu_172268_p2         |      |        | add_ln339_1449    | add | fabric    | 0       |
|   add_ln339_1452_fu_172301_p2         |      |        | add_ln339_1452    | add | fabric    | 0       |
|   add_ln339_1453_fu_172307_p2         |      |        | add_ln339_1453    | add | fabric    | 0       |
|   Tp_483_fu_172321_p2                 |      |        | Tp_483            | add | fabric    | 0       |
|   sub_ln339_451_fu_149015_p2          |      |        | sub_ln339_451     | sub | fabric    | 0       |
|   add_ln339_1455_fu_172338_p2         |      |        | add_ln339_1455    | add | fabric    | 0       |
|   sub_ln339_452_fu_149032_p2          |      |        | sub_ln339_452     | sub | fabric    | 0       |
|   add_ln339_1458_fu_172375_p2         |      |        | add_ln339_1458    | add | fabric    | 0       |
|   add_ln339_1459_fu_172389_p2         |      |        | add_ln339_1459    | add | fabric    | 0       |
|   Tp_485_fu_172403_p2                 |      |        | Tp_485            | add | fabric    | 0       |
|   add_ln339_1463_fu_172421_p2         |      |        | add_ln339_1463    | add | fabric    | 0       |
|   Tp_487_fu_172435_p2                 |      |        | Tp_487            | add | fabric    | 0       |
|   add_ln339_1467_fu_172453_p2         |      |        | add_ln339_1467    | add | fabric    | 0       |
|   Tp_489_fu_172467_p2                 |      |        | Tp_489            | add | fabric    | 0       |
|   add_ln339_1471_fu_172485_p2         |      |        | add_ln339_1471    | add | fabric    | 0       |
|   Tp_491_fu_172499_p2                 |      |        | Tp_491            | add | fabric    | 0       |
|   add_ln339_1475_fu_172517_p2         |      |        | add_ln339_1475    | add | fabric    | 0       |
|   Tp_493_fu_172531_p2                 |      |        | Tp_493            | add | fabric    | 0       |
|   add_ln339_1479_fu_172549_p2         |      |        | add_ln339_1479    | add | fabric    | 0       |
|   Tp_495_fu_172563_p2                 |      |        | Tp_495            | add | fabric    | 0       |
|   add_ln339_1483_fu_172581_p2         |      |        | add_ln339_1483    | add | fabric    | 0       |
|   Tp_497_fu_172595_p2                 |      |        | Tp_497            | add | fabric    | 0       |
|   add_ln339_1487_fu_172613_p2         |      |        | add_ln339_1487    | add | fabric    | 0       |
|   Tp_499_fu_172627_p2                 |      |        | Tp_499            | add | fabric    | 0       |
|   add_ln339_1491_fu_172645_p2         |      |        | add_ln339_1491    | add | fabric    | 0       |
|   Tp_501_fu_172659_p2                 |      |        | Tp_501            | add | fabric    | 0       |
|   add_ln339_1495_fu_172677_p2         |      |        | add_ln339_1495    | add | fabric    | 0       |
|   Tp_503_fu_172691_p2                 |      |        | Tp_503            | add | fabric    | 0       |
|   add_ln339_1499_fu_172709_p2         |      |        | add_ln339_1499    | add | fabric    | 0       |
|   Tp_505_fu_172723_p2                 |      |        | Tp_505            | add | fabric    | 0       |
|   sub_ln339_456_fu_172762_p2          |      |        | sub_ln339_456     | sub | fabric    | 0       |
|   add_ln339_1501_fu_172780_p2         |      |        | add_ln339_1501    | add | fabric    | 0       |
|   Tp_506_fu_172806_p2                 |      |        | Tp_506            | add | fabric    | 0       |
|   sub_ln339_457_fu_149097_p2          |      |        | sub_ln339_457     | sub | fabric    | 0       |
|   addconv938_fu_149107_p2             |      |        | addconv938        | add | fabric    | 0       |
|   mul_ln339_2326010_fu_172834_p2      |      |        | mul_ln339_2326010 | sub | fabric    | 0       |
|   add_ln339_1505_fu_172852_p2         |      |        | add_ln339_1505    | add | fabric    | 0       |
|   add_ln339_1506_fu_172862_p2         |      |        | add_ln339_1506    | add | fabric    | 0       |
|   add_ln339_1509_fu_172922_p2         |      |        | add_ln339_1509    | add | fabric    | 0       |
|   add_ln339_1512_fu_172955_p2         |      |        | add_ln339_1512    | add | fabric    | 0       |
|   add_ln339_1513_fu_172961_p2         |      |        | add_ln339_1513    | add | fabric    | 0       |
|   Tp_509_fu_172975_p2                 |      |        | Tp_509            | add | fabric    | 0       |
|   add_ln339_1515_fu_173015_p2         |      |        | add_ln339_1515    | add | fabric    | 0       |
|   add_ln339_1518_fu_173048_p2         |      |        | add_ln339_1518    | add | fabric    | 0       |
|   add_ln339_1519_fu_173054_p2         |      |        | add_ln339_1519    | add | fabric    | 0       |
|   Tp_511_fu_173068_p2                 |      |        | Tp_511            | add | fabric    | 0       |
|   add_ln339_1522_fu_173108_p2         |      |        | add_ln339_1522    | add | fabric    | 0       |
|   add_ln339_1525_fu_173141_p2         |      |        | add_ln339_1525    | add | fabric    | 0       |
|   add_ln339_1526_fu_173147_p2         |      |        | add_ln339_1526    | add | fabric    | 0       |
|   Tp_513_fu_173161_p2                 |      |        | Tp_513            | add | fabric    | 0       |
|   add_ln339_1528_fu_173178_p2         |      |        | add_ln339_1528    | add | fabric    | 0       |
|   add_ln339_1529_fu_173183_p2         |      |        | add_ln339_1529    | add | fabric    | 0       |
|   Tp_514_fu_173193_p2                 |      |        | Tp_514            | add | fabric    | 0       |
|   add_ln339_1531_fu_173210_p2         |      |        | add_ln339_1531    | add | fabric    | 0       |
|   add_ln339_1534_fu_173266_p2         |      |        | add_ln339_1534    | add | fabric    | 0       |
|   add_ln339_1537_fu_173299_p2         |      |        | add_ln339_1537    | add | fabric    | 0       |
|   add_ln339_1538_fu_173305_p2         |      |        | add_ln339_1538    | add | fabric    | 0       |
|   Tp_517_fu_173319_p2                 |      |        | Tp_517            | add | fabric    | 0       |
|   add_ln339_1540_fu_173359_p2         |      |        | add_ln339_1540    | add | fabric    | 0       |
|   add_ln339_1543_fu_173392_p2         |      |        | add_ln339_1543    | add | fabric    | 0       |
|   add_ln339_1544_fu_173398_p2         |      |        | add_ln339_1544    | add | fabric    | 0       |
|   Tp_519_fu_173412_p2                 |      |        | Tp_519            | add | fabric    | 0       |
|   add_ln339_1546_fu_173452_p2         |      |        | add_ln339_1546    | add | fabric    | 0       |
|   add_ln339_1549_fu_173485_p2         |      |        | add_ln339_1549    | add | fabric    | 0       |
|   add_ln339_1550_fu_173491_p2         |      |        | add_ln339_1550    | add | fabric    | 0       |
|   Tp_521_fu_173505_p2                 |      |        | Tp_521            | add | fabric    | 0       |
|   add_ln339_1552_fu_173545_p2         |      |        | add_ln339_1552    | add | fabric    | 0       |
|   add_ln339_1555_fu_173578_p2         |      |        | add_ln339_1555    | add | fabric    | 0       |
|   add_ln339_1556_fu_173584_p2         |      |        | add_ln339_1556    | add | fabric    | 0       |
|   Tp_523_fu_173598_p2                 |      |        | Tp_523            | add | fabric    | 0       |
|   add_ln339_1558_fu_173638_p2         |      |        | add_ln339_1558    | add | fabric    | 0       |
|   add_ln339_1561_fu_173671_p2         |      |        | add_ln339_1561    | add | fabric    | 0       |
|   add_ln339_1562_fu_173677_p2         |      |        | add_ln339_1562    | add | fabric    | 0       |
|   Tp_525_fu_173691_p2                 |      |        | Tp_525            | add | fabric    | 0       |
|   add_ln339_1564_fu_173731_p2         |      |        | add_ln339_1564    | add | fabric    | 0       |
|   add_ln339_1567_fu_173764_p2         |      |        | add_ln339_1567    | add | fabric    | 0       |
|   add_ln339_1568_fu_173770_p2         |      |        | add_ln339_1568    | add | fabric    | 0       |
|   Tp_527_fu_173784_p2                 |      |        | Tp_527            | add | fabric    | 0       |
|   sub_ln339_478_fu_149141_p2          |      |        | sub_ln339_478     | sub | fabric    | 0       |
|   add_ln339_1570_fu_173801_p2         |      |        | add_ln339_1570    | add | fabric    | 0       |
|   sub_ln339_479_fu_149158_p2          |      |        | sub_ln339_479     | sub | fabric    | 0       |
|   add_ln339_1573_fu_173838_p2         |      |        | add_ln339_1573    | add | fabric    | 0       |
|   add_ln339_1574_fu_173852_p2         |      |        | add_ln339_1574    | add | fabric    | 0       |
|   Tp_529_fu_173866_p2                 |      |        | Tp_529            | add | fabric    | 0       |
|   add_ln339_1578_fu_173884_p2         |      |        | add_ln339_1578    | add | fabric    | 0       |
|   Tp_531_fu_173898_p2                 |      |        | Tp_531            | add | fabric    | 0       |
|   add_ln339_1582_fu_173916_p2         |      |        | add_ln339_1582    | add | fabric    | 0       |
|   Tp_533_fu_173930_p2                 |      |        | Tp_533            | add | fabric    | 0       |
|   add_ln339_1586_fu_173948_p2         |      |        | add_ln339_1586    | add | fabric    | 0       |
|   Tp_535_fu_173962_p2                 |      |        | Tp_535            | add | fabric    | 0       |
|   add_ln339_1590_fu_173980_p2         |      |        | add_ln339_1590    | add | fabric    | 0       |
|   Tp_537_fu_173994_p2                 |      |        | Tp_537            | add | fabric    | 0       |
|   add_ln339_1594_fu_174012_p2         |      |        | add_ln339_1594    | add | fabric    | 0       |
|   Tp_539_fu_174026_p2                 |      |        | Tp_539            | add | fabric    | 0       |
|   add_ln339_1598_fu_174044_p2         |      |        | add_ln339_1598    | add | fabric    | 0       |
|   Tp_541_fu_174058_p2                 |      |        | Tp_541            | add | fabric    | 0       |
|   add_ln339_1602_fu_174076_p2         |      |        | add_ln339_1602    | add | fabric    | 0       |
|   Tp_543_fu_174090_p2                 |      |        | Tp_543            | add | fabric    | 0       |
|   add_ln339_1606_fu_174108_p2         |      |        | add_ln339_1606    | add | fabric    | 0       |
|   Tp_545_fu_174122_p2                 |      |        | Tp_545            | add | fabric    | 0       |
|   add_ln339_1610_fu_174140_p2         |      |        | add_ln339_1610    | add | fabric    | 0       |
|   Tp_547_fu_174154_p2                 |      |        | Tp_547            | add | fabric    | 0       |
|   add_ln339_1614_fu_174172_p2         |      |        | add_ln339_1614    | add | fabric    | 0       |
|   Tp_549_fu_174186_p2                 |      |        | Tp_549            | add | fabric    | 0       |
|   add_ln339_1618_fu_174204_p2         |      |        | add_ln339_1618    | add | fabric    | 0       |
|   Tp_551_fu_174218_p2                 |      |        | Tp_551            | add | fabric    | 0       |
|   sub_ln339_483_fu_174257_p2          |      |        | sub_ln339_483     | sub | fabric    | 0       |
|   add_ln339_1620_fu_174275_p2         |      |        | add_ln339_1620    | add | fabric    | 0       |
|   Tp_552_fu_174301_p2                 |      |        | Tp_552            | add | fabric    | 0       |
|   sub_ln339_484_fu_149223_p2          |      |        | sub_ln339_484     | sub | fabric    | 0       |
|   addconv939_fu_149233_p2             |      |        | addconv939        | add | fabric    | 0       |
|   mul_ln339_2526008_fu_174329_p2      |      |        | mul_ln339_2526008 | sub | fabric    | 0       |
|   add_ln339_1624_fu_174347_p2         |      |        | add_ln339_1624    | add | fabric    | 0       |
|   add_ln339_1625_fu_174357_p2         |      |        | add_ln339_1625    | add | fabric    | 0       |
|   add_ln339_1628_fu_174417_p2         |      |        | add_ln339_1628    | add | fabric    | 0       |
|   add_ln339_1631_fu_174450_p2         |      |        | add_ln339_1631    | add | fabric    | 0       |
|   add_ln339_1632_fu_174456_p2         |      |        | add_ln339_1632    | add | fabric    | 0       |
|   Tp_555_fu_174470_p2                 |      |        | Tp_555            | add | fabric    | 0       |
|   add_ln339_1634_fu_174510_p2         |      |        | add_ln339_1634    | add | fabric    | 0       |
|   add_ln339_1637_fu_174543_p2         |      |        | add_ln339_1637    | add | fabric    | 0       |
|   add_ln339_1638_fu_174549_p2         |      |        | add_ln339_1638    | add | fabric    | 0       |
|   Tp_557_fu_174563_p2                 |      |        | Tp_557            | add | fabric    | 0       |
|   add_ln339_1640_fu_174580_p2         |      |        | add_ln339_1640    | add | fabric    | 0       |
|   add_ln339_1641_fu_174585_p2         |      |        | add_ln339_1641    | add | fabric    | 0       |
|   Tp_558_fu_174595_p2                 |      |        | Tp_558            | add | fabric    | 0       |
|   add_ln339_1643_fu_174612_p2         |      |        | add_ln339_1643    | add | fabric    | 0       |
|   add_ln339_1646_fu_174668_p2         |      |        | add_ln339_1646    | add | fabric    | 0       |
|   add_ln339_1649_fu_174701_p2         |      |        | add_ln339_1649    | add | fabric    | 0       |
|   add_ln339_1650_fu_174707_p2         |      |        | add_ln339_1650    | add | fabric    | 0       |
|   Tp_561_fu_174721_p2                 |      |        | Tp_561            | add | fabric    | 0       |
|   add_ln339_1652_fu_174761_p2         |      |        | add_ln339_1652    | add | fabric    | 0       |
|   add_ln339_1655_fu_174794_p2         |      |        | add_ln339_1655    | add | fabric    | 0       |
|   add_ln339_1656_fu_174800_p2         |      |        | add_ln339_1656    | add | fabric    | 0       |
|   Tp_563_fu_174814_p2                 |      |        | Tp_563            | add | fabric    | 0       |
|   add_ln339_1659_fu_174854_p2         |      |        | add_ln339_1659    | add | fabric    | 0       |
|   add_ln339_1662_fu_174887_p2         |      |        | add_ln339_1662    | add | fabric    | 0       |
|   add_ln339_1663_fu_174893_p2         |      |        | add_ln339_1663    | add | fabric    | 0       |
|   Tp_565_fu_174907_p2                 |      |        | Tp_565            | add | fabric    | 0       |
|   add_ln339_1665_fu_174947_p2         |      |        | add_ln339_1665    | add | fabric    | 0       |
|   add_ln339_1668_fu_174980_p2         |      |        | add_ln339_1668    | add | fabric    | 0       |
|   add_ln339_1669_fu_174986_p2         |      |        | add_ln339_1669    | add | fabric    | 0       |
|   Tp_567_fu_175000_p2                 |      |        | Tp_567            | add | fabric    | 0       |
|   add_ln339_1671_fu_175040_p2         |      |        | add_ln339_1671    | add | fabric    | 0       |
|   add_ln339_1674_fu_175073_p2         |      |        | add_ln339_1674    | add | fabric    | 0       |
|   add_ln339_1675_fu_175079_p2         |      |        | add_ln339_1675    | add | fabric    | 0       |
|   Tp_569_fu_175093_p2                 |      |        | Tp_569            | add | fabric    | 0       |
|   add_ln339_1677_fu_175133_p2         |      |        | add_ln339_1677    | add | fabric    | 0       |
|   add_ln339_1680_fu_175166_p2         |      |        | add_ln339_1680    | add | fabric    | 0       |
|   add_ln339_1681_fu_175172_p2         |      |        | add_ln339_1681    | add | fabric    | 0       |
|   Tp_571_fu_175186_p2                 |      |        | Tp_571            | add | fabric    | 0       |
|   sub_ln339_503_fu_149267_p2          |      |        | sub_ln339_503     | sub | fabric    | 0       |
|   add_ln339_1683_fu_175203_p2         |      |        | add_ln339_1683    | add | fabric    | 0       |
|   sub_ln339_504_fu_149284_p2          |      |        | sub_ln339_504     | sub | fabric    | 0       |
|   add_ln339_1686_fu_175240_p2         |      |        | add_ln339_1686    | add | fabric    | 0       |
|   add_ln339_1687_fu_175254_p2         |      |        | add_ln339_1687    | add | fabric    | 0       |
|   Tp_573_fu_175268_p2                 |      |        | Tp_573            | add | fabric    | 0       |
|   add_ln339_1691_fu_175286_p2         |      |        | add_ln339_1691    | add | fabric    | 0       |
|   Tp_575_fu_175300_p2                 |      |        | Tp_575            | add | fabric    | 0       |
|   add_ln339_1695_fu_175318_p2         |      |        | add_ln339_1695    | add | fabric    | 0       |
|   Tp_577_fu_175332_p2                 |      |        | Tp_577            | add | fabric    | 0       |
|   add_ln339_1699_fu_175350_p2         |      |        | add_ln339_1699    | add | fabric    | 0       |
|   Tp_579_fu_175364_p2                 |      |        | Tp_579            | add | fabric    | 0       |
|   add_ln339_1703_fu_175382_p2         |      |        | add_ln339_1703    | add | fabric    | 0       |
|   Tp_581_fu_175396_p2                 |      |        | Tp_581            | add | fabric    | 0       |
|   add_ln339_1707_fu_175414_p2         |      |        | add_ln339_1707    | add | fabric    | 0       |
|   Tp_583_fu_175428_p2                 |      |        | Tp_583            | add | fabric    | 0       |
|   add_ln339_1711_fu_175446_p2         |      |        | add_ln339_1711    | add | fabric    | 0       |
|   Tp_585_fu_175460_p2                 |      |        | Tp_585            | add | fabric    | 0       |
|   add_ln339_1715_fu_175478_p2         |      |        | add_ln339_1715    | add | fabric    | 0       |
|   Tp_587_fu_175492_p2                 |      |        | Tp_587            | add | fabric    | 0       |
|   add_ln339_1719_fu_175510_p2         |      |        | add_ln339_1719    | add | fabric    | 0       |
|   Tp_589_fu_175524_p2                 |      |        | Tp_589            | add | fabric    | 0       |
|   add_ln339_1723_fu_175542_p2         |      |        | add_ln339_1723    | add | fabric    | 0       |
|   Tp_591_fu_175556_p2                 |      |        | Tp_591            | add | fabric    | 0       |
|   add_ln339_1727_fu_175574_p2         |      |        | add_ln339_1727    | add | fabric    | 0       |
|   Tp_593_fu_175588_p2                 |      |        | Tp_593            | add | fabric    | 0       |
|   add_ln339_1731_fu_175606_p2         |      |        | add_ln339_1731    | add | fabric    | 0       |
|   Tp_595_fu_175620_p2                 |      |        | Tp_595            | add | fabric    | 0       |
|   add_ln339_1735_fu_175638_p2         |      |        | add_ln339_1735    | add | fabric    | 0       |
|   Tp_597_fu_175652_p2                 |      |        | Tp_597            | add | fabric    | 0       |
|   sub_ln339_508_fu_175691_p2          |      |        | sub_ln339_508     | sub | fabric    | 0       |
|   add_ln339_1737_fu_175709_p2         |      |        | add_ln339_1737    | add | fabric    | 0       |
|   Tp_598_fu_175735_p2                 |      |        | Tp_598            | add | fabric    | 0       |
|   sub_ln339_509_fu_149349_p2          |      |        | sub_ln339_509     | sub | fabric    | 0       |
|   addconv940_fu_149359_p2             |      |        | addconv940        | add | fabric    | 0       |
|   mul_ln339_2726006_fu_175763_p2      |      |        | mul_ln339_2726006 | sub | fabric    | 0       |
|   add_ln339_1741_fu_175781_p2         |      |        | add_ln339_1741    | add | fabric    | 0       |
|   add_ln339_1742_fu_175791_p2         |      |        | add_ln339_1742    | add | fabric    | 0       |
|   add_ln339_1745_fu_175851_p2         |      |        | add_ln339_1745    | add | fabric    | 0       |
|   add_ln339_1748_fu_175884_p2         |      |        | add_ln339_1748    | add | fabric    | 0       |
|   add_ln339_1749_fu_175890_p2         |      |        | add_ln339_1749    | add | fabric    | 0       |
|   Tp_601_fu_175904_p2                 |      |        | Tp_601            | add | fabric    | 0       |
|   add_ln339_1751_fu_175921_p2         |      |        | add_ln339_1751    | add | fabric    | 0       |
|   add_ln339_1752_fu_175926_p2         |      |        | add_ln339_1752    | add | fabric    | 0       |
|   Tp_602_fu_175936_p2                 |      |        | Tp_602            | add | fabric    | 0       |
|   add_ln339_1754_fu_175953_p2         |      |        | add_ln339_1754    | add | fabric    | 0       |
|   add_ln339_1757_fu_176009_p2         |      |        | add_ln339_1757    | add | fabric    | 0       |
|   add_ln339_1760_fu_176042_p2         |      |        | add_ln339_1760    | add | fabric    | 0       |
|   add_ln339_1761_fu_176048_p2         |      |        | add_ln339_1761    | add | fabric    | 0       |
|   Tp_605_fu_176062_p2                 |      |        | Tp_605            | add | fabric    | 0       |
|   add_ln339_1763_fu_176102_p2         |      |        | add_ln339_1763    | add | fabric    | 0       |
|   add_ln339_1766_fu_176135_p2         |      |        | add_ln339_1766    | add | fabric    | 0       |
|   add_ln339_1767_fu_176141_p2         |      |        | add_ln339_1767    | add | fabric    | 0       |
|   Tp_607_fu_176155_p2                 |      |        | Tp_607            | add | fabric    | 0       |
|   add_ln339_1769_fu_176195_p2         |      |        | add_ln339_1769    | add | fabric    | 0       |
|   add_ln339_1772_fu_176228_p2         |      |        | add_ln339_1772    | add | fabric    | 0       |
|   add_ln339_1773_fu_176234_p2         |      |        | add_ln339_1773    | add | fabric    | 0       |
|   Tp_609_fu_176248_p2                 |      |        | Tp_609            | add | fabric    | 0       |
|   add_ln339_1775_fu_176288_p2         |      |        | add_ln339_1775    | add | fabric    | 0       |
|   add_ln339_1778_fu_176321_p2         |      |        | add_ln339_1778    | add | fabric    | 0       |
|   add_ln339_1779_fu_176327_p2         |      |        | add_ln339_1779    | add | fabric    | 0       |
|   Tp_611_fu_176341_p2                 |      |        | Tp_611            | add | fabric    | 0       |
|   add_ln339_1781_fu_176381_p2         |      |        | add_ln339_1781    | add | fabric    | 0       |
|   add_ln339_1784_fu_176414_p2         |      |        | add_ln339_1784    | add | fabric    | 0       |
|   add_ln339_1785_fu_176420_p2         |      |        | add_ln339_1785    | add | fabric    | 0       |
|   Tp_613_fu_176434_p2                 |      |        | Tp_613            | add | fabric    | 0       |
|   add_ln339_1787_fu_176474_p2         |      |        | add_ln339_1787    | add | fabric    | 0       |
|   add_ln339_1790_fu_176507_p2         |      |        | add_ln339_1790    | add | fabric    | 0       |
|   add_ln339_1792_fu_176513_p2         |      |        | add_ln339_1792    | add | fabric    | 0       |
|   Tp_615_fu_176527_p2                 |      |        | Tp_615            | add | fabric    | 0       |
|   sub_ln339_526_fu_149393_p2          |      |        | sub_ln339_526     | sub | fabric    | 0       |
|   add_ln339_1794_fu_176544_p2         |      |        | add_ln339_1794    | add | fabric    | 0       |
|   sub_ln339_527_fu_149410_p2          |      |        | sub_ln339_527     | sub | fabric    | 0       |
|   add_ln339_1797_fu_176581_p2         |      |        | add_ln339_1797    | add | fabric    | 0       |
|   add_ln339_1798_fu_176595_p2         |      |        | add_ln339_1798    | add | fabric    | 0       |
|   Tp_617_fu_176609_p2                 |      |        | Tp_617            | add | fabric    | 0       |
|   add_ln339_1802_fu_176627_p2         |      |        | add_ln339_1802    | add | fabric    | 0       |
|   Tp_619_fu_176641_p2                 |      |        | Tp_619            | add | fabric    | 0       |
|   add_ln339_1806_fu_176659_p2         |      |        | add_ln339_1806    | add | fabric    | 0       |
|   Tp_621_fu_176673_p2                 |      |        | Tp_621            | add | fabric    | 0       |
|   add_ln339_1810_fu_176691_p2         |      |        | add_ln339_1810    | add | fabric    | 0       |
|   Tp_623_fu_176705_p2                 |      |        | Tp_623            | add | fabric    | 0       |
|   add_ln339_1814_fu_176723_p2         |      |        | add_ln339_1814    | add | fabric    | 0       |
|   Tp_625_fu_176737_p2                 |      |        | Tp_625            | add | fabric    | 0       |
|   add_ln339_1818_fu_176755_p2         |      |        | add_ln339_1818    | add | fabric    | 0       |
|   Tp_627_fu_176769_p2                 |      |        | Tp_627            | add | fabric    | 0       |
|   add_ln339_1822_fu_176787_p2         |      |        | add_ln339_1822    | add | fabric    | 0       |
|   Tp_629_fu_176801_p2                 |      |        | Tp_629            | add | fabric    | 0       |
|   add_ln339_1826_fu_176819_p2         |      |        | add_ln339_1826    | add | fabric    | 0       |
|   Tp_631_fu_176833_p2                 |      |        | Tp_631            | add | fabric    | 0       |
|   add_ln339_1830_fu_176851_p2         |      |        | add_ln339_1830    | add | fabric    | 0       |
|   Tp_633_fu_176865_p2                 |      |        | Tp_633            | add | fabric    | 0       |
|   add_ln339_1834_fu_176883_p2         |      |        | add_ln339_1834    | add | fabric    | 0       |
|   Tp_635_fu_176897_p2                 |      |        | Tp_635            | add | fabric    | 0       |
|   add_ln339_1838_fu_176915_p2         |      |        | add_ln339_1838    | add | fabric    | 0       |
|   Tp_637_fu_176929_p2                 |      |        | Tp_637            | add | fabric    | 0       |
|   add_ln339_1842_fu_176947_p2         |      |        | add_ln339_1842    | add | fabric    | 0       |
|   Tp_639_fu_176961_p2                 |      |        | Tp_639            | add | fabric    | 0       |
|   add_ln339_1846_fu_176979_p2         |      |        | add_ln339_1846    | add | fabric    | 0       |
|   Tp_641_fu_176993_p2                 |      |        | Tp_641            | add | fabric    | 0       |
|   add_ln339_1850_fu_177011_p2         |      |        | add_ln339_1850    | add | fabric    | 0       |
|   Tp_643_fu_177025_p2                 |      |        | Tp_643            | add | fabric    | 0       |
|   sub_ln339_531_fu_177064_p2          |      |        | sub_ln339_531     | sub | fabric    | 0       |
|   add_ln339_1852_fu_177082_p2         |      |        | add_ln339_1852    | add | fabric    | 0       |
|   Tp_644_fu_177108_p2                 |      |        | Tp_644            | add | fabric    | 0       |
|   sub_ln339_532_fu_149475_p2          |      |        | sub_ln339_532     | sub | fabric    | 0       |
|   addconv941_fu_149485_p2             |      |        | addconv941        | add | fabric    | 0       |
|   mul_ln339_2926004_fu_177136_p2      |      |        | mul_ln339_2926004 | sub | fabric    | 0       |
|   add_ln339_1856_fu_177154_p2         |      |        | add_ln339_1856    | add | fabric    | 0       |
|   add_ln339_1857_fu_177164_p2         |      |        | add_ln339_1857    | add | fabric    | 0       |
|   add_ln339_1860_fu_177201_p2         |      |        | add_ln339_1860    | add | fabric    | 0       |
|   add_ln339_1861_fu_177206_p2         |      |        | add_ln339_1861    | add | fabric    | 0       |
|   Tp_646_fu_177216_p2                 |      |        | Tp_646            | add | fabric    | 0       |
|   add_ln339_1863_fu_177233_p2         |      |        | add_ln339_1863    | add | fabric    | 0       |
|   add_ln339_1866_fu_177289_p2         |      |        | add_ln339_1866    | add | fabric    | 0       |
|   add_ln339_1869_fu_177322_p2         |      |        | add_ln339_1869    | add | fabric    | 0       |
|   add_ln339_1870_fu_177328_p2         |      |        | add_ln339_1870    | add | fabric    | 0       |
|   Tp_649_fu_177342_p2                 |      |        | Tp_649            | add | fabric    | 0       |
|   add_ln339_1872_fu_177382_p2         |      |        | add_ln339_1872    | add | fabric    | 0       |
|   add_ln339_1875_fu_177415_p2         |      |        | add_ln339_1875    | add | fabric    | 0       |
|   add_ln339_1876_fu_177421_p2         |      |        | add_ln339_1876    | add | fabric    | 0       |
|   Tp_651_fu_177435_p2                 |      |        | Tp_651            | add | fabric    | 0       |
|   add_ln339_1878_fu_177475_p2         |      |        | add_ln339_1878    | add | fabric    | 0       |
|   add_ln339_1881_fu_177508_p2         |      |        | add_ln339_1881    | add | fabric    | 0       |
|   add_ln339_1882_fu_177514_p2         |      |        | add_ln339_1882    | add | fabric    | 0       |
|   Tp_653_fu_177528_p2                 |      |        | Tp_653            | add | fabric    | 0       |
|   add_ln339_1884_fu_177568_p2         |      |        | add_ln339_1884    | add | fabric    | 0       |
|   add_ln339_1887_fu_177601_p2         |      |        | add_ln339_1887    | add | fabric    | 0       |
|   add_ln339_1888_fu_177607_p2         |      |        | add_ln339_1888    | add | fabric    | 0       |
|   Tp_655_fu_177621_p2                 |      |        | Tp_655            | add | fabric    | 0       |
|   add_ln339_1890_fu_177661_p2         |      |        | add_ln339_1890    | add | fabric    | 0       |
|   add_ln339_1893_fu_177694_p2         |      |        | add_ln339_1893    | add | fabric    | 0       |
|   add_ln339_1894_fu_177700_p2         |      |        | add_ln339_1894    | add | fabric    | 0       |
|   Tp_657_fu_177714_p2                 |      |        | Tp_657            | add | fabric    | 0       |
|   add_ln339_1896_fu_177754_p2         |      |        | add_ln339_1896    | add | fabric    | 0       |
|   add_ln339_1899_fu_177787_p2         |      |        | add_ln339_1899    | add | fabric    | 0       |
|   add_ln339_1900_fu_177793_p2         |      |        | add_ln339_1900    | add | fabric    | 0       |
|   Tp_659_fu_177807_p2                 |      |        | Tp_659            | add | fabric    | 0       |
|   sub_ln339_547_fu_149519_p2          |      |        | sub_ln339_547     | sub | fabric    | 0       |
|   add_ln339_1902_fu_177824_p2         |      |        | add_ln339_1902    | add | fabric    | 0       |
|   add_ln339_1903_fu_177834_p2         |      |        | add_ln339_1903    | add | fabric    | 0       |
|   Tp_660_fu_177844_p2                 |      |        | Tp_660            | add | fabric    | 0       |
|   sub_ln339_548_fu_149536_p2          |      |        | sub_ln339_548     | sub | fabric    | 0       |
|   add_ln339_1905_fu_177861_p2         |      |        | add_ln339_1905    | add | fabric    | 0       |
|   add_ln339_1906_fu_177875_p2         |      |        | add_ln339_1906    | add | fabric    | 0       |
|   Tp_661_fu_177889_p2                 |      |        | Tp_661            | add | fabric    | 0       |
|   add_ln339_1908_fu_177895_p2         |      |        | add_ln339_1908    | add | fabric    | 0       |
|   Tp_662_fu_177905_p2                 |      |        | Tp_662            | add | fabric    | 0       |
|   add_ln339_1910_fu_177911_p2         |      |        | add_ln339_1910    | add | fabric    | 0       |
|   Tp_663_fu_177925_p2                 |      |        | Tp_663            | add | fabric    | 0       |
|   add_ln339_1912_fu_177931_p2         |      |        | add_ln339_1912    | add | fabric    | 0       |
|   Tp_664_fu_177941_p2                 |      |        | Tp_664            | add | fabric    | 0       |
|   add_ln339_1914_fu_177947_p2         |      |        | add_ln339_1914    | add | fabric    | 0       |
|   Tp_665_fu_177961_p2                 |      |        | Tp_665            | add | fabric    | 0       |
|   add_ln339_1916_fu_177967_p2         |      |        | add_ln339_1916    | add | fabric    | 0       |
|   Tp_666_fu_177977_p2                 |      |        | Tp_666            | add | fabric    | 0       |
|   add_ln339_1918_fu_177983_p2         |      |        | add_ln339_1918    | add | fabric    | 0       |
|   Tp_667_fu_177997_p2                 |      |        | Tp_667            | add | fabric    | 0       |
|   add_ln339_1920_fu_178003_p2         |      |        | add_ln339_1920    | add | fabric    | 0       |
|   Tp_668_fu_178013_p2                 |      |        | Tp_668            | add | fabric    | 0       |
|   add_ln339_1922_fu_178019_p2         |      |        | add_ln339_1922    | add | fabric    | 0       |
|   Tp_669_fu_178033_p2                 |      |        | Tp_669            | add | fabric    | 0       |
|   add_ln339_1925_fu_178039_p2         |      |        | add_ln339_1925    | add | fabric    | 0       |
|   Tp_670_fu_178049_p2                 |      |        | Tp_670            | add | fabric    | 0       |
|   add_ln339_1927_fu_178055_p2         |      |        | add_ln339_1927    | add | fabric    | 0       |
|   Tp_671_fu_178069_p2                 |      |        | Tp_671            | add | fabric    | 0       |
|   add_ln339_1929_fu_178075_p2         |      |        | add_ln339_1929    | add | fabric    | 0       |
|   Tp_672_fu_178085_p2                 |      |        | Tp_672            | add | fabric    | 0       |
|   add_ln339_1931_fu_178091_p2         |      |        | add_ln339_1931    | add | fabric    | 0       |
|   Tp_673_fu_178105_p2                 |      |        | Tp_673            | add | fabric    | 0       |
|   add_ln339_1933_fu_178111_p2         |      |        | add_ln339_1933    | add | fabric    | 0       |
|   Tp_674_fu_178121_p2                 |      |        | Tp_674            | add | fabric    | 0       |
|   add_ln339_1935_fu_178127_p2         |      |        | add_ln339_1935    | add | fabric    | 0       |
|   Tp_675_fu_178141_p2                 |      |        | Tp_675            | add | fabric    | 0       |
|   add_ln339_1937_fu_178147_p2         |      |        | add_ln339_1937    | add | fabric    | 0       |
|   Tp_676_fu_178157_p2                 |      |        | Tp_676            | add | fabric    | 0       |
|   add_ln339_1939_fu_178163_p2         |      |        | add_ln339_1939    | add | fabric    | 0       |
|   Tp_677_fu_178177_p2                 |      |        | Tp_677            | add | fabric    | 0       |
|   add_ln339_1941_fu_178183_p2         |      |        | add_ln339_1941    | add | fabric    | 0       |
|   Tp_678_fu_178193_p2                 |      |        | Tp_678            | add | fabric    | 0       |
|   add_ln339_1943_fu_178199_p2         |      |        | add_ln339_1943    | add | fabric    | 0       |
|   Tp_679_fu_178213_p2                 |      |        | Tp_679            | add | fabric    | 0       |
|   add_ln339_1945_fu_178219_p2         |      |        | add_ln339_1945    | add | fabric    | 0       |
|   Tp_680_fu_178229_p2                 |      |        | Tp_680            | add | fabric    | 0       |
|   add_ln339_1947_fu_178235_p2         |      |        | add_ln339_1947    | add | fabric    | 0       |
|   Tp_681_fu_178249_p2                 |      |        | Tp_681            | add | fabric    | 0       |
|   add_ln339_1949_fu_178255_p2         |      |        | add_ln339_1949    | add | fabric    | 0       |
|   Tp_682_fu_178265_p2                 |      |        | Tp_682            | add | fabric    | 0       |
|   add_ln339_1951_fu_178271_p2         |      |        | add_ln339_1951    | add | fabric    | 0       |
|   Tp_683_fu_178285_p2                 |      |        | Tp_683            | add | fabric    | 0       |
|   add_ln339_1953_fu_178291_p2         |      |        | add_ln339_1953    | add | fabric    | 0       |
|   Tp_684_fu_178301_p2                 |      |        | Tp_684            | add | fabric    | 0       |
|   add_ln339_1955_fu_178307_p2         |      |        | add_ln339_1955    | add | fabric    | 0       |
|   Tp_685_fu_178321_p2                 |      |        | Tp_685            | add | fabric    | 0       |
|   add_ln339_1957_fu_178327_p2         |      |        | add_ln339_1957    | add | fabric    | 0       |
|   Tp_686_fu_178337_p2                 |      |        | Tp_686            | add | fabric    | 0       |
|   add_ln339_1959_fu_178343_p2         |      |        | add_ln339_1959    | add | fabric    | 0       |
|   Tp_687_fu_178357_p2                 |      |        | Tp_687            | add | fabric    | 0       |
|   add_ln339_1961_fu_178363_p2         |      |        | add_ln339_1961    | add | fabric    | 0       |
|   Tp_688_fu_178373_p2                 |      |        | Tp_688            | add | fabric    | 0       |
|   add_ln339_1963_fu_178379_p2         |      |        | add_ln339_1963    | add | fabric    | 0       |
|   Tp_689_fu_178393_p2                 |      |        | Tp_689            | add | fabric    | 0       |
|   sub_ln339_552_fu_178432_p2          |      |        | sub_ln339_552     | sub | fabric    | 0       |
|   add_ln339_1965_fu_178454_p2         |      |        | add_ln339_1965    | add | fabric    | 0       |
|   Tp_690_fu_178480_p2                 |      |        | Tp_690            | add | fabric    | 0       |
|   sub_ln339_553_fu_149601_p2          |      |        | sub_ln339_553     | sub | fabric    | 0       |
|   addconv942_fu_149611_p2             |      |        | addconv942        | add | fabric    | 0       |
|   mul_ln339_3126002_fu_178508_p2      |      |        | mul_ln339_3126002 | sub | fabric    | 0       |
|   add_ln339_1969_fu_178526_p2         |      |        | add_ln339_1969    | add | fabric    | 0       |
|   add_ln339_1970_fu_178536_p2         |      |        | add_ln339_1970    | add | fabric    | 0       |
|   add_ln339_1973_fu_178596_p2         |      |        | add_ln339_1973    | add | fabric    | 0       |
|   add_ln339_1976_fu_178629_p2         |      |        | add_ln339_1976    | add | fabric    | 0       |
|   add_ln339_1977_fu_178635_p2         |      |        | add_ln339_1977    | add | fabric    | 0       |
|   Tp_693_fu_178649_p2                 |      |        | Tp_693            | add | fabric    | 0       |
|   add_ln339_1979_fu_178689_p2         |      |        | add_ln339_1979    | add | fabric    | 0       |
|   add_ln339_1982_fu_178722_p2         |      |        | add_ln339_1982    | add | fabric    | 0       |
|   add_ln339_1983_fu_178728_p2         |      |        | add_ln339_1983    | add | fabric    | 0       |
|   Tp_695_fu_178742_p2                 |      |        | Tp_695            | add | fabric    | 0       |
|   add_ln339_1985_fu_178782_p2         |      |        | add_ln339_1985    | add | fabric    | 0       |
|   add_ln339_1988_fu_178815_p2         |      |        | add_ln339_1988    | add | fabric    | 0       |
|   add_ln339_1989_fu_178821_p2         |      |        | add_ln339_1989    | add | fabric    | 0       |
|   Tp_697_fu_178835_p2                 |      |        | Tp_697            | add | fabric    | 0       |
|   add_ln339_1991_fu_178875_p2         |      |        | add_ln339_1991    | add | fabric    | 0       |
|   add_ln339_1994_fu_178908_p2         |      |        | add_ln339_1994    | add | fabric    | 0       |
|   add_ln339_1995_fu_178914_p2         |      |        | add_ln339_1995    | add | fabric    | 0       |
|   Tp_699_fu_178928_p2                 |      |        | Tp_699            | add | fabric    | 0       |
|   add_ln339_1997_fu_178968_p2         |      |        | add_ln339_1997    | add | fabric    | 0       |
|   add_ln339_2000_fu_179001_p2         |      |        | add_ln339_2000    | add | fabric    | 0       |
|   add_ln339_2001_fu_179007_p2         |      |        | add_ln339_2001    | add | fabric    | 0       |
|   Tp_701_fu_179021_p2                 |      |        | Tp_701            | add | fabric    | 0       |
|   add_ln339_2003_fu_179061_p2         |      |        | add_ln339_2003    | add | fabric    | 0       |
|   add_ln339_2006_fu_179094_p2         |      |        | add_ln339_2006    | add | fabric    | 0       |
|   add_ln339_2007_fu_179100_p2         |      |        | add_ln339_2007    | add | fabric    | 0       |
|   Tp_703_fu_179114_p2                 |      |        | Tp_703            | add | fabric    | 0       |
|   sub_ln339_566_fu_149617_p2          |      |        | sub_ln339_566     | sub | fabric    | 0       |
|   add_ln339_2009_fu_179131_p2         |      |        | add_ln339_2009    | add | fabric    | 0       |
|   sub_ln339_567_fu_149634_p2          |      |        | sub_ln339_567     | sub | fabric    | 0       |
|   add_ln339_2012_fu_179164_p2         |      |        | add_ln339_2012    | add | fabric    | 0       |
|   add_ln339_2013_fu_179178_p2         |      |        | add_ln339_2013    | add | fabric    | 0       |
|   Tp_705_fu_179192_p2                 |      |        | Tp_705            | add | fabric    | 0       |
|   add_ln339_2017_fu_179210_p2         |      |        | add_ln339_2017    | add | fabric    | 0       |
|   Tp_707_fu_179224_p2                 |      |        | Tp_707            | add | fabric    | 0       |
|   add_ln339_2021_fu_179242_p2         |      |        | add_ln339_2021    | add | fabric    | 0       |
|   Tp_709_fu_179256_p2                 |      |        | Tp_709            | add | fabric    | 0       |
|   add_ln339_2025_fu_179274_p2         |      |        | add_ln339_2025    | add | fabric    | 0       |
|   Tp_711_fu_179288_p2                 |      |        | Tp_711            | add | fabric    | 0       |
|   add_ln339_2029_fu_179306_p2         |      |        | add_ln339_2029    | add | fabric    | 0       |
|   Tp_713_fu_179320_p2                 |      |        | Tp_713            | add | fabric    | 0       |
|   add_ln339_2033_fu_179338_p2         |      |        | add_ln339_2033    | add | fabric    | 0       |
|   Tp_715_fu_179352_p2                 |      |        | Tp_715            | add | fabric    | 0       |
|   add_ln339_2037_fu_179370_p2         |      |        | add_ln339_2037    | add | fabric    | 0       |
|   Tp_717_fu_179384_p2                 |      |        | Tp_717            | add | fabric    | 0       |
|   add_ln339_2041_fu_179402_p2         |      |        | add_ln339_2041    | add | fabric    | 0       |
|   Tp_719_fu_179416_p2                 |      |        | Tp_719            | add | fabric    | 0       |
|   add_ln339_2045_fu_179434_p2         |      |        | add_ln339_2045    | add | fabric    | 0       |
|   Tp_721_fu_179448_p2                 |      |        | Tp_721            | add | fabric    | 0       |
|   add_ln339_2049_fu_179466_p2         |      |        | add_ln339_2049    | add | fabric    | 0       |
|   Tp_723_fu_179480_p2                 |      |        | Tp_723            | add | fabric    | 0       |
|   add_ln339_2054_fu_179498_p2         |      |        | add_ln339_2054    | add | fabric    | 0       |
|   Tp_725_fu_179512_p2                 |      |        | Tp_725            | add | fabric    | 0       |
|   add_ln339_2058_fu_179530_p2         |      |        | add_ln339_2058    | add | fabric    | 0       |
|   Tp_727_fu_179544_p2                 |      |        | Tp_727            | add | fabric    | 0       |
|   add_ln339_2062_fu_179562_p2         |      |        | add_ln339_2062    | add | fabric    | 0       |
|   Tp_729_fu_179576_p2                 |      |        | Tp_729            | add | fabric    | 0       |
|   add_ln339_2066_fu_179594_p2         |      |        | add_ln339_2066    | add | fabric    | 0       |
|   Tp_731_fu_179608_p2                 |      |        | Tp_731            | add | fabric    | 0       |
|   add_ln339_2070_fu_179626_p2         |      |        | add_ln339_2070    | add | fabric    | 0       |
|   Tp_733_fu_179640_p2                 |      |        | Tp_733            | add | fabric    | 0       |
|   add_ln339_2074_fu_179658_p2         |      |        | add_ln339_2074    | add | fabric    | 0       |
|   Tp_735_fu_179672_p2                 |      |        | Tp_735            | add | fabric    | 0       |
|   sub_ln339_571_fu_179711_p2          |      |        | sub_ln339_571     | sub | fabric    | 0       |
|   add_ln339_2076_fu_179729_p2         |      |        | add_ln339_2076    | add | fabric    | 0       |
|   Tp_736_fu_179755_p2                 |      |        | Tp_736            | add | fabric    | 0       |
|   sub_ln339_572_fu_149699_p2          |      |        | sub_ln339_572     | sub | fabric    | 0       |
|   addconv943_fu_149709_p2             |      |        | addconv943        | add | fabric    | 0       |
|   mul_ln339_3326000_fu_179783_p2      |      |        | mul_ln339_3326000 | sub | fabric    | 0       |
|   add_ln339_2080_fu_179801_p2         |      |        | add_ln339_2080    | add | fabric    | 0       |
|   add_ln339_2081_fu_179811_p2         |      |        | add_ln339_2081    | add | fabric    | 0       |
|   add_ln339_2084_fu_179871_p2         |      |        | add_ln339_2084    | add | fabric    | 0       |
|   add_ln339_2087_fu_179904_p2         |      |        | add_ln339_2087    | add | fabric    | 0       |
|   add_ln339_2088_fu_179910_p2         |      |        | add_ln339_2088    | add | fabric    | 0       |
|   Tp_739_fu_179924_p2                 |      |        | Tp_739            | add | fabric    | 0       |
|   add_ln339_2090_fu_179964_p2         |      |        | add_ln339_2090    | add | fabric    | 0       |
|   add_ln339_2093_fu_179997_p2         |      |        | add_ln339_2093    | add | fabric    | 0       |
|   add_ln339_2094_fu_180003_p2         |      |        | add_ln339_2094    | add | fabric    | 0       |
|   Tp_741_fu_180017_p2                 |      |        | Tp_741            | add | fabric    | 0       |
|   add_ln339_2096_fu_180057_p2         |      |        | add_ln339_2096    | add | fabric    | 0       |
|   add_ln339_2099_fu_180090_p2         |      |        | add_ln339_2099    | add | fabric    | 0       |
|   add_ln339_2100_fu_180096_p2         |      |        | add_ln339_2100    | add | fabric    | 0       |
|   Tp_743_fu_180110_p2                 |      |        | Tp_743            | add | fabric    | 0       |
|   add_ln339_2102_fu_180150_p2         |      |        | add_ln339_2102    | add | fabric    | 0       |
|   add_ln339_2105_fu_180183_p2         |      |        | add_ln339_2105    | add | fabric    | 0       |
|   add_ln339_2106_fu_180189_p2         |      |        | add_ln339_2106    | add | fabric    | 0       |
|   Tp_745_fu_180203_p2                 |      |        | Tp_745            | add | fabric    | 0       |
|   add_ln339_2108_fu_180243_p2         |      |        | add_ln339_2108    | add | fabric    | 0       |
|   add_ln339_2111_fu_180276_p2         |      |        | add_ln339_2111    | add | fabric    | 0       |
|   add_ln339_2112_fu_180282_p2         |      |        | add_ln339_2112    | add | fabric    | 0       |
|   Tp_747_fu_180296_p2                 |      |        | Tp_747            | add | fabric    | 0       |
|   sub_ln339_583_fu_149715_p2          |      |        | sub_ln339_583     | sub | fabric    | 0       |
|   add_ln339_2114_fu_180313_p2         |      |        | add_ln339_2114    | add | fabric    | 0       |
|   sub_ln339_584_fu_149732_p2          |      |        | sub_ln339_584     | sub | fabric    | 0       |
|   add_ln339_2117_fu_180346_p2         |      |        | add_ln339_2117    | add | fabric    | 0       |
|   add_ln339_2118_fu_180360_p2         |      |        | add_ln339_2118    | add | fabric    | 0       |
|   Tp_749_fu_180374_p2                 |      |        | Tp_749            | add | fabric    | 0       |
|   add_ln339_2122_fu_180392_p2         |      |        | add_ln339_2122    | add | fabric    | 0       |
|   Tp_751_fu_180406_p2                 |      |        | Tp_751            | add | fabric    | 0       |
|   add_ln339_2126_fu_180424_p2         |      |        | add_ln339_2126    | add | fabric    | 0       |
|   Tp_753_fu_180438_p2                 |      |        | Tp_753            | add | fabric    | 0       |
|   add_ln339_2130_fu_180456_p2         |      |        | add_ln339_2130    | add | fabric    | 0       |
|   Tp_755_fu_180470_p2                 |      |        | Tp_755            | add | fabric    | 0       |
|   add_ln339_2134_fu_180488_p2         |      |        | add_ln339_2134    | add | fabric    | 0       |
|   Tp_757_fu_180502_p2                 |      |        | Tp_757            | add | fabric    | 0       |
|   add_ln339_2138_fu_180520_p2         |      |        | add_ln339_2138    | add | fabric    | 0       |
|   Tp_759_fu_180534_p2                 |      |        | Tp_759            | add | fabric    | 0       |
|   add_ln339_2142_fu_180552_p2         |      |        | add_ln339_2142    | add | fabric    | 0       |
|   Tp_761_fu_180566_p2                 |      |        | Tp_761            | add | fabric    | 0       |
|   add_ln339_2146_fu_180584_p2         |      |        | add_ln339_2146    | add | fabric    | 0       |
|   Tp_763_fu_180598_p2                 |      |        | Tp_763            | add | fabric    | 0       |
|   add_ln339_2150_fu_180616_p2         |      |        | add_ln339_2150    | add | fabric    | 0       |
|   Tp_765_fu_180630_p2                 |      |        | Tp_765            | add | fabric    | 0       |
|   add_ln339_2154_fu_180648_p2         |      |        | add_ln339_2154    | add | fabric    | 0       |
|   Tp_767_fu_180662_p2                 |      |        | Tp_767            | add | fabric    | 0       |
|   add_ln339_2158_fu_180680_p2         |      |        | add_ln339_2158    | add | fabric    | 0       |
|   Tp_769_fu_180694_p2                 |      |        | Tp_769            | add | fabric    | 0       |
|   add_ln339_2162_fu_180712_p2         |      |        | add_ln339_2162    | add | fabric    | 0       |
|   Tp_771_fu_180726_p2                 |      |        | Tp_771            | add | fabric    | 0       |
|   add_ln339_2166_fu_180744_p2         |      |        | add_ln339_2166    | add | fabric    | 0       |
|   Tp_773_fu_180758_p2                 |      |        | Tp_773            | add | fabric    | 0       |
|   add_ln339_2170_fu_180776_p2         |      |        | add_ln339_2170    | add | fabric    | 0       |
|   Tp_775_fu_180790_p2                 |      |        | Tp_775            | add | fabric    | 0       |
|   add_ln339_2174_fu_180808_p2         |      |        | add_ln339_2174    | add | fabric    | 0       |
|   Tp_777_fu_180822_p2                 |      |        | Tp_777            | add | fabric    | 0       |
|   add_ln339_2178_fu_180840_p2         |      |        | add_ln339_2178    | add | fabric    | 0       |
|   Tp_779_fu_180854_p2                 |      |        | Tp_779            | add | fabric    | 0       |
|   add_ln339_2183_fu_180872_p2         |      |        | add_ln339_2183    | add | fabric    | 0       |
|   Tp_781_fu_180886_p2                 |      |        | Tp_781            | add | fabric    | 0       |
|   sub_ln339_588_fu_180925_p2          |      |        | sub_ln339_588     | sub | fabric    | 0       |
|   add_ln339_2185_fu_180943_p2         |      |        | add_ln339_2185    | add | fabric    | 0       |
|   Tp_782_fu_180969_p2                 |      |        | Tp_782            | add | fabric    | 0       |
|   sub_ln339_589_fu_149797_p2          |      |        | sub_ln339_589     | sub | fabric    | 0       |
|   addconv944_fu_149807_p2             |      |        | addconv944        | add | fabric    | 0       |
|   mul_ln339_3525998_fu_180997_p2      |      |        | mul_ln339_3525998 | sub | fabric    | 0       |
|   add_ln339_2189_fu_181015_p2         |      |        | add_ln339_2189    | add | fabric    | 0       |
|   add_ln339_2190_fu_181025_p2         |      |        | add_ln339_2190    | add | fabric    | 0       |
|   add_ln339_2193_fu_181085_p2         |      |        | add_ln339_2193    | add | fabric    | 0       |
|   add_ln339_2196_fu_181118_p2         |      |        | add_ln339_2196    | add | fabric    | 0       |
|   add_ln339_2197_fu_181124_p2         |      |        | add_ln339_2197    | add | fabric    | 0       |
|   Tp_785_fu_181138_p2                 |      |        | Tp_785            | add | fabric    | 0       |
|   add_ln339_2199_fu_181178_p2         |      |        | add_ln339_2199    | add | fabric    | 0       |
|   add_ln339_2202_fu_181211_p2         |      |        | add_ln339_2202    | add | fabric    | 0       |
|   add_ln339_2203_fu_181217_p2         |      |        | add_ln339_2203    | add | fabric    | 0       |
|   Tp_787_fu_181231_p2                 |      |        | Tp_787            | add | fabric    | 0       |
|   add_ln339_2205_fu_181271_p2         |      |        | add_ln339_2205    | add | fabric    | 0       |
|   add_ln339_2208_fu_181304_p2         |      |        | add_ln339_2208    | add | fabric    | 0       |
|   add_ln339_2209_fu_181310_p2         |      |        | add_ln339_2209    | add | fabric    | 0       |
|   Tp_789_fu_181324_p2                 |      |        | Tp_789            | add | fabric    | 0       |
|   add_ln339_2211_fu_181364_p2         |      |        | add_ln339_2211    | add | fabric    | 0       |
|   add_ln339_2214_fu_181397_p2         |      |        | add_ln339_2214    | add | fabric    | 0       |
|   add_ln339_2215_fu_181403_p2         |      |        | add_ln339_2215    | add | fabric    | 0       |
|   Tp_791_fu_181417_p2                 |      |        | Tp_791            | add | fabric    | 0       |
|   sub_ln339_598_fu_149813_p2          |      |        | sub_ln339_598     | sub | fabric    | 0       |
|   add_ln339_2217_fu_181434_p2         |      |        | add_ln339_2217    | add | fabric    | 0       |
|   sub_ln339_599_fu_149830_p2          |      |        | sub_ln339_599     | sub | fabric    | 0       |
|   add_ln339_2220_fu_181467_p2         |      |        | add_ln339_2220    | add | fabric    | 0       |
|   add_ln339_2221_fu_181481_p2         |      |        | add_ln339_2221    | add | fabric    | 0       |
|   Tp_793_fu_181495_p2                 |      |        | Tp_793            | add | fabric    | 0       |
|   add_ln339_2225_fu_181513_p2         |      |        | add_ln339_2225    | add | fabric    | 0       |
|   Tp_795_fu_181527_p2                 |      |        | Tp_795            | add | fabric    | 0       |
|   add_ln339_2229_fu_181545_p2         |      |        | add_ln339_2229    | add | fabric    | 0       |
|   Tp_797_fu_181559_p2                 |      |        | Tp_797            | add | fabric    | 0       |
|   add_ln339_2233_fu_181577_p2         |      |        | add_ln339_2233    | add | fabric    | 0       |
|   Tp_799_fu_181591_p2                 |      |        | Tp_799            | add | fabric    | 0       |
|   add_ln339_2237_fu_181609_p2         |      |        | add_ln339_2237    | add | fabric    | 0       |
|   Tp_801_fu_181623_p2                 |      |        | Tp_801            | add | fabric    | 0       |
|   add_ln339_2241_fu_181641_p2         |      |        | add_ln339_2241    | add | fabric    | 0       |
|   Tp_803_fu_181655_p2                 |      |        | Tp_803            | add | fabric    | 0       |
|   add_ln339_2245_fu_181673_p2         |      |        | add_ln339_2245    | add | fabric    | 0       |
|   Tp_805_fu_181687_p2                 |      |        | Tp_805            | add | fabric    | 0       |
|   add_ln339_2249_fu_181705_p2         |      |        | add_ln339_2249    | add | fabric    | 0       |
|   Tp_807_fu_181719_p2                 |      |        | Tp_807            | add | fabric    | 0       |
|   add_ln339_2253_fu_181737_p2         |      |        | add_ln339_2253    | add | fabric    | 0       |
|   Tp_809_fu_181751_p2                 |      |        | Tp_809            | add | fabric    | 0       |
|   add_ln339_2257_fu_181769_p2         |      |        | add_ln339_2257    | add | fabric    | 0       |
|   Tp_811_fu_181783_p2                 |      |        | Tp_811            | add | fabric    | 0       |
|   add_ln339_2261_fu_181801_p2         |      |        | add_ln339_2261    | add | fabric    | 0       |
|   Tp_813_fu_181815_p2                 |      |        | Tp_813            | add | fabric    | 0       |
|   add_ln339_2265_fu_181833_p2         |      |        | add_ln339_2265    | add | fabric    | 0       |
|   Tp_815_fu_181847_p2                 |      |        | Tp_815            | add | fabric    | 0       |
|   add_ln339_2269_fu_181865_p2         |      |        | add_ln339_2269    | add | fabric    | 0       |
|   Tp_817_fu_181879_p2                 |      |        | Tp_817            | add | fabric    | 0       |
|   add_ln339_2273_fu_181897_p2         |      |        | add_ln339_2273    | add | fabric    | 0       |
|   Tp_819_fu_181911_p2                 |      |        | Tp_819            | add | fabric    | 0       |
|   add_ln339_2277_fu_181929_p2         |      |        | add_ln339_2277    | add | fabric    | 0       |
|   Tp_821_fu_181943_p2                 |      |        | Tp_821            | add | fabric    | 0       |
|   add_ln339_2281_fu_181961_p2         |      |        | add_ln339_2281    | add | fabric    | 0       |
|   Tp_823_fu_181975_p2                 |      |        | Tp_823            | add | fabric    | 0       |
|   add_ln339_2285_fu_181993_p2         |      |        | add_ln339_2285    | add | fabric    | 0       |
|   Tp_825_fu_182007_p2                 |      |        | Tp_825            | add | fabric    | 0       |
|   add_ln339_2289_fu_182025_p2         |      |        | add_ln339_2289    | add | fabric    | 0       |
|   Tp_827_fu_182039_p2                 |      |        | Tp_827            | add | fabric    | 0       |
|   sub_ln339_603_fu_182078_p2          |      |        | sub_ln339_603     | sub | fabric    | 0       |
|   add_ln339_2291_fu_182096_p2         |      |        | add_ln339_2291    | add | fabric    | 0       |
|   Tp_828_fu_182122_p2                 |      |        | Tp_828            | add | fabric    | 0       |
|   sub_ln339_604_fu_149895_p2          |      |        | sub_ln339_604     | sub | fabric    | 0       |
|   addconv945_fu_149905_p2             |      |        | addconv945        | add | fabric    | 0       |
|   mul_ln339_3725996_fu_182150_p2      |      |        | mul_ln339_3725996 | sub | fabric    | 0       |
|   add_ln339_2295_fu_182168_p2         |      |        | add_ln339_2295    | add | fabric    | 0       |
|   add_ln339_2296_fu_182178_p2         |      |        | add_ln339_2296    | add | fabric    | 0       |
|   add_ln339_2299_fu_182238_p2         |      |        | add_ln339_2299    | add | fabric    | 0       |
|   add_ln339_2302_fu_182271_p2         |      |        | add_ln339_2302    | add | fabric    | 0       |
|   add_ln339_2303_fu_182277_p2         |      |        | add_ln339_2303    | add | fabric    | 0       |
|   Tp_831_fu_182291_p2                 |      |        | Tp_831            | add | fabric    | 0       |
|   add_ln339_2305_fu_182331_p2         |      |        | add_ln339_2305    | add | fabric    | 0       |
|   add_ln339_2309_fu_182364_p2         |      |        | add_ln339_2309    | add | fabric    | 0       |
|   add_ln339_2310_fu_182370_p2         |      |        | add_ln339_2310    | add | fabric    | 0       |
|   Tp_833_fu_182384_p2                 |      |        | Tp_833            | add | fabric    | 0       |
|   add_ln339_2312_fu_182424_p2         |      |        | add_ln339_2312    | add | fabric    | 0       |
|   add_ln339_2315_fu_182457_p2         |      |        | add_ln339_2315    | add | fabric    | 0       |
|   add_ln339_2316_fu_182463_p2         |      |        | add_ln339_2316    | add | fabric    | 0       |
|   Tp_835_fu_182477_p2                 |      |        | Tp_835            | add | fabric    | 0       |
|   sub_ln339_611_fu_149911_p2          |      |        | sub_ln339_611     | sub | fabric    | 0       |
|   add_ln339_2318_fu_182494_p2         |      |        | add_ln339_2318    | add | fabric    | 0       |
|   sub_ln339_612_fu_149928_p2          |      |        | sub_ln339_612     | sub | fabric    | 0       |
|   add_ln339_2321_fu_182527_p2         |      |        | add_ln339_2321    | add | fabric    | 0       |
|   add_ln339_2322_fu_182541_p2         |      |        | add_ln339_2322    | add | fabric    | 0       |
|   Tp_837_fu_182555_p2                 |      |        | Tp_837            | add | fabric    | 0       |
|   add_ln339_2326_fu_182573_p2         |      |        | add_ln339_2326    | add | fabric    | 0       |
|   Tp_839_fu_182587_p2                 |      |        | Tp_839            | add | fabric    | 0       |
|   add_ln339_2330_fu_182605_p2         |      |        | add_ln339_2330    | add | fabric    | 0       |
|   Tp_841_fu_182619_p2                 |      |        | Tp_841            | add | fabric    | 0       |
|   add_ln339_2334_fu_182637_p2         |      |        | add_ln339_2334    | add | fabric    | 0       |
|   Tp_843_fu_182651_p2                 |      |        | Tp_843            | add | fabric    | 0       |
|   add_ln339_2338_fu_182669_p2         |      |        | add_ln339_2338    | add | fabric    | 0       |
|   Tp_845_fu_182683_p2                 |      |        | Tp_845            | add | fabric    | 0       |
|   add_ln339_2342_fu_182701_p2         |      |        | add_ln339_2342    | add | fabric    | 0       |
|   Tp_847_fu_182715_p2                 |      |        | Tp_847            | add | fabric    | 0       |
|   add_ln339_2346_fu_182733_p2         |      |        | add_ln339_2346    | add | fabric    | 0       |
|   Tp_849_fu_182747_p2                 |      |        | Tp_849            | add | fabric    | 0       |
|   add_ln339_2350_fu_182765_p2         |      |        | add_ln339_2350    | add | fabric    | 0       |
|   Tp_851_fu_182779_p2                 |      |        | Tp_851            | add | fabric    | 0       |
|   add_ln339_2354_fu_182797_p2         |      |        | add_ln339_2354    | add | fabric    | 0       |
|   Tp_853_fu_182811_p2                 |      |        | Tp_853            | add | fabric    | 0       |
|   add_ln339_2358_fu_182829_p2         |      |        | add_ln339_2358    | add | fabric    | 0       |
|   Tp_855_fu_182843_p2                 |      |        | Tp_855            | add | fabric    | 0       |
|   add_ln339_2362_fu_182861_p2         |      |        | add_ln339_2362    | add | fabric    | 0       |
|   Tp_857_fu_182875_p2                 |      |        | Tp_857            | add | fabric    | 0       |
|   add_ln339_2366_fu_182893_p2         |      |        | add_ln339_2366    | add | fabric    | 0       |
|   Tp_859_fu_182907_p2                 |      |        | Tp_859            | add | fabric    | 0       |
|   add_ln339_2370_fu_182925_p2         |      |        | add_ln339_2370    | add | fabric    | 0       |
|   Tp_861_fu_182939_p2                 |      |        | Tp_861            | add | fabric    | 0       |
|   add_ln339_2374_fu_182957_p2         |      |        | add_ln339_2374    | add | fabric    | 0       |
|   Tp_863_fu_182971_p2                 |      |        | Tp_863            | add | fabric    | 0       |
|   add_ln339_2378_fu_182989_p2         |      |        | add_ln339_2378    | add | fabric    | 0       |
|   Tp_865_fu_183003_p2                 |      |        | Tp_865            | add | fabric    | 0       |
|   add_ln339_2382_fu_183021_p2         |      |        | add_ln339_2382    | add | fabric    | 0       |
|   Tp_867_fu_183035_p2                 |      |        | Tp_867            | add | fabric    | 0       |
|   add_ln339_2386_fu_183053_p2         |      |        | add_ln339_2386    | add | fabric    | 0       |
|   Tp_869_fu_183067_p2                 |      |        | Tp_869            | add | fabric    | 0       |
|   add_ln339_2390_fu_183085_p2         |      |        | add_ln339_2390    | add | fabric    | 0       |
|   Tp_871_fu_183099_p2                 |      |        | Tp_871            | add | fabric    | 0       |
|   add_ln339_2394_fu_183117_p2         |      |        | add_ln339_2394    | add | fabric    | 0       |
|   Tp_873_fu_183131_p2                 |      |        | Tp_873            | add | fabric    | 0       |
|   sub_ln339_616_fu_183170_p2          |      |        | sub_ln339_616     | sub | fabric    | 0       |
|   add_ln339_2396_fu_183188_p2         |      |        | add_ln339_2396    | add | fabric    | 0       |
|   Tp_874_fu_183214_p2                 |      |        | Tp_874            | add | fabric    | 0       |
|   sub_ln339_617_fu_149993_p2          |      |        | sub_ln339_617     | sub | fabric    | 0       |
|   addconv946_fu_150003_p2             |      |        | addconv946        | add | fabric    | 0       |
|   mul_ln339_3925994_fu_183242_p2      |      |        | mul_ln339_3925994 | sub | fabric    | 0       |
|   add_ln339_2400_fu_183260_p2         |      |        | add_ln339_2400    | add | fabric    | 0       |
|   add_ln339_2401_fu_183270_p2         |      |        | add_ln339_2401    | add | fabric    | 0       |
|   add_ln339_2404_fu_183330_p2         |      |        | add_ln339_2404    | add | fabric    | 0       |
|   add_ln339_2407_fu_183363_p2         |      |        | add_ln339_2407    | add | fabric    | 0       |
|   add_ln339_2408_fu_183369_p2         |      |        | add_ln339_2408    | add | fabric    | 0       |
|   Tp_877_fu_183383_p2                 |      |        | Tp_877            | add | fabric    | 0       |
|   add_ln339_2410_fu_183423_p2         |      |        | add_ln339_2410    | add | fabric    | 0       |
|   add_ln339_2413_fu_183456_p2         |      |        | add_ln339_2413    | add | fabric    | 0       |
|   add_ln339_2414_fu_183462_p2         |      |        | add_ln339_2414    | add | fabric    | 0       |
|   Tp_879_fu_183476_p2                 |      |        | Tp_879            | add | fabric    | 0       |
|   sub_ln339_622_fu_150009_p2          |      |        | sub_ln339_622     | sub | fabric    | 0       |
|   add_ln339_2416_fu_183493_p2         |      |        | add_ln339_2416    | add | fabric    | 0       |
|   sub_ln339_623_fu_150026_p2          |      |        | sub_ln339_623     | sub | fabric    | 0       |
|   add_ln339_2419_fu_183526_p2         |      |        | add_ln339_2419    | add | fabric    | 0       |
|   add_ln339_2420_fu_183540_p2         |      |        | add_ln339_2420    | add | fabric    | 0       |
|   Tp_881_fu_183554_p2                 |      |        | Tp_881            | add | fabric    | 0       |
|   add_ln339_2424_fu_183572_p2         |      |        | add_ln339_2424    | add | fabric    | 0       |
|   Tp_883_fu_183586_p2                 |      |        | Tp_883            | add | fabric    | 0       |
|   add_ln339_2428_fu_183604_p2         |      |        | add_ln339_2428    | add | fabric    | 0       |
|   Tp_885_fu_183618_p2                 |      |        | Tp_885            | add | fabric    | 0       |
|   add_ln339_2432_fu_183636_p2         |      |        | add_ln339_2432    | add | fabric    | 0       |
|   Tp_887_fu_183650_p2                 |      |        | Tp_887            | add | fabric    | 0       |
|   add_ln339_2437_fu_183668_p2         |      |        | add_ln339_2437    | add | fabric    | 0       |
|   Tp_889_fu_183682_p2                 |      |        | Tp_889            | add | fabric    | 0       |
|   add_ln339_2441_fu_183700_p2         |      |        | add_ln339_2441    | add | fabric    | 0       |
|   Tp_891_fu_183714_p2                 |      |        | Tp_891            | add | fabric    | 0       |
|   add_ln339_2445_fu_183732_p2         |      |        | add_ln339_2445    | add | fabric    | 0       |
|   Tp_893_fu_183746_p2                 |      |        | Tp_893            | add | fabric    | 0       |
|   add_ln339_2449_fu_183764_p2         |      |        | add_ln339_2449    | add | fabric    | 0       |
|   Tp_895_fu_183778_p2                 |      |        | Tp_895            | add | fabric    | 0       |
|   add_ln339_2453_fu_183796_p2         |      |        | add_ln339_2453    | add | fabric    | 0       |
|   Tp_897_fu_183810_p2                 |      |        | Tp_897            | add | fabric    | 0       |
|   add_ln339_2457_fu_183828_p2         |      |        | add_ln339_2457    | add | fabric    | 0       |
|   Tp_899_fu_183842_p2                 |      |        | Tp_899            | add | fabric    | 0       |
|   add_ln339_2461_fu_183860_p2         |      |        | add_ln339_2461    | add | fabric    | 0       |
|   Tp_901_fu_183874_p2                 |      |        | Tp_901            | add | fabric    | 0       |
|   add_ln339_2465_fu_183892_p2         |      |        | add_ln339_2465    | add | fabric    | 0       |
|   Tp_903_fu_183906_p2                 |      |        | Tp_903            | add | fabric    | 0       |
|   add_ln339_2469_fu_183924_p2         |      |        | add_ln339_2469    | add | fabric    | 0       |
|   Tp_905_fu_183938_p2                 |      |        | Tp_905            | add | fabric    | 0       |
|   add_ln339_2473_fu_183956_p2         |      |        | add_ln339_2473    | add | fabric    | 0       |
|   Tp_907_fu_183970_p2                 |      |        | Tp_907            | add | fabric    | 0       |
|   add_ln339_2477_fu_183988_p2         |      |        | add_ln339_2477    | add | fabric    | 0       |
|   Tp_909_fu_184002_p2                 |      |        | Tp_909            | add | fabric    | 0       |
|   add_ln339_2481_fu_184020_p2         |      |        | add_ln339_2481    | add | fabric    | 0       |
|   Tp_911_fu_184034_p2                 |      |        | Tp_911            | add | fabric    | 0       |
|   add_ln339_2485_fu_184052_p2         |      |        | add_ln339_2485    | add | fabric    | 0       |
|   Tp_913_fu_184066_p2                 |      |        | Tp_913            | add | fabric    | 0       |
|   add_ln339_2489_fu_184084_p2         |      |        | add_ln339_2489    | add | fabric    | 0       |
|   Tp_915_fu_184098_p2                 |      |        | Tp_915            | add | fabric    | 0       |
|   add_ln339_2493_fu_184116_p2         |      |        | add_ln339_2493    | add | fabric    | 0       |
|   Tp_917_fu_184130_p2                 |      |        | Tp_917            | add | fabric    | 0       |
|   add_ln339_2497_fu_184148_p2         |      |        | add_ln339_2497    | add | fabric    | 0       |
|   Tp_919_fu_184162_p2                 |      |        | Tp_919            | add | fabric    | 0       |
|   sub_ln339_627_fu_184201_p2          |      |        | sub_ln339_627     | sub | fabric    | 0       |
|   add_ln339_2499_fu_184219_p2         |      |        | add_ln339_2499    | add | fabric    | 0       |
|   Tp_920_fu_184245_p2                 |      |        | Tp_920            | add | fabric    | 0       |
|   sub_ln339_628_fu_150091_p2          |      |        | sub_ln339_628     | sub | fabric    | 0       |
|   addconv947_fu_150101_p2             |      |        | addconv947        | add | fabric    | 0       |
|   mul_ln339_4125992_fu_184273_p2      |      |        | mul_ln339_4125992 | sub | fabric    | 0       |
|   add_ln339_2503_fu_184291_p2         |      |        | add_ln339_2503    | add | fabric    | 0       |
|   add_ln339_2504_fu_184301_p2         |      |        | add_ln339_2504    | add | fabric    | 0       |
|   add_ln339_2507_fu_184361_p2         |      |        | add_ln339_2507    | add | fabric    | 0       |
|   add_ln339_2510_fu_184394_p2         |      |        | add_ln339_2510    | add | fabric    | 0       |
|   add_ln339_2511_fu_184400_p2         |      |        | add_ln339_2511    | add | fabric    | 0       |
|   Tp_923_fu_184414_p2                 |      |        | Tp_923            | add | fabric    | 0       |
|   sub_ln339_631_fu_150107_p2          |      |        | sub_ln339_631     | sub | fabric    | 0       |
|   add_ln339_2513_fu_184427_p2         |      |        | add_ln339_2513    | add | fabric    | 0       |
|   sub_ln339_632_fu_150124_p2          |      |        | sub_ln339_632     | sub | fabric    | 0       |
|   add_ln339_2516_fu_184460_p2         |      |        | add_ln339_2516    | add | fabric    | 0       |
|   add_ln339_2517_fu_184474_p2         |      |        | add_ln339_2517    | add | fabric    | 0       |
|   Tp_925_fu_184488_p2                 |      |        | Tp_925            | add | fabric    | 0       |
|   add_ln339_2521_fu_184506_p2         |      |        | add_ln339_2521    | add | fabric    | 0       |
|   Tp_927_fu_184520_p2                 |      |        | Tp_927            | add | fabric    | 0       |
|   add_ln339_2525_fu_184538_p2         |      |        | add_ln339_2525    | add | fabric    | 0       |
|   Tp_929_fu_184552_p2                 |      |        | Tp_929            | add | fabric    | 0       |
|   add_ln339_2529_fu_184570_p2         |      |        | add_ln339_2529    | add | fabric    | 0       |
|   Tp_931_fu_184584_p2                 |      |        | Tp_931            | add | fabric    | 0       |
|   add_ln339_2533_fu_184602_p2         |      |        | add_ln339_2533    | add | fabric    | 0       |
|   Tp_933_fu_184616_p2                 |      |        | Tp_933            | add | fabric    | 0       |
|   add_ln339_2537_fu_184634_p2         |      |        | add_ln339_2537    | add | fabric    | 0       |
|   Tp_935_fu_184648_p2                 |      |        | Tp_935            | add | fabric    | 0       |
|   add_ln339_2541_fu_184666_p2         |      |        | add_ln339_2541    | add | fabric    | 0       |
|   Tp_937_fu_184680_p2                 |      |        | Tp_937            | add | fabric    | 0       |
|   add_ln339_2545_fu_184698_p2         |      |        | add_ln339_2545    | add | fabric    | 0       |
|   Tp_939_fu_184712_p2                 |      |        | Tp_939            | add | fabric    | 0       |
|   add_ln339_2549_fu_184730_p2         |      |        | add_ln339_2549    | add | fabric    | 0       |
|   Tp_941_fu_184744_p2                 |      |        | Tp_941            | add | fabric    | 0       |
|   add_ln339_2553_fu_184762_p2         |      |        | add_ln339_2553    | add | fabric    | 0       |
|   Tp_943_fu_184776_p2                 |      |        | Tp_943            | add | fabric    | 0       |
|   add_ln339_2558_fu_184794_p2         |      |        | add_ln339_2558    | add | fabric    | 0       |
|   Tp_945_fu_184808_p2                 |      |        | Tp_945            | add | fabric    | 0       |
|   add_ln339_2562_fu_184826_p2         |      |        | add_ln339_2562    | add | fabric    | 0       |
|   Tp_947_fu_184840_p2                 |      |        | Tp_947            | add | fabric    | 0       |
|   add_ln339_2566_fu_184858_p2         |      |        | add_ln339_2566    | add | fabric    | 0       |
|   Tp_949_fu_184872_p2                 |      |        | Tp_949            | add | fabric    | 0       |
|   add_ln339_2570_fu_184890_p2         |      |        | add_ln339_2570    | add | fabric    | 0       |
|   Tp_951_fu_184904_p2                 |      |        | Tp_951            | add | fabric    | 0       |
|   add_ln339_2574_fu_184922_p2         |      |        | add_ln339_2574    | add | fabric    | 0       |
|   Tp_953_fu_184936_p2                 |      |        | Tp_953            | add | fabric    | 0       |
|   add_ln339_2578_fu_184954_p2         |      |        | add_ln339_2578    | add | fabric    | 0       |
|   Tp_955_fu_184968_p2                 |      |        | Tp_955            | add | fabric    | 0       |
|   add_ln339_2582_fu_184986_p2         |      |        | add_ln339_2582    | add | fabric    | 0       |
|   Tp_957_fu_185000_p2                 |      |        | Tp_957            | add | fabric    | 0       |
|   add_ln339_2586_fu_185018_p2         |      |        | add_ln339_2586    | add | fabric    | 0       |
|   Tp_959_fu_185032_p2                 |      |        | Tp_959            | add | fabric    | 0       |
|   add_ln339_2590_fu_185050_p2         |      |        | add_ln339_2590    | add | fabric    | 0       |
|   Tp_961_fu_185064_p2                 |      |        | Tp_961            | add | fabric    | 0       |
|   add_ln339_2594_fu_185082_p2         |      |        | add_ln339_2594    | add | fabric    | 0       |
|   Tp_963_fu_185096_p2                 |      |        | Tp_963            | add | fabric    | 0       |
|   add_ln339_2598_fu_185114_p2         |      |        | add_ln339_2598    | add | fabric    | 0       |
|   Tp_965_fu_185128_p2                 |      |        | Tp_965            | add | fabric    | 0       |
|   sub_ln339_636_fu_185167_p2          |      |        | sub_ln339_636     | sub | fabric    | 0       |
|   add_ln339_2600_fu_185185_p2         |      |        | add_ln339_2600    | add | fabric    | 0       |
|   Tp_966_fu_185211_p2                 |      |        | Tp_966            | add | fabric    | 0       |
|   sub_ln339_637_fu_150189_p2          |      |        | sub_ln339_637     | sub | fabric    | 0       |
|   addconv948_fu_150199_p2             |      |        | addconv948        | add | fabric    | 0       |
|   mul_ln339_4325990_fu_185239_p2      |      |        | mul_ln339_4325990 | sub | fabric    | 0       |
|   add_ln339_2604_fu_185257_p2         |      |        | add_ln339_2604    | add | fabric    | 0       |
|   add_ln339_2605_fu_185267_p2         |      |        | add_ln339_2605    | add | fabric    | 0       |
|   q_1_fu_185361_p2                    |      |        | q_1               | add | fabric    | 0       |
|   q_5_fu_185625_p2                    |      |        | q_5               | add | fabric    | 0       |
|   q_9_fu_185889_p2                    |      |        | q_9               | add | fabric    | 0       |
|   q_13_fu_186049_p2                   |      |        | q_13              | add | fabric    | 0       |
|   q_17_fu_186261_p2                   |      |        | q_17              | add | fabric    | 0       |
|   sub_ln357_fu_186387_p2              |      |        | sub_ln357         | sub | fabric    | 0       |
|   q_21_fu_186423_p2                   |      |        | q_21              | add | fabric    | 0       |
|   q_25_fu_186635_p2                   |      |        | q_25              | add | fabric    | 0       |
|   sub_ln357_1_fu_186761_p2            |      |        | sub_ln357_1       | sub | fabric    | 0       |
|   q_29_fu_186797_p2                   |      |        | q_29              | add | fabric    | 0       |
|   q_33_fu_187009_p2                   |      |        | q_33              | add | fabric    | 0       |
|   sub_ln357_2_fu_187135_p2            |      |        | sub_ln357_2       | sub | fabric    | 0       |
|   q_37_fu_187171_p2                   |      |        | q_37              | add | fabric    | 0       |
|   q_41_fu_187383_p2                   |      |        | q_41              | add | fabric    | 0       |
|   sub_ln357_3_fu_187509_p2            |      |        | sub_ln357_3       | sub | fabric    | 0       |
|   q_45_fu_187545_p2                   |      |        | q_45              | add | fabric    | 0       |
|   q_49_fu_187757_p2                   |      |        | q_49              | add | fabric    | 0       |
|   sub_ln357_4_fu_187883_p2            |      |        | sub_ln357_4       | sub | fabric    | 0       |
|   q_53_fu_187919_p2                   |      |        | q_53              | add | fabric    | 0       |
|   q_57_fu_188131_p2                   |      |        | q_57              | add | fabric    | 0       |
|   sub_ln357_5_fu_188257_p2            |      |        | sub_ln357_5       | sub | fabric    | 0       |
|   q_61_fu_188293_p2                   |      |        | q_61              | add | fabric    | 0       |
|   q_65_fu_188505_p2                   |      |        | q_65              | add | fabric    | 0       |
|   sub_ln357_6_fu_188631_p2            |      |        | sub_ln357_6       | sub | fabric    | 0       |
|   q_69_fu_188667_p2                   |      |        | q_69              | add | fabric    | 0       |
|   q_73_fu_188879_p2                   |      |        | q_73              | add | fabric    | 0       |
|   sub_ln357_7_fu_189005_p2            |      |        | sub_ln357_7       | sub | fabric    | 0       |
|   q_77_fu_189041_p2                   |      |        | q_77              | add | fabric    | 0       |
|   q_81_fu_189253_p2                   |      |        | q_81              | add | fabric    | 0       |
|   sub_ln357_8_fu_189379_p2            |      |        | sub_ln357_8       | sub | fabric    | 0       |
|   q_85_fu_189415_p2                   |      |        | q_85              | add | fabric    | 0       |
|   q_89_fu_189627_p2                   |      |        | q_89              | add | fabric    | 0       |
|   sub_ln357_9_fu_189753_p2            |      |        | sub_ln357_9       | sub | fabric    | 0       |
|   q_93_fu_189789_p2                   |      |        | q_93              | add | fabric    | 0       |
|   q_97_fu_190001_p2                   |      |        | q_97              | add | fabric    | 0       |
|   sub_ln357_10_fu_190127_p2           |      |        | sub_ln357_10      | sub | fabric    | 0       |
|   q_101_fu_190163_p2                  |      |        | q_101             | add | fabric    | 0       |
|   q_105_fu_190375_p2                  |      |        | q_105             | add | fabric    | 0       |
|   sub_ln357_11_fu_190501_p2           |      |        | sub_ln357_11      | sub | fabric    | 0       |
|   q_109_fu_190537_p2                  |      |        | q_109             | add | fabric    | 0       |
|   q_113_fu_190749_p2                  |      |        | q_113             | add | fabric    | 0       |
|   sub_ln357_12_fu_190875_p2           |      |        | sub_ln357_12      | sub | fabric    | 0       |
|   q_117_fu_190911_p2                  |      |        | q_117             | add | fabric    | 0       |
|   q_121_fu_191123_p2                  |      |        | q_121             | add | fabric    | 0       |
|   q_125_fu_191335_p2                  |      |        | q_125             | add | fabric    | 0       |
|   q_129_fu_191547_p2                  |      |        | q_129             | add | fabric    | 0       |
|   sub_ln357_13_fu_191673_p2           |      |        | sub_ln357_13      | sub | fabric    | 0       |
|   q_133_fu_191709_p2                  |      |        | q_133             | add | fabric    | 0       |
|   q_137_fu_191921_p2                  |      |        | q_137             | add | fabric    | 0       |
|   sub_ln357_14_fu_192047_p2           |      |        | sub_ln357_14      | sub | fabric    | 0       |
|   q_141_fu_192083_p2                  |      |        | q_141             | add | fabric    | 0       |
|   q_145_fu_192295_p2                  |      |        | q_145             | add | fabric    | 0       |
|   sub_ln357_15_fu_192421_p2           |      |        | sub_ln357_15      | sub | fabric    | 0       |
|   q_149_fu_192457_p2                  |      |        | q_149             | add | fabric    | 0       |
|   q_153_fu_192669_p2                  |      |        | q_153             | add | fabric    | 0       |
|   sub_ln357_16_fu_192795_p2           |      |        | sub_ln357_16      | sub | fabric    | 0       |
|   q_157_fu_192831_p2                  |      |        | q_157             | add | fabric    | 0       |
|   q_161_fu_193043_p2                  |      |        | q_161             | add | fabric    | 0       |
|   sub_ln357_17_fu_193169_p2           |      |        | sub_ln357_17      | sub | fabric    | 0       |
|   q_165_fu_193205_p2                  |      |        | q_165             | add | fabric    | 0       |
|   q_169_fu_193417_p2                  |      |        | q_169             | add | fabric    | 0       |
|   sub_ln357_18_fu_193543_p2           |      |        | sub_ln357_18      | sub | fabric    | 0       |
|   q_173_fu_193579_p2                  |      |        | q_173             | add | fabric    | 0       |
|   q_177_fu_193791_p2                  |      |        | q_177             | add | fabric    | 0       |
|   q_181_fu_193951_p2                  |      |        | q_181             | add | fabric    | 0       |
|   q_185_fu_194163_p2                  |      |        | q_185             | add | fabric    | 0       |
|   q_189_fu_194391_p2                  |      |        | q_189             | add | fabric    | 0       |
|   q_193_fu_194619_p2                  |      |        | q_193             | add | fabric    | 0       |
|   q_197_fu_194775_p2                  |      |        | q_197             | add | fabric    | 0       |
|   q_201_fu_194987_p2                  |      |        | q_201             | add | fabric    | 0       |
|   q_205_fu_195143_p2                  |      |        | q_205             | add | fabric    | 0       |
|   q_209_fu_195355_p2                  |      |        | q_209             | add | fabric    | 0       |
|   q_213_fu_195511_p2                  |      |        | q_213             | add | fabric    | 0       |
|   q_217_fu_195723_p2                  |      |        | q_217             | add | fabric    | 0       |
|   q_221_fu_195879_p2                  |      |        | q_221             | add | fabric    | 0       |
|   q_225_fu_196091_p2                  |      |        | q_225             | add | fabric    | 0       |
|   q_229_fu_196247_p2                  |      |        | q_229             | add | fabric    | 0       |
|   q_233_fu_196459_p2                  |      |        | q_233             | add | fabric    | 0       |
|   q_237_fu_196615_p2                  |      |        | q_237             | add | fabric    | 0       |
|   q_241_fu_196827_p2                  |      |        | q_241             | add | fabric    | 0       |
|   q_245_fu_196983_p2                  |      |        | q_245             | add | fabric    | 0       |
|   q_249_fu_197195_p2                  |      |        | q_249             | add | fabric    | 0       |
|   q_253_fu_197351_p2                  |      |        | q_253             | add | fabric    | 0       |
|   q_257_fu_197563_p2                  |      |        | q_257             | add | fabric    | 0       |
|   q_261_fu_197719_p2                  |      |        | q_261             | add | fabric    | 0       |
|   q_265_fu_197931_p2                  |      |        | q_265             | add | fabric    | 0       |
|   q_269_fu_198087_p2                  |      |        | q_269             | add | fabric    | 0       |
|   q_273_fu_198299_p2                  |      |        | q_273             | add | fabric    | 0       |
|   q_277_fu_198455_p2                  |      |        | q_277             | add | fabric    | 0       |
|   q_281_fu_198667_p2                  |      |        | q_281             | add | fabric    | 0       |
|   q_285_fu_198823_p2                  |      |        | q_285             | add | fabric    | 0       |
|   q_289_fu_199035_p2                  |      |        | q_289             | add | fabric    | 0       |
|   q_293_fu_199191_p2                  |      |        | q_293             | add | fabric    | 0       |
|   q_297_fu_199403_p2                  |      |        | q_297             | add | fabric    | 0       |
|   q_301_fu_199615_p2                  |      |        | q_301             | add | fabric    | 0       |
|   q_305_fu_199827_p2                  |      |        | q_305             | add | fabric    | 0       |
|   q_309_fu_199983_p2                  |      |        | q_309             | add | fabric    | 0       |
|   q_313_fu_200195_p2                  |      |        | q_313             | add | fabric    | 0       |
|   q_317_fu_200351_p2                  |      |        | q_317             | add | fabric    | 0       |
|   q_321_fu_200563_p2                  |      |        | q_321             | add | fabric    | 0       |
|   q_325_fu_200719_p2                  |      |        | q_325             | add | fabric    | 0       |
|   q_329_fu_200931_p2                  |      |        | q_329             | add | fabric    | 0       |
|   q_333_fu_201087_p2                  |      |        | q_333             | add | fabric    | 0       |
|   q_337_fu_201299_p2                  |      |        | q_337             | add | fabric    | 0       |
|   q_341_fu_201455_p2                  |      |        | q_341             | add | fabric    | 0       |
|   q_345_fu_201667_p2                  |      |        | q_345             | add | fabric    | 0       |
|   q_349_fu_201823_p2                  |      |        | q_349             | add | fabric    | 0       |
|   q_353_fu_202035_p2                  |      |        | q_353             | add | fabric    | 0       |
|   sub_ln357_19_fu_202161_p2           |      |        | sub_ln357_19      | sub | fabric    | 0       |
|   q_357_fu_202197_p2                  |      |        | q_357             | add | fabric    | 0       |
|   q_361_fu_202409_p2                  |      |        | q_361             | add | fabric    | 0       |
|   q_365_fu_202565_p2                  |      |        | q_365             | add | fabric    | 0       |
|   q_369_fu_202777_p2                  |      |        | q_369             | add | fabric    | 0       |
|   q_373_fu_203005_p2                  |      |        | q_373             | add | fabric    | 0       |
|   q_377_fu_203233_p2                  |      |        | q_377             | add | fabric    | 0       |
|   q_381_fu_203389_p2                  |      |        | q_381             | add | fabric    | 0       |
|   q_385_fu_203601_p2                  |      |        | q_385             | add | fabric    | 0       |
|   q_389_fu_203757_p2                  |      |        | q_389             | add | fabric    | 0       |
|   q_393_fu_203969_p2                  |      |        | q_393             | add | fabric    | 0       |
|   q_397_fu_204125_p2                  |      |        | q_397             | add | fabric    | 0       |
|   q_401_fu_204337_p2                  |      |        | q_401             | add | fabric    | 0       |
|   q_405_fu_204493_p2                  |      |        | q_405             | add | fabric    | 0       |
|   q_409_fu_204705_p2                  |      |        | q_409             | add | fabric    | 0       |
|   q_413_fu_204861_p2                  |      |        | q_413             | add | fabric    | 0       |
|   q_417_fu_205073_p2                  |      |        | q_417             | add | fabric    | 0       |
|   q_421_fu_205229_p2                  |      |        | q_421             | add | fabric    | 0       |
|   q_425_fu_205441_p2                  |      |        | q_425             | add | fabric    | 0       |
|   q_429_fu_205597_p2                  |      |        | q_429             | add | fabric    | 0       |
|   q_433_fu_205809_p2                  |      |        | q_433             | add | fabric    | 0       |
|   q_437_fu_205965_p2                  |      |        | q_437             | add | fabric    | 0       |
|   q_441_fu_206177_p2                  |      |        | q_441             | add | fabric    | 0       |
|   q_445_fu_206333_p2                  |      |        | q_445             | add | fabric    | 0       |
|   q_449_fu_206545_p2                  |      |        | q_449             | add | fabric    | 0       |
|   q_453_fu_206701_p2                  |      |        | q_453             | add | fabric    | 0       |
|   q_457_fu_206913_p2                  |      |        | q_457             | add | fabric    | 0       |
|   q_461_fu_207069_p2                  |      |        | q_461             | add | fabric    | 0       |
|   q_465_fu_207281_p2                  |      |        | q_465             | add | fabric    | 0       |
|   q_469_fu_207437_p2                  |      |        | q_469             | add | fabric    | 0       |
|   q_473_fu_207649_p2                  |      |        | q_473             | add | fabric    | 0       |
|   q_477_fu_207861_p2                  |      |        | q_477             | add | fabric    | 0       |
|   q_481_fu_208073_p2                  |      |        | q_481             | add | fabric    | 0       |
|   q_485_fu_208229_p2                  |      |        | q_485             | add | fabric    | 0       |
|   q_489_fu_208441_p2                  |      |        | q_489             | add | fabric    | 0       |
|   q_493_fu_208597_p2                  |      |        | q_493             | add | fabric    | 0       |
|   q_497_fu_208809_p2                  |      |        | q_497             | add | fabric    | 0       |
|   q_501_fu_208965_p2                  |      |        | q_501             | add | fabric    | 0       |
|   q_505_fu_209177_p2                  |      |        | q_505             | add | fabric    | 0       |
|   q_509_fu_209333_p2                  |      |        | q_509             | add | fabric    | 0       |
|   q_513_fu_209545_p2                  |      |        | q_513             | add | fabric    | 0       |
|   q_517_fu_209701_p2                  |      |        | q_517             | add | fabric    | 0       |
|   q_521_fu_209913_p2                  |      |        | q_521             | add | fabric    | 0       |
|   q_525_fu_210069_p2                  |      |        | q_525             | add | fabric    | 0       |
|   q_529_fu_210281_p2                  |      |        | q_529             | add | fabric    | 0       |
|   sub_ln357_20_fu_210407_p2           |      |        | sub_ln357_20      | sub | fabric    | 0       |
|   q_533_fu_210443_p2                  |      |        | q_533             | add | fabric    | 0       |
|   q_537_fu_210655_p2                  |      |        | q_537             | add | fabric    | 0       |
|   q_541_fu_210811_p2                  |      |        | q_541             | add | fabric    | 0       |
|   q_545_fu_211023_p2                  |      |        | q_545             | add | fabric    | 0       |
|   q_549_fu_211179_p2                  |      |        | q_549             | add | fabric    | 0       |
|   q_553_fu_211391_p2                  |      |        | q_553             | add | fabric    | 0       |
|   q_557_fu_211619_p2                  |      |        | q_557             | add | fabric    | 0       |
|   q_561_fu_211847_p2                  |      |        | q_561             | add | fabric    | 0       |
|   q_565_fu_212003_p2                  |      |        | q_565             | add | fabric    | 0       |
|   q_569_fu_212215_p2                  |      |        | q_569             | add | fabric    | 0       |
|   q_573_fu_212371_p2                  |      |        | q_573             | add | fabric    | 0       |
|   q_577_fu_212583_p2                  |      |        | q_577             | add | fabric    | 0       |
|   q_581_fu_212739_p2                  |      |        | q_581             | add | fabric    | 0       |
|   q_585_fu_212951_p2                  |      |        | q_585             | add | fabric    | 0       |
|   q_589_fu_213107_p2                  |      |        | q_589             | add | fabric    | 0       |
|   q_593_fu_213319_p2                  |      |        | q_593             | add | fabric    | 0       |
|   q_597_fu_213475_p2                  |      |        | q_597             | add | fabric    | 0       |
|   q_601_fu_213687_p2                  |      |        | q_601             | add | fabric    | 0       |
|   q_605_fu_213843_p2                  |      |        | q_605             | add | fabric    | 0       |
|   q_609_fu_214055_p2                  |      |        | q_609             | add | fabric    | 0       |
|   q_613_fu_214211_p2                  |      |        | q_613             | add | fabric    | 0       |
|   q_617_fu_214423_p2                  |      |        | q_617             | add | fabric    | 0       |
|   q_621_fu_214579_p2                  |      |        | q_621             | add | fabric    | 0       |
|   q_625_fu_214791_p2                  |      |        | q_625             | add | fabric    | 0       |
|   q_629_fu_214947_p2                  |      |        | q_629             | add | fabric    | 0       |
|   q_633_fu_215159_p2                  |      |        | q_633             | add | fabric    | 0       |
|   q_637_fu_215315_p2                  |      |        | q_637             | add | fabric    | 0       |
|   q_641_fu_215527_p2                  |      |        | q_641             | add | fabric    | 0       |
|   q_645_fu_215683_p2                  |      |        | q_645             | add | fabric    | 0       |
|   q_649_fu_215895_p2                  |      |        | q_649             | add | fabric    | 0       |
|   q_653_fu_216107_p2                  |      |        | q_653             | add | fabric    | 0       |
|   q_657_fu_216319_p2                  |      |        | q_657             | add | fabric    | 0       |
|   q_661_fu_216475_p2                  |      |        | q_661             | add | fabric    | 0       |
|   q_665_fu_216687_p2                  |      |        | q_665             | add | fabric    | 0       |
|   q_669_fu_216843_p2                  |      |        | q_669             | add | fabric    | 0       |
|   q_673_fu_217055_p2                  |      |        | q_673             | add | fabric    | 0       |
|   q_677_fu_217211_p2                  |      |        | q_677             | add | fabric    | 0       |
|   q_681_fu_217423_p2                  |      |        | q_681             | add | fabric    | 0       |
|   q_685_fu_217579_p2                  |      |        | q_685             | add | fabric    | 0       |
|   q_689_fu_217791_p2                  |      |        | q_689             | add | fabric    | 0       |
|   q_693_fu_217947_p2                  |      |        | q_693             | add | fabric    | 0       |
|   q_697_fu_218159_p2                  |      |        | q_697             | add | fabric    | 0       |
|   q_701_fu_218315_p2                  |      |        | q_701             | add | fabric    | 0       |
|   q_705_fu_218527_p2                  |      |        | q_705             | add | fabric    | 0       |
|   sub_ln357_21_fu_218653_p2           |      |        | sub_ln357_21      | sub | fabric    | 0       |
|   q_709_fu_218689_p2                  |      |        | q_709             | add | fabric    | 0       |
|   q_713_fu_218901_p2                  |      |        | q_713             | add | fabric    | 0       |
|   q_717_fu_219057_p2                  |      |        | q_717             | add | fabric    | 0       |
|   q_721_fu_219269_p2                  |      |        | q_721             | add | fabric    | 0       |
|   q_725_fu_219425_p2                  |      |        | q_725             | add | fabric    | 0       |
|   q_729_fu_219637_p2                  |      |        | q_729             | add | fabric    | 0       |
|   q_733_fu_219793_p2                  |      |        | q_733             | add | fabric    | 0       |
|   q_737_fu_220005_p2                  |      |        | q_737             | add | fabric    | 0       |
|   q_741_fu_220233_p2                  |      |        | q_741             | add | fabric    | 0       |
|   q_745_fu_220461_p2                  |      |        | q_745             | add | fabric    | 0       |
|   q_749_fu_220617_p2                  |      |        | q_749             | add | fabric    | 0       |
|   q_753_fu_220829_p2                  |      |        | q_753             | add | fabric    | 0       |
|   q_757_fu_220985_p2                  |      |        | q_757             | add | fabric    | 0       |
|   q_761_fu_221197_p2                  |      |        | q_761             | add | fabric    | 0       |
|   q_765_fu_221353_p2                  |      |        | q_765             | add | fabric    | 0       |
|   q_769_fu_221565_p2                  |      |        | q_769             | add | fabric    | 0       |
|   q_773_fu_221721_p2                  |      |        | q_773             | add | fabric    | 0       |
|   q_777_fu_221933_p2                  |      |        | q_777             | add | fabric    | 0       |
|   q_781_fu_222089_p2                  |      |        | q_781             | add | fabric    | 0       |
|   q_785_fu_222301_p2                  |      |        | q_785             | add | fabric    | 0       |
|   q_789_fu_222457_p2                  |      |        | q_789             | add | fabric    | 0       |
|   q_793_fu_222669_p2                  |      |        | q_793             | add | fabric    | 0       |
|   q_797_fu_222825_p2                  |      |        | q_797             | add | fabric    | 0       |
|   q_801_fu_223037_p2                  |      |        | q_801             | add | fabric    | 0       |
|   q_805_fu_223193_p2                  |      |        | q_805             | add | fabric    | 0       |
|   q_809_fu_223405_p2                  |      |        | q_809             | add | fabric    | 0       |
|   q_813_fu_223561_p2                  |      |        | q_813             | add | fabric    | 0       |
|   q_817_fu_223773_p2                  |      |        | q_817             | add | fabric    | 0       |
|   q_821_fu_223929_p2                  |      |        | q_821             | add | fabric    | 0       |
|   q_825_fu_224141_p2                  |      |        | q_825             | add | fabric    | 0       |
|   q_829_fu_224353_p2                  |      |        | q_829             | add | fabric    | 0       |
|   q_833_fu_224565_p2                  |      |        | q_833             | add | fabric    | 0       |
|   q_837_fu_224721_p2                  |      |        | q_837             | add | fabric    | 0       |
|   q_841_fu_224933_p2                  |      |        | q_841             | add | fabric    | 0       |
|   q_845_fu_225089_p2                  |      |        | q_845             | add | fabric    | 0       |
|   q_849_fu_225301_p2                  |      |        | q_849             | add | fabric    | 0       |
|   q_853_fu_225457_p2                  |      |        | q_853             | add | fabric    | 0       |
|   q_857_fu_225669_p2                  |      |        | q_857             | add | fabric    | 0       |
|   q_861_fu_225825_p2                  |      |        | q_861             | add | fabric    | 0       |
|   q_865_fu_226037_p2                  |      |        | q_865             | add | fabric    | 0       |
|   q_869_fu_226193_p2                  |      |        | q_869             | add | fabric    | 0       |
|   q_873_fu_226405_p2                  |      |        | q_873             | add | fabric    | 0       |
|   q_877_fu_226561_p2                  |      |        | q_877             | add | fabric    | 0       |
|   q_881_fu_226773_p2                  |      |        | q_881             | add | fabric    | 0       |
|   sub_ln357_22_fu_226899_p2           |      |        | sub_ln357_22      | sub | fabric    | 0       |
|   q_885_fu_226935_p2                  |      |        | q_885             | add | fabric    | 0       |
|   q_889_fu_227147_p2                  |      |        | q_889             | add | fabric    | 0       |
|   q_893_fu_227303_p2                  |      |        | q_893             | add | fabric    | 0       |
|   q_897_fu_227515_p2                  |      |        | q_897             | add | fabric    | 0       |
|   q_901_fu_227671_p2                  |      |        | q_901             | add | fabric    | 0       |
|   q_905_fu_227883_p2                  |      |        | q_905             | add | fabric    | 0       |
|   q_909_fu_228039_p2                  |      |        | q_909             | add | fabric    | 0       |
|   q_913_fu_228251_p2                  |      |        | q_913             | add | fabric    | 0       |
|   q_917_fu_228407_p2                  |      |        | q_917             | add | fabric    | 0       |
|   q_921_fu_228619_p2                  |      |        | q_921             | add | fabric    | 0       |
|   q_925_fu_228847_p2                  |      |        | q_925             | add | fabric    | 0       |
|   q_929_fu_229075_p2                  |      |        | q_929             | add | fabric    | 0       |
|   q_933_fu_229231_p2                  |      |        | q_933             | add | fabric    | 0       |
|   q_937_fu_229443_p2                  |      |        | q_937             | add | fabric    | 0       |
|   q_941_fu_229599_p2                  |      |        | q_941             | add | fabric    | 0       |
|   q_945_fu_229811_p2                  |      |        | q_945             | add | fabric    | 0       |
|   q_949_fu_229967_p2                  |      |        | q_949             | add | fabric    | 0       |
|   q_953_fu_230179_p2                  |      |        | q_953             | add | fabric    | 0       |
|   q_957_fu_230335_p2                  |      |        | q_957             | add | fabric    | 0       |
|   q_961_fu_230547_p2                  |      |        | q_961             | add | fabric    | 0       |
|   q_965_fu_230703_p2                  |      |        | q_965             | add | fabric    | 0       |
|   q_969_fu_230915_p2                  |      |        | q_969             | add | fabric    | 0       |
|   q_973_fu_231071_p2                  |      |        | q_973             | add | fabric    | 0       |
|   q_977_fu_231283_p2                  |      |        | q_977             | add | fabric    | 0       |
|   q_981_fu_231439_p2                  |      |        | q_981             | add | fabric    | 0       |
|   q_985_fu_231651_p2                  |      |        | q_985             | add | fabric    | 0       |
|   q_989_fu_231807_p2                  |      |        | q_989             | add | fabric    | 0       |
|   q_993_fu_232019_p2                  |      |        | q_993             | add | fabric    | 0       |
|   q_997_fu_232175_p2                  |      |        | q_997             | add | fabric    | 0       |
|   q_1001_fu_232387_p2                 |      |        | q_1001            | add | fabric    | 0       |
|   q_1005_fu_232599_p2                 |      |        | q_1005            | add | fabric    | 0       |
|   q_1009_fu_232811_p2                 |      |        | q_1009            | add | fabric    | 0       |
|   q_1013_fu_232967_p2                 |      |        | q_1013            | add | fabric    | 0       |
|   q_1017_fu_233179_p2                 |      |        | q_1017            | add | fabric    | 0       |
|   q_1021_fu_233335_p2                 |      |        | q_1021            | add | fabric    | 0       |
|   q_1025_fu_233547_p2                 |      |        | q_1025            | add | fabric    | 0       |
|   q_1029_fu_233703_p2                 |      |        | q_1029            | add | fabric    | 0       |
|   q_1033_fu_233915_p2                 |      |        | q_1033            | add | fabric    | 0       |
|   q_1037_fu_234071_p2                 |      |        | q_1037            | add | fabric    | 0       |
|   q_1041_fu_234283_p2                 |      |        | q_1041            | add | fabric    | 0       |
|   q_1045_fu_234439_p2                 |      |        | q_1045            | add | fabric    | 0       |
|   q_1049_fu_234651_p2                 |      |        | q_1049            | add | fabric    | 0       |
|   q_1053_fu_234807_p2                 |      |        | q_1053            | add | fabric    | 0       |
|   q_1057_fu_235019_p2                 |      |        | q_1057            | add | fabric    | 0       |
|   sub_ln357_23_fu_235145_p2           |      |        | sub_ln357_23      | sub | fabric    | 0       |
|   q_1061_fu_235181_p2                 |      |        | q_1061            | add | fabric    | 0       |
|   q_1065_fu_235393_p2                 |      |        | q_1065            | add | fabric    | 0       |
|   q_1069_fu_235549_p2                 |      |        | q_1069            | add | fabric    | 0       |
|   q_1073_fu_235761_p2                 |      |        | q_1073            | add | fabric    | 0       |
|   q_1077_fu_235917_p2                 |      |        | q_1077            | add | fabric    | 0       |
|   q_1081_fu_236129_p2                 |      |        | q_1081            | add | fabric    | 0       |
|   q_1085_fu_236285_p2                 |      |        | q_1085            | add | fabric    | 0       |
|   q_1089_fu_236497_p2                 |      |        | q_1089            | add | fabric    | 0       |
|   q_1093_fu_236653_p2                 |      |        | q_1093            | add | fabric    | 0       |
|   q_1097_fu_236865_p2                 |      |        | q_1097            | add | fabric    | 0       |
|   q_1101_fu_237021_p2                 |      |        | q_1101            | add | fabric    | 0       |
|   q_1105_fu_237233_p2                 |      |        | q_1105            | add | fabric    | 0       |
|   q_1109_fu_237461_p2                 |      |        | q_1109            | add | fabric    | 0       |
|   q_1113_fu_237689_p2                 |      |        | q_1113            | add | fabric    | 0       |
|   q_1117_fu_237845_p2                 |      |        | q_1117            | add | fabric    | 0       |
|   q_1121_fu_238057_p2                 |      |        | q_1121            | add | fabric    | 0       |
|   q_1125_fu_238213_p2                 |      |        | q_1125            | add | fabric    | 0       |
|   q_1129_fu_238425_p2                 |      |        | q_1129            | add | fabric    | 0       |
|   q_1133_fu_238581_p2                 |      |        | q_1133            | add | fabric    | 0       |
|   q_1137_fu_238793_p2                 |      |        | q_1137            | add | fabric    | 0       |
|   q_1141_fu_238949_p2                 |      |        | q_1141            | add | fabric    | 0       |
|   q_1145_fu_239161_p2                 |      |        | q_1145            | add | fabric    | 0       |
|   q_1149_fu_239317_p2                 |      |        | q_1149            | add | fabric    | 0       |
|   q_1153_fu_239529_p2                 |      |        | q_1153            | add | fabric    | 0       |
|   q_1157_fu_239685_p2                 |      |        | q_1157            | add | fabric    | 0       |
|   q_1161_fu_239897_p2                 |      |        | q_1161            | add | fabric    | 0       |
|   q_1165_fu_240053_p2                 |      |        | q_1165            | add | fabric    | 0       |
|   q_1169_fu_240265_p2                 |      |        | q_1169            | add | fabric    | 0       |
|   q_1173_fu_240421_p2                 |      |        | q_1173            | add | fabric    | 0       |
|   q_1177_fu_240633_p2                 |      |        | q_1177            | add | fabric    | 0       |
|   q_1181_fu_240845_p2                 |      |        | q_1181            | add | fabric    | 0       |
|   q_1185_fu_241057_p2                 |      |        | q_1185            | add | fabric    | 0       |
|   q_1189_fu_241213_p2                 |      |        | q_1189            | add | fabric    | 0       |
|   q_1193_fu_241425_p2                 |      |        | q_1193            | add | fabric    | 0       |
|   q_1197_fu_241581_p2                 |      |        | q_1197            | add | fabric    | 0       |
|   q_1201_fu_241793_p2                 |      |        | q_1201            | add | fabric    | 0       |
|   q_1205_fu_241949_p2                 |      |        | q_1205            | add | fabric    | 0       |
|   q_1209_fu_242161_p2                 |      |        | q_1209            | add | fabric    | 0       |
|   q_1213_fu_242317_p2                 |      |        | q_1213            | add | fabric    | 0       |
|   q_1217_fu_242529_p2                 |      |        | q_1217            | add | fabric    | 0       |
|   q_1221_fu_242685_p2                 |      |        | q_1221            | add | fabric    | 0       |
|   q_1225_fu_242897_p2                 |      |        | q_1225            | add | fabric    | 0       |
|   q_1229_fu_243053_p2                 |      |        | q_1229            | add | fabric    | 0       |
|   q_1233_fu_243265_p2                 |      |        | q_1233            | add | fabric    | 0       |
|   sub_ln357_24_fu_243391_p2           |      |        | sub_ln357_24      | sub | fabric    | 0       |
|   q_1237_fu_243427_p2                 |      |        | q_1237            | add | fabric    | 0       |
|   q_1241_fu_243639_p2                 |      |        | q_1241            | add | fabric    | 0       |
|   q_1245_fu_243795_p2                 |      |        | q_1245            | add | fabric    | 0       |
|   q_1249_fu_244007_p2                 |      |        | q_1249            | add | fabric    | 0       |
|   q_1253_fu_244163_p2                 |      |        | q_1253            | add | fabric    | 0       |
|   q_1257_fu_244375_p2                 |      |        | q_1257            | add | fabric    | 0       |
|   q_1261_fu_244531_p2                 |      |        | q_1261            | add | fabric    | 0       |
|   q_1265_fu_244743_p2                 |      |        | q_1265            | add | fabric    | 0       |
|   q_1269_fu_244899_p2                 |      |        | q_1269            | add | fabric    | 0       |
|   q_1273_fu_245111_p2                 |      |        | q_1273            | add | fabric    | 0       |
|   q_1277_fu_245267_p2                 |      |        | q_1277            | add | fabric    | 0       |
|   q_1281_fu_245479_p2                 |      |        | q_1281            | add | fabric    | 0       |
|   q_1285_fu_245635_p2                 |      |        | q_1285            | add | fabric    | 0       |
|   q_1289_fu_245847_p2                 |      |        | q_1289            | add | fabric    | 0       |
|   q_1293_fu_246075_p2                 |      |        | q_1293            | add | fabric    | 0       |
|   q_1297_fu_246303_p2                 |      |        | q_1297            | add | fabric    | 0       |
|   q_1301_fu_246459_p2                 |      |        | q_1301            | add | fabric    | 0       |
|   q_1305_fu_246671_p2                 |      |        | q_1305            | add | fabric    | 0       |
|   q_1309_fu_246827_p2                 |      |        | q_1309            | add | fabric    | 0       |
|   q_1313_fu_247039_p2                 |      |        | q_1313            | add | fabric    | 0       |
|   q_1317_fu_247195_p2                 |      |        | q_1317            | add | fabric    | 0       |
|   q_1321_fu_247407_p2                 |      |        | q_1321            | add | fabric    | 0       |
|   q_1325_fu_247563_p2                 |      |        | q_1325            | add | fabric    | 0       |
|   q_1329_fu_247775_p2                 |      |        | q_1329            | add | fabric    | 0       |
|   q_1333_fu_247931_p2                 |      |        | q_1333            | add | fabric    | 0       |
|   q_1337_fu_248143_p2                 |      |        | q_1337            | add | fabric    | 0       |
|   q_1341_fu_248299_p2                 |      |        | q_1341            | add | fabric    | 0       |
|   q_1345_fu_248511_p2                 |      |        | q_1345            | add | fabric    | 0       |
|   q_1349_fu_248667_p2                 |      |        | q_1349            | add | fabric    | 0       |
|   q_1353_fu_248879_p2                 |      |        | q_1353            | add | fabric    | 0       |
|   q_1357_fu_249091_p2                 |      |        | q_1357            | add | fabric    | 0       |
|   q_1361_fu_249303_p2                 |      |        | q_1361            | add | fabric    | 0       |
|   q_1365_fu_249459_p2                 |      |        | q_1365            | add | fabric    | 0       |
|   q_1369_fu_249671_p2                 |      |        | q_1369            | add | fabric    | 0       |
|   q_1373_fu_249827_p2                 |      |        | q_1373            | add | fabric    | 0       |
|   q_1377_fu_250039_p2                 |      |        | q_1377            | add | fabric    | 0       |
|   q_1381_fu_250195_p2                 |      |        | q_1381            | add | fabric    | 0       |
|   q_1385_fu_250407_p2                 |      |        | q_1385            | add | fabric    | 0       |
|   q_1389_fu_250563_p2                 |      |        | q_1389            | add | fabric    | 0       |
|   q_1393_fu_250775_p2                 |      |        | q_1393            | add | fabric    | 0       |
|   q_1397_fu_250931_p2                 |      |        | q_1397            | add | fabric    | 0       |
|   q_1401_fu_251143_p2                 |      |        | q_1401            | add | fabric    | 0       |
|   q_1405_fu_251299_p2                 |      |        | q_1405            | add | fabric    | 0       |
|   q_1409_fu_251511_p2                 |      |        | q_1409            | add | fabric    | 0       |
|   sub_ln357_25_fu_251637_p2           |      |        | sub_ln357_25      | sub | fabric    | 0       |
|   q_1413_fu_251673_p2                 |      |        | q_1413            | add | fabric    | 0       |
|   q_1417_fu_251885_p2                 |      |        | q_1417            | add | fabric    | 0       |
|   q_1421_fu_252041_p2                 |      |        | q_1421            | add | fabric    | 0       |
|   q_1425_fu_252253_p2                 |      |        | q_1425            | add | fabric    | 0       |
|   q_1429_fu_252409_p2                 |      |        | q_1429            | add | fabric    | 0       |
|   q_1433_fu_252621_p2                 |      |        | q_1433            | add | fabric    | 0       |
|   q_1437_fu_252777_p2                 |      |        | q_1437            | add | fabric    | 0       |
|   q_1441_fu_252989_p2                 |      |        | q_1441            | add | fabric    | 0       |
|   q_1445_fu_253145_p2                 |      |        | q_1445            | add | fabric    | 0       |
|   q_1449_fu_253357_p2                 |      |        | q_1449            | add | fabric    | 0       |
|   q_1453_fu_253513_p2                 |      |        | q_1453            | add | fabric    | 0       |
|   q_1457_fu_253725_p2                 |      |        | q_1457            | add | fabric    | 0       |
|   q_1461_fu_253881_p2                 |      |        | q_1461            | add | fabric    | 0       |
|   q_1465_fu_254093_p2                 |      |        | q_1465            | add | fabric    | 0       |
|   q_1469_fu_254249_p2                 |      |        | q_1469            | add | fabric    | 0       |
|   q_1473_fu_254461_p2                 |      |        | q_1473            | add | fabric    | 0       |
|   q_1477_fu_254689_p2                 |      |        | q_1477            | add | fabric    | 0       |
|   q_1481_fu_254917_p2                 |      |        | q_1481            | add | fabric    | 0       |
|   q_1485_fu_255073_p2                 |      |        | q_1485            | add | fabric    | 0       |
|   q_1489_fu_255285_p2                 |      |        | q_1489            | add | fabric    | 0       |
|   q_1493_fu_255441_p2                 |      |        | q_1493            | add | fabric    | 0       |
|   q_1497_fu_255653_p2                 |      |        | q_1497            | add | fabric    | 0       |
|   q_1501_fu_255809_p2                 |      |        | q_1501            | add | fabric    | 0       |
|   q_1505_fu_256021_p2                 |      |        | q_1505            | add | fabric    | 0       |
|   q_1509_fu_256177_p2                 |      |        | q_1509            | add | fabric    | 0       |
|   q_1513_fu_256389_p2                 |      |        | q_1513            | add | fabric    | 0       |
|   q_1517_fu_256545_p2                 |      |        | q_1517            | add | fabric    | 0       |
|   q_1521_fu_256757_p2                 |      |        | q_1521            | add | fabric    | 0       |
|   q_1525_fu_256913_p2                 |      |        | q_1525            | add | fabric    | 0       |
|   q_1529_fu_257125_p2                 |      |        | q_1529            | add | fabric    | 0       |
|   q_1533_fu_257337_p2                 |      |        | q_1533            | add | fabric    | 0       |
|   q_1537_fu_257549_p2                 |      |        | q_1537            | add | fabric    | 0       |
|   q_1541_fu_257705_p2                 |      |        | q_1541            | add | fabric    | 0       |
|   q_1545_fu_257917_p2                 |      |        | q_1545            | add | fabric    | 0       |
|   q_1549_fu_258073_p2                 |      |        | q_1549            | add | fabric    | 0       |
|   q_1553_fu_258285_p2                 |      |        | q_1553            | add | fabric    | 0       |
|   q_1557_fu_258441_p2                 |      |        | q_1557            | add | fabric    | 0       |
|   q_1561_fu_258653_p2                 |      |        | q_1561            | add | fabric    | 0       |
|   q_1565_fu_258809_p2                 |      |        | q_1565            | add | fabric    | 0       |
|   q_1569_fu_259021_p2                 |      |        | q_1569            | add | fabric    | 0       |
|   q_1573_fu_259177_p2                 |      |        | q_1573            | add | fabric    | 0       |
|   q_1577_fu_259389_p2                 |      |        | q_1577            | add | fabric    | 0       |
|   q_1581_fu_259545_p2                 |      |        | q_1581            | add | fabric    | 0       |
|   q_1585_fu_259757_p2                 |      |        | q_1585            | add | fabric    | 0       |
|   sub_ln357_26_fu_259883_p2           |      |        | sub_ln357_26      | sub | fabric    | 0       |
|   q_1589_fu_259919_p2                 |      |        | q_1589            | add | fabric    | 0       |
|   q_1593_fu_260131_p2                 |      |        | q_1593            | add | fabric    | 0       |
|   q_1597_fu_260287_p2                 |      |        | q_1597            | add | fabric    | 0       |
|   q_1601_fu_260499_p2                 |      |        | q_1601            | add | fabric    | 0       |
|   q_1605_fu_260655_p2                 |      |        | q_1605            | add | fabric    | 0       |
|   q_1609_fu_260867_p2                 |      |        | q_1609            | add | fabric    | 0       |
|   q_1613_fu_261023_p2                 |      |        | q_1613            | add | fabric    | 0       |
|   q_1617_fu_261235_p2                 |      |        | q_1617            | add | fabric    | 0       |
|   q_1621_fu_261391_p2                 |      |        | q_1621            | add | fabric    | 0       |
|   q_1625_fu_261603_p2                 |      |        | q_1625            | add | fabric    | 0       |
|   q_1629_fu_261759_p2                 |      |        | q_1629            | add | fabric    | 0       |
|   q_1633_fu_261971_p2                 |      |        | q_1633            | add | fabric    | 0       |
|   q_1637_fu_262127_p2                 |      |        | q_1637            | add | fabric    | 0       |
|   q_1641_fu_262339_p2                 |      |        | q_1641            | add | fabric    | 0       |
|   q_1645_fu_262495_p2                 |      |        | q_1645            | add | fabric    | 0       |
|   q_1649_fu_262707_p2                 |      |        | q_1649            | add | fabric    | 0       |
|   q_1653_fu_262863_p2                 |      |        | q_1653            | add | fabric    | 0       |
|   q_1657_fu_263075_p2                 |      |        | q_1657            | add | fabric    | 0       |
|   q_1661_fu_263303_p2                 |      |        | q_1661            | add | fabric    | 0       |
|   q_1665_fu_263531_p2                 |      |        | q_1665            | add | fabric    | 0       |
|   q_1669_fu_263687_p2                 |      |        | q_1669            | add | fabric    | 0       |
|   q_1673_fu_263899_p2                 |      |        | q_1673            | add | fabric    | 0       |
|   q_1677_fu_264055_p2                 |      |        | q_1677            | add | fabric    | 0       |
|   q_1681_fu_264267_p2                 |      |        | q_1681            | add | fabric    | 0       |
|   q_1685_fu_264423_p2                 |      |        | q_1685            | add | fabric    | 0       |
|   q_1689_fu_264635_p2                 |      |        | q_1689            | add | fabric    | 0       |
|   q_1693_fu_264791_p2                 |      |        | q_1693            | add | fabric    | 0       |
|   q_1697_fu_265003_p2                 |      |        | q_1697            | add | fabric    | 0       |
|   q_1701_fu_265159_p2                 |      |        | q_1701            | add | fabric    | 0       |
|   q_1705_fu_265371_p2                 |      |        | q_1705            | add | fabric    | 0       |
|   q_1709_fu_265583_p2                 |      |        | q_1709            | add | fabric    | 0       |
|   q_1713_fu_265795_p2                 |      |        | q_1713            | add | fabric    | 0       |
|   q_1717_fu_265951_p2                 |      |        | q_1717            | add | fabric    | 0       |
|   q_1721_fu_266163_p2                 |      |        | q_1721            | add | fabric    | 0       |
|   q_1725_fu_266319_p2                 |      |        | q_1725            | add | fabric    | 0       |
|   q_1729_fu_266531_p2                 |      |        | q_1729            | add | fabric    | 0       |
|   q_1733_fu_266687_p2                 |      |        | q_1733            | add | fabric    | 0       |
|   q_1737_fu_266899_p2                 |      |        | q_1737            | add | fabric    | 0       |
|   q_1741_fu_267055_p2                 |      |        | q_1741            | add | fabric    | 0       |
|   q_1745_fu_267267_p2                 |      |        | q_1745            | add | fabric    | 0       |
|   q_1749_fu_267423_p2                 |      |        | q_1749            | add | fabric    | 0       |
|   q_1753_fu_267635_p2                 |      |        | q_1753            | add | fabric    | 0       |
|   q_1757_fu_267791_p2                 |      |        | q_1757            | add | fabric    | 0       |
|   q_1761_fu_268003_p2                 |      |        | q_1761            | add | fabric    | 0       |
|   sub_ln357_27_fu_268129_p2           |      |        | sub_ln357_27      | sub | fabric    | 0       |
|   q_1765_fu_268165_p2                 |      |        | q_1765            | add | fabric    | 0       |
|   q_1769_fu_268377_p2                 |      |        | q_1769            | add | fabric    | 0       |
|   q_1773_fu_268533_p2                 |      |        | q_1773            | add | fabric    | 0       |
|   q_1777_fu_268745_p2                 |      |        | q_1777            | add | fabric    | 0       |
|   q_1781_fu_268901_p2                 |      |        | q_1781            | add | fabric    | 0       |
|   q_1785_fu_269113_p2                 |      |        | q_1785            | add | fabric    | 0       |
|   q_1789_fu_269269_p2                 |      |        | q_1789            | add | fabric    | 0       |
|   q_1793_fu_269481_p2                 |      |        | q_1793            | add | fabric    | 0       |
|   q_1797_fu_269637_p2                 |      |        | q_1797            | add | fabric    | 0       |
|   q_1801_fu_269849_p2                 |      |        | q_1801            | add | fabric    | 0       |
|   q_1805_fu_270005_p2                 |      |        | q_1805            | add | fabric    | 0       |
|   q_1809_fu_270217_p2                 |      |        | q_1809            | add | fabric    | 0       |
|   q_1813_fu_270373_p2                 |      |        | q_1813            | add | fabric    | 0       |
|   q_1817_fu_270585_p2                 |      |        | q_1817            | add | fabric    | 0       |
|   q_1821_fu_270741_p2                 |      |        | q_1821            | add | fabric    | 0       |
|   q_1825_fu_270953_p2                 |      |        | q_1825            | add | fabric    | 0       |
|   q_1829_fu_271109_p2                 |      |        | q_1829            | add | fabric    | 0       |
|   q_1833_fu_271321_p2                 |      |        | q_1833            | add | fabric    | 0       |
|   q_1837_fu_271477_p2                 |      |        | q_1837            | add | fabric    | 0       |
|   q_1841_fu_271689_p2                 |      |        | q_1841            | add | fabric    | 0       |
|   q_1845_fu_271917_p2                 |      |        | q_1845            | add | fabric    | 0       |
|   q_1849_fu_272145_p2                 |      |        | q_1849            | add | fabric    | 0       |
|   q_1853_fu_272301_p2                 |      |        | q_1853            | add | fabric    | 0       |
|   q_1857_fu_272513_p2                 |      |        | q_1857            | add | fabric    | 0       |
|   q_1861_fu_272669_p2                 |      |        | q_1861            | add | fabric    | 0       |
|   q_1865_fu_272881_p2                 |      |        | q_1865            | add | fabric    | 0       |
|   q_1869_fu_273037_p2                 |      |        | q_1869            | add | fabric    | 0       |
|   q_1873_fu_273249_p2                 |      |        | q_1873            | add | fabric    | 0       |
|   q_1877_fu_273405_p2                 |      |        | q_1877            | add | fabric    | 0       |
|   q_1881_fu_273617_p2                 |      |        | q_1881            | add | fabric    | 0       |
|   q_1885_fu_273829_p2                 |      |        | q_1885            | add | fabric    | 0       |
|   q_1889_fu_274041_p2                 |      |        | q_1889            | add | fabric    | 0       |
|   q_1893_fu_274197_p2                 |      |        | q_1893            | add | fabric    | 0       |
|   q_1897_fu_274409_p2                 |      |        | q_1897            | add | fabric    | 0       |
|   q_1901_fu_274565_p2                 |      |        | q_1901            | add | fabric    | 0       |
|   q_1905_fu_274777_p2                 |      |        | q_1905            | add | fabric    | 0       |
|   q_1909_fu_274933_p2                 |      |        | q_1909            | add | fabric    | 0       |
|   q_1913_fu_275145_p2                 |      |        | q_1913            | add | fabric    | 0       |
|   q_1917_fu_275301_p2                 |      |        | q_1917            | add | fabric    | 0       |
|   q_1921_fu_275513_p2                 |      |        | q_1921            | add | fabric    | 0       |
|   q_1925_fu_275669_p2                 |      |        | q_1925            | add | fabric    | 0       |
|   q_1929_fu_275881_p2                 |      |        | q_1929            | add | fabric    | 0       |
|   q_1933_fu_276037_p2                 |      |        | q_1933            | add | fabric    | 0       |
|   q_1937_fu_276249_p2                 |      |        | q_1937            | add | fabric    | 0       |
|   sub_ln357_28_fu_276375_p2           |      |        | sub_ln357_28      | sub | fabric    | 0       |
|   q_1941_fu_276411_p2                 |      |        | q_1941            | add | fabric    | 0       |
|   q_1945_fu_276623_p2                 |      |        | q_1945            | add | fabric    | 0       |
|   q_1949_fu_276779_p2                 |      |        | q_1949            | add | fabric    | 0       |
|   q_1953_fu_276991_p2                 |      |        | q_1953            | add | fabric    | 0       |
|   q_1957_fu_277147_p2                 |      |        | q_1957            | add | fabric    | 0       |
|   q_1961_fu_277359_p2                 |      |        | q_1961            | add | fabric    | 0       |
|   q_1965_fu_277515_p2                 |      |        | q_1965            | add | fabric    | 0       |
|   q_1969_fu_277727_p2                 |      |        | q_1969            | add | fabric    | 0       |
|   q_1973_fu_277883_p2                 |      |        | q_1973            | add | fabric    | 0       |
|   q_1977_fu_278095_p2                 |      |        | q_1977            | add | fabric    | 0       |
|   q_1981_fu_278251_p2                 |      |        | q_1981            | add | fabric    | 0       |
|   q_1985_fu_278463_p2                 |      |        | q_1985            | add | fabric    | 0       |
|   q_1989_fu_278619_p2                 |      |        | q_1989            | add | fabric    | 0       |
|   q_1993_fu_278831_p2                 |      |        | q_1993            | add | fabric    | 0       |
|   q_1997_fu_278987_p2                 |      |        | q_1997            | add | fabric    | 0       |
|   q_2001_fu_279199_p2                 |      |        | q_2001            | add | fabric    | 0       |
|   q_2005_fu_279355_p2                 |      |        | q_2005            | add | fabric    | 0       |
|   q_2009_fu_279567_p2                 |      |        | q_2009            | add | fabric    | 0       |
|   q_2013_fu_279723_p2                 |      |        | q_2013            | add | fabric    | 0       |
|   q_2017_fu_279935_p2                 |      |        | q_2017            | add | fabric    | 0       |
|   q_2021_fu_280091_p2                 |      |        | q_2021            | add | fabric    | 0       |
|   q_2025_fu_280303_p2                 |      |        | q_2025            | add | fabric    | 0       |
|   q_2029_fu_280531_p2                 |      |        | q_2029            | add | fabric    | 0       |
|   q_2033_fu_280759_p2                 |      |        | q_2033            | add | fabric    | 0       |
|   q_2037_fu_280915_p2                 |      |        | q_2037            | add | fabric    | 0       |
|   q_2041_fu_281127_p2                 |      |        | q_2041            | add | fabric    | 0       |
|   q_2045_fu_281283_p2                 |      |        | q_2045            | add | fabric    | 0       |
|   q_2049_fu_281495_p2                 |      |        | q_2049            | add | fabric    | 0       |
|   q_2053_fu_281651_p2                 |      |        | q_2053            | add | fabric    | 0       |
|   q_2057_fu_281863_p2                 |      |        | q_2057            | add | fabric    | 0       |
|   q_2061_fu_282075_p2                 |      |        | q_2061            | add | fabric    | 0       |
|   q_2065_fu_282287_p2                 |      |        | q_2065            | add | fabric    | 0       |
|   q_2069_fu_282443_p2                 |      |        | q_2069            | add | fabric    | 0       |
|   q_2073_fu_282655_p2                 |      |        | q_2073            | add | fabric    | 0       |
|   q_2077_fu_282811_p2                 |      |        | q_2077            | add | fabric    | 0       |
|   q_2081_fu_283023_p2                 |      |        | q_2081            | add | fabric    | 0       |
|   q_2085_fu_283179_p2                 |      |        | q_2085            | add | fabric    | 0       |
|   q_2089_fu_283391_p2                 |      |        | q_2089            | add | fabric    | 0       |
|   q_2093_fu_283547_p2                 |      |        | q_2093            | add | fabric    | 0       |
|   q_2097_fu_283759_p2                 |      |        | q_2097            | add | fabric    | 0       |
|   q_2101_fu_283915_p2                 |      |        | q_2101            | add | fabric    | 0       |
|   q_2105_fu_284127_p2                 |      |        | q_2105            | add | fabric    | 0       |
|   q_2109_fu_284283_p2                 |      |        | q_2109            | add | fabric    | 0       |
|   q_2113_fu_284495_p2                 |      |        | q_2113            | add | fabric    | 0       |
|   sub_ln357_29_fu_284621_p2           |      |        | sub_ln357_29      | sub | fabric    | 0       |
|   q_2117_fu_284657_p2                 |      |        | q_2117            | add | fabric    | 0       |
|   q_2121_fu_284869_p2                 |      |        | q_2121            | add | fabric    | 0       |
|   q_2125_fu_285025_p2                 |      |        | q_2125            | add | fabric    | 0       |
|   q_2129_fu_285237_p2                 |      |        | q_2129            | add | fabric    | 0       |
|   q_2133_fu_285393_p2                 |      |        | q_2133            | add | fabric    | 0       |
|   q_2137_fu_285605_p2                 |      |        | q_2137            | add | fabric    | 0       |
|   q_2141_fu_285761_p2                 |      |        | q_2141            | add | fabric    | 0       |
|   q_2145_fu_285973_p2                 |      |        | q_2145            | add | fabric    | 0       |
|   q_2149_fu_286129_p2                 |      |        | q_2149            | add | fabric    | 0       |
|   q_2153_fu_286341_p2                 |      |        | q_2153            | add | fabric    | 0       |
|   q_2157_fu_286497_p2                 |      |        | q_2157            | add | fabric    | 0       |
|   q_2161_fu_286709_p2                 |      |        | q_2161            | add | fabric    | 0       |
|   q_2165_fu_286865_p2                 |      |        | q_2165            | add | fabric    | 0       |
|   q_2169_fu_287077_p2                 |      |        | q_2169            | add | fabric    | 0       |
|   q_2173_fu_287233_p2                 |      |        | q_2173            | add | fabric    | 0       |
|   q_2177_fu_287445_p2                 |      |        | q_2177            | add | fabric    | 0       |
|   q_2181_fu_287601_p2                 |      |        | q_2181            | add | fabric    | 0       |
|   q_2185_fu_287813_p2                 |      |        | q_2185            | add | fabric    | 0       |
|   q_2189_fu_287969_p2                 |      |        | q_2189            | add | fabric    | 0       |
|   q_2193_fu_288181_p2                 |      |        | q_2193            | add | fabric    | 0       |
|   q_2197_fu_288337_p2                 |      |        | q_2197            | add | fabric    | 0       |
|   q_2201_fu_288549_p2                 |      |        | q_2201            | add | fabric    | 0       |
|   q_2205_fu_288705_p2                 |      |        | q_2205            | add | fabric    | 0       |
|   q_2209_fu_288917_p2                 |      |        | q_2209            | add | fabric    | 0       |
|   q_2213_fu_289145_p2                 |      |        | q_2213            | add | fabric    | 0       |
|   q_2217_fu_289373_p2                 |      |        | q_2217            | add | fabric    | 0       |
|   q_2221_fu_289529_p2                 |      |        | q_2221            | add | fabric    | 0       |
|   q_2225_fu_289741_p2                 |      |        | q_2225            | add | fabric    | 0       |
|   q_2229_fu_289897_p2                 |      |        | q_2229            | add | fabric    | 0       |
|   q_2233_fu_290109_p2                 |      |        | q_2233            | add | fabric    | 0       |
|   q_2237_fu_290321_p2                 |      |        | q_2237            | add | fabric    | 0       |
|   q_2241_fu_290533_p2                 |      |        | q_2241            | add | fabric    | 0       |
|   q_2245_fu_290689_p2                 |      |        | q_2245            | add | fabric    | 0       |
|   q_2249_fu_290901_p2                 |      |        | q_2249            | add | fabric    | 0       |
|   q_2253_fu_291057_p2                 |      |        | q_2253            | add | fabric    | 0       |
|   q_2257_fu_291269_p2                 |      |        | q_2257            | add | fabric    | 0       |
|   q_2261_fu_291425_p2                 |      |        | q_2261            | add | fabric    | 0       |
|   q_2265_fu_291637_p2                 |      |        | q_2265            | add | fabric    | 0       |
|   q_2269_fu_291793_p2                 |      |        | q_2269            | add | fabric    | 0       |
|   q_2273_fu_292005_p2                 |      |        | q_2273            | add | fabric    | 0       |
|   q_2277_fu_292161_p2                 |      |        | q_2277            | add | fabric    | 0       |
|   q_2281_fu_292373_p2                 |      |        | q_2281            | add | fabric    | 0       |
|   q_2285_fu_292529_p2                 |      |        | q_2285            | add | fabric    | 0       |
|   q_2289_fu_292741_p2                 |      |        | q_2289            | add | fabric    | 0       |
|   sub_ln357_30_fu_292867_p2           |      |        | sub_ln357_30      | sub | fabric    | 0       |
|   q_2293_fu_292903_p2                 |      |        | q_2293            | add | fabric    | 0       |
|   q_2297_fu_293115_p2                 |      |        | q_2297            | add | fabric    | 0       |
|   q_2301_fu_293271_p2                 |      |        | q_2301            | add | fabric    | 0       |
|   q_2305_fu_293483_p2                 |      |        | q_2305            | add | fabric    | 0       |
|   q_2309_fu_293639_p2                 |      |        | q_2309            | add | fabric    | 0       |
|   q_2313_fu_293851_p2                 |      |        | q_2313            | add | fabric    | 0       |
|   q_2317_fu_294007_p2                 |      |        | q_2317            | add | fabric    | 0       |
|   q_2321_fu_294219_p2                 |      |        | q_2321            | add | fabric    | 0       |
|   q_2325_fu_294375_p2                 |      |        | q_2325            | add | fabric    | 0       |
|   q_2329_fu_294587_p2                 |      |        | q_2329            | add | fabric    | 0       |
|   q_2333_fu_294743_p2                 |      |        | q_2333            | add | fabric    | 0       |
|   q_2337_fu_294955_p2                 |      |        | q_2337            | add | fabric    | 0       |
|   q_2341_fu_295111_p2                 |      |        | q_2341            | add | fabric    | 0       |
|   q_2345_fu_295323_p2                 |      |        | q_2345            | add | fabric    | 0       |
|   q_2349_fu_295479_p2                 |      |        | q_2349            | add | fabric    | 0       |
|   q_2353_fu_295691_p2                 |      |        | q_2353            | add | fabric    | 0       |
|   q_2357_fu_295847_p2                 |      |        | q_2357            | add | fabric    | 0       |
|   q_2361_fu_296059_p2                 |      |        | q_2361            | add | fabric    | 0       |
|   q_2365_fu_296215_p2                 |      |        | q_2365            | add | fabric    | 0       |
|   q_2369_fu_296427_p2                 |      |        | q_2369            | add | fabric    | 0       |
|   q_2373_fu_296583_p2                 |      |        | q_2373            | add | fabric    | 0       |
|   q_2377_fu_296795_p2                 |      |        | q_2377            | add | fabric    | 0       |
|   q_2381_fu_296951_p2                 |      |        | q_2381            | add | fabric    | 0       |
|   q_2385_fu_297163_p2                 |      |        | q_2385            | add | fabric    | 0       |
|   q_2389_fu_297319_p2                 |      |        | q_2389            | add | fabric    | 0       |
|   q_2393_fu_297531_p2                 |      |        | q_2393            | add | fabric    | 0       |
|   q_2397_fu_297759_p2                 |      |        | q_2397            | add | fabric    | 0       |
|   q_2401_fu_297987_p2                 |      |        | q_2401            | add | fabric    | 0       |
|   q_2405_fu_298143_p2                 |      |        | q_2405            | add | fabric    | 0       |
|   q_2409_fu_298355_p2                 |      |        | q_2409            | add | fabric    | 0       |
|   q_2413_fu_298567_p2                 |      |        | q_2413            | add | fabric    | 0       |
|   q_2417_fu_298779_p2                 |      |        | q_2417            | add | fabric    | 0       |
|   q_2421_fu_298935_p2                 |      |        | q_2421            | add | fabric    | 0       |
|   q_2425_fu_299147_p2                 |      |        | q_2425            | add | fabric    | 0       |
|   q_2429_fu_299303_p2                 |      |        | q_2429            | add | fabric    | 0       |
|   q_2433_fu_299515_p2                 |      |        | q_2433            | add | fabric    | 0       |
|   q_2437_fu_299671_p2                 |      |        | q_2437            | add | fabric    | 0       |
|   q_2441_fu_299883_p2                 |      |        | q_2441            | add | fabric    | 0       |
|   q_2445_fu_300039_p2                 |      |        | q_2445            | add | fabric    | 0       |
|   q_2449_fu_300251_p2                 |      |        | q_2449            | add | fabric    | 0       |
|   q_2453_fu_300407_p2                 |      |        | q_2453            | add | fabric    | 0       |
|   q_2457_fu_300619_p2                 |      |        | q_2457            | add | fabric    | 0       |
|   q_2461_fu_300775_p2                 |      |        | q_2461            | add | fabric    | 0       |
|   q_2465_fu_300987_p2                 |      |        | q_2465            | add | fabric    | 0       |
|   sub_ln357_31_fu_301113_p2           |      |        | sub_ln357_31      | sub | fabric    | 0       |
|   q_2469_fu_301149_p2                 |      |        | q_2469            | add | fabric    | 0       |
|   q_2473_fu_301361_p2                 |      |        | q_2473            | add | fabric    | 0       |
|   q_2477_fu_301517_p2                 |      |        | q_2477            | add | fabric    | 0       |
|   q_2481_fu_301729_p2                 |      |        | q_2481            | add | fabric    | 0       |
|   q_2485_fu_301885_p2                 |      |        | q_2485            | add | fabric    | 0       |
|   q_2489_fu_302097_p2                 |      |        | q_2489            | add | fabric    | 0       |
|   q_2493_fu_302253_p2                 |      |        | q_2493            | add | fabric    | 0       |
|   q_2497_fu_302465_p2                 |      |        | q_2497            | add | fabric    | 0       |
|   q_2501_fu_302621_p2                 |      |        | q_2501            | add | fabric    | 0       |
|   q_2505_fu_302833_p2                 |      |        | q_2505            | add | fabric    | 0       |
|   q_2509_fu_302989_p2                 |      |        | q_2509            | add | fabric    | 0       |
|   q_2513_fu_303201_p2                 |      |        | q_2513            | add | fabric    | 0       |
|   q_2517_fu_303357_p2                 |      |        | q_2517            | add | fabric    | 0       |
|   q_2521_fu_303569_p2                 |      |        | q_2521            | add | fabric    | 0       |
|   q_2525_fu_303725_p2                 |      |        | q_2525            | add | fabric    | 0       |
|   q_2529_fu_303937_p2                 |      |        | q_2529            | add | fabric    | 0       |
|   q_2533_fu_304093_p2                 |      |        | q_2533            | add | fabric    | 0       |
|   q_2537_fu_304305_p2                 |      |        | q_2537            | add | fabric    | 0       |
|   q_2541_fu_304461_p2                 |      |        | q_2541            | add | fabric    | 0       |
|   q_2545_fu_304673_p2                 |      |        | q_2545            | add | fabric    | 0       |
|   q_2549_fu_304829_p2                 |      |        | q_2549            | add | fabric    | 0       |
|   q_2553_fu_305041_p2                 |      |        | q_2553            | add | fabric    | 0       |
|   q_2557_fu_305197_p2                 |      |        | q_2557            | add | fabric    | 0       |
|   q_2561_fu_305409_p2                 |      |        | q_2561            | add | fabric    | 0       |
|   q_2565_fu_305565_p2                 |      |        | q_2565            | add | fabric    | 0       |
|   q_2569_fu_305777_p2                 |      |        | q_2569            | add | fabric    | 0       |
|   q_2573_fu_305933_p2                 |      |        | q_2573            | add | fabric    | 0       |
|   q_2577_fu_306145_p2                 |      |        | q_2577            | add | fabric    | 0       |
|   q_2581_fu_306373_p2                 |      |        | q_2581            | add | fabric    | 0       |
|   q_2585_fu_306601_p2                 |      |        | q_2585            | add | fabric    | 0       |
|   q_2589_fu_306813_p2                 |      |        | q_2589            | add | fabric    | 0       |
|   q_2593_fu_307025_p2                 |      |        | q_2593            | add | fabric    | 0       |
|   q_2597_fu_307181_p2                 |      |        | q_2597            | add | fabric    | 0       |
|   q_2601_fu_307393_p2                 |      |        | q_2601            | add | fabric    | 0       |
|   q_2605_fu_307549_p2                 |      |        | q_2605            | add | fabric    | 0       |
|   q_2609_fu_307761_p2                 |      |        | q_2609            | add | fabric    | 0       |
|   q_2613_fu_307917_p2                 |      |        | q_2613            | add | fabric    | 0       |
|   q_2617_fu_308129_p2                 |      |        | q_2617            | add | fabric    | 0       |
|   q_2621_fu_308285_p2                 |      |        | q_2621            | add | fabric    | 0       |
|   q_2625_fu_308497_p2                 |      |        | q_2625            | add | fabric    | 0       |
|   q_2629_fu_308653_p2                 |      |        | q_2629            | add | fabric    | 0       |
|   q_2633_fu_308865_p2                 |      |        | q_2633            | add | fabric    | 0       |
|   q_2637_fu_309021_p2                 |      |        | q_2637            | add | fabric    | 0       |
|   q_2641_fu_309233_p2                 |      |        | q_2641            | add | fabric    | 0       |
|   sub_ln357_32_fu_309411_p2           |      |        | sub_ln357_32      | sub | fabric    | 0       |
|   q_2645_fu_309447_p2                 |      |        | q_2645            | add | fabric    | 0       |
|   q_2649_fu_309659_p2                 |      |        | q_2649            | add | fabric    | 0       |
|   q_2653_fu_309867_p2                 |      |        | q_2653            | add | fabric    | 0       |
|   q_2657_fu_310079_p2                 |      |        | q_2657            | add | fabric    | 0       |
|   q_2661_fu_310287_p2                 |      |        | q_2661            | add | fabric    | 0       |
|   q_2665_fu_310499_p2                 |      |        | q_2665            | add | fabric    | 0       |
|   q_2669_fu_310707_p2                 |      |        | q_2669            | add | fabric    | 0       |
|   q_2673_fu_310919_p2                 |      |        | q_2673            | add | fabric    | 0       |
|   q_2677_fu_311127_p2                 |      |        | q_2677            | add | fabric    | 0       |
|   q_2681_fu_311339_p2                 |      |        | q_2681            | add | fabric    | 0       |
|   q_2685_fu_311547_p2                 |      |        | q_2685            | add | fabric    | 0       |
|   q_2689_fu_311759_p2                 |      |        | q_2689            | add | fabric    | 0       |
|   q_2693_fu_311967_p2                 |      |        | q_2693            | add | fabric    | 0       |
|   q_2697_fu_312179_p2                 |      |        | q_2697            | add | fabric    | 0       |
|   q_2701_fu_312387_p2                 |      |        | q_2701            | add | fabric    | 0       |
|   q_2705_fu_312599_p2                 |      |        | q_2705            | add | fabric    | 0       |
|   q_2709_fu_312807_p2                 |      |        | q_2709            | add | fabric    | 0       |
|   q_2713_fu_313019_p2                 |      |        | q_2713            | add | fabric    | 0       |
|   q_2717_fu_313227_p2                 |      |        | q_2717            | add | fabric    | 0       |
|   q_2721_fu_313439_p2                 |      |        | q_2721            | add | fabric    | 0       |
|   q_2725_fu_313647_p2                 |      |        | q_2725            | add | fabric    | 0       |
|   q_2729_fu_313859_p2                 |      |        | q_2729            | add | fabric    | 0       |
|   q_2733_fu_314067_p2                 |      |        | q_2733            | add | fabric    | 0       |
|   q_2737_fu_314279_p2                 |      |        | q_2737            | add | fabric    | 0       |
|   q_2741_fu_314487_p2                 |      |        | q_2741            | add | fabric    | 0       |
|   q_2745_fu_314699_p2                 |      |        | q_2745            | add | fabric    | 0       |
|   q_2749_fu_314907_p2                 |      |        | q_2749            | add | fabric    | 0       |
|   q_2753_fu_315119_p2                 |      |        | q_2753            | add | fabric    | 0       |
|   q_2757_fu_315327_p2                 |      |        | q_2757            | add | fabric    | 0       |
|   q_2761_fu_315539_p2                 |      |        | q_2761            | add | fabric    | 0       |
|   q_2765_fu_315767_p2                 |      |        | q_2765            | add | fabric    | 0       |
|   q_2769_fu_315995_p2                 |      |        | q_2769            | add | fabric    | 0       |
|   q_2773_fu_316151_p2                 |      |        | q_2773            | add | fabric    | 0       |
|   q_2777_fu_316363_p2                 |      |        | q_2777            | add | fabric    | 0       |
|   q_2781_fu_316519_p2                 |      |        | q_2781            | add | fabric    | 0       |
|   q_2785_fu_316731_p2                 |      |        | q_2785            | add | fabric    | 0       |
|   q_2789_fu_316887_p2                 |      |        | q_2789            | add | fabric    | 0       |
|   q_2793_fu_317099_p2                 |      |        | q_2793            | add | fabric    | 0       |
|   q_2797_fu_317255_p2                 |      |        | q_2797            | add | fabric    | 0       |
|   q_2801_fu_317467_p2                 |      |        | q_2801            | add | fabric    | 0       |
|   q_2805_fu_317623_p2                 |      |        | q_2805            | add | fabric    | 0       |
|   q_2809_fu_317835_p2                 |      |        | q_2809            | add | fabric    | 0       |
|   q_2813_fu_317991_p2                 |      |        | q_2813            | add | fabric    | 0       |
|   q_2817_fu_318203_p2                 |      |        | q_2817            | add | fabric    | 0       |
|   sub_ln357_33_fu_318329_p2           |      |        | sub_ln357_33      | sub | fabric    | 0       |
|   q_2821_fu_318365_p2                 |      |        | q_2821            | add | fabric    | 0       |
|   q_2825_fu_318577_p2                 |      |        | q_2825            | add | fabric    | 0       |
|   q_2829_fu_318733_p2                 |      |        | q_2829            | add | fabric    | 0       |
|   q_2833_fu_318945_p2                 |      |        | q_2833            | add | fabric    | 0       |
|   q_2837_fu_319101_p2                 |      |        | q_2837            | add | fabric    | 0       |
|   q_2841_fu_319313_p2                 |      |        | q_2841            | add | fabric    | 0       |
|   q_2845_fu_319469_p2                 |      |        | q_2845            | add | fabric    | 0       |
|   q_2849_fu_319681_p2                 |      |        | q_2849            | add | fabric    | 0       |
|   q_2853_fu_319837_p2                 |      |        | q_2853            | add | fabric    | 0       |
|   q_2857_fu_320049_p2                 |      |        | q_2857            | add | fabric    | 0       |
|   q_2861_fu_320205_p2                 |      |        | q_2861            | add | fabric    | 0       |
|   q_2865_fu_320417_p2                 |      |        | q_2865            | add | fabric    | 0       |
|   q_2869_fu_320573_p2                 |      |        | q_2869            | add | fabric    | 0       |
|   q_2873_fu_320785_p2                 |      |        | q_2873            | add | fabric    | 0       |
|   q_2877_fu_320941_p2                 |      |        | q_2877            | add | fabric    | 0       |
|   q_2881_fu_321153_p2                 |      |        | q_2881            | add | fabric    | 0       |
|   q_2885_fu_321309_p2                 |      |        | q_2885            | add | fabric    | 0       |
|   q_2889_fu_321521_p2                 |      |        | q_2889            | add | fabric    | 0       |
|   q_2893_fu_321677_p2                 |      |        | q_2893            | add | fabric    | 0       |
|   q_2897_fu_321889_p2                 |      |        | q_2897            | add | fabric    | 0       |
|   q_2901_fu_322045_p2                 |      |        | q_2901            | add | fabric    | 0       |
|   q_2905_fu_322257_p2                 |      |        | q_2905            | add | fabric    | 0       |
|   q_2909_fu_322413_p2                 |      |        | q_2909            | add | fabric    | 0       |
|   q_2913_fu_322625_p2                 |      |        | q_2913            | add | fabric    | 0       |
|   q_2917_fu_322781_p2                 |      |        | q_2917            | add | fabric    | 0       |
|   q_2921_fu_322993_p2                 |      |        | q_2921            | add | fabric    | 0       |
|   q_2925_fu_323149_p2                 |      |        | q_2925            | add | fabric    | 0       |
|   q_2929_fu_323361_p2                 |      |        | q_2929            | add | fabric    | 0       |
|   q_2933_fu_323517_p2                 |      |        | q_2933            | add | fabric    | 0       |
|   q_2937_fu_323729_p2                 |      |        | q_2937            | add | fabric    | 0       |
|   q_2941_fu_323885_p2                 |      |        | q_2941            | add | fabric    | 0       |
|   q_2945_fu_324097_p2                 |      |        | q_2945            | add | fabric    | 0       |
|   q_2949_fu_324325_p2                 |      |        | q_2949            | add | fabric    | 0       |
|   q_2953_fu_324553_p2                 |      |        | q_2953            | add | fabric    | 0       |
|   q_2957_fu_324709_p2                 |      |        | q_2957            | add | fabric    | 0       |
|   q_2961_fu_324921_p2                 |      |        | q_2961            | add | fabric    | 0       |
|   q_2965_fu_325077_p2                 |      |        | q_2965            | add | fabric    | 0       |
|   q_2969_fu_325289_p2                 |      |        | q_2969            | add | fabric    | 0       |
|   q_2973_fu_325445_p2                 |      |        | q_2973            | add | fabric    | 0       |
|   q_2977_fu_325657_p2                 |      |        | q_2977            | add | fabric    | 0       |
|   q_2981_fu_325813_p2                 |      |        | q_2981            | add | fabric    | 0       |
|   q_2985_fu_326025_p2                 |      |        | q_2985            | add | fabric    | 0       |
|   q_2989_fu_326181_p2                 |      |        | q_2989            | add | fabric    | 0       |
|   q_2993_fu_326393_p2                 |      |        | q_2993            | add | fabric    | 0       |
|   sub_ln357_34_fu_326519_p2           |      |        | sub_ln357_34      | sub | fabric    | 0       |
|   q_2997_fu_326555_p2                 |      |        | q_2997            | add | fabric    | 0       |
|   q_3001_fu_326767_p2                 |      |        | q_3001            | add | fabric    | 0       |
|   q_3005_fu_326923_p2                 |      |        | q_3005            | add | fabric    | 0       |
|   q_3009_fu_327135_p2                 |      |        | q_3009            | add | fabric    | 0       |
|   q_3013_fu_327291_p2                 |      |        | q_3013            | add | fabric    | 0       |
|   q_3017_fu_327503_p2                 |      |        | q_3017            | add | fabric    | 0       |
|   q_3021_fu_327659_p2                 |      |        | q_3021            | add | fabric    | 0       |
|   q_3025_fu_327871_p2                 |      |        | q_3025            | add | fabric    | 0       |
|   q_3029_fu_328027_p2                 |      |        | q_3029            | add | fabric    | 0       |
|   q_3033_fu_328239_p2                 |      |        | q_3033            | add | fabric    | 0       |
|   q_3037_fu_328395_p2                 |      |        | q_3037            | add | fabric    | 0       |
|   q_3041_fu_328607_p2                 |      |        | q_3041            | add | fabric    | 0       |
|   q_3045_fu_328763_p2                 |      |        | q_3045            | add | fabric    | 0       |
|   q_3049_fu_328975_p2                 |      |        | q_3049            | add | fabric    | 0       |
|   q_3053_fu_329131_p2                 |      |        | q_3053            | add | fabric    | 0       |
|   q_3057_fu_329343_p2                 |      |        | q_3057            | add | fabric    | 0       |
|   q_3061_fu_329499_p2                 |      |        | q_3061            | add | fabric    | 0       |
|   q_3065_fu_329711_p2                 |      |        | q_3065            | add | fabric    | 0       |
|   q_3069_fu_329867_p2                 |      |        | q_3069            | add | fabric    | 0       |
|   q_3073_fu_330079_p2                 |      |        | q_3073            | add | fabric    | 0       |
|   q_3077_fu_330235_p2                 |      |        | q_3077            | add | fabric    | 0       |
|   q_3081_fu_330447_p2                 |      |        | q_3081            | add | fabric    | 0       |
|   q_3085_fu_330603_p2                 |      |        | q_3085            | add | fabric    | 0       |
|   q_3089_fu_330815_p2                 |      |        | q_3089            | add | fabric    | 0       |
|   q_3093_fu_330971_p2                 |      |        | q_3093            | add | fabric    | 0       |
|   q_3097_fu_331183_p2                 |      |        | q_3097            | add | fabric    | 0       |
|   q_3101_fu_331339_p2                 |      |        | q_3101            | add | fabric    | 0       |
|   q_3105_fu_331551_p2                 |      |        | q_3105            | add | fabric    | 0       |
|   q_3109_fu_331707_p2                 |      |        | q_3109            | add | fabric    | 0       |
|   q_3113_fu_331919_p2                 |      |        | q_3113            | add | fabric    | 0       |
|   q_3117_fu_332075_p2                 |      |        | q_3117            | add | fabric    | 0       |
|   q_3121_fu_332287_p2                 |      |        | q_3121            | add | fabric    | 0       |
|   q_3125_fu_332443_p2                 |      |        | q_3125            | add | fabric    | 0       |
|   q_3129_fu_332655_p2                 |      |        | q_3129            | add | fabric    | 0       |
|   q_3133_fu_332883_p2                 |      |        | q_3133            | add | fabric    | 0       |
|   q_3137_fu_333111_p2                 |      |        | q_3137            | add | fabric    | 0       |
|   q_3141_fu_333267_p2                 |      |        | q_3141            | add | fabric    | 0       |
|   q_3145_fu_333479_p2                 |      |        | q_3145            | add | fabric    | 0       |
|   q_3149_fu_333635_p2                 |      |        | q_3149            | add | fabric    | 0       |
|   q_3153_fu_333847_p2                 |      |        | q_3153            | add | fabric    | 0       |
|   q_3157_fu_334003_p2                 |      |        | q_3157            | add | fabric    | 0       |
|   q_3161_fu_334215_p2                 |      |        | q_3161            | add | fabric    | 0       |
|   q_3165_fu_334371_p2                 |      |        | q_3165            | add | fabric    | 0       |
|   q_3169_fu_334583_p2                 |      |        | q_3169            | add | fabric    | 0       |
|   sub_ln357_35_fu_334709_p2           |      |        | sub_ln357_35      | sub | fabric    | 0       |
|   q_3173_fu_334745_p2                 |      |        | q_3173            | add | fabric    | 0       |
|   q_3177_fu_334957_p2                 |      |        | q_3177            | add | fabric    | 0       |
|   q_3181_fu_335113_p2                 |      |        | q_3181            | add | fabric    | 0       |
|   q_3185_fu_335325_p2                 |      |        | q_3185            | add | fabric    | 0       |
|   q_3189_fu_335481_p2                 |      |        | q_3189            | add | fabric    | 0       |
|   q_3193_fu_335693_p2                 |      |        | q_3193            | add | fabric    | 0       |
|   q_3197_fu_335849_p2                 |      |        | q_3197            | add | fabric    | 0       |
|   q_3201_fu_336061_p2                 |      |        | q_3201            | add | fabric    | 0       |
|   q_3205_fu_336217_p2                 |      |        | q_3205            | add | fabric    | 0       |
|   q_3209_fu_336429_p2                 |      |        | q_3209            | add | fabric    | 0       |
|   q_3213_fu_336585_p2                 |      |        | q_3213            | add | fabric    | 0       |
|   q_3217_fu_336797_p2                 |      |        | q_3217            | add | fabric    | 0       |
|   q_3221_fu_336953_p2                 |      |        | q_3221            | add | fabric    | 0       |
|   q_3225_fu_337165_p2                 |      |        | q_3225            | add | fabric    | 0       |
|   q_3229_fu_337321_p2                 |      |        | q_3229            | add | fabric    | 0       |
|   q_3233_fu_337533_p2                 |      |        | q_3233            | add | fabric    | 0       |
|   q_3237_fu_337689_p2                 |      |        | q_3237            | add | fabric    | 0       |
|   q_3241_fu_337901_p2                 |      |        | q_3241            | add | fabric    | 0       |
|   q_3245_fu_338057_p2                 |      |        | q_3245            | add | fabric    | 0       |
|   q_3249_fu_338269_p2                 |      |        | q_3249            | add | fabric    | 0       |
|   q_3253_fu_338425_p2                 |      |        | q_3253            | add | fabric    | 0       |
|   q_3257_fu_338637_p2                 |      |        | q_3257            | add | fabric    | 0       |
|   q_3261_fu_338793_p2                 |      |        | q_3261            | add | fabric    | 0       |
|   q_3265_fu_339005_p2                 |      |        | q_3265            | add | fabric    | 0       |
|   q_3269_fu_339161_p2                 |      |        | q_3269            | add | fabric    | 0       |
|   q_3273_fu_339373_p2                 |      |        | q_3273            | add | fabric    | 0       |
|   q_3277_fu_339529_p2                 |      |        | q_3277            | add | fabric    | 0       |
|   q_3281_fu_339741_p2                 |      |        | q_3281            | add | fabric    | 0       |
|   q_3285_fu_339897_p2                 |      |        | q_3285            | add | fabric    | 0       |
|   q_3289_fu_340109_p2                 |      |        | q_3289            | add | fabric    | 0       |
|   q_3293_fu_340265_p2                 |      |        | q_3293            | add | fabric    | 0       |
|   q_3297_fu_340477_p2                 |      |        | q_3297            | add | fabric    | 0       |
|   q_3301_fu_340633_p2                 |      |        | q_3301            | add | fabric    | 0       |
|   q_3305_fu_340845_p2                 |      |        | q_3305            | add | fabric    | 0       |
|   q_3309_fu_341001_p2                 |      |        | q_3309            | add | fabric    | 0       |
|   q_3313_fu_341213_p2                 |      |        | q_3313            | add | fabric    | 0       |
|   q_3317_fu_341441_p2                 |      |        | q_3317            | add | fabric    | 0       |
|   q_3321_fu_341669_p2                 |      |        | q_3321            | add | fabric    | 0       |
|   q_3325_fu_341825_p2                 |      |        | q_3325            | add | fabric    | 0       |
|   q_3329_fu_342037_p2                 |      |        | q_3329            | add | fabric    | 0       |
|   q_3333_fu_342193_p2                 |      |        | q_3333            | add | fabric    | 0       |
|   q_3337_fu_342405_p2                 |      |        | q_3337            | add | fabric    | 0       |
|   q_3341_fu_342561_p2                 |      |        | q_3341            | add | fabric    | 0       |
|   q_3345_fu_342773_p2                 |      |        | q_3345            | add | fabric    | 0       |
|   sub_ln357_36_fu_342899_p2           |      |        | sub_ln357_36      | sub | fabric    | 0       |
|   q_3349_fu_342935_p2                 |      |        | q_3349            | add | fabric    | 0       |
|   q_3353_fu_343147_p2                 |      |        | q_3353            | add | fabric    | 0       |
|   q_3357_fu_343303_p2                 |      |        | q_3357            | add | fabric    | 0       |
|   q_3361_fu_343515_p2                 |      |        | q_3361            | add | fabric    | 0       |
|   q_3365_fu_343671_p2                 |      |        | q_3365            | add | fabric    | 0       |
|   q_3369_fu_343883_p2                 |      |        | q_3369            | add | fabric    | 0       |
|   q_3373_fu_344039_p2                 |      |        | q_3373            | add | fabric    | 0       |
|   q_3377_fu_344251_p2                 |      |        | q_3377            | add | fabric    | 0       |
|   q_3381_fu_344407_p2                 |      |        | q_3381            | add | fabric    | 0       |
|   q_3385_fu_344619_p2                 |      |        | q_3385            | add | fabric    | 0       |
|   q_3389_fu_344775_p2                 |      |        | q_3389            | add | fabric    | 0       |
|   q_3393_fu_344987_p2                 |      |        | q_3393            | add | fabric    | 0       |
|   q_3397_fu_345143_p2                 |      |        | q_3397            | add | fabric    | 0       |
|   q_3401_fu_345355_p2                 |      |        | q_3401            | add | fabric    | 0       |
|   q_3405_fu_345511_p2                 |      |        | q_3405            | add | fabric    | 0       |
|   q_3409_fu_345723_p2                 |      |        | q_3409            | add | fabric    | 0       |
|   q_3413_fu_345879_p2                 |      |        | q_3413            | add | fabric    | 0       |
|   q_3417_fu_346091_p2                 |      |        | q_3417            | add | fabric    | 0       |
|   q_3421_fu_346247_p2                 |      |        | q_3421            | add | fabric    | 0       |
|   q_3425_fu_346459_p2                 |      |        | q_3425            | add | fabric    | 0       |
|   q_3429_fu_346615_p2                 |      |        | q_3429            | add | fabric    | 0       |
|   q_3433_fu_346827_p2                 |      |        | q_3433            | add | fabric    | 0       |
|   q_3437_fu_346983_p2                 |      |        | q_3437            | add | fabric    | 0       |
|   q_3441_fu_347195_p2                 |      |        | q_3441            | add | fabric    | 0       |
|   q_3445_fu_347351_p2                 |      |        | q_3445            | add | fabric    | 0       |
|   q_3449_fu_347563_p2                 |      |        | q_3449            | add | fabric    | 0       |
|   q_3453_fu_347719_p2                 |      |        | q_3453            | add | fabric    | 0       |
|   q_3457_fu_347931_p2                 |      |        | q_3457            | add | fabric    | 0       |
|   q_3461_fu_348087_p2                 |      |        | q_3461            | add | fabric    | 0       |
|   q_3465_fu_348299_p2                 |      |        | q_3465            | add | fabric    | 0       |
|   q_3469_fu_348455_p2                 |      |        | q_3469            | add | fabric    | 0       |
|   q_3473_fu_348667_p2                 |      |        | q_3473            | add | fabric    | 0       |
|   q_3477_fu_348823_p2                 |      |        | q_3477            | add | fabric    | 0       |
|   q_3481_fu_349035_p2                 |      |        | q_3481            | add | fabric    | 0       |
|   q_3485_fu_349191_p2                 |      |        | q_3485            | add | fabric    | 0       |
|   q_3489_fu_349403_p2                 |      |        | q_3489            | add | fabric    | 0       |
|   q_3493_fu_349559_p2                 |      |        | q_3493            | add | fabric    | 0       |
|   q_3497_fu_349771_p2                 |      |        | q_3497            | add | fabric    | 0       |
|   q_3501_fu_349999_p2                 |      |        | q_3501            | add | fabric    | 0       |
|   q_3505_fu_350227_p2                 |      |        | q_3505            | add | fabric    | 0       |
|   q_3509_fu_350383_p2                 |      |        | q_3509            | add | fabric    | 0       |
|   q_3513_fu_350595_p2                 |      |        | q_3513            | add | fabric    | 0       |
|   q_3517_fu_350751_p2                 |      |        | q_3517            | add | fabric    | 0       |
|   q_3521_fu_350963_p2                 |      |        | q_3521            | add | fabric    | 0       |
|   sub_ln357_37_fu_351089_p2           |      |        | sub_ln357_37      | sub | fabric    | 0       |
|   q_3525_fu_351125_p2                 |      |        | q_3525            | add | fabric    | 0       |
|   q_3529_fu_351337_p2                 |      |        | q_3529            | add | fabric    | 0       |
|   q_3533_fu_351493_p2                 |      |        | q_3533            | add | fabric    | 0       |
|   q_3537_fu_351705_p2                 |      |        | q_3537            | add | fabric    | 0       |
|   q_3541_fu_351861_p2                 |      |        | q_3541            | add | fabric    | 0       |
|   q_3545_fu_352073_p2                 |      |        | q_3545            | add | fabric    | 0       |
|   q_3549_fu_352229_p2                 |      |        | q_3549            | add | fabric    | 0       |
|   q_3553_fu_352441_p2                 |      |        | q_3553            | add | fabric    | 0       |
|   q_3557_fu_352597_p2                 |      |        | q_3557            | add | fabric    | 0       |
|   q_3561_fu_352809_p2                 |      |        | q_3561            | add | fabric    | 0       |
|   q_3565_fu_352965_p2                 |      |        | q_3565            | add | fabric    | 0       |
|   q_3569_fu_353177_p2                 |      |        | q_3569            | add | fabric    | 0       |
|   q_3573_fu_353333_p2                 |      |        | q_3573            | add | fabric    | 0       |
|   q_3577_fu_353545_p2                 |      |        | q_3577            | add | fabric    | 0       |
|   q_3581_fu_353701_p2                 |      |        | q_3581            | add | fabric    | 0       |
|   q_3585_fu_353913_p2                 |      |        | q_3585            | add | fabric    | 0       |
|   q_3589_fu_354069_p2                 |      |        | q_3589            | add | fabric    | 0       |
|   q_3593_fu_354281_p2                 |      |        | q_3593            | add | fabric    | 0       |
|   q_3597_fu_354437_p2                 |      |        | q_3597            | add | fabric    | 0       |
|   q_3601_fu_354649_p2                 |      |        | q_3601            | add | fabric    | 0       |
|   q_3605_fu_354805_p2                 |      |        | q_3605            | add | fabric    | 0       |
|   q_3609_fu_355017_p2                 |      |        | q_3609            | add | fabric    | 0       |
|   q_3613_fu_355173_p2                 |      |        | q_3613            | add | fabric    | 0       |
|   q_3617_fu_355385_p2                 |      |        | q_3617            | add | fabric    | 0       |
|   q_3621_fu_355541_p2                 |      |        | q_3621            | add | fabric    | 0       |
|   q_3625_fu_355753_p2                 |      |        | q_3625            | add | fabric    | 0       |
|   q_3629_fu_355909_p2                 |      |        | q_3629            | add | fabric    | 0       |
|   q_3633_fu_356121_p2                 |      |        | q_3633            | add | fabric    | 0       |
|   q_3637_fu_356277_p2                 |      |        | q_3637            | add | fabric    | 0       |
|   q_3641_fu_356489_p2                 |      |        | q_3641            | add | fabric    | 0       |
|   q_3645_fu_356645_p2                 |      |        | q_3645            | add | fabric    | 0       |
|   q_3649_fu_356857_p2                 |      |        | q_3649            | add | fabric    | 0       |
|   q_3653_fu_357013_p2                 |      |        | q_3653            | add | fabric    | 0       |
|   q_3657_fu_357225_p2                 |      |        | q_3657            | add | fabric    | 0       |
|   q_3661_fu_357381_p2                 |      |        | q_3661            | add | fabric    | 0       |
|   q_3665_fu_357593_p2                 |      |        | q_3665            | add | fabric    | 0       |
|   q_3669_fu_357749_p2                 |      |        | q_3669            | add | fabric    | 0       |
|   q_3673_fu_357961_p2                 |      |        | q_3673            | add | fabric    | 0       |
|   q_3677_fu_358117_p2                 |      |        | q_3677            | add | fabric    | 0       |
|   q_3681_fu_358329_p2                 |      |        | q_3681            | add | fabric    | 0       |
|   q_3685_fu_358557_p2                 |      |        | q_3685            | add | fabric    | 0       |
|   q_3689_fu_358785_p2                 |      |        | q_3689            | add | fabric    | 0       |
|   q_3693_fu_358941_p2                 |      |        | q_3693            | add | fabric    | 0       |
|   q_3697_fu_359153_p2                 |      |        | q_3697            | add | fabric    | 0       |
|   sub_ln357_38_fu_359279_p2           |      |        | sub_ln357_38      | sub | fabric    | 0       |
|   q_3701_fu_359315_p2                 |      |        | q_3701            | add | fabric    | 0       |
|   q_3705_fu_359527_p2                 |      |        | q_3705            | add | fabric    | 0       |
|   q_3709_fu_359683_p2                 |      |        | q_3709            | add | fabric    | 0       |
|   q_3713_fu_359895_p2                 |      |        | q_3713            | add | fabric    | 0       |
|   q_3717_fu_360051_p2                 |      |        | q_3717            | add | fabric    | 0       |
|   q_3721_fu_360263_p2                 |      |        | q_3721            | add | fabric    | 0       |
|   q_3725_fu_360419_p2                 |      |        | q_3725            | add | fabric    | 0       |
|   q_3729_fu_360631_p2                 |      |        | q_3729            | add | fabric    | 0       |
|   q_3733_fu_360787_p2                 |      |        | q_3733            | add | fabric    | 0       |
|   q_3737_fu_360999_p2                 |      |        | q_3737            | add | fabric    | 0       |
|   q_3741_fu_361155_p2                 |      |        | q_3741            | add | fabric    | 0       |
|   q_3745_fu_361367_p2                 |      |        | q_3745            | add | fabric    | 0       |
|   q_3749_fu_361523_p2                 |      |        | q_3749            | add | fabric    | 0       |
|   q_3753_fu_361735_p2                 |      |        | q_3753            | add | fabric    | 0       |
|   q_3757_fu_361891_p2                 |      |        | q_3757            | add | fabric    | 0       |
|   q_3761_fu_362103_p2                 |      |        | q_3761            | add | fabric    | 0       |
|   q_3765_fu_362259_p2                 |      |        | q_3765            | add | fabric    | 0       |
|   q_3769_fu_362471_p2                 |      |        | q_3769            | add | fabric    | 0       |
|   q_3773_fu_362627_p2                 |      |        | q_3773            | add | fabric    | 0       |
|   q_3777_fu_362839_p2                 |      |        | q_3777            | add | fabric    | 0       |
|   q_3781_fu_362995_p2                 |      |        | q_3781            | add | fabric    | 0       |
|   q_3785_fu_363207_p2                 |      |        | q_3785            | add | fabric    | 0       |
|   q_3789_fu_363363_p2                 |      |        | q_3789            | add | fabric    | 0       |
|   q_3793_fu_363575_p2                 |      |        | q_3793            | add | fabric    | 0       |
|   q_3797_fu_363731_p2                 |      |        | q_3797            | add | fabric    | 0       |
|   q_3801_fu_363943_p2                 |      |        | q_3801            | add | fabric    | 0       |
|   q_3805_fu_364099_p2                 |      |        | q_3805            | add | fabric    | 0       |
|   q_3809_fu_364311_p2                 |      |        | q_3809            | add | fabric    | 0       |
|   q_3813_fu_364467_p2                 |      |        | q_3813            | add | fabric    | 0       |
|   q_3817_fu_364679_p2                 |      |        | q_3817            | add | fabric    | 0       |
|   q_3821_fu_364835_p2                 |      |        | q_3821            | add | fabric    | 0       |
|   q_3825_fu_365047_p2                 |      |        | q_3825            | add | fabric    | 0       |
|   q_3829_fu_365203_p2                 |      |        | q_3829            | add | fabric    | 0       |
|   q_3833_fu_365415_p2                 |      |        | q_3833            | add | fabric    | 0       |
|   q_3837_fu_365571_p2                 |      |        | q_3837            | add | fabric    | 0       |
|   q_3841_fu_365783_p2                 |      |        | q_3841            | add | fabric    | 0       |
|   q_3845_fu_365939_p2                 |      |        | q_3845            | add | fabric    | 0       |
|   q_3849_fu_366151_p2                 |      |        | q_3849            | add | fabric    | 0       |
|   q_3853_fu_366307_p2                 |      |        | q_3853            | add | fabric    | 0       |
|   q_3857_fu_366519_p2                 |      |        | q_3857            | add | fabric    | 0       |
|   q_3861_fu_366675_p2                 |      |        | q_3861            | add | fabric    | 0       |
|   q_3865_fu_366887_p2                 |      |        | q_3865            | add | fabric    | 0       |
|   q_3869_fu_367115_p2                 |      |        | q_3869            | add | fabric    | 0       |
|   add_ln405_fu_399325_p2              |      |        | add_ln405         | add | fabric    | 0       |
|   add_ln405_3_fu_404171_p2            |      |        | add_ln405_3       | add | fabric    | 0       |
|   add_ln405_4_fu_404181_p2            |      |        | add_ln405_4       | add | fabric    | 0       |
|   add_ln405_5_fu_404191_p2            |      |        | add_ln405_5       | add | fabric    | 0       |
|   add_ln405_6_fu_404201_p2            |      |        | add_ln405_6       | add | fabric    | 0       |
|   add_ln405_7_fu_404211_p2            |      |        | add_ln405_7       | add | fabric    | 0       |
|   add_ln405_8_fu_404221_p2            |      |        | add_ln405_8       | add | fabric    | 0       |
|   add_ln405_9_fu_404231_p2            |      |        | add_ln405_9       | add | fabric    | 0       |
|   add_ln405_10_fu_404241_p2           |      |        | add_ln405_10      | add | fabric    | 0       |
|   add_ln405_11_fu_404251_p2           |      |        | add_ln405_11      | add | fabric    | 0       |
|   add_ln405_12_fu_404261_p2           |      |        | add_ln405_12      | add | fabric    | 0       |
|   add_ln405_13_fu_404271_p2           |      |        | add_ln405_13      | add | fabric    | 0       |
|   add_ln405_14_fu_404281_p2           |      |        | add_ln405_14      | add | fabric    | 0       |
|   add_ln405_15_fu_404291_p2           |      |        | add_ln405_15      | add | fabric    | 0       |
|   add_ln405_16_fu_404301_p2           |      |        | add_ln405_16      | add | fabric    | 0       |
|   add_ln405_17_fu_404311_p2           |      |        | add_ln405_17      | add | fabric    | 0       |
|   add_ln405_18_fu_404321_p2           |      |        | add_ln405_18      | add | fabric    | 0       |
|   add_ln405_19_fu_404331_p2           |      |        | add_ln405_19      | add | fabric    | 0       |
|   add_ln405_20_fu_404341_p2           |      |        | add_ln405_20      | add | fabric    | 0       |
|   add_ln405_21_fu_404351_p2           |      |        | add_ln405_21      | add | fabric    | 0       |
|   add_ln405_22_fu_404361_p2           |      |        | add_ln405_22      | add | fabric    | 0       |
|   add_ln405_23_fu_404371_p2           |      |        | add_ln405_23      | add | fabric    | 0       |
|   add_ln405_24_fu_404381_p2           |      |        | add_ln405_24      | add | fabric    | 0       |
|   add_ln405_25_fu_404391_p2           |      |        | add_ln405_25      | add | fabric    | 0       |
|   add_ln405_26_fu_404401_p2           |      |        | add_ln405_26      | add | fabric    | 0       |
|   add_ln405_27_fu_404411_p2           |      |        | add_ln405_27      | add | fabric    | 0       |
|   add_ln405_28_fu_404421_p2           |      |        | add_ln405_28      | add | fabric    | 0       |
|   add_ln405_29_fu_404431_p2           |      |        | add_ln405_29      | add | fabric    | 0       |
|   add_ln405_30_fu_404437_p2           |      |        | add_ln405_30      | add | fabric    | 0       |
|   add_ln405_31_fu_404447_p2           |      |        | add_ln405_31      | add | fabric    | 0       |
|   add_ln405_32_fu_404457_p2           |      |        | add_ln405_32      | add | fabric    | 0       |
|   add_ln405_33_fu_404467_p2           |      |        | add_ln405_33      | add | fabric    | 0       |
|   add_ln405_34_fu_404477_p2           |      |        | add_ln405_34      | add | fabric    | 0       |
|   add_ln405_35_fu_404487_p2           |      |        | add_ln405_35      | add | fabric    | 0       |
|   add_ln405_36_fu_404497_p2           |      |        | add_ln405_36      | add | fabric    | 0       |
|   add_ln405_37_fu_404507_p2           |      |        | add_ln405_37      | add | fabric    | 0       |
|   add_ln405_38_fu_404517_p2           |      |        | add_ln405_38      | add | fabric    | 0       |
|   add_ln405_39_fu_404527_p2           |      |        | add_ln405_39      | add | fabric    | 0       |
|   add_ln405_40_fu_404537_p2           |      |        | add_ln405_40      | add | fabric    | 0       |
|   add_ln405_41_fu_404547_p2           |      |        | add_ln405_41      | add | fabric    | 0       |
|   add_ln405_42_fu_404557_p2           |      |        | add_ln405_42      | add | fabric    | 0       |
|   add_ln405_43_fu_404567_p2           |      |        | add_ln405_43      | add | fabric    | 0       |
|   add_ln405_44_fu_404577_p2           |      |        | add_ln405_44      | add | fabric    | 0       |
|   add_ln405_45_fu_404587_p2           |      |        | add_ln405_45      | add | fabric    | 0       |
|   add_ln405_46_fu_404597_p2           |      |        | add_ln405_46      | add | fabric    | 0       |
|   add_ln405_47_fu_404607_p2           |      |        | add_ln405_47      | add | fabric    | 0       |
|   add_ln405_48_fu_404617_p2           |      |        | add_ln405_48      | add | fabric    | 0       |
|   add_ln405_49_fu_404627_p2           |      |        | add_ln405_49      | add | fabric    | 0       |
|   add_ln405_50_fu_404637_p2           |      |        | add_ln405_50      | add | fabric    | 0       |
|   add_ln405_51_fu_404647_p2           |      |        | add_ln405_51      | add | fabric    | 0       |
|   add_ln405_52_fu_404657_p2           |      |        | add_ln405_52      | add | fabric    | 0       |
|   add_ln405_53_fu_404667_p2           |      |        | add_ln405_53      | add | fabric    | 0       |
|   add_ln405_54_fu_404677_p2           |      |        | add_ln405_54      | add | fabric    | 0       |
|   add_ln405_55_fu_404687_p2           |      |        | add_ln405_55      | add | fabric    | 0       |
|   add_ln405_56_fu_404697_p2           |      |        | add_ln405_56      | add | fabric    | 0       |
|   add_ln405_57_fu_404707_p2           |      |        | add_ln405_57      | add | fabric    | 0       |
|   add_ln405_58_fu_404717_p2           |      |        | add_ln405_58      | add | fabric    | 0       |
|   add_ln405_59_fu_418660_p2           |      |        | add_ln405_59      | add | fabric    | 0       |
|   add_ln405_60_fu_404723_p2           |      |        | add_ln405_60      | add | fabric    | 0       |
|   add_ln405_61_fu_404733_p2           |      |        | add_ln405_61      | add | fabric    | 0       |
|   add_ln405_62_fu_404743_p2           |      |        | add_ln405_62      | add | fabric    | 0       |
|   add_ln405_63_fu_404753_p2           |      |        | add_ln405_63      | add | fabric    | 0       |
|   add_ln405_64_fu_404763_p2           |      |        | add_ln405_64      | add | fabric    | 0       |
|   add_ln405_65_fu_404773_p2           |      |        | add_ln405_65      | add | fabric    | 0       |
|   add_ln405_66_fu_404783_p2           |      |        | add_ln405_66      | add | fabric    | 0       |
|   add_ln405_67_fu_404793_p2           |      |        | add_ln405_67      | add | fabric    | 0       |
|   add_ln405_68_fu_404803_p2           |      |        | add_ln405_68      | add | fabric    | 0       |
|   add_ln405_69_fu_404813_p2           |      |        | add_ln405_69      | add | fabric    | 0       |
|   add_ln405_70_fu_404823_p2           |      |        | add_ln405_70      | add | fabric    | 0       |
|   add_ln405_71_fu_404833_p2           |      |        | add_ln405_71      | add | fabric    | 0       |
|   add_ln405_72_fu_404843_p2           |      |        | add_ln405_72      | add | fabric    | 0       |
|   add_ln405_73_fu_404853_p2           |      |        | add_ln405_73      | add | fabric    | 0       |
|   add_ln405_74_fu_404863_p2           |      |        | add_ln405_74      | add | fabric    | 0       |
|   add_ln405_75_fu_404873_p2           |      |        | add_ln405_75      | add | fabric    | 0       |
|   add_ln405_76_fu_404883_p2           |      |        | add_ln405_76      | add | fabric    | 0       |
|   add_ln405_77_fu_404893_p2           |      |        | add_ln405_77      | add | fabric    | 0       |
|   add_ln405_78_fu_404903_p2           |      |        | add_ln405_78      | add | fabric    | 0       |
|   add_ln405_79_fu_404913_p2           |      |        | add_ln405_79      | add | fabric    | 0       |
|   add_ln405_80_fu_404923_p2           |      |        | add_ln405_80      | add | fabric    | 0       |
|   add_ln405_81_fu_404933_p2           |      |        | add_ln405_81      | add | fabric    | 0       |
|   add_ln405_82_fu_404943_p2           |      |        | add_ln405_82      | add | fabric    | 0       |
|   add_ln405_83_fu_404953_p2           |      |        | add_ln405_83      | add | fabric    | 0       |
|   add_ln405_84_fu_404963_p2           |      |        | add_ln405_84      | add | fabric    | 0       |
|   add_ln405_85_fu_404973_p2           |      |        | add_ln405_85      | add | fabric    | 0       |
|   add_ln405_86_fu_404983_p2           |      |        | add_ln405_86      | add | fabric    | 0       |
|   add_ln405_87_fu_404993_p2           |      |        | add_ln405_87      | add | fabric    | 0       |
|   add_ln405_88_fu_405003_p2           |      |        | add_ln405_88      | add | fabric    | 0       |
|   add_ln405_89_fu_405009_p2           |      |        | add_ln405_89      | add | fabric    | 0       |
|   add_ln405_90_fu_405019_p2           |      |        | add_ln405_90      | add | fabric    | 0       |
|   add_ln405_91_fu_405029_p2           |      |        | add_ln405_91      | add | fabric    | 0       |
|   add_ln405_92_fu_405039_p2           |      |        | add_ln405_92      | add | fabric    | 0       |
|   add_ln405_93_fu_405049_p2           |      |        | add_ln405_93      | add | fabric    | 0       |
|   add_ln405_94_fu_405059_p2           |      |        | add_ln405_94      | add | fabric    | 0       |
|   add_ln405_95_fu_405069_p2           |      |        | add_ln405_95      | add | fabric    | 0       |
|   add_ln405_96_fu_405079_p2           |      |        | add_ln405_96      | add | fabric    | 0       |
|   add_ln405_97_fu_405089_p2           |      |        | add_ln405_97      | add | fabric    | 0       |
|   add_ln405_98_fu_405099_p2           |      |        | add_ln405_98      | add | fabric    | 0       |
|   add_ln405_99_fu_405109_p2           |      |        | add_ln405_99      | add | fabric    | 0       |
|   add_ln405_100_fu_405119_p2          |      |        | add_ln405_100     | add | fabric    | 0       |
|   add_ln405_101_fu_405129_p2          |      |        | add_ln405_101     | add | fabric    | 0       |
|   add_ln405_102_fu_405139_p2          |      |        | add_ln405_102     | add | fabric    | 0       |
|   add_ln405_103_fu_405149_p2          |      |        | add_ln405_103     | add | fabric    | 0       |
|   add_ln405_104_fu_405159_p2          |      |        | add_ln405_104     | add | fabric    | 0       |
|   add_ln405_105_fu_405169_p2          |      |        | add_ln405_105     | add | fabric    | 0       |
|   add_ln405_106_fu_405179_p2          |      |        | add_ln405_106     | add | fabric    | 0       |
|   add_ln405_107_fu_405189_p2          |      |        | add_ln405_107     | add | fabric    | 0       |
|   add_ln405_108_fu_405199_p2          |      |        | add_ln405_108     | add | fabric    | 0       |
|   add_ln405_109_fu_405209_p2          |      |        | add_ln405_109     | add | fabric    | 0       |
|   add_ln405_110_fu_405219_p2          |      |        | add_ln405_110     | add | fabric    | 0       |
|   add_ln405_111_fu_405229_p2          |      |        | add_ln405_111     | add | fabric    | 0       |
|   add_ln405_112_fu_405239_p2          |      |        | add_ln405_112     | add | fabric    | 0       |
|   add_ln405_113_fu_405249_p2          |      |        | add_ln405_113     | add | fabric    | 0       |
|   add_ln405_114_fu_405259_p2          |      |        | add_ln405_114     | add | fabric    | 0       |
|   add_ln405_115_fu_405269_p2          |      |        | add_ln405_115     | add | fabric    | 0       |
|   add_ln405_116_fu_405279_p2          |      |        | add_ln405_116     | add | fabric    | 0       |
|   add_ln405_117_fu_405289_p2          |      |        | add_ln405_117     | add | fabric    | 0       |
|   add_ln405_118_fu_418676_p2          |      |        | add_ln405_118     | add | fabric    | 0       |
|   add_ln405_119_fu_418686_p2          |      |        | add_ln405_119     | add | fabric    | 0       |
|   add_ln405_120_fu_405295_p2          |      |        | add_ln405_120     | add | fabric    | 0       |
|   add_ln405_121_fu_405305_p2          |      |        | add_ln405_121     | add | fabric    | 0       |
|   add_ln405_122_fu_405315_p2          |      |        | add_ln405_122     | add | fabric    | 0       |
|   add_ln405_123_fu_405325_p2          |      |        | add_ln405_123     | add | fabric    | 0       |
|   add_ln405_124_fu_405335_p2          |      |        | add_ln405_124     | add | fabric    | 0       |
|   add_ln405_125_fu_405345_p2          |      |        | add_ln405_125     | add | fabric    | 0       |
|   add_ln405_126_fu_405355_p2          |      |        | add_ln405_126     | add | fabric    | 0       |
|   add_ln405_127_fu_405365_p2          |      |        | add_ln405_127     | add | fabric    | 0       |
|   add_ln405_128_fu_405375_p2          |      |        | add_ln405_128     | add | fabric    | 0       |
|   add_ln405_129_fu_405385_p2          |      |        | add_ln405_129     | add | fabric    | 0       |
|   add_ln405_130_fu_405395_p2          |      |        | add_ln405_130     | add | fabric    | 0       |
|   add_ln405_131_fu_405405_p2          |      |        | add_ln405_131     | add | fabric    | 0       |
|   add_ln405_132_fu_405415_p2          |      |        | add_ln405_132     | add | fabric    | 0       |
|   add_ln405_133_fu_405425_p2          |      |        | add_ln405_133     | add | fabric    | 0       |
|   add_ln405_134_fu_405435_p2          |      |        | add_ln405_134     | add | fabric    | 0       |
|   add_ln405_135_fu_405445_p2          |      |        | add_ln405_135     | add | fabric    | 0       |
|   add_ln405_136_fu_405455_p2          |      |        | add_ln405_136     | add | fabric    | 0       |
|   add_ln405_137_fu_405465_p2          |      |        | add_ln405_137     | add | fabric    | 0       |
|   add_ln405_138_fu_405475_p2          |      |        | add_ln405_138     | add | fabric    | 0       |
|   add_ln405_139_fu_405485_p2          |      |        | add_ln405_139     | add | fabric    | 0       |
|   add_ln405_140_fu_405495_p2          |      |        | add_ln405_140     | add | fabric    | 0       |
|   add_ln405_141_fu_405505_p2          |      |        | add_ln405_141     | add | fabric    | 0       |
|   add_ln405_142_fu_405515_p2          |      |        | add_ln405_142     | add | fabric    | 0       |
|   add_ln405_143_fu_405525_p2          |      |        | add_ln405_143     | add | fabric    | 0       |
|   add_ln405_144_fu_405535_p2          |      |        | add_ln405_144     | add | fabric    | 0       |
|   add_ln405_145_fu_405545_p2          |      |        | add_ln405_145     | add | fabric    | 0       |
|   add_ln405_146_fu_405555_p2          |      |        | add_ln405_146     | add | fabric    | 0       |
|   add_ln405_147_fu_405565_p2          |      |        | add_ln405_147     | add | fabric    | 0       |
|   add_ln405_148_fu_405575_p2          |      |        | add_ln405_148     | add | fabric    | 0       |
|   add_ln405_149_fu_405581_p2          |      |        | add_ln405_149     | add | fabric    | 0       |
|   add_ln405_150_fu_405591_p2          |      |        | add_ln405_150     | add | fabric    | 0       |
|   add_ln405_151_fu_405601_p2          |      |        | add_ln405_151     | add | fabric    | 0       |
|   add_ln405_152_fu_405611_p2          |      |        | add_ln405_152     | add | fabric    | 0       |
|   add_ln405_153_fu_405621_p2          |      |        | add_ln405_153     | add | fabric    | 0       |
|   add_ln405_154_fu_405631_p2          |      |        | add_ln405_154     | add | fabric    | 0       |
|   add_ln405_155_fu_405641_p2          |      |        | add_ln405_155     | add | fabric    | 0       |
|   add_ln405_156_fu_405651_p2          |      |        | add_ln405_156     | add | fabric    | 0       |
|   add_ln405_157_fu_405661_p2          |      |        | add_ln405_157     | add | fabric    | 0       |
|   add_ln405_158_fu_405671_p2          |      |        | add_ln405_158     | add | fabric    | 0       |
|   add_ln405_159_fu_405681_p2          |      |        | add_ln405_159     | add | fabric    | 0       |
|   add_ln405_160_fu_405691_p2          |      |        | add_ln405_160     | add | fabric    | 0       |
|   add_ln405_161_fu_405701_p2          |      |        | add_ln405_161     | add | fabric    | 0       |
|   add_ln405_162_fu_405711_p2          |      |        | add_ln405_162     | add | fabric    | 0       |
|   add_ln405_163_fu_405721_p2          |      |        | add_ln405_163     | add | fabric    | 0       |
|   add_ln405_164_fu_405731_p2          |      |        | add_ln405_164     | add | fabric    | 0       |
|   add_ln405_165_fu_405741_p2          |      |        | add_ln405_165     | add | fabric    | 0       |
|   add_ln405_166_fu_405751_p2          |      |        | add_ln405_166     | add | fabric    | 0       |
|   add_ln405_167_fu_405761_p2          |      |        | add_ln405_167     | add | fabric    | 0       |
|   add_ln405_168_fu_405771_p2          |      |        | add_ln405_168     | add | fabric    | 0       |
|   add_ln405_169_fu_405781_p2          |      |        | add_ln405_169     | add | fabric    | 0       |
|   add_ln405_170_fu_405791_p2          |      |        | add_ln405_170     | add | fabric    | 0       |
|   add_ln405_171_fu_405801_p2          |      |        | add_ln405_171     | add | fabric    | 0       |
|   add_ln405_172_fu_405811_p2          |      |        | add_ln405_172     | add | fabric    | 0       |
|   add_ln405_173_fu_405821_p2          |      |        | add_ln405_173     | add | fabric    | 0       |
|   add_ln405_174_fu_405831_p2          |      |        | add_ln405_174     | add | fabric    | 0       |
|   add_ln405_175_fu_405841_p2          |      |        | add_ln405_175     | add | fabric    | 0       |
|   add_ln405_176_fu_405851_p2          |      |        | add_ln405_176     | add | fabric    | 0       |
|   add_ln405_177_fu_405861_p2          |      |        | add_ln405_177     | add | fabric    | 0       |
|   add_ln405_178_fu_418702_p2          |      |        | add_ln405_178     | add | fabric    | 0       |
|   add_ln405_179_fu_405867_p2          |      |        | add_ln405_179     | add | fabric    | 0       |
|   add_ln405_180_fu_405877_p2          |      |        | add_ln405_180     | add | fabric    | 0       |
|   add_ln405_181_fu_405887_p2          |      |        | add_ln405_181     | add | fabric    | 0       |
|   add_ln405_182_fu_405897_p2          |      |        | add_ln405_182     | add | fabric    | 0       |
|   add_ln405_183_fu_405907_p2          |      |        | add_ln405_183     | add | fabric    | 0       |
|   add_ln405_184_fu_405917_p2          |      |        | add_ln405_184     | add | fabric    | 0       |
|   add_ln405_185_fu_405927_p2          |      |        | add_ln405_185     | add | fabric    | 0       |
|   add_ln405_186_fu_405937_p2          |      |        | add_ln405_186     | add | fabric    | 0       |
|   add_ln405_187_fu_405947_p2          |      |        | add_ln405_187     | add | fabric    | 0       |
|   add_ln405_188_fu_405957_p2          |      |        | add_ln405_188     | add | fabric    | 0       |
|   add_ln405_189_fu_405967_p2          |      |        | add_ln405_189     | add | fabric    | 0       |
|   add_ln405_190_fu_405977_p2          |      |        | add_ln405_190     | add | fabric    | 0       |
|   add_ln405_191_fu_405987_p2          |      |        | add_ln405_191     | add | fabric    | 0       |
|   add_ln405_192_fu_405997_p2          |      |        | add_ln405_192     | add | fabric    | 0       |
|   add_ln405_193_fu_406007_p2          |      |        | add_ln405_193     | add | fabric    | 0       |
|   add_ln405_194_fu_406017_p2          |      |        | add_ln405_194     | add | fabric    | 0       |
|   add_ln405_195_fu_406027_p2          |      |        | add_ln405_195     | add | fabric    | 0       |
|   add_ln405_196_fu_406037_p2          |      |        | add_ln405_196     | add | fabric    | 0       |
|   add_ln405_197_fu_406047_p2          |      |        | add_ln405_197     | add | fabric    | 0       |
|   add_ln405_198_fu_406057_p2          |      |        | add_ln405_198     | add | fabric    | 0       |
|   add_ln405_199_fu_406067_p2          |      |        | add_ln405_199     | add | fabric    | 0       |
|   add_ln405_200_fu_406077_p2          |      |        | add_ln405_200     | add | fabric    | 0       |
|   add_ln405_201_fu_406087_p2          |      |        | add_ln405_201     | add | fabric    | 0       |
|   add_ln405_202_fu_406097_p2          |      |        | add_ln405_202     | add | fabric    | 0       |
|   add_ln405_203_fu_406107_p2          |      |        | add_ln405_203     | add | fabric    | 0       |
|   add_ln405_204_fu_406117_p2          |      |        | add_ln405_204     | add | fabric    | 0       |
|   add_ln405_205_fu_406127_p2          |      |        | add_ln405_205     | add | fabric    | 0       |
|   add_ln405_206_fu_406137_p2          |      |        | add_ln405_206     | add | fabric    | 0       |
|   add_ln405_207_fu_406147_p2          |      |        | add_ln405_207     | add | fabric    | 0       |
|   add_ln405_208_fu_406153_p2          |      |        | add_ln405_208     | add | fabric    | 0       |
|   add_ln405_209_fu_406163_p2          |      |        | add_ln405_209     | add | fabric    | 0       |
|   add_ln405_210_fu_406173_p2          |      |        | add_ln405_210     | add | fabric    | 0       |
|   add_ln405_211_fu_406183_p2          |      |        | add_ln405_211     | add | fabric    | 0       |
|   add_ln405_212_fu_406193_p2          |      |        | add_ln405_212     | add | fabric    | 0       |
|   add_ln405_213_fu_406203_p2          |      |        | add_ln405_213     | add | fabric    | 0       |
|   add_ln405_214_fu_406213_p2          |      |        | add_ln405_214     | add | fabric    | 0       |
|   add_ln405_215_fu_406223_p2          |      |        | add_ln405_215     | add | fabric    | 0       |
|   add_ln405_216_fu_406233_p2          |      |        | add_ln405_216     | add | fabric    | 0       |
|   add_ln405_217_fu_406243_p2          |      |        | add_ln405_217     | add | fabric    | 0       |
|   add_ln405_218_fu_406253_p2          |      |        | add_ln405_218     | add | fabric    | 0       |
|   add_ln405_219_fu_406263_p2          |      |        | add_ln405_219     | add | fabric    | 0       |
|   add_ln405_220_fu_406273_p2          |      |        | add_ln405_220     | add | fabric    | 0       |
|   add_ln405_221_fu_406283_p2          |      |        | add_ln405_221     | add | fabric    | 0       |
|   add_ln405_222_fu_406293_p2          |      |        | add_ln405_222     | add | fabric    | 0       |
|   add_ln405_223_fu_406303_p2          |      |        | add_ln405_223     | add | fabric    | 0       |
|   add_ln405_224_fu_406313_p2          |      |        | add_ln405_224     | add | fabric    | 0       |
|   add_ln405_225_fu_406323_p2          |      |        | add_ln405_225     | add | fabric    | 0       |
|   add_ln405_226_fu_406333_p2          |      |        | add_ln405_226     | add | fabric    | 0       |
|   add_ln405_227_fu_406343_p2          |      |        | add_ln405_227     | add | fabric    | 0       |
|   add_ln405_228_fu_406353_p2          |      |        | add_ln405_228     | add | fabric    | 0       |
|   add_ln405_229_fu_406363_p2          |      |        | add_ln405_229     | add | fabric    | 0       |
|   add_ln405_230_fu_406373_p2          |      |        | add_ln405_230     | add | fabric    | 0       |
|   add_ln405_231_fu_406383_p2          |      |        | add_ln405_231     | add | fabric    | 0       |
|   add_ln405_232_fu_406393_p2          |      |        | add_ln405_232     | add | fabric    | 0       |
|   add_ln405_233_fu_406403_p2          |      |        | add_ln405_233     | add | fabric    | 0       |
|   add_ln405_234_fu_406413_p2          |      |        | add_ln405_234     | add | fabric    | 0       |
|   add_ln405_235_fu_406423_p2          |      |        | add_ln405_235     | add | fabric    | 0       |
|   add_ln405_236_fu_406433_p2          |      |        | add_ln405_236     | add | fabric    | 0       |
|   add_ln405_237_fu_406443_p2          |      |        | add_ln405_237     | add | fabric    | 0       |
|   add_ln405_238_fu_418718_p2          |      |        | add_ln405_238     | add | fabric    | 0       |
|   add_ln405_239_fu_418728_p2          |      |        | add_ln405_239     | add | fabric    | 0       |
|   add_ln405_240_fu_418738_p2          |      |        | add_ln405_240     | add | fabric    | 0       |
|   add_ln405_241_fu_406449_p2          |      |        | add_ln405_241     | add | fabric    | 0       |
|   add_ln405_242_fu_406459_p2          |      |        | add_ln405_242     | add | fabric    | 0       |
|   add_ln405_243_fu_406469_p2          |      |        | add_ln405_243     | add | fabric    | 0       |
|   add_ln405_244_fu_406479_p2          |      |        | add_ln405_244     | add | fabric    | 0       |
|   add_ln405_245_fu_406489_p2          |      |        | add_ln405_245     | add | fabric    | 0       |
|   add_ln405_246_fu_406499_p2          |      |        | add_ln405_246     | add | fabric    | 0       |
|   add_ln405_247_fu_406509_p2          |      |        | add_ln405_247     | add | fabric    | 0       |
|   add_ln405_248_fu_406519_p2          |      |        | add_ln405_248     | add | fabric    | 0       |
|   add_ln405_249_fu_406529_p2          |      |        | add_ln405_249     | add | fabric    | 0       |
|   add_ln405_250_fu_406539_p2          |      |        | add_ln405_250     | add | fabric    | 0       |
|   add_ln405_251_fu_406549_p2          |      |        | add_ln405_251     | add | fabric    | 0       |
|   add_ln405_252_fu_406559_p2          |      |        | add_ln405_252     | add | fabric    | 0       |
|   add_ln405_253_fu_406569_p2          |      |        | add_ln405_253     | add | fabric    | 0       |
|   add_ln405_254_fu_406579_p2          |      |        | add_ln405_254     | add | fabric    | 0       |
|   add_ln405_255_fu_406589_p2          |      |        | add_ln405_255     | add | fabric    | 0       |
|   add_ln405_256_fu_406599_p2          |      |        | add_ln405_256     | add | fabric    | 0       |
|   add_ln405_257_fu_406609_p2          |      |        | add_ln405_257     | add | fabric    | 0       |
|   add_ln405_258_fu_406619_p2          |      |        | add_ln405_258     | add | fabric    | 0       |
|   add_ln405_259_fu_406629_p2          |      |        | add_ln405_259     | add | fabric    | 0       |
|   add_ln405_260_fu_406639_p2          |      |        | add_ln405_260     | add | fabric    | 0       |
|   add_ln405_261_fu_406649_p2          |      |        | add_ln405_261     | add | fabric    | 0       |
|   add_ln405_262_fu_406659_p2          |      |        | add_ln405_262     | add | fabric    | 0       |
|   add_ln405_263_fu_406669_p2          |      |        | add_ln405_263     | add | fabric    | 0       |
|   add_ln405_264_fu_406679_p2          |      |        | add_ln405_264     | add | fabric    | 0       |
|   add_ln405_265_fu_406689_p2          |      |        | add_ln405_265     | add | fabric    | 0       |
|   add_ln405_266_fu_406699_p2          |      |        | add_ln405_266     | add | fabric    | 0       |
|   add_ln405_267_fu_406709_p2          |      |        | add_ln405_267     | add | fabric    | 0       |
|   add_ln405_268_fu_406719_p2          |      |        | add_ln405_268     | add | fabric    | 0       |
|   add_ln405_269_fu_406729_p2          |      |        | add_ln405_269     | add | fabric    | 0       |
|   add_ln405_270_fu_406735_p2          |      |        | add_ln405_270     | add | fabric    | 0       |
|   add_ln405_271_fu_406745_p2          |      |        | add_ln405_271     | add | fabric    | 0       |
|   add_ln405_272_fu_406755_p2          |      |        | add_ln405_272     | add | fabric    | 0       |
|   add_ln405_273_fu_406765_p2          |      |        | add_ln405_273     | add | fabric    | 0       |
|   add_ln405_274_fu_406775_p2          |      |        | add_ln405_274     | add | fabric    | 0       |
|   add_ln405_275_fu_406785_p2          |      |        | add_ln405_275     | add | fabric    | 0       |
|   add_ln405_276_fu_406795_p2          |      |        | add_ln405_276     | add | fabric    | 0       |
|   add_ln405_277_fu_406805_p2          |      |        | add_ln405_277     | add | fabric    | 0       |
|   add_ln405_278_fu_406815_p2          |      |        | add_ln405_278     | add | fabric    | 0       |
|   add_ln405_279_fu_406825_p2          |      |        | add_ln405_279     | add | fabric    | 0       |
|   add_ln405_280_fu_406835_p2          |      |        | add_ln405_280     | add | fabric    | 0       |
|   add_ln405_281_fu_406845_p2          |      |        | add_ln405_281     | add | fabric    | 0       |
|   add_ln405_282_fu_406855_p2          |      |        | add_ln405_282     | add | fabric    | 0       |
|   add_ln405_283_fu_406865_p2          |      |        | add_ln405_283     | add | fabric    | 0       |
|   add_ln405_284_fu_406875_p2          |      |        | add_ln405_284     | add | fabric    | 0       |
|   add_ln405_285_fu_406885_p2          |      |        | add_ln405_285     | add | fabric    | 0       |
|   add_ln405_286_fu_406895_p2          |      |        | add_ln405_286     | add | fabric    | 0       |
|   add_ln405_287_fu_406905_p2          |      |        | add_ln405_287     | add | fabric    | 0       |
|   add_ln405_288_fu_406915_p2          |      |        | add_ln405_288     | add | fabric    | 0       |
|   add_ln405_289_fu_406925_p2          |      |        | add_ln405_289     | add | fabric    | 0       |
|   add_ln405_290_fu_406935_p2          |      |        | add_ln405_290     | add | fabric    | 0       |
|   add_ln405_291_fu_406945_p2          |      |        | add_ln405_291     | add | fabric    | 0       |
|   add_ln405_292_fu_406955_p2          |      |        | add_ln405_292     | add | fabric    | 0       |
|   add_ln405_293_fu_406965_p2          |      |        | add_ln405_293     | add | fabric    | 0       |
|   add_ln405_294_fu_406975_p2          |      |        | add_ln405_294     | add | fabric    | 0       |
|   add_ln405_295_fu_406985_p2          |      |        | add_ln405_295     | add | fabric    | 0       |
|   add_ln405_296_fu_406995_p2          |      |        | add_ln405_296     | add | fabric    | 0       |
|   add_ln405_297_fu_407005_p2          |      |        | add_ln405_297     | add | fabric    | 0       |
|   add_ln405_298_fu_407015_p2          |      |        | add_ln405_298     | add | fabric    | 0       |
|   add_ln405_299_fu_418754_p2          |      |        | add_ln405_299     | add | fabric    | 0       |
|   add_ln405_300_fu_407021_p2          |      |        | add_ln405_300     | add | fabric    | 0       |
|   add_ln405_301_fu_407031_p2          |      |        | add_ln405_301     | add | fabric    | 0       |
|   add_ln405_302_fu_407041_p2          |      |        | add_ln405_302     | add | fabric    | 0       |
|   add_ln405_303_fu_407051_p2          |      |        | add_ln405_303     | add | fabric    | 0       |
|   add_ln405_304_fu_407061_p2          |      |        | add_ln405_304     | add | fabric    | 0       |
|   add_ln405_305_fu_407071_p2          |      |        | add_ln405_305     | add | fabric    | 0       |
|   add_ln405_306_fu_407081_p2          |      |        | add_ln405_306     | add | fabric    | 0       |
|   add_ln405_307_fu_407091_p2          |      |        | add_ln405_307     | add | fabric    | 0       |
|   add_ln405_308_fu_407101_p2          |      |        | add_ln405_308     | add | fabric    | 0       |
|   add_ln405_309_fu_407111_p2          |      |        | add_ln405_309     | add | fabric    | 0       |
|   add_ln405_310_fu_407121_p2          |      |        | add_ln405_310     | add | fabric    | 0       |
|   add_ln405_311_fu_407131_p2          |      |        | add_ln405_311     | add | fabric    | 0       |
|   add_ln405_312_fu_407141_p2          |      |        | add_ln405_312     | add | fabric    | 0       |
|   add_ln405_313_fu_407151_p2          |      |        | add_ln405_313     | add | fabric    | 0       |
|   add_ln405_314_fu_407161_p2          |      |        | add_ln405_314     | add | fabric    | 0       |
|   add_ln405_315_fu_407171_p2          |      |        | add_ln405_315     | add | fabric    | 0       |
|   add_ln405_316_fu_407181_p2          |      |        | add_ln405_316     | add | fabric    | 0       |
|   add_ln405_317_fu_407191_p2          |      |        | add_ln405_317     | add | fabric    | 0       |
|   add_ln405_318_fu_407201_p2          |      |        | add_ln405_318     | add | fabric    | 0       |
|   add_ln405_319_fu_407211_p2          |      |        | add_ln405_319     | add | fabric    | 0       |
|   add_ln405_320_fu_407221_p2          |      |        | add_ln405_320     | add | fabric    | 0       |
|   add_ln405_321_fu_407231_p2          |      |        | add_ln405_321     | add | fabric    | 0       |
|   add_ln405_322_fu_407241_p2          |      |        | add_ln405_322     | add | fabric    | 0       |
|   add_ln405_323_fu_407251_p2          |      |        | add_ln405_323     | add | fabric    | 0       |
|   add_ln405_324_fu_407261_p2          |      |        | add_ln405_324     | add | fabric    | 0       |
|   add_ln405_325_fu_407271_p2          |      |        | add_ln405_325     | add | fabric    | 0       |
|   add_ln405_326_fu_407281_p2          |      |        | add_ln405_326     | add | fabric    | 0       |
|   add_ln405_327_fu_407291_p2          |      |        | add_ln405_327     | add | fabric    | 0       |
|   add_ln405_328_fu_407301_p2          |      |        | add_ln405_328     | add | fabric    | 0       |
|   add_ln405_329_fu_407307_p2          |      |        | add_ln405_329     | add | fabric    | 0       |
|   add_ln405_330_fu_407317_p2          |      |        | add_ln405_330     | add | fabric    | 0       |
|   add_ln405_331_fu_407327_p2          |      |        | add_ln405_331     | add | fabric    | 0       |
|   add_ln405_332_fu_407337_p2          |      |        | add_ln405_332     | add | fabric    | 0       |
|   add_ln405_333_fu_407347_p2          |      |        | add_ln405_333     | add | fabric    | 0       |
|   add_ln405_334_fu_407357_p2          |      |        | add_ln405_334     | add | fabric    | 0       |
|   add_ln405_335_fu_407367_p2          |      |        | add_ln405_335     | add | fabric    | 0       |
|   add_ln405_336_fu_407377_p2          |      |        | add_ln405_336     | add | fabric    | 0       |
|   add_ln405_337_fu_407387_p2          |      |        | add_ln405_337     | add | fabric    | 0       |
|   add_ln405_338_fu_407397_p2          |      |        | add_ln405_338     | add | fabric    | 0       |
|   add_ln405_339_fu_407407_p2          |      |        | add_ln405_339     | add | fabric    | 0       |
|   add_ln405_340_fu_407417_p2          |      |        | add_ln405_340     | add | fabric    | 0       |
|   add_ln405_341_fu_407427_p2          |      |        | add_ln405_341     | add | fabric    | 0       |
|   add_ln405_342_fu_407437_p2          |      |        | add_ln405_342     | add | fabric    | 0       |
|   add_ln405_343_fu_407447_p2          |      |        | add_ln405_343     | add | fabric    | 0       |
|   add_ln405_344_fu_407457_p2          |      |        | add_ln405_344     | add | fabric    | 0       |
|   add_ln405_345_fu_407467_p2          |      |        | add_ln405_345     | add | fabric    | 0       |
|   add_ln405_346_fu_407477_p2          |      |        | add_ln405_346     | add | fabric    | 0       |
|   add_ln405_347_fu_407487_p2          |      |        | add_ln405_347     | add | fabric    | 0       |
|   add_ln405_348_fu_407497_p2          |      |        | add_ln405_348     | add | fabric    | 0       |
|   add_ln405_349_fu_407507_p2          |      |        | add_ln405_349     | add | fabric    | 0       |
|   add_ln405_350_fu_407517_p2          |      |        | add_ln405_350     | add | fabric    | 0       |
|   add_ln405_351_fu_407527_p2          |      |        | add_ln405_351     | add | fabric    | 0       |
|   add_ln405_352_fu_407537_p2          |      |        | add_ln405_352     | add | fabric    | 0       |
|   add_ln405_353_fu_407547_p2          |      |        | add_ln405_353     | add | fabric    | 0       |
|   add_ln405_354_fu_407557_p2          |      |        | add_ln405_354     | add | fabric    | 0       |
|   add_ln405_355_fu_407567_p2          |      |        | add_ln405_355     | add | fabric    | 0       |
|   add_ln405_356_fu_407577_p2          |      |        | add_ln405_356     | add | fabric    | 0       |
|   add_ln405_357_fu_407587_p2          |      |        | add_ln405_357     | add | fabric    | 0       |
|   add_ln405_358_fu_407597_p2          |      |        | add_ln405_358     | add | fabric    | 0       |
|   add_ln405_359_fu_418770_p2          |      |        | add_ln405_359     | add | fabric    | 0       |
|   add_ln405_360_fu_418780_p2          |      |        | add_ln405_360     | add | fabric    | 0       |
|   add_ln405_361_fu_407603_p2          |      |        | add_ln405_361     | add | fabric    | 0       |
|   add_ln405_362_fu_407613_p2          |      |        | add_ln405_362     | add | fabric    | 0       |
|   add_ln405_363_fu_407623_p2          |      |        | add_ln405_363     | add | fabric    | 0       |
|   add_ln405_364_fu_407633_p2          |      |        | add_ln405_364     | add | fabric    | 0       |
|   add_ln405_365_fu_407643_p2          |      |        | add_ln405_365     | add | fabric    | 0       |
|   add_ln405_366_fu_407653_p2          |      |        | add_ln405_366     | add | fabric    | 0       |
|   add_ln405_367_fu_407663_p2          |      |        | add_ln405_367     | add | fabric    | 0       |
|   add_ln405_368_fu_407673_p2          |      |        | add_ln405_368     | add | fabric    | 0       |
|   add_ln405_369_fu_407683_p2          |      |        | add_ln405_369     | add | fabric    | 0       |
|   add_ln405_370_fu_407693_p2          |      |        | add_ln405_370     | add | fabric    | 0       |
|   add_ln405_371_fu_407703_p2          |      |        | add_ln405_371     | add | fabric    | 0       |
|   add_ln405_372_fu_407713_p2          |      |        | add_ln405_372     | add | fabric    | 0       |
|   add_ln405_373_fu_407723_p2          |      |        | add_ln405_373     | add | fabric    | 0       |
|   add_ln405_374_fu_407733_p2          |      |        | add_ln405_374     | add | fabric    | 0       |
|   add_ln405_375_fu_407743_p2          |      |        | add_ln405_375     | add | fabric    | 0       |
|   add_ln405_376_fu_407753_p2          |      |        | add_ln405_376     | add | fabric    | 0       |
|   add_ln405_377_fu_407763_p2          |      |        | add_ln405_377     | add | fabric    | 0       |
|   add_ln405_378_fu_407773_p2          |      |        | add_ln405_378     | add | fabric    | 0       |
|   add_ln405_379_fu_407783_p2          |      |        | add_ln405_379     | add | fabric    | 0       |
|   add_ln405_380_fu_407793_p2          |      |        | add_ln405_380     | add | fabric    | 0       |
|   add_ln405_381_fu_407803_p2          |      |        | add_ln405_381     | add | fabric    | 0       |
|   add_ln405_382_fu_407813_p2          |      |        | add_ln405_382     | add | fabric    | 0       |
|   add_ln405_383_fu_407823_p2          |      |        | add_ln405_383     | add | fabric    | 0       |
|   add_ln405_384_fu_407833_p2          |      |        | add_ln405_384     | add | fabric    | 0       |
|   add_ln405_385_fu_407843_p2          |      |        | add_ln405_385     | add | fabric    | 0       |
|   add_ln405_386_fu_407853_p2          |      |        | add_ln405_386     | add | fabric    | 0       |
|   add_ln405_387_fu_407863_p2          |      |        | add_ln405_387     | add | fabric    | 0       |
|   add_ln405_388_fu_407873_p2          |      |        | add_ln405_388     | add | fabric    | 0       |
|   add_ln405_389_fu_407883_p2          |      |        | add_ln405_389     | add | fabric    | 0       |
|   add_ln405_390_fu_407889_p2          |      |        | add_ln405_390     | add | fabric    | 0       |
|   add_ln405_391_fu_407899_p2          |      |        | add_ln405_391     | add | fabric    | 0       |
|   add_ln405_392_fu_407909_p2          |      |        | add_ln405_392     | add | fabric    | 0       |
|   add_ln405_393_fu_407919_p2          |      |        | add_ln405_393     | add | fabric    | 0       |
|   add_ln405_394_fu_407929_p2          |      |        | add_ln405_394     | add | fabric    | 0       |
|   add_ln405_395_fu_407939_p2          |      |        | add_ln405_395     | add | fabric    | 0       |
|   add_ln405_396_fu_407949_p2          |      |        | add_ln405_396     | add | fabric    | 0       |
|   add_ln405_397_fu_407959_p2          |      |        | add_ln405_397     | add | fabric    | 0       |
|   add_ln405_398_fu_407969_p2          |      |        | add_ln405_398     | add | fabric    | 0       |
|   add_ln405_399_fu_407979_p2          |      |        | add_ln405_399     | add | fabric    | 0       |
|   add_ln405_400_fu_407989_p2          |      |        | add_ln405_400     | add | fabric    | 0       |
|   add_ln405_401_fu_407999_p2          |      |        | add_ln405_401     | add | fabric    | 0       |
|   add_ln405_402_fu_408009_p2          |      |        | add_ln405_402     | add | fabric    | 0       |
|   add_ln405_403_fu_408019_p2          |      |        | add_ln405_403     | add | fabric    | 0       |
|   add_ln405_404_fu_408029_p2          |      |        | add_ln405_404     | add | fabric    | 0       |
|   add_ln405_405_fu_408039_p2          |      |        | add_ln405_405     | add | fabric    | 0       |
|   add_ln405_406_fu_408049_p2          |      |        | add_ln405_406     | add | fabric    | 0       |
|   add_ln405_407_fu_408059_p2          |      |        | add_ln405_407     | add | fabric    | 0       |
|   add_ln405_408_fu_408069_p2          |      |        | add_ln405_408     | add | fabric    | 0       |
|   add_ln405_409_fu_408079_p2          |      |        | add_ln405_409     | add | fabric    | 0       |
|   add_ln405_410_fu_408089_p2          |      |        | add_ln405_410     | add | fabric    | 0       |
|   add_ln405_411_fu_408099_p2          |      |        | add_ln405_411     | add | fabric    | 0       |
|   add_ln405_412_fu_408109_p2          |      |        | add_ln405_412     | add | fabric    | 0       |
|   add_ln405_413_fu_408119_p2          |      |        | add_ln405_413     | add | fabric    | 0       |
|   add_ln405_414_fu_408129_p2          |      |        | add_ln405_414     | add | fabric    | 0       |
|   add_ln405_415_fu_408139_p2          |      |        | add_ln405_415     | add | fabric    | 0       |
|   add_ln405_416_fu_408149_p2          |      |        | add_ln405_416     | add | fabric    | 0       |
|   add_ln405_417_fu_408159_p2          |      |        | add_ln405_417     | add | fabric    | 0       |
|   add_ln405_418_fu_408169_p2          |      |        | add_ln405_418     | add | fabric    | 0       |
|   add_ln405_419_fu_418796_p2          |      |        | add_ln405_419     | add | fabric    | 0       |
|   add_ln405_420_fu_408175_p2          |      |        | add_ln405_420     | add | fabric    | 0       |
|   add_ln405_421_fu_408185_p2          |      |        | add_ln405_421     | add | fabric    | 0       |
|   add_ln405_422_fu_408195_p2          |      |        | add_ln405_422     | add | fabric    | 0       |
|   add_ln405_423_fu_408205_p2          |      |        | add_ln405_423     | add | fabric    | 0       |
|   add_ln405_424_fu_408215_p2          |      |        | add_ln405_424     | add | fabric    | 0       |
|   add_ln405_425_fu_408225_p2          |      |        | add_ln405_425     | add | fabric    | 0       |
|   add_ln405_426_fu_408235_p2          |      |        | add_ln405_426     | add | fabric    | 0       |
|   add_ln405_427_fu_408245_p2          |      |        | add_ln405_427     | add | fabric    | 0       |
|   add_ln405_428_fu_408255_p2          |      |        | add_ln405_428     | add | fabric    | 0       |
|   add_ln405_429_fu_408265_p2          |      |        | add_ln405_429     | add | fabric    | 0       |
|   add_ln405_430_fu_408275_p2          |      |        | add_ln405_430     | add | fabric    | 0       |
|   add_ln405_431_fu_408285_p2          |      |        | add_ln405_431     | add | fabric    | 0       |
|   add_ln405_432_fu_408295_p2          |      |        | add_ln405_432     | add | fabric    | 0       |
|   add_ln405_433_fu_408305_p2          |      |        | add_ln405_433     | add | fabric    | 0       |
|   add_ln405_434_fu_408315_p2          |      |        | add_ln405_434     | add | fabric    | 0       |
|   add_ln405_435_fu_408325_p2          |      |        | add_ln405_435     | add | fabric    | 0       |
|   add_ln405_436_fu_408335_p2          |      |        | add_ln405_436     | add | fabric    | 0       |
|   add_ln405_437_fu_408345_p2          |      |        | add_ln405_437     | add | fabric    | 0       |
|   add_ln405_438_fu_408355_p2          |      |        | add_ln405_438     | add | fabric    | 0       |
|   add_ln405_439_fu_408365_p2          |      |        | add_ln405_439     | add | fabric    | 0       |
|   add_ln405_440_fu_408375_p2          |      |        | add_ln405_440     | add | fabric    | 0       |
|   add_ln405_441_fu_408385_p2          |      |        | add_ln405_441     | add | fabric    | 0       |
|   add_ln405_442_fu_408395_p2          |      |        | add_ln405_442     | add | fabric    | 0       |
|   add_ln405_443_fu_408405_p2          |      |        | add_ln405_443     | add | fabric    | 0       |
|   add_ln405_444_fu_408415_p2          |      |        | add_ln405_444     | add | fabric    | 0       |
|   add_ln405_445_fu_408425_p2          |      |        | add_ln405_445     | add | fabric    | 0       |
|   add_ln405_446_fu_408435_p2          |      |        | add_ln405_446     | add | fabric    | 0       |
|   add_ln405_447_fu_408445_p2          |      |        | add_ln405_447     | add | fabric    | 0       |
|   add_ln405_448_fu_408455_p2          |      |        | add_ln405_448     | add | fabric    | 0       |
|   add_ln405_449_fu_408461_p2          |      |        | add_ln405_449     | add | fabric    | 0       |
|   add_ln405_450_fu_408471_p2          |      |        | add_ln405_450     | add | fabric    | 0       |
|   add_ln405_451_fu_408481_p2          |      |        | add_ln405_451     | add | fabric    | 0       |
|   add_ln405_452_fu_408491_p2          |      |        | add_ln405_452     | add | fabric    | 0       |
|   add_ln405_453_fu_408501_p2          |      |        | add_ln405_453     | add | fabric    | 0       |
|   add_ln405_454_fu_408511_p2          |      |        | add_ln405_454     | add | fabric    | 0       |
|   add_ln405_455_fu_408521_p2          |      |        | add_ln405_455     | add | fabric    | 0       |
|   add_ln405_456_fu_408531_p2          |      |        | add_ln405_456     | add | fabric    | 0       |
|   add_ln405_457_fu_408541_p2          |      |        | add_ln405_457     | add | fabric    | 0       |
|   add_ln405_458_fu_408551_p2          |      |        | add_ln405_458     | add | fabric    | 0       |
|   add_ln405_459_fu_408561_p2          |      |        | add_ln405_459     | add | fabric    | 0       |
|   add_ln405_460_fu_408571_p2          |      |        | add_ln405_460     | add | fabric    | 0       |
|   add_ln405_461_fu_408581_p2          |      |        | add_ln405_461     | add | fabric    | 0       |
|   add_ln405_462_fu_408591_p2          |      |        | add_ln405_462     | add | fabric    | 0       |
|   add_ln405_463_fu_408601_p2          |      |        | add_ln405_463     | add | fabric    | 0       |
|   add_ln405_464_fu_408611_p2          |      |        | add_ln405_464     | add | fabric    | 0       |
|   add_ln405_465_fu_408621_p2          |      |        | add_ln405_465     | add | fabric    | 0       |
|   add_ln405_466_fu_408631_p2          |      |        | add_ln405_466     | add | fabric    | 0       |
|   add_ln405_467_fu_408641_p2          |      |        | add_ln405_467     | add | fabric    | 0       |
|   add_ln405_468_fu_408651_p2          |      |        | add_ln405_468     | add | fabric    | 0       |
|   add_ln405_469_fu_408661_p2          |      |        | add_ln405_469     | add | fabric    | 0       |
|   add_ln405_470_fu_408671_p2          |      |        | add_ln405_470     | add | fabric    | 0       |
|   add_ln405_471_fu_408681_p2          |      |        | add_ln405_471     | add | fabric    | 0       |
|   add_ln405_472_fu_408691_p2          |      |        | add_ln405_472     | add | fabric    | 0       |
|   add_ln405_473_fu_408701_p2          |      |        | add_ln405_473     | add | fabric    | 0       |
|   add_ln405_474_fu_408711_p2          |      |        | add_ln405_474     | add | fabric    | 0       |
|   add_ln405_475_fu_408721_p2          |      |        | add_ln405_475     | add | fabric    | 0       |
|   add_ln405_476_fu_408731_p2          |      |        | add_ln405_476     | add | fabric    | 0       |
|   add_ln405_477_fu_408741_p2          |      |        | add_ln405_477     | add | fabric    | 0       |
|   add_ln405_478_fu_408751_p2          |      |        | add_ln405_478     | add | fabric    | 0       |
|   add_ln405_479_fu_418812_p2          |      |        | add_ln405_479     | add | fabric    | 0       |
|   add_ln405_480_fu_418822_p2          |      |        | add_ln405_480     | add | fabric    | 0       |
|   add_ln405_481_fu_418832_p2          |      |        | add_ln405_481     | add | fabric    | 0       |
|   A_sum_fu_418842_p2                  |      |        | A_sum             | add | fabric    | 0       |
|   add_ln405_483_fu_408770_p2          |      |        | add_ln405_483     | add | fabric    | 0       |
|   add_ln405_486_fu_413616_p2          |      |        | add_ln405_486     | add | fabric    | 0       |
|   add_ln405_487_fu_413626_p2          |      |        | add_ln405_487     | add | fabric    | 0       |
|   add_ln405_488_fu_413636_p2          |      |        | add_ln405_488     | add | fabric    | 0       |
|   add_ln405_489_fu_413646_p2          |      |        | add_ln405_489     | add | fabric    | 0       |
|   add_ln405_490_fu_413656_p2          |      |        | add_ln405_490     | add | fabric    | 0       |
|   add_ln405_491_fu_413666_p2          |      |        | add_ln405_491     | add | fabric    | 0       |
|   add_ln405_492_fu_413676_p2          |      |        | add_ln405_492     | add | fabric    | 0       |
|   add_ln405_493_fu_413686_p2          |      |        | add_ln405_493     | add | fabric    | 0       |
|   add_ln405_494_fu_413696_p2          |      |        | add_ln405_494     | add | fabric    | 0       |
|   add_ln405_495_fu_413706_p2          |      |        | add_ln405_495     | add | fabric    | 0       |
|   add_ln405_496_fu_413716_p2          |      |        | add_ln405_496     | add | fabric    | 0       |
|   add_ln405_497_fu_413726_p2          |      |        | add_ln405_497     | add | fabric    | 0       |
|   add_ln405_498_fu_413736_p2          |      |        | add_ln405_498     | add | fabric    | 0       |
|   add_ln405_499_fu_413746_p2          |      |        | add_ln405_499     | add | fabric    | 0       |
|   add_ln405_500_fu_413756_p2          |      |        | add_ln405_500     | add | fabric    | 0       |
|   add_ln405_501_fu_413766_p2          |      |        | add_ln405_501     | add | fabric    | 0       |
|   add_ln405_502_fu_413776_p2          |      |        | add_ln405_502     | add | fabric    | 0       |
|   add_ln405_503_fu_413786_p2          |      |        | add_ln405_503     | add | fabric    | 0       |
|   add_ln405_504_fu_413796_p2          |      |        | add_ln405_504     | add | fabric    | 0       |
|   add_ln405_505_fu_413806_p2          |      |        | add_ln405_505     | add | fabric    | 0       |
|   add_ln405_506_fu_413816_p2          |      |        | add_ln405_506     | add | fabric    | 0       |
|   add_ln405_507_fu_413826_p2          |      |        | add_ln405_507     | add | fabric    | 0       |
|   add_ln405_508_fu_413836_p2          |      |        | add_ln405_508     | add | fabric    | 0       |
|   add_ln405_509_fu_413846_p2          |      |        | add_ln405_509     | add | fabric    | 0       |
|   add_ln405_510_fu_413856_p2          |      |        | add_ln405_510     | add | fabric    | 0       |
|   add_ln405_511_fu_413866_p2          |      |        | add_ln405_511     | add | fabric    | 0       |
|   add_ln405_512_fu_413876_p2          |      |        | add_ln405_512     | add | fabric    | 0       |
|   add_ln405_513_fu_413882_p2          |      |        | add_ln405_513     | add | fabric    | 0       |
|   add_ln405_514_fu_413892_p2          |      |        | add_ln405_514     | add | fabric    | 0       |
|   add_ln405_515_fu_413902_p2          |      |        | add_ln405_515     | add | fabric    | 0       |
|   add_ln405_516_fu_413912_p2          |      |        | add_ln405_516     | add | fabric    | 0       |
|   add_ln405_517_fu_413922_p2          |      |        | add_ln405_517     | add | fabric    | 0       |
|   add_ln405_518_fu_413932_p2          |      |        | add_ln405_518     | add | fabric    | 0       |
|   add_ln405_519_fu_413942_p2          |      |        | add_ln405_519     | add | fabric    | 0       |
|   add_ln405_520_fu_413952_p2          |      |        | add_ln405_520     | add | fabric    | 0       |
|   add_ln405_521_fu_413962_p2          |      |        | add_ln405_521     | add | fabric    | 0       |
|   add_ln405_522_fu_413972_p2          |      |        | add_ln405_522     | add | fabric    | 0       |
|   add_ln405_523_fu_413982_p2          |      |        | add_ln405_523     | add | fabric    | 0       |
|   add_ln405_524_fu_413992_p2          |      |        | add_ln405_524     | add | fabric    | 0       |
|   add_ln405_525_fu_414002_p2          |      |        | add_ln405_525     | add | fabric    | 0       |
|   add_ln405_526_fu_414012_p2          |      |        | add_ln405_526     | add | fabric    | 0       |
|   add_ln405_527_fu_414022_p2          |      |        | add_ln405_527     | add | fabric    | 0       |
|   add_ln405_528_fu_414032_p2          |      |        | add_ln405_528     | add | fabric    | 0       |
|   add_ln405_529_fu_414042_p2          |      |        | add_ln405_529     | add | fabric    | 0       |
|   add_ln405_530_fu_414052_p2          |      |        | add_ln405_530     | add | fabric    | 0       |
|   add_ln405_531_fu_414062_p2          |      |        | add_ln405_531     | add | fabric    | 0       |
|   add_ln405_532_fu_414072_p2          |      |        | add_ln405_532     | add | fabric    | 0       |
|   add_ln405_533_fu_414082_p2          |      |        | add_ln405_533     | add | fabric    | 0       |
|   add_ln405_534_fu_414092_p2          |      |        | add_ln405_534     | add | fabric    | 0       |
|   add_ln405_535_fu_414102_p2          |      |        | add_ln405_535     | add | fabric    | 0       |
|   add_ln405_536_fu_414112_p2          |      |        | add_ln405_536     | add | fabric    | 0       |
|   add_ln405_537_fu_414122_p2          |      |        | add_ln405_537     | add | fabric    | 0       |
|   add_ln405_538_fu_414132_p2          |      |        | add_ln405_538     | add | fabric    | 0       |
|   add_ln405_539_fu_414142_p2          |      |        | add_ln405_539     | add | fabric    | 0       |
|   add_ln405_540_fu_414152_p2          |      |        | add_ln405_540     | add | fabric    | 0       |
|   add_ln405_541_fu_414162_p2          |      |        | add_ln405_541     | add | fabric    | 0       |
|   add_ln405_542_fu_418854_p2          |      |        | add_ln405_542     | add | fabric    | 0       |
|   add_ln405_543_fu_414168_p2          |      |        | add_ln405_543     | add | fabric    | 0       |
|   add_ln405_544_fu_414178_p2          |      |        | add_ln405_544     | add | fabric    | 0       |
|   add_ln405_545_fu_414188_p2          |      |        | add_ln405_545     | add | fabric    | 0       |
|   add_ln405_546_fu_414198_p2          |      |        | add_ln405_546     | add | fabric    | 0       |
|   add_ln405_547_fu_414208_p2          |      |        | add_ln405_547     | add | fabric    | 0       |
|   add_ln405_548_fu_414218_p2          |      |        | add_ln405_548     | add | fabric    | 0       |
|   add_ln405_549_fu_414228_p2          |      |        | add_ln405_549     | add | fabric    | 0       |
|   add_ln405_550_fu_414238_p2          |      |        | add_ln405_550     | add | fabric    | 0       |
|   add_ln405_551_fu_414248_p2          |      |        | add_ln405_551     | add | fabric    | 0       |
|   add_ln405_552_fu_414258_p2          |      |        | add_ln405_552     | add | fabric    | 0       |
|   add_ln405_553_fu_414268_p2          |      |        | add_ln405_553     | add | fabric    | 0       |
|   add_ln405_554_fu_414278_p2          |      |        | add_ln405_554     | add | fabric    | 0       |
|   add_ln405_555_fu_414288_p2          |      |        | add_ln405_555     | add | fabric    | 0       |
|   add_ln405_556_fu_414298_p2          |      |        | add_ln405_556     | add | fabric    | 0       |
|   add_ln405_557_fu_414308_p2          |      |        | add_ln405_557     | add | fabric    | 0       |
|   add_ln405_558_fu_414318_p2          |      |        | add_ln405_558     | add | fabric    | 0       |
|   add_ln405_559_fu_414328_p2          |      |        | add_ln405_559     | add | fabric    | 0       |
|   add_ln405_560_fu_414338_p2          |      |        | add_ln405_560     | add | fabric    | 0       |
|   add_ln405_561_fu_414348_p2          |      |        | add_ln405_561     | add | fabric    | 0       |
|   add_ln405_562_fu_414358_p2          |      |        | add_ln405_562     | add | fabric    | 0       |
|   add_ln405_563_fu_414368_p2          |      |        | add_ln405_563     | add | fabric    | 0       |
|   add_ln405_564_fu_414378_p2          |      |        | add_ln405_564     | add | fabric    | 0       |
|   add_ln405_565_fu_414388_p2          |      |        | add_ln405_565     | add | fabric    | 0       |
|   add_ln405_566_fu_414398_p2          |      |        | add_ln405_566     | add | fabric    | 0       |
|   add_ln405_567_fu_414408_p2          |      |        | add_ln405_567     | add | fabric    | 0       |
|   add_ln405_568_fu_414418_p2          |      |        | add_ln405_568     | add | fabric    | 0       |
|   add_ln405_569_fu_414428_p2          |      |        | add_ln405_569     | add | fabric    | 0       |
|   add_ln405_570_fu_414438_p2          |      |        | add_ln405_570     | add | fabric    | 0       |
|   add_ln405_571_fu_414448_p2          |      |        | add_ln405_571     | add | fabric    | 0       |
|   add_ln405_572_fu_414454_p2          |      |        | add_ln405_572     | add | fabric    | 0       |
|   add_ln405_573_fu_414464_p2          |      |        | add_ln405_573     | add | fabric    | 0       |
|   add_ln405_574_fu_414474_p2          |      |        | add_ln405_574     | add | fabric    | 0       |
|   add_ln405_575_fu_414484_p2          |      |        | add_ln405_575     | add | fabric    | 0       |
|   add_ln405_576_fu_414494_p2          |      |        | add_ln405_576     | add | fabric    | 0       |
|   add_ln405_577_fu_414504_p2          |      |        | add_ln405_577     | add | fabric    | 0       |
|   add_ln405_578_fu_414514_p2          |      |        | add_ln405_578     | add | fabric    | 0       |
|   add_ln405_579_fu_414524_p2          |      |        | add_ln405_579     | add | fabric    | 0       |
|   add_ln405_580_fu_414534_p2          |      |        | add_ln405_580     | add | fabric    | 0       |
|   add_ln405_581_fu_414544_p2          |      |        | add_ln405_581     | add | fabric    | 0       |
|   add_ln405_582_fu_414554_p2          |      |        | add_ln405_582     | add | fabric    | 0       |
|   add_ln405_583_fu_414564_p2          |      |        | add_ln405_583     | add | fabric    | 0       |
|   add_ln405_584_fu_414574_p2          |      |        | add_ln405_584     | add | fabric    | 0       |
|   add_ln405_585_fu_414584_p2          |      |        | add_ln405_585     | add | fabric    | 0       |
|   add_ln405_586_fu_414594_p2          |      |        | add_ln405_586     | add | fabric    | 0       |
|   add_ln405_587_fu_414604_p2          |      |        | add_ln405_587     | add | fabric    | 0       |
|   add_ln405_588_fu_414614_p2          |      |        | add_ln405_588     | add | fabric    | 0       |
|   add_ln405_589_fu_414624_p2          |      |        | add_ln405_589     | add | fabric    | 0       |
|   add_ln405_590_fu_414634_p2          |      |        | add_ln405_590     | add | fabric    | 0       |
|   add_ln405_591_fu_414644_p2          |      |        | add_ln405_591     | add | fabric    | 0       |
|   add_ln405_592_fu_414654_p2          |      |        | add_ln405_592     | add | fabric    | 0       |
|   add_ln405_593_fu_414664_p2          |      |        | add_ln405_593     | add | fabric    | 0       |
|   add_ln405_594_fu_414674_p2          |      |        | add_ln405_594     | add | fabric    | 0       |
|   add_ln405_595_fu_414684_p2          |      |        | add_ln405_595     | add | fabric    | 0       |
|   add_ln405_596_fu_414694_p2          |      |        | add_ln405_596     | add | fabric    | 0       |
|   add_ln405_597_fu_414704_p2          |      |        | add_ln405_597     | add | fabric    | 0       |
|   add_ln405_598_fu_414714_p2          |      |        | add_ln405_598     | add | fabric    | 0       |
|   add_ln405_599_fu_414724_p2          |      |        | add_ln405_599     | add | fabric    | 0       |
|   add_ln405_600_fu_414734_p2          |      |        | add_ln405_600     | add | fabric    | 0       |
|   add_ln405_601_fu_418870_p2          |      |        | add_ln405_601     | add | fabric    | 0       |
|   add_ln405_602_fu_418880_p2          |      |        | add_ln405_602     | add | fabric    | 0       |
|   add_ln405_603_fu_414740_p2          |      |        | add_ln405_603     | add | fabric    | 0       |
|   add_ln405_604_fu_414750_p2          |      |        | add_ln405_604     | add | fabric    | 0       |
|   add_ln405_605_fu_414760_p2          |      |        | add_ln405_605     | add | fabric    | 0       |
|   add_ln405_606_fu_414770_p2          |      |        | add_ln405_606     | add | fabric    | 0       |
|   add_ln405_607_fu_414780_p2          |      |        | add_ln405_607     | add | fabric    | 0       |
|   add_ln405_608_fu_414790_p2          |      |        | add_ln405_608     | add | fabric    | 0       |
|   add_ln405_609_fu_414800_p2          |      |        | add_ln405_609     | add | fabric    | 0       |
|   add_ln405_610_fu_414810_p2          |      |        | add_ln405_610     | add | fabric    | 0       |
|   add_ln405_611_fu_414820_p2          |      |        | add_ln405_611     | add | fabric    | 0       |
|   add_ln405_612_fu_414830_p2          |      |        | add_ln405_612     | add | fabric    | 0       |
|   add_ln405_613_fu_414840_p2          |      |        | add_ln405_613     | add | fabric    | 0       |
|   add_ln405_614_fu_414850_p2          |      |        | add_ln405_614     | add | fabric    | 0       |
|   add_ln405_615_fu_414860_p2          |      |        | add_ln405_615     | add | fabric    | 0       |
|   add_ln405_616_fu_414870_p2          |      |        | add_ln405_616     | add | fabric    | 0       |
|   add_ln405_617_fu_414880_p2          |      |        | add_ln405_617     | add | fabric    | 0       |
|   add_ln405_618_fu_414890_p2          |      |        | add_ln405_618     | add | fabric    | 0       |
|   add_ln405_619_fu_414900_p2          |      |        | add_ln405_619     | add | fabric    | 0       |
|   add_ln405_620_fu_414910_p2          |      |        | add_ln405_620     | add | fabric    | 0       |
|   add_ln405_621_fu_414920_p2          |      |        | add_ln405_621     | add | fabric    | 0       |
|   add_ln405_622_fu_414930_p2          |      |        | add_ln405_622     | add | fabric    | 0       |
|   add_ln405_623_fu_414940_p2          |      |        | add_ln405_623     | add | fabric    | 0       |
|   add_ln405_624_fu_414950_p2          |      |        | add_ln405_624     | add | fabric    | 0       |
|   add_ln405_625_fu_414960_p2          |      |        | add_ln405_625     | add | fabric    | 0       |
|   add_ln405_626_fu_414970_p2          |      |        | add_ln405_626     | add | fabric    | 0       |
|   add_ln405_627_fu_414980_p2          |      |        | add_ln405_627     | add | fabric    | 0       |
|   add_ln405_628_fu_414990_p2          |      |        | add_ln405_628     | add | fabric    | 0       |
|   add_ln405_629_fu_415000_p2          |      |        | add_ln405_629     | add | fabric    | 0       |
|   add_ln405_630_fu_415010_p2          |      |        | add_ln405_630     | add | fabric    | 0       |
|   add_ln405_631_fu_415020_p2          |      |        | add_ln405_631     | add | fabric    | 0       |
|   add_ln405_632_fu_415026_p2          |      |        | add_ln405_632     | add | fabric    | 0       |
|   add_ln405_633_fu_415036_p2          |      |        | add_ln405_633     | add | fabric    | 0       |
|   add_ln405_634_fu_415046_p2          |      |        | add_ln405_634     | add | fabric    | 0       |
|   add_ln405_635_fu_415056_p2          |      |        | add_ln405_635     | add | fabric    | 0       |
|   add_ln405_636_fu_415066_p2          |      |        | add_ln405_636     | add | fabric    | 0       |
|   add_ln405_637_fu_415076_p2          |      |        | add_ln405_637     | add | fabric    | 0       |
|   add_ln405_638_fu_415086_p2          |      |        | add_ln405_638     | add | fabric    | 0       |
|   add_ln405_639_fu_415096_p2          |      |        | add_ln405_639     | add | fabric    | 0       |
|   add_ln405_640_fu_415106_p2          |      |        | add_ln405_640     | add | fabric    | 0       |
|   add_ln405_641_fu_415116_p2          |      |        | add_ln405_641     | add | fabric    | 0       |
|   add_ln405_642_fu_415126_p2          |      |        | add_ln405_642     | add | fabric    | 0       |
|   add_ln405_643_fu_415136_p2          |      |        | add_ln405_643     | add | fabric    | 0       |
|   add_ln405_644_fu_415146_p2          |      |        | add_ln405_644     | add | fabric    | 0       |
|   add_ln405_645_fu_415156_p2          |      |        | add_ln405_645     | add | fabric    | 0       |
|   add_ln405_646_fu_415166_p2          |      |        | add_ln405_646     | add | fabric    | 0       |
|   add_ln405_647_fu_415176_p2          |      |        | add_ln405_647     | add | fabric    | 0       |
|   add_ln405_648_fu_415186_p2          |      |        | add_ln405_648     | add | fabric    | 0       |
|   add_ln405_649_fu_415196_p2          |      |        | add_ln405_649     | add | fabric    | 0       |
|   add_ln405_650_fu_415206_p2          |      |        | add_ln405_650     | add | fabric    | 0       |
|   add_ln405_651_fu_415216_p2          |      |        | add_ln405_651     | add | fabric    | 0       |
|   add_ln405_652_fu_415226_p2          |      |        | add_ln405_652     | add | fabric    | 0       |
|   add_ln405_653_fu_415236_p2          |      |        | add_ln405_653     | add | fabric    | 0       |
|   add_ln405_654_fu_415246_p2          |      |        | add_ln405_654     | add | fabric    | 0       |
|   add_ln405_655_fu_415256_p2          |      |        | add_ln405_655     | add | fabric    | 0       |
|   add_ln405_656_fu_415266_p2          |      |        | add_ln405_656     | add | fabric    | 0       |
|   add_ln405_657_fu_415276_p2          |      |        | add_ln405_657     | add | fabric    | 0       |
|   add_ln405_658_fu_415286_p2          |      |        | add_ln405_658     | add | fabric    | 0       |
|   add_ln405_659_fu_415296_p2          |      |        | add_ln405_659     | add | fabric    | 0       |
|   add_ln405_660_fu_415306_p2          |      |        | add_ln405_660     | add | fabric    | 0       |
|   add_ln405_661_fu_418896_p2          |      |        | add_ln405_661     | add | fabric    | 0       |
|   add_ln405_662_fu_415312_p2          |      |        | add_ln405_662     | add | fabric    | 0       |
|   add_ln405_663_fu_415322_p2          |      |        | add_ln405_663     | add | fabric    | 0       |
|   add_ln405_664_fu_415332_p2          |      |        | add_ln405_664     | add | fabric    | 0       |
|   add_ln405_665_fu_415342_p2          |      |        | add_ln405_665     | add | fabric    | 0       |
|   add_ln405_666_fu_415352_p2          |      |        | add_ln405_666     | add | fabric    | 0       |
|   add_ln405_667_fu_415362_p2          |      |        | add_ln405_667     | add | fabric    | 0       |
|   add_ln405_668_fu_415372_p2          |      |        | add_ln405_668     | add | fabric    | 0       |
|   add_ln405_669_fu_415382_p2          |      |        | add_ln405_669     | add | fabric    | 0       |
|   add_ln405_670_fu_415392_p2          |      |        | add_ln405_670     | add | fabric    | 0       |
|   add_ln405_671_fu_415402_p2          |      |        | add_ln405_671     | add | fabric    | 0       |
|   add_ln405_672_fu_415412_p2          |      |        | add_ln405_672     | add | fabric    | 0       |
|   add_ln405_673_fu_415422_p2          |      |        | add_ln405_673     | add | fabric    | 0       |
|   add_ln405_674_fu_415432_p2          |      |        | add_ln405_674     | add | fabric    | 0       |
|   add_ln405_675_fu_415442_p2          |      |        | add_ln405_675     | add | fabric    | 0       |
|   add_ln405_676_fu_415452_p2          |      |        | add_ln405_676     | add | fabric    | 0       |
|   add_ln405_677_fu_415462_p2          |      |        | add_ln405_677     | add | fabric    | 0       |
|   add_ln405_678_fu_415472_p2          |      |        | add_ln405_678     | add | fabric    | 0       |
|   add_ln405_679_fu_415482_p2          |      |        | add_ln405_679     | add | fabric    | 0       |
|   add_ln405_680_fu_415492_p2          |      |        | add_ln405_680     | add | fabric    | 0       |
|   add_ln405_681_fu_415502_p2          |      |        | add_ln405_681     | add | fabric    | 0       |
|   add_ln405_682_fu_415512_p2          |      |        | add_ln405_682     | add | fabric    | 0       |
|   add_ln405_683_fu_415522_p2          |      |        | add_ln405_683     | add | fabric    | 0       |
|   add_ln405_684_fu_415532_p2          |      |        | add_ln405_684     | add | fabric    | 0       |
|   add_ln405_685_fu_415542_p2          |      |        | add_ln405_685     | add | fabric    | 0       |
|   add_ln405_686_fu_415552_p2          |      |        | add_ln405_686     | add | fabric    | 0       |
|   add_ln405_687_fu_415562_p2          |      |        | add_ln405_687     | add | fabric    | 0       |
|   add_ln405_688_fu_415572_p2          |      |        | add_ln405_688     | add | fabric    | 0       |
|   add_ln405_689_fu_415582_p2          |      |        | add_ln405_689     | add | fabric    | 0       |
|   add_ln405_690_fu_415592_p2          |      |        | add_ln405_690     | add | fabric    | 0       |
|   add_ln405_691_fu_415598_p2          |      |        | add_ln405_691     | add | fabric    | 0       |
|   add_ln405_692_fu_415608_p2          |      |        | add_ln405_692     | add | fabric    | 0       |
|   add_ln405_693_fu_415618_p2          |      |        | add_ln405_693     | add | fabric    | 0       |
|   add_ln405_694_fu_415628_p2          |      |        | add_ln405_694     | add | fabric    | 0       |
|   add_ln405_695_fu_415638_p2          |      |        | add_ln405_695     | add | fabric    | 0       |
|   add_ln405_696_fu_415648_p2          |      |        | add_ln405_696     | add | fabric    | 0       |
|   add_ln405_697_fu_415658_p2          |      |        | add_ln405_697     | add | fabric    | 0       |
|   add_ln405_698_fu_415668_p2          |      |        | add_ln405_698     | add | fabric    | 0       |
|   add_ln405_699_fu_415678_p2          |      |        | add_ln405_699     | add | fabric    | 0       |
|   add_ln405_700_fu_415688_p2          |      |        | add_ln405_700     | add | fabric    | 0       |
|   add_ln405_701_fu_415698_p2          |      |        | add_ln405_701     | add | fabric    | 0       |
|   add_ln405_702_fu_415708_p2          |      |        | add_ln405_702     | add | fabric    | 0       |
|   add_ln405_703_fu_415718_p2          |      |        | add_ln405_703     | add | fabric    | 0       |
|   add_ln405_704_fu_415728_p2          |      |        | add_ln405_704     | add | fabric    | 0       |
|   add_ln405_705_fu_415738_p2          |      |        | add_ln405_705     | add | fabric    | 0       |
|   add_ln405_706_fu_415748_p2          |      |        | add_ln405_706     | add | fabric    | 0       |
|   add_ln405_707_fu_415758_p2          |      |        | add_ln405_707     | add | fabric    | 0       |
|   add_ln405_708_fu_415768_p2          |      |        | add_ln405_708     | add | fabric    | 0       |
|   add_ln405_709_fu_415778_p2          |      |        | add_ln405_709     | add | fabric    | 0       |
|   add_ln405_710_fu_415788_p2          |      |        | add_ln405_710     | add | fabric    | 0       |
|   add_ln405_711_fu_415798_p2          |      |        | add_ln405_711     | add | fabric    | 0       |
|   add_ln405_712_fu_415808_p2          |      |        | add_ln405_712     | add | fabric    | 0       |
|   add_ln405_713_fu_415818_p2          |      |        | add_ln405_713     | add | fabric    | 0       |
|   add_ln405_714_fu_415828_p2          |      |        | add_ln405_714     | add | fabric    | 0       |
|   add_ln405_715_fu_415838_p2          |      |        | add_ln405_715     | add | fabric    | 0       |
|   add_ln405_716_fu_415848_p2          |      |        | add_ln405_716     | add | fabric    | 0       |
|   add_ln405_717_fu_415858_p2          |      |        | add_ln405_717     | add | fabric    | 0       |
|   add_ln405_718_fu_415868_p2          |      |        | add_ln405_718     | add | fabric    | 0       |
|   add_ln405_719_fu_415878_p2          |      |        | add_ln405_719     | add | fabric    | 0       |
|   add_ln405_720_fu_415888_p2          |      |        | add_ln405_720     | add | fabric    | 0       |
|   add_ln405_721_fu_418912_p2          |      |        | add_ln405_721     | add | fabric    | 0       |
|   add_ln405_722_fu_418922_p2          |      |        | add_ln405_722     | add | fabric    | 0       |
|   add_ln405_723_fu_418932_p2          |      |        | add_ln405_723     | add | fabric    | 0       |
|   add_ln405_724_fu_415894_p2          |      |        | add_ln405_724     | add | fabric    | 0       |
|   add_ln405_725_fu_415904_p2          |      |        | add_ln405_725     | add | fabric    | 0       |
|   add_ln405_726_fu_415914_p2          |      |        | add_ln405_726     | add | fabric    | 0       |
|   add_ln405_727_fu_415924_p2          |      |        | add_ln405_727     | add | fabric    | 0       |
|   add_ln405_728_fu_415934_p2          |      |        | add_ln405_728     | add | fabric    | 0       |
|   add_ln405_729_fu_415944_p2          |      |        | add_ln405_729     | add | fabric    | 0       |
|   add_ln405_730_fu_415954_p2          |      |        | add_ln405_730     | add | fabric    | 0       |
|   add_ln405_731_fu_415964_p2          |      |        | add_ln405_731     | add | fabric    | 0       |
|   add_ln405_732_fu_415974_p2          |      |        | add_ln405_732     | add | fabric    | 0       |
|   add_ln405_733_fu_415984_p2          |      |        | add_ln405_733     | add | fabric    | 0       |
|   add_ln405_734_fu_415994_p2          |      |        | add_ln405_734     | add | fabric    | 0       |
|   add_ln405_735_fu_416004_p2          |      |        | add_ln405_735     | add | fabric    | 0       |
|   add_ln405_736_fu_416014_p2          |      |        | add_ln405_736     | add | fabric    | 0       |
|   add_ln405_737_fu_416024_p2          |      |        | add_ln405_737     | add | fabric    | 0       |
|   add_ln405_738_fu_416034_p2          |      |        | add_ln405_738     | add | fabric    | 0       |
|   add_ln405_739_fu_416044_p2          |      |        | add_ln405_739     | add | fabric    | 0       |
|   add_ln405_740_fu_416054_p2          |      |        | add_ln405_740     | add | fabric    | 0       |
|   add_ln405_741_fu_416064_p2          |      |        | add_ln405_741     | add | fabric    | 0       |
|   add_ln405_742_fu_416074_p2          |      |        | add_ln405_742     | add | fabric    | 0       |
|   add_ln405_743_fu_416084_p2          |      |        | add_ln405_743     | add | fabric    | 0       |
|   add_ln405_744_fu_416094_p2          |      |        | add_ln405_744     | add | fabric    | 0       |
|   add_ln405_745_fu_416104_p2          |      |        | add_ln405_745     | add | fabric    | 0       |
|   add_ln405_746_fu_416114_p2          |      |        | add_ln405_746     | add | fabric    | 0       |
|   add_ln405_747_fu_416124_p2          |      |        | add_ln405_747     | add | fabric    | 0       |
|   add_ln405_748_fu_416134_p2          |      |        | add_ln405_748     | add | fabric    | 0       |
|   add_ln405_749_fu_416144_p2          |      |        | add_ln405_749     | add | fabric    | 0       |
|   add_ln405_750_fu_416154_p2          |      |        | add_ln405_750     | add | fabric    | 0       |
|   add_ln405_751_fu_416164_p2          |      |        | add_ln405_751     | add | fabric    | 0       |
|   add_ln405_752_fu_416174_p2          |      |        | add_ln405_752     | add | fabric    | 0       |
|   add_ln405_753_fu_416180_p2          |      |        | add_ln405_753     | add | fabric    | 0       |
|   add_ln405_754_fu_416190_p2          |      |        | add_ln405_754     | add | fabric    | 0       |
|   add_ln405_755_fu_416200_p2          |      |        | add_ln405_755     | add | fabric    | 0       |
|   add_ln405_756_fu_416210_p2          |      |        | add_ln405_756     | add | fabric    | 0       |
|   add_ln405_757_fu_416220_p2          |      |        | add_ln405_757     | add | fabric    | 0       |
|   add_ln405_758_fu_416230_p2          |      |        | add_ln405_758     | add | fabric    | 0       |
|   add_ln405_759_fu_416240_p2          |      |        | add_ln405_759     | add | fabric    | 0       |
|   add_ln405_760_fu_416250_p2          |      |        | add_ln405_760     | add | fabric    | 0       |
|   add_ln405_761_fu_416260_p2          |      |        | add_ln405_761     | add | fabric    | 0       |
|   add_ln405_762_fu_416270_p2          |      |        | add_ln405_762     | add | fabric    | 0       |
|   add_ln405_763_fu_416280_p2          |      |        | add_ln405_763     | add | fabric    | 0       |
|   add_ln405_764_fu_416290_p2          |      |        | add_ln405_764     | add | fabric    | 0       |
|   add_ln405_765_fu_416300_p2          |      |        | add_ln405_765     | add | fabric    | 0       |
|   add_ln405_766_fu_416310_p2          |      |        | add_ln405_766     | add | fabric    | 0       |
|   add_ln405_767_fu_416320_p2          |      |        | add_ln405_767     | add | fabric    | 0       |
|   add_ln405_768_fu_416330_p2          |      |        | add_ln405_768     | add | fabric    | 0       |
|   add_ln405_769_fu_416340_p2          |      |        | add_ln405_769     | add | fabric    | 0       |
|   add_ln405_770_fu_416350_p2          |      |        | add_ln405_770     | add | fabric    | 0       |
|   add_ln405_771_fu_416360_p2          |      |        | add_ln405_771     | add | fabric    | 0       |
|   add_ln405_772_fu_416370_p2          |      |        | add_ln405_772     | add | fabric    | 0       |
|   add_ln405_773_fu_416380_p2          |      |        | add_ln405_773     | add | fabric    | 0       |
|   add_ln405_774_fu_416390_p2          |      |        | add_ln405_774     | add | fabric    | 0       |
|   add_ln405_775_fu_416400_p2          |      |        | add_ln405_775     | add | fabric    | 0       |
|   add_ln405_776_fu_416410_p2          |      |        | add_ln405_776     | add | fabric    | 0       |
|   add_ln405_777_fu_416420_p2          |      |        | add_ln405_777     | add | fabric    | 0       |
|   add_ln405_778_fu_416430_p2          |      |        | add_ln405_778     | add | fabric    | 0       |
|   add_ln405_779_fu_416440_p2          |      |        | add_ln405_779     | add | fabric    | 0       |
|   add_ln405_780_fu_416450_p2          |      |        | add_ln405_780     | add | fabric    | 0       |
|   add_ln405_781_fu_416460_p2          |      |        | add_ln405_781     | add | fabric    | 0       |
|   add_ln405_782_fu_418948_p2          |      |        | add_ln405_782     | add | fabric    | 0       |
|   add_ln405_783_fu_416466_p2          |      |        | add_ln405_783     | add | fabric    | 0       |
|   add_ln405_784_fu_416476_p2          |      |        | add_ln405_784     | add | fabric    | 0       |
|   add_ln405_785_fu_416486_p2          |      |        | add_ln405_785     | add | fabric    | 0       |
|   add_ln405_786_fu_416496_p2          |      |        | add_ln405_786     | add | fabric    | 0       |
|   add_ln405_787_fu_416506_p2          |      |        | add_ln405_787     | add | fabric    | 0       |
|   add_ln405_788_fu_416516_p2          |      |        | add_ln405_788     | add | fabric    | 0       |
|   add_ln405_789_fu_416526_p2          |      |        | add_ln405_789     | add | fabric    | 0       |
|   add_ln405_790_fu_416536_p2          |      |        | add_ln405_790     | add | fabric    | 0       |
|   add_ln405_791_fu_416546_p2          |      |        | add_ln405_791     | add | fabric    | 0       |
|   add_ln405_792_fu_416556_p2          |      |        | add_ln405_792     | add | fabric    | 0       |
|   add_ln405_793_fu_416566_p2          |      |        | add_ln405_793     | add | fabric    | 0       |
|   add_ln405_794_fu_416576_p2          |      |        | add_ln405_794     | add | fabric    | 0       |
|   add_ln405_795_fu_416586_p2          |      |        | add_ln405_795     | add | fabric    | 0       |
|   add_ln405_796_fu_416596_p2          |      |        | add_ln405_796     | add | fabric    | 0       |
|   add_ln405_797_fu_416606_p2          |      |        | add_ln405_797     | add | fabric    | 0       |
|   add_ln405_798_fu_416616_p2          |      |        | add_ln405_798     | add | fabric    | 0       |
|   add_ln405_799_fu_416626_p2          |      |        | add_ln405_799     | add | fabric    | 0       |
|   add_ln405_800_fu_416636_p2          |      |        | add_ln405_800     | add | fabric    | 0       |
|   add_ln405_801_fu_416646_p2          |      |        | add_ln405_801     | add | fabric    | 0       |
|   add_ln405_802_fu_416656_p2          |      |        | add_ln405_802     | add | fabric    | 0       |
|   add_ln405_803_fu_416666_p2          |      |        | add_ln405_803     | add | fabric    | 0       |
|   add_ln405_804_fu_416676_p2          |      |        | add_ln405_804     | add | fabric    | 0       |
|   add_ln405_805_fu_416686_p2          |      |        | add_ln405_805     | add | fabric    | 0       |
|   add_ln405_806_fu_416696_p2          |      |        | add_ln405_806     | add | fabric    | 0       |
|   add_ln405_807_fu_416706_p2          |      |        | add_ln405_807     | add | fabric    | 0       |
|   add_ln405_808_fu_416716_p2          |      |        | add_ln405_808     | add | fabric    | 0       |
|   add_ln405_809_fu_416726_p2          |      |        | add_ln405_809     | add | fabric    | 0       |
|   add_ln405_810_fu_416736_p2          |      |        | add_ln405_810     | add | fabric    | 0       |
|   add_ln405_811_fu_416746_p2          |      |        | add_ln405_811     | add | fabric    | 0       |
|   add_ln405_812_fu_416752_p2          |      |        | add_ln405_812     | add | fabric    | 0       |
|   add_ln405_813_fu_416762_p2          |      |        | add_ln405_813     | add | fabric    | 0       |
|   add_ln405_814_fu_416772_p2          |      |        | add_ln405_814     | add | fabric    | 0       |
|   add_ln405_815_fu_416782_p2          |      |        | add_ln405_815     | add | fabric    | 0       |
|   add_ln405_816_fu_416792_p2          |      |        | add_ln405_816     | add | fabric    | 0       |
|   add_ln405_817_fu_416802_p2          |      |        | add_ln405_817     | add | fabric    | 0       |
|   add_ln405_818_fu_416812_p2          |      |        | add_ln405_818     | add | fabric    | 0       |
|   add_ln405_819_fu_416822_p2          |      |        | add_ln405_819     | add | fabric    | 0       |
|   add_ln405_820_fu_416832_p2          |      |        | add_ln405_820     | add | fabric    | 0       |
|   add_ln405_821_fu_416842_p2          |      |        | add_ln405_821     | add | fabric    | 0       |
|   add_ln405_822_fu_416852_p2          |      |        | add_ln405_822     | add | fabric    | 0       |
|   add_ln405_823_fu_416862_p2          |      |        | add_ln405_823     | add | fabric    | 0       |
|   add_ln405_824_fu_416872_p2          |      |        | add_ln405_824     | add | fabric    | 0       |
|   add_ln405_825_fu_416882_p2          |      |        | add_ln405_825     | add | fabric    | 0       |
|   add_ln405_826_fu_416892_p2          |      |        | add_ln405_826     | add | fabric    | 0       |
|   add_ln405_827_fu_416902_p2          |      |        | add_ln405_827     | add | fabric    | 0       |
|   add_ln405_828_fu_416912_p2          |      |        | add_ln405_828     | add | fabric    | 0       |
|   add_ln405_829_fu_416922_p2          |      |        | add_ln405_829     | add | fabric    | 0       |
|   add_ln405_830_fu_416932_p2          |      |        | add_ln405_830     | add | fabric    | 0       |
|   add_ln405_831_fu_416942_p2          |      |        | add_ln405_831     | add | fabric    | 0       |
|   add_ln405_832_fu_416952_p2          |      |        | add_ln405_832     | add | fabric    | 0       |
|   add_ln405_833_fu_416962_p2          |      |        | add_ln405_833     | add | fabric    | 0       |
|   add_ln405_834_fu_416972_p2          |      |        | add_ln405_834     | add | fabric    | 0       |
|   add_ln405_835_fu_416982_p2          |      |        | add_ln405_835     | add | fabric    | 0       |
|   add_ln405_836_fu_416992_p2          |      |        | add_ln405_836     | add | fabric    | 0       |
|   add_ln405_837_fu_417002_p2          |      |        | add_ln405_837     | add | fabric    | 0       |
|   add_ln405_838_fu_417012_p2          |      |        | add_ln405_838     | add | fabric    | 0       |
|   add_ln405_839_fu_417022_p2          |      |        | add_ln405_839     | add | fabric    | 0       |
|   add_ln405_840_fu_417032_p2          |      |        | add_ln405_840     | add | fabric    | 0       |
|   add_ln405_841_fu_417042_p2          |      |        | add_ln405_841     | add | fabric    | 0       |
|   add_ln405_842_fu_418964_p2          |      |        | add_ln405_842     | add | fabric    | 0       |
|   add_ln405_843_fu_418974_p2          |      |        | add_ln405_843     | add | fabric    | 0       |
|   add_ln405_844_fu_417048_p2          |      |        | add_ln405_844     | add | fabric    | 0       |
|   add_ln405_845_fu_417058_p2          |      |        | add_ln405_845     | add | fabric    | 0       |
|   add_ln405_846_fu_417068_p2          |      |        | add_ln405_846     | add | fabric    | 0       |
|   add_ln405_847_fu_417078_p2          |      |        | add_ln405_847     | add | fabric    | 0       |
|   add_ln405_848_fu_417088_p2          |      |        | add_ln405_848     | add | fabric    | 0       |
|   add_ln405_849_fu_417098_p2          |      |        | add_ln405_849     | add | fabric    | 0       |
|   add_ln405_850_fu_417108_p2          |      |        | add_ln405_850     | add | fabric    | 0       |
|   add_ln405_851_fu_417118_p2          |      |        | add_ln405_851     | add | fabric    | 0       |
|   add_ln405_852_fu_417128_p2          |      |        | add_ln405_852     | add | fabric    | 0       |
|   add_ln405_853_fu_417138_p2          |      |        | add_ln405_853     | add | fabric    | 0       |
|   add_ln405_854_fu_417148_p2          |      |        | add_ln405_854     | add | fabric    | 0       |
|   add_ln405_855_fu_417158_p2          |      |        | add_ln405_855     | add | fabric    | 0       |
|   add_ln405_856_fu_417168_p2          |      |        | add_ln405_856     | add | fabric    | 0       |
|   add_ln405_857_fu_417178_p2          |      |        | add_ln405_857     | add | fabric    | 0       |
|   add_ln405_858_fu_417188_p2          |      |        | add_ln405_858     | add | fabric    | 0       |
|   add_ln405_859_fu_417198_p2          |      |        | add_ln405_859     | add | fabric    | 0       |
|   add_ln405_860_fu_417208_p2          |      |        | add_ln405_860     | add | fabric    | 0       |
|   add_ln405_861_fu_417218_p2          |      |        | add_ln405_861     | add | fabric    | 0       |
|   add_ln405_862_fu_417228_p2          |      |        | add_ln405_862     | add | fabric    | 0       |
|   add_ln405_863_fu_417238_p2          |      |        | add_ln405_863     | add | fabric    | 0       |
|   add_ln405_864_fu_417248_p2          |      |        | add_ln405_864     | add | fabric    | 0       |
|   add_ln405_865_fu_417258_p2          |      |        | add_ln405_865     | add | fabric    | 0       |
|   add_ln405_866_fu_417268_p2          |      |        | add_ln405_866     | add | fabric    | 0       |
|   add_ln405_867_fu_417278_p2          |      |        | add_ln405_867     | add | fabric    | 0       |
|   add_ln405_868_fu_417288_p2          |      |        | add_ln405_868     | add | fabric    | 0       |
|   add_ln405_869_fu_417298_p2          |      |        | add_ln405_869     | add | fabric    | 0       |
|   add_ln405_870_fu_417308_p2          |      |        | add_ln405_870     | add | fabric    | 0       |
|   add_ln405_871_fu_417318_p2          |      |        | add_ln405_871     | add | fabric    | 0       |
|   add_ln405_872_fu_417328_p2          |      |        | add_ln405_872     | add | fabric    | 0       |
|   add_ln405_873_fu_417334_p2          |      |        | add_ln405_873     | add | fabric    | 0       |
|   add_ln405_874_fu_417344_p2          |      |        | add_ln405_874     | add | fabric    | 0       |
|   add_ln405_875_fu_417354_p2          |      |        | add_ln405_875     | add | fabric    | 0       |
|   add_ln405_876_fu_417364_p2          |      |        | add_ln405_876     | add | fabric    | 0       |
|   add_ln405_877_fu_417374_p2          |      |        | add_ln405_877     | add | fabric    | 0       |
|   add_ln405_878_fu_417384_p2          |      |        | add_ln405_878     | add | fabric    | 0       |
|   add_ln405_879_fu_417394_p2          |      |        | add_ln405_879     | add | fabric    | 0       |
|   add_ln405_880_fu_417404_p2          |      |        | add_ln405_880     | add | fabric    | 0       |
|   add_ln405_881_fu_417414_p2          |      |        | add_ln405_881     | add | fabric    | 0       |
|   add_ln405_882_fu_417424_p2          |      |        | add_ln405_882     | add | fabric    | 0       |
|   add_ln405_883_fu_417434_p2          |      |        | add_ln405_883     | add | fabric    | 0       |
|   add_ln405_884_fu_417444_p2          |      |        | add_ln405_884     | add | fabric    | 0       |
|   add_ln405_885_fu_417454_p2          |      |        | add_ln405_885     | add | fabric    | 0       |
|   add_ln405_886_fu_417464_p2          |      |        | add_ln405_886     | add | fabric    | 0       |
|   add_ln405_887_fu_417474_p2          |      |        | add_ln405_887     | add | fabric    | 0       |
|   add_ln405_888_fu_417484_p2          |      |        | add_ln405_888     | add | fabric    | 0       |
|   add_ln405_889_fu_417494_p2          |      |        | add_ln405_889     | add | fabric    | 0       |
|   add_ln405_890_fu_417504_p2          |      |        | add_ln405_890     | add | fabric    | 0       |
|   add_ln405_891_fu_417514_p2          |      |        | add_ln405_891     | add | fabric    | 0       |
|   add_ln405_892_fu_417524_p2          |      |        | add_ln405_892     | add | fabric    | 0       |
|   add_ln405_893_fu_417534_p2          |      |        | add_ln405_893     | add | fabric    | 0       |
|   add_ln405_894_fu_417544_p2          |      |        | add_ln405_894     | add | fabric    | 0       |
|   add_ln405_895_fu_417554_p2          |      |        | add_ln405_895     | add | fabric    | 0       |
|   add_ln405_896_fu_417564_p2          |      |        | add_ln405_896     | add | fabric    | 0       |
|   add_ln405_897_fu_417574_p2          |      |        | add_ln405_897     | add | fabric    | 0       |
|   add_ln405_898_fu_417584_p2          |      |        | add_ln405_898     | add | fabric    | 0       |
|   add_ln405_899_fu_417594_p2          |      |        | add_ln405_899     | add | fabric    | 0       |
|   add_ln405_900_fu_417604_p2          |      |        | add_ln405_900     | add | fabric    | 0       |
|   add_ln405_901_fu_417614_p2          |      |        | add_ln405_901     | add | fabric    | 0       |
|   add_ln405_902_fu_418990_p2          |      |        | add_ln405_902     | add | fabric    | 0       |
|   add_ln405_903_fu_417620_p2          |      |        | add_ln405_903     | add | fabric    | 0       |
|   add_ln405_904_fu_417630_p2          |      |        | add_ln405_904     | add | fabric    | 0       |
|   add_ln405_905_fu_417640_p2          |      |        | add_ln405_905     | add | fabric    | 0       |
|   add_ln405_906_fu_417650_p2          |      |        | add_ln405_906     | add | fabric    | 0       |
|   add_ln405_907_fu_417660_p2          |      |        | add_ln405_907     | add | fabric    | 0       |
|   add_ln405_908_fu_417670_p2          |      |        | add_ln405_908     | add | fabric    | 0       |
|   add_ln405_909_fu_417680_p2          |      |        | add_ln405_909     | add | fabric    | 0       |
|   add_ln405_910_fu_417690_p2          |      |        | add_ln405_910     | add | fabric    | 0       |
|   add_ln405_911_fu_417700_p2          |      |        | add_ln405_911     | add | fabric    | 0       |
|   add_ln405_912_fu_417710_p2          |      |        | add_ln405_912     | add | fabric    | 0       |
|   add_ln405_913_fu_417720_p2          |      |        | add_ln405_913     | add | fabric    | 0       |
|   add_ln405_914_fu_417730_p2          |      |        | add_ln405_914     | add | fabric    | 0       |
|   add_ln405_915_fu_417740_p2          |      |        | add_ln405_915     | add | fabric    | 0       |
|   add_ln405_916_fu_417750_p2          |      |        | add_ln405_916     | add | fabric    | 0       |
|   add_ln405_917_fu_417760_p2          |      |        | add_ln405_917     | add | fabric    | 0       |
|   add_ln405_918_fu_417770_p2          |      |        | add_ln405_918     | add | fabric    | 0       |
|   add_ln405_919_fu_417780_p2          |      |        | add_ln405_919     | add | fabric    | 0       |
|   add_ln405_920_fu_417790_p2          |      |        | add_ln405_920     | add | fabric    | 0       |
|   add_ln405_921_fu_417800_p2          |      |        | add_ln405_921     | add | fabric    | 0       |
|   add_ln405_922_fu_417810_p2          |      |        | add_ln405_922     | add | fabric    | 0       |
|   add_ln405_923_fu_417820_p2          |      |        | add_ln405_923     | add | fabric    | 0       |
|   add_ln405_924_fu_417830_p2          |      |        | add_ln405_924     | add | fabric    | 0       |
|   add_ln405_925_fu_417840_p2          |      |        | add_ln405_925     | add | fabric    | 0       |
|   add_ln405_926_fu_417850_p2          |      |        | add_ln405_926     | add | fabric    | 0       |
|   add_ln405_927_fu_417860_p2          |      |        | add_ln405_927     | add | fabric    | 0       |
|   add_ln405_928_fu_417870_p2          |      |        | add_ln405_928     | add | fabric    | 0       |
|   add_ln405_929_fu_417880_p2          |      |        | add_ln405_929     | add | fabric    | 0       |
|   add_ln405_930_fu_417890_p2          |      |        | add_ln405_930     | add | fabric    | 0       |
|   add_ln405_931_fu_417900_p2          |      |        | add_ln405_931     | add | fabric    | 0       |
|   add_ln405_932_fu_417906_p2          |      |        | add_ln405_932     | add | fabric    | 0       |
|   add_ln405_933_fu_417916_p2          |      |        | add_ln405_933     | add | fabric    | 0       |
|   add_ln405_934_fu_417926_p2          |      |        | add_ln405_934     | add | fabric    | 0       |
|   add_ln405_935_fu_417936_p2          |      |        | add_ln405_935     | add | fabric    | 0       |
|   add_ln405_936_fu_417946_p2          |      |        | add_ln405_936     | add | fabric    | 0       |
|   add_ln405_937_fu_417956_p2          |      |        | add_ln405_937     | add | fabric    | 0       |
|   add_ln405_938_fu_417966_p2          |      |        | add_ln405_938     | add | fabric    | 0       |
|   add_ln405_939_fu_417976_p2          |      |        | add_ln405_939     | add | fabric    | 0       |
|   add_ln405_940_fu_417986_p2          |      |        | add_ln405_940     | add | fabric    | 0       |
|   add_ln405_941_fu_417996_p2          |      |        | add_ln405_941     | add | fabric    | 0       |
|   add_ln405_942_fu_418006_p2          |      |        | add_ln405_942     | add | fabric    | 0       |
|   add_ln405_943_fu_418016_p2          |      |        | add_ln405_943     | add | fabric    | 0       |
|   add_ln405_944_fu_418026_p2          |      |        | add_ln405_944     | add | fabric    | 0       |
|   add_ln405_945_fu_418036_p2          |      |        | add_ln405_945     | add | fabric    | 0       |
|   add_ln405_946_fu_418046_p2          |      |        | add_ln405_946     | add | fabric    | 0       |
|   add_ln405_947_fu_418056_p2          |      |        | add_ln405_947     | add | fabric    | 0       |
|   add_ln405_948_fu_418066_p2          |      |        | add_ln405_948     | add | fabric    | 0       |
|   add_ln405_949_fu_418076_p2          |      |        | add_ln405_949     | add | fabric    | 0       |
|   add_ln405_950_fu_418086_p2          |      |        | add_ln405_950     | add | fabric    | 0       |
|   add_ln405_951_fu_418096_p2          |      |        | add_ln405_951     | add | fabric    | 0       |
|   add_ln405_952_fu_418106_p2          |      |        | add_ln405_952     | add | fabric    | 0       |
|   add_ln405_953_fu_418116_p2          |      |        | add_ln405_953     | add | fabric    | 0       |
|   add_ln405_954_fu_418126_p2          |      |        | add_ln405_954     | add | fabric    | 0       |
|   add_ln405_955_fu_418136_p2          |      |        | add_ln405_955     | add | fabric    | 0       |
|   add_ln405_956_fu_418146_p2          |      |        | add_ln405_956     | add | fabric    | 0       |
|   add_ln405_957_fu_418156_p2          |      |        | add_ln405_957     | add | fabric    | 0       |
|   add_ln405_958_fu_418166_p2          |      |        | add_ln405_958     | add | fabric    | 0       |
|   add_ln405_959_fu_418176_p2          |      |        | add_ln405_959     | add | fabric    | 0       |
|   add_ln405_960_fu_418186_p2          |      |        | add_ln405_960     | add | fabric    | 0       |
|   add_ln405_961_fu_418196_p2          |      |        | add_ln405_961     | add | fabric    | 0       |
|   add_ln405_962_fu_419006_p2          |      |        | add_ln405_962     | add | fabric    | 0       |
|   add_ln405_963_fu_419016_p2          |      |        | add_ln405_963     | add | fabric    | 0       |
|   add_ln405_964_fu_419026_p2          |      |        | add_ln405_964     | add | fabric    | 0       |
|   A_sum_1_fu_419036_p2                |      |        | A_sum_1           | add | fabric    | 0       |
|   add_ln415_fu_418202_p2              |      |        | add_ln415         | add | fabric    | 0       |
|   add_ln415_1_fu_418232_p2            |      |        | add_ln415_1       | add | fabric    | 0       |
|   add_ln415_2_fu_418242_p2            |      |        | add_ln415_2       | add | fabric    | 0       |
|   add_ln415_3_fu_418252_p2            |      |        | add_ln415_3       | add | fabric    | 0       |
|   add_ln415_4_fu_418262_p2            |      |        | add_ln415_4       | add | fabric    | 0       |
|   add_ln415_5_fu_418272_p2            |      |        | add_ln415_5       | add | fabric    | 0       |
|   add_ln415_6_fu_418282_p2            |      |        | add_ln415_6       | add | fabric    | 0       |
|   add_ln415_7_fu_418292_p2            |      |        | add_ln415_7       | add | fabric    | 0       |
|   add_ln415_8_fu_418302_p2            |      |        | add_ln415_8       | add | fabric    | 0       |
|   add_ln415_9_fu_418312_p2            |      |        | add_ln415_9       | add | fabric    | 0       |
|   add_ln415_10_fu_418322_p2           |      |        | add_ln415_10      | add | fabric    | 0       |
|   add_ln415_11_fu_418332_p2           |      |        | add_ln415_11      | add | fabric    | 0       |
|   add_ln415_12_fu_418342_p2           |      |        | add_ln415_12      | add | fabric    | 0       |
|   add_ln415_13_fu_418352_p2           |      |        | add_ln415_13      | add | fabric    | 0       |
|   add_ln415_14_fu_418362_p2           |      |        | add_ln415_14      | add | fabric    | 0       |
|   add_ln415_15_fu_418372_p2           |      |        | add_ln415_15      | add | fabric    | 0       |
|   add_ln415_16_fu_418382_p2           |      |        | add_ln415_16      | add | fabric    | 0       |
|   add_ln415_17_fu_418392_p2           |      |        | add_ln415_17      | add | fabric    | 0       |
|   add_ln415_18_fu_418402_p2           |      |        | add_ln415_18      | add | fabric    | 0       |
|   add_ln415_19_fu_418412_p2           |      |        | add_ln415_19      | add | fabric    | 0       |
|   A_trace_fu_418422_p2                |      |        | A_trace           | add | fabric    | 0       |
|   add_ln415_21_fu_418428_p2           |      |        | add_ln415_21      | add | fabric    | 0       |
|   add_ln415_22_fu_418458_p2           |      |        | add_ln415_22      | add | fabric    | 0       |
|   add_ln415_23_fu_418468_p2           |      |        | add_ln415_23      | add | fabric    | 0       |
|   add_ln415_24_fu_418478_p2           |      |        | add_ln415_24      | add | fabric    | 0       |
|   add_ln415_25_fu_418488_p2           |      |        | add_ln415_25      | add | fabric    | 0       |
|   add_ln415_26_fu_418498_p2           |      |        | add_ln415_26      | add | fabric    | 0       |
|   add_ln415_27_fu_418508_p2           |      |        | add_ln415_27      | add | fabric    | 0       |
|   add_ln415_28_fu_418518_p2           |      |        | add_ln415_28      | add | fabric    | 0       |
|   add_ln415_29_fu_418528_p2           |      |        | add_ln415_29      | add | fabric    | 0       |
|   add_ln415_30_fu_418538_p2           |      |        | add_ln415_30      | add | fabric    | 0       |
|   add_ln415_31_fu_418548_p2           |      |        | add_ln415_31      | add | fabric    | 0       |
|   add_ln415_32_fu_418558_p2           |      |        | add_ln415_32      | add | fabric    | 0       |
|   add_ln415_33_fu_418568_p2           |      |        | add_ln415_33      | add | fabric    | 0       |
|   add_ln415_34_fu_418578_p2           |      |        | add_ln415_34      | add | fabric    | 0       |
|   add_ln415_35_fu_418588_p2           |      |        | add_ln415_35      | add | fabric    | 0       |
|   add_ln415_36_fu_418598_p2           |      |        | add_ln415_36      | add | fabric    | 0       |
|   add_ln415_37_fu_418608_p2           |      |        | add_ln415_37      | add | fabric    | 0       |
|   add_ln415_38_fu_418618_p2           |      |        | add_ln415_38      | add | fabric    | 0       |
|   add_ln415_39_fu_418628_p2           |      |        | add_ln415_39      | add | fabric    | 0       |
|   add_ln415_40_fu_418638_p2           |      |        | add_ln415_40      | add | fabric    | 0       |
|   A_trace_1_fu_418648_p2              |      |        | A_trace_1         | add | fabric    | 0       |
|   mul_14ns_34ns_47_1_1_U6             | 2    |        | mul_ln428         | mul | auto      | 0       |
|   mul_9ns_32s_41_1_1_U2               | 2    |        | mul_ln428_1       | mul | auto      | 0       |
|   add_ln428_fu_419136_p2              |      |        | add_ln428         | add | fabric    | 0       |
|   mul_48s_25ns_72_1_1_U10             | 3    |        | mul_ln428_2       | mul | auto      | 0       |
|   add_ln428_1_fu_419675_p2            |      |        | add_ln428_1       | add | fabric    | 0       |
|   mul_10ns_34ns_43_1_1_U4             | 2    |        | mul_ln429         | mul | auto      | 0       |
|   mul_5ns_32s_37_1_1_U563             | 2    |        | mul_ln429_1       | mul | auto      | 0       |
|   add_ln429_fu_419074_p2              |      |        | add_ln429         | add | fabric    | 0       |
|   mul_44s_31ns_73_1_1_U8              | 4    |        | mul_ln429_2       | mul | auto      | 0       |
|   add_ln429_1_fu_419323_p2            |      |        | add_ln429_1       | add | fabric    | 0       |
|   mul_14ns_32ns_45_1_1_U5             | 2    |        | mul_ln428_3       | mul | auto      | 0       |
|   mul_9ns_30s_39_1_1_U1               | 2    |        | mul_ln428_4       | mul | auto      | 0       |
|   add_ln428_2_fu_419216_p2            |      |        | add_ln428_2       | add | fabric    | 0       |
|   mul_46s_25ns_71_1_1_U9              | 3    |        | mul_ln428_5       | mul | auto      | 0       |
|   add_ln428_3_fu_419863_p2            |      |        | add_ln428_3       | add | fabric    | 0       |
|   mul_10ns_32ns_41_1_1_U3             | 2    |        | mul_ln429_3       | mul | auto      | 0       |
|   mul_5ns_30s_35_1_1_U564             | 2    |        | mul_ln429_4       | mul | auto      | 0       |
|   add_ln429_2_fu_419102_p2            |      |        | add_ln429_2       | add | fabric    | 0       |
|   mul_41s_31ns_71_1_1_U7              | 4    |        | mul_ln429_5       | mul | auto      | 0       |
|   add_ln429_3_fu_419521_p2            |      |        | add_ln429_3       | add | fabric    | 0       |
|   mac_muladd_6s_6s_10s_12_1_1_U1327   | 1    |        | mul_ln451         | mul | dsp_slice | 0       |
|   add_ln451_fu_419983_p2              |      |        | add_ln451         | add | fabric    | 0       |
|   mac_muladd_6s_6s_10s_12_1_1_U1327   | 1    |        | tmp6159           | add | dsp_slice | 0       |
|   tmp11053923_fu_420023_p2            |      |        | tmp11053923       | add | fabric    | 0       |
|   mul_6s_6s_11_1_1_U565               |      |        | mul_ln451_1       | mul | auto      | 0       |
|   add_ln451_2_fu_420056_p2            |      |        | add_ln451_2       | add | fabric    | 0       |
|   add_ln451_1_fu_420066_p2            |      |        | add_ln451_1       | add | fabric    | 0       |
|   add_ln533_fu_420114_p2              |      |        | add_ln533         | add | fabric    | 0       |
+---------------------------------------+------+--------+-------------------+-----+-----------+---------+


================================================================
== Storage Report
================================================================
  No bind storage info in design

================================================================
== Pragma Report
================================================================
* Valid Pragma Syntax
+-----------------+----------------------------------------------+------------------------------------------------------------------------+
| Type            | Options                                      | Location                                                               |
+-----------------+----------------------------------------------+------------------------------------------------------------------------+
| array_reshape   | variable=model_input complete dim=0          | firmware/nPELICAN.cpp:56 in npelican, model_input                      |
| array_reshape   | variable=beam_input complete dim=0           | firmware/nPELICAN.cpp:57 in npelican, beam_input                       |
| array_partition | variable=model_out complete dim=0            | firmware/nPELICAN.cpp:58 in npelican, model_out                        |
| interface       | ap_vld port=model_input,beam_input,model_out | firmware/nPELICAN.cpp:59 in npelican, model_input,beam_input,model_out |
| pipeline        | II=1                                         | firmware/nPELICAN.cpp:61 in npelican                                   |
| array_partition | variable=batch1_2to2 complete dim=0          | firmware/nPELICAN.cpp:64 in npelican, batch1_2to2                      |
| array_partition | variable=w1_2to2 complete dim=0              | firmware/nPELICAN.cpp:65 in npelican, w1_2to2                          |
| array_partition | variable=b1_2to2 complete dim=0              | firmware/nPELICAN.cpp:66 in npelican, b1_2to2                          |
| array_partition | variable=b1_diag_2to2 complete dim=0         | firmware/nPELICAN.cpp:67 in npelican, b1_diag_2to2                     |
| array_partition | variable=b1_diag_total_2to2 complete dim=0   | firmware/nPELICAN.cpp:68 in npelican, b1_diag_total_2to2               |
| array_partition | variable=batch2_2to0 complete dim=0          | firmware/nPELICAN.cpp:69 in npelican, batch2_2to0                      |
| array_partition | variable=w2_2to0 complete dim=0              | firmware/nPELICAN.cpp:70 in npelican, w2_2to0                          |
| array_partition | variable=b2_2to0 complete dim=0              | firmware/nPELICAN.cpp:71 in npelican, b2_2to0                          |
| array_partition | variable=bn1_t0_rom complete dim=0           | firmware/nPELICAN.cpp:73 in npelican, bn1_t0_rom                       |
| array_partition | variable=nobjmask complete dim=0             | firmware/nPELICAN.cpp:89 in npelican, nobjmask                         |
| array_partition | variable=dots complete dim=0                 | firmware/nPELICAN.cpp:102 in npelican, dots                            |
| array_partition | variable=p1 complete dim=0                   | firmware/nPELICAN.cpp:104 in npelican, p1                              |
| unroll          |                                              | firmware/nPELICAN.cpp:106 in npelican                                  |
| unroll          |                                              | firmware/nPELICAN.cpp:108 in npelican                                  |
| unroll          |                                              | firmware/nPELICAN.cpp:133 in npelican                                  |
| unroll          |                                              | firmware/nPELICAN.cpp:135 in npelican                                  |
| unroll          |                                              | firmware/nPELICAN.cpp:158 in npelican                                  |
| unroll          |                                              | firmware/nPELICAN.cpp:160 in npelican                                  |
| array_partition | variable=rowsum complete dim=0               | firmware/nPELICAN.cpp:222 in npelican, rowsum                          |
| unroll          |                                              | firmware/nPELICAN.cpp:224 in npelican                                  |
| unroll          |                                              | firmware/nPELICAN.cpp:231 in npelican                                  |
| unroll          |                                              | firmware/nPELICAN.cpp:233 in npelican                                  |
| unroll          |                                              | firmware/nPELICAN.cpp:238 in npelican                                  |
| array_partition | variable=jdotp complete dim=0                | firmware/nPELICAN.cpp:245 in npelican, jdotp                           |
| unroll          |                                              | firmware/nPELICAN.cpp:247 in npelican                                  |
| array_partition | variable=T complete dim=0                    | firmware/nPELICAN.cpp:255 in npelican, T                               |
| unroll          |                                              | firmware/nPELICAN.cpp:257 in npelican                                  |
| unroll          |                                              | firmware/nPELICAN.cpp:259 in npelican                                  |
| unroll          |                                              | firmware/nPELICAN.cpp:261 in npelican                                  |
| unroll          |                                              | firmware/nPELICAN.cpp:270 in npelican                                  |
| unroll          |                                              | firmware/nPELICAN.cpp:272 in npelican                                  |
| unroll          |                                              | firmware/nPELICAN.cpp:287 in npelican                                  |
| unroll          |                                              | firmware/nPELICAN.cpp:289 in npelican                                  |
| unroll          |                                              | firmware/nPELICAN.cpp:297 in npelican                                  |
| array_partition | variable=Tp complete dim=0                   | firmware/nPELICAN.cpp:305 in npelican, Tp                              |
| unroll          |                                              | firmware/nPELICAN.cpp:320 in npelican                                  |
| unroll          |                                              | firmware/nPELICAN.cpp:322 in npelican                                  |
| unroll          |                                              | firmware/nPELICAN.cpp:324 in npelican                                  |
| unroll          |                                              | firmware/nPELICAN.cpp:332 in npelican                                  |
| unroll          |                                              | firmware/nPELICAN.cpp:334 in npelican                                  |
| unroll          |                                              | firmware/nPELICAN.cpp:336 in npelican                                  |
| unroll          |                                              | firmware/nPELICAN.cpp:338 in npelican                                  |
| array_partition | variable=Tp_q complete dim=0                 | firmware/nPELICAN.cpp:347 in npelican, Tp_q                            |
| unroll          |                                              | firmware/nPELICAN.cpp:352 in npelican                                  |
| unroll          |                                              | firmware/nPELICAN.cpp:354 in npelican                                  |
| unroll          |                                              | firmware/nPELICAN.cpp:356 in npelican                                  |
| array_partition | variable=bn2_beta complete dim=0             | firmware/nPELICAN.cpp:381 in npelican, bn2_beta                        |
| unroll          |                                              | firmware/nPELICAN.cpp:383 in npelican                                  |
| array_partition | variable=A_sum complete dim=0                | firmware/nPELICAN.cpp:390 in npelican, A_sum                           |
| array_partition | variable=A_trace complete dim=0              | firmware/nPELICAN.cpp:391 in npelican, A_trace                         |
| unroll          |                                              | firmware/nPELICAN.cpp:393 in npelican                                  |
| unroll          |                                              | firmware/nPELICAN.cpp:400 in npelican                                  |
| unroll          |                                              | firmware/nPELICAN.cpp:402 in npelican                                  |
| unroll          |                                              | firmware/nPELICAN.cpp:404 in npelican                                  |
| unroll          |                                              | firmware/nPELICAN.cpp:412 in npelican                                  |
| unroll          |                                              | firmware/nPELICAN.cpp:414 in npelican                                  |
| array_partition | variable=R complete dim=0                    | firmware/nPELICAN.cpp:425 in npelican, R                               |
| unroll          |                                              | firmware/nPELICAN.cpp:427 in npelican                                  |
| array_partition | variable=Rp complete dim=0                   | firmware/nPELICAN.cpp:435 in npelican, Rp                              |
| unroll          |                                              | firmware/nPELICAN.cpp:440 in npelican                                  |
| unroll          |                                              | firmware/nPELICAN.cpp:446 in npelican                                  |
| unroll          |                                              | firmware/nPELICAN.cpp:448 in npelican                                  |
| unroll          |                                              | firmware/nPELICAN.cpp:450 in npelican                                  |
+-----------------+----------------------------------------------+------------------------------------------------------------------------+


