

================================================================
== Synthesis Summary Report of 'nPELICAN'
================================================================
+ General Information: 
    * Date:           Fri Sep 25 17:38:23 2026
    * Version:        2023.2 (Build 4023990 on Oct 11 2023)
    * Project:        nPELICAN_prj
    * Solution:       solution (Vivado IP Flow Target)
    * Product family: virtexuplus
    * Target device:  xcu250-figd2104-2L-e
    

+ Performance & Resource Estimates: 
    
    PS: '+' for module; 'o' for loop; '*' for dataflow
    +------------+--------+-------+---------+--------+----------+---------+------+----------+------+----------+------------+--------------+-----+
    |   Modules  |  Issue |       | Latency | Latency| Iteration|         | Trip |          |      |          |            |              |     |
    |   & Loops  |  Type  | Slack | (cycles)|  (ns)  |  Latency | Interval| Count| Pipelined| BRAM |    DSP   |     FF     |      LUT     | URAM|
    +------------+--------+-------+---------+--------+----------+---------+------+----------+------+----------+------------+--------------+-----+
    |+ nPELICAN  |  Timing|  -0.08|       15|  75.000|         -|        1|     -|       yes|     -|  606 (4%)|  52246 (1%)|  325555 (18%)|    -|
    +------------+--------+-------+---------+--------+----------+---------+------+----------+------+----------+------------+--------------+-----+


================================================================
== HW Interfaces
================================================================
* Other Ports
+-------------+---------+-----------+----------+
| Port        | Mode    | Direction | Bitwidth |
+-------------+---------+-----------+----------+
| beam_input  | ap_vld  | in        | 96       |
| model_input | ap_vld  | in        | 960      |
| model_out   | ap_vld  | out       | 6        |
| nobj        | ap_none | in        | 5        |
+-------------+---------+-----------+----------+

* TOP LEVEL CONTROL
+-----------+------------+-----------------------------------+
| Interface | Type       | Ports                             |
+-----------+------------+-----------------------------------+
| ap_clk    | clock      | ap_clk                            |
| ap_rst    | reset      | ap_rst                            |
| ap_ctrl   | ap_ctrl_hs | ap_done ap_idle ap_ready ap_start |
+-----------+------------+-----------------------------------+


================================================================
== SW I/O Information
================================================================
* Top Function Arguments
+-------------+-----------+-------------------------------------------+
| Argument    | Direction | Datatype                                  |
+-------------+-----------+-------------------------------------------+
| model_input | in        | ap_fixed<12, 11, AP_RND_CONV, AP_SAT, 0>* |
| beam_input  | in        | ap_fixed<12, 11, AP_RND_CONV, AP_SAT, 0>* |
| nobj        | in        | ap_uint<5>                                |
| model_out   | out       | ap_fixed<6, 2, AP_RND_CONV, AP_SAT, 0>*   |
+-------------+-----------+-------------------------------------------+

* SW-to-HW Mapping
+-------------+--------------------+---------+
| Argument    | HW Interface       | HW Type |
+-------------+--------------------+---------+
| model_input | model_input_ap_vld | port    |
| model_input | model_input        | port    |
| beam_input  | beam_input_ap_vld  | port    |
| beam_input  | beam_input         | port    |
| nobj        | nobj               | port    |
| model_out   | model_out          | port    |
| model_out   | model_out_ap_vld   | port    |
+-------------+--------------------+---------+


================================================================
== Bind Op Report
================================================================
+---------------------------------------------+-----+--------+-------------------+-----+-----------+---------+
| Name                                        | DSP | Pragma | Variable          | Op  | Impl      | Latency |
+---------------------------------------------+-----+--------+-------------------+-----+-----------+---------+
| + nPELICAN                                  | 606 |        |                   |     |           |         |
|   nobj_1_fu_887_p2                          |     |        | nobj_1            | add | fabric    | 0       |
|   mul_12s_12s_24_1_1_U18                    | 1   |        | mul_ln176         | mul | auto      | 0       |
|   mul_12s_12s_24_1_1_U19                    | 1   |        | mul_ln176_1       | mul | auto      | 0       |
|   xi_fu_8403_p2                             |     |        | xi                | add | fabric    | 0       |
|   sub_ln177_fu_8409_p2                      |     |        | sub_ln177         | sub | fabric    | 0       |
|   mul_12s_12s_24_1_1_U20                    | 1   |        | mul_ln176_2       | mul | auto      | 0       |
|   mul_12s_12s_24_1_1_U21                    | 1   |        | mul_ln176_3       | mul | auto      | 0       |
|   xi_1_fu_8419_p2                           |     |        | xi_1              | add | fabric    | 0       |
|   sub_ln177_1_fu_8425_p2                    |     |        | sub_ln177_1       | sub | fabric    | 0       |
|   mul_12s_12s_24_1_1_U22                    | 1   |        | mul_ln176_4       | mul | auto      | 0       |
|   mul_12s_12s_24_1_1_U11                    | 1   |        | mul_ln176_5       | mul | auto      | 0       |
|   xi_2_fu_8435_p2                           |     |        | xi_2              | add | fabric    | 0       |
|   sub_ln177_2_fu_8441_p2                    |     |        | sub_ln177_2       | sub | fabric    | 0       |
|   mul_12s_12s_24_1_1_U23                    | 1   |        | mul_ln176_6       | mul | auto      | 0       |
|   mul_12s_12s_24_1_1_U24                    | 1   |        | mul_ln176_7       | mul | auto      | 0       |
|   xi_3_fu_8451_p2                           |     |        | xi_3              | add | fabric    | 0       |
|   sub_ln177_3_fu_8457_p2                    |     |        | sub_ln177_3       | sub | fabric    | 0       |
|   mul_12s_12s_24_1_1_U25                    | 1   |        | mul_ln176_8       | mul | auto      | 0       |
|   mul_12s_12s_24_1_1_U26                    | 1   |        | mul_ln176_9       | mul | auto      | 0       |
|   xi_4_fu_8467_p2                           |     |        | xi_4              | add | fabric    | 0       |
|   sub_ln177_4_fu_8473_p2                    |     |        | sub_ln177_4       | sub | fabric    | 0       |
|   mul_12s_12s_24_1_1_U27                    | 1   |        | mul_ln176_10      | mul | auto      | 0       |
|   mul_12s_12s_24_1_1_U12                    | 1   |        | mul_ln176_11      | mul | auto      | 0       |
|   xi_5_fu_8483_p2                           |     |        | xi_5              | add | fabric    | 0       |
|   sub_ln177_5_fu_8489_p2                    |     |        | sub_ln177_5       | sub | fabric    | 0       |
|   mul_12s_12s_24_1_1_U28                    | 1   |        | mul_ln176_12      | mul | auto      | 0       |
|   mul_12s_12s_24_1_1_U29                    | 1   |        | mul_ln176_13      | mul | auto      | 0       |
|   xi_6_fu_8499_p2                           |     |        | xi_6              | add | fabric    | 0       |
|   sub_ln177_6_fu_8505_p2                    |     |        | sub_ln177_6       | sub | fabric    | 0       |
|   mul_12s_12s_24_1_1_U30                    | 1   |        | mul_ln176_14      | mul | auto      | 0       |
|   mul_12s_12s_24_1_1_U31                    | 1   |        | mul_ln176_15      | mul | auto      | 0       |
|   xi_7_fu_8515_p2                           |     |        | xi_7              | add | fabric    | 0       |
|   sub_ln177_7_fu_8521_p2                    |     |        | sub_ln177_7       | sub | fabric    | 0       |
|   mul_12s_12s_24_1_1_U32                    | 1   |        | mul_ln176_16      | mul | auto      | 0       |
|   mul_12s_12s_24_1_1_U13                    | 1   |        | mul_ln176_17      | mul | auto      | 0       |
|   xi_8_fu_8531_p2                           |     |        | xi_8              | add | fabric    | 0       |
|   sub_ln177_8_fu_8537_p2                    |     |        | sub_ln177_8       | sub | fabric    | 0       |
|   mul_12s_12s_24_1_1_U33                    | 1   |        | mul_ln176_18      | mul | auto      | 0       |
|   mul_12s_12s_24_1_1_U34                    | 1   |        | mul_ln176_19      | mul | auto      | 0       |
|   xi_9_fu_8547_p2                           |     |        | xi_9              | add | fabric    | 0       |
|   sub_ln177_9_fu_8553_p2                    |     |        | sub_ln177_9       | sub | fabric    | 0       |
|   mul_12s_12s_24_1_1_U35                    | 1   |        | mul_ln176_20      | mul | auto      | 0       |
|   mul_12s_12s_24_1_1_U14                    | 1   |        | mul_ln176_21      | mul | auto      | 0       |
|   xi_10_fu_8563_p2                          |     |        | xi_10             | add | fabric    | 0       |
|   sub_ln177_10_fu_8569_p2                   |     |        | sub_ln177_10      | sub | fabric    | 0       |
|   mul_12s_12s_24_1_1_U36                    | 1   |        | mul_ln176_22      | mul | auto      | 0       |
|   mul_12s_12s_24_1_1_U37                    | 1   |        | mul_ln176_23      | mul | auto      | 0       |
|   xi_11_fu_8579_p2                          |     |        | xi_11             | add | fabric    | 0       |
|   sub_ln177_11_fu_8585_p2                   |     |        | sub_ln177_11      | sub | fabric    | 0       |
|   mul_12s_12s_24_1_1_U38                    | 1   |        | mul_ln176_24      | mul | auto      | 0       |
|   mul_12s_12s_24_1_1_U39                    | 1   |        | mul_ln176_25      | mul | auto      | 0       |
|   xi_12_fu_8595_p2                          |     |        | xi_12             | add | fabric    | 0       |
|   sub_ln177_12_fu_8601_p2                   |     |        | sub_ln177_12      | sub | fabric    | 0       |
|   mul_12s_12s_24_1_1_U40                    | 1   |        | mul_ln176_26      | mul | auto      | 0       |
|   mul_12s_12s_24_1_1_U41                    | 1   |        | mul_ln176_27      | mul | auto      | 0       |
|   xi_13_fu_8611_p2                          |     |        | xi_13             | add | fabric    | 0       |
|   sub_ln177_13_fu_8617_p2                   |     |        | sub_ln177_13      | sub | fabric    | 0       |
|   mul_12s_12s_24_1_1_U42                    | 1   |        | mul_ln176_28      | mul | auto      | 0       |
|   mul_12s_12s_24_1_1_U43                    | 1   |        | mul_ln176_29      | mul | auto      | 0       |
|   xi_14_fu_8627_p2                          |     |        | xi_14             | add | fabric    | 0       |
|   sub_ln177_14_fu_8633_p2                   |     |        | sub_ln177_14      | sub | fabric    | 0       |
|   mul_12s_12s_24_1_1_U44                    | 1   |        | mul_ln176_30      | mul | auto      | 0       |
|   mul_12s_12s_24_1_1_U45                    | 1   |        | mul_ln176_31      | mul | auto      | 0       |
|   xi_15_fu_8643_p2                          |     |        | xi_15             | add | fabric    | 0       |
|   sub_ln177_15_fu_8649_p2                   |     |        | sub_ln177_15      | sub | fabric    | 0       |
|   mul_12s_12s_24_1_1_U46                    | 1   |        | mul_ln176_32      | mul | auto      | 0       |
|   mul_12s_12s_24_1_1_U47                    | 1   |        | mul_ln176_33      | mul | auto      | 0       |
|   xi_16_fu_8659_p2                          |     |        | xi_16             | add | fabric    | 0       |
|   sub_ln177_16_fu_8665_p2                   |     |        | sub_ln177_16      | sub | fabric    | 0       |
|   mul_12s_12s_24_1_1_U48                    | 1   |        | mul_ln176_34      | mul | auto      | 0       |
|   mul_12s_12s_24_1_1_U49                    | 1   |        | mul_ln176_35      | mul | auto      | 0       |
|   xi_17_fu_8675_p2                          |     |        | xi_17             | add | fabric    | 0       |
|   sub_ln177_17_fu_8681_p2                   |     |        | sub_ln177_17      | sub | fabric    | 0       |
|   mul_12s_12s_24_1_1_U50                    | 1   |        | mul_ln176_36      | mul | auto      | 0       |
|   mul_12s_12s_24_1_1_U15                    | 1   |        | mul_ln176_37      | mul | auto      | 0       |
|   xi_18_fu_8691_p2                          |     |        | xi_18             | add | fabric    | 0       |
|   sub_ln177_18_fu_8697_p2                   |     |        | sub_ln177_18      | sub | fabric    | 0       |
|   mul_12s_12s_24_1_1_U51                    | 1   |        | mul_ln176_38      | mul | auto      | 0       |
|   mul_12s_12s_24_1_1_U16                    | 1   |        | mul_ln176_39      | mul | auto      | 0       |
|   xi_19_fu_8707_p2                          |     |        | xi_19             | add | fabric    | 0       |
|   sub_ln177_19_fu_8713_p2                   |     |        | sub_ln177_19      | sub | fabric    | 0       |
|   mul_12s_12s_24_1_1_U52                    | 1   |        | mul_ln176_40      | mul | auto      | 0       |
|   mul_12s_12s_24_1_1_U17                    | 1   |        | mul_ln176_41      | mul | auto      | 0       |
|   xi_20_fu_8723_p2                          |     |        | xi_20             | add | fabric    | 0       |
|   sub_ln177_20_fu_8729_p2                   |     |        | sub_ln177_20      | sub | fabric    | 0       |
|   mul_12s_12s_24_1_1_U53                    | 1   |        | mul_ln176_42      | mul | auto      | 0       |
|   mul_12s_12s_24_1_1_U54                    | 1   |        | mul_ln176_43      | mul | auto      | 0       |
|   xi_21_fu_8739_p2                          |     |        | xi_21             | add | fabric    | 0       |
|   sub_ln177_21_fu_8745_p2                   |     |        | sub_ln177_21      | sub | fabric    | 0       |
|   sub_ln58_fu_5731_p2                       |     |        | sub_ln58          | sub | fabric    | 0       |
|   ama_addmuladd_12s_12s_13s_26s_26_1_1_U610 | 1   |        | add_ln58          | add | dsp_slice | 0       |
|   ama_addmuladd_12s_12s_13s_26s_26_1_1_U610 | 1   |        | mul_ln58          | mul | dsp_slice | 0       |
|   am_submul_12s_12s_13s_26_1_1_U357         | 1   |        | sub_ln58_1        | sub | dsp_slice | 0       |
|   sub_ln58_2_fu_2597_p2                     |     |        | sub_ln58_2        | sub | fabric    | 0       |
|   am_submul_12s_12s_13s_26_1_1_U357         | 1   |        | mul_ln58_1        | mul | dsp_slice | 0       |
|   ama_addmuladd_12s_12s_13s_26s_26_1_1_U610 | 1   |        | add_ln58_1        | add | dsp_slice | 0       |
|   add_ln58_2_fu_8840_p2                     |     |        | add_ln58_2        | add | fabric    | 0       |
|   sub_ln58_5_fu_5744_p2                     |     |        | sub_ln58_5        | sub | fabric    | 0       |
|   ama_addmuladd_12s_12s_13s_26s_26_1_1_U611 | 1   |        | add_ln58_3        | add | dsp_slice | 0       |
|   ama_addmuladd_12s_12s_13s_26s_26_1_1_U611 | 1   |        | mul_ln58_2        | mul | dsp_slice | 0       |
|   am_submul_12s_12s_13s_26_1_1_U358         | 1   |        | sub_ln58_6        | sub | dsp_slice | 0       |
|   sub_ln58_7_fu_2613_p2                     |     |        | sub_ln58_7        | sub | fabric    | 0       |
|   am_submul_12s_12s_13s_26_1_1_U358         | 1   |        | mul_ln58_3        | mul | dsp_slice | 0       |
|   ama_addmuladd_12s_12s_13s_26s_26_1_1_U611 | 1   |        | add_ln58_4        | add | dsp_slice | 0       |
|   add_ln58_5_fu_9103_p2                     |     |        | add_ln58_5        | add | fabric    | 0       |
|   sub_ln58_10_fu_5760_p2                    |     |        | sub_ln58_10       | sub | fabric    | 0       |
|   ama_addmuladd_12s_12s_13s_26s_26_1_1_U612 | 1   |        | add_ln58_6        | add | dsp_slice | 0       |
|   ama_addmuladd_12s_12s_13s_26s_26_1_1_U612 | 1   |        | mul_ln58_4        | mul | dsp_slice | 0       |
|   sub_ln58_11_fu_2626_p2                    |     |        | sub_ln58_11       | sub | fabric    | 0       |
|   am_submul_12s_12s_13s_26_1_1_U359         | 1   |        | sub_ln58_12       | sub | dsp_slice | 0       |
|   am_submul_12s_12s_13s_26_1_1_U359         | 1   |        | mul_ln58_5        | mul | dsp_slice | 0       |
|   ama_addmuladd_12s_12s_13s_26s_26_1_1_U612 | 1   |        | add_ln58_7        | add | dsp_slice | 0       |
|   add_ln58_8_fu_9366_p2                     |     |        | add_ln58_8        | add | fabric    | 0       |
|   sub_ln58_15_fu_5776_p2                    |     |        | sub_ln58_15       | sub | fabric    | 0       |
|   ama_addmuladd_12s_12s_13s_26s_26_1_1_U613 | 1   |        | add_ln58_9        | add | dsp_slice | 0       |
|   ama_addmuladd_12s_12s_13s_26s_26_1_1_U613 | 1   |        | mul_ln58_6        | mul | dsp_slice | 0       |
|   sub_ln58_16_fu_2642_p2                    |     |        | sub_ln58_16       | sub | fabric    | 0       |
|   am_submul_12s_12s_13s_26_1_1_U360         | 1   |        | sub_ln58_17       | sub | dsp_slice | 0       |
|   am_submul_12s_12s_13s_26_1_1_U360         | 1   |        | mul_ln58_7        | mul | dsp_slice | 0       |
|   ama_addmuladd_12s_12s_13s_26s_26_1_1_U613 | 1   |        | add_ln58_10       | add | dsp_slice | 0       |
|   add_ln58_11_fu_9629_p2                    |     |        | add_ln58_11       | add | fabric    | 0       |
|   sub_ln58_20_fu_5792_p2                    |     |        | sub_ln58_20       | sub | fabric    | 0       |
|   ama_addmuladd_12s_12s_13s_26s_26_1_1_U614 | 1   |        | add_ln58_12       | add | dsp_slice | 0       |
|   ama_addmuladd_12s_12s_13s_26s_26_1_1_U614 | 1   |        | mul_ln58_8        | mul | dsp_slice | 0       |
|   sub_ln58_21_fu_2658_p2                    |     |        | sub_ln58_21       | sub | fabric    | 0       |
|   am_submul_12s_12s_13s_26_1_1_U361         | 1   |        | sub_ln58_22       | sub | dsp_slice | 0       |
|   am_submul_12s_12s_13s_26_1_1_U361         | 1   |        | mul_ln58_9        | mul | dsp_slice | 0       |
|   ama_addmuladd_12s_12s_13s_26s_26_1_1_U614 | 1   |        | add_ln58_13       | add | dsp_slice | 0       |
|   add_ln58_14_fu_9892_p2                    |     |        | add_ln58_14       | add | fabric    | 0       |
|   sub_ln58_25_fu_5808_p2                    |     |        | sub_ln58_25       | sub | fabric    | 0       |
|   ama_addmuladd_12s_12s_13s_26s_26_1_1_U615 | 1   |        | add_ln58_15       | add | dsp_slice | 0       |
|   ama_addmuladd_12s_12s_13s_26s_26_1_1_U615 | 1   |        | mul_ln58_10       | mul | dsp_slice | 0       |
|   sub_ln58_26_fu_2674_p2                    |     |        | sub_ln58_26       | sub | fabric    | 0       |
|   am_submul_12s_12s_13s_26_1_1_U362         | 1   |        | sub_ln58_27       | sub | dsp_slice | 0       |
|   am_submul_12s_12s_13s_26_1_1_U362         | 1   |        | mul_ln58_11       | mul | dsp_slice | 0       |
|   ama_addmuladd_12s_12s_13s_26s_26_1_1_U615 | 1   |        | add_ln58_16       | add | dsp_slice | 0       |
|   add_ln58_17_fu_10155_p2                   |     |        | add_ln58_17       | add | fabric    | 0       |
|   sub_ln58_30_fu_5824_p2                    |     |        | sub_ln58_30       | sub | fabric    | 0       |
|   ama_addmuladd_12s_12s_13s_26s_26_1_1_U616 | 1   |        | add_ln58_18       | add | dsp_slice | 0       |
|   ama_addmuladd_12s_12s_13s_26s_26_1_1_U616 | 1   |        | mul_ln58_12       | mul | dsp_slice | 0       |
|   sub_ln58_31_fu_2691_p2                    |     |        | sub_ln58_31       | sub | fabric    | 0       |
|   am_submul_12s_12s_13s_26_1_1_U363         | 1   |        | sub_ln58_32       | sub | dsp_slice | 0       |
|   am_submul_12s_12s_13s_26_1_1_U363         | 1   |        | mul_ln58_13       | mul | dsp_slice | 0       |
|   ama_addmuladd_12s_12s_13s_26s_26_1_1_U616 | 1   |        | add_ln58_19       | add | dsp_slice | 0       |
|   add_ln58_20_fu_10418_p2                   |     |        | add_ln58_20       | add | fabric    | 0       |
|   sub_ln58_35_fu_5840_p2                    |     |        | sub_ln58_35       | sub | fabric    | 0       |
|   ama_addmuladd_12s_12s_13s_26s_26_1_1_U617 | 1   |        | add_ln58_21       | add | dsp_slice | 0       |
|   ama_addmuladd_12s_12s_13s_26s_26_1_1_U617 | 1   |        | mul_ln58_14       | mul | dsp_slice | 0       |
|   sub_ln58_36_fu_2709_p2                    |     |        | sub_ln58_36       | sub | fabric    | 0       |
|   am_submul_12s_12s_13s_26_1_1_U364         | 1   |        | sub_ln58_37       | sub | dsp_slice | 0       |
|   am_submul_12s_12s_13s_26_1_1_U364         | 1   |        | mul_ln58_15       | mul | dsp_slice | 0       |
|   ama_addmuladd_12s_12s_13s_26s_26_1_1_U617 | 1   |        | add_ln58_22       | add | dsp_slice | 0       |
|   add_ln58_23_fu_10681_p2                   |     |        | add_ln58_23       | add | fabric    | 0       |
|   sub_ln58_40_fu_5856_p2                    |     |        | sub_ln58_40       | sub | fabric    | 0       |
|   ama_addmuladd_12s_12s_13s_26s_26_1_1_U618 | 1   |        | add_ln58_24       | add | dsp_slice | 0       |
|   ama_addmuladd_12s_12s_13s_26s_26_1_1_U618 | 1   |        | mul_ln58_16       | mul | dsp_slice | 0       |
|   sub_ln58_41_fu_2727_p2                    |     |        | sub_ln58_41       | sub | fabric    | 0       |
|   am_submul_12s_12s_13s_26_1_1_U365         | 1   |        | sub_ln58_42       | sub | dsp_slice | 0       |
|   am_submul_12s_12s_13s_26_1_1_U365         | 1   |        | mul_ln58_17       | mul | dsp_slice | 0       |
|   ama_addmuladd_12s_12s_13s_26s_26_1_1_U618 | 1   |        | add_ln58_25       | add | dsp_slice | 0       |
|   add_ln58_26_fu_10944_p2                   |     |        | add_ln58_26       | add | fabric    | 0       |
|   sub_ln58_45_fu_5872_p2                    |     |        | sub_ln58_45       | sub | fabric    | 0       |
|   ama_addmuladd_12s_12s_13s_26s_26_1_1_U619 | 1   |        | add_ln58_27       | add | dsp_slice | 0       |
|   ama_addmuladd_12s_12s_13s_26s_26_1_1_U619 | 1   |        | mul_ln58_18       | mul | dsp_slice | 0       |
|   sub_ln58_46_fu_2745_p2                    |     |        | sub_ln58_46       | sub | fabric    | 0       |
|   am_submul_12s_12s_13s_26_1_1_U366         | 1   |        | sub_ln58_47       | sub | dsp_slice | 0       |
|   am_submul_12s_12s_13s_26_1_1_U366         | 1   |        | mul_ln58_19       | mul | dsp_slice | 0       |
|   ama_addmuladd_12s_12s_13s_26s_26_1_1_U619 | 1   |        | add_ln58_28       | add | dsp_slice | 0       |
|   add_ln58_29_fu_11207_p2                   |     |        | add_ln58_29       | add | fabric    | 0       |
|   sub_ln58_50_fu_5888_p2                    |     |        | sub_ln58_50       | sub | fabric    | 0       |
|   ama_addmuladd_12s_12s_13s_26s_26_1_1_U620 | 1   |        | add_ln58_30       | add | dsp_slice | 0       |
|   ama_addmuladd_12s_12s_13s_26s_26_1_1_U620 | 1   |        | mul_ln58_20       | mul | dsp_slice | 0       |
|   sub_ln58_51_fu_2763_p2                    |     |        | sub_ln58_51       | sub | fabric    | 0       |
|   am_submul_12s_12s_13s_26_1_1_U367         | 1   |        | sub_ln58_52       | sub | dsp_slice | 0       |
|   am_submul_12s_12s_13s_26_1_1_U367         | 1   |        | mul_ln58_21       | mul | dsp_slice | 0       |
|   ama_addmuladd_12s_12s_13s_26s_26_1_1_U620 | 1   |        | add_ln58_31       | add | dsp_slice | 0       |
|   add_ln58_32_fu_11470_p2                   |     |        | add_ln58_32       | add | fabric    | 0       |
|   sub_ln58_55_fu_5904_p2                    |     |        | sub_ln58_55       | sub | fabric    | 0       |
|   ama_addmuladd_12s_12s_13s_26s_26_1_1_U621 | 1   |        | add_ln58_33       | add | dsp_slice | 0       |
|   ama_addmuladd_12s_12s_13s_26s_26_1_1_U621 | 1   |        | mul_ln58_22       | mul | dsp_slice | 0       |
|   sub_ln58_56_fu_2781_p2                    |     |        | sub_ln58_56       | sub | fabric    | 0       |
|   am_submul_12s_12s_13s_26_1_1_U368         | 1   |        | sub_ln58_57       | sub | dsp_slice | 0       |
|   am_submul_12s_12s_13s_26_1_1_U368         | 1   |        | mul_ln58_23       | mul | dsp_slice | 0       |
|   ama_addmuladd_12s_12s_13s_26s_26_1_1_U621 | 1   |        | add_ln58_34       | add | dsp_slice | 0       |
|   add_ln58_35_fu_11733_p2                   |     |        | add_ln58_35       | add | fabric    | 0       |
|   sub_ln58_60_fu_5920_p2                    |     |        | sub_ln58_60       | sub | fabric    | 0       |
|   ama_addmuladd_12s_12s_13s_26s_26_1_1_U622 | 1   |        | add_ln58_36       | add | dsp_slice | 0       |
|   ama_addmuladd_12s_12s_13s_26s_26_1_1_U622 | 1   |        | mul_ln58_24       | mul | dsp_slice | 0       |
|   sub_ln58_61_fu_2799_p2                    |     |        | sub_ln58_61       | sub | fabric    | 0       |
|   am_submul_12s_12s_13s_26_1_1_U369         | 1   |        | sub_ln58_62       | sub | dsp_slice | 0       |
|   am_submul_12s_12s_13s_26_1_1_U369         | 1   |        | mul_ln58_25       | mul | dsp_slice | 0       |
|   ama_addmuladd_12s_12s_13s_26s_26_1_1_U622 | 1   |        | add_ln58_37       | add | dsp_slice | 0       |
|   add_ln58_38_fu_11996_p2                   |     |        | add_ln58_38       | add | fabric    | 0       |
|   sub_ln58_65_fu_5936_p2                    |     |        | sub_ln58_65       | sub | fabric    | 0       |
|   ama_addmuladd_12s_12s_13s_26s_26_1_1_U623 | 1   |        | add_ln58_39       | add | dsp_slice | 0       |
|   ama_addmuladd_12s_12s_13s_26s_26_1_1_U623 | 1   |        | mul_ln58_26       | mul | dsp_slice | 0       |
|   sub_ln58_66_fu_2817_p2                    |     |        | sub_ln58_66       | sub | fabric    | 0       |
|   am_submul_12s_12s_13s_26_1_1_U370         | 1   |        | sub_ln58_67       | sub | dsp_slice | 0       |
|   am_submul_12s_12s_13s_26_1_1_U370         | 1   |        | mul_ln58_27       | mul | dsp_slice | 0       |
|   ama_addmuladd_12s_12s_13s_26s_26_1_1_U623 | 1   |        | add_ln58_40       | add | dsp_slice | 0       |
|   add_ln58_41_fu_12259_p2                   |     |        | add_ln58_41       | add | fabric    | 0       |
|   sub_ln58_70_fu_5952_p2                    |     |        | sub_ln58_70       | sub | fabric    | 0       |
|   ama_addmuladd_12s_12s_13s_26s_26_1_1_U624 | 1   |        | add_ln58_42       | add | dsp_slice | 0       |
|   ama_addmuladd_12s_12s_13s_26s_26_1_1_U624 | 1   |        | mul_ln58_28       | mul | dsp_slice | 0       |
|   sub_ln58_71_fu_2835_p2                    |     |        | sub_ln58_71       | sub | fabric    | 0       |
|   am_submul_12s_12s_13s_26_1_1_U371         | 1   |        | sub_ln58_72       | sub | dsp_slice | 0       |
|   am_submul_12s_12s_13s_26_1_1_U371         | 1   |        | mul_ln58_29       | mul | dsp_slice | 0       |
|   ama_addmuladd_12s_12s_13s_26s_26_1_1_U624 | 1   |        | add_ln58_43       | add | dsp_slice | 0       |
|   add_ln58_44_fu_12522_p2                   |     |        | add_ln58_44       | add | fabric    | 0       |
|   sub_ln58_75_fu_5968_p2                    |     |        | sub_ln58_75       | sub | fabric    | 0       |
|   ama_addmuladd_12s_12s_13s_26s_26_1_1_U625 | 1   |        | add_ln58_45       | add | dsp_slice | 0       |
|   ama_addmuladd_12s_12s_13s_26s_26_1_1_U625 | 1   |        | mul_ln58_30       | mul | dsp_slice | 0       |
|   sub_ln58_76_fu_2853_p2                    |     |        | sub_ln58_76       | sub | fabric    | 0       |
|   am_submul_12s_12s_13s_26_1_1_U372         | 1   |        | sub_ln58_77       | sub | dsp_slice | 0       |
|   am_submul_12s_12s_13s_26_1_1_U372         | 1   |        | mul_ln58_31       | mul | dsp_slice | 0       |
|   ama_addmuladd_12s_12s_13s_26s_26_1_1_U625 | 1   |        | add_ln58_46       | add | dsp_slice | 0       |
|   add_ln58_47_fu_12785_p2                   |     |        | add_ln58_47       | add | fabric    | 0       |
|   sub_ln58_80_fu_5984_p2                    |     |        | sub_ln58_80       | sub | fabric    | 0       |
|   ama_addmuladd_12s_12s_13s_26s_26_1_1_U626 | 1   |        | add_ln58_48       | add | dsp_slice | 0       |
|   ama_addmuladd_12s_12s_13s_26s_26_1_1_U626 | 1   |        | mul_ln58_32       | mul | dsp_slice | 0       |
|   sub_ln58_81_fu_2871_p2                    |     |        | sub_ln58_81       | sub | fabric    | 0       |
|   am_submul_12s_12s_13s_26_1_1_U373         | 1   |        | sub_ln58_82       | sub | dsp_slice | 0       |
|   am_submul_12s_12s_13s_26_1_1_U373         | 1   |        | mul_ln58_33       | mul | dsp_slice | 0       |
|   ama_addmuladd_12s_12s_13s_26s_26_1_1_U626 | 1   |        | add_ln58_49       | add | dsp_slice | 0       |
|   add_ln58_50_fu_13048_p2                   |     |        | add_ln58_50       | add | fabric    | 0       |
|   sub_ln58_85_fu_6000_p2                    |     |        | sub_ln58_85       | sub | fabric    | 0       |
|   ama_addmuladd_12s_12s_13s_26s_26_1_1_U627 | 1   |        | add_ln58_51       | add | dsp_slice | 0       |
|   ama_addmuladd_12s_12s_13s_26s_26_1_1_U627 | 1   |        | mul_ln58_34       | mul | dsp_slice | 0       |
|   sub_ln58_86_fu_2888_p2                    |     |        | sub_ln58_86       | sub | fabric    | 0       |
|   am_submul_12s_12s_13s_26_1_1_U374         | 1   |        | sub_ln58_87       | sub | dsp_slice | 0       |
|   am_submul_12s_12s_13s_26_1_1_U374         | 1   |        | mul_ln58_35       | mul | dsp_slice | 0       |
|   ama_addmuladd_12s_12s_13s_26s_26_1_1_U627 | 1   |        | add_ln58_52       | add | dsp_slice | 0       |
|   add_ln58_53_fu_13311_p2                   |     |        | add_ln58_53       | add | fabric    | 0       |
|   sub_ln58_90_fu_6016_p2                    |     |        | sub_ln58_90       | sub | fabric    | 0       |
|   ama_addmuladd_12s_12s_13s_26s_26_1_1_U628 | 1   |        | add_ln58_54       | add | dsp_slice | 0       |
|   ama_addmuladd_12s_12s_13s_26s_26_1_1_U628 | 1   |        | mul_ln58_36       | mul | dsp_slice | 0       |
|   sub_ln58_91_fu_2904_p2                    |     |        | sub_ln58_91       | sub | fabric    | 0       |
|   am_submul_12s_12s_13s_26_1_1_U375         | 1   |        | sub_ln58_92       | sub | dsp_slice | 0       |
|   am_submul_12s_12s_13s_26_1_1_U375         | 1   |        | mul_ln58_37       | mul | dsp_slice | 0       |
|   ama_addmuladd_12s_12s_13s_26s_26_1_1_U628 | 1   |        | add_ln58_55       | add | dsp_slice | 0       |
|   add_ln58_56_fu_13574_p2                   |     |        | add_ln58_56       | add | fabric    | 0       |
|   sub_ln58_95_fu_6032_p2                    |     |        | sub_ln58_95       | sub | fabric    | 0       |
|   ama_addmuladd_12s_12s_13s_26s_26_1_1_U629 | 1   |        | add_ln58_57       | add | dsp_slice | 0       |
|   ama_addmuladd_12s_12s_13s_26s_26_1_1_U629 | 1   |        | mul_ln58_38       | mul | dsp_slice | 0       |
|   sub_ln58_96_fu_2921_p2                    |     |        | sub_ln58_96       | sub | fabric    | 0       |
|   am_submul_12s_12s_13s_26_1_1_U376         | 1   |        | sub_ln58_97       | sub | dsp_slice | 0       |
|   am_submul_12s_12s_13s_26_1_1_U376         | 1   |        | mul_ln58_39       | mul | dsp_slice | 0       |
|   ama_addmuladd_12s_12s_13s_26s_26_1_1_U629 | 1   |        | add_ln58_58       | add | dsp_slice | 0       |
|   add_ln58_59_fu_13837_p2                   |     |        | add_ln58_59       | add | fabric    | 0       |
|   sub_ln58_100_fu_6048_p2                   |     |        | sub_ln58_100      | sub | fabric    | 0       |
|   ama_addmuladd_12s_12s_13s_26s_26_1_1_U630 | 1   |        | add_ln58_60       | add | dsp_slice | 0       |
|   ama_addmuladd_12s_12s_13s_26s_26_1_1_U630 | 1   |        | mul_ln58_40       | mul | dsp_slice | 0       |
|   am_submul_12s_12s_13s_26_1_1_U377         | 1   |        | sub_ln58_101      | sub | dsp_slice | 0       |
|   sub_ln58_102_fu_2943_p2                   |     |        | sub_ln58_102      | sub | fabric    | 0       |
|   am_submul_12s_12s_13s_26_1_1_U377         | 1   |        | mul_ln58_41       | mul | dsp_slice | 0       |
|   ama_addmuladd_12s_12s_13s_26s_26_1_1_U630 | 1   |        | add_ln58_61       | add | dsp_slice | 0       |
|   add_ln58_62_fu_14100_p2                   |     |        | add_ln58_62       | add | fabric    | 0       |
|   sub_ln58_105_fu_6064_p2                   |     |        | sub_ln58_105      | sub | fabric    | 0       |
|   ama_addmuladd_12s_12s_13s_26s_26_1_1_U631 | 1   |        | add_ln58_63       | add | dsp_slice | 0       |
|   ama_addmuladd_12s_12s_13s_26s_26_1_1_U631 | 1   |        | mul_ln58_42       | mul | dsp_slice | 0       |
|   am_submul_12s_12s_13s_26_1_1_U378         | 1   |        | sub_ln58_106      | sub | dsp_slice | 0       |
|   sub_ln58_107_fu_2961_p2                   |     |        | sub_ln58_107      | sub | fabric    | 0       |
|   am_submul_12s_12s_13s_26_1_1_U378         | 1   |        | mul_ln58_43       | mul | dsp_slice | 0       |
|   ama_addmuladd_12s_12s_13s_26s_26_1_1_U631 | 1   |        | add_ln58_64       | add | dsp_slice | 0       |
|   add_ln58_65_fu_14363_p2                   |     |        | add_ln58_65       | add | fabric    | 0       |
|   sub_ln58_110_fu_6077_p2                   |     |        | sub_ln58_110      | sub | fabric    | 0       |
|   ama_addmuladd_12s_12s_13s_26s_26_1_1_U632 | 1   |        | add_ln58_66       | add | dsp_slice | 0       |
|   ama_addmuladd_12s_12s_13s_26s_26_1_1_U632 | 1   |        | mul_ln58_44       | mul | dsp_slice | 0       |
|   am_submul_12s_12s_13s_26_1_1_U379         | 1   |        | sub_ln58_111      | sub | dsp_slice | 0       |
|   sub_ln58_112_fu_2971_p2                   |     |        | sub_ln58_112      | sub | fabric    | 0       |
|   am_submul_12s_12s_13s_26_1_1_U379         | 1   |        | mul_ln58_45       | mul | dsp_slice | 0       |
|   ama_addmuladd_12s_12s_13s_26s_26_1_1_U632 | 1   |        | add_ln58_67       | add | dsp_slice | 0       |
|   add_ln58_68_fu_14626_p2                   |     |        | add_ln58_68       | add | fabric    | 0       |
|   sub_ln58_115_fu_6087_p2                   |     |        | sub_ln58_115      | sub | fabric    | 0       |
|   ama_addmuladd_12s_12s_13s_26s_26_1_1_U633 | 1   |        | add_ln58_69       | add | dsp_slice | 0       |
|   ama_addmuladd_12s_12s_13s_26s_26_1_1_U633 | 1   |        | mul_ln58_46       | mul | dsp_slice | 0       |
|   sub_ln58_116_fu_2981_p2                   |     |        | sub_ln58_116      | sub | fabric    | 0       |
|   am_submul_12s_12s_13s_26_1_1_U380         | 1   |        | sub_ln58_117      | sub | dsp_slice | 0       |
|   am_submul_12s_12s_13s_26_1_1_U380         | 1   |        | mul_ln58_47       | mul | dsp_slice | 0       |
|   ama_addmuladd_12s_12s_13s_26s_26_1_1_U633 | 1   |        | add_ln58_70       | add | dsp_slice | 0       |
|   add_ln58_71_fu_14885_p2                   |     |        | add_ln58_71       | add | fabric    | 0       |
|   sub_ln58_120_fu_6097_p2                   |     |        | sub_ln58_120      | sub | fabric    | 0       |
|   ama_addmuladd_12s_12s_13s_26s_26_1_1_U634 | 1   |        | add_ln58_72       | add | dsp_slice | 0       |
|   ama_addmuladd_12s_12s_13s_26s_26_1_1_U634 | 1   |        | mul_ln58_48       | mul | dsp_slice | 0       |
|   sub_ln58_121_fu_2991_p2                   |     |        | sub_ln58_121      | sub | fabric    | 0       |
|   am_submul_12s_12s_13s_26_1_1_U381         | 1   |        | sub_ln58_122      | sub | dsp_slice | 0       |
|   am_submul_12s_12s_13s_26_1_1_U381         | 1   |        | mul_ln58_49       | mul | dsp_slice | 0       |
|   ama_addmuladd_12s_12s_13s_26s_26_1_1_U634 | 1   |        | add_ln58_73       | add | dsp_slice | 0       |
|   add_ln58_74_fu_15144_p2                   |     |        | add_ln58_74       | add | fabric    | 0       |
|   sub_ln58_125_fu_6107_p2                   |     |        | sub_ln58_125      | sub | fabric    | 0       |
|   ama_addmuladd_12s_12s_13s_26s_26_1_1_U635 | 1   |        | add_ln58_75       | add | dsp_slice | 0       |
|   ama_addmuladd_12s_12s_13s_26s_26_1_1_U635 | 1   |        | mul_ln58_50       | mul | dsp_slice | 0       |
|   sub_ln58_126_fu_3001_p2                   |     |        | sub_ln58_126      | sub | fabric    | 0       |
|   am_submul_12s_12s_13s_26_1_1_U382         | 1   |        | sub_ln58_127      | sub | dsp_slice | 0       |
|   am_submul_12s_12s_13s_26_1_1_U382         | 1   |        | mul_ln58_51       | mul | dsp_slice | 0       |
|   ama_addmuladd_12s_12s_13s_26s_26_1_1_U635 | 1   |        | add_ln58_76       | add | dsp_slice | 0       |
|   add_ln58_77_fu_15403_p2                   |     |        | add_ln58_77       | add | fabric    | 0       |
|   sub_ln58_130_fu_6117_p2                   |     |        | sub_ln58_130      | sub | fabric    | 0       |
|   ama_addmuladd_12s_12s_13s_26s_26_1_1_U636 | 1   |        | add_ln58_78       | add | dsp_slice | 0       |
|   ama_addmuladd_12s_12s_13s_26s_26_1_1_U636 | 1   |        | mul_ln58_52       | mul | dsp_slice | 0       |
|   sub_ln58_131_fu_3011_p2                   |     |        | sub_ln58_131      | sub | fabric    | 0       |
|   am_submul_12s_12s_13s_26_1_1_U383         | 1   |        | sub_ln58_132      | sub | dsp_slice | 0       |
|   am_submul_12s_12s_13s_26_1_1_U383         | 1   |        | mul_ln58_53       | mul | dsp_slice | 0       |
|   ama_addmuladd_12s_12s_13s_26s_26_1_1_U636 | 1   |        | add_ln58_79       | add | dsp_slice | 0       |
|   add_ln58_80_fu_15662_p2                   |     |        | add_ln58_80       | add | fabric    | 0       |
|   sub_ln58_135_fu_6127_p2                   |     |        | sub_ln58_135      | sub | fabric    | 0       |
|   ama_addmuladd_12s_12s_13s_26s_26_1_1_U637 | 1   |        | add_ln58_81       | add | dsp_slice | 0       |
|   ama_addmuladd_12s_12s_13s_26s_26_1_1_U637 | 1   |        | mul_ln58_54       | mul | dsp_slice | 0       |
|   sub_ln58_136_fu_3021_p2                   |     |        | sub_ln58_136      | sub | fabric    | 0       |
|   am_submul_12s_12s_13s_26_1_1_U384         | 1   |        | sub_ln58_137      | sub | dsp_slice | 0       |
|   am_submul_12s_12s_13s_26_1_1_U384         | 1   |        | mul_ln58_55       | mul | dsp_slice | 0       |
|   ama_addmuladd_12s_12s_13s_26s_26_1_1_U637 | 1   |        | add_ln58_82       | add | dsp_slice | 0       |
|   add_ln58_83_fu_15921_p2                   |     |        | add_ln58_83       | add | fabric    | 0       |
|   sub_ln58_140_fu_6137_p2                   |     |        | sub_ln58_140      | sub | fabric    | 0       |
|   ama_addmuladd_12s_12s_13s_26s_26_1_1_U638 | 1   |        | add_ln58_84       | add | dsp_slice | 0       |
|   ama_addmuladd_12s_12s_13s_26s_26_1_1_U638 | 1   |        | mul_ln58_56       | mul | dsp_slice | 0       |
|   sub_ln58_141_fu_3031_p2                   |     |        | sub_ln58_141      | sub | fabric    | 0       |
|   am_submul_12s_12s_13s_26_1_1_U385         | 1   |        | sub_ln58_142      | sub | dsp_slice | 0       |
|   am_submul_12s_12s_13s_26_1_1_U385         | 1   |        | mul_ln58_57       | mul | dsp_slice | 0       |
|   ama_addmuladd_12s_12s_13s_26s_26_1_1_U638 | 1   |        | add_ln58_85       | add | dsp_slice | 0       |
|   add_ln58_86_fu_16180_p2                   |     |        | add_ln58_86       | add | fabric    | 0       |
|   sub_ln58_145_fu_6147_p2                   |     |        | sub_ln58_145      | sub | fabric    | 0       |
|   ama_addmuladd_12s_12s_13s_26s_26_1_1_U639 | 1   |        | add_ln58_87       | add | dsp_slice | 0       |
|   ama_addmuladd_12s_12s_13s_26s_26_1_1_U639 | 1   |        | mul_ln58_58       | mul | dsp_slice | 0       |
|   sub_ln58_146_fu_3041_p2                   |     |        | sub_ln58_146      | sub | fabric    | 0       |
|   am_submul_12s_12s_13s_26_1_1_U386         | 1   |        | sub_ln58_147      | sub | dsp_slice | 0       |
|   am_submul_12s_12s_13s_26_1_1_U386         | 1   |        | mul_ln58_59       | mul | dsp_slice | 0       |
|   ama_addmuladd_12s_12s_13s_26s_26_1_1_U639 | 1   |        | add_ln58_88       | add | dsp_slice | 0       |
|   add_ln58_89_fu_16439_p2                   |     |        | add_ln58_89       | add | fabric    | 0       |
|   sub_ln58_150_fu_6157_p2                   |     |        | sub_ln58_150      | sub | fabric    | 0       |
|   ama_addmuladd_12s_12s_13s_26s_26_1_1_U640 | 1   |        | add_ln58_90       | add | dsp_slice | 0       |
|   ama_addmuladd_12s_12s_13s_26s_26_1_1_U640 | 1   |        | mul_ln58_60       | mul | dsp_slice | 0       |
|   sub_ln58_151_fu_3051_p2                   |     |        | sub_ln58_151      | sub | fabric    | 0       |
|   am_submul_12s_12s_13s_26_1_1_U387         | 1   |        | sub_ln58_152      | sub | dsp_slice | 0       |
|   am_submul_12s_12s_13s_26_1_1_U387         | 1   |        | mul_ln58_61       | mul | dsp_slice | 0       |
|   ama_addmuladd_12s_12s_13s_26s_26_1_1_U640 | 1   |        | add_ln58_91       | add | dsp_slice | 0       |
|   add_ln58_92_fu_16698_p2                   |     |        | add_ln58_92       | add | fabric    | 0       |
|   sub_ln58_155_fu_6167_p2                   |     |        | sub_ln58_155      | sub | fabric    | 0       |
|   ama_addmuladd_12s_12s_13s_26s_26_1_1_U641 | 1   |        | add_ln58_93       | add | dsp_slice | 0       |
|   ama_addmuladd_12s_12s_13s_26s_26_1_1_U641 | 1   |        | mul_ln58_62       | mul | dsp_slice | 0       |
|   sub_ln58_156_fu_3061_p2                   |     |        | sub_ln58_156      | sub | fabric    | 0       |
|   am_submul_12s_12s_13s_26_1_1_U388         | 1   |        | sub_ln58_157      | sub | dsp_slice | 0       |
|   am_submul_12s_12s_13s_26_1_1_U388         | 1   |        | mul_ln58_63       | mul | dsp_slice | 0       |
|   ama_addmuladd_12s_12s_13s_26s_26_1_1_U641 | 1   |        | add_ln58_94       | add | dsp_slice | 0       |
|   add_ln58_95_fu_16957_p2                   |     |        | add_ln58_95       | add | fabric    | 0       |
|   sub_ln58_160_fu_6177_p2                   |     |        | sub_ln58_160      | sub | fabric    | 0       |
|   ama_addmuladd_12s_12s_13s_26s_26_1_1_U642 | 1   |        | add_ln58_96       | add | dsp_slice | 0       |
|   ama_addmuladd_12s_12s_13s_26s_26_1_1_U642 | 1   |        | mul_ln58_64       | mul | dsp_slice | 0       |
|   sub_ln58_161_fu_3071_p2                   |     |        | sub_ln58_161      | sub | fabric    | 0       |
|   am_submul_12s_12s_13s_26_1_1_U389         | 1   |        | sub_ln58_162      | sub | dsp_slice | 0       |
|   am_submul_12s_12s_13s_26_1_1_U389         | 1   |        | mul_ln58_65       | mul | dsp_slice | 0       |
|   ama_addmuladd_12s_12s_13s_26s_26_1_1_U642 | 1   |        | add_ln58_97       | add | dsp_slice | 0       |
|   add_ln58_98_fu_17216_p2                   |     |        | add_ln58_98       | add | fabric    | 0       |
|   sub_ln58_165_fu_6187_p2                   |     |        | sub_ln58_165      | sub | fabric    | 0       |
|   ama_addmuladd_12s_12s_13s_26s_26_1_1_U643 | 1   |        | add_ln58_99       | add | dsp_slice | 0       |
|   ama_addmuladd_12s_12s_13s_26s_26_1_1_U643 | 1   |        | mul_ln58_66       | mul | dsp_slice | 0       |
|   sub_ln58_166_fu_3081_p2                   |     |        | sub_ln58_166      | sub | fabric    | 0       |
|   am_submul_12s_12s_13s_26_1_1_U390         | 1   |        | sub_ln58_167      | sub | dsp_slice | 0       |
|   am_submul_12s_12s_13s_26_1_1_U390         | 1   |        | mul_ln58_67       | mul | dsp_slice | 0       |
|   ama_addmuladd_12s_12s_13s_26s_26_1_1_U643 | 1   |        | add_ln58_100      | add | dsp_slice | 0       |
|   add_ln58_101_fu_17475_p2                  |     |        | add_ln58_101      | add | fabric    | 0       |
|   sub_ln58_170_fu_6197_p2                   |     |        | sub_ln58_170      | sub | fabric    | 0       |
|   ama_addmuladd_12s_12s_13s_26s_26_1_1_U644 | 1   |        | add_ln58_102      | add | dsp_slice | 0       |
|   ama_addmuladd_12s_12s_13s_26s_26_1_1_U644 | 1   |        | mul_ln58_68       | mul | dsp_slice | 0       |
|   sub_ln58_171_fu_3091_p2                   |     |        | sub_ln58_171      | sub | fabric    | 0       |
|   am_submul_12s_12s_13s_26_1_1_U391         | 1   |        | sub_ln58_172      | sub | dsp_slice | 0       |
|   am_submul_12s_12s_13s_26_1_1_U391         | 1   |        | mul_ln58_69       | mul | dsp_slice | 0       |
|   ama_addmuladd_12s_12s_13s_26s_26_1_1_U644 | 1   |        | add_ln58_103      | add | dsp_slice | 0       |
|   add_ln58_104_fu_17734_p2                  |     |        | add_ln58_104      | add | fabric    | 0       |
|   sub_ln58_175_fu_6207_p2                   |     |        | sub_ln58_175      | sub | fabric    | 0       |
|   ama_addmuladd_12s_12s_13s_26s_26_1_1_U645 | 1   |        | add_ln58_105      | add | dsp_slice | 0       |
|   ama_addmuladd_12s_12s_13s_26s_26_1_1_U645 | 1   |        | mul_ln58_70       | mul | dsp_slice | 0       |
|   sub_ln58_176_fu_3101_p2                   |     |        | sub_ln58_176      | sub | fabric    | 0       |
|   am_submul_12s_12s_13s_26_1_1_U392         | 1   |        | sub_ln58_177      | sub | dsp_slice | 0       |
|   am_submul_12s_12s_13s_26_1_1_U392         | 1   |        | mul_ln58_71       | mul | dsp_slice | 0       |
|   ama_addmuladd_12s_12s_13s_26s_26_1_1_U645 | 1   |        | add_ln58_106      | add | dsp_slice | 0       |
|   add_ln58_107_fu_17993_p2                  |     |        | add_ln58_107      | add | fabric    | 0       |
|   sub_ln58_180_fu_6217_p2                   |     |        | sub_ln58_180      | sub | fabric    | 0       |
|   ama_addmuladd_12s_12s_13s_26s_26_1_1_U646 | 1   |        | add_ln58_108      | add | dsp_slice | 0       |
|   ama_addmuladd_12s_12s_13s_26s_26_1_1_U646 | 1   |        | mul_ln58_72       | mul | dsp_slice | 0       |
|   sub_ln58_181_fu_3111_p2                   |     |        | sub_ln58_181      | sub | fabric    | 0       |
|   am_submul_12s_12s_13s_26_1_1_U393         | 1   |        | sub_ln58_182      | sub | dsp_slice | 0       |
|   am_submul_12s_12s_13s_26_1_1_U393         | 1   |        | mul_ln58_73       | mul | dsp_slice | 0       |
|   ama_addmuladd_12s_12s_13s_26s_26_1_1_U646 | 1   |        | add_ln58_109      | add | dsp_slice | 0       |
|   add_ln58_110_fu_18252_p2                  |     |        | add_ln58_110      | add | fabric    | 0       |
|   sub_ln58_185_fu_6227_p2                   |     |        | sub_ln58_185      | sub | fabric    | 0       |
|   ama_addmuladd_12s_12s_13s_26s_26_1_1_U647 | 1   |        | add_ln58_111      | add | dsp_slice | 0       |
|   ama_addmuladd_12s_12s_13s_26s_26_1_1_U647 | 1   |        | mul_ln58_74       | mul | dsp_slice | 0       |
|   sub_ln58_186_fu_3121_p2                   |     |        | sub_ln58_186      | sub | fabric    | 0       |
|   am_submul_12s_12s_13s_26_1_1_U394         | 1   |        | sub_ln58_187      | sub | dsp_slice | 0       |
|   am_submul_12s_12s_13s_26_1_1_U394         | 1   |        | mul_ln58_75       | mul | dsp_slice | 0       |
|   ama_addmuladd_12s_12s_13s_26s_26_1_1_U647 | 1   |        | add_ln58_112      | add | dsp_slice | 0       |
|   add_ln58_113_fu_18511_p2                  |     |        | add_ln58_113      | add | fabric    | 0       |
|   sub_ln58_190_fu_6237_p2                   |     |        | sub_ln58_190      | sub | fabric    | 0       |
|   ama_addmuladd_12s_12s_13s_26s_26_1_1_U648 | 1   |        | add_ln58_114      | add | dsp_slice | 0       |
|   ama_addmuladd_12s_12s_13s_26s_26_1_1_U648 | 1   |        | mul_ln58_76       | mul | dsp_slice | 0       |
|   sub_ln58_191_fu_3131_p2                   |     |        | sub_ln58_191      | sub | fabric    | 0       |
|   am_submul_12s_12s_13s_26_1_1_U395         | 1   |        | sub_ln58_192      | sub | dsp_slice | 0       |
|   am_submul_12s_12s_13s_26_1_1_U395         | 1   |        | mul_ln58_77       | mul | dsp_slice | 0       |
|   ama_addmuladd_12s_12s_13s_26s_26_1_1_U648 | 1   |        | add_ln58_115      | add | dsp_slice | 0       |
|   add_ln58_116_fu_18770_p2                  |     |        | add_ln58_116      | add | fabric    | 0       |
|   sub_ln58_195_fu_6247_p2                   |     |        | sub_ln58_195      | sub | fabric    | 0       |
|   ama_addmuladd_12s_12s_13s_26s_26_1_1_U649 | 1   |        | add_ln58_117      | add | dsp_slice | 0       |
|   ama_addmuladd_12s_12s_13s_26s_26_1_1_U649 | 1   |        | mul_ln58_78       | mul | dsp_slice | 0       |
|   sub_ln58_196_fu_3141_p2                   |     |        | sub_ln58_196      | sub | fabric    | 0       |
|   am_submul_12s_12s_13s_26_1_1_U396         | 1   |        | sub_ln58_197      | sub | dsp_slice | 0       |
|   am_submul_12s_12s_13s_26_1_1_U396         | 1   |        | mul_ln58_79       | mul | dsp_slice | 0       |
|   ama_addmuladd_12s_12s_13s_26s_26_1_1_U649 | 1   |        | add_ln58_118      | add | dsp_slice | 0       |
|   add_ln58_119_fu_19029_p2                  |     |        | add_ln58_119      | add | fabric    | 0       |
|   sub_ln58_200_fu_6257_p2                   |     |        | sub_ln58_200      | sub | fabric    | 0       |
|   ama_addmuladd_12s_12s_13s_26s_26_1_1_U650 | 1   |        | add_ln58_120      | add | dsp_slice | 0       |
|   ama_addmuladd_12s_12s_13s_26s_26_1_1_U650 | 1   |        | mul_ln58_80       | mul | dsp_slice | 0       |
|   sub_ln58_201_fu_3151_p2                   |     |        | sub_ln58_201      | sub | fabric    | 0       |
|   am_submul_12s_12s_13s_26_1_1_U397         | 1   |        | sub_ln58_202      | sub | dsp_slice | 0       |
|   am_submul_12s_12s_13s_26_1_1_U397         | 1   |        | mul_ln58_81       | mul | dsp_slice | 0       |
|   ama_addmuladd_12s_12s_13s_26s_26_1_1_U650 | 1   |        | add_ln58_121      | add | dsp_slice | 0       |
|   add_ln58_122_fu_19288_p2                  |     |        | add_ln58_122      | add | fabric    | 0       |
|   sub_ln58_205_fu_6267_p2                   |     |        | sub_ln58_205      | sub | fabric    | 0       |
|   ama_addmuladd_12s_12s_13s_26s_26_1_1_U651 | 1   |        | add_ln58_123      | add | dsp_slice | 0       |
|   ama_addmuladd_12s_12s_13s_26s_26_1_1_U651 | 1   |        | mul_ln58_82       | mul | dsp_slice | 0       |
|   sub_ln58_206_fu_3161_p2                   |     |        | sub_ln58_206      | sub | fabric    | 0       |
|   am_submul_12s_12s_13s_26_1_1_U398         | 1   |        | sub_ln58_207      | sub | dsp_slice | 0       |
|   am_submul_12s_12s_13s_26_1_1_U398         | 1   |        | mul_ln58_83       | mul | dsp_slice | 0       |
|   ama_addmuladd_12s_12s_13s_26s_26_1_1_U651 | 1   |        | add_ln58_124      | add | dsp_slice | 0       |
|   add_ln58_125_fu_19547_p2                  |     |        | add_ln58_125      | add | fabric    | 0       |
|   sub_ln58_210_fu_6277_p2                   |     |        | sub_ln58_210      | sub | fabric    | 0       |
|   ama_addmuladd_12s_12s_13s_26s_26_1_1_U652 | 1   |        | add_ln58_126      | add | dsp_slice | 0       |
|   ama_addmuladd_12s_12s_13s_26s_26_1_1_U652 | 1   |        | mul_ln58_84       | mul | dsp_slice | 0       |
|   am_submul_12s_12s_13s_26_1_1_U399         | 1   |        | sub_ln58_211      | sub | dsp_slice | 0       |
|   sub_ln58_212_fu_3171_p2                   |     |        | sub_ln58_212      | sub | fabric    | 0       |
|   am_submul_12s_12s_13s_26_1_1_U399         | 1   |        | mul_ln58_85       | mul | dsp_slice | 0       |
|   ama_addmuladd_12s_12s_13s_26s_26_1_1_U652 | 1   |        | add_ln58_127      | add | dsp_slice | 0       |
|   add_ln58_128_fu_19806_p2                  |     |        | add_ln58_128      | add | fabric    | 0       |
|   sub_ln58_215_fu_6287_p2                   |     |        | sub_ln58_215      | sub | fabric    | 0       |
|   ama_addmuladd_12s_12s_13s_26s_26_1_1_U653 | 1   |        | add_ln58_129      | add | dsp_slice | 0       |
|   ama_addmuladd_12s_12s_13s_26s_26_1_1_U653 | 1   |        | mul_ln58_86       | mul | dsp_slice | 0       |
|   am_submul_12s_12s_13s_26_1_1_U400         | 1   |        | sub_ln58_216      | sub | dsp_slice | 0       |
|   sub_ln58_217_fu_3181_p2                   |     |        | sub_ln58_217      | sub | fabric    | 0       |
|   am_submul_12s_12s_13s_26_1_1_U400         | 1   |        | mul_ln58_87       | mul | dsp_slice | 0       |
|   ama_addmuladd_12s_12s_13s_26s_26_1_1_U653 | 1   |        | add_ln58_130      | add | dsp_slice | 0       |
|   add_ln58_131_fu_20069_p2                  |     |        | add_ln58_131      | add | fabric    | 0       |
|   sub_ln58_220_fu_6297_p2                   |     |        | sub_ln58_220      | sub | fabric    | 0       |
|   ama_addmuladd_12s_12s_13s_26s_26_1_1_U654 | 1   |        | add_ln58_132      | add | dsp_slice | 0       |
|   ama_addmuladd_12s_12s_13s_26s_26_1_1_U654 | 1   |        | mul_ln58_88       | mul | dsp_slice | 0       |
|   am_submul_12s_12s_13s_26_1_1_U401         | 1   |        | sub_ln58_221      | sub | dsp_slice | 0       |
|   sub_ln58_222_fu_3191_p2                   |     |        | sub_ln58_222      | sub | fabric    | 0       |
|   am_submul_12s_12s_13s_26_1_1_U401         | 1   |        | mul_ln58_89       | mul | dsp_slice | 0       |
|   ama_addmuladd_12s_12s_13s_26s_26_1_1_U654 | 1   |        | add_ln58_133      | add | dsp_slice | 0       |
|   add_ln58_134_fu_20328_p2                  |     |        | add_ln58_134      | add | fabric    | 0       |
|   sub_ln58_225_fu_6307_p2                   |     |        | sub_ln58_225      | sub | fabric    | 0       |
|   ama_addmuladd_12s_12s_13s_26s_26_1_1_U655 | 1   |        | add_ln58_135      | add | dsp_slice | 0       |
|   ama_addmuladd_12s_12s_13s_26s_26_1_1_U655 | 1   |        | mul_ln58_90       | mul | dsp_slice | 0       |
|   am_submul_12s_12s_13s_26_1_1_U402         | 1   |        | sub_ln58_226      | sub | dsp_slice | 0       |
|   sub_ln58_227_fu_3201_p2                   |     |        | sub_ln58_227      | sub | fabric    | 0       |
|   am_submul_12s_12s_13s_26_1_1_U402         | 1   |        | mul_ln58_91       | mul | dsp_slice | 0       |
|   ama_addmuladd_12s_12s_13s_26s_26_1_1_U655 | 1   |        | add_ln58_136      | add | dsp_slice | 0       |
|   add_ln58_137_fu_20587_p2                  |     |        | add_ln58_137      | add | fabric    | 0       |
|   sub_ln58_230_fu_6317_p2                   |     |        | sub_ln58_230      | sub | fabric    | 0       |
|   ama_addmuladd_12s_12s_13s_26s_26_1_1_U656 | 1   |        | add_ln58_138      | add | dsp_slice | 0       |
|   ama_addmuladd_12s_12s_13s_26s_26_1_1_U656 | 1   |        | mul_ln58_92       | mul | dsp_slice | 0       |
|   am_submul_12s_12s_13s_26_1_1_U403         | 1   |        | sub_ln58_231      | sub | dsp_slice | 0       |
|   sub_ln58_232_fu_3211_p2                   |     |        | sub_ln58_232      | sub | fabric    | 0       |
|   am_submul_12s_12s_13s_26_1_1_U403         | 1   |        | mul_ln58_93       | mul | dsp_slice | 0       |
|   ama_addmuladd_12s_12s_13s_26s_26_1_1_U656 | 1   |        | add_ln58_139      | add | dsp_slice | 0       |
|   add_ln58_140_fu_20846_p2                  |     |        | add_ln58_140      | add | fabric    | 0       |
|   sub_ln58_235_fu_6327_p2                   |     |        | sub_ln58_235      | sub | fabric    | 0       |
|   ama_addmuladd_12s_12s_13s_26s_26_1_1_U657 | 1   |        | add_ln58_141      | add | dsp_slice | 0       |
|   ama_addmuladd_12s_12s_13s_26s_26_1_1_U657 | 1   |        | mul_ln58_94       | mul | dsp_slice | 0       |
|   am_submul_12s_12s_13s_26_1_1_U404         | 1   |        | sub_ln58_236      | sub | dsp_slice | 0       |
|   sub_ln58_237_fu_3221_p2                   |     |        | sub_ln58_237      | sub | fabric    | 0       |
|   am_submul_12s_12s_13s_26_1_1_U404         | 1   |        | mul_ln58_95       | mul | dsp_slice | 0       |
|   ama_addmuladd_12s_12s_13s_26s_26_1_1_U657 | 1   |        | add_ln58_142      | add | dsp_slice | 0       |
|   add_ln58_143_fu_21105_p2                  |     |        | add_ln58_143      | add | fabric    | 0       |
|   sub_ln58_240_fu_6337_p2                   |     |        | sub_ln58_240      | sub | fabric    | 0       |
|   ama_addmuladd_12s_12s_13s_26s_26_1_1_U658 | 1   |        | add_ln58_144      | add | dsp_slice | 0       |
|   ama_addmuladd_12s_12s_13s_26s_26_1_1_U658 | 1   |        | mul_ln58_96       | mul | dsp_slice | 0       |
|   am_submul_12s_12s_13s_26_1_1_U405         | 1   |        | sub_ln58_241      | sub | dsp_slice | 0       |
|   sub_ln58_242_fu_3231_p2                   |     |        | sub_ln58_242      | sub | fabric    | 0       |
|   am_submul_12s_12s_13s_26_1_1_U405         | 1   |        | mul_ln58_97       | mul | dsp_slice | 0       |
|   ama_addmuladd_12s_12s_13s_26s_26_1_1_U658 | 1   |        | add_ln58_145      | add | dsp_slice | 0       |
|   add_ln58_146_fu_21364_p2                  |     |        | add_ln58_146      | add | fabric    | 0       |
|   sub_ln58_245_fu_6347_p2                   |     |        | sub_ln58_245      | sub | fabric    | 0       |
|   ama_addmuladd_12s_12s_13s_26s_26_1_1_U659 | 1   |        | add_ln58_147      | add | dsp_slice | 0       |
|   ama_addmuladd_12s_12s_13s_26s_26_1_1_U659 | 1   |        | mul_ln58_98       | mul | dsp_slice | 0       |
|   am_submul_12s_12s_13s_26_1_1_U406         | 1   |        | sub_ln58_246      | sub | dsp_slice | 0       |
|   sub_ln58_247_fu_3241_p2                   |     |        | sub_ln58_247      | sub | fabric    | 0       |
|   am_submul_12s_12s_13s_26_1_1_U406         | 1   |        | mul_ln58_99       | mul | dsp_slice | 0       |
|   ama_addmuladd_12s_12s_13s_26s_26_1_1_U659 | 1   |        | add_ln58_148      | add | dsp_slice | 0       |
|   add_ln58_149_fu_21623_p2                  |     |        | add_ln58_149      | add | fabric    | 0       |
|   sub_ln58_250_fu_6357_p2                   |     |        | sub_ln58_250      | sub | fabric    | 0       |
|   ama_addmuladd_12s_12s_13s_26s_26_1_1_U660 | 1   |        | add_ln58_150      | add | dsp_slice | 0       |
|   ama_addmuladd_12s_12s_13s_26s_26_1_1_U660 | 1   |        | mul_ln58_100      | mul | dsp_slice | 0       |
|   am_submul_12s_12s_13s_26_1_1_U407         | 1   |        | sub_ln58_251      | sub | dsp_slice | 0       |
|   sub_ln58_252_fu_3251_p2                   |     |        | sub_ln58_252      | sub | fabric    | 0       |
|   am_submul_12s_12s_13s_26_1_1_U407         | 1   |        | mul_ln58_101      | mul | dsp_slice | 0       |
|   ama_addmuladd_12s_12s_13s_26s_26_1_1_U660 | 1   |        | add_ln58_151      | add | dsp_slice | 0       |
|   add_ln58_152_fu_21882_p2                  |     |        | add_ln58_152      | add | fabric    | 0       |
|   sub_ln58_255_fu_6367_p2                   |     |        | sub_ln58_255      | sub | fabric    | 0       |
|   ama_addmuladd_12s_12s_13s_26s_26_1_1_U661 | 1   |        | add_ln58_153      | add | dsp_slice | 0       |
|   ama_addmuladd_12s_12s_13s_26s_26_1_1_U661 | 1   |        | mul_ln58_102      | mul | dsp_slice | 0       |
|   am_submul_12s_12s_13s_26_1_1_U408         | 1   |        | sub_ln58_256      | sub | dsp_slice | 0       |
|   sub_ln58_257_fu_3261_p2                   |     |        | sub_ln58_257      | sub | fabric    | 0       |
|   am_submul_12s_12s_13s_26_1_1_U408         | 1   |        | mul_ln58_103      | mul | dsp_slice | 0       |
|   ama_addmuladd_12s_12s_13s_26s_26_1_1_U661 | 1   |        | add_ln58_154      | add | dsp_slice | 0       |
|   add_ln58_155_fu_22141_p2                  |     |        | add_ln58_155      | add | fabric    | 0       |
|   sub_ln58_260_fu_6377_p2                   |     |        | sub_ln58_260      | sub | fabric    | 0       |
|   ama_addmuladd_12s_12s_13s_26s_26_1_1_U662 | 1   |        | add_ln58_156      | add | dsp_slice | 0       |
|   ama_addmuladd_12s_12s_13s_26s_26_1_1_U662 | 1   |        | mul_ln58_104      | mul | dsp_slice | 0       |
|   am_submul_12s_12s_13s_26_1_1_U409         | 1   |        | sub_ln58_261      | sub | dsp_slice | 0       |
|   sub_ln58_262_fu_3271_p2                   |     |        | sub_ln58_262      | sub | fabric    | 0       |
|   am_submul_12s_12s_13s_26_1_1_U409         | 1   |        | mul_ln58_105      | mul | dsp_slice | 0       |
|   ama_addmuladd_12s_12s_13s_26s_26_1_1_U662 | 1   |        | add_ln58_157      | add | dsp_slice | 0       |
|   add_ln58_158_fu_22400_p2                  |     |        | add_ln58_158      | add | fabric    | 0       |
|   sub_ln58_265_fu_6387_p2                   |     |        | sub_ln58_265      | sub | fabric    | 0       |
|   ama_addmuladd_12s_12s_13s_26s_26_1_1_U663 | 1   |        | add_ln58_159      | add | dsp_slice | 0       |
|   ama_addmuladd_12s_12s_13s_26s_26_1_1_U663 | 1   |        | mul_ln58_106      | mul | dsp_slice | 0       |
|   am_submul_12s_12s_13s_26_1_1_U410         | 1   |        | sub_ln58_266      | sub | dsp_slice | 0       |
|   sub_ln58_267_fu_3281_p2                   |     |        | sub_ln58_267      | sub | fabric    | 0       |
|   am_submul_12s_12s_13s_26_1_1_U410         | 1   |        | mul_ln58_107      | mul | dsp_slice | 0       |
|   ama_addmuladd_12s_12s_13s_26s_26_1_1_U663 | 1   |        | add_ln58_160      | add | dsp_slice | 0       |
|   add_ln58_161_fu_22659_p2                  |     |        | add_ln58_161      | add | fabric    | 0       |
|   sub_ln58_270_fu_6397_p2                   |     |        | sub_ln58_270      | sub | fabric    | 0       |
|   ama_addmuladd_12s_12s_13s_26s_26_1_1_U664 | 1   |        | add_ln58_162      | add | dsp_slice | 0       |
|   ama_addmuladd_12s_12s_13s_26s_26_1_1_U664 | 1   |        | mul_ln58_108      | mul | dsp_slice | 0       |
|   am_submul_12s_12s_13s_26_1_1_U411         | 1   |        | sub_ln58_271      | sub | dsp_slice | 0       |
|   sub_ln58_272_fu_3291_p2                   |     |        | sub_ln58_272      | sub | fabric    | 0       |
|   am_submul_12s_12s_13s_26_1_1_U411         | 1   |        | mul_ln58_109      | mul | dsp_slice | 0       |
|   ama_addmuladd_12s_12s_13s_26s_26_1_1_U664 | 1   |        | add_ln58_163      | add | dsp_slice | 0       |
|   add_ln58_164_fu_22918_p2                  |     |        | add_ln58_164      | add | fabric    | 0       |
|   sub_ln58_275_fu_6407_p2                   |     |        | sub_ln58_275      | sub | fabric    | 0       |
|   ama_addmuladd_12s_12s_13s_26s_26_1_1_U665 | 1   |        | add_ln58_165      | add | dsp_slice | 0       |
|   ama_addmuladd_12s_12s_13s_26s_26_1_1_U665 | 1   |        | mul_ln58_110      | mul | dsp_slice | 0       |
|   am_submul_12s_12s_13s_26_1_1_U412         | 1   |        | sub_ln58_276      | sub | dsp_slice | 0       |
|   sub_ln58_277_fu_3301_p2                   |     |        | sub_ln58_277      | sub | fabric    | 0       |
|   am_submul_12s_12s_13s_26_1_1_U412         | 1   |        | mul_ln58_111      | mul | dsp_slice | 0       |
|   ama_addmuladd_12s_12s_13s_26s_26_1_1_U665 | 1   |        | add_ln58_166      | add | dsp_slice | 0       |
|   add_ln58_167_fu_23177_p2                  |     |        | add_ln58_167      | add | fabric    | 0       |
|   sub_ln58_280_fu_6417_p2                   |     |        | sub_ln58_280      | sub | fabric    | 0       |
|   ama_addmuladd_12s_12s_13s_26s_26_1_1_U666 | 1   |        | add_ln58_168      | add | dsp_slice | 0       |
|   ama_addmuladd_12s_12s_13s_26s_26_1_1_U666 | 1   |        | mul_ln58_112      | mul | dsp_slice | 0       |
|   am_submul_12s_12s_13s_26_1_1_U413         | 1   |        | sub_ln58_281      | sub | dsp_slice | 0       |
|   sub_ln58_282_fu_3311_p2                   |     |        | sub_ln58_282      | sub | fabric    | 0       |
|   am_submul_12s_12s_13s_26_1_1_U413         | 1   |        | mul_ln58_113      | mul | dsp_slice | 0       |
|   ama_addmuladd_12s_12s_13s_26s_26_1_1_U666 | 1   |        | add_ln58_169      | add | dsp_slice | 0       |
|   add_ln58_170_fu_23436_p2                  |     |        | add_ln58_170      | add | fabric    | 0       |
|   sub_ln58_285_fu_6427_p2                   |     |        | sub_ln58_285      | sub | fabric    | 0       |
|   ama_addmuladd_12s_12s_13s_26s_26_1_1_U667 | 1   |        | add_ln58_171      | add | dsp_slice | 0       |
|   ama_addmuladd_12s_12s_13s_26s_26_1_1_U667 | 1   |        | mul_ln58_114      | mul | dsp_slice | 0       |
|   am_submul_12s_12s_13s_26_1_1_U414         | 1   |        | sub_ln58_286      | sub | dsp_slice | 0       |
|   sub_ln58_287_fu_3321_p2                   |     |        | sub_ln58_287      | sub | fabric    | 0       |
|   am_submul_12s_12s_13s_26_1_1_U414         | 1   |        | mul_ln58_115      | mul | dsp_slice | 0       |
|   ama_addmuladd_12s_12s_13s_26s_26_1_1_U667 | 1   |        | add_ln58_172      | add | dsp_slice | 0       |
|   add_ln58_173_fu_23695_p2                  |     |        | add_ln58_173      | add | fabric    | 0       |
|   sub_ln58_290_fu_6437_p2                   |     |        | sub_ln58_290      | sub | fabric    | 0       |
|   ama_addmuladd_12s_12s_13s_26s_26_1_1_U668 | 1   |        | add_ln58_174      | add | dsp_slice | 0       |
|   ama_addmuladd_12s_12s_13s_26s_26_1_1_U668 | 1   |        | mul_ln58_116      | mul | dsp_slice | 0       |
|   am_submul_12s_12s_13s_26_1_1_U415         | 1   |        | sub_ln58_291      | sub | dsp_slice | 0       |
|   sub_ln58_292_fu_3331_p2                   |     |        | sub_ln58_292      | sub | fabric    | 0       |
|   am_submul_12s_12s_13s_26_1_1_U415         | 1   |        | mul_ln58_117      | mul | dsp_slice | 0       |
|   ama_addmuladd_12s_12s_13s_26s_26_1_1_U668 | 1   |        | add_ln58_175      | add | dsp_slice | 0       |
|   add_ln58_176_fu_23954_p2                  |     |        | add_ln58_176      | add | fabric    | 0       |
|   sub_ln58_295_fu_6447_p2                   |     |        | sub_ln58_295      | sub | fabric    | 0       |
|   ama_addmuladd_12s_12s_13s_26s_26_1_1_U669 | 1   |        | add_ln58_177      | add | dsp_slice | 0       |
|   ama_addmuladd_12s_12s_13s_26s_26_1_1_U669 | 1   |        | mul_ln58_118      | mul | dsp_slice | 0       |
|   am_submul_12s_12s_13s_26_1_1_U416         | 1   |        | sub_ln58_296      | sub | dsp_slice | 0       |
|   sub_ln58_297_fu_3341_p2                   |     |        | sub_ln58_297      | sub | fabric    | 0       |
|   am_submul_12s_12s_13s_26_1_1_U416         | 1   |        | mul_ln58_119      | mul | dsp_slice | 0       |
|   ama_addmuladd_12s_12s_13s_26s_26_1_1_U669 | 1   |        | add_ln58_178      | add | dsp_slice | 0       |
|   add_ln58_179_fu_24213_p2                  |     |        | add_ln58_179      | add | fabric    | 0       |
|   sub_ln58_300_fu_6457_p2                   |     |        | sub_ln58_300      | sub | fabric    | 0       |
|   ama_addmuladd_12s_12s_13s_26s_26_1_1_U670 | 1   |        | add_ln58_180      | add | dsp_slice | 0       |
|   ama_addmuladd_12s_12s_13s_26s_26_1_1_U670 | 1   |        | mul_ln58_120      | mul | dsp_slice | 0       |
|   am_submul_12s_12s_13s_26_1_1_U417         | 1   |        | sub_ln58_301      | sub | dsp_slice | 0       |
|   sub_ln58_302_fu_3351_p2                   |     |        | sub_ln58_302      | sub | fabric    | 0       |
|   am_submul_12s_12s_13s_26_1_1_U417         | 1   |        | mul_ln58_121      | mul | dsp_slice | 0       |
|   ama_addmuladd_12s_12s_13s_26s_26_1_1_U670 | 1   |        | add_ln58_181      | add | dsp_slice | 0       |
|   add_ln58_182_fu_24472_p2                  |     |        | add_ln58_182      | add | fabric    | 0       |
|   sub_ln58_305_fu_6467_p2                   |     |        | sub_ln58_305      | sub | fabric    | 0       |
|   ama_addmuladd_12s_12s_13s_26s_26_1_1_U671 | 1   |        | add_ln58_183      | add | dsp_slice | 0       |
|   ama_addmuladd_12s_12s_13s_26s_26_1_1_U671 | 1   |        | mul_ln58_122      | mul | dsp_slice | 0       |
|   am_submul_12s_12s_13s_26_1_1_U418         | 1   |        | sub_ln58_306      | sub | dsp_slice | 0       |
|   sub_ln58_307_fu_3361_p2                   |     |        | sub_ln58_307      | sub | fabric    | 0       |
|   am_submul_12s_12s_13s_26_1_1_U418         | 1   |        | mul_ln58_123      | mul | dsp_slice | 0       |
|   ama_addmuladd_12s_12s_13s_26s_26_1_1_U671 | 1   |        | add_ln58_184      | add | dsp_slice | 0       |
|   add_ln58_185_fu_24731_p2                  |     |        | add_ln58_185      | add | fabric    | 0       |
|   sub_ln58_310_fu_6477_p2                   |     |        | sub_ln58_310      | sub | fabric    | 0       |
|   ama_addmuladd_12s_12s_13s_26s_26_1_1_U672 | 1   |        | add_ln58_186      | add | dsp_slice | 0       |
|   ama_addmuladd_12s_12s_13s_26s_26_1_1_U672 | 1   |        | mul_ln58_124      | mul | dsp_slice | 0       |
|   am_submul_12s_12s_13s_26_1_1_U419         | 1   |        | sub_ln58_311      | sub | dsp_slice | 0       |
|   sub_ln58_312_fu_3371_p2                   |     |        | sub_ln58_312      | sub | fabric    | 0       |
|   am_submul_12s_12s_13s_26_1_1_U419         | 1   |        | mul_ln58_125      | mul | dsp_slice | 0       |
|   ama_addmuladd_12s_12s_13s_26s_26_1_1_U672 | 1   |        | add_ln58_187      | add | dsp_slice | 0       |
|   add_ln58_188_fu_24990_p2                  |     |        | add_ln58_188      | add | fabric    | 0       |
|   sub_ln58_315_fu_6487_p2                   |     |        | sub_ln58_315      | sub | fabric    | 0       |
|   ama_addmuladd_12s_12s_13s_26s_26_1_1_U673 | 1   |        | add_ln58_189      | add | dsp_slice | 0       |
|   ama_addmuladd_12s_12s_13s_26s_26_1_1_U673 | 1   |        | mul_ln58_126      | mul | dsp_slice | 0       |
|   am_submul_12s_12s_13s_26_1_1_U420         | 1   |        | sub_ln58_316      | sub | dsp_slice | 0       |
|   sub_ln58_317_fu_3381_p2                   |     |        | sub_ln58_317      | sub | fabric    | 0       |
|   am_submul_12s_12s_13s_26_1_1_U420         | 1   |        | mul_ln58_127      | mul | dsp_slice | 0       |
|   ama_addmuladd_12s_12s_13s_26s_26_1_1_U673 | 1   |        | add_ln58_190      | add | dsp_slice | 0       |
|   add_ln58_191_fu_25253_p2                  |     |        | add_ln58_191      | add | fabric    | 0       |
|   sub_ln58_320_fu_6497_p2                   |     |        | sub_ln58_320      | sub | fabric    | 0       |
|   ama_addmuladd_12s_12s_13s_26s_26_1_1_U674 | 1   |        | add_ln58_192      | add | dsp_slice | 0       |
|   ama_addmuladd_12s_12s_13s_26s_26_1_1_U674 | 1   |        | mul_ln58_128      | mul | dsp_slice | 0       |
|   am_submul_12s_12s_13s_26_1_1_U421         | 1   |        | sub_ln58_321      | sub | dsp_slice | 0       |
|   sub_ln58_322_fu_3391_p2                   |     |        | sub_ln58_322      | sub | fabric    | 0       |
|   am_submul_12s_12s_13s_26_1_1_U421         | 1   |        | mul_ln58_129      | mul | dsp_slice | 0       |
|   ama_addmuladd_12s_12s_13s_26s_26_1_1_U674 | 1   |        | add_ln58_193      | add | dsp_slice | 0       |
|   add_ln58_194_fu_25512_p2                  |     |        | add_ln58_194      | add | fabric    | 0       |
|   sub_ln58_325_fu_6507_p2                   |     |        | sub_ln58_325      | sub | fabric    | 0       |
|   ama_addmuladd_12s_12s_13s_26s_26_1_1_U675 | 1   |        | add_ln58_195      | add | dsp_slice | 0       |
|   ama_addmuladd_12s_12s_13s_26s_26_1_1_U675 | 1   |        | mul_ln58_130      | mul | dsp_slice | 0       |
|   am_submul_12s_12s_13s_26_1_1_U422         | 1   |        | sub_ln58_326      | sub | dsp_slice | 0       |
|   sub_ln58_327_fu_3401_p2                   |     |        | sub_ln58_327      | sub | fabric    | 0       |
|   am_submul_12s_12s_13s_26_1_1_U422         | 1   |        | mul_ln58_131      | mul | dsp_slice | 0       |
|   ama_addmuladd_12s_12s_13s_26s_26_1_1_U675 | 1   |        | add_ln58_196      | add | dsp_slice | 0       |
|   add_ln58_197_fu_25771_p2                  |     |        | add_ln58_197      | add | fabric    | 0       |
|   sub_ln58_330_fu_6517_p2                   |     |        | sub_ln58_330      | sub | fabric    | 0       |
|   ama_addmuladd_12s_12s_13s_26s_26_1_1_U676 | 1   |        | add_ln58_198      | add | dsp_slice | 0       |
|   ama_addmuladd_12s_12s_13s_26s_26_1_1_U676 | 1   |        | mul_ln58_132      | mul | dsp_slice | 0       |
|   am_submul_12s_12s_13s_26_1_1_U423         | 1   |        | sub_ln58_331      | sub | dsp_slice | 0       |
|   sub_ln58_332_fu_3411_p2                   |     |        | sub_ln58_332      | sub | fabric    | 0       |
|   am_submul_12s_12s_13s_26_1_1_U423         | 1   |        | mul_ln58_133      | mul | dsp_slice | 0       |
|   ama_addmuladd_12s_12s_13s_26s_26_1_1_U676 | 1   |        | add_ln58_199      | add | dsp_slice | 0       |
|   add_ln58_200_fu_26030_p2                  |     |        | add_ln58_200      | add | fabric    | 0       |
|   sub_ln58_335_fu_6527_p2                   |     |        | sub_ln58_335      | sub | fabric    | 0       |
|   ama_addmuladd_12s_12s_13s_26s_26_1_1_U677 | 1   |        | add_ln58_201      | add | dsp_slice | 0       |
|   ama_addmuladd_12s_12s_13s_26s_26_1_1_U677 | 1   |        | mul_ln58_134      | mul | dsp_slice | 0       |
|   am_submul_12s_12s_13s_26_1_1_U424         | 1   |        | sub_ln58_336      | sub | dsp_slice | 0       |
|   sub_ln58_337_fu_3421_p2                   |     |        | sub_ln58_337      | sub | fabric    | 0       |
|   am_submul_12s_12s_13s_26_1_1_U424         | 1   |        | mul_ln58_135      | mul | dsp_slice | 0       |
|   ama_addmuladd_12s_12s_13s_26s_26_1_1_U677 | 1   |        | add_ln58_202      | add | dsp_slice | 0       |
|   add_ln58_203_fu_26289_p2                  |     |        | add_ln58_203      | add | fabric    | 0       |
|   sub_ln58_340_fu_6537_p2                   |     |        | sub_ln58_340      | sub | fabric    | 0       |
|   ama_addmuladd_12s_12s_13s_26s_26_1_1_U678 | 1   |        | add_ln58_204      | add | dsp_slice | 0       |
|   ama_addmuladd_12s_12s_13s_26s_26_1_1_U678 | 1   |        | mul_ln58_136      | mul | dsp_slice | 0       |
|   am_submul_12s_12s_13s_26_1_1_U425         | 1   |        | sub_ln58_341      | sub | dsp_slice | 0       |
|   sub_ln58_342_fu_3431_p2                   |     |        | sub_ln58_342      | sub | fabric    | 0       |
|   am_submul_12s_12s_13s_26_1_1_U425         | 1   |        | mul_ln58_137      | mul | dsp_slice | 0       |
|   ama_addmuladd_12s_12s_13s_26s_26_1_1_U678 | 1   |        | add_ln58_205      | add | dsp_slice | 0       |
|   add_ln58_206_fu_26548_p2                  |     |        | add_ln58_206      | add | fabric    | 0       |
|   sub_ln58_345_fu_6547_p2                   |     |        | sub_ln58_345      | sub | fabric    | 0       |
|   ama_addmuladd_12s_12s_13s_26s_26_1_1_U679 | 1   |        | add_ln58_207      | add | dsp_slice | 0       |
|   ama_addmuladd_12s_12s_13s_26s_26_1_1_U679 | 1   |        | mul_ln58_138      | mul | dsp_slice | 0       |
|   am_submul_12s_12s_13s_26_1_1_U426         | 1   |        | sub_ln58_346      | sub | dsp_slice | 0       |
|   sub_ln58_347_fu_3441_p2                   |     |        | sub_ln58_347      | sub | fabric    | 0       |
|   am_submul_12s_12s_13s_26_1_1_U426         | 1   |        | mul_ln58_139      | mul | dsp_slice | 0       |
|   ama_addmuladd_12s_12s_13s_26s_26_1_1_U679 | 1   |        | add_ln58_208      | add | dsp_slice | 0       |
|   add_ln58_209_fu_26807_p2                  |     |        | add_ln58_209      | add | fabric    | 0       |
|   sub_ln58_350_fu_6557_p2                   |     |        | sub_ln58_350      | sub | fabric    | 0       |
|   ama_addmuladd_12s_12s_13s_26s_26_1_1_U680 | 1   |        | add_ln58_210      | add | dsp_slice | 0       |
|   ama_addmuladd_12s_12s_13s_26s_26_1_1_U680 | 1   |        | mul_ln58_140      | mul | dsp_slice | 0       |
|   am_submul_12s_12s_13s_26_1_1_U427         | 1   |        | sub_ln58_351      | sub | dsp_slice | 0       |
|   sub_ln58_352_fu_3451_p2                   |     |        | sub_ln58_352      | sub | fabric    | 0       |
|   am_submul_12s_12s_13s_26_1_1_U427         | 1   |        | mul_ln58_141      | mul | dsp_slice | 0       |
|   ama_addmuladd_12s_12s_13s_26s_26_1_1_U680 | 1   |        | add_ln58_211      | add | dsp_slice | 0       |
|   add_ln58_212_fu_27066_p2                  |     |        | add_ln58_212      | add | fabric    | 0       |
|   sub_ln58_355_fu_6567_p2                   |     |        | sub_ln58_355      | sub | fabric    | 0       |
|   ama_addmuladd_12s_12s_13s_26s_26_1_1_U681 | 1   |        | add_ln58_213      | add | dsp_slice | 0       |
|   ama_addmuladd_12s_12s_13s_26s_26_1_1_U681 | 1   |        | mul_ln58_142      | mul | dsp_slice | 0       |
|   am_submul_12s_12s_13s_26_1_1_U428         | 1   |        | sub_ln58_356      | sub | dsp_slice | 0       |
|   sub_ln58_357_fu_3461_p2                   |     |        | sub_ln58_357      | sub | fabric    | 0       |
|   am_submul_12s_12s_13s_26_1_1_U428         | 1   |        | mul_ln58_143      | mul | dsp_slice | 0       |
|   ama_addmuladd_12s_12s_13s_26s_26_1_1_U681 | 1   |        | add_ln58_214      | add | dsp_slice | 0       |
|   add_ln58_215_fu_27325_p2                  |     |        | add_ln58_215      | add | fabric    | 0       |
|   sub_ln58_360_fu_6577_p2                   |     |        | sub_ln58_360      | sub | fabric    | 0       |
|   ama_addmuladd_12s_12s_13s_26s_26_1_1_U682 | 1   |        | add_ln58_216      | add | dsp_slice | 0       |
|   ama_addmuladd_12s_12s_13s_26s_26_1_1_U682 | 1   |        | mul_ln58_144      | mul | dsp_slice | 0       |
|   am_submul_12s_12s_13s_26_1_1_U429         | 1   |        | sub_ln58_361      | sub | dsp_slice | 0       |
|   sub_ln58_362_fu_3471_p2                   |     |        | sub_ln58_362      | sub | fabric    | 0       |
|   am_submul_12s_12s_13s_26_1_1_U429         | 1   |        | mul_ln58_145      | mul | dsp_slice | 0       |
|   ama_addmuladd_12s_12s_13s_26s_26_1_1_U682 | 1   |        | add_ln58_217      | add | dsp_slice | 0       |
|   add_ln58_218_fu_27584_p2                  |     |        | add_ln58_218      | add | fabric    | 0       |
|   sub_ln58_365_fu_6587_p2                   |     |        | sub_ln58_365      | sub | fabric    | 0       |
|   ama_addmuladd_12s_12s_13s_26s_26_1_1_U683 | 1   |        | add_ln58_219      | add | dsp_slice | 0       |
|   ama_addmuladd_12s_12s_13s_26s_26_1_1_U683 | 1   |        | mul_ln58_146      | mul | dsp_slice | 0       |
|   am_submul_12s_12s_13s_26_1_1_U430         | 1   |        | sub_ln58_366      | sub | dsp_slice | 0       |
|   sub_ln58_367_fu_3481_p2                   |     |        | sub_ln58_367      | sub | fabric    | 0       |
|   am_submul_12s_12s_13s_26_1_1_U430         | 1   |        | mul_ln58_147      | mul | dsp_slice | 0       |
|   ama_addmuladd_12s_12s_13s_26s_26_1_1_U683 | 1   |        | add_ln58_220      | add | dsp_slice | 0       |
|   add_ln58_221_fu_27843_p2                  |     |        | add_ln58_221      | add | fabric    | 0       |
|   sub_ln58_370_fu_6597_p2                   |     |        | sub_ln58_370      | sub | fabric    | 0       |
|   ama_addmuladd_12s_12s_13s_26s_26_1_1_U684 | 1   |        | add_ln58_222      | add | dsp_slice | 0       |
|   ama_addmuladd_12s_12s_13s_26s_26_1_1_U684 | 1   |        | mul_ln58_148      | mul | dsp_slice | 0       |
|   am_submul_12s_12s_13s_26_1_1_U431         | 1   |        | sub_ln58_371      | sub | dsp_slice | 0       |
|   sub_ln58_372_fu_3491_p2                   |     |        | sub_ln58_372      | sub | fabric    | 0       |
|   am_submul_12s_12s_13s_26_1_1_U431         | 1   |        | mul_ln58_149      | mul | dsp_slice | 0       |
|   ama_addmuladd_12s_12s_13s_26s_26_1_1_U684 | 1   |        | add_ln58_223      | add | dsp_slice | 0       |
|   add_ln58_224_fu_28102_p2                  |     |        | add_ln58_224      | add | fabric    | 0       |
|   sub_ln58_375_fu_6607_p2                   |     |        | sub_ln58_375      | sub | fabric    | 0       |
|   ama_addmuladd_12s_12s_13s_26s_26_1_1_U685 | 1   |        | add_ln58_225      | add | dsp_slice | 0       |
|   ama_addmuladd_12s_12s_13s_26s_26_1_1_U685 | 1   |        | mul_ln58_150      | mul | dsp_slice | 0       |
|   am_submul_12s_12s_13s_26_1_1_U432         | 1   |        | sub_ln58_376      | sub | dsp_slice | 0       |
|   sub_ln58_377_fu_3501_p2                   |     |        | sub_ln58_377      | sub | fabric    | 0       |
|   am_submul_12s_12s_13s_26_1_1_U432         | 1   |        | mul_ln58_151      | mul | dsp_slice | 0       |
|   ama_addmuladd_12s_12s_13s_26s_26_1_1_U685 | 1   |        | add_ln58_226      | add | dsp_slice | 0       |
|   add_ln58_227_fu_28361_p2                  |     |        | add_ln58_227      | add | fabric    | 0       |
|   sub_ln58_380_fu_6617_p2                   |     |        | sub_ln58_380      | sub | fabric    | 0       |
|   ama_addmuladd_12s_12s_13s_26s_26_1_1_U686 | 1   |        | add_ln58_228      | add | dsp_slice | 0       |
|   ama_addmuladd_12s_12s_13s_26s_26_1_1_U686 | 1   |        | mul_ln58_152      | mul | dsp_slice | 0       |
|   am_submul_12s_12s_13s_26_1_1_U433         | 1   |        | sub_ln58_381      | sub | dsp_slice | 0       |
|   sub_ln58_382_fu_3511_p2                   |     |        | sub_ln58_382      | sub | fabric    | 0       |
|   am_submul_12s_12s_13s_26_1_1_U433         | 1   |        | mul_ln58_153      | mul | dsp_slice | 0       |
|   ama_addmuladd_12s_12s_13s_26s_26_1_1_U686 | 1   |        | add_ln58_229      | add | dsp_slice | 0       |
|   add_ln58_230_fu_28620_p2                  |     |        | add_ln58_230      | add | fabric    | 0       |
|   sub_ln58_385_fu_6627_p2                   |     |        | sub_ln58_385      | sub | fabric    | 0       |
|   ama_addmuladd_12s_12s_13s_26s_26_1_1_U687 | 1   |        | add_ln58_231      | add | dsp_slice | 0       |
|   ama_addmuladd_12s_12s_13s_26s_26_1_1_U687 | 1   |        | mul_ln58_154      | mul | dsp_slice | 0       |
|   am_submul_12s_12s_13s_26_1_1_U434         | 1   |        | sub_ln58_386      | sub | dsp_slice | 0       |
|   sub_ln58_387_fu_3521_p2                   |     |        | sub_ln58_387      | sub | fabric    | 0       |
|   am_submul_12s_12s_13s_26_1_1_U434         | 1   |        | mul_ln58_155      | mul | dsp_slice | 0       |
|   ama_addmuladd_12s_12s_13s_26s_26_1_1_U687 | 1   |        | add_ln58_232      | add | dsp_slice | 0       |
|   add_ln58_233_fu_28879_p2                  |     |        | add_ln58_233      | add | fabric    | 0       |
|   sub_ln58_390_fu_6637_p2                   |     |        | sub_ln58_390      | sub | fabric    | 0       |
|   ama_addmuladd_12s_12s_13s_26s_26_1_1_U688 | 1   |        | add_ln58_234      | add | dsp_slice | 0       |
|   ama_addmuladd_12s_12s_13s_26s_26_1_1_U688 | 1   |        | mul_ln58_156      | mul | dsp_slice | 0       |
|   am_submul_12s_12s_13s_26_1_1_U435         | 1   |        | sub_ln58_391      | sub | dsp_slice | 0       |
|   sub_ln58_392_fu_3531_p2                   |     |        | sub_ln58_392      | sub | fabric    | 0       |
|   am_submul_12s_12s_13s_26_1_1_U435         | 1   |        | mul_ln58_157      | mul | dsp_slice | 0       |
|   ama_addmuladd_12s_12s_13s_26s_26_1_1_U688 | 1   |        | add_ln58_235      | add | dsp_slice | 0       |
|   add_ln58_236_fu_29138_p2                  |     |        | add_ln58_236      | add | fabric    | 0       |
|   sub_ln58_395_fu_6647_p2                   |     |        | sub_ln58_395      | sub | fabric    | 0       |
|   ama_addmuladd_12s_12s_13s_26s_26_1_1_U689 | 1   |        | add_ln58_237      | add | dsp_slice | 0       |
|   ama_addmuladd_12s_12s_13s_26s_26_1_1_U689 | 1   |        | mul_ln58_158      | mul | dsp_slice | 0       |
|   am_submul_12s_12s_13s_26_1_1_U436         | 1   |        | sub_ln58_396      | sub | dsp_slice | 0       |
|   sub_ln58_397_fu_3541_p2                   |     |        | sub_ln58_397      | sub | fabric    | 0       |
|   am_submul_12s_12s_13s_26_1_1_U436         | 1   |        | mul_ln58_159      | mul | dsp_slice | 0       |
|   ama_addmuladd_12s_12s_13s_26s_26_1_1_U689 | 1   |        | add_ln58_238      | add | dsp_slice | 0       |
|   add_ln58_239_fu_29397_p2                  |     |        | add_ln58_239      | add | fabric    | 0       |
|   sub_ln58_400_fu_6657_p2                   |     |        | sub_ln58_400      | sub | fabric    | 0       |
|   ama_addmuladd_12s_12s_13s_26s_26_1_1_U690 | 1   |        | add_ln58_240      | add | dsp_slice | 0       |
|   ama_addmuladd_12s_12s_13s_26s_26_1_1_U690 | 1   |        | mul_ln58_160      | mul | dsp_slice | 0       |
|   am_submul_12s_12s_13s_26_1_1_U437         | 1   |        | sub_ln58_401      | sub | dsp_slice | 0       |
|   sub_ln58_402_fu_3551_p2                   |     |        | sub_ln58_402      | sub | fabric    | 0       |
|   am_submul_12s_12s_13s_26_1_1_U437         | 1   |        | mul_ln58_161      | mul | dsp_slice | 0       |
|   ama_addmuladd_12s_12s_13s_26s_26_1_1_U690 | 1   |        | add_ln58_241      | add | dsp_slice | 0       |
|   add_ln58_242_fu_29656_p2                  |     |        | add_ln58_242      | add | fabric    | 0       |
|   sub_ln58_405_fu_6667_p2                   |     |        | sub_ln58_405      | sub | fabric    | 0       |
|   ama_addmuladd_12s_12s_13s_26s_26_1_1_U691 | 1   |        | add_ln58_243      | add | dsp_slice | 0       |
|   ama_addmuladd_12s_12s_13s_26s_26_1_1_U691 | 1   |        | mul_ln58_162      | mul | dsp_slice | 0       |
|   am_submul_12s_12s_13s_26_1_1_U438         | 1   |        | sub_ln58_406      | sub | dsp_slice | 0       |
|   sub_ln58_407_fu_3561_p2                   |     |        | sub_ln58_407      | sub | fabric    | 0       |
|   am_submul_12s_12s_13s_26_1_1_U438         | 1   |        | mul_ln58_163      | mul | dsp_slice | 0       |
|   ama_addmuladd_12s_12s_13s_26s_26_1_1_U691 | 1   |        | add_ln58_244      | add | dsp_slice | 0       |
|   add_ln58_245_fu_29915_p2                  |     |        | add_ln58_245      | add | fabric    | 0       |
|   sub_ln58_410_fu_6677_p2                   |     |        | sub_ln58_410      | sub | fabric    | 0       |
|   ama_addmuladd_12s_12s_13s_26s_26_1_1_U692 | 1   |        | add_ln58_246      | add | dsp_slice | 0       |
|   ama_addmuladd_12s_12s_13s_26s_26_1_1_U692 | 1   |        | mul_ln58_164      | mul | dsp_slice | 0       |
|   am_submul_12s_12s_13s_26_1_1_U439         | 1   |        | sub_ln58_411      | sub | dsp_slice | 0       |
|   sub_ln58_412_fu_3571_p2                   |     |        | sub_ln58_412      | sub | fabric    | 0       |
|   am_submul_12s_12s_13s_26_1_1_U439         | 1   |        | mul_ln58_165      | mul | dsp_slice | 0       |
|   ama_addmuladd_12s_12s_13s_26s_26_1_1_U692 | 1   |        | add_ln58_247      | add | dsp_slice | 0       |
|   add_ln58_248_fu_30178_p2                  |     |        | add_ln58_248      | add | fabric    | 0       |
|   sub_ln58_415_fu_6687_p2                   |     |        | sub_ln58_415      | sub | fabric    | 0       |
|   ama_addmuladd_12s_12s_13s_26s_26_1_1_U693 | 1   |        | add_ln58_249      | add | dsp_slice | 0       |
|   ama_addmuladd_12s_12s_13s_26s_26_1_1_U693 | 1   |        | mul_ln58_166      | mul | dsp_slice | 0       |
|   am_submul_12s_12s_13s_26_1_1_U440         | 1   |        | sub_ln58_416      | sub | dsp_slice | 0       |
|   sub_ln58_417_fu_3581_p2                   |     |        | sub_ln58_417      | sub | fabric    | 0       |
|   am_submul_12s_12s_13s_26_1_1_U440         | 1   |        | mul_ln58_167      | mul | dsp_slice | 0       |
|   ama_addmuladd_12s_12s_13s_26s_26_1_1_U693 | 1   |        | add_ln58_250      | add | dsp_slice | 0       |
|   add_ln58_251_fu_30437_p2                  |     |        | add_ln58_251      | add | fabric    | 0       |
|   sub_ln58_420_fu_6697_p2                   |     |        | sub_ln58_420      | sub | fabric    | 0       |
|   ama_addmuladd_12s_12s_13s_26s_26_1_1_U694 | 1   |        | add_ln58_252      | add | dsp_slice | 0       |
|   ama_addmuladd_12s_12s_13s_26s_26_1_1_U694 | 1   |        | mul_ln58_168      | mul | dsp_slice | 0       |
|   am_submul_12s_12s_13s_26_1_1_U441         | 1   |        | sub_ln58_421      | sub | dsp_slice | 0       |
|   sub_ln58_422_fu_3591_p2                   |     |        | sub_ln58_422      | sub | fabric    | 0       |
|   am_submul_12s_12s_13s_26_1_1_U441         | 1   |        | mul_ln58_169      | mul | dsp_slice | 0       |
|   ama_addmuladd_12s_12s_13s_26s_26_1_1_U694 | 1   |        | add_ln58_253      | add | dsp_slice | 0       |
|   add_ln58_254_fu_30696_p2                  |     |        | add_ln58_254      | add | fabric    | 0       |
|   sub_ln58_425_fu_6707_p2                   |     |        | sub_ln58_425      | sub | fabric    | 0       |
|   ama_addmuladd_12s_12s_13s_26s_26_1_1_U695 | 1   |        | add_ln58_255      | add | dsp_slice | 0       |
|   ama_addmuladd_12s_12s_13s_26s_26_1_1_U695 | 1   |        | mul_ln58_170      | mul | dsp_slice | 0       |
|   am_submul_12s_12s_13s_26_1_1_U442         | 1   |        | sub_ln58_426      | sub | dsp_slice | 0       |
|   sub_ln58_427_fu_3601_p2                   |     |        | sub_ln58_427      | sub | fabric    | 0       |
|   am_submul_12s_12s_13s_26_1_1_U442         | 1   |        | mul_ln58_171      | mul | dsp_slice | 0       |
|   ama_addmuladd_12s_12s_13s_26s_26_1_1_U695 | 1   |        | add_ln58_256      | add | dsp_slice | 0       |
|   add_ln58_257_fu_30955_p2                  |     |        | add_ln58_257      | add | fabric    | 0       |
|   sub_ln58_430_fu_6717_p2                   |     |        | sub_ln58_430      | sub | fabric    | 0       |
|   ama_addmuladd_12s_12s_13s_26s_26_1_1_U696 | 1   |        | add_ln58_258      | add | dsp_slice | 0       |
|   ama_addmuladd_12s_12s_13s_26s_26_1_1_U696 | 1   |        | mul_ln58_172      | mul | dsp_slice | 0       |
|   am_submul_12s_12s_13s_26_1_1_U443         | 1   |        | sub_ln58_431      | sub | dsp_slice | 0       |
|   sub_ln58_432_fu_3611_p2                   |     |        | sub_ln58_432      | sub | fabric    | 0       |
|   am_submul_12s_12s_13s_26_1_1_U443         | 1   |        | mul_ln58_173      | mul | dsp_slice | 0       |
|   ama_addmuladd_12s_12s_13s_26s_26_1_1_U696 | 1   |        | add_ln58_259      | add | dsp_slice | 0       |
|   add_ln58_260_fu_31214_p2                  |     |        | add_ln58_260      | add | fabric    | 0       |
|   sub_ln58_435_fu_6727_p2                   |     |        | sub_ln58_435      | sub | fabric    | 0       |
|   ama_addmuladd_12s_12s_13s_26s_26_1_1_U697 | 1   |        | add_ln58_261      | add | dsp_slice | 0       |
|   ama_addmuladd_12s_12s_13s_26s_26_1_1_U697 | 1   |        | mul_ln58_174      | mul | dsp_slice | 0       |
|   am_submul_12s_12s_13s_26_1_1_U444         | 1   |        | sub_ln58_436      | sub | dsp_slice | 0       |
|   sub_ln58_437_fu_3621_p2                   |     |        | sub_ln58_437      | sub | fabric    | 0       |
|   am_submul_12s_12s_13s_26_1_1_U444         | 1   |        | mul_ln58_175      | mul | dsp_slice | 0       |
|   ama_addmuladd_12s_12s_13s_26s_26_1_1_U697 | 1   |        | add_ln58_262      | add | dsp_slice | 0       |
|   add_ln58_263_fu_31473_p2                  |     |        | add_ln58_263      | add | fabric    | 0       |
|   sub_ln58_440_fu_6737_p2                   |     |        | sub_ln58_440      | sub | fabric    | 0       |
|   ama_addmuladd_12s_12s_13s_26s_26_1_1_U698 | 1   |        | add_ln58_264      | add | dsp_slice | 0       |
|   ama_addmuladd_12s_12s_13s_26s_26_1_1_U698 | 1   |        | mul_ln58_176      | mul | dsp_slice | 0       |
|   am_submul_12s_12s_13s_26_1_1_U445         | 1   |        | sub_ln58_441      | sub | dsp_slice | 0       |
|   sub_ln58_442_fu_3631_p2                   |     |        | sub_ln58_442      | sub | fabric    | 0       |
|   am_submul_12s_12s_13s_26_1_1_U445         | 1   |        | mul_ln58_177      | mul | dsp_slice | 0       |
|   ama_addmuladd_12s_12s_13s_26s_26_1_1_U698 | 1   |        | add_ln58_265      | add | dsp_slice | 0       |
|   add_ln58_266_fu_31732_p2                  |     |        | add_ln58_266      | add | fabric    | 0       |
|   sub_ln58_445_fu_6747_p2                   |     |        | sub_ln58_445      | sub | fabric    | 0       |
|   ama_addmuladd_12s_12s_13s_26s_26_1_1_U699 | 1   |        | add_ln58_267      | add | dsp_slice | 0       |
|   ama_addmuladd_12s_12s_13s_26s_26_1_1_U699 | 1   |        | mul_ln58_178      | mul | dsp_slice | 0       |
|   am_submul_12s_12s_13s_26_1_1_U446         | 1   |        | sub_ln58_446      | sub | dsp_slice | 0       |
|   sub_ln58_447_fu_3641_p2                   |     |        | sub_ln58_447      | sub | fabric    | 0       |
|   am_submul_12s_12s_13s_26_1_1_U446         | 1   |        | mul_ln58_179      | mul | dsp_slice | 0       |
|   ama_addmuladd_12s_12s_13s_26s_26_1_1_U699 | 1   |        | add_ln58_268      | add | dsp_slice | 0       |
|   add_ln58_269_fu_31991_p2                  |     |        | add_ln58_269      | add | fabric    | 0       |
|   sub_ln58_450_fu_6757_p2                   |     |        | sub_ln58_450      | sub | fabric    | 0       |
|   ama_addmuladd_12s_12s_13s_26s_26_1_1_U700 | 1   |        | add_ln58_270      | add | dsp_slice | 0       |
|   ama_addmuladd_12s_12s_13s_26s_26_1_1_U700 | 1   |        | mul_ln58_180      | mul | dsp_slice | 0       |
|   am_submul_12s_12s_13s_26_1_1_U447         | 1   |        | sub_ln58_451      | sub | dsp_slice | 0       |
|   sub_ln58_452_fu_3651_p2                   |     |        | sub_ln58_452      | sub | fabric    | 0       |
|   am_submul_12s_12s_13s_26_1_1_U447         | 1   |        | mul_ln58_181      | mul | dsp_slice | 0       |
|   ama_addmuladd_12s_12s_13s_26s_26_1_1_U700 | 1   |        | add_ln58_271      | add | dsp_slice | 0       |
|   add_ln58_272_fu_32250_p2                  |     |        | add_ln58_272      | add | fabric    | 0       |
|   sub_ln58_455_fu_6767_p2                   |     |        | sub_ln58_455      | sub | fabric    | 0       |
|   ama_addmuladd_12s_12s_13s_26s_26_1_1_U701 | 1   |        | add_ln58_273      | add | dsp_slice | 0       |
|   ama_addmuladd_12s_12s_13s_26s_26_1_1_U701 | 1   |        | mul_ln58_182      | mul | dsp_slice | 0       |
|   am_submul_12s_12s_13s_26_1_1_U448         | 1   |        | sub_ln58_456      | sub | dsp_slice | 0       |
|   sub_ln58_457_fu_3661_p2                   |     |        | sub_ln58_457      | sub | fabric    | 0       |
|   am_submul_12s_12s_13s_26_1_1_U448         | 1   |        | mul_ln58_183      | mul | dsp_slice | 0       |
|   ama_addmuladd_12s_12s_13s_26s_26_1_1_U701 | 1   |        | add_ln58_274      | add | dsp_slice | 0       |
|   add_ln58_275_fu_32509_p2                  |     |        | add_ln58_275      | add | fabric    | 0       |
|   sub_ln58_460_fu_6777_p2                   |     |        | sub_ln58_460      | sub | fabric    | 0       |
|   ama_addmuladd_12s_12s_13s_26s_26_1_1_U702 | 1   |        | add_ln58_276      | add | dsp_slice | 0       |
|   ama_addmuladd_12s_12s_13s_26s_26_1_1_U702 | 1   |        | mul_ln58_184      | mul | dsp_slice | 0       |
|   am_submul_12s_12s_13s_26_1_1_U449         | 1   |        | sub_ln58_461      | sub | dsp_slice | 0       |
|   sub_ln58_462_fu_3671_p2                   |     |        | sub_ln58_462      | sub | fabric    | 0       |
|   am_submul_12s_12s_13s_26_1_1_U449         | 1   |        | mul_ln58_185      | mul | dsp_slice | 0       |
|   ama_addmuladd_12s_12s_13s_26s_26_1_1_U702 | 1   |        | add_ln58_277      | add | dsp_slice | 0       |
|   add_ln58_278_fu_32768_p2                  |     |        | add_ln58_278      | add | fabric    | 0       |
|   sub_ln58_465_fu_6787_p2                   |     |        | sub_ln58_465      | sub | fabric    | 0       |
|   ama_addmuladd_12s_12s_13s_26s_26_1_1_U703 | 1   |        | add_ln58_279      | add | dsp_slice | 0       |
|   ama_addmuladd_12s_12s_13s_26s_26_1_1_U703 | 1   |        | mul_ln58_186      | mul | dsp_slice | 0       |
|   am_submul_12s_12s_13s_26_1_1_U450         | 1   |        | sub_ln58_466      | sub | dsp_slice | 0       |
|   sub_ln58_467_fu_3681_p2                   |     |        | sub_ln58_467      | sub | fabric    | 0       |
|   am_submul_12s_12s_13s_26_1_1_U450         | 1   |        | mul_ln58_187      | mul | dsp_slice | 0       |
|   ama_addmuladd_12s_12s_13s_26s_26_1_1_U703 | 1   |        | add_ln58_280      | add | dsp_slice | 0       |
|   add_ln58_281_fu_33027_p2                  |     |        | add_ln58_281      | add | fabric    | 0       |
|   sub_ln58_470_fu_6797_p2                   |     |        | sub_ln58_470      | sub | fabric    | 0       |
|   ama_addmuladd_12s_12s_13s_26s_26_1_1_U704 | 1   |        | add_ln58_282      | add | dsp_slice | 0       |
|   ama_addmuladd_12s_12s_13s_26s_26_1_1_U704 | 1   |        | mul_ln58_188      | mul | dsp_slice | 0       |
|   am_submul_12s_12s_13s_26_1_1_U451         | 1   |        | sub_ln58_471      | sub | dsp_slice | 0       |
|   sub_ln58_472_fu_3691_p2                   |     |        | sub_ln58_472      | sub | fabric    | 0       |
|   am_submul_12s_12s_13s_26_1_1_U451         | 1   |        | mul_ln58_189      | mul | dsp_slice | 0       |
|   ama_addmuladd_12s_12s_13s_26s_26_1_1_U704 | 1   |        | add_ln58_283      | add | dsp_slice | 0       |
|   add_ln58_284_fu_33286_p2                  |     |        | add_ln58_284      | add | fabric    | 0       |
|   sub_ln58_475_fu_6807_p2                   |     |        | sub_ln58_475      | sub | fabric    | 0       |
|   ama_addmuladd_12s_12s_13s_26s_26_1_1_U705 | 1   |        | add_ln58_285      | add | dsp_slice | 0       |
|   ama_addmuladd_12s_12s_13s_26s_26_1_1_U705 | 1   |        | mul_ln58_190      | mul | dsp_slice | 0       |
|   am_submul_12s_12s_13s_26_1_1_U452         | 1   |        | sub_ln58_476      | sub | dsp_slice | 0       |
|   sub_ln58_477_fu_3701_p2                   |     |        | sub_ln58_477      | sub | fabric    | 0       |
|   am_submul_12s_12s_13s_26_1_1_U452         | 1   |        | mul_ln58_191      | mul | dsp_slice | 0       |
|   ama_addmuladd_12s_12s_13s_26s_26_1_1_U705 | 1   |        | add_ln58_286      | add | dsp_slice | 0       |
|   add_ln58_287_fu_33545_p2                  |     |        | add_ln58_287      | add | fabric    | 0       |
|   sub_ln58_480_fu_6817_p2                   |     |        | sub_ln58_480      | sub | fabric    | 0       |
|   ama_addmuladd_12s_12s_13s_26s_26_1_1_U706 | 1   |        | add_ln58_288      | add | dsp_slice | 0       |
|   ama_addmuladd_12s_12s_13s_26s_26_1_1_U706 | 1   |        | mul_ln58_192      | mul | dsp_slice | 0       |
|   am_submul_12s_12s_13s_26_1_1_U453         | 1   |        | sub_ln58_481      | sub | dsp_slice | 0       |
|   sub_ln58_482_fu_3711_p2                   |     |        | sub_ln58_482      | sub | fabric    | 0       |
|   am_submul_12s_12s_13s_26_1_1_U453         | 1   |        | mul_ln58_193      | mul | dsp_slice | 0       |
|   ama_addmuladd_12s_12s_13s_26s_26_1_1_U706 | 1   |        | add_ln58_289      | add | dsp_slice | 0       |
|   add_ln58_290_fu_33804_p2                  |     |        | add_ln58_290      | add | fabric    | 0       |
|   sub_ln58_485_fu_6827_p2                   |     |        | sub_ln58_485      | sub | fabric    | 0       |
|   ama_addmuladd_12s_12s_13s_26s_26_1_1_U707 | 1   |        | add_ln58_291      | add | dsp_slice | 0       |
|   ama_addmuladd_12s_12s_13s_26s_26_1_1_U707 | 1   |        | mul_ln58_194      | mul | dsp_slice | 0       |
|   am_submul_12s_12s_13s_26_1_1_U454         | 1   |        | sub_ln58_486      | sub | dsp_slice | 0       |
|   sub_ln58_487_fu_3721_p2                   |     |        | sub_ln58_487      | sub | fabric    | 0       |
|   am_submul_12s_12s_13s_26_1_1_U454         | 1   |        | mul_ln58_195      | mul | dsp_slice | 0       |
|   ama_addmuladd_12s_12s_13s_26s_26_1_1_U707 | 1   |        | add_ln58_292      | add | dsp_slice | 0       |
|   add_ln58_293_fu_34063_p2                  |     |        | add_ln58_293      | add | fabric    | 0       |
|   sub_ln58_490_fu_6837_p2                   |     |        | sub_ln58_490      | sub | fabric    | 0       |
|   ama_addmuladd_12s_12s_13s_26s_26_1_1_U708 | 1   |        | add_ln58_294      | add | dsp_slice | 0       |
|   ama_addmuladd_12s_12s_13s_26s_26_1_1_U708 | 1   |        | mul_ln58_196      | mul | dsp_slice | 0       |
|   am_submul_12s_12s_13s_26_1_1_U455         | 1   |        | sub_ln58_491      | sub | dsp_slice | 0       |
|   sub_ln58_492_fu_3731_p2                   |     |        | sub_ln58_492      | sub | fabric    | 0       |
|   am_submul_12s_12s_13s_26_1_1_U455         | 1   |        | mul_ln58_197      | mul | dsp_slice | 0       |
|   ama_addmuladd_12s_12s_13s_26s_26_1_1_U708 | 1   |        | add_ln58_295      | add | dsp_slice | 0       |
|   add_ln58_296_fu_34322_p2                  |     |        | add_ln58_296      | add | fabric    | 0       |
|   sub_ln58_495_fu_6847_p2                   |     |        | sub_ln58_495      | sub | fabric    | 0       |
|   ama_addmuladd_12s_12s_13s_26s_26_1_1_U709 | 1   |        | add_ln58_297      | add | dsp_slice | 0       |
|   ama_addmuladd_12s_12s_13s_26s_26_1_1_U709 | 1   |        | mul_ln58_198      | mul | dsp_slice | 0       |
|   am_submul_12s_12s_13s_26_1_1_U456         | 1   |        | sub_ln58_496      | sub | dsp_slice | 0       |
|   sub_ln58_497_fu_3741_p2                   |     |        | sub_ln58_497      | sub | fabric    | 0       |
|   am_submul_12s_12s_13s_26_1_1_U456         | 1   |        | mul_ln58_199      | mul | dsp_slice | 0       |
|   ama_addmuladd_12s_12s_13s_26s_26_1_1_U709 | 1   |        | add_ln58_298      | add | dsp_slice | 0       |
|   add_ln58_299_fu_34581_p2                  |     |        | add_ln58_299      | add | fabric    | 0       |
|   sub_ln58_500_fu_6857_p2                   |     |        | sub_ln58_500      | sub | fabric    | 0       |
|   ama_addmuladd_12s_12s_13s_26s_26_1_1_U710 | 1   |        | add_ln58_300      | add | dsp_slice | 0       |
|   ama_addmuladd_12s_12s_13s_26s_26_1_1_U710 | 1   |        | mul_ln58_200      | mul | dsp_slice | 0       |
|   am_submul_12s_12s_13s_26_1_1_U457         | 1   |        | sub_ln58_501      | sub | dsp_slice | 0       |
|   sub_ln58_502_fu_3751_p2                   |     |        | sub_ln58_502      | sub | fabric    | 0       |
|   am_submul_12s_12s_13s_26_1_1_U457         | 1   |        | mul_ln58_201      | mul | dsp_slice | 0       |
|   ama_addmuladd_12s_12s_13s_26s_26_1_1_U710 | 1   |        | add_ln58_301      | add | dsp_slice | 0       |
|   add_ln58_302_fu_34844_p2                  |     |        | add_ln58_302      | add | fabric    | 0       |
|   sub_ln58_505_fu_6867_p2                   |     |        | sub_ln58_505      | sub | fabric    | 0       |
|   ama_addmuladd_12s_12s_13s_26s_26_1_1_U711 | 1   |        | add_ln58_303      | add | dsp_slice | 0       |
|   ama_addmuladd_12s_12s_13s_26s_26_1_1_U711 | 1   |        | mul_ln58_202      | mul | dsp_slice | 0       |
|   am_submul_12s_12s_13s_26_1_1_U458         | 1   |        | sub_ln58_506      | sub | dsp_slice | 0       |
|   sub_ln58_507_fu_3761_p2                   |     |        | sub_ln58_507      | sub | fabric    | 0       |
|   am_submul_12s_12s_13s_26_1_1_U458         | 1   |        | mul_ln58_203      | mul | dsp_slice | 0       |
|   ama_addmuladd_12s_12s_13s_26s_26_1_1_U711 | 1   |        | add_ln58_304      | add | dsp_slice | 0       |
|   add_ln58_305_fu_35103_p2                  |     |        | add_ln58_305      | add | fabric    | 0       |
|   sub_ln58_510_fu_6877_p2                   |     |        | sub_ln58_510      | sub | fabric    | 0       |
|   ama_addmuladd_12s_12s_13s_26s_26_1_1_U712 | 1   |        | add_ln58_306      | add | dsp_slice | 0       |
|   ama_addmuladd_12s_12s_13s_26s_26_1_1_U712 | 1   |        | mul_ln58_204      | mul | dsp_slice | 0       |
|   am_submul_12s_12s_13s_26_1_1_U459         | 1   |        | sub_ln58_511      | sub | dsp_slice | 0       |
|   sub_ln58_512_fu_3771_p2                   |     |        | sub_ln58_512      | sub | fabric    | 0       |
|   am_submul_12s_12s_13s_26_1_1_U459         | 1   |        | mul_ln58_205      | mul | dsp_slice | 0       |
|   ama_addmuladd_12s_12s_13s_26s_26_1_1_U712 | 1   |        | add_ln58_307      | add | dsp_slice | 0       |
|   add_ln58_308_fu_35362_p2                  |     |        | add_ln58_308      | add | fabric    | 0       |
|   sub_ln58_515_fu_6887_p2                   |     |        | sub_ln58_515      | sub | fabric    | 0       |
|   ama_addmuladd_12s_12s_13s_26s_26_1_1_U713 | 1   |        | add_ln58_309      | add | dsp_slice | 0       |
|   ama_addmuladd_12s_12s_13s_26s_26_1_1_U713 | 1   |        | mul_ln58_206      | mul | dsp_slice | 0       |
|   am_submul_12s_12s_13s_26_1_1_U460         | 1   |        | sub_ln58_516      | sub | dsp_slice | 0       |
|   sub_ln58_517_fu_3781_p2                   |     |        | sub_ln58_517      | sub | fabric    | 0       |
|   am_submul_12s_12s_13s_26_1_1_U460         | 1   |        | mul_ln58_207      | mul | dsp_slice | 0       |
|   ama_addmuladd_12s_12s_13s_26s_26_1_1_U713 | 1   |        | add_ln58_310      | add | dsp_slice | 0       |
|   add_ln58_311_fu_35621_p2                  |     |        | add_ln58_311      | add | fabric    | 0       |
|   sub_ln58_520_fu_6897_p2                   |     |        | sub_ln58_520      | sub | fabric    | 0       |
|   ama_addmuladd_12s_12s_13s_26s_26_1_1_U714 | 1   |        | add_ln58_312      | add | dsp_slice | 0       |
|   ama_addmuladd_12s_12s_13s_26s_26_1_1_U714 | 1   |        | mul_ln58_208      | mul | dsp_slice | 0       |
|   am_submul_12s_12s_13s_26_1_1_U461         | 1   |        | sub_ln58_521      | sub | dsp_slice | 0       |
|   sub_ln58_522_fu_3791_p2                   |     |        | sub_ln58_522      | sub | fabric    | 0       |
|   am_submul_12s_12s_13s_26_1_1_U461         | 1   |        | mul_ln58_209      | mul | dsp_slice | 0       |
|   ama_addmuladd_12s_12s_13s_26s_26_1_1_U714 | 1   |        | add_ln58_313      | add | dsp_slice | 0       |
|   add_ln58_314_fu_35880_p2                  |     |        | add_ln58_314      | add | fabric    | 0       |
|   sub_ln58_525_fu_6907_p2                   |     |        | sub_ln58_525      | sub | fabric    | 0       |
|   ama_addmuladd_12s_12s_13s_26s_26_1_1_U715 | 1   |        | add_ln58_315      | add | dsp_slice | 0       |
|   ama_addmuladd_12s_12s_13s_26s_26_1_1_U715 | 1   |        | mul_ln58_210      | mul | dsp_slice | 0       |
|   am_submul_12s_12s_13s_26_1_1_U462         | 1   |        | sub_ln58_526      | sub | dsp_slice | 0       |
|   sub_ln58_527_fu_3801_p2                   |     |        | sub_ln58_527      | sub | fabric    | 0       |
|   am_submul_12s_12s_13s_26_1_1_U462         | 1   |        | mul_ln58_211      | mul | dsp_slice | 0       |
|   ama_addmuladd_12s_12s_13s_26s_26_1_1_U715 | 1   |        | add_ln58_316      | add | dsp_slice | 0       |
|   add_ln58_317_fu_36139_p2                  |     |        | add_ln58_317      | add | fabric    | 0       |
|   sub_ln58_530_fu_6917_p2                   |     |        | sub_ln58_530      | sub | fabric    | 0       |
|   ama_addmuladd_12s_12s_13s_26s_26_1_1_U716 | 1   |        | add_ln58_318      | add | dsp_slice | 0       |
|   ama_addmuladd_12s_12s_13s_26s_26_1_1_U716 | 1   |        | mul_ln58_212      | mul | dsp_slice | 0       |
|   am_submul_12s_12s_13s_26_1_1_U463         | 1   |        | sub_ln58_531      | sub | dsp_slice | 0       |
|   sub_ln58_532_fu_3811_p2                   |     |        | sub_ln58_532      | sub | fabric    | 0       |
|   am_submul_12s_12s_13s_26_1_1_U463         | 1   |        | mul_ln58_213      | mul | dsp_slice | 0       |
|   ama_addmuladd_12s_12s_13s_26s_26_1_1_U716 | 1   |        | add_ln58_319      | add | dsp_slice | 0       |
|   add_ln58_320_fu_36398_p2                  |     |        | add_ln58_320      | add | fabric    | 0       |
|   sub_ln58_535_fu_6927_p2                   |     |        | sub_ln58_535      | sub | fabric    | 0       |
|   ama_addmuladd_12s_12s_13s_26s_26_1_1_U717 | 1   |        | add_ln58_321      | add | dsp_slice | 0       |
|   ama_addmuladd_12s_12s_13s_26s_26_1_1_U717 | 1   |        | mul_ln58_214      | mul | dsp_slice | 0       |
|   am_submul_12s_12s_13s_26_1_1_U464         | 1   |        | sub_ln58_536      | sub | dsp_slice | 0       |
|   sub_ln58_537_fu_3821_p2                   |     |        | sub_ln58_537      | sub | fabric    | 0       |
|   am_submul_12s_12s_13s_26_1_1_U464         | 1   |        | mul_ln58_215      | mul | dsp_slice | 0       |
|   ama_addmuladd_12s_12s_13s_26s_26_1_1_U717 | 1   |        | add_ln58_322      | add | dsp_slice | 0       |
|   add_ln58_323_fu_36657_p2                  |     |        | add_ln58_323      | add | fabric    | 0       |
|   sub_ln58_540_fu_6937_p2                   |     |        | sub_ln58_540      | sub | fabric    | 0       |
|   ama_addmuladd_12s_12s_13s_26s_26_1_1_U718 | 1   |        | add_ln58_324      | add | dsp_slice | 0       |
|   ama_addmuladd_12s_12s_13s_26s_26_1_1_U718 | 1   |        | mul_ln58_216      | mul | dsp_slice | 0       |
|   am_submul_12s_12s_13s_26_1_1_U465         | 1   |        | sub_ln58_541      | sub | dsp_slice | 0       |
|   sub_ln58_542_fu_3831_p2                   |     |        | sub_ln58_542      | sub | fabric    | 0       |
|   am_submul_12s_12s_13s_26_1_1_U465         | 1   |        | mul_ln58_217      | mul | dsp_slice | 0       |
|   ama_addmuladd_12s_12s_13s_26s_26_1_1_U718 | 1   |        | add_ln58_325      | add | dsp_slice | 0       |
|   add_ln58_326_fu_36916_p2                  |     |        | add_ln58_326      | add | fabric    | 0       |
|   sub_ln58_545_fu_6947_p2                   |     |        | sub_ln58_545      | sub | fabric    | 0       |
|   ama_addmuladd_12s_12s_13s_26s_26_1_1_U719 | 1   |        | add_ln58_327      | add | dsp_slice | 0       |
|   ama_addmuladd_12s_12s_13s_26s_26_1_1_U719 | 1   |        | mul_ln58_218      | mul | dsp_slice | 0       |
|   am_submul_12s_12s_13s_26_1_1_U466         | 1   |        | sub_ln58_546      | sub | dsp_slice | 0       |
|   sub_ln58_547_fu_3841_p2                   |     |        | sub_ln58_547      | sub | fabric    | 0       |
|   am_submul_12s_12s_13s_26_1_1_U466         | 1   |        | mul_ln58_219      | mul | dsp_slice | 0       |
|   ama_addmuladd_12s_12s_13s_26s_26_1_1_U719 | 1   |        | add_ln58_328      | add | dsp_slice | 0       |
|   add_ln58_329_fu_37175_p2                  |     |        | add_ln58_329      | add | fabric    | 0       |
|   sub_ln58_550_fu_6957_p2                   |     |        | sub_ln58_550      | sub | fabric    | 0       |
|   ama_addmuladd_12s_12s_13s_26s_26_1_1_U720 | 1   |        | add_ln58_330      | add | dsp_slice | 0       |
|   ama_addmuladd_12s_12s_13s_26s_26_1_1_U720 | 1   |        | mul_ln58_220      | mul | dsp_slice | 0       |
|   am_submul_12s_12s_13s_26_1_1_U467         | 1   |        | sub_ln58_551      | sub | dsp_slice | 0       |
|   sub_ln58_552_fu_3851_p2                   |     |        | sub_ln58_552      | sub | fabric    | 0       |
|   am_submul_12s_12s_13s_26_1_1_U467         | 1   |        | mul_ln58_221      | mul | dsp_slice | 0       |
|   ama_addmuladd_12s_12s_13s_26s_26_1_1_U720 | 1   |        | add_ln58_331      | add | dsp_slice | 0       |
|   add_ln58_332_fu_37434_p2                  |     |        | add_ln58_332      | add | fabric    | 0       |
|   sub_ln58_555_fu_6967_p2                   |     |        | sub_ln58_555      | sub | fabric    | 0       |
|   ama_addmuladd_12s_12s_13s_26s_26_1_1_U721 | 1   |        | add_ln58_333      | add | dsp_slice | 0       |
|   ama_addmuladd_12s_12s_13s_26s_26_1_1_U721 | 1   |        | mul_ln58_222      | mul | dsp_slice | 0       |
|   am_submul_12s_12s_13s_26_1_1_U468         | 1   |        | sub_ln58_556      | sub | dsp_slice | 0       |
|   sub_ln58_557_fu_3861_p2                   |     |        | sub_ln58_557      | sub | fabric    | 0       |
|   am_submul_12s_12s_13s_26_1_1_U468         | 1   |        | mul_ln58_223      | mul | dsp_slice | 0       |
|   ama_addmuladd_12s_12s_13s_26s_26_1_1_U721 | 1   |        | add_ln58_334      | add | dsp_slice | 0       |
|   add_ln58_335_fu_37693_p2                  |     |        | add_ln58_335      | add | fabric    | 0       |
|   sub_ln58_560_fu_6977_p2                   |     |        | sub_ln58_560      | sub | fabric    | 0       |
|   ama_addmuladd_12s_12s_13s_26s_26_1_1_U722 | 1   |        | add_ln58_336      | add | dsp_slice | 0       |
|   ama_addmuladd_12s_12s_13s_26s_26_1_1_U722 | 1   |        | mul_ln58_224      | mul | dsp_slice | 0       |
|   am_submul_12s_12s_13s_26_1_1_U469         | 1   |        | sub_ln58_561      | sub | dsp_slice | 0       |
|   sub_ln58_562_fu_3871_p2                   |     |        | sub_ln58_562      | sub | fabric    | 0       |
|   am_submul_12s_12s_13s_26_1_1_U469         | 1   |        | mul_ln58_225      | mul | dsp_slice | 0       |
|   ama_addmuladd_12s_12s_13s_26s_26_1_1_U722 | 1   |        | add_ln58_337      | add | dsp_slice | 0       |
|   add_ln58_338_fu_37952_p2                  |     |        | add_ln58_338      | add | fabric    | 0       |
|   sub_ln58_565_fu_6987_p2                   |     |        | sub_ln58_565      | sub | fabric    | 0       |
|   ama_addmuladd_12s_12s_13s_26s_26_1_1_U723 | 1   |        | add_ln58_339      | add | dsp_slice | 0       |
|   ama_addmuladd_12s_12s_13s_26s_26_1_1_U723 | 1   |        | mul_ln58_226      | mul | dsp_slice | 0       |
|   am_submul_12s_12s_13s_26_1_1_U470         | 1   |        | sub_ln58_566      | sub | dsp_slice | 0       |
|   sub_ln58_567_fu_3881_p2                   |     |        | sub_ln58_567      | sub | fabric    | 0       |
|   am_submul_12s_12s_13s_26_1_1_U470         | 1   |        | mul_ln58_227      | mul | dsp_slice | 0       |
|   ama_addmuladd_12s_12s_13s_26s_26_1_1_U723 | 1   |        | add_ln58_340      | add | dsp_slice | 0       |
|   add_ln58_341_fu_38211_p2                  |     |        | add_ln58_341      | add | fabric    | 0       |
|   sub_ln58_570_fu_6997_p2                   |     |        | sub_ln58_570      | sub | fabric    | 0       |
|   ama_addmuladd_12s_12s_13s_26s_26_1_1_U724 | 1   |        | add_ln58_342      | add | dsp_slice | 0       |
|   ama_addmuladd_12s_12s_13s_26s_26_1_1_U724 | 1   |        | mul_ln58_228      | mul | dsp_slice | 0       |
|   am_submul_12s_12s_13s_26_1_1_U471         | 1   |        | sub_ln58_571      | sub | dsp_slice | 0       |
|   sub_ln58_572_fu_3891_p2                   |     |        | sub_ln58_572      | sub | fabric    | 0       |
|   am_submul_12s_12s_13s_26_1_1_U471         | 1   |        | mul_ln58_229      | mul | dsp_slice | 0       |
|   ama_addmuladd_12s_12s_13s_26s_26_1_1_U724 | 1   |        | add_ln58_343      | add | dsp_slice | 0       |
|   add_ln58_344_fu_38470_p2                  |     |        | add_ln58_344      | add | fabric    | 0       |
|   sub_ln58_575_fu_7007_p2                   |     |        | sub_ln58_575      | sub | fabric    | 0       |
|   ama_addmuladd_12s_12s_13s_26s_26_1_1_U725 | 1   |        | add_ln58_345      | add | dsp_slice | 0       |
|   ama_addmuladd_12s_12s_13s_26s_26_1_1_U725 | 1   |        | mul_ln58_230      | mul | dsp_slice | 0       |
|   am_submul_12s_12s_13s_26_1_1_U472         | 1   |        | sub_ln58_576      | sub | dsp_slice | 0       |
|   sub_ln58_577_fu_3901_p2                   |     |        | sub_ln58_577      | sub | fabric    | 0       |
|   am_submul_12s_12s_13s_26_1_1_U472         | 1   |        | mul_ln58_231      | mul | dsp_slice | 0       |
|   ama_addmuladd_12s_12s_13s_26s_26_1_1_U725 | 1   |        | add_ln58_346      | add | dsp_slice | 0       |
|   add_ln58_347_fu_38729_p2                  |     |        | add_ln58_347      | add | fabric    | 0       |
|   sub_ln58_580_fu_7017_p2                   |     |        | sub_ln58_580      | sub | fabric    | 0       |
|   ama_addmuladd_12s_12s_13s_26s_26_1_1_U726 | 1   |        | add_ln58_348      | add | dsp_slice | 0       |
|   ama_addmuladd_12s_12s_13s_26s_26_1_1_U726 | 1   |        | mul_ln58_232      | mul | dsp_slice | 0       |
|   am_submul_12s_12s_13s_26_1_1_U473         | 1   |        | sub_ln58_581      | sub | dsp_slice | 0       |
|   sub_ln58_582_fu_3911_p2                   |     |        | sub_ln58_582      | sub | fabric    | 0       |
|   am_submul_12s_12s_13s_26_1_1_U473         | 1   |        | mul_ln58_233      | mul | dsp_slice | 0       |
|   ama_addmuladd_12s_12s_13s_26s_26_1_1_U726 | 1   |        | add_ln58_349      | add | dsp_slice | 0       |
|   add_ln58_350_fu_38988_p2                  |     |        | add_ln58_350      | add | fabric    | 0       |
|   sub_ln58_585_fu_7027_p2                   |     |        | sub_ln58_585      | sub | fabric    | 0       |
|   ama_addmuladd_12s_12s_13s_26s_26_1_1_U727 | 1   |        | add_ln58_351      | add | dsp_slice | 0       |
|   ama_addmuladd_12s_12s_13s_26s_26_1_1_U727 | 1   |        | mul_ln58_234      | mul | dsp_slice | 0       |
|   am_submul_12s_12s_13s_26_1_1_U474         | 1   |        | sub_ln58_586      | sub | dsp_slice | 0       |
|   sub_ln58_587_fu_3921_p2                   |     |        | sub_ln58_587      | sub | fabric    | 0       |
|   am_submul_12s_12s_13s_26_1_1_U474         | 1   |        | mul_ln58_235      | mul | dsp_slice | 0       |
|   ama_addmuladd_12s_12s_13s_26s_26_1_1_U727 | 1   |        | add_ln58_352      | add | dsp_slice | 0       |
|   add_ln58_353_fu_39251_p2                  |     |        | add_ln58_353      | add | fabric    | 0       |
|   sub_ln58_590_fu_7037_p2                   |     |        | sub_ln58_590      | sub | fabric    | 0       |
|   ama_addmuladd_12s_12s_13s_26s_26_1_1_U728 | 1   |        | add_ln58_354      | add | dsp_slice | 0       |
|   ama_addmuladd_12s_12s_13s_26s_26_1_1_U728 | 1   |        | mul_ln58_236      | mul | dsp_slice | 0       |
|   am_submul_12s_12s_13s_26_1_1_U475         | 1   |        | sub_ln58_591      | sub | dsp_slice | 0       |
|   sub_ln58_592_fu_3931_p2                   |     |        | sub_ln58_592      | sub | fabric    | 0       |
|   am_submul_12s_12s_13s_26_1_1_U475         | 1   |        | mul_ln58_237      | mul | dsp_slice | 0       |
|   ama_addmuladd_12s_12s_13s_26s_26_1_1_U728 | 1   |        | add_ln58_355      | add | dsp_slice | 0       |
|   add_ln58_356_fu_39510_p2                  |     |        | add_ln58_356      | add | fabric    | 0       |
|   sub_ln58_595_fu_7047_p2                   |     |        | sub_ln58_595      | sub | fabric    | 0       |
|   ama_addmuladd_12s_12s_13s_26s_26_1_1_U729 | 1   |        | add_ln58_357      | add | dsp_slice | 0       |
|   ama_addmuladd_12s_12s_13s_26s_26_1_1_U729 | 1   |        | mul_ln58_238      | mul | dsp_slice | 0       |
|   am_submul_12s_12s_13s_26_1_1_U476         | 1   |        | sub_ln58_596      | sub | dsp_slice | 0       |
|   sub_ln58_597_fu_3941_p2                   |     |        | sub_ln58_597      | sub | fabric    | 0       |
|   am_submul_12s_12s_13s_26_1_1_U476         | 1   |        | mul_ln58_239      | mul | dsp_slice | 0       |
|   ama_addmuladd_12s_12s_13s_26s_26_1_1_U729 | 1   |        | add_ln58_358      | add | dsp_slice | 0       |
|   add_ln58_359_fu_39769_p2                  |     |        | add_ln58_359      | add | fabric    | 0       |
|   sub_ln58_600_fu_7057_p2                   |     |        | sub_ln58_600      | sub | fabric    | 0       |
|   ama_addmuladd_12s_12s_13s_26s_26_1_1_U730 | 1   |        | add_ln58_360      | add | dsp_slice | 0       |
|   ama_addmuladd_12s_12s_13s_26s_26_1_1_U730 | 1   |        | mul_ln58_240      | mul | dsp_slice | 0       |
|   am_submul_12s_12s_13s_26_1_1_U477         | 1   |        | sub_ln58_601      | sub | dsp_slice | 0       |
|   sub_ln58_602_fu_3951_p2                   |     |        | sub_ln58_602      | sub | fabric    | 0       |
|   am_submul_12s_12s_13s_26_1_1_U477         | 1   |        | mul_ln58_241      | mul | dsp_slice | 0       |
|   ama_addmuladd_12s_12s_13s_26s_26_1_1_U730 | 1   |        | add_ln58_361      | add | dsp_slice | 0       |
|   add_ln58_362_fu_40028_p2                  |     |        | add_ln58_362      | add | fabric    | 0       |
|   sub_ln58_605_fu_7067_p2                   |     |        | sub_ln58_605      | sub | fabric    | 0       |
|   ama_addmuladd_12s_12s_13s_26s_26_1_1_U731 | 1   |        | add_ln58_363      | add | dsp_slice | 0       |
|   ama_addmuladd_12s_12s_13s_26s_26_1_1_U731 | 1   |        | mul_ln58_242      | mul | dsp_slice | 0       |
|   am_submul_12s_12s_13s_26_1_1_U478         | 1   |        | sub_ln58_606      | sub | dsp_slice | 0       |
|   sub_ln58_607_fu_3961_p2                   |     |        | sub_ln58_607      | sub | fabric    | 0       |
|   am_submul_12s_12s_13s_26_1_1_U478         | 1   |        | mul_ln58_243      | mul | dsp_slice | 0       |
|   ama_addmuladd_12s_12s_13s_26s_26_1_1_U731 | 1   |        | add_ln58_364      | add | dsp_slice | 0       |
|   add_ln58_365_fu_40287_p2                  |     |        | add_ln58_365      | add | fabric    | 0       |
|   sub_ln58_610_fu_7077_p2                   |     |        | sub_ln58_610      | sub | fabric    | 0       |
|   ama_addmuladd_12s_12s_13s_26s_26_1_1_U732 | 1   |        | add_ln58_366      | add | dsp_slice | 0       |
|   ama_addmuladd_12s_12s_13s_26s_26_1_1_U732 | 1   |        | mul_ln58_244      | mul | dsp_slice | 0       |
|   am_submul_12s_12s_13s_26_1_1_U479         | 1   |        | sub_ln58_611      | sub | dsp_slice | 0       |
|   sub_ln58_612_fu_3971_p2                   |     |        | sub_ln58_612      | sub | fabric    | 0       |
|   am_submul_12s_12s_13s_26_1_1_U479         | 1   |        | mul_ln58_245      | mul | dsp_slice | 0       |
|   ama_addmuladd_12s_12s_13s_26s_26_1_1_U732 | 1   |        | add_ln58_367      | add | dsp_slice | 0       |
|   add_ln58_368_fu_40546_p2                  |     |        | add_ln58_368      | add | fabric    | 0       |
|   sub_ln58_615_fu_7087_p2                   |     |        | sub_ln58_615      | sub | fabric    | 0       |
|   ama_addmuladd_12s_12s_13s_26s_26_1_1_U733 | 1   |        | add_ln58_369      | add | dsp_slice | 0       |
|   ama_addmuladd_12s_12s_13s_26s_26_1_1_U733 | 1   |        | mul_ln58_246      | mul | dsp_slice | 0       |
|   am_submul_12s_12s_13s_26_1_1_U480         | 1   |        | sub_ln58_616      | sub | dsp_slice | 0       |
|   sub_ln58_617_fu_3981_p2                   |     |        | sub_ln58_617      | sub | fabric    | 0       |
|   am_submul_12s_12s_13s_26_1_1_U480         | 1   |        | mul_ln58_247      | mul | dsp_slice | 0       |
|   ama_addmuladd_12s_12s_13s_26s_26_1_1_U733 | 1   |        | add_ln58_370      | add | dsp_slice | 0       |
|   add_ln58_371_fu_40805_p2                  |     |        | add_ln58_371      | add | fabric    | 0       |
|   sub_ln58_620_fu_7097_p2                   |     |        | sub_ln58_620      | sub | fabric    | 0       |
|   ama_addmuladd_12s_12s_13s_26s_26_1_1_U734 | 1   |        | add_ln58_372      | add | dsp_slice | 0       |
|   ama_addmuladd_12s_12s_13s_26s_26_1_1_U734 | 1   |        | mul_ln58_248      | mul | dsp_slice | 0       |
|   am_submul_12s_12s_13s_26_1_1_U481         | 1   |        | sub_ln58_621      | sub | dsp_slice | 0       |
|   sub_ln58_622_fu_3991_p2                   |     |        | sub_ln58_622      | sub | fabric    | 0       |
|   am_submul_12s_12s_13s_26_1_1_U481         | 1   |        | mul_ln58_249      | mul | dsp_slice | 0       |
|   ama_addmuladd_12s_12s_13s_26s_26_1_1_U734 | 1   |        | add_ln58_373      | add | dsp_slice | 0       |
|   add_ln58_374_fu_41064_p2                  |     |        | add_ln58_374      | add | fabric    | 0       |
|   sub_ln58_625_fu_7107_p2                   |     |        | sub_ln58_625      | sub | fabric    | 0       |
|   ama_addmuladd_12s_12s_13s_26s_26_1_1_U735 | 1   |        | add_ln58_375      | add | dsp_slice | 0       |
|   ama_addmuladd_12s_12s_13s_26s_26_1_1_U735 | 1   |        | mul_ln58_250      | mul | dsp_slice | 0       |
|   am_submul_12s_12s_13s_26_1_1_U482         | 1   |        | sub_ln58_626      | sub | dsp_slice | 0       |
|   sub_ln58_627_fu_4001_p2                   |     |        | sub_ln58_627      | sub | fabric    | 0       |
|   am_submul_12s_12s_13s_26_1_1_U482         | 1   |        | mul_ln58_251      | mul | dsp_slice | 0       |
|   ama_addmuladd_12s_12s_13s_26s_26_1_1_U735 | 1   |        | add_ln58_376      | add | dsp_slice | 0       |
|   add_ln58_377_fu_41323_p2                  |     |        | add_ln58_377      | add | fabric    | 0       |
|   sub_ln58_630_fu_7117_p2                   |     |        | sub_ln58_630      | sub | fabric    | 0       |
|   ama_addmuladd_12s_12s_13s_26s_26_1_1_U736 | 1   |        | add_ln58_378      | add | dsp_slice | 0       |
|   ama_addmuladd_12s_12s_13s_26s_26_1_1_U736 | 1   |        | mul_ln58_252      | mul | dsp_slice | 0       |
|   am_submul_12s_12s_13s_26_1_1_U483         | 1   |        | sub_ln58_631      | sub | dsp_slice | 0       |
|   sub_ln58_632_fu_4011_p2                   |     |        | sub_ln58_632      | sub | fabric    | 0       |
|   am_submul_12s_12s_13s_26_1_1_U483         | 1   |        | mul_ln58_253      | mul | dsp_slice | 0       |
|   ama_addmuladd_12s_12s_13s_26s_26_1_1_U736 | 1   |        | add_ln58_379      | add | dsp_slice | 0       |
|   add_ln58_380_fu_41582_p2                  |     |        | add_ln58_380      | add | fabric    | 0       |
|   sub_ln58_635_fu_7127_p2                   |     |        | sub_ln58_635      | sub | fabric    | 0       |
|   ama_addmuladd_12s_12s_13s_26s_26_1_1_U737 | 1   |        | add_ln58_381      | add | dsp_slice | 0       |
|   ama_addmuladd_12s_12s_13s_26s_26_1_1_U737 | 1   |        | mul_ln58_254      | mul | dsp_slice | 0       |
|   am_submul_12s_12s_13s_26_1_1_U484         | 1   |        | sub_ln58_636      | sub | dsp_slice | 0       |
|   sub_ln58_637_fu_4021_p2                   |     |        | sub_ln58_637      | sub | fabric    | 0       |
|   am_submul_12s_12s_13s_26_1_1_U484         | 1   |        | mul_ln58_255      | mul | dsp_slice | 0       |
|   ama_addmuladd_12s_12s_13s_26s_26_1_1_U737 | 1   |        | add_ln58_382      | add | dsp_slice | 0       |
|   add_ln58_383_fu_41841_p2                  |     |        | add_ln58_383      | add | fabric    | 0       |
|   sub_ln58_640_fu_7137_p2                   |     |        | sub_ln58_640      | sub | fabric    | 0       |
|   ama_addmuladd_12s_12s_13s_26s_26_1_1_U738 | 1   |        | add_ln58_384      | add | dsp_slice | 0       |
|   ama_addmuladd_12s_12s_13s_26s_26_1_1_U738 | 1   |        | mul_ln58_256      | mul | dsp_slice | 0       |
|   am_submul_12s_12s_13s_26_1_1_U485         | 1   |        | sub_ln58_641      | sub | dsp_slice | 0       |
|   sub_ln58_642_fu_4031_p2                   |     |        | sub_ln58_642      | sub | fabric    | 0       |
|   am_submul_12s_12s_13s_26_1_1_U485         | 1   |        | mul_ln58_257      | mul | dsp_slice | 0       |
|   ama_addmuladd_12s_12s_13s_26s_26_1_1_U738 | 1   |        | add_ln58_385      | add | dsp_slice | 0       |
|   add_ln58_386_fu_42100_p2                  |     |        | add_ln58_386      | add | fabric    | 0       |
|   sub_ln58_645_fu_7147_p2                   |     |        | sub_ln58_645      | sub | fabric    | 0       |
|   ama_addmuladd_12s_12s_13s_26s_26_1_1_U739 | 1   |        | add_ln58_387      | add | dsp_slice | 0       |
|   ama_addmuladd_12s_12s_13s_26s_26_1_1_U739 | 1   |        | mul_ln58_258      | mul | dsp_slice | 0       |
|   am_submul_12s_12s_13s_26_1_1_U486         | 1   |        | sub_ln58_646      | sub | dsp_slice | 0       |
|   sub_ln58_647_fu_4041_p2                   |     |        | sub_ln58_647      | sub | fabric    | 0       |
|   am_submul_12s_12s_13s_26_1_1_U486         | 1   |        | mul_ln58_259      | mul | dsp_slice | 0       |
|   ama_addmuladd_12s_12s_13s_26s_26_1_1_U739 | 1   |        | add_ln58_388      | add | dsp_slice | 0       |
|   add_ln58_389_fu_42359_p2                  |     |        | add_ln58_389      | add | fabric    | 0       |
|   sub_ln58_650_fu_7157_p2                   |     |        | sub_ln58_650      | sub | fabric    | 0       |
|   ama_addmuladd_12s_12s_13s_26s_26_1_1_U740 | 1   |        | add_ln58_390      | add | dsp_slice | 0       |
|   ama_addmuladd_12s_12s_13s_26s_26_1_1_U740 | 1   |        | mul_ln58_260      | mul | dsp_slice | 0       |
|   am_submul_12s_12s_13s_26_1_1_U487         | 1   |        | sub_ln58_651      | sub | dsp_slice | 0       |
|   sub_ln58_652_fu_4051_p2                   |     |        | sub_ln58_652      | sub | fabric    | 0       |
|   am_submul_12s_12s_13s_26_1_1_U487         | 1   |        | mul_ln58_261      | mul | dsp_slice | 0       |
|   ama_addmuladd_12s_12s_13s_26s_26_1_1_U740 | 1   |        | add_ln58_391      | add | dsp_slice | 0       |
|   add_ln58_392_fu_42618_p2                  |     |        | add_ln58_392      | add | fabric    | 0       |
|   sub_ln58_655_fu_7167_p2                   |     |        | sub_ln58_655      | sub | fabric    | 0       |
|   ama_addmuladd_12s_12s_13s_26s_26_1_1_U741 | 1   |        | add_ln58_393      | add | dsp_slice | 0       |
|   ama_addmuladd_12s_12s_13s_26s_26_1_1_U741 | 1   |        | mul_ln58_262      | mul | dsp_slice | 0       |
|   am_submul_12s_12s_13s_26_1_1_U488         | 1   |        | sub_ln58_656      | sub | dsp_slice | 0       |
|   sub_ln58_657_fu_4061_p2                   |     |        | sub_ln58_657      | sub | fabric    | 0       |
|   am_submul_12s_12s_13s_26_1_1_U488         | 1   |        | mul_ln58_263      | mul | dsp_slice | 0       |
|   ama_addmuladd_12s_12s_13s_26s_26_1_1_U741 | 1   |        | add_ln58_394      | add | dsp_slice | 0       |
|   add_ln58_395_fu_42877_p2                  |     |        | add_ln58_395      | add | fabric    | 0       |
|   sub_ln58_660_fu_7177_p2                   |     |        | sub_ln58_660      | sub | fabric    | 0       |
|   ama_addmuladd_12s_12s_13s_26s_26_1_1_U742 | 1   |        | add_ln58_396      | add | dsp_slice | 0       |
|   ama_addmuladd_12s_12s_13s_26s_26_1_1_U742 | 1   |        | mul_ln58_264      | mul | dsp_slice | 0       |
|   am_submul_12s_12s_13s_26_1_1_U489         | 1   |        | sub_ln58_661      | sub | dsp_slice | 0       |
|   sub_ln58_662_fu_4071_p2                   |     |        | sub_ln58_662      | sub | fabric    | 0       |
|   am_submul_12s_12s_13s_26_1_1_U489         | 1   |        | mul_ln58_265      | mul | dsp_slice | 0       |
|   ama_addmuladd_12s_12s_13s_26s_26_1_1_U742 | 1   |        | add_ln58_397      | add | dsp_slice | 0       |
|   add_ln58_398_fu_43136_p2                  |     |        | add_ln58_398      | add | fabric    | 0       |
|   sub_ln58_665_fu_7187_p2                   |     |        | sub_ln58_665      | sub | fabric    | 0       |
|   ama_addmuladd_12s_12s_13s_26s_26_1_1_U743 | 1   |        | add_ln58_399      | add | dsp_slice | 0       |
|   ama_addmuladd_12s_12s_13s_26s_26_1_1_U743 | 1   |        | mul_ln58_266      | mul | dsp_slice | 0       |
|   am_submul_12s_12s_13s_26_1_1_U490         | 1   |        | sub_ln58_666      | sub | dsp_slice | 0       |
|   sub_ln58_667_fu_4081_p2                   |     |        | sub_ln58_667      | sub | fabric    | 0       |
|   am_submul_12s_12s_13s_26_1_1_U490         | 1   |        | mul_ln58_267      | mul | dsp_slice | 0       |
|   ama_addmuladd_12s_12s_13s_26s_26_1_1_U743 | 1   |        | add_ln58_400      | add | dsp_slice | 0       |
|   add_ln58_401_fu_43399_p2                  |     |        | add_ln58_401      | add | fabric    | 0       |
|   sub_ln58_670_fu_7197_p2                   |     |        | sub_ln58_670      | sub | fabric    | 0       |
|   ama_addmuladd_12s_12s_13s_26s_26_1_1_U744 | 1   |        | add_ln58_402      | add | dsp_slice | 0       |
|   ama_addmuladd_12s_12s_13s_26s_26_1_1_U744 | 1   |        | mul_ln58_268      | mul | dsp_slice | 0       |
|   am_submul_12s_12s_13s_26_1_1_U491         | 1   |        | sub_ln58_671      | sub | dsp_slice | 0       |
|   sub_ln58_672_fu_4091_p2                   |     |        | sub_ln58_672      | sub | fabric    | 0       |
|   am_submul_12s_12s_13s_26_1_1_U491         | 1   |        | mul_ln58_269      | mul | dsp_slice | 0       |
|   ama_addmuladd_12s_12s_13s_26s_26_1_1_U744 | 1   |        | add_ln58_403      | add | dsp_slice | 0       |
|   add_ln58_404_fu_43658_p2                  |     |        | add_ln58_404      | add | fabric    | 0       |
|   sub_ln58_675_fu_7207_p2                   |     |        | sub_ln58_675      | sub | fabric    | 0       |
|   ama_addmuladd_12s_12s_13s_26s_26_1_1_U745 | 1   |        | add_ln58_405      | add | dsp_slice | 0       |
|   ama_addmuladd_12s_12s_13s_26s_26_1_1_U745 | 1   |        | mul_ln58_270      | mul | dsp_slice | 0       |
|   am_submul_12s_12s_13s_26_1_1_U492         | 1   |        | sub_ln58_676      | sub | dsp_slice | 0       |
|   sub_ln58_677_fu_4101_p2                   |     |        | sub_ln58_677      | sub | fabric    | 0       |
|   am_submul_12s_12s_13s_26_1_1_U492         | 1   |        | mul_ln58_271      | mul | dsp_slice | 0       |
|   ama_addmuladd_12s_12s_13s_26s_26_1_1_U745 | 1   |        | add_ln58_406      | add | dsp_slice | 0       |
|   add_ln58_407_fu_43917_p2                  |     |        | add_ln58_407      | add | fabric    | 0       |
|   sub_ln58_680_fu_7217_p2                   |     |        | sub_ln58_680      | sub | fabric    | 0       |
|   ama_addmuladd_12s_12s_13s_26s_26_1_1_U746 | 1   |        | add_ln58_408      | add | dsp_slice | 0       |
|   ama_addmuladd_12s_12s_13s_26s_26_1_1_U746 | 1   |        | mul_ln58_272      | mul | dsp_slice | 0       |
|   am_submul_12s_12s_13s_26_1_1_U493         | 1   |        | sub_ln58_681      | sub | dsp_slice | 0       |
|   sub_ln58_682_fu_4111_p2                   |     |        | sub_ln58_682      | sub | fabric    | 0       |
|   am_submul_12s_12s_13s_26_1_1_U493         | 1   |        | mul_ln58_273      | mul | dsp_slice | 0       |
|   ama_addmuladd_12s_12s_13s_26s_26_1_1_U746 | 1   |        | add_ln58_409      | add | dsp_slice | 0       |
|   add_ln58_410_fu_44176_p2                  |     |        | add_ln58_410      | add | fabric    | 0       |
|   sub_ln58_685_fu_7227_p2                   |     |        | sub_ln58_685      | sub | fabric    | 0       |
|   ama_addmuladd_12s_12s_13s_26s_26_1_1_U747 | 1   |        | add_ln58_411      | add | dsp_slice | 0       |
|   ama_addmuladd_12s_12s_13s_26s_26_1_1_U747 | 1   |        | mul_ln58_274      | mul | dsp_slice | 0       |
|   am_submul_12s_12s_13s_26_1_1_U494         | 1   |        | sub_ln58_686      | sub | dsp_slice | 0       |
|   sub_ln58_687_fu_4121_p2                   |     |        | sub_ln58_687      | sub | fabric    | 0       |
|   am_submul_12s_12s_13s_26_1_1_U494         | 1   |        | mul_ln58_275      | mul | dsp_slice | 0       |
|   ama_addmuladd_12s_12s_13s_26s_26_1_1_U747 | 1   |        | add_ln58_412      | add | dsp_slice | 0       |
|   add_ln58_413_fu_44435_p2                  |     |        | add_ln58_413      | add | fabric    | 0       |
|   sub_ln58_690_fu_7237_p2                   |     |        | sub_ln58_690      | sub | fabric    | 0       |
|   ama_addmuladd_12s_12s_13s_26s_26_1_1_U748 | 1   |        | add_ln58_414      | add | dsp_slice | 0       |
|   ama_addmuladd_12s_12s_13s_26s_26_1_1_U748 | 1   |        | mul_ln58_276      | mul | dsp_slice | 0       |
|   am_submul_12s_12s_13s_26_1_1_U495         | 1   |        | sub_ln58_691      | sub | dsp_slice | 0       |
|   sub_ln58_692_fu_4131_p2                   |     |        | sub_ln58_692      | sub | fabric    | 0       |
|   am_submul_12s_12s_13s_26_1_1_U495         | 1   |        | mul_ln58_277      | mul | dsp_slice | 0       |
|   ama_addmuladd_12s_12s_13s_26s_26_1_1_U748 | 1   |        | add_ln58_415      | add | dsp_slice | 0       |
|   add_ln58_416_fu_44694_p2                  |     |        | add_ln58_416      | add | fabric    | 0       |
|   sub_ln58_695_fu_7247_p2                   |     |        | sub_ln58_695      | sub | fabric    | 0       |
|   ama_addmuladd_12s_12s_13s_26s_26_1_1_U749 | 1   |        | add_ln58_417      | add | dsp_slice | 0       |
|   ama_addmuladd_12s_12s_13s_26s_26_1_1_U749 | 1   |        | mul_ln58_278      | mul | dsp_slice | 0       |
|   am_submul_12s_12s_13s_26_1_1_U496         | 1   |        | sub_ln58_696      | sub | dsp_slice | 0       |
|   sub_ln58_697_fu_4141_p2                   |     |        | sub_ln58_697      | sub | fabric    | 0       |
|   am_submul_12s_12s_13s_26_1_1_U496         | 1   |        | mul_ln58_279      | mul | dsp_slice | 0       |
|   ama_addmuladd_12s_12s_13s_26s_26_1_1_U749 | 1   |        | add_ln58_418      | add | dsp_slice | 0       |
|   add_ln58_419_fu_44953_p2                  |     |        | add_ln58_419      | add | fabric    | 0       |
|   sub_ln58_700_fu_7257_p2                   |     |        | sub_ln58_700      | sub | fabric    | 0       |
|   ama_addmuladd_12s_12s_13s_26s_26_1_1_U750 | 1   |        | add_ln58_420      | add | dsp_slice | 0       |
|   ama_addmuladd_12s_12s_13s_26s_26_1_1_U750 | 1   |        | mul_ln58_280      | mul | dsp_slice | 0       |
|   am_submul_12s_12s_13s_26_1_1_U497         | 1   |        | sub_ln58_701      | sub | dsp_slice | 0       |
|   sub_ln58_702_fu_4151_p2                   |     |        | sub_ln58_702      | sub | fabric    | 0       |
|   am_submul_12s_12s_13s_26_1_1_U497         | 1   |        | mul_ln58_281      | mul | dsp_slice | 0       |
|   ama_addmuladd_12s_12s_13s_26s_26_1_1_U750 | 1   |        | add_ln58_421      | add | dsp_slice | 0       |
|   add_ln58_422_fu_45212_p2                  |     |        | add_ln58_422      | add | fabric    | 0       |
|   sub_ln58_705_fu_7267_p2                   |     |        | sub_ln58_705      | sub | fabric    | 0       |
|   ama_addmuladd_12s_12s_13s_26s_26_1_1_U751 | 1   |        | add_ln58_423      | add | dsp_slice | 0       |
|   ama_addmuladd_12s_12s_13s_26s_26_1_1_U751 | 1   |        | mul_ln58_282      | mul | dsp_slice | 0       |
|   am_submul_12s_12s_13s_26_1_1_U498         | 1   |        | sub_ln58_706      | sub | dsp_slice | 0       |
|   sub_ln58_707_fu_4161_p2                   |     |        | sub_ln58_707      | sub | fabric    | 0       |
|   am_submul_12s_12s_13s_26_1_1_U498         | 1   |        | mul_ln58_283      | mul | dsp_slice | 0       |
|   ama_addmuladd_12s_12s_13s_26s_26_1_1_U751 | 1   |        | add_ln58_424      | add | dsp_slice | 0       |
|   add_ln58_425_fu_45471_p2                  |     |        | add_ln58_425      | add | fabric    | 0       |
|   sub_ln58_710_fu_7277_p2                   |     |        | sub_ln58_710      | sub | fabric    | 0       |
|   ama_addmuladd_12s_12s_13s_26s_26_1_1_U752 | 1   |        | add_ln58_426      | add | dsp_slice | 0       |
|   ama_addmuladd_12s_12s_13s_26s_26_1_1_U752 | 1   |        | mul_ln58_284      | mul | dsp_slice | 0       |
|   am_submul_12s_12s_13s_26_1_1_U499         | 1   |        | sub_ln58_711      | sub | dsp_slice | 0       |
|   sub_ln58_712_fu_4171_p2                   |     |        | sub_ln58_712      | sub | fabric    | 0       |
|   am_submul_12s_12s_13s_26_1_1_U499         | 1   |        | mul_ln58_285      | mul | dsp_slice | 0       |
|   ama_addmuladd_12s_12s_13s_26s_26_1_1_U752 | 1   |        | add_ln58_427      | add | dsp_slice | 0       |
|   add_ln58_428_fu_45730_p2                  |     |        | add_ln58_428      | add | fabric    | 0       |
|   sub_ln58_715_fu_7287_p2                   |     |        | sub_ln58_715      | sub | fabric    | 0       |
|   ama_addmuladd_12s_12s_13s_26s_26_1_1_U753 | 1   |        | add_ln58_429      | add | dsp_slice | 0       |
|   ama_addmuladd_12s_12s_13s_26s_26_1_1_U753 | 1   |        | mul_ln58_286      | mul | dsp_slice | 0       |
|   am_submul_12s_12s_13s_26_1_1_U500         | 1   |        | sub_ln58_716      | sub | dsp_slice | 0       |
|   sub_ln58_717_fu_4181_p2                   |     |        | sub_ln58_717      | sub | fabric    | 0       |
|   am_submul_12s_12s_13s_26_1_1_U500         | 1   |        | mul_ln58_287      | mul | dsp_slice | 0       |
|   ama_addmuladd_12s_12s_13s_26s_26_1_1_U753 | 1   |        | add_ln58_430      | add | dsp_slice | 0       |
|   add_ln58_431_fu_45989_p2                  |     |        | add_ln58_431      | add | fabric    | 0       |
|   sub_ln58_720_fu_7297_p2                   |     |        | sub_ln58_720      | sub | fabric    | 0       |
|   ama_addmuladd_12s_12s_13s_26s_26_1_1_U754 | 1   |        | add_ln58_432      | add | dsp_slice | 0       |
|   ama_addmuladd_12s_12s_13s_26s_26_1_1_U754 | 1   |        | mul_ln58_288      | mul | dsp_slice | 0       |
|   am_submul_12s_12s_13s_26_1_1_U501         | 1   |        | sub_ln58_721      | sub | dsp_slice | 0       |
|   sub_ln58_722_fu_4191_p2                   |     |        | sub_ln58_722      | sub | fabric    | 0       |
|   am_submul_12s_12s_13s_26_1_1_U501         | 1   |        | mul_ln58_289      | mul | dsp_slice | 0       |
|   ama_addmuladd_12s_12s_13s_26s_26_1_1_U754 | 1   |        | add_ln58_433      | add | dsp_slice | 0       |
|   add_ln58_434_fu_46248_p2                  |     |        | add_ln58_434      | add | fabric    | 0       |
|   sub_ln58_725_fu_7307_p2                   |     |        | sub_ln58_725      | sub | fabric    | 0       |
|   ama_addmuladd_12s_12s_13s_26s_26_1_1_U755 | 1   |        | add_ln58_435      | add | dsp_slice | 0       |
|   ama_addmuladd_12s_12s_13s_26s_26_1_1_U755 | 1   |        | mul_ln58_290      | mul | dsp_slice | 0       |
|   am_submul_12s_12s_13s_26_1_1_U502         | 1   |        | sub_ln58_726      | sub | dsp_slice | 0       |
|   sub_ln58_727_fu_4201_p2                   |     |        | sub_ln58_727      | sub | fabric    | 0       |
|   am_submul_12s_12s_13s_26_1_1_U502         | 1   |        | mul_ln58_291      | mul | dsp_slice | 0       |
|   ama_addmuladd_12s_12s_13s_26s_26_1_1_U755 | 1   |        | add_ln58_436      | add | dsp_slice | 0       |
|   add_ln58_437_fu_46507_p2                  |     |        | add_ln58_437      | add | fabric    | 0       |
|   sub_ln58_730_fu_7317_p2                   |     |        | sub_ln58_730      | sub | fabric    | 0       |
|   ama_addmuladd_12s_12s_13s_26s_26_1_1_U756 | 1   |        | add_ln58_438      | add | dsp_slice | 0       |
|   ama_addmuladd_12s_12s_13s_26s_26_1_1_U756 | 1   |        | mul_ln58_292      | mul | dsp_slice | 0       |
|   am_submul_12s_12s_13s_26_1_1_U503         | 1   |        | sub_ln58_731      | sub | dsp_slice | 0       |
|   sub_ln58_732_fu_4211_p2                   |     |        | sub_ln58_732      | sub | fabric    | 0       |
|   am_submul_12s_12s_13s_26_1_1_U503         | 1   |        | mul_ln58_293      | mul | dsp_slice | 0       |
|   ama_addmuladd_12s_12s_13s_26s_26_1_1_U756 | 1   |        | add_ln58_439      | add | dsp_slice | 0       |
|   add_ln58_440_fu_46766_p2                  |     |        | add_ln58_440      | add | fabric    | 0       |
|   sub_ln58_735_fu_7327_p2                   |     |        | sub_ln58_735      | sub | fabric    | 0       |
|   ama_addmuladd_12s_12s_13s_26s_26_1_1_U757 | 1   |        | add_ln58_441      | add | dsp_slice | 0       |
|   ama_addmuladd_12s_12s_13s_26s_26_1_1_U757 | 1   |        | mul_ln58_294      | mul | dsp_slice | 0       |
|   am_submul_12s_12s_13s_26_1_1_U504         | 1   |        | sub_ln58_736      | sub | dsp_slice | 0       |
|   sub_ln58_737_fu_4221_p2                   |     |        | sub_ln58_737      | sub | fabric    | 0       |
|   am_submul_12s_12s_13s_26_1_1_U504         | 1   |        | mul_ln58_295      | mul | dsp_slice | 0       |
|   ama_addmuladd_12s_12s_13s_26s_26_1_1_U757 | 1   |        | add_ln58_442      | add | dsp_slice | 0       |
|   add_ln58_443_fu_47025_p2                  |     |        | add_ln58_443      | add | fabric    | 0       |
|   sub_ln58_740_fu_7337_p2                   |     |        | sub_ln58_740      | sub | fabric    | 0       |
|   ama_addmuladd_12s_12s_13s_26s_26_1_1_U758 | 1   |        | add_ln58_444      | add | dsp_slice | 0       |
|   ama_addmuladd_12s_12s_13s_26s_26_1_1_U758 | 1   |        | mul_ln58_296      | mul | dsp_slice | 0       |
|   am_submul_12s_12s_13s_26_1_1_U505         | 1   |        | sub_ln58_741      | sub | dsp_slice | 0       |
|   sub_ln58_742_fu_4231_p2                   |     |        | sub_ln58_742      | sub | fabric    | 0       |
|   am_submul_12s_12s_13s_26_1_1_U505         | 1   |        | mul_ln58_297      | mul | dsp_slice | 0       |
|   ama_addmuladd_12s_12s_13s_26s_26_1_1_U758 | 1   |        | add_ln58_445      | add | dsp_slice | 0       |
|   add_ln58_446_fu_47288_p2                  |     |        | add_ln58_446      | add | fabric    | 0       |
|   sub_ln58_745_fu_7347_p2                   |     |        | sub_ln58_745      | sub | fabric    | 0       |
|   ama_addmuladd_12s_12s_13s_26s_26_1_1_U759 | 1   |        | add_ln58_447      | add | dsp_slice | 0       |
|   ama_addmuladd_12s_12s_13s_26s_26_1_1_U759 | 1   |        | mul_ln58_298      | mul | dsp_slice | 0       |
|   am_submul_12s_12s_13s_26_1_1_U506         | 1   |        | sub_ln58_746      | sub | dsp_slice | 0       |
|   sub_ln58_747_fu_4241_p2                   |     |        | sub_ln58_747      | sub | fabric    | 0       |
|   am_submul_12s_12s_13s_26_1_1_U506         | 1   |        | mul_ln58_299      | mul | dsp_slice | 0       |
|   ama_addmuladd_12s_12s_13s_26s_26_1_1_U759 | 1   |        | add_ln58_448      | add | dsp_slice | 0       |
|   add_ln58_449_fu_47547_p2                  |     |        | add_ln58_449      | add | fabric    | 0       |
|   sub_ln58_750_fu_7357_p2                   |     |        | sub_ln58_750      | sub | fabric    | 0       |
|   ama_addmuladd_12s_12s_13s_26s_26_1_1_U760 | 1   |        | add_ln58_450      | add | dsp_slice | 0       |
|   ama_addmuladd_12s_12s_13s_26s_26_1_1_U760 | 1   |        | mul_ln58_300      | mul | dsp_slice | 0       |
|   am_submul_12s_12s_13s_26_1_1_U507         | 1   |        | sub_ln58_751      | sub | dsp_slice | 0       |
|   sub_ln58_752_fu_4251_p2                   |     |        | sub_ln58_752      | sub | fabric    | 0       |
|   am_submul_12s_12s_13s_26_1_1_U507         | 1   |        | mul_ln58_301      | mul | dsp_slice | 0       |
|   ama_addmuladd_12s_12s_13s_26s_26_1_1_U760 | 1   |        | add_ln58_451      | add | dsp_slice | 0       |
|   add_ln58_452_fu_47806_p2                  |     |        | add_ln58_452      | add | fabric    | 0       |
|   sub_ln58_755_fu_7367_p2                   |     |        | sub_ln58_755      | sub | fabric    | 0       |
|   ama_addmuladd_12s_12s_13s_26s_26_1_1_U761 | 1   |        | add_ln58_453      | add | dsp_slice | 0       |
|   ama_addmuladd_12s_12s_13s_26s_26_1_1_U761 | 1   |        | mul_ln58_302      | mul | dsp_slice | 0       |
|   am_submul_12s_12s_13s_26_1_1_U508         | 1   |        | sub_ln58_756      | sub | dsp_slice | 0       |
|   sub_ln58_757_fu_4261_p2                   |     |        | sub_ln58_757      | sub | fabric    | 0       |
|   am_submul_12s_12s_13s_26_1_1_U508         | 1   |        | mul_ln58_303      | mul | dsp_slice | 0       |
|   ama_addmuladd_12s_12s_13s_26s_26_1_1_U761 | 1   |        | add_ln58_454      | add | dsp_slice | 0       |
|   add_ln58_455_fu_48065_p2                  |     |        | add_ln58_455      | add | fabric    | 0       |
|   sub_ln58_760_fu_7377_p2                   |     |        | sub_ln58_760      | sub | fabric    | 0       |
|   ama_addmuladd_12s_12s_13s_26s_26_1_1_U762 | 1   |        | add_ln58_456      | add | dsp_slice | 0       |
|   ama_addmuladd_12s_12s_13s_26s_26_1_1_U762 | 1   |        | mul_ln58_304      | mul | dsp_slice | 0       |
|   am_submul_12s_12s_13s_26_1_1_U509         | 1   |        | sub_ln58_761      | sub | dsp_slice | 0       |
|   sub_ln58_762_fu_4271_p2                   |     |        | sub_ln58_762      | sub | fabric    | 0       |
|   am_submul_12s_12s_13s_26_1_1_U509         | 1   |        | mul_ln58_305      | mul | dsp_slice | 0       |
|   ama_addmuladd_12s_12s_13s_26s_26_1_1_U762 | 1   |        | add_ln58_457      | add | dsp_slice | 0       |
|   add_ln58_458_fu_48324_p2                  |     |        | add_ln58_458      | add | fabric    | 0       |
|   sub_ln58_765_fu_7387_p2                   |     |        | sub_ln58_765      | sub | fabric    | 0       |
|   ama_addmuladd_12s_12s_13s_26s_26_1_1_U763 | 1   |        | add_ln58_459      | add | dsp_slice | 0       |
|   ama_addmuladd_12s_12s_13s_26s_26_1_1_U763 | 1   |        | mul_ln58_306      | mul | dsp_slice | 0       |
|   am_submul_12s_12s_13s_26_1_1_U510         | 1   |        | sub_ln58_766      | sub | dsp_slice | 0       |
|   sub_ln58_767_fu_4281_p2                   |     |        | sub_ln58_767      | sub | fabric    | 0       |
|   am_submul_12s_12s_13s_26_1_1_U510         | 1   |        | mul_ln58_307      | mul | dsp_slice | 0       |
|   ama_addmuladd_12s_12s_13s_26s_26_1_1_U763 | 1   |        | add_ln58_460      | add | dsp_slice | 0       |
|   add_ln58_461_fu_48583_p2                  |     |        | add_ln58_461      | add | fabric    | 0       |
|   sub_ln58_770_fu_7397_p2                   |     |        | sub_ln58_770      | sub | fabric    | 0       |
|   ama_addmuladd_12s_12s_13s_26s_26_1_1_U764 | 1   |        | add_ln58_462      | add | dsp_slice | 0       |
|   ama_addmuladd_12s_12s_13s_26s_26_1_1_U764 | 1   |        | mul_ln58_308      | mul | dsp_slice | 0       |
|   am_submul_12s_12s_13s_26_1_1_U511         | 1   |        | sub_ln58_771      | sub | dsp_slice | 0       |
|   sub_ln58_772_fu_4291_p2                   |     |        | sub_ln58_772      | sub | fabric    | 0       |
|   am_submul_12s_12s_13s_26_1_1_U511         | 1   |        | mul_ln58_309      | mul | dsp_slice | 0       |
|   ama_addmuladd_12s_12s_13s_26s_26_1_1_U764 | 1   |        | add_ln58_463      | add | dsp_slice | 0       |
|   add_ln58_464_fu_48842_p2                  |     |        | add_ln58_464      | add | fabric    | 0       |
|   sub_ln58_775_fu_7407_p2                   |     |        | sub_ln58_775      | sub | fabric    | 0       |
|   ama_addmuladd_12s_12s_13s_26s_26_1_1_U765 | 1   |        | add_ln58_465      | add | dsp_slice | 0       |
|   ama_addmuladd_12s_12s_13s_26s_26_1_1_U765 | 1   |        | mul_ln58_310      | mul | dsp_slice | 0       |
|   am_submul_12s_12s_13s_26_1_1_U512         | 1   |        | sub_ln58_776      | sub | dsp_slice | 0       |
|   sub_ln58_777_fu_4301_p2                   |     |        | sub_ln58_777      | sub | fabric    | 0       |
|   am_submul_12s_12s_13s_26_1_1_U512         | 1   |        | mul_ln58_311      | mul | dsp_slice | 0       |
|   ama_addmuladd_12s_12s_13s_26s_26_1_1_U765 | 1   |        | add_ln58_466      | add | dsp_slice | 0       |
|   add_ln58_467_fu_49101_p2                  |     |        | add_ln58_467      | add | fabric    | 0       |
|   sub_ln58_780_fu_7417_p2                   |     |        | sub_ln58_780      | sub | fabric    | 0       |
|   ama_addmuladd_12s_12s_13s_26s_26_1_1_U766 | 1   |        | add_ln58_468      | add | dsp_slice | 0       |
|   ama_addmuladd_12s_12s_13s_26s_26_1_1_U766 | 1   |        | mul_ln58_312      | mul | dsp_slice | 0       |
|   am_submul_12s_12s_13s_26_1_1_U513         | 1   |        | sub_ln58_781      | sub | dsp_slice | 0       |
|   sub_ln58_782_fu_4311_p2                   |     |        | sub_ln58_782      | sub | fabric    | 0       |
|   am_submul_12s_12s_13s_26_1_1_U513         | 1   |        | mul_ln58_313      | mul | dsp_slice | 0       |
|   ama_addmuladd_12s_12s_13s_26s_26_1_1_U766 | 1   |        | add_ln58_469      | add | dsp_slice | 0       |
|   add_ln58_470_fu_49360_p2                  |     |        | add_ln58_470      | add | fabric    | 0       |
|   sub_ln58_785_fu_7427_p2                   |     |        | sub_ln58_785      | sub | fabric    | 0       |
|   ama_addmuladd_12s_12s_13s_26s_26_1_1_U767 | 1   |        | add_ln58_471      | add | dsp_slice | 0       |
|   ama_addmuladd_12s_12s_13s_26s_26_1_1_U767 | 1   |        | mul_ln58_314      | mul | dsp_slice | 0       |
|   am_submul_12s_12s_13s_26_1_1_U514         | 1   |        | sub_ln58_786      | sub | dsp_slice | 0       |
|   sub_ln58_787_fu_4321_p2                   |     |        | sub_ln58_787      | sub | fabric    | 0       |
|   am_submul_12s_12s_13s_26_1_1_U514         | 1   |        | mul_ln58_315      | mul | dsp_slice | 0       |
|   ama_addmuladd_12s_12s_13s_26s_26_1_1_U767 | 1   |        | add_ln58_472      | add | dsp_slice | 0       |
|   add_ln58_473_fu_49619_p2                  |     |        | add_ln58_473      | add | fabric    | 0       |
|   sub_ln58_790_fu_7437_p2                   |     |        | sub_ln58_790      | sub | fabric    | 0       |
|   ama_addmuladd_12s_12s_13s_26s_26_1_1_U768 | 1   |        | add_ln58_474      | add | dsp_slice | 0       |
|   ama_addmuladd_12s_12s_13s_26s_26_1_1_U768 | 1   |        | mul_ln58_316      | mul | dsp_slice | 0       |
|   am_submul_12s_12s_13s_26_1_1_U515         | 1   |        | sub_ln58_791      | sub | dsp_slice | 0       |
|   sub_ln58_792_fu_4331_p2                   |     |        | sub_ln58_792      | sub | fabric    | 0       |
|   am_submul_12s_12s_13s_26_1_1_U515         | 1   |        | mul_ln58_317      | mul | dsp_slice | 0       |
|   ama_addmuladd_12s_12s_13s_26s_26_1_1_U768 | 1   |        | add_ln58_475      | add | dsp_slice | 0       |
|   add_ln58_476_fu_49878_p2                  |     |        | add_ln58_476      | add | fabric    | 0       |
|   sub_ln58_795_fu_7447_p2                   |     |        | sub_ln58_795      | sub | fabric    | 0       |
|   ama_addmuladd_12s_12s_13s_26s_26_1_1_U769 | 1   |        | add_ln58_477      | add | dsp_slice | 0       |
|   ama_addmuladd_12s_12s_13s_26s_26_1_1_U769 | 1   |        | mul_ln58_318      | mul | dsp_slice | 0       |
|   am_submul_12s_12s_13s_26_1_1_U516         | 1   |        | sub_ln58_796      | sub | dsp_slice | 0       |
|   sub_ln58_797_fu_4341_p2                   |     |        | sub_ln58_797      | sub | fabric    | 0       |
|   am_submul_12s_12s_13s_26_1_1_U516         | 1   |        | mul_ln58_319      | mul | dsp_slice | 0       |
|   ama_addmuladd_12s_12s_13s_26s_26_1_1_U769 | 1   |        | add_ln58_478      | add | dsp_slice | 0       |
|   add_ln58_479_fu_50137_p2                  |     |        | add_ln58_479      | add | fabric    | 0       |
|   sub_ln58_800_fu_7457_p2                   |     |        | sub_ln58_800      | sub | fabric    | 0       |
|   ama_addmuladd_12s_12s_13s_26s_26_1_1_U770 | 1   |        | add_ln58_480      | add | dsp_slice | 0       |
|   ama_addmuladd_12s_12s_13s_26s_26_1_1_U770 | 1   |        | mul_ln58_320      | mul | dsp_slice | 0       |
|   am_submul_12s_12s_13s_26_1_1_U517         | 1   |        | sub_ln58_801      | sub | dsp_slice | 0       |
|   sub_ln58_802_fu_4351_p2                   |     |        | sub_ln58_802      | sub | fabric    | 0       |
|   am_submul_12s_12s_13s_26_1_1_U517         | 1   |        | mul_ln58_321      | mul | dsp_slice | 0       |
|   ama_addmuladd_12s_12s_13s_26s_26_1_1_U770 | 1   |        | add_ln58_481      | add | dsp_slice | 0       |
|   add_ln58_482_fu_50396_p2                  |     |        | add_ln58_482      | add | fabric    | 0       |
|   sub_ln58_805_fu_7467_p2                   |     |        | sub_ln58_805      | sub | fabric    | 0       |
|   ama_addmuladd_12s_12s_13s_26s_26_1_1_U771 | 1   |        | add_ln58_483      | add | dsp_slice | 0       |
|   ama_addmuladd_12s_12s_13s_26s_26_1_1_U771 | 1   |        | mul_ln58_322      | mul | dsp_slice | 0       |
|   am_submul_12s_12s_13s_26_1_1_U518         | 1   |        | sub_ln58_806      | sub | dsp_slice | 0       |
|   sub_ln58_807_fu_4361_p2                   |     |        | sub_ln58_807      | sub | fabric    | 0       |
|   am_submul_12s_12s_13s_26_1_1_U518         | 1   |        | mul_ln58_323      | mul | dsp_slice | 0       |
|   ama_addmuladd_12s_12s_13s_26s_26_1_1_U771 | 1   |        | add_ln58_484      | add | dsp_slice | 0       |
|   add_ln58_485_fu_50655_p2                  |     |        | add_ln58_485      | add | fabric    | 0       |
|   sub_ln58_810_fu_7477_p2                   |     |        | sub_ln58_810      | sub | fabric    | 0       |
|   ama_addmuladd_12s_12s_13s_26s_26_1_1_U772 | 1   |        | add_ln58_486      | add | dsp_slice | 0       |
|   ama_addmuladd_12s_12s_13s_26s_26_1_1_U772 | 1   |        | mul_ln58_324      | mul | dsp_slice | 0       |
|   am_submul_12s_12s_13s_26_1_1_U519         | 1   |        | sub_ln58_811      | sub | dsp_slice | 0       |
|   sub_ln58_812_fu_4371_p2                   |     |        | sub_ln58_812      | sub | fabric    | 0       |
|   am_submul_12s_12s_13s_26_1_1_U519         | 1   |        | mul_ln58_325      | mul | dsp_slice | 0       |
|   ama_addmuladd_12s_12s_13s_26s_26_1_1_U772 | 1   |        | add_ln58_487      | add | dsp_slice | 0       |
|   add_ln58_488_fu_50918_p2                  |     |        | add_ln58_488      | add | fabric    | 0       |
|   sub_ln58_815_fu_7487_p2                   |     |        | sub_ln58_815      | sub | fabric    | 0       |
|   ama_addmuladd_12s_12s_13s_26s_26_1_1_U773 | 1   |        | add_ln58_489      | add | dsp_slice | 0       |
|   ama_addmuladd_12s_12s_13s_26s_26_1_1_U773 | 1   |        | mul_ln58_326      | mul | dsp_slice | 0       |
|   am_submul_12s_12s_13s_26_1_1_U520         | 1   |        | sub_ln58_816      | sub | dsp_slice | 0       |
|   sub_ln58_817_fu_4381_p2                   |     |        | sub_ln58_817      | sub | fabric    | 0       |
|   am_submul_12s_12s_13s_26_1_1_U520         | 1   |        | mul_ln58_327      | mul | dsp_slice | 0       |
|   ama_addmuladd_12s_12s_13s_26s_26_1_1_U773 | 1   |        | add_ln58_490      | add | dsp_slice | 0       |
|   add_ln58_491_fu_51177_p2                  |     |        | add_ln58_491      | add | fabric    | 0       |
|   sub_ln58_820_fu_7497_p2                   |     |        | sub_ln58_820      | sub | fabric    | 0       |
|   ama_addmuladd_12s_12s_13s_26s_26_1_1_U774 | 1   |        | add_ln58_492      | add | dsp_slice | 0       |
|   ama_addmuladd_12s_12s_13s_26s_26_1_1_U774 | 1   |        | mul_ln58_328      | mul | dsp_slice | 0       |
|   am_submul_12s_12s_13s_26_1_1_U521         | 1   |        | sub_ln58_821      | sub | dsp_slice | 0       |
|   sub_ln58_822_fu_4391_p2                   |     |        | sub_ln58_822      | sub | fabric    | 0       |
|   am_submul_12s_12s_13s_26_1_1_U521         | 1   |        | mul_ln58_329      | mul | dsp_slice | 0       |
|   ama_addmuladd_12s_12s_13s_26s_26_1_1_U774 | 1   |        | add_ln58_493      | add | dsp_slice | 0       |
|   add_ln58_494_fu_51436_p2                  |     |        | add_ln58_494      | add | fabric    | 0       |
|   sub_ln58_825_fu_7507_p2                   |     |        | sub_ln58_825      | sub | fabric    | 0       |
|   ama_addmuladd_12s_12s_13s_26s_26_1_1_U775 | 1   |        | add_ln58_495      | add | dsp_slice | 0       |
|   ama_addmuladd_12s_12s_13s_26s_26_1_1_U775 | 1   |        | mul_ln58_330      | mul | dsp_slice | 0       |
|   am_submul_12s_12s_13s_26_1_1_U522         | 1   |        | sub_ln58_826      | sub | dsp_slice | 0       |
|   sub_ln58_827_fu_4401_p2                   |     |        | sub_ln58_827      | sub | fabric    | 0       |
|   am_submul_12s_12s_13s_26_1_1_U522         | 1   |        | mul_ln58_331      | mul | dsp_slice | 0       |
|   ama_addmuladd_12s_12s_13s_26s_26_1_1_U775 | 1   |        | add_ln58_496      | add | dsp_slice | 0       |
|   add_ln58_497_fu_51695_p2                  |     |        | add_ln58_497      | add | fabric    | 0       |
|   sub_ln58_830_fu_7517_p2                   |     |        | sub_ln58_830      | sub | fabric    | 0       |
|   ama_addmuladd_12s_12s_13s_26s_26_1_1_U776 | 1   |        | add_ln58_498      | add | dsp_slice | 0       |
|   ama_addmuladd_12s_12s_13s_26s_26_1_1_U776 | 1   |        | mul_ln58_332      | mul | dsp_slice | 0       |
|   am_submul_12s_12s_13s_26_1_1_U523         | 1   |        | sub_ln58_831      | sub | dsp_slice | 0       |
|   sub_ln58_832_fu_4411_p2                   |     |        | sub_ln58_832      | sub | fabric    | 0       |
|   am_submul_12s_12s_13s_26_1_1_U523         | 1   |        | mul_ln58_333      | mul | dsp_slice | 0       |
|   ama_addmuladd_12s_12s_13s_26s_26_1_1_U776 | 1   |        | add_ln58_499      | add | dsp_slice | 0       |
|   add_ln58_500_fu_51954_p2                  |     |        | add_ln58_500      | add | fabric    | 0       |
|   sub_ln58_835_fu_7527_p2                   |     |        | sub_ln58_835      | sub | fabric    | 0       |
|   ama_addmuladd_12s_12s_13s_26s_26_1_1_U777 | 1   |        | add_ln58_501      | add | dsp_slice | 0       |
|   ama_addmuladd_12s_12s_13s_26s_26_1_1_U777 | 1   |        | mul_ln58_334      | mul | dsp_slice | 0       |
|   am_submul_12s_12s_13s_26_1_1_U524         | 1   |        | sub_ln58_836      | sub | dsp_slice | 0       |
|   sub_ln58_837_fu_4421_p2                   |     |        | sub_ln58_837      | sub | fabric    | 0       |
|   am_submul_12s_12s_13s_26_1_1_U524         | 1   |        | mul_ln58_335      | mul | dsp_slice | 0       |
|   ama_addmuladd_12s_12s_13s_26s_26_1_1_U777 | 1   |        | add_ln58_502      | add | dsp_slice | 0       |
|   add_ln58_503_fu_52213_p2                  |     |        | add_ln58_503      | add | fabric    | 0       |
|   sub_ln58_840_fu_7537_p2                   |     |        | sub_ln58_840      | sub | fabric    | 0       |
|   ama_addmuladd_12s_12s_13s_26s_26_1_1_U778 | 1   |        | add_ln58_504      | add | dsp_slice | 0       |
|   ama_addmuladd_12s_12s_13s_26s_26_1_1_U778 | 1   |        | mul_ln58_336      | mul | dsp_slice | 0       |
|   am_submul_12s_12s_13s_26_1_1_U525         | 1   |        | sub_ln58_841      | sub | dsp_slice | 0       |
|   sub_ln58_842_fu_4431_p2                   |     |        | sub_ln58_842      | sub | fabric    | 0       |
|   am_submul_12s_12s_13s_26_1_1_U525         | 1   |        | mul_ln58_337      | mul | dsp_slice | 0       |
|   ama_addmuladd_12s_12s_13s_26s_26_1_1_U778 | 1   |        | add_ln58_505      | add | dsp_slice | 0       |
|   add_ln58_506_fu_52472_p2                  |     |        | add_ln58_506      | add | fabric    | 0       |
|   sub_ln58_845_fu_7547_p2                   |     |        | sub_ln58_845      | sub | fabric    | 0       |
|   ama_addmuladd_12s_12s_13s_26s_26_1_1_U779 | 1   |        | add_ln58_507      | add | dsp_slice | 0       |
|   ama_addmuladd_12s_12s_13s_26s_26_1_1_U779 | 1   |        | mul_ln58_338      | mul | dsp_slice | 0       |
|   am_submul_12s_12s_13s_26_1_1_U526         | 1   |        | sub_ln58_846      | sub | dsp_slice | 0       |
|   sub_ln58_847_fu_4441_p2                   |     |        | sub_ln58_847      | sub | fabric    | 0       |
|   am_submul_12s_12s_13s_26_1_1_U526         | 1   |        | mul_ln58_339      | mul | dsp_slice | 0       |
|   ama_addmuladd_12s_12s_13s_26s_26_1_1_U779 | 1   |        | add_ln58_508      | add | dsp_slice | 0       |
|   add_ln58_509_fu_52731_p2                  |     |        | add_ln58_509      | add | fabric    | 0       |
|   sub_ln58_850_fu_7557_p2                   |     |        | sub_ln58_850      | sub | fabric    | 0       |
|   ama_addmuladd_12s_12s_13s_26s_26_1_1_U780 | 1   |        | add_ln58_510      | add | dsp_slice | 0       |
|   ama_addmuladd_12s_12s_13s_26s_26_1_1_U780 | 1   |        | mul_ln58_340      | mul | dsp_slice | 0       |
|   am_submul_12s_12s_13s_26_1_1_U527         | 1   |        | sub_ln58_851      | sub | dsp_slice | 0       |
|   sub_ln58_852_fu_4451_p2                   |     |        | sub_ln58_852      | sub | fabric    | 0       |
|   am_submul_12s_12s_13s_26_1_1_U527         | 1   |        | mul_ln58_341      | mul | dsp_slice | 0       |
|   ama_addmuladd_12s_12s_13s_26s_26_1_1_U780 | 1   |        | add_ln58_511      | add | dsp_slice | 0       |
|   add_ln58_512_fu_52990_p2                  |     |        | add_ln58_512      | add | fabric    | 0       |
|   sub_ln58_855_fu_7567_p2                   |     |        | sub_ln58_855      | sub | fabric    | 0       |
|   ama_addmuladd_12s_12s_13s_26s_26_1_1_U781 | 1   |        | add_ln58_513      | add | dsp_slice | 0       |
|   ama_addmuladd_12s_12s_13s_26s_26_1_1_U781 | 1   |        | mul_ln58_342      | mul | dsp_slice | 0       |
|   am_submul_12s_12s_13s_26_1_1_U528         | 1   |        | sub_ln58_856      | sub | dsp_slice | 0       |
|   sub_ln58_857_fu_4461_p2                   |     |        | sub_ln58_857      | sub | fabric    | 0       |
|   am_submul_12s_12s_13s_26_1_1_U528         | 1   |        | mul_ln58_343      | mul | dsp_slice | 0       |
|   ama_addmuladd_12s_12s_13s_26s_26_1_1_U781 | 1   |        | add_ln58_514      | add | dsp_slice | 0       |
|   add_ln58_515_fu_53249_p2                  |     |        | add_ln58_515      | add | fabric    | 0       |
|   sub_ln58_860_fu_7577_p2                   |     |        | sub_ln58_860      | sub | fabric    | 0       |
|   ama_addmuladd_12s_12s_13s_26s_26_1_1_U782 | 1   |        | add_ln58_516      | add | dsp_slice | 0       |
|   ama_addmuladd_12s_12s_13s_26s_26_1_1_U782 | 1   |        | mul_ln58_344      | mul | dsp_slice | 0       |
|   am_submul_12s_12s_13s_26_1_1_U529         | 1   |        | sub_ln58_861      | sub | dsp_slice | 0       |
|   sub_ln58_862_fu_4471_p2                   |     |        | sub_ln58_862      | sub | fabric    | 0       |
|   am_submul_12s_12s_13s_26_1_1_U529         | 1   |        | mul_ln58_345      | mul | dsp_slice | 0       |
|   ama_addmuladd_12s_12s_13s_26s_26_1_1_U782 | 1   |        | add_ln58_517      | add | dsp_slice | 0       |
|   add_ln58_518_fu_53508_p2                  |     |        | add_ln58_518      | add | fabric    | 0       |
|   sub_ln58_865_fu_7587_p2                   |     |        | sub_ln58_865      | sub | fabric    | 0       |
|   ama_addmuladd_12s_12s_13s_26s_26_1_1_U783 | 1   |        | add_ln58_519      | add | dsp_slice | 0       |
|   ama_addmuladd_12s_12s_13s_26s_26_1_1_U783 | 1   |        | mul_ln58_346      | mul | dsp_slice | 0       |
|   am_submul_12s_12s_13s_26_1_1_U530         | 1   |        | sub_ln58_866      | sub | dsp_slice | 0       |
|   sub_ln58_867_fu_4481_p2                   |     |        | sub_ln58_867      | sub | fabric    | 0       |
|   am_submul_12s_12s_13s_26_1_1_U530         | 1   |        | mul_ln58_347      | mul | dsp_slice | 0       |
|   ama_addmuladd_12s_12s_13s_26s_26_1_1_U783 | 1   |        | add_ln58_520      | add | dsp_slice | 0       |
|   add_ln58_521_fu_53767_p2                  |     |        | add_ln58_521      | add | fabric    | 0       |
|   sub_ln58_870_fu_7597_p2                   |     |        | sub_ln58_870      | sub | fabric    | 0       |
|   ama_addmuladd_12s_12s_13s_26s_26_1_1_U784 | 1   |        | add_ln58_522      | add | dsp_slice | 0       |
|   ama_addmuladd_12s_12s_13s_26s_26_1_1_U784 | 1   |        | mul_ln58_348      | mul | dsp_slice | 0       |
|   am_submul_12s_12s_13s_26_1_1_U531         | 1   |        | sub_ln58_871      | sub | dsp_slice | 0       |
|   sub_ln58_872_fu_4491_p2                   |     |        | sub_ln58_872      | sub | fabric    | 0       |
|   am_submul_12s_12s_13s_26_1_1_U531         | 1   |        | mul_ln58_349      | mul | dsp_slice | 0       |
|   ama_addmuladd_12s_12s_13s_26s_26_1_1_U784 | 1   |        | add_ln58_523      | add | dsp_slice | 0       |
|   add_ln58_524_fu_54026_p2                  |     |        | add_ln58_524      | add | fabric    | 0       |
|   sub_ln58_875_fu_7607_p2                   |     |        | sub_ln58_875      | sub | fabric    | 0       |
|   ama_addmuladd_12s_12s_13s_26s_26_1_1_U785 | 1   |        | add_ln58_525      | add | dsp_slice | 0       |
|   ama_addmuladd_12s_12s_13s_26s_26_1_1_U785 | 1   |        | mul_ln58_350      | mul | dsp_slice | 0       |
|   am_submul_12s_12s_13s_26_1_1_U532         | 1   |        | sub_ln58_876      | sub | dsp_slice | 0       |
|   sub_ln58_877_fu_4501_p2                   |     |        | sub_ln58_877      | sub | fabric    | 0       |
|   am_submul_12s_12s_13s_26_1_1_U532         | 1   |        | mul_ln58_351      | mul | dsp_slice | 0       |
|   ama_addmuladd_12s_12s_13s_26s_26_1_1_U785 | 1   |        | add_ln58_526      | add | dsp_slice | 0       |
|   add_ln58_527_fu_54289_p2                  |     |        | add_ln58_527      | add | fabric    | 0       |
|   sub_ln58_880_fu_7617_p2                   |     |        | sub_ln58_880      | sub | fabric    | 0       |
|   ama_addmuladd_12s_12s_13s_26s_26_1_1_U786 | 1   |        | add_ln58_528      | add | dsp_slice | 0       |
|   ama_addmuladd_12s_12s_13s_26s_26_1_1_U786 | 1   |        | mul_ln58_352      | mul | dsp_slice | 0       |
|   am_submul_12s_12s_13s_26_1_1_U533         | 1   |        | sub_ln58_881      | sub | dsp_slice | 0       |
|   sub_ln58_882_fu_4511_p2                   |     |        | sub_ln58_882      | sub | fabric    | 0       |
|   am_submul_12s_12s_13s_26_1_1_U533         | 1   |        | mul_ln58_353      | mul | dsp_slice | 0       |
|   ama_addmuladd_12s_12s_13s_26s_26_1_1_U786 | 1   |        | add_ln58_529      | add | dsp_slice | 0       |
|   add_ln58_530_fu_54548_p2                  |     |        | add_ln58_530      | add | fabric    | 0       |
|   sub_ln58_885_fu_7627_p2                   |     |        | sub_ln58_885      | sub | fabric    | 0       |
|   ama_addmuladd_12s_12s_13s_26s_26_1_1_U787 | 1   |        | add_ln58_531      | add | dsp_slice | 0       |
|   ama_addmuladd_12s_12s_13s_26s_26_1_1_U787 | 1   |        | mul_ln58_354      | mul | dsp_slice | 0       |
|   am_submul_12s_12s_13s_26_1_1_U534         | 1   |        | sub_ln58_886      | sub | dsp_slice | 0       |
|   sub_ln58_887_fu_4521_p2                   |     |        | sub_ln58_887      | sub | fabric    | 0       |
|   am_submul_12s_12s_13s_26_1_1_U534         | 1   |        | mul_ln58_355      | mul | dsp_slice | 0       |
|   ama_addmuladd_12s_12s_13s_26s_26_1_1_U787 | 1   |        | add_ln58_532      | add | dsp_slice | 0       |
|   add_ln58_533_fu_54807_p2                  |     |        | add_ln58_533      | add | fabric    | 0       |
|   sub_ln58_890_fu_7637_p2                   |     |        | sub_ln58_890      | sub | fabric    | 0       |
|   ama_addmuladd_12s_12s_13s_26s_26_1_1_U788 | 1   |        | add_ln58_534      | add | dsp_slice | 0       |
|   ama_addmuladd_12s_12s_13s_26s_26_1_1_U788 | 1   |        | mul_ln58_356      | mul | dsp_slice | 0       |
|   am_submul_12s_12s_13s_26_1_1_U535         | 1   |        | sub_ln58_891      | sub | dsp_slice | 0       |
|   sub_ln58_892_fu_4531_p2                   |     |        | sub_ln58_892      | sub | fabric    | 0       |
|   am_submul_12s_12s_13s_26_1_1_U535         | 1   |        | mul_ln58_357      | mul | dsp_slice | 0       |
|   ama_addmuladd_12s_12s_13s_26s_26_1_1_U788 | 1   |        | add_ln58_535      | add | dsp_slice | 0       |
|   add_ln58_536_fu_55066_p2                  |     |        | add_ln58_536      | add | fabric    | 0       |
|   sub_ln58_895_fu_7647_p2                   |     |        | sub_ln58_895      | sub | fabric    | 0       |
|   ama_addmuladd_12s_12s_13s_26s_26_1_1_U789 | 1   |        | add_ln58_537      | add | dsp_slice | 0       |
|   ama_addmuladd_12s_12s_13s_26s_26_1_1_U789 | 1   |        | mul_ln58_358      | mul | dsp_slice | 0       |
|   am_submul_12s_12s_13s_26_1_1_U536         | 1   |        | sub_ln58_896      | sub | dsp_slice | 0       |
|   sub_ln58_897_fu_4541_p2                   |     |        | sub_ln58_897      | sub | fabric    | 0       |
|   am_submul_12s_12s_13s_26_1_1_U536         | 1   |        | mul_ln58_359      | mul | dsp_slice | 0       |
|   ama_addmuladd_12s_12s_13s_26s_26_1_1_U789 | 1   |        | add_ln58_538      | add | dsp_slice | 0       |
|   add_ln58_539_fu_55325_p2                  |     |        | add_ln58_539      | add | fabric    | 0       |
|   sub_ln58_900_fu_7657_p2                   |     |        | sub_ln58_900      | sub | fabric    | 0       |
|   ama_addmuladd_12s_12s_13s_26s_26_1_1_U790 | 1   |        | add_ln58_540      | add | dsp_slice | 0       |
|   ama_addmuladd_12s_12s_13s_26s_26_1_1_U790 | 1   |        | mul_ln58_360      | mul | dsp_slice | 0       |
|   am_submul_12s_12s_13s_26_1_1_U537         | 1   |        | sub_ln58_901      | sub | dsp_slice | 0       |
|   sub_ln58_902_fu_4551_p2                   |     |        | sub_ln58_902      | sub | fabric    | 0       |
|   am_submul_12s_12s_13s_26_1_1_U537         | 1   |        | mul_ln58_361      | mul | dsp_slice | 0       |
|   ama_addmuladd_12s_12s_13s_26s_26_1_1_U790 | 1   |        | add_ln58_541      | add | dsp_slice | 0       |
|   add_ln58_542_fu_55584_p2                  |     |        | add_ln58_542      | add | fabric    | 0       |
|   sub_ln58_905_fu_7667_p2                   |     |        | sub_ln58_905      | sub | fabric    | 0       |
|   ama_addmuladd_12s_12s_13s_26s_26_1_1_U791 | 1   |        | add_ln58_543      | add | dsp_slice | 0       |
|   ama_addmuladd_12s_12s_13s_26s_26_1_1_U791 | 1   |        | mul_ln58_362      | mul | dsp_slice | 0       |
|   am_submul_12s_12s_13s_26_1_1_U538         | 1   |        | sub_ln58_906      | sub | dsp_slice | 0       |
|   sub_ln58_907_fu_4561_p2                   |     |        | sub_ln58_907      | sub | fabric    | 0       |
|   am_submul_12s_12s_13s_26_1_1_U538         | 1   |        | mul_ln58_363      | mul | dsp_slice | 0       |
|   ama_addmuladd_12s_12s_13s_26s_26_1_1_U791 | 1   |        | add_ln58_544      | add | dsp_slice | 0       |
|   add_ln58_545_fu_55843_p2                  |     |        | add_ln58_545      | add | fabric    | 0       |
|   sub_ln58_910_fu_7677_p2                   |     |        | sub_ln58_910      | sub | fabric    | 0       |
|   ama_addmuladd_12s_12s_13s_26s_26_1_1_U792 | 1   |        | add_ln58_546      | add | dsp_slice | 0       |
|   ama_addmuladd_12s_12s_13s_26s_26_1_1_U792 | 1   |        | mul_ln58_364      | mul | dsp_slice | 0       |
|   am_submul_12s_12s_13s_26_1_1_U539         | 1   |        | sub_ln58_911      | sub | dsp_slice | 0       |
|   sub_ln58_912_fu_4571_p2                   |     |        | sub_ln58_912      | sub | fabric    | 0       |
|   am_submul_12s_12s_13s_26_1_1_U539         | 1   |        | mul_ln58_365      | mul | dsp_slice | 0       |
|   ama_addmuladd_12s_12s_13s_26s_26_1_1_U792 | 1   |        | add_ln58_547      | add | dsp_slice | 0       |
|   add_ln58_548_fu_56102_p2                  |     |        | add_ln58_548      | add | fabric    | 0       |
|   sub_ln58_915_fu_7687_p2                   |     |        | sub_ln58_915      | sub | fabric    | 0       |
|   ama_addmuladd_12s_12s_13s_26s_26_1_1_U793 | 1   |        | add_ln58_549      | add | dsp_slice | 0       |
|   ama_addmuladd_12s_12s_13s_26s_26_1_1_U793 | 1   |        | mul_ln58_366      | mul | dsp_slice | 0       |
|   am_submul_12s_12s_13s_26_1_1_U540         | 1   |        | sub_ln58_916      | sub | dsp_slice | 0       |
|   sub_ln58_917_fu_4581_p2                   |     |        | sub_ln58_917      | sub | fabric    | 0       |
|   am_submul_12s_12s_13s_26_1_1_U540         | 1   |        | mul_ln58_367      | mul | dsp_slice | 0       |
|   ama_addmuladd_12s_12s_13s_26s_26_1_1_U793 | 1   |        | add_ln58_550      | add | dsp_slice | 0       |
|   add_ln58_551_fu_56361_p2                  |     |        | add_ln58_551      | add | fabric    | 0       |
|   sub_ln58_920_fu_7697_p2                   |     |        | sub_ln58_920      | sub | fabric    | 0       |
|   ama_addmuladd_12s_12s_13s_26s_26_1_1_U794 | 1   |        | add_ln58_552      | add | dsp_slice | 0       |
|   ama_addmuladd_12s_12s_13s_26s_26_1_1_U794 | 1   |        | mul_ln58_368      | mul | dsp_slice | 0       |
|   am_submul_12s_12s_13s_26_1_1_U541         | 1   |        | sub_ln58_921      | sub | dsp_slice | 0       |
|   sub_ln58_922_fu_4591_p2                   |     |        | sub_ln58_922      | sub | fabric    | 0       |
|   am_submul_12s_12s_13s_26_1_1_U541         | 1   |        | mul_ln58_369      | mul | dsp_slice | 0       |
|   ama_addmuladd_12s_12s_13s_26s_26_1_1_U794 | 1   |        | add_ln58_553      | add | dsp_slice | 0       |
|   add_ln58_554_fu_56620_p2                  |     |        | add_ln58_554      | add | fabric    | 0       |
|   sub_ln58_925_fu_7707_p2                   |     |        | sub_ln58_925      | sub | fabric    | 0       |
|   ama_addmuladd_12s_12s_13s_26s_26_1_1_U795 | 1   |        | add_ln58_555      | add | dsp_slice | 0       |
|   ama_addmuladd_12s_12s_13s_26s_26_1_1_U795 | 1   |        | mul_ln58_370      | mul | dsp_slice | 0       |
|   am_submul_12s_12s_13s_26_1_1_U542         | 1   |        | sub_ln58_926      | sub | dsp_slice | 0       |
|   sub_ln58_927_fu_4601_p2                   |     |        | sub_ln58_927      | sub | fabric    | 0       |
|   am_submul_12s_12s_13s_26_1_1_U542         | 1   |        | mul_ln58_371      | mul | dsp_slice | 0       |
|   ama_addmuladd_12s_12s_13s_26s_26_1_1_U795 | 1   |        | add_ln58_556      | add | dsp_slice | 0       |
|   add_ln58_557_fu_56879_p2                  |     |        | add_ln58_557      | add | fabric    | 0       |
|   sub_ln58_930_fu_7717_p2                   |     |        | sub_ln58_930      | sub | fabric    | 0       |
|   ama_addmuladd_12s_12s_13s_26s_26_1_1_U796 | 1   |        | add_ln58_558      | add | dsp_slice | 0       |
|   ama_addmuladd_12s_12s_13s_26s_26_1_1_U796 | 1   |        | mul_ln58_372      | mul | dsp_slice | 0       |
|   am_submul_12s_12s_13s_26_1_1_U543         | 1   |        | sub_ln58_931      | sub | dsp_slice | 0       |
|   sub_ln58_932_fu_4611_p2                   |     |        | sub_ln58_932      | sub | fabric    | 0       |
|   am_submul_12s_12s_13s_26_1_1_U543         | 1   |        | mul_ln58_373      | mul | dsp_slice | 0       |
|   ama_addmuladd_12s_12s_13s_26s_26_1_1_U796 | 1   |        | add_ln58_559      | add | dsp_slice | 0       |
|   add_ln58_560_fu_57138_p2                  |     |        | add_ln58_560      | add | fabric    | 0       |
|   sub_ln58_935_fu_7727_p2                   |     |        | sub_ln58_935      | sub | fabric    | 0       |
|   ama_addmuladd_12s_12s_13s_26s_26_1_1_U797 | 1   |        | add_ln58_561      | add | dsp_slice | 0       |
|   ama_addmuladd_12s_12s_13s_26s_26_1_1_U797 | 1   |        | mul_ln58_374      | mul | dsp_slice | 0       |
|   am_submul_12s_12s_13s_26_1_1_U544         | 1   |        | sub_ln58_936      | sub | dsp_slice | 0       |
|   sub_ln58_937_fu_4621_p2                   |     |        | sub_ln58_937      | sub | fabric    | 0       |
|   am_submul_12s_12s_13s_26_1_1_U544         | 1   |        | mul_ln58_375      | mul | dsp_slice | 0       |
|   ama_addmuladd_12s_12s_13s_26s_26_1_1_U797 | 1   |        | add_ln58_562      | add | dsp_slice | 0       |
|   add_ln58_563_fu_57401_p2                  |     |        | add_ln58_563      | add | fabric    | 0       |
|   sub_ln58_940_fu_7737_p2                   |     |        | sub_ln58_940      | sub | fabric    | 0       |
|   ama_addmuladd_12s_12s_13s_26s_26_1_1_U798 | 1   |        | add_ln58_564      | add | dsp_slice | 0       |
|   ama_addmuladd_12s_12s_13s_26s_26_1_1_U798 | 1   |        | mul_ln58_376      | mul | dsp_slice | 0       |
|   am_submul_12s_12s_13s_26_1_1_U545         | 1   |        | sub_ln58_941      | sub | dsp_slice | 0       |
|   sub_ln58_942_fu_4631_p2                   |     |        | sub_ln58_942      | sub | fabric    | 0       |
|   am_submul_12s_12s_13s_26_1_1_U545         | 1   |        | mul_ln58_377      | mul | dsp_slice | 0       |
|   ama_addmuladd_12s_12s_13s_26s_26_1_1_U798 | 1   |        | add_ln58_565      | add | dsp_slice | 0       |
|   add_ln58_566_fu_57660_p2                  |     |        | add_ln58_566      | add | fabric    | 0       |
|   sub_ln58_945_fu_7747_p2                   |     |        | sub_ln58_945      | sub | fabric    | 0       |
|   ama_addmuladd_12s_12s_13s_26s_26_1_1_U799 | 1   |        | add_ln58_567      | add | dsp_slice | 0       |
|   ama_addmuladd_12s_12s_13s_26s_26_1_1_U799 | 1   |        | mul_ln58_378      | mul | dsp_slice | 0       |
|   am_submul_12s_12s_13s_26_1_1_U546         | 1   |        | sub_ln58_946      | sub | dsp_slice | 0       |
|   sub_ln58_947_fu_4641_p2                   |     |        | sub_ln58_947      | sub | fabric    | 0       |
|   am_submul_12s_12s_13s_26_1_1_U546         | 1   |        | mul_ln58_379      | mul | dsp_slice | 0       |
|   ama_addmuladd_12s_12s_13s_26s_26_1_1_U799 | 1   |        | add_ln58_568      | add | dsp_slice | 0       |
|   add_ln58_569_fu_57919_p2                  |     |        | add_ln58_569      | add | fabric    | 0       |
|   sub_ln58_950_fu_7757_p2                   |     |        | sub_ln58_950      | sub | fabric    | 0       |
|   ama_addmuladd_12s_12s_13s_26s_26_1_1_U800 | 1   |        | add_ln58_570      | add | dsp_slice | 0       |
|   ama_addmuladd_12s_12s_13s_26s_26_1_1_U800 | 1   |        | mul_ln58_380      | mul | dsp_slice | 0       |
|   am_submul_12s_12s_13s_26_1_1_U547         | 1   |        | sub_ln58_951      | sub | dsp_slice | 0       |
|   sub_ln58_952_fu_4651_p2                   |     |        | sub_ln58_952      | sub | fabric    | 0       |
|   am_submul_12s_12s_13s_26_1_1_U547         | 1   |        | mul_ln58_381      | mul | dsp_slice | 0       |
|   ama_addmuladd_12s_12s_13s_26s_26_1_1_U800 | 1   |        | add_ln58_571      | add | dsp_slice | 0       |
|   add_ln58_572_fu_58178_p2                  |     |        | add_ln58_572      | add | fabric    | 0       |
|   sub_ln58_955_fu_7767_p2                   |     |        | sub_ln58_955      | sub | fabric    | 0       |
|   ama_addmuladd_12s_12s_13s_26s_26_1_1_U801 | 1   |        | add_ln58_573      | add | dsp_slice | 0       |
|   ama_addmuladd_12s_12s_13s_26s_26_1_1_U801 | 1   |        | mul_ln58_382      | mul | dsp_slice | 0       |
|   am_submul_12s_12s_13s_26_1_1_U548         | 1   |        | sub_ln58_956      | sub | dsp_slice | 0       |
|   sub_ln58_957_fu_4661_p2                   |     |        | sub_ln58_957      | sub | fabric    | 0       |
|   am_submul_12s_12s_13s_26_1_1_U548         | 1   |        | mul_ln58_383      | mul | dsp_slice | 0       |
|   ama_addmuladd_12s_12s_13s_26s_26_1_1_U801 | 1   |        | add_ln58_574      | add | dsp_slice | 0       |
|   add_ln58_575_fu_58437_p2                  |     |        | add_ln58_575      | add | fabric    | 0       |
|   sub_ln58_960_fu_7777_p2                   |     |        | sub_ln58_960      | sub | fabric    | 0       |
|   ama_addmuladd_12s_12s_13s_26s_26_1_1_U802 | 1   |        | add_ln58_576      | add | dsp_slice | 0       |
|   ama_addmuladd_12s_12s_13s_26s_26_1_1_U802 | 1   |        | mul_ln58_384      | mul | dsp_slice | 0       |
|   am_submul_12s_12s_13s_26_1_1_U549         | 1   |        | sub_ln58_961      | sub | dsp_slice | 0       |
|   sub_ln58_962_fu_4671_p2                   |     |        | sub_ln58_962      | sub | fabric    | 0       |
|   am_submul_12s_12s_13s_26_1_1_U549         | 1   |        | mul_ln58_385      | mul | dsp_slice | 0       |
|   ama_addmuladd_12s_12s_13s_26s_26_1_1_U802 | 1   |        | add_ln58_577      | add | dsp_slice | 0       |
|   add_ln58_578_fu_58696_p2                  |     |        | add_ln58_578      | add | fabric    | 0       |
|   sub_ln58_965_fu_7787_p2                   |     |        | sub_ln58_965      | sub | fabric    | 0       |
|   ama_addmuladd_12s_12s_13s_26s_26_1_1_U803 | 1   |        | add_ln58_579      | add | dsp_slice | 0       |
|   ama_addmuladd_12s_12s_13s_26s_26_1_1_U803 | 1   |        | mul_ln58_386      | mul | dsp_slice | 0       |
|   am_submul_12s_12s_13s_26_1_1_U550         | 1   |        | sub_ln58_966      | sub | dsp_slice | 0       |
|   sub_ln58_967_fu_4681_p2                   |     |        | sub_ln58_967      | sub | fabric    | 0       |
|   am_submul_12s_12s_13s_26_1_1_U550         | 1   |        | mul_ln58_387      | mul | dsp_slice | 0       |
|   ama_addmuladd_12s_12s_13s_26s_26_1_1_U803 | 1   |        | add_ln58_580      | add | dsp_slice | 0       |
|   add_ln58_581_fu_58955_p2                  |     |        | add_ln58_581      | add | fabric    | 0       |
|   sub_ln58_970_fu_7797_p2                   |     |        | sub_ln58_970      | sub | fabric    | 0       |
|   ama_addmuladd_12s_12s_13s_26s_26_1_1_U804 | 1   |        | add_ln58_582      | add | dsp_slice | 0       |
|   ama_addmuladd_12s_12s_13s_26s_26_1_1_U804 | 1   |        | mul_ln58_388      | mul | dsp_slice | 0       |
|   am_submul_12s_12s_13s_26_1_1_U551         | 1   |        | sub_ln58_971      | sub | dsp_slice | 0       |
|   sub_ln58_972_fu_4691_p2                   |     |        | sub_ln58_972      | sub | fabric    | 0       |
|   am_submul_12s_12s_13s_26_1_1_U551         | 1   |        | mul_ln58_389      | mul | dsp_slice | 0       |
|   ama_addmuladd_12s_12s_13s_26s_26_1_1_U804 | 1   |        | add_ln58_583      | add | dsp_slice | 0       |
|   add_ln58_584_fu_59214_p2                  |     |        | add_ln58_584      | add | fabric    | 0       |
|   sub_ln58_975_fu_7807_p2                   |     |        | sub_ln58_975      | sub | fabric    | 0       |
|   ama_addmuladd_12s_12s_13s_26s_26_1_1_U805 | 1   |        | add_ln58_585      | add | dsp_slice | 0       |
|   ama_addmuladd_12s_12s_13s_26s_26_1_1_U805 | 1   |        | mul_ln58_390      | mul | dsp_slice | 0       |
|   am_submul_12s_12s_13s_26_1_1_U552         | 1   |        | sub_ln58_976      | sub | dsp_slice | 0       |
|   sub_ln58_977_fu_4701_p2                   |     |        | sub_ln58_977      | sub | fabric    | 0       |
|   am_submul_12s_12s_13s_26_1_1_U552         | 1   |        | mul_ln58_391      | mul | dsp_slice | 0       |
|   ama_addmuladd_12s_12s_13s_26s_26_1_1_U805 | 1   |        | add_ln58_586      | add | dsp_slice | 0       |
|   add_ln58_587_fu_59473_p2                  |     |        | add_ln58_587      | add | fabric    | 0       |
|   sub_ln58_980_fu_7817_p2                   |     |        | sub_ln58_980      | sub | fabric    | 0       |
|   ama_addmuladd_12s_12s_13s_26s_26_1_1_U806 | 1   |        | add_ln58_588      | add | dsp_slice | 0       |
|   ama_addmuladd_12s_12s_13s_26s_26_1_1_U806 | 1   |        | mul_ln58_392      | mul | dsp_slice | 0       |
|   am_submul_12s_12s_13s_26_1_1_U553         | 1   |        | sub_ln58_981      | sub | dsp_slice | 0       |
|   sub_ln58_982_fu_4711_p2                   |     |        | sub_ln58_982      | sub | fabric    | 0       |
|   am_submul_12s_12s_13s_26_1_1_U553         | 1   |        | mul_ln58_393      | mul | dsp_slice | 0       |
|   ama_addmuladd_12s_12s_13s_26s_26_1_1_U806 | 1   |        | add_ln58_589      | add | dsp_slice | 0       |
|   add_ln58_590_fu_59732_p2                  |     |        | add_ln58_590      | add | fabric    | 0       |
|   sub_ln58_985_fu_7827_p2                   |     |        | sub_ln58_985      | sub | fabric    | 0       |
|   ama_addmuladd_12s_12s_13s_26s_26_1_1_U807 | 1   |        | add_ln58_591      | add | dsp_slice | 0       |
|   ama_addmuladd_12s_12s_13s_26s_26_1_1_U807 | 1   |        | mul_ln58_394      | mul | dsp_slice | 0       |
|   am_submul_12s_12s_13s_26_1_1_U554         | 1   |        | sub_ln58_986      | sub | dsp_slice | 0       |
|   sub_ln58_987_fu_4721_p2                   |     |        | sub_ln58_987      | sub | fabric    | 0       |
|   am_submul_12s_12s_13s_26_1_1_U554         | 1   |        | mul_ln58_395      | mul | dsp_slice | 0       |
|   ama_addmuladd_12s_12s_13s_26s_26_1_1_U807 | 1   |        | add_ln58_592      | add | dsp_slice | 0       |
|   add_ln58_593_fu_59991_p2                  |     |        | add_ln58_593      | add | fabric    | 0       |
|   sub_ln58_990_fu_7837_p2                   |     |        | sub_ln58_990      | sub | fabric    | 0       |
|   ama_addmuladd_12s_12s_13s_26s_26_1_1_U808 | 1   |        | add_ln58_594      | add | dsp_slice | 0       |
|   ama_addmuladd_12s_12s_13s_26s_26_1_1_U808 | 1   |        | mul_ln58_396      | mul | dsp_slice | 0       |
|   am_submul_12s_12s_13s_26_1_1_U555         | 1   |        | sub_ln58_991      | sub | dsp_slice | 0       |
|   sub_ln58_992_fu_4731_p2                   |     |        | sub_ln58_992      | sub | fabric    | 0       |
|   am_submul_12s_12s_13s_26_1_1_U555         | 1   |        | mul_ln58_397      | mul | dsp_slice | 0       |
|   ama_addmuladd_12s_12s_13s_26s_26_1_1_U808 | 1   |        | add_ln58_595      | add | dsp_slice | 0       |
|   add_ln58_596_fu_60254_p2                  |     |        | add_ln58_596      | add | fabric    | 0       |
|   sub_ln58_995_fu_7847_p2                   |     |        | sub_ln58_995      | sub | fabric    | 0       |
|   ama_addmuladd_12s_12s_13s_26s_26_1_1_U809 | 1   |        | add_ln58_597      | add | dsp_slice | 0       |
|   ama_addmuladd_12s_12s_13s_26s_26_1_1_U809 | 1   |        | mul_ln58_398      | mul | dsp_slice | 0       |
|   am_submul_12s_12s_13s_26_1_1_U556         | 1   |        | sub_ln58_996      | sub | dsp_slice | 0       |
|   sub_ln58_997_fu_4741_p2                   |     |        | sub_ln58_997      | sub | fabric    | 0       |
|   am_submul_12s_12s_13s_26_1_1_U556         | 1   |        | mul_ln58_399      | mul | dsp_slice | 0       |
|   ama_addmuladd_12s_12s_13s_26s_26_1_1_U809 | 1   |        | add_ln58_598      | add | dsp_slice | 0       |
|   add_ln58_599_fu_60513_p2                  |     |        | add_ln58_599      | add | fabric    | 0       |
|   sub_ln58_1000_fu_7857_p2                  |     |        | sub_ln58_1000     | sub | fabric    | 0       |
|   ama_addmuladd_12s_12s_13s_26s_26_1_1_U810 | 1   |        | add_ln58_600      | add | dsp_slice | 0       |
|   ama_addmuladd_12s_12s_13s_26s_26_1_1_U810 | 1   |        | mul_ln58_400      | mul | dsp_slice | 0       |
|   am_submul_12s_12s_13s_26_1_1_U557         | 1   |        | sub_ln58_1001     | sub | dsp_slice | 0       |
|   sub_ln58_1002_fu_4751_p2                  |     |        | sub_ln58_1002     | sub | fabric    | 0       |
|   am_submul_12s_12s_13s_26_1_1_U557         | 1   |        | mul_ln58_401      | mul | dsp_slice | 0       |
|   ama_addmuladd_12s_12s_13s_26s_26_1_1_U810 | 1   |        | add_ln58_601      | add | dsp_slice | 0       |
|   add_ln58_602_fu_60772_p2                  |     |        | add_ln58_602      | add | fabric    | 0       |
|   sub_ln58_1005_fu_7867_p2                  |     |        | sub_ln58_1005     | sub | fabric    | 0       |
|   ama_addmuladd_12s_12s_13s_26s_26_1_1_U811 | 1   |        | add_ln58_603      | add | dsp_slice | 0       |
|   ama_addmuladd_12s_12s_13s_26s_26_1_1_U811 | 1   |        | mul_ln58_402      | mul | dsp_slice | 0       |
|   am_submul_12s_12s_13s_26_1_1_U558         | 1   |        | sub_ln58_1006     | sub | dsp_slice | 0       |
|   sub_ln58_1007_fu_4761_p2                  |     |        | sub_ln58_1007     | sub | fabric    | 0       |
|   am_submul_12s_12s_13s_26_1_1_U558         | 1   |        | mul_ln58_403      | mul | dsp_slice | 0       |
|   ama_addmuladd_12s_12s_13s_26s_26_1_1_U811 | 1   |        | add_ln58_604      | add | dsp_slice | 0       |
|   add_ln58_605_fu_61031_p2                  |     |        | add_ln58_605      | add | fabric    | 0       |
|   sub_ln58_1010_fu_7877_p2                  |     |        | sub_ln58_1010     | sub | fabric    | 0       |
|   ama_addmuladd_12s_12s_13s_26s_26_1_1_U812 | 1   |        | add_ln58_606      | add | dsp_slice | 0       |
|   ama_addmuladd_12s_12s_13s_26s_26_1_1_U812 | 1   |        | mul_ln58_404      | mul | dsp_slice | 0       |
|   am_submul_12s_12s_13s_26_1_1_U559         | 1   |        | sub_ln58_1011     | sub | dsp_slice | 0       |
|   sub_ln58_1012_fu_4771_p2                  |     |        | sub_ln58_1012     | sub | fabric    | 0       |
|   am_submul_12s_12s_13s_26_1_1_U559         | 1   |        | mul_ln58_405      | mul | dsp_slice | 0       |
|   ama_addmuladd_12s_12s_13s_26s_26_1_1_U812 | 1   |        | add_ln58_607      | add | dsp_slice | 0       |
|   add_ln58_608_fu_61290_p2                  |     |        | add_ln58_608      | add | fabric    | 0       |
|   sub_ln58_1015_fu_7887_p2                  |     |        | sub_ln58_1015     | sub | fabric    | 0       |
|   ama_addmuladd_12s_12s_13s_26s_26_1_1_U813 | 1   |        | add_ln58_609      | add | dsp_slice | 0       |
|   ama_addmuladd_12s_12s_13s_26s_26_1_1_U813 | 1   |        | mul_ln58_406      | mul | dsp_slice | 0       |
|   am_submul_12s_12s_13s_26_1_1_U560         | 1   |        | sub_ln58_1016     | sub | dsp_slice | 0       |
|   sub_ln58_1017_fu_4781_p2                  |     |        | sub_ln58_1017     | sub | fabric    | 0       |
|   am_submul_12s_12s_13s_26_1_1_U560         | 1   |        | mul_ln58_407      | mul | dsp_slice | 0       |
|   ama_addmuladd_12s_12s_13s_26s_26_1_1_U813 | 1   |        | add_ln58_610      | add | dsp_slice | 0       |
|   add_ln58_611_fu_61549_p2                  |     |        | add_ln58_611      | add | fabric    | 0       |
|   sub_ln58_1020_fu_7897_p2                  |     |        | sub_ln58_1020     | sub | fabric    | 0       |
|   ama_addmuladd_12s_12s_13s_26s_26_1_1_U814 | 1   |        | add_ln58_612      | add | dsp_slice | 0       |
|   ama_addmuladd_12s_12s_13s_26s_26_1_1_U814 | 1   |        | mul_ln58_408      | mul | dsp_slice | 0       |
|   am_submul_12s_12s_13s_26_1_1_U561         | 1   |        | sub_ln58_1021     | sub | dsp_slice | 0       |
|   sub_ln58_1022_fu_4791_p2                  |     |        | sub_ln58_1022     | sub | fabric    | 0       |
|   am_submul_12s_12s_13s_26_1_1_U561         | 1   |        | mul_ln58_409      | mul | dsp_slice | 0       |
|   ama_addmuladd_12s_12s_13s_26s_26_1_1_U814 | 1   |        | add_ln58_613      | add | dsp_slice | 0       |
|   add_ln58_614_fu_61808_p2                  |     |        | add_ln58_614      | add | fabric    | 0       |
|   sub_ln58_1025_fu_7907_p2                  |     |        | sub_ln58_1025     | sub | fabric    | 0       |
|   ama_addmuladd_12s_12s_13s_26s_26_1_1_U815 | 1   |        | add_ln58_615      | add | dsp_slice | 0       |
|   ama_addmuladd_12s_12s_13s_26s_26_1_1_U815 | 1   |        | mul_ln58_410      | mul | dsp_slice | 0       |
|   am_submul_12s_12s_13s_26_1_1_U562         | 1   |        | sub_ln58_1026     | sub | dsp_slice | 0       |
|   sub_ln58_1027_fu_4801_p2                  |     |        | sub_ln58_1027     | sub | fabric    | 0       |
|   am_submul_12s_12s_13s_26_1_1_U562         | 1   |        | mul_ln58_411      | mul | dsp_slice | 0       |
|   ama_addmuladd_12s_12s_13s_26s_26_1_1_U815 | 1   |        | add_ln58_616      | add | dsp_slice | 0       |
|   add_ln58_617_fu_62067_p2                  |     |        | add_ln58_617      | add | fabric    | 0       |
|   sub_ln58_1030_fu_7917_p2                  |     |        | sub_ln58_1030     | sub | fabric    | 0       |
|   ama_addmuladd_12s_12s_13s_26s_26_1_1_U816 | 1   |        | add_ln58_618      | add | dsp_slice | 0       |
|   ama_addmuladd_12s_12s_13s_26s_26_1_1_U816 | 1   |        | mul_ln58_412      | mul | dsp_slice | 0       |
|   am_submul_12s_12s_13s_26_1_1_U563         | 1   |        | sub_ln58_1031     | sub | dsp_slice | 0       |
|   sub_ln58_1032_fu_4811_p2                  |     |        | sub_ln58_1032     | sub | fabric    | 0       |
|   am_submul_12s_12s_13s_26_1_1_U563         | 1   |        | mul_ln58_413      | mul | dsp_slice | 0       |
|   ama_addmuladd_12s_12s_13s_26s_26_1_1_U816 | 1   |        | add_ln58_619      | add | dsp_slice | 0       |
|   add_ln58_620_fu_62326_p2                  |     |        | add_ln58_620      | add | fabric    | 0       |
|   sub_ln58_1035_fu_7927_p2                  |     |        | sub_ln58_1035     | sub | fabric    | 0       |
|   ama_addmuladd_12s_12s_13s_26s_26_1_1_U817 | 1   |        | add_ln58_621      | add | dsp_slice | 0       |
|   ama_addmuladd_12s_12s_13s_26s_26_1_1_U817 | 1   |        | mul_ln58_414      | mul | dsp_slice | 0       |
|   am_submul_12s_12s_13s_26_1_1_U564         | 1   |        | sub_ln58_1036     | sub | dsp_slice | 0       |
|   sub_ln58_1037_fu_4821_p2                  |     |        | sub_ln58_1037     | sub | fabric    | 0       |
|   am_submul_12s_12s_13s_26_1_1_U564         | 1   |        | mul_ln58_415      | mul | dsp_slice | 0       |
|   ama_addmuladd_12s_12s_13s_26s_26_1_1_U817 | 1   |        | add_ln58_622      | add | dsp_slice | 0       |
|   add_ln58_623_fu_62585_p2                  |     |        | add_ln58_623      | add | fabric    | 0       |
|   sub_ln58_1040_fu_7937_p2                  |     |        | sub_ln58_1040     | sub | fabric    | 0       |
|   ama_addmuladd_12s_12s_13s_26s_26_1_1_U818 | 1   |        | add_ln58_624      | add | dsp_slice | 0       |
|   ama_addmuladd_12s_12s_13s_26s_26_1_1_U818 | 1   |        | mul_ln58_416      | mul | dsp_slice | 0       |
|   am_submul_12s_12s_13s_26_1_1_U565         | 1   |        | sub_ln58_1041     | sub | dsp_slice | 0       |
|   sub_ln58_1042_fu_4831_p2                  |     |        | sub_ln58_1042     | sub | fabric    | 0       |
|   am_submul_12s_12s_13s_26_1_1_U565         | 1   |        | mul_ln58_417      | mul | dsp_slice | 0       |
|   ama_addmuladd_12s_12s_13s_26s_26_1_1_U818 | 1   |        | add_ln58_625      | add | dsp_slice | 0       |
|   add_ln58_626_fu_62848_p2                  |     |        | add_ln58_626      | add | fabric    | 0       |
|   sub_ln58_1045_fu_7947_p2                  |     |        | sub_ln58_1045     | sub | fabric    | 0       |
|   ama_addmuladd_12s_12s_13s_26s_26_1_1_U819 | 1   |        | add_ln58_627      | add | dsp_slice | 0       |
|   ama_addmuladd_12s_12s_13s_26s_26_1_1_U819 | 1   |        | mul_ln58_418      | mul | dsp_slice | 0       |
|   am_submul_12s_12s_13s_26_1_1_U566         | 1   |        | sub_ln58_1046     | sub | dsp_slice | 0       |
|   sub_ln58_1047_fu_4841_p2                  |     |        | sub_ln58_1047     | sub | fabric    | 0       |
|   am_submul_12s_12s_13s_26_1_1_U566         | 1   |        | mul_ln58_419      | mul | dsp_slice | 0       |
|   ama_addmuladd_12s_12s_13s_26s_26_1_1_U819 | 1   |        | add_ln58_628      | add | dsp_slice | 0       |
|   add_ln58_629_fu_63107_p2                  |     |        | add_ln58_629      | add | fabric    | 0       |
|   sub_ln58_1050_fu_7957_p2                  |     |        | sub_ln58_1050     | sub | fabric    | 0       |
|   ama_addmuladd_12s_12s_13s_26s_26_1_1_U820 | 1   |        | add_ln58_630      | add | dsp_slice | 0       |
|   ama_addmuladd_12s_12s_13s_26s_26_1_1_U820 | 1   |        | mul_ln58_420      | mul | dsp_slice | 0       |
|   am_submul_12s_12s_13s_26_1_1_U567         | 1   |        | sub_ln58_1051     | sub | dsp_slice | 0       |
|   sub_ln58_1052_fu_4851_p2                  |     |        | sub_ln58_1052     | sub | fabric    | 0       |
|   am_submul_12s_12s_13s_26_1_1_U567         | 1   |        | mul_ln58_421      | mul | dsp_slice | 0       |
|   ama_addmuladd_12s_12s_13s_26s_26_1_1_U820 | 1   |        | add_ln58_631      | add | dsp_slice | 0       |
|   add_ln58_632_fu_63366_p2                  |     |        | add_ln58_632      | add | fabric    | 0       |
|   sub_ln58_1055_fu_7967_p2                  |     |        | sub_ln58_1055     | sub | fabric    | 0       |
|   ama_addmuladd_12s_12s_13s_26s_26_1_1_U821 | 1   |        | add_ln58_633      | add | dsp_slice | 0       |
|   ama_addmuladd_12s_12s_13s_26s_26_1_1_U821 | 1   |        | mul_ln58_422      | mul | dsp_slice | 0       |
|   am_submul_12s_12s_13s_26_1_1_U568         | 1   |        | sub_ln58_1056     | sub | dsp_slice | 0       |
|   sub_ln58_1057_fu_4861_p2                  |     |        | sub_ln58_1057     | sub | fabric    | 0       |
|   am_submul_12s_12s_13s_26_1_1_U568         | 1   |        | mul_ln58_423      | mul | dsp_slice | 0       |
|   ama_addmuladd_12s_12s_13s_26s_26_1_1_U821 | 1   |        | add_ln58_634      | add | dsp_slice | 0       |
|   add_ln58_635_fu_63625_p2                  |     |        | add_ln58_635      | add | fabric    | 0       |
|   sub_ln58_1060_fu_7977_p2                  |     |        | sub_ln58_1060     | sub | fabric    | 0       |
|   ama_addmuladd_12s_12s_13s_26s_26_1_1_U822 | 1   |        | add_ln58_636      | add | dsp_slice | 0       |
|   ama_addmuladd_12s_12s_13s_26s_26_1_1_U822 | 1   |        | mul_ln58_424      | mul | dsp_slice | 0       |
|   am_submul_12s_12s_13s_26_1_1_U569         | 1   |        | sub_ln58_1061     | sub | dsp_slice | 0       |
|   sub_ln58_1062_fu_4871_p2                  |     |        | sub_ln58_1062     | sub | fabric    | 0       |
|   am_submul_12s_12s_13s_26_1_1_U569         | 1   |        | mul_ln58_425      | mul | dsp_slice | 0       |
|   ama_addmuladd_12s_12s_13s_26s_26_1_1_U822 | 1   |        | add_ln58_637      | add | dsp_slice | 0       |
|   add_ln58_638_fu_63884_p2                  |     |        | add_ln58_638      | add | fabric    | 0       |
|   sub_ln58_1065_fu_7987_p2                  |     |        | sub_ln58_1065     | sub | fabric    | 0       |
|   ama_addmuladd_12s_12s_13s_26s_26_1_1_U823 | 1   |        | add_ln58_639      | add | dsp_slice | 0       |
|   ama_addmuladd_12s_12s_13s_26s_26_1_1_U823 | 1   |        | mul_ln58_426      | mul | dsp_slice | 0       |
|   am_submul_12s_12s_13s_26_1_1_U570         | 1   |        | sub_ln58_1066     | sub | dsp_slice | 0       |
|   sub_ln58_1067_fu_4881_p2                  |     |        | sub_ln58_1067     | sub | fabric    | 0       |
|   am_submul_12s_12s_13s_26_1_1_U570         | 1   |        | mul_ln58_427      | mul | dsp_slice | 0       |
|   ama_addmuladd_12s_12s_13s_26s_26_1_1_U823 | 1   |        | add_ln58_640      | add | dsp_slice | 0       |
|   add_ln58_641_fu_64143_p2                  |     |        | add_ln58_641      | add | fabric    | 0       |
|   sub_ln58_1070_fu_7997_p2                  |     |        | sub_ln58_1070     | sub | fabric    | 0       |
|   ama_addmuladd_12s_12s_13s_26s_26_1_1_U824 | 1   |        | add_ln58_642      | add | dsp_slice | 0       |
|   ama_addmuladd_12s_12s_13s_26s_26_1_1_U824 | 1   |        | mul_ln58_428      | mul | dsp_slice | 0       |
|   am_submul_12s_12s_13s_26_1_1_U571         | 1   |        | sub_ln58_1071     | sub | dsp_slice | 0       |
|   sub_ln58_1072_fu_4891_p2                  |     |        | sub_ln58_1072     | sub | fabric    | 0       |
|   am_submul_12s_12s_13s_26_1_1_U571         | 1   |        | mul_ln58_429      | mul | dsp_slice | 0       |
|   ama_addmuladd_12s_12s_13s_26s_26_1_1_U824 | 1   |        | add_ln58_643      | add | dsp_slice | 0       |
|   add_ln58_644_fu_64402_p2                  |     |        | add_ln58_644      | add | fabric    | 0       |
|   sub_ln58_1075_fu_8007_p2                  |     |        | sub_ln58_1075     | sub | fabric    | 0       |
|   ama_addmuladd_12s_12s_13s_26s_26_1_1_U825 | 1   |        | add_ln58_645      | add | dsp_slice | 0       |
|   ama_addmuladd_12s_12s_13s_26s_26_1_1_U825 | 1   |        | mul_ln58_430      | mul | dsp_slice | 0       |
|   am_submul_12s_12s_13s_26_1_1_U572         | 1   |        | sub_ln58_1076     | sub | dsp_slice | 0       |
|   sub_ln58_1077_fu_4901_p2                  |     |        | sub_ln58_1077     | sub | fabric    | 0       |
|   am_submul_12s_12s_13s_26_1_1_U572         | 1   |        | mul_ln58_431      | mul | dsp_slice | 0       |
|   ama_addmuladd_12s_12s_13s_26s_26_1_1_U825 | 1   |        | add_ln58_646      | add | dsp_slice | 0       |
|   add_ln58_647_fu_64661_p2                  |     |        | add_ln58_647      | add | fabric    | 0       |
|   sub_ln58_1080_fu_8017_p2                  |     |        | sub_ln58_1080     | sub | fabric    | 0       |
|   ama_addmuladd_12s_12s_13s_26s_26_1_1_U826 | 1   |        | add_ln58_648      | add | dsp_slice | 0       |
|   ama_addmuladd_12s_12s_13s_26s_26_1_1_U826 | 1   |        | mul_ln58_432      | mul | dsp_slice | 0       |
|   am_submul_12s_12s_13s_26_1_1_U573         | 1   |        | sub_ln58_1081     | sub | dsp_slice | 0       |
|   sub_ln58_1082_fu_4911_p2                  |     |        | sub_ln58_1082     | sub | fabric    | 0       |
|   am_submul_12s_12s_13s_26_1_1_U573         | 1   |        | mul_ln58_433      | mul | dsp_slice | 0       |
|   ama_addmuladd_12s_12s_13s_26s_26_1_1_U826 | 1   |        | add_ln58_649      | add | dsp_slice | 0       |
|   add_ln58_650_fu_64920_p2                  |     |        | add_ln58_650      | add | fabric    | 0       |
|   sub_ln58_1085_fu_8027_p2                  |     |        | sub_ln58_1085     | sub | fabric    | 0       |
|   ama_addmuladd_12s_12s_13s_26s_26_1_1_U827 | 1   |        | add_ln58_651      | add | dsp_slice | 0       |
|   ama_addmuladd_12s_12s_13s_26s_26_1_1_U827 | 1   |        | mul_ln58_434      | mul | dsp_slice | 0       |
|   am_submul_12s_12s_13s_26_1_1_U574         | 1   |        | sub_ln58_1086     | sub | dsp_slice | 0       |
|   sub_ln58_1087_fu_4921_p2                  |     |        | sub_ln58_1087     | sub | fabric    | 0       |
|   am_submul_12s_12s_13s_26_1_1_U574         | 1   |        | mul_ln58_435      | mul | dsp_slice | 0       |
|   ama_addmuladd_12s_12s_13s_26s_26_1_1_U827 | 1   |        | add_ln58_652      | add | dsp_slice | 0       |
|   add_ln58_653_fu_65183_p2                  |     |        | add_ln58_653      | add | fabric    | 0       |
|   sub_ln58_1090_fu_8037_p2                  |     |        | sub_ln58_1090     | sub | fabric    | 0       |
|   ama_addmuladd_12s_12s_13s_26s_26_1_1_U828 | 1   |        | add_ln58_654      | add | dsp_slice | 0       |
|   ama_addmuladd_12s_12s_13s_26s_26_1_1_U828 | 1   |        | mul_ln58_436      | mul | dsp_slice | 0       |
|   am_submul_12s_12s_13s_26_1_1_U575         | 1   |        | sub_ln58_1091     | sub | dsp_slice | 0       |
|   sub_ln58_1092_fu_4931_p2                  |     |        | sub_ln58_1092     | sub | fabric    | 0       |
|   am_submul_12s_12s_13s_26_1_1_U575         | 1   |        | mul_ln58_437      | mul | dsp_slice | 0       |
|   ama_addmuladd_12s_12s_13s_26s_26_1_1_U828 | 1   |        | add_ln58_655      | add | dsp_slice | 0       |
|   add_ln58_656_fu_65442_p2                  |     |        | add_ln58_656      | add | fabric    | 0       |
|   sub_ln58_1095_fu_8047_p2                  |     |        | sub_ln58_1095     | sub | fabric    | 0       |
|   ama_addmuladd_12s_12s_13s_26s_26_1_1_U829 | 1   |        | add_ln58_657      | add | dsp_slice | 0       |
|   ama_addmuladd_12s_12s_13s_26s_26_1_1_U829 | 1   |        | mul_ln58_438      | mul | dsp_slice | 0       |
|   am_submul_12s_12s_13s_26_1_1_U576         | 1   |        | sub_ln58_1096     | sub | dsp_slice | 0       |
|   sub_ln58_1097_fu_4941_p2                  |     |        | sub_ln58_1097     | sub | fabric    | 0       |
|   am_submul_12s_12s_13s_26_1_1_U576         | 1   |        | mul_ln58_439      | mul | dsp_slice | 0       |
|   ama_addmuladd_12s_12s_13s_26s_26_1_1_U829 | 1   |        | add_ln58_658      | add | dsp_slice | 0       |
|   add_ln58_659_fu_65701_p2                  |     |        | add_ln58_659      | add | fabric    | 0       |
|   sub_ln58_1100_fu_8057_p2                  |     |        | sub_ln58_1100     | sub | fabric    | 0       |
|   ama_addmuladd_12s_12s_13s_26s_26_1_1_U830 | 1   |        | add_ln58_660      | add | dsp_slice | 0       |
|   ama_addmuladd_12s_12s_13s_26s_26_1_1_U830 | 1   |        | mul_ln58_440      | mul | dsp_slice | 0       |
|   am_submul_12s_12s_13s_26_1_1_U577         | 1   |        | sub_ln58_1101     | sub | dsp_slice | 0       |
|   sub_ln58_1102_fu_4951_p2                  |     |        | sub_ln58_1102     | sub | fabric    | 0       |
|   am_submul_12s_12s_13s_26_1_1_U577         | 1   |        | mul_ln58_441      | mul | dsp_slice | 0       |
|   ama_addmuladd_12s_12s_13s_26s_26_1_1_U830 | 1   |        | add_ln58_661      | add | dsp_slice | 0       |
|   add_ln58_662_fu_65960_p2                  |     |        | add_ln58_662      | add | fabric    | 0       |
|   sub_ln58_1105_fu_8067_p2                  |     |        | sub_ln58_1105     | sub | fabric    | 0       |
|   ama_addmuladd_12s_12s_13s_26s_26_1_1_U831 | 1   |        | add_ln58_663      | add | dsp_slice | 0       |
|   ama_addmuladd_12s_12s_13s_26s_26_1_1_U831 | 1   |        | mul_ln58_442      | mul | dsp_slice | 0       |
|   am_submul_12s_12s_13s_26_1_1_U578         | 1   |        | sub_ln58_1106     | sub | dsp_slice | 0       |
|   sub_ln58_1107_fu_4961_p2                  |     |        | sub_ln58_1107     | sub | fabric    | 0       |
|   am_submul_12s_12s_13s_26_1_1_U578         | 1   |        | mul_ln58_443      | mul | dsp_slice | 0       |
|   ama_addmuladd_12s_12s_13s_26s_26_1_1_U831 | 1   |        | add_ln58_664      | add | dsp_slice | 0       |
|   add_ln58_665_fu_66219_p2                  |     |        | add_ln58_665      | add | fabric    | 0       |
|   sub_ln58_1110_fu_8077_p2                  |     |        | sub_ln58_1110     | sub | fabric    | 0       |
|   ama_addmuladd_12s_12s_13s_26s_26_1_1_U832 | 1   |        | add_ln58_666      | add | dsp_slice | 0       |
|   ama_addmuladd_12s_12s_13s_26s_26_1_1_U832 | 1   |        | mul_ln58_444      | mul | dsp_slice | 0       |
|   am_submul_12s_12s_13s_26_1_1_U579         | 1   |        | sub_ln58_1111     | sub | dsp_slice | 0       |
|   sub_ln58_1112_fu_4971_p2                  |     |        | sub_ln58_1112     | sub | fabric    | 0       |
|   am_submul_12s_12s_13s_26_1_1_U579         | 1   |        | mul_ln58_445      | mul | dsp_slice | 0       |
|   ama_addmuladd_12s_12s_13s_26s_26_1_1_U832 | 1   |        | add_ln58_667      | add | dsp_slice | 0       |
|   add_ln58_668_fu_66478_p2                  |     |        | add_ln58_668      | add | fabric    | 0       |
|   sub_ln58_1115_fu_8087_p2                  |     |        | sub_ln58_1115     | sub | fabric    | 0       |
|   ama_addmuladd_12s_12s_13s_26s_26_1_1_U833 | 1   |        | add_ln58_669      | add | dsp_slice | 0       |
|   ama_addmuladd_12s_12s_13s_26s_26_1_1_U833 | 1   |        | mul_ln58_446      | mul | dsp_slice | 0       |
|   am_submul_12s_12s_13s_26_1_1_U580         | 1   |        | sub_ln58_1116     | sub | dsp_slice | 0       |
|   sub_ln58_1117_fu_4981_p2                  |     |        | sub_ln58_1117     | sub | fabric    | 0       |
|   am_submul_12s_12s_13s_26_1_1_U580         | 1   |        | mul_ln58_447      | mul | dsp_slice | 0       |
|   ama_addmuladd_12s_12s_13s_26s_26_1_1_U833 | 1   |        | add_ln58_670      | add | dsp_slice | 0       |
|   add_ln58_671_fu_66737_p2                  |     |        | add_ln58_671      | add | fabric    | 0       |
|   sub_ln58_1120_fu_8097_p2                  |     |        | sub_ln58_1120     | sub | fabric    | 0       |
|   ama_addmuladd_12s_12s_13s_26s_26_1_1_U834 | 1   |        | add_ln58_672      | add | dsp_slice | 0       |
|   ama_addmuladd_12s_12s_13s_26s_26_1_1_U834 | 1   |        | mul_ln58_448      | mul | dsp_slice | 0       |
|   am_submul_12s_12s_13s_26_1_1_U581         | 1   |        | sub_ln58_1121     | sub | dsp_slice | 0       |
|   sub_ln58_1122_fu_4991_p2                  |     |        | sub_ln58_1122     | sub | fabric    | 0       |
|   am_submul_12s_12s_13s_26_1_1_U581         | 1   |        | mul_ln58_449      | mul | dsp_slice | 0       |
|   ama_addmuladd_12s_12s_13s_26s_26_1_1_U834 | 1   |        | add_ln58_673      | add | dsp_slice | 0       |
|   add_ln58_674_fu_66996_p2                  |     |        | add_ln58_674      | add | fabric    | 0       |
|   sub_ln58_1125_fu_8107_p2                  |     |        | sub_ln58_1125     | sub | fabric    | 0       |
|   ama_addmuladd_12s_12s_13s_26s_26_1_1_U835 | 1   |        | add_ln58_675      | add | dsp_slice | 0       |
|   ama_addmuladd_12s_12s_13s_26s_26_1_1_U835 | 1   |        | mul_ln58_450      | mul | dsp_slice | 0       |
|   am_submul_12s_12s_13s_26_1_1_U582         | 1   |        | sub_ln58_1126     | sub | dsp_slice | 0       |
|   sub_ln58_1127_fu_5001_p2                  |     |        | sub_ln58_1127     | sub | fabric    | 0       |
|   am_submul_12s_12s_13s_26_1_1_U582         | 1   |        | mul_ln58_451      | mul | dsp_slice | 0       |
|   ama_addmuladd_12s_12s_13s_26s_26_1_1_U835 | 1   |        | add_ln58_676      | add | dsp_slice | 0       |
|   add_ln58_677_fu_67259_p2                  |     |        | add_ln58_677      | add | fabric    | 0       |
|   sub_ln58_1130_fu_8117_p2                  |     |        | sub_ln58_1130     | sub | fabric    | 0       |
|   ama_addmuladd_12s_12s_13s_26s_26_1_1_U836 | 1   |        | add_ln58_678      | add | dsp_slice | 0       |
|   ama_addmuladd_12s_12s_13s_26s_26_1_1_U836 | 1   |        | mul_ln58_452      | mul | dsp_slice | 0       |
|   am_submul_12s_12s_13s_26_1_1_U583         | 1   |        | sub_ln58_1131     | sub | dsp_slice | 0       |
|   sub_ln58_1132_fu_5011_p2                  |     |        | sub_ln58_1132     | sub | fabric    | 0       |
|   am_submul_12s_12s_13s_26_1_1_U583         | 1   |        | mul_ln58_453      | mul | dsp_slice | 0       |
|   ama_addmuladd_12s_12s_13s_26s_26_1_1_U836 | 1   |        | add_ln58_679      | add | dsp_slice | 0       |
|   add_ln58_680_fu_67518_p2                  |     |        | add_ln58_680      | add | fabric    | 0       |
|   sub_ln58_1135_fu_8127_p2                  |     |        | sub_ln58_1135     | sub | fabric    | 0       |
|   ama_addmuladd_12s_12s_13s_26s_26_1_1_U837 | 1   |        | add_ln58_681      | add | dsp_slice | 0       |
|   ama_addmuladd_12s_12s_13s_26s_26_1_1_U837 | 1   |        | mul_ln58_454      | mul | dsp_slice | 0       |
|   am_submul_12s_12s_13s_26_1_1_U584         | 1   |        | sub_ln58_1136     | sub | dsp_slice | 0       |
|   sub_ln58_1137_fu_5021_p2                  |     |        | sub_ln58_1137     | sub | fabric    | 0       |
|   am_submul_12s_12s_13s_26_1_1_U584         | 1   |        | mul_ln58_455      | mul | dsp_slice | 0       |
|   ama_addmuladd_12s_12s_13s_26s_26_1_1_U837 | 1   |        | add_ln58_682      | add | dsp_slice | 0       |
|   add_ln58_683_fu_67777_p2                  |     |        | add_ln58_683      | add | fabric    | 0       |
|   sub_ln58_1140_fu_8137_p2                  |     |        | sub_ln58_1140     | sub | fabric    | 0       |
|   ama_addmuladd_12s_12s_13s_26s_26_1_1_U838 | 1   |        | add_ln58_684      | add | dsp_slice | 0       |
|   ama_addmuladd_12s_12s_13s_26s_26_1_1_U838 | 1   |        | mul_ln58_456      | mul | dsp_slice | 0       |
|   am_submul_12s_12s_13s_26_1_1_U585         | 1   |        | sub_ln58_1141     | sub | dsp_slice | 0       |
|   sub_ln58_1142_fu_5031_p2                  |     |        | sub_ln58_1142     | sub | fabric    | 0       |
|   am_submul_12s_12s_13s_26_1_1_U585         | 1   |        | mul_ln58_457      | mul | dsp_slice | 0       |
|   ama_addmuladd_12s_12s_13s_26s_26_1_1_U838 | 1   |        | add_ln58_685      | add | dsp_slice | 0       |
|   add_ln58_686_fu_68036_p2                  |     |        | add_ln58_686      | add | fabric    | 0       |
|   sub_ln58_1145_fu_8147_p2                  |     |        | sub_ln58_1145     | sub | fabric    | 0       |
|   ama_addmuladd_12s_12s_13s_26s_26_1_1_U839 | 1   |        | add_ln58_687      | add | dsp_slice | 0       |
|   ama_addmuladd_12s_12s_13s_26s_26_1_1_U839 | 1   |        | mul_ln58_458      | mul | dsp_slice | 0       |
|   am_submul_12s_12s_13s_26_1_1_U586         | 1   |        | sub_ln58_1146     | sub | dsp_slice | 0       |
|   sub_ln58_1147_fu_5041_p2                  |     |        | sub_ln58_1147     | sub | fabric    | 0       |
|   am_submul_12s_12s_13s_26_1_1_U586         | 1   |        | mul_ln58_459      | mul | dsp_slice | 0       |
|   ama_addmuladd_12s_12s_13s_26s_26_1_1_U839 | 1   |        | add_ln58_688      | add | dsp_slice | 0       |
|   add_ln58_689_fu_68295_p2                  |     |        | add_ln58_689      | add | fabric    | 0       |
|   sub_ln58_1150_fu_8157_p2                  |     |        | sub_ln58_1150     | sub | fabric    | 0       |
|   ama_addmuladd_12s_12s_13s_26s_26_1_1_U840 | 1   |        | add_ln58_690      | add | dsp_slice | 0       |
|   ama_addmuladd_12s_12s_13s_26s_26_1_1_U840 | 1   |        | mul_ln58_460      | mul | dsp_slice | 0       |
|   am_submul_12s_12s_13s_26_1_1_U587         | 1   |        | sub_ln58_1151     | sub | dsp_slice | 0       |
|   sub_ln58_1152_fu_5051_p2                  |     |        | sub_ln58_1152     | sub | fabric    | 0       |
|   am_submul_12s_12s_13s_26_1_1_U587         | 1   |        | mul_ln58_461      | mul | dsp_slice | 0       |
|   ama_addmuladd_12s_12s_13s_26s_26_1_1_U840 | 1   |        | add_ln58_691      | add | dsp_slice | 0       |
|   add_ln58_692_fu_68554_p2                  |     |        | add_ln58_692      | add | fabric    | 0       |
|   sub_ln58_1155_fu_8167_p2                  |     |        | sub_ln58_1155     | sub | fabric    | 0       |
|   ama_addmuladd_12s_12s_13s_26s_26_1_1_U841 | 1   |        | add_ln58_693      | add | dsp_slice | 0       |
|   ama_addmuladd_12s_12s_13s_26s_26_1_1_U841 | 1   |        | mul_ln58_462      | mul | dsp_slice | 0       |
|   am_submul_12s_12s_13s_26_1_1_U588         | 1   |        | sub_ln58_1156     | sub | dsp_slice | 0       |
|   sub_ln58_1157_fu_5061_p2                  |     |        | sub_ln58_1157     | sub | fabric    | 0       |
|   am_submul_12s_12s_13s_26_1_1_U588         | 1   |        | mul_ln58_463      | mul | dsp_slice | 0       |
|   ama_addmuladd_12s_12s_13s_26s_26_1_1_U841 | 1   |        | add_ln58_694      | add | dsp_slice | 0       |
|   add_ln58_695_fu_68813_p2                  |     |        | add_ln58_695      | add | fabric    | 0       |
|   sub_ln58_1160_fu_8177_p2                  |     |        | sub_ln58_1160     | sub | fabric    | 0       |
|   ama_addmuladd_12s_12s_13s_26s_26_1_1_U842 | 1   |        | add_ln58_696      | add | dsp_slice | 0       |
|   ama_addmuladd_12s_12s_13s_26s_26_1_1_U842 | 1   |        | mul_ln58_464      | mul | dsp_slice | 0       |
|   am_submul_12s_12s_13s_26_1_1_U589         | 1   |        | sub_ln58_1161     | sub | dsp_slice | 0       |
|   sub_ln58_1162_fu_5071_p2                  |     |        | sub_ln58_1162     | sub | fabric    | 0       |
|   am_submul_12s_12s_13s_26_1_1_U589         | 1   |        | mul_ln58_465      | mul | dsp_slice | 0       |
|   ama_addmuladd_12s_12s_13s_26s_26_1_1_U842 | 1   |        | add_ln58_697      | add | dsp_slice | 0       |
|   add_ln58_698_fu_69076_p2                  |     |        | add_ln58_698      | add | fabric    | 0       |
|   sub_ln58_1165_fu_8187_p2                  |     |        | sub_ln58_1165     | sub | fabric    | 0       |
|   ama_addmuladd_12s_12s_13s_26s_26_1_1_U843 | 1   |        | add_ln58_699      | add | dsp_slice | 0       |
|   ama_addmuladd_12s_12s_13s_26s_26_1_1_U843 | 1   |        | mul_ln58_466      | mul | dsp_slice | 0       |
|   am_submul_12s_12s_13s_26_1_1_U590         | 1   |        | sub_ln58_1166     | sub | dsp_slice | 0       |
|   sub_ln58_1167_fu_5081_p2                  |     |        | sub_ln58_1167     | sub | fabric    | 0       |
|   am_submul_12s_12s_13s_26_1_1_U590         | 1   |        | mul_ln58_467      | mul | dsp_slice | 0       |
|   ama_addmuladd_12s_12s_13s_26s_26_1_1_U843 | 1   |        | add_ln58_700      | add | dsp_slice | 0       |
|   add_ln58_701_fu_69335_p2                  |     |        | add_ln58_701      | add | fabric    | 0       |
|   sub_ln58_1170_fu_8197_p2                  |     |        | sub_ln58_1170     | sub | fabric    | 0       |
|   ama_addmuladd_12s_12s_13s_26s_26_1_1_U844 | 1   |        | add_ln58_702      | add | dsp_slice | 0       |
|   ama_addmuladd_12s_12s_13s_26s_26_1_1_U844 | 1   |        | mul_ln58_468      | mul | dsp_slice | 0       |
|   am_submul_12s_12s_13s_26_1_1_U591         | 1   |        | sub_ln58_1171     | sub | dsp_slice | 0       |
|   sub_ln58_1172_fu_5091_p2                  |     |        | sub_ln58_1172     | sub | fabric    | 0       |
|   am_submul_12s_12s_13s_26_1_1_U591         | 1   |        | mul_ln58_469      | mul | dsp_slice | 0       |
|   ama_addmuladd_12s_12s_13s_26s_26_1_1_U844 | 1   |        | add_ln58_703      | add | dsp_slice | 0       |
|   add_ln58_704_fu_69594_p2                  |     |        | add_ln58_704      | add | fabric    | 0       |
|   sub_ln58_1175_fu_8207_p2                  |     |        | sub_ln58_1175     | sub | fabric    | 0       |
|   ama_addmuladd_12s_12s_13s_26s_26_1_1_U845 | 1   |        | add_ln58_705      | add | dsp_slice | 0       |
|   ama_addmuladd_12s_12s_13s_26s_26_1_1_U845 | 1   |        | mul_ln58_470      | mul | dsp_slice | 0       |
|   am_submul_12s_12s_13s_26_1_1_U592         | 1   |        | sub_ln58_1176     | sub | dsp_slice | 0       |
|   sub_ln58_1177_fu_5101_p2                  |     |        | sub_ln58_1177     | sub | fabric    | 0       |
|   am_submul_12s_12s_13s_26_1_1_U592         | 1   |        | mul_ln58_471      | mul | dsp_slice | 0       |
|   ama_addmuladd_12s_12s_13s_26s_26_1_1_U845 | 1   |        | add_ln58_706      | add | dsp_slice | 0       |
|   add_ln58_707_fu_69853_p2                  |     |        | add_ln58_707      | add | fabric    | 0       |
|   sub_ln58_1180_fu_8217_p2                  |     |        | sub_ln58_1180     | sub | fabric    | 0       |
|   ama_addmuladd_12s_12s_13s_26s_26_1_1_U846 | 1   |        | add_ln58_708      | add | dsp_slice | 0       |
|   ama_addmuladd_12s_12s_13s_26s_26_1_1_U846 | 1   |        | mul_ln58_472      | mul | dsp_slice | 0       |
|   am_submul_12s_12s_13s_26_1_1_U593         | 1   |        | sub_ln58_1181     | sub | dsp_slice | 0       |
|   sub_ln58_1182_fu_5111_p2                  |     |        | sub_ln58_1182     | sub | fabric    | 0       |
|   am_submul_12s_12s_13s_26_1_1_U593         | 1   |        | mul_ln58_473      | mul | dsp_slice | 0       |
|   ama_addmuladd_12s_12s_13s_26s_26_1_1_U846 | 1   |        | add_ln58_709      | add | dsp_slice | 0       |
|   add_ln58_710_fu_70112_p2                  |     |        | add_ln58_710      | add | fabric    | 0       |
|   sub_ln58_1185_fu_8227_p2                  |     |        | sub_ln58_1185     | sub | fabric    | 0       |
|   ama_addmuladd_12s_12s_13s_26s_26_1_1_U847 | 1   |        | add_ln58_711      | add | dsp_slice | 0       |
|   ama_addmuladd_12s_12s_13s_26s_26_1_1_U847 | 1   |        | mul_ln58_474      | mul | dsp_slice | 0       |
|   am_submul_12s_12s_13s_26_1_1_U594         | 1   |        | sub_ln58_1186     | sub | dsp_slice | 0       |
|   sub_ln58_1187_fu_5121_p2                  |     |        | sub_ln58_1187     | sub | fabric    | 0       |
|   am_submul_12s_12s_13s_26_1_1_U594         | 1   |        | mul_ln58_475      | mul | dsp_slice | 0       |
|   ama_addmuladd_12s_12s_13s_26s_26_1_1_U847 | 1   |        | add_ln58_712      | add | dsp_slice | 0       |
|   add_ln58_713_fu_70371_p2                  |     |        | add_ln58_713      | add | fabric    | 0       |
|   sub_ln58_1190_fu_8237_p2                  |     |        | sub_ln58_1190     | sub | fabric    | 0       |
|   ama_addmuladd_12s_12s_13s_26s_26_1_1_U848 | 1   |        | add_ln58_714      | add | dsp_slice | 0       |
|   ama_addmuladd_12s_12s_13s_26s_26_1_1_U848 | 1   |        | mul_ln58_476      | mul | dsp_slice | 0       |
|   am_submul_12s_12s_13s_26_1_1_U595         | 1   |        | sub_ln58_1191     | sub | dsp_slice | 0       |
|   sub_ln58_1192_fu_5131_p2                  |     |        | sub_ln58_1192     | sub | fabric    | 0       |
|   am_submul_12s_12s_13s_26_1_1_U595         | 1   |        | mul_ln58_477      | mul | dsp_slice | 0       |
|   ama_addmuladd_12s_12s_13s_26s_26_1_1_U848 | 1   |        | add_ln58_715      | add | dsp_slice | 0       |
|   add_ln58_716_fu_70634_p2                  |     |        | add_ln58_716      | add | fabric    | 0       |
|   sub_ln58_1195_fu_8247_p2                  |     |        | sub_ln58_1195     | sub | fabric    | 0       |
|   ama_addmuladd_12s_12s_13s_26s_26_1_1_U849 | 1   |        | add_ln58_717      | add | dsp_slice | 0       |
|   ama_addmuladd_12s_12s_13s_26s_26_1_1_U849 | 1   |        | mul_ln58_478      | mul | dsp_slice | 0       |
|   am_submul_12s_12s_13s_26_1_1_U596         | 1   |        | sub_ln58_1196     | sub | dsp_slice | 0       |
|   sub_ln58_1197_fu_5141_p2                  |     |        | sub_ln58_1197     | sub | fabric    | 0       |
|   am_submul_12s_12s_13s_26_1_1_U596         | 1   |        | mul_ln58_479      | mul | dsp_slice | 0       |
|   ama_addmuladd_12s_12s_13s_26s_26_1_1_U849 | 1   |        | add_ln58_718      | add | dsp_slice | 0       |
|   add_ln58_719_fu_70893_p2                  |     |        | add_ln58_719      | add | fabric    | 0       |
|   sub_ln58_1200_fu_8257_p2                  |     |        | sub_ln58_1200     | sub | fabric    | 0       |
|   ama_addmuladd_12s_12s_13s_26s_26_1_1_U850 | 1   |        | add_ln58_720      | add | dsp_slice | 0       |
|   ama_addmuladd_12s_12s_13s_26s_26_1_1_U850 | 1   |        | mul_ln58_480      | mul | dsp_slice | 0       |
|   am_submul_12s_12s_13s_26_1_1_U597         | 1   |        | sub_ln58_1201     | sub | dsp_slice | 0       |
|   sub_ln58_1202_fu_5151_p2                  |     |        | sub_ln58_1202     | sub | fabric    | 0       |
|   am_submul_12s_12s_13s_26_1_1_U597         | 1   |        | mul_ln58_481      | mul | dsp_slice | 0       |
|   ama_addmuladd_12s_12s_13s_26s_26_1_1_U850 | 1   |        | add_ln58_721      | add | dsp_slice | 0       |
|   add_ln58_722_fu_71152_p2                  |     |        | add_ln58_722      | add | fabric    | 0       |
|   sub_ln58_1205_fu_8267_p2                  |     |        | sub_ln58_1205     | sub | fabric    | 0       |
|   ama_addmuladd_12s_12s_13s_26s_26_1_1_U851 | 1   |        | add_ln58_723      | add | dsp_slice | 0       |
|   ama_addmuladd_12s_12s_13s_26s_26_1_1_U851 | 1   |        | mul_ln58_482      | mul | dsp_slice | 0       |
|   am_submul_12s_12s_13s_26_1_1_U598         | 1   |        | sub_ln58_1206     | sub | dsp_slice | 0       |
|   sub_ln58_1207_fu_5161_p2                  |     |        | sub_ln58_1207     | sub | fabric    | 0       |
|   am_submul_12s_12s_13s_26_1_1_U598         | 1   |        | mul_ln58_483      | mul | dsp_slice | 0       |
|   ama_addmuladd_12s_12s_13s_26s_26_1_1_U851 | 1   |        | add_ln58_724      | add | dsp_slice | 0       |
|   add_ln58_725_fu_71411_p2                  |     |        | add_ln58_725      | add | fabric    | 0       |
|   sub_ln58_1210_fu_8277_p2                  |     |        | sub_ln58_1210     | sub | fabric    | 0       |
|   ama_addmuladd_12s_12s_13s_26s_26_1_1_U852 | 1   |        | add_ln58_726      | add | dsp_slice | 0       |
|   ama_addmuladd_12s_12s_13s_26s_26_1_1_U852 | 1   |        | mul_ln58_484      | mul | dsp_slice | 0       |
|   am_submul_12s_12s_13s_26_1_1_U599         | 1   |        | sub_ln58_1211     | sub | dsp_slice | 0       |
|   sub_ln58_1212_fu_5171_p2                  |     |        | sub_ln58_1212     | sub | fabric    | 0       |
|   am_submul_12s_12s_13s_26_1_1_U599         | 1   |        | mul_ln58_485      | mul | dsp_slice | 0       |
|   ama_addmuladd_12s_12s_13s_26s_26_1_1_U852 | 1   |        | add_ln58_727      | add | dsp_slice | 0       |
|   add_ln58_728_fu_71670_p2                  |     |        | add_ln58_728      | add | fabric    | 0       |
|   sub_ln58_1215_fu_8287_p2                  |     |        | sub_ln58_1215     | sub | fabric    | 0       |
|   ama_addmuladd_12s_12s_13s_26s_26_1_1_U853 | 1   |        | add_ln58_729      | add | dsp_slice | 0       |
|   ama_addmuladd_12s_12s_13s_26s_26_1_1_U853 | 1   |        | mul_ln58_486      | mul | dsp_slice | 0       |
|   am_submul_12s_12s_13s_26_1_1_U600         | 1   |        | sub_ln58_1216     | sub | dsp_slice | 0       |
|   sub_ln58_1217_fu_5181_p2                  |     |        | sub_ln58_1217     | sub | fabric    | 0       |
|   am_submul_12s_12s_13s_26_1_1_U600         | 1   |        | mul_ln58_487      | mul | dsp_slice | 0       |
|   ama_addmuladd_12s_12s_13s_26s_26_1_1_U853 | 1   |        | add_ln58_730      | add | dsp_slice | 0       |
|   add_ln58_731_fu_71933_p2                  |     |        | add_ln58_731      | add | fabric    | 0       |
|   sub_ln58_1220_fu_8297_p2                  |     |        | sub_ln58_1220     | sub | fabric    | 0       |
|   ama_addmuladd_12s_12s_13s_26s_26_1_1_U854 | 1   |        | add_ln58_732      | add | dsp_slice | 0       |
|   ama_addmuladd_12s_12s_13s_26s_26_1_1_U854 | 1   |        | mul_ln58_488      | mul | dsp_slice | 0       |
|   am_submul_12s_12s_13s_26_1_1_U601         | 1   |        | sub_ln58_1221     | sub | dsp_slice | 0       |
|   sub_ln58_1222_fu_5191_p2                  |     |        | sub_ln58_1222     | sub | fabric    | 0       |
|   am_submul_12s_12s_13s_26_1_1_U601         | 1   |        | mul_ln58_489      | mul | dsp_slice | 0       |
|   ama_addmuladd_12s_12s_13s_26s_26_1_1_U854 | 1   |        | add_ln58_733      | add | dsp_slice | 0       |
|   add_ln58_734_fu_72192_p2                  |     |        | add_ln58_734      | add | fabric    | 0       |
|   sub_ln58_1225_fu_8307_p2                  |     |        | sub_ln58_1225     | sub | fabric    | 0       |
|   ama_addmuladd_12s_12s_13s_26s_26_1_1_U855 | 1   |        | add_ln58_735      | add | dsp_slice | 0       |
|   ama_addmuladd_12s_12s_13s_26s_26_1_1_U855 | 1   |        | mul_ln58_490      | mul | dsp_slice | 0       |
|   am_submul_12s_12s_13s_26_1_1_U602         | 1   |        | sub_ln58_1226     | sub | dsp_slice | 0       |
|   sub_ln58_1227_fu_5201_p2                  |     |        | sub_ln58_1227     | sub | fabric    | 0       |
|   am_submul_12s_12s_13s_26_1_1_U602         | 1   |        | mul_ln58_491      | mul | dsp_slice | 0       |
|   ama_addmuladd_12s_12s_13s_26s_26_1_1_U855 | 1   |        | add_ln58_736      | add | dsp_slice | 0       |
|   add_ln58_737_fu_72451_p2                  |     |        | add_ln58_737      | add | fabric    | 0       |
|   sub_ln58_1230_fu_8317_p2                  |     |        | sub_ln58_1230     | sub | fabric    | 0       |
|   ama_addmuladd_12s_12s_13s_26s_26_1_1_U856 | 1   |        | add_ln58_738      | add | dsp_slice | 0       |
|   ama_addmuladd_12s_12s_13s_26s_26_1_1_U856 | 1   |        | mul_ln58_492      | mul | dsp_slice | 0       |
|   am_submul_12s_12s_13s_26_1_1_U603         | 1   |        | sub_ln58_1231     | sub | dsp_slice | 0       |
|   sub_ln58_1232_fu_5211_p2                  |     |        | sub_ln58_1232     | sub | fabric    | 0       |
|   am_submul_12s_12s_13s_26_1_1_U603         | 1   |        | mul_ln58_493      | mul | dsp_slice | 0       |
|   ama_addmuladd_12s_12s_13s_26s_26_1_1_U856 | 1   |        | add_ln58_739      | add | dsp_slice | 0       |
|   add_ln58_740_fu_72710_p2                  |     |        | add_ln58_740      | add | fabric    | 0       |
|   sub_ln58_1235_fu_8327_p2                  |     |        | sub_ln58_1235     | sub | fabric    | 0       |
|   ama_addmuladd_12s_12s_13s_26s_26_1_1_U857 | 1   |        | add_ln58_741      | add | dsp_slice | 0       |
|   ama_addmuladd_12s_12s_13s_26s_26_1_1_U857 | 1   |        | mul_ln58_494      | mul | dsp_slice | 0       |
|   am_submul_12s_12s_13s_26_1_1_U604         | 1   |        | sub_ln58_1236     | sub | dsp_slice | 0       |
|   sub_ln58_1237_fu_5221_p2                  |     |        | sub_ln58_1237     | sub | fabric    | 0       |
|   am_submul_12s_12s_13s_26_1_1_U604         | 1   |        | mul_ln58_495      | mul | dsp_slice | 0       |
|   ama_addmuladd_12s_12s_13s_26s_26_1_1_U857 | 1   |        | add_ln58_742      | add | dsp_slice | 0       |
|   add_ln58_743_fu_72973_p2                  |     |        | add_ln58_743      | add | fabric    | 0       |
|   sub_ln58_1240_fu_8337_p2                  |     |        | sub_ln58_1240     | sub | fabric    | 0       |
|   ama_addmuladd_12s_12s_13s_26s_26_1_1_U858 | 1   |        | add_ln58_744      | add | dsp_slice | 0       |
|   ama_addmuladd_12s_12s_13s_26s_26_1_1_U858 | 1   |        | mul_ln58_496      | mul | dsp_slice | 0       |
|   am_submul_12s_12s_13s_26_1_1_U605         | 1   |        | sub_ln58_1241     | sub | dsp_slice | 0       |
|   sub_ln58_1242_fu_5231_p2                  |     |        | sub_ln58_1242     | sub | fabric    | 0       |
|   am_submul_12s_12s_13s_26_1_1_U605         | 1   |        | mul_ln58_497      | mul | dsp_slice | 0       |
|   ama_addmuladd_12s_12s_13s_26s_26_1_1_U858 | 1   |        | add_ln58_745      | add | dsp_slice | 0       |
|   add_ln58_746_fu_73232_p2                  |     |        | add_ln58_746      | add | fabric    | 0       |
|   sub_ln58_1245_fu_8347_p2                  |     |        | sub_ln58_1245     | sub | fabric    | 0       |
|   ama_addmuladd_12s_12s_13s_26s_26_1_1_U859 | 1   |        | add_ln58_747      | add | dsp_slice | 0       |
|   ama_addmuladd_12s_12s_13s_26s_26_1_1_U859 | 1   |        | mul_ln58_498      | mul | dsp_slice | 0       |
|   am_submul_12s_12s_13s_26_1_1_U606         | 1   |        | sub_ln58_1246     | sub | dsp_slice | 0       |
|   sub_ln58_1247_fu_5241_p2                  |     |        | sub_ln58_1247     | sub | fabric    | 0       |
|   am_submul_12s_12s_13s_26_1_1_U606         | 1   |        | mul_ln58_499      | mul | dsp_slice | 0       |
|   ama_addmuladd_12s_12s_13s_26s_26_1_1_U859 | 1   |        | add_ln58_748      | add | dsp_slice | 0       |
|   add_ln58_749_fu_73491_p2                  |     |        | add_ln58_749      | add | fabric    | 0       |
|   sub_ln58_1250_fu_8357_p2                  |     |        | sub_ln58_1250     | sub | fabric    | 0       |
|   ama_addmuladd_12s_12s_13s_26s_26_1_1_U860 | 1   |        | add_ln58_750      | add | dsp_slice | 0       |
|   ama_addmuladd_12s_12s_13s_26s_26_1_1_U860 | 1   |        | mul_ln58_500      | mul | dsp_slice | 0       |
|   am_submul_12s_12s_13s_26_1_1_U607         | 1   |        | sub_ln58_1251     | sub | dsp_slice | 0       |
|   sub_ln58_1252_fu_5251_p2                  |     |        | sub_ln58_1252     | sub | fabric    | 0       |
|   am_submul_12s_12s_13s_26_1_1_U607         | 1   |        | mul_ln58_501      | mul | dsp_slice | 0       |
|   ama_addmuladd_12s_12s_13s_26s_26_1_1_U860 | 1   |        | add_ln58_751      | add | dsp_slice | 0       |
|   add_ln58_752_fu_73754_p2                  |     |        | add_ln58_752      | add | fabric    | 0       |
|   sub_ln58_1255_fu_8367_p2                  |     |        | sub_ln58_1255     | sub | fabric    | 0       |
|   ama_addmuladd_12s_12s_13s_26s_26_1_1_U861 | 1   |        | add_ln58_753      | add | dsp_slice | 0       |
|   ama_addmuladd_12s_12s_13s_26s_26_1_1_U861 | 1   |        | mul_ln58_502      | mul | dsp_slice | 0       |
|   am_submul_12s_12s_13s_26_1_1_U608         | 1   |        | sub_ln58_1256     | sub | dsp_slice | 0       |
|   sub_ln58_1257_fu_5261_p2                  |     |        | sub_ln58_1257     | sub | fabric    | 0       |
|   am_submul_12s_12s_13s_26_1_1_U608         | 1   |        | mul_ln58_503      | mul | dsp_slice | 0       |
|   ama_addmuladd_12s_12s_13s_26s_26_1_1_U861 | 1   |        | add_ln58_754      | add | dsp_slice | 0       |
|   add_ln58_755_fu_74013_p2                  |     |        | add_ln58_755      | add | fabric    | 0       |
|   sub_ln58_1260_fu_8377_p2                  |     |        | sub_ln58_1260     | sub | fabric    | 0       |
|   ama_addmuladd_12s_12s_13s_26s_26_1_1_U862 | 1   |        | add_ln58_756      | add | dsp_slice | 0       |
|   ama_addmuladd_12s_12s_13s_26s_26_1_1_U862 | 1   |        | mul_ln58_504      | mul | dsp_slice | 0       |
|   am_submul_12s_12s_13s_26_1_1_U609         | 1   |        | sub_ln58_1261     | sub | dsp_slice | 0       |
|   sub_ln58_1262_fu_5271_p2                  |     |        | sub_ln58_1262     | sub | fabric    | 0       |
|   am_submul_12s_12s_13s_26_1_1_U609         | 1   |        | mul_ln58_505      | mul | dsp_slice | 0       |
|   ama_addmuladd_12s_12s_13s_26s_26_1_1_U862 | 1   |        | add_ln58_757      | add | dsp_slice | 0       |
|   add_ln58_758_fu_74276_p2                  |     |        | add_ln58_758      | add | fabric    | 0       |
|   mul_5ns_5ns_9_1_1_U61                     |     |        | ncount2           | mul | auto      | 0       |
|   add_ln276_fu_75599_p2                     |     |        | add_ln276         | add | fabric    | 0       |
|   add_ln276_1_fu_75613_p2                   |     |        | add_ln276_1       | add | fabric    | 0       |
|   add_ln276_2_fu_75628_p2                   |     |        | add_ln276_2       | add | fabric    | 0       |
|   add_ln276_3_fu_75640_p2                   |     |        | add_ln276_3       | add | fabric    | 0       |
|   add_ln276_4_fu_75649_p2                   |     |        | add_ln276_4       | add | fabric    | 0       |
|   add_ln276_5_fu_75658_p2                   |     |        | add_ln276_5       | add | fabric    | 0       |
|   add_ln276_6_fu_75667_p2                   |     |        | add_ln276_6       | add | fabric    | 0       |
|   add_ln276_7_fu_75679_p2                   |     |        | add_ln276_7       | add | fabric    | 0       |
|   add_ln276_8_fu_75688_p2                   |     |        | add_ln276_8       | add | fabric    | 0       |
|   add_ln276_9_fu_75697_p2                   |     |        | add_ln276_9       | add | fabric    | 0       |
|   add_ln276_10_fu_75709_p2                  |     |        | add_ln276_10      | add | fabric    | 0       |
|   add_ln276_11_fu_75718_p2                  |     |        | add_ln276_11      | add | fabric    | 0       |
|   add_ln276_12_fu_75727_p2                  |     |        | add_ln276_12      | add | fabric    | 0       |
|   add_ln276_13_fu_75746_p2                  |     |        | add_ln276_13      | add | fabric    | 0       |
|   add_ln276_14_fu_75755_p2                  |     |        | add_ln276_14      | add | fabric    | 0       |
|   add_ln276_15_fu_75764_p2                  |     |        | add_ln276_15      | add | fabric    | 0       |
|   add_ln276_16_fu_75777_p2                  |     |        | add_ln276_16      | add | fabric    | 0       |
|   add_ln276_17_fu_75786_p2                  |     |        | add_ln276_17      | add | fabric    | 0       |
|   add_ln276_18_fu_75798_p2                  |     |        | add_ln276_18      | add | fabric    | 0       |
|   add_ln276_19_fu_75813_p2                  |     |        | add_ln276_19      | add | fabric    | 0       |
|   add_ln276_20_fu_75822_p2                  |     |        | add_ln276_20      | add | fabric    | 0       |
|   add_ln276_21_fu_75831_p2                  |     |        | add_ln276_21      | add | fabric    | 0       |
|   add_ln276_22_fu_77364_p2                  |     |        | add_ln276_22      | add | fabric    | 0       |
|   add_ln276_23_fu_77374_p2                  |     |        | add_ln276_23      | add | fabric    | 0       |
|   add_ln276_24_fu_77384_p2                  |     |        | add_ln276_24      | add | fabric    | 0       |
|   add_ln276_25_fu_77394_p2                  |     |        | add_ln276_25      | add | fabric    | 0       |
|   add_ln276_26_fu_77404_p2                  |     |        | add_ln276_26      | add | fabric    | 0       |
|   add_ln276_27_fu_77414_p2                  |     |        | add_ln276_27      | add | fabric    | 0       |
|   add_ln276_28_fu_77424_p2                  |     |        | add_ln276_28      | add | fabric    | 0       |
|   add_ln276_29_fu_77434_p2                  |     |        | add_ln276_29      | add | fabric    | 0       |
|   add_ln276_30_fu_77444_p2                  |     |        | add_ln276_30      | add | fabric    | 0       |
|   add_ln276_31_fu_77454_p2                  |     |        | add_ln276_31      | add | fabric    | 0       |
|   add_ln276_32_fu_77464_p2                  |     |        | add_ln276_32      | add | fabric    | 0       |
|   add_ln276_33_fu_77474_p2                  |     |        | add_ln276_33      | add | fabric    | 0       |
|   add_ln276_34_fu_77484_p2                  |     |        | add_ln276_34      | add | fabric    | 0       |
|   add_ln276_35_fu_77494_p2                  |     |        | add_ln276_35      | add | fabric    | 0       |
|   add_ln276_36_fu_77504_p2                  |     |        | add_ln276_36      | add | fabric    | 0       |
|   add_ln276_37_fu_77514_p2                  |     |        | add_ln276_37      | add | fabric    | 0       |
|   add_ln276_38_fu_77524_p2                  |     |        | add_ln276_38      | add | fabric    | 0       |
|   add_ln276_39_fu_77534_p2                  |     |        | add_ln276_39      | add | fabric    | 0       |
|   add_ln276_40_fu_77544_p2                  |     |        | add_ln276_40      | add | fabric    | 0       |
|   add_ln276_41_fu_77554_p2                  |     |        | add_ln276_41      | add | fabric    | 0       |
|   add_ln276_42_fu_77560_p2                  |     |        | add_ln276_42      | add | fabric    | 0       |
|   add_ln276_43_fu_77570_p2                  |     |        | add_ln276_43      | add | fabric    | 0       |
|   add_ln276_44_fu_77580_p2                  |     |        | add_ln276_44      | add | fabric    | 0       |
|   add_ln276_45_fu_77590_p2                  |     |        | add_ln276_45      | add | fabric    | 0       |
|   add_ln276_46_fu_77600_p2                  |     |        | add_ln276_46      | add | fabric    | 0       |
|   add_ln276_47_fu_77610_p2                  |     |        | add_ln276_47      | add | fabric    | 0       |
|   add_ln276_48_fu_77620_p2                  |     |        | add_ln276_48      | add | fabric    | 0       |
|   add_ln276_49_fu_77630_p2                  |     |        | add_ln276_49      | add | fabric    | 0       |
|   add_ln276_50_fu_77640_p2                  |     |        | add_ln276_50      | add | fabric    | 0       |
|   add_ln276_51_fu_77650_p2                  |     |        | add_ln276_51      | add | fabric    | 0       |
|   add_ln276_52_fu_77660_p2                  |     |        | add_ln276_52      | add | fabric    | 0       |
|   add_ln276_53_fu_77670_p2                  |     |        | add_ln276_53      | add | fabric    | 0       |
|   add_ln276_54_fu_77680_p2                  |     |        | add_ln276_54      | add | fabric    | 0       |
|   add_ln276_55_fu_77690_p2                  |     |        | add_ln276_55      | add | fabric    | 0       |
|   add_ln276_56_fu_77700_p2                  |     |        | add_ln276_56      | add | fabric    | 0       |
|   add_ln276_57_fu_77710_p2                  |     |        | add_ln276_57      | add | fabric    | 0       |
|   add_ln276_58_fu_77720_p2                  |     |        | add_ln276_58      | add | fabric    | 0       |
|   add_ln276_59_fu_77730_p2                  |     |        | add_ln276_59      | add | fabric    | 0       |
|   add_ln276_60_fu_77740_p2                  |     |        | add_ln276_60      | add | fabric    | 0       |
|   add_ln276_61_fu_77750_p2                  |     |        | add_ln276_61      | add | fabric    | 0       |
|   add_ln276_62_fu_77756_p2                  |     |        | add_ln276_62      | add | fabric    | 0       |
|   add_ln276_63_fu_77766_p2                  |     |        | add_ln276_63      | add | fabric    | 0       |
|   add_ln276_64_fu_77776_p2                  |     |        | add_ln276_64      | add | fabric    | 0       |
|   add_ln276_65_fu_77786_p2                  |     |        | add_ln276_65      | add | fabric    | 0       |
|   add_ln276_66_fu_77796_p2                  |     |        | add_ln276_66      | add | fabric    | 0       |
|   add_ln276_67_fu_77806_p2                  |     |        | add_ln276_67      | add | fabric    | 0       |
|   add_ln276_68_fu_77816_p2                  |     |        | add_ln276_68      | add | fabric    | 0       |
|   add_ln276_69_fu_77826_p2                  |     |        | add_ln276_69      | add | fabric    | 0       |
|   add_ln276_70_fu_77836_p2                  |     |        | add_ln276_70      | add | fabric    | 0       |
|   add_ln276_71_fu_77846_p2                  |     |        | add_ln276_71      | add | fabric    | 0       |
|   add_ln276_72_fu_77856_p2                  |     |        | add_ln276_72      | add | fabric    | 0       |
|   add_ln276_73_fu_77866_p2                  |     |        | add_ln276_73      | add | fabric    | 0       |
|   add_ln276_74_fu_77876_p2                  |     |        | add_ln276_74      | add | fabric    | 0       |
|   add_ln276_75_fu_77886_p2                  |     |        | add_ln276_75      | add | fabric    | 0       |
|   add_ln276_76_fu_77896_p2                  |     |        | add_ln276_76      | add | fabric    | 0       |
|   add_ln276_77_fu_77906_p2                  |     |        | add_ln276_77      | add | fabric    | 0       |
|   add_ln276_78_fu_77916_p2                  |     |        | add_ln276_78      | add | fabric    | 0       |
|   add_ln276_79_fu_77926_p2                  |     |        | add_ln276_79      | add | fabric    | 0       |
|   add_ln276_80_fu_77936_p2                  |     |        | add_ln276_80      | add | fabric    | 0       |
|   add_ln276_81_fu_77946_p2                  |     |        | add_ln276_81      | add | fabric    | 0       |
|   add_ln276_82_fu_77952_p2                  |     |        | add_ln276_82      | add | fabric    | 0       |
|   add_ln276_83_fu_77962_p2                  |     |        | add_ln276_83      | add | fabric    | 0       |
|   add_ln276_84_fu_77972_p2                  |     |        | add_ln276_84      | add | fabric    | 0       |
|   add_ln276_85_fu_77982_p2                  |     |        | add_ln276_85      | add | fabric    | 0       |
|   add_ln276_86_fu_77992_p2                  |     |        | add_ln276_86      | add | fabric    | 0       |
|   add_ln276_87_fu_78002_p2                  |     |        | add_ln276_87      | add | fabric    | 0       |
|   add_ln276_88_fu_78012_p2                  |     |        | add_ln276_88      | add | fabric    | 0       |
|   add_ln276_89_fu_78022_p2                  |     |        | add_ln276_89      | add | fabric    | 0       |
|   add_ln276_90_fu_78032_p2                  |     |        | add_ln276_90      | add | fabric    | 0       |
|   add_ln276_91_fu_78042_p2                  |     |        | add_ln276_91      | add | fabric    | 0       |
|   add_ln276_92_fu_78052_p2                  |     |        | add_ln276_92      | add | fabric    | 0       |
|   add_ln276_93_fu_78062_p2                  |     |        | add_ln276_93      | add | fabric    | 0       |
|   add_ln276_94_fu_78072_p2                  |     |        | add_ln276_94      | add | fabric    | 0       |
|   add_ln276_95_fu_78082_p2                  |     |        | add_ln276_95      | add | fabric    | 0       |
|   add_ln276_96_fu_78092_p2                  |     |        | add_ln276_96      | add | fabric    | 0       |
|   add_ln276_97_fu_78102_p2                  |     |        | add_ln276_97      | add | fabric    | 0       |
|   add_ln276_98_fu_78112_p2                  |     |        | add_ln276_98      | add | fabric    | 0       |
|   add_ln276_99_fu_78122_p2                  |     |        | add_ln276_99      | add | fabric    | 0       |
|   add_ln276_100_fu_78132_p2                 |     |        | add_ln276_100     | add | fabric    | 0       |
|   add_ln276_101_fu_78142_p2                 |     |        | add_ln276_101     | add | fabric    | 0       |
|   add_ln276_102_fu_78148_p2                 |     |        | add_ln276_102     | add | fabric    | 0       |
|   add_ln276_103_fu_78158_p2                 |     |        | add_ln276_103     | add | fabric    | 0       |
|   add_ln276_104_fu_78168_p2                 |     |        | add_ln276_104     | add | fabric    | 0       |
|   add_ln276_105_fu_78178_p2                 |     |        | add_ln276_105     | add | fabric    | 0       |
|   add_ln276_106_fu_78188_p2                 |     |        | add_ln276_106     | add | fabric    | 0       |
|   add_ln276_107_fu_78198_p2                 |     |        | add_ln276_107     | add | fabric    | 0       |
|   add_ln276_108_fu_78208_p2                 |     |        | add_ln276_108     | add | fabric    | 0       |
|   add_ln276_109_fu_78218_p2                 |     |        | add_ln276_109     | add | fabric    | 0       |
|   add_ln276_110_fu_78228_p2                 |     |        | add_ln276_110     | add | fabric    | 0       |
|   add_ln276_111_fu_78238_p2                 |     |        | add_ln276_111     | add | fabric    | 0       |
|   add_ln276_112_fu_78248_p2                 |     |        | add_ln276_112     | add | fabric    | 0       |
|   add_ln276_113_fu_78258_p2                 |     |        | add_ln276_113     | add | fabric    | 0       |
|   add_ln276_114_fu_78268_p2                 |     |        | add_ln276_114     | add | fabric    | 0       |
|   add_ln276_115_fu_78278_p2                 |     |        | add_ln276_115     | add | fabric    | 0       |
|   add_ln276_116_fu_78288_p2                 |     |        | add_ln276_116     | add | fabric    | 0       |
|   add_ln276_117_fu_78298_p2                 |     |        | add_ln276_117     | add | fabric    | 0       |
|   add_ln276_118_fu_78308_p2                 |     |        | add_ln276_118     | add | fabric    | 0       |
|   add_ln276_119_fu_78318_p2                 |     |        | add_ln276_119     | add | fabric    | 0       |
|   add_ln276_120_fu_78328_p2                 |     |        | add_ln276_120     | add | fabric    | 0       |
|   add_ln276_121_fu_78338_p2                 |     |        | add_ln276_121     | add | fabric    | 0       |
|   add_ln276_122_fu_78344_p2                 |     |        | add_ln276_122     | add | fabric    | 0       |
|   add_ln276_123_fu_78354_p2                 |     |        | add_ln276_123     | add | fabric    | 0       |
|   add_ln276_124_fu_78364_p2                 |     |        | add_ln276_124     | add | fabric    | 0       |
|   add_ln276_125_fu_78374_p2                 |     |        | add_ln276_125     | add | fabric    | 0       |
|   add_ln276_126_fu_78384_p2                 |     |        | add_ln276_126     | add | fabric    | 0       |
|   add_ln276_127_fu_78394_p2                 |     |        | add_ln276_127     | add | fabric    | 0       |
|   add_ln276_128_fu_78404_p2                 |     |        | add_ln276_128     | add | fabric    | 0       |
|   add_ln276_129_fu_78414_p2                 |     |        | add_ln276_129     | add | fabric    | 0       |
|   add_ln276_130_fu_78424_p2                 |     |        | add_ln276_130     | add | fabric    | 0       |
|   add_ln276_131_fu_78434_p2                 |     |        | add_ln276_131     | add | fabric    | 0       |
|   add_ln276_132_fu_78444_p2                 |     |        | add_ln276_132     | add | fabric    | 0       |
|   add_ln276_133_fu_78454_p2                 |     |        | add_ln276_133     | add | fabric    | 0       |
|   add_ln276_134_fu_78464_p2                 |     |        | add_ln276_134     | add | fabric    | 0       |
|   add_ln276_135_fu_78474_p2                 |     |        | add_ln276_135     | add | fabric    | 0       |
|   add_ln276_136_fu_78484_p2                 |     |        | add_ln276_136     | add | fabric    | 0       |
|   add_ln276_137_fu_78494_p2                 |     |        | add_ln276_137     | add | fabric    | 0       |
|   add_ln276_138_fu_78504_p2                 |     |        | add_ln276_138     | add | fabric    | 0       |
|   add_ln276_139_fu_78514_p2                 |     |        | add_ln276_139     | add | fabric    | 0       |
|   add_ln276_140_fu_78524_p2                 |     |        | add_ln276_140     | add | fabric    | 0       |
|   add_ln276_141_fu_78534_p2                 |     |        | add_ln276_141     | add | fabric    | 0       |
|   add_ln276_142_fu_78540_p2                 |     |        | add_ln276_142     | add | fabric    | 0       |
|   add_ln276_143_fu_78550_p2                 |     |        | add_ln276_143     | add | fabric    | 0       |
|   add_ln276_144_fu_78560_p2                 |     |        | add_ln276_144     | add | fabric    | 0       |
|   add_ln276_145_fu_78570_p2                 |     |        | add_ln276_145     | add | fabric    | 0       |
|   add_ln276_146_fu_78580_p2                 |     |        | add_ln276_146     | add | fabric    | 0       |
|   add_ln276_147_fu_78590_p2                 |     |        | add_ln276_147     | add | fabric    | 0       |
|   add_ln276_148_fu_78600_p2                 |     |        | add_ln276_148     | add | fabric    | 0       |
|   add_ln276_149_fu_78610_p2                 |     |        | add_ln276_149     | add | fabric    | 0       |
|   add_ln276_150_fu_78620_p2                 |     |        | add_ln276_150     | add | fabric    | 0       |
|   add_ln276_151_fu_78630_p2                 |     |        | add_ln276_151     | add | fabric    | 0       |
|   add_ln276_152_fu_78640_p2                 |     |        | add_ln276_152     | add | fabric    | 0       |
|   add_ln276_153_fu_78650_p2                 |     |        | add_ln276_153     | add | fabric    | 0       |
|   add_ln276_154_fu_78660_p2                 |     |        | add_ln276_154     | add | fabric    | 0       |
|   add_ln276_155_fu_78670_p2                 |     |        | add_ln276_155     | add | fabric    | 0       |
|   add_ln276_156_fu_78680_p2                 |     |        | add_ln276_156     | add | fabric    | 0       |
|   add_ln276_157_fu_78690_p2                 |     |        | add_ln276_157     | add | fabric    | 0       |
|   add_ln276_158_fu_78700_p2                 |     |        | add_ln276_158     | add | fabric    | 0       |
|   add_ln276_159_fu_78710_p2                 |     |        | add_ln276_159     | add | fabric    | 0       |
|   add_ln276_160_fu_78720_p2                 |     |        | add_ln276_160     | add | fabric    | 0       |
|   add_ln276_161_fu_78730_p2                 |     |        | add_ln276_161     | add | fabric    | 0       |
|   add_ln276_162_fu_78736_p2                 |     |        | add_ln276_162     | add | fabric    | 0       |
|   add_ln276_163_fu_78746_p2                 |     |        | add_ln276_163     | add | fabric    | 0       |
|   add_ln276_164_fu_78756_p2                 |     |        | add_ln276_164     | add | fabric    | 0       |
|   add_ln276_165_fu_78766_p2                 |     |        | add_ln276_165     | add | fabric    | 0       |
|   add_ln276_166_fu_78776_p2                 |     |        | add_ln276_166     | add | fabric    | 0       |
|   add_ln276_167_fu_78786_p2                 |     |        | add_ln276_167     | add | fabric    | 0       |
|   add_ln276_168_fu_78796_p2                 |     |        | add_ln276_168     | add | fabric    | 0       |
|   add_ln276_169_fu_78806_p2                 |     |        | add_ln276_169     | add | fabric    | 0       |
|   add_ln276_170_fu_78816_p2                 |     |        | add_ln276_170     | add | fabric    | 0       |
|   add_ln276_171_fu_78826_p2                 |     |        | add_ln276_171     | add | fabric    | 0       |
|   add_ln276_172_fu_78836_p2                 |     |        | add_ln276_172     | add | fabric    | 0       |
|   add_ln276_173_fu_78846_p2                 |     |        | add_ln276_173     | add | fabric    | 0       |
|   add_ln276_174_fu_78856_p2                 |     |        | add_ln276_174     | add | fabric    | 0       |
|   add_ln276_175_fu_78866_p2                 |     |        | add_ln276_175     | add | fabric    | 0       |
|   add_ln276_176_fu_78876_p2                 |     |        | add_ln276_176     | add | fabric    | 0       |
|   add_ln276_177_fu_78886_p2                 |     |        | add_ln276_177     | add | fabric    | 0       |
|   add_ln276_178_fu_78896_p2                 |     |        | add_ln276_178     | add | fabric    | 0       |
|   add_ln276_179_fu_78906_p2                 |     |        | add_ln276_179     | add | fabric    | 0       |
|   add_ln276_180_fu_78916_p2                 |     |        | add_ln276_180     | add | fabric    | 0       |
|   add_ln276_181_fu_78926_p2                 |     |        | add_ln276_181     | add | fabric    | 0       |
|   add_ln276_182_fu_78932_p2                 |     |        | add_ln276_182     | add | fabric    | 0       |
|   add_ln276_183_fu_78942_p2                 |     |        | add_ln276_183     | add | fabric    | 0       |
|   add_ln276_184_fu_78952_p2                 |     |        | add_ln276_184     | add | fabric    | 0       |
|   add_ln276_185_fu_78962_p2                 |     |        | add_ln276_185     | add | fabric    | 0       |
|   add_ln276_186_fu_78972_p2                 |     |        | add_ln276_186     | add | fabric    | 0       |
|   add_ln276_187_fu_78982_p2                 |     |        | add_ln276_187     | add | fabric    | 0       |
|   add_ln276_188_fu_78992_p2                 |     |        | add_ln276_188     | add | fabric    | 0       |
|   add_ln276_189_fu_79002_p2                 |     |        | add_ln276_189     | add | fabric    | 0       |
|   add_ln276_190_fu_79012_p2                 |     |        | add_ln276_190     | add | fabric    | 0       |
|   add_ln276_191_fu_79022_p2                 |     |        | add_ln276_191     | add | fabric    | 0       |
|   add_ln276_192_fu_79032_p2                 |     |        | add_ln276_192     | add | fabric    | 0       |
|   add_ln276_193_fu_79042_p2                 |     |        | add_ln276_193     | add | fabric    | 0       |
|   add_ln276_194_fu_79052_p2                 |     |        | add_ln276_194     | add | fabric    | 0       |
|   add_ln276_195_fu_79062_p2                 |     |        | add_ln276_195     | add | fabric    | 0       |
|   add_ln276_196_fu_79072_p2                 |     |        | add_ln276_196     | add | fabric    | 0       |
|   add_ln276_197_fu_79082_p2                 |     |        | add_ln276_197     | add | fabric    | 0       |
|   add_ln276_198_fu_79092_p2                 |     |        | add_ln276_198     | add | fabric    | 0       |
|   add_ln276_199_fu_79102_p2                 |     |        | add_ln276_199     | add | fabric    | 0       |
|   add_ln276_200_fu_79112_p2                 |     |        | add_ln276_200     | add | fabric    | 0       |
|   add_ln276_201_fu_79122_p2                 |     |        | add_ln276_201     | add | fabric    | 0       |
|   add_ln276_202_fu_79128_p2                 |     |        | add_ln276_202     | add | fabric    | 0       |
|   add_ln276_203_fu_79138_p2                 |     |        | add_ln276_203     | add | fabric    | 0       |
|   add_ln276_204_fu_79148_p2                 |     |        | add_ln276_204     | add | fabric    | 0       |
|   add_ln276_205_fu_79158_p2                 |     |        | add_ln276_205     | add | fabric    | 0       |
|   add_ln276_206_fu_79168_p2                 |     |        | add_ln276_206     | add | fabric    | 0       |
|   add_ln276_207_fu_79178_p2                 |     |        | add_ln276_207     | add | fabric    | 0       |
|   add_ln276_208_fu_79188_p2                 |     |        | add_ln276_208     | add | fabric    | 0       |
|   add_ln276_209_fu_79198_p2                 |     |        | add_ln276_209     | add | fabric    | 0       |
|   add_ln276_210_fu_79208_p2                 |     |        | add_ln276_210     | add | fabric    | 0       |
|   add_ln276_211_fu_79218_p2                 |     |        | add_ln276_211     | add | fabric    | 0       |
|   add_ln276_212_fu_79228_p2                 |     |        | add_ln276_212     | add | fabric    | 0       |
|   add_ln276_213_fu_79238_p2                 |     |        | add_ln276_213     | add | fabric    | 0       |
|   add_ln276_214_fu_79248_p2                 |     |        | add_ln276_214     | add | fabric    | 0       |
|   add_ln276_215_fu_79258_p2                 |     |        | add_ln276_215     | add | fabric    | 0       |
|   add_ln276_216_fu_79268_p2                 |     |        | add_ln276_216     | add | fabric    | 0       |
|   add_ln276_217_fu_79278_p2                 |     |        | add_ln276_217     | add | fabric    | 0       |
|   add_ln276_218_fu_79288_p2                 |     |        | add_ln276_218     | add | fabric    | 0       |
|   add_ln276_219_fu_79298_p2                 |     |        | add_ln276_219     | add | fabric    | 0       |
|   add_ln276_220_fu_79308_p2                 |     |        | add_ln276_220     | add | fabric    | 0       |
|   add_ln276_221_fu_79318_p2                 |     |        | add_ln276_221     | add | fabric    | 0       |
|   add_ln276_222_fu_79324_p2                 |     |        | add_ln276_222     | add | fabric    | 0       |
|   add_ln276_223_fu_79334_p2                 |     |        | add_ln276_223     | add | fabric    | 0       |
|   add_ln276_224_fu_79344_p2                 |     |        | add_ln276_224     | add | fabric    | 0       |
|   add_ln276_225_fu_79354_p2                 |     |        | add_ln276_225     | add | fabric    | 0       |
|   add_ln276_226_fu_79364_p2                 |     |        | add_ln276_226     | add | fabric    | 0       |
|   add_ln276_227_fu_79374_p2                 |     |        | add_ln276_227     | add | fabric    | 0       |
|   add_ln276_228_fu_79384_p2                 |     |        | add_ln276_228     | add | fabric    | 0       |
|   add_ln276_229_fu_79394_p2                 |     |        | add_ln276_229     | add | fabric    | 0       |
|   add_ln276_230_fu_79404_p2                 |     |        | add_ln276_230     | add | fabric    | 0       |
|   add_ln276_231_fu_79414_p2                 |     |        | add_ln276_231     | add | fabric    | 0       |
|   add_ln276_232_fu_79424_p2                 |     |        | add_ln276_232     | add | fabric    | 0       |
|   add_ln276_233_fu_79434_p2                 |     |        | add_ln276_233     | add | fabric    | 0       |
|   add_ln276_234_fu_79444_p2                 |     |        | add_ln276_234     | add | fabric    | 0       |
|   add_ln276_235_fu_79454_p2                 |     |        | add_ln276_235     | add | fabric    | 0       |
|   add_ln276_236_fu_79464_p2                 |     |        | add_ln276_236     | add | fabric    | 0       |
|   add_ln276_237_fu_79474_p2                 |     |        | add_ln276_237     | add | fabric    | 0       |
|   add_ln276_238_fu_79484_p2                 |     |        | add_ln276_238     | add | fabric    | 0       |
|   add_ln276_239_fu_79494_p2                 |     |        | add_ln276_239     | add | fabric    | 0       |
|   add_ln276_240_fu_79504_p2                 |     |        | add_ln276_240     | add | fabric    | 0       |
|   add_ln276_241_fu_79514_p2                 |     |        | add_ln276_241     | add | fabric    | 0       |
|   add_ln276_242_fu_79520_p2                 |     |        | add_ln276_242     | add | fabric    | 0       |
|   add_ln276_243_fu_79530_p2                 |     |        | add_ln276_243     | add | fabric    | 0       |
|   add_ln276_244_fu_79540_p2                 |     |        | add_ln276_244     | add | fabric    | 0       |
|   add_ln276_245_fu_79550_p2                 |     |        | add_ln276_245     | add | fabric    | 0       |
|   add_ln276_246_fu_79560_p2                 |     |        | add_ln276_246     | add | fabric    | 0       |
|   add_ln276_247_fu_79570_p2                 |     |        | add_ln276_247     | add | fabric    | 0       |
|   add_ln276_248_fu_79580_p2                 |     |        | add_ln276_248     | add | fabric    | 0       |
|   add_ln276_249_fu_79590_p2                 |     |        | add_ln276_249     | add | fabric    | 0       |
|   add_ln276_250_fu_79600_p2                 |     |        | add_ln276_250     | add | fabric    | 0       |
|   add_ln276_251_fu_79610_p2                 |     |        | add_ln276_251     | add | fabric    | 0       |
|   add_ln276_252_fu_79620_p2                 |     |        | add_ln276_252     | add | fabric    | 0       |
|   add_ln276_253_fu_79630_p2                 |     |        | add_ln276_253     | add | fabric    | 0       |
|   add_ln276_254_fu_79640_p2                 |     |        | add_ln276_254     | add | fabric    | 0       |
|   add_ln276_255_fu_79650_p2                 |     |        | add_ln276_255     | add | fabric    | 0       |
|   add_ln276_256_fu_79660_p2                 |     |        | add_ln276_256     | add | fabric    | 0       |
|   add_ln276_257_fu_79670_p2                 |     |        | add_ln276_257     | add | fabric    | 0       |
|   add_ln276_258_fu_79680_p2                 |     |        | add_ln276_258     | add | fabric    | 0       |
|   add_ln276_259_fu_79690_p2                 |     |        | add_ln276_259     | add | fabric    | 0       |
|   add_ln276_260_fu_79700_p2                 |     |        | add_ln276_260     | add | fabric    | 0       |
|   add_ln276_261_fu_79710_p2                 |     |        | add_ln276_261     | add | fabric    | 0       |
|   add_ln276_262_fu_79716_p2                 |     |        | add_ln276_262     | add | fabric    | 0       |
|   add_ln276_263_fu_79726_p2                 |     |        | add_ln276_263     | add | fabric    | 0       |
|   add_ln276_264_fu_79736_p2                 |     |        | add_ln276_264     | add | fabric    | 0       |
|   add_ln276_265_fu_79746_p2                 |     |        | add_ln276_265     | add | fabric    | 0       |
|   add_ln276_266_fu_79756_p2                 |     |        | add_ln276_266     | add | fabric    | 0       |
|   add_ln276_267_fu_79766_p2                 |     |        | add_ln276_267     | add | fabric    | 0       |
|   add_ln276_268_fu_79776_p2                 |     |        | add_ln276_268     | add | fabric    | 0       |
|   add_ln276_269_fu_79786_p2                 |     |        | add_ln276_269     | add | fabric    | 0       |
|   add_ln276_270_fu_79796_p2                 |     |        | add_ln276_270     | add | fabric    | 0       |
|   add_ln276_271_fu_79806_p2                 |     |        | add_ln276_271     | add | fabric    | 0       |
|   add_ln276_272_fu_79816_p2                 |     |        | add_ln276_272     | add | fabric    | 0       |
|   add_ln276_273_fu_79826_p2                 |     |        | add_ln276_273     | add | fabric    | 0       |
|   add_ln276_274_fu_79836_p2                 |     |        | add_ln276_274     | add | fabric    | 0       |
|   add_ln276_275_fu_79846_p2                 |     |        | add_ln276_275     | add | fabric    | 0       |
|   add_ln276_276_fu_79856_p2                 |     |        | add_ln276_276     | add | fabric    | 0       |
|   add_ln276_277_fu_79866_p2                 |     |        | add_ln276_277     | add | fabric    | 0       |
|   add_ln276_278_fu_79876_p2                 |     |        | add_ln276_278     | add | fabric    | 0       |
|   add_ln276_279_fu_79886_p2                 |     |        | add_ln276_279     | add | fabric    | 0       |
|   add_ln276_280_fu_79896_p2                 |     |        | add_ln276_280     | add | fabric    | 0       |
|   add_ln276_281_fu_79906_p2                 |     |        | add_ln276_281     | add | fabric    | 0       |
|   add_ln276_282_fu_79912_p2                 |     |        | add_ln276_282     | add | fabric    | 0       |
|   add_ln276_283_fu_79922_p2                 |     |        | add_ln276_283     | add | fabric    | 0       |
|   add_ln276_284_fu_79932_p2                 |     |        | add_ln276_284     | add | fabric    | 0       |
|   add_ln276_285_fu_79942_p2                 |     |        | add_ln276_285     | add | fabric    | 0       |
|   add_ln276_286_fu_79952_p2                 |     |        | add_ln276_286     | add | fabric    | 0       |
|   add_ln276_287_fu_79962_p2                 |     |        | add_ln276_287     | add | fabric    | 0       |
|   add_ln276_288_fu_79972_p2                 |     |        | add_ln276_288     | add | fabric    | 0       |
|   add_ln276_289_fu_79982_p2                 |     |        | add_ln276_289     | add | fabric    | 0       |
|   add_ln276_290_fu_79992_p2                 |     |        | add_ln276_290     | add | fabric    | 0       |
|   add_ln276_291_fu_80002_p2                 |     |        | add_ln276_291     | add | fabric    | 0       |
|   add_ln276_292_fu_80012_p2                 |     |        | add_ln276_292     | add | fabric    | 0       |
|   add_ln276_293_fu_80022_p2                 |     |        | add_ln276_293     | add | fabric    | 0       |
|   add_ln276_294_fu_80032_p2                 |     |        | add_ln276_294     | add | fabric    | 0       |
|   add_ln276_295_fu_80042_p2                 |     |        | add_ln276_295     | add | fabric    | 0       |
|   add_ln276_296_fu_80052_p2                 |     |        | add_ln276_296     | add | fabric    | 0       |
|   add_ln276_297_fu_80062_p2                 |     |        | add_ln276_297     | add | fabric    | 0       |
|   add_ln276_298_fu_80072_p2                 |     |        | add_ln276_298     | add | fabric    | 0       |
|   add_ln276_299_fu_80082_p2                 |     |        | add_ln276_299     | add | fabric    | 0       |
|   add_ln276_300_fu_80092_p2                 |     |        | add_ln276_300     | add | fabric    | 0       |
|   add_ln276_301_fu_80102_p2                 |     |        | add_ln276_301     | add | fabric    | 0       |
|   add_ln276_302_fu_80108_p2                 |     |        | add_ln276_302     | add | fabric    | 0       |
|   add_ln276_303_fu_80118_p2                 |     |        | add_ln276_303     | add | fabric    | 0       |
|   add_ln276_304_fu_80128_p2                 |     |        | add_ln276_304     | add | fabric    | 0       |
|   add_ln276_305_fu_80138_p2                 |     |        | add_ln276_305     | add | fabric    | 0       |
|   add_ln276_306_fu_80148_p2                 |     |        | add_ln276_306     | add | fabric    | 0       |
|   add_ln276_307_fu_80158_p2                 |     |        | add_ln276_307     | add | fabric    | 0       |
|   add_ln276_308_fu_80168_p2                 |     |        | add_ln276_308     | add | fabric    | 0       |
|   add_ln276_309_fu_80178_p2                 |     |        | add_ln276_309     | add | fabric    | 0       |
|   add_ln276_310_fu_80188_p2                 |     |        | add_ln276_310     | add | fabric    | 0       |
|   add_ln276_311_fu_80198_p2                 |     |        | add_ln276_311     | add | fabric    | 0       |
|   add_ln276_312_fu_80208_p2                 |     |        | add_ln276_312     | add | fabric    | 0       |
|   add_ln276_313_fu_80218_p2                 |     |        | add_ln276_313     | add | fabric    | 0       |
|   add_ln276_314_fu_80228_p2                 |     |        | add_ln276_314     | add | fabric    | 0       |
|   add_ln276_315_fu_80238_p2                 |     |        | add_ln276_315     | add | fabric    | 0       |
|   add_ln276_316_fu_80248_p2                 |     |        | add_ln276_316     | add | fabric    | 0       |
|   add_ln276_317_fu_80258_p2                 |     |        | add_ln276_317     | add | fabric    | 0       |
|   add_ln276_318_fu_80268_p2                 |     |        | add_ln276_318     | add | fabric    | 0       |
|   add_ln276_319_fu_80278_p2                 |     |        | add_ln276_319     | add | fabric    | 0       |
|   add_ln276_320_fu_80288_p2                 |     |        | add_ln276_320     | add | fabric    | 0       |
|   add_ln276_321_fu_80298_p2                 |     |        | add_ln276_321     | add | fabric    | 0       |
|   add_ln276_322_fu_80304_p2                 |     |        | add_ln276_322     | add | fabric    | 0       |
|   add_ln276_323_fu_80314_p2                 |     |        | add_ln276_323     | add | fabric    | 0       |
|   add_ln276_324_fu_80324_p2                 |     |        | add_ln276_324     | add | fabric    | 0       |
|   add_ln276_325_fu_80334_p2                 |     |        | add_ln276_325     | add | fabric    | 0       |
|   add_ln276_326_fu_80344_p2                 |     |        | add_ln276_326     | add | fabric    | 0       |
|   add_ln276_327_fu_80354_p2                 |     |        | add_ln276_327     | add | fabric    | 0       |
|   add_ln276_328_fu_80364_p2                 |     |        | add_ln276_328     | add | fabric    | 0       |
|   add_ln276_329_fu_80374_p2                 |     |        | add_ln276_329     | add | fabric    | 0       |
|   add_ln276_330_fu_80384_p2                 |     |        | add_ln276_330     | add | fabric    | 0       |
|   add_ln276_331_fu_80394_p2                 |     |        | add_ln276_331     | add | fabric    | 0       |
|   add_ln276_332_fu_80404_p2                 |     |        | add_ln276_332     | add | fabric    | 0       |
|   add_ln276_333_fu_80414_p2                 |     |        | add_ln276_333     | add | fabric    | 0       |
|   add_ln276_334_fu_80424_p2                 |     |        | add_ln276_334     | add | fabric    | 0       |
|   add_ln276_335_fu_80434_p2                 |     |        | add_ln276_335     | add | fabric    | 0       |
|   add_ln276_336_fu_80444_p2                 |     |        | add_ln276_336     | add | fabric    | 0       |
|   add_ln276_337_fu_80454_p2                 |     |        | add_ln276_337     | add | fabric    | 0       |
|   add_ln276_338_fu_80464_p2                 |     |        | add_ln276_338     | add | fabric    | 0       |
|   add_ln276_339_fu_80474_p2                 |     |        | add_ln276_339     | add | fabric    | 0       |
|   add_ln276_340_fu_80484_p2                 |     |        | add_ln276_340     | add | fabric    | 0       |
|   add_ln276_341_fu_80494_p2                 |     |        | add_ln276_341     | add | fabric    | 0       |
|   add_ln276_342_fu_80500_p2                 |     |        | add_ln276_342     | add | fabric    | 0       |
|   add_ln276_343_fu_80510_p2                 |     |        | add_ln276_343     | add | fabric    | 0       |
|   add_ln276_344_fu_80520_p2                 |     |        | add_ln276_344     | add | fabric    | 0       |
|   add_ln276_345_fu_80530_p2                 |     |        | add_ln276_345     | add | fabric    | 0       |
|   add_ln276_346_fu_80540_p2                 |     |        | add_ln276_346     | add | fabric    | 0       |
|   add_ln276_347_fu_80550_p2                 |     |        | add_ln276_347     | add | fabric    | 0       |
|   add_ln276_348_fu_80560_p2                 |     |        | add_ln276_348     | add | fabric    | 0       |
|   add_ln276_349_fu_80570_p2                 |     |        | add_ln276_349     | add | fabric    | 0       |
|   add_ln276_350_fu_80580_p2                 |     |        | add_ln276_350     | add | fabric    | 0       |
|   add_ln276_351_fu_80590_p2                 |     |        | add_ln276_351     | add | fabric    | 0       |
|   add_ln276_352_fu_80600_p2                 |     |        | add_ln276_352     | add | fabric    | 0       |
|   add_ln276_353_fu_80610_p2                 |     |        | add_ln276_353     | add | fabric    | 0       |
|   add_ln276_354_fu_80620_p2                 |     |        | add_ln276_354     | add | fabric    | 0       |
|   add_ln276_355_fu_80630_p2                 |     |        | add_ln276_355     | add | fabric    | 0       |
|   add_ln276_356_fu_80640_p2                 |     |        | add_ln276_356     | add | fabric    | 0       |
|   add_ln276_357_fu_80650_p2                 |     |        | add_ln276_357     | add | fabric    | 0       |
|   add_ln276_358_fu_80660_p2                 |     |        | add_ln276_358     | add | fabric    | 0       |
|   add_ln276_359_fu_80670_p2                 |     |        | add_ln276_359     | add | fabric    | 0       |
|   add_ln276_360_fu_80680_p2                 |     |        | add_ln276_360     | add | fabric    | 0       |
|   add_ln276_361_fu_80690_p2                 |     |        | add_ln276_361     | add | fabric    | 0       |
|   add_ln276_362_fu_80696_p2                 |     |        | add_ln276_362     | add | fabric    | 0       |
|   add_ln276_363_fu_80706_p2                 |     |        | add_ln276_363     | add | fabric    | 0       |
|   add_ln276_364_fu_80716_p2                 |     |        | add_ln276_364     | add | fabric    | 0       |
|   add_ln276_365_fu_80726_p2                 |     |        | add_ln276_365     | add | fabric    | 0       |
|   add_ln276_366_fu_80736_p2                 |     |        | add_ln276_366     | add | fabric    | 0       |
|   add_ln276_367_fu_80746_p2                 |     |        | add_ln276_367     | add | fabric    | 0       |
|   add_ln276_368_fu_80756_p2                 |     |        | add_ln276_368     | add | fabric    | 0       |
|   add_ln276_369_fu_80766_p2                 |     |        | add_ln276_369     | add | fabric    | 0       |
|   add_ln276_370_fu_80776_p2                 |     |        | add_ln276_370     | add | fabric    | 0       |
|   add_ln276_371_fu_80786_p2                 |     |        | add_ln276_371     | add | fabric    | 0       |
|   add_ln276_372_fu_80796_p2                 |     |        | add_ln276_372     | add | fabric    | 0       |
|   add_ln276_373_fu_80806_p2                 |     |        | add_ln276_373     | add | fabric    | 0       |
|   add_ln276_374_fu_80816_p2                 |     |        | add_ln276_374     | add | fabric    | 0       |
|   add_ln276_375_fu_80826_p2                 |     |        | add_ln276_375     | add | fabric    | 0       |
|   add_ln276_376_fu_80836_p2                 |     |        | add_ln276_376     | add | fabric    | 0       |
|   add_ln276_377_fu_80846_p2                 |     |        | add_ln276_377     | add | fabric    | 0       |
|   add_ln276_378_fu_80856_p2                 |     |        | add_ln276_378     | add | fabric    | 0       |
|   add_ln276_379_fu_80866_p2                 |     |        | add_ln276_379     | add | fabric    | 0       |
|   add_ln276_380_fu_80876_p2                 |     |        | add_ln276_380     | add | fabric    | 0       |
|   add_ln276_381_fu_80886_p2                 |     |        | add_ln276_381     | add | fabric    | 0       |
|   add_ln276_382_fu_80892_p2                 |     |        | add_ln276_382     | add | fabric    | 0       |
|   add_ln276_383_fu_80902_p2                 |     |        | add_ln276_383     | add | fabric    | 0       |
|   add_ln276_384_fu_80912_p2                 |     |        | add_ln276_384     | add | fabric    | 0       |
|   add_ln276_385_fu_80922_p2                 |     |        | add_ln276_385     | add | fabric    | 0       |
|   add_ln276_386_fu_80932_p2                 |     |        | add_ln276_386     | add | fabric    | 0       |
|   add_ln276_387_fu_80942_p2                 |     |        | add_ln276_387     | add | fabric    | 0       |
|   add_ln276_388_fu_80952_p2                 |     |        | add_ln276_388     | add | fabric    | 0       |
|   add_ln276_389_fu_80962_p2                 |     |        | add_ln276_389     | add | fabric    | 0       |
|   add_ln276_390_fu_80972_p2                 |     |        | add_ln276_390     | add | fabric    | 0       |
|   add_ln276_391_fu_80982_p2                 |     |        | add_ln276_391     | add | fabric    | 0       |
|   add_ln276_392_fu_80992_p2                 |     |        | add_ln276_392     | add | fabric    | 0       |
|   add_ln276_393_fu_81002_p2                 |     |        | add_ln276_393     | add | fabric    | 0       |
|   add_ln276_394_fu_81012_p2                 |     |        | add_ln276_394     | add | fabric    | 0       |
|   add_ln276_395_fu_81022_p2                 |     |        | add_ln276_395     | add | fabric    | 0       |
|   add_ln276_396_fu_81032_p2                 |     |        | add_ln276_396     | add | fabric    | 0       |
|   add_ln276_397_fu_81042_p2                 |     |        | add_ln276_397     | add | fabric    | 0       |
|   add_ln276_398_fu_81052_p2                 |     |        | add_ln276_398     | add | fabric    | 0       |
|   add_ln276_399_fu_81062_p2                 |     |        | add_ln276_399     | add | fabric    | 0       |
|   add_ln276_400_fu_81072_p2                 |     |        | add_ln276_400     | add | fabric    | 0       |
|   add_ln276_401_fu_81082_p2                 |     |        | add_ln276_401     | add | fabric    | 0       |
|   add_ln276_402_fu_81088_p2                 |     |        | add_ln276_402     | add | fabric    | 0       |
|   add_ln276_403_fu_81098_p2                 |     |        | add_ln276_403     | add | fabric    | 0       |
|   add_ln276_404_fu_81108_p2                 |     |        | add_ln276_404     | add | fabric    | 0       |
|   add_ln276_405_fu_81118_p2                 |     |        | add_ln276_405     | add | fabric    | 0       |
|   add_ln276_406_fu_81128_p2                 |     |        | add_ln276_406     | add | fabric    | 0       |
|   add_ln276_407_fu_81138_p2                 |     |        | add_ln276_407     | add | fabric    | 0       |
|   add_ln276_408_fu_81148_p2                 |     |        | add_ln276_408     | add | fabric    | 0       |
|   add_ln276_409_fu_81158_p2                 |     |        | add_ln276_409     | add | fabric    | 0       |
|   add_ln276_410_fu_81168_p2                 |     |        | add_ln276_410     | add | fabric    | 0       |
|   add_ln276_411_fu_81178_p2                 |     |        | add_ln276_411     | add | fabric    | 0       |
|   add_ln276_412_fu_81188_p2                 |     |        | add_ln276_412     | add | fabric    | 0       |
|   add_ln276_413_fu_81198_p2                 |     |        | add_ln276_413     | add | fabric    | 0       |
|   add_ln276_414_fu_81208_p2                 |     |        | add_ln276_414     | add | fabric    | 0       |
|   add_ln276_415_fu_81218_p2                 |     |        | add_ln276_415     | add | fabric    | 0       |
|   add_ln276_416_fu_81228_p2                 |     |        | add_ln276_416     | add | fabric    | 0       |
|   add_ln276_417_fu_81238_p2                 |     |        | add_ln276_417     | add | fabric    | 0       |
|   add_ln276_418_fu_81248_p2                 |     |        | add_ln276_418     | add | fabric    | 0       |
|   add_ln276_419_fu_81258_p2                 |     |        | add_ln276_419     | add | fabric    | 0       |
|   add_ln276_420_fu_81268_p2                 |     |        | add_ln276_420     | add | fabric    | 0       |
|   add_ln276_421_fu_81278_p2                 |     |        | add_ln276_421     | add | fabric    | 0       |
|   add_ln276_422_fu_81284_p2                 |     |        | add_ln276_422     | add | fabric    | 0       |
|   add_ln276_423_fu_81294_p2                 |     |        | add_ln276_423     | add | fabric    | 0       |
|   add_ln276_424_fu_81304_p2                 |     |        | add_ln276_424     | add | fabric    | 0       |
|   add_ln276_425_fu_81314_p2                 |     |        | add_ln276_425     | add | fabric    | 0       |
|   add_ln276_426_fu_81324_p2                 |     |        | add_ln276_426     | add | fabric    | 0       |
|   add_ln276_427_fu_81334_p2                 |     |        | add_ln276_427     | add | fabric    | 0       |
|   add_ln276_428_fu_81344_p2                 |     |        | add_ln276_428     | add | fabric    | 0       |
|   add_ln276_429_fu_81354_p2                 |     |        | add_ln276_429     | add | fabric    | 0       |
|   add_ln276_430_fu_81364_p2                 |     |        | add_ln276_430     | add | fabric    | 0       |
|   add_ln276_431_fu_81374_p2                 |     |        | add_ln276_431     | add | fabric    | 0       |
|   add_ln276_432_fu_81384_p2                 |     |        | add_ln276_432     | add | fabric    | 0       |
|   add_ln276_433_fu_81394_p2                 |     |        | add_ln276_433     | add | fabric    | 0       |
|   add_ln276_434_fu_81404_p2                 |     |        | add_ln276_434     | add | fabric    | 0       |
|   add_ln276_435_fu_81414_p2                 |     |        | add_ln276_435     | add | fabric    | 0       |
|   add_ln276_436_fu_81424_p2                 |     |        | add_ln276_436     | add | fabric    | 0       |
|   add_ln276_437_fu_81434_p2                 |     |        | add_ln276_437     | add | fabric    | 0       |
|   add_ln276_438_fu_81444_p2                 |     |        | add_ln276_438     | add | fabric    | 0       |
|   add_ln276_439_fu_81454_p2                 |     |        | add_ln276_439     | add | fabric    | 0       |
|   add_ln276_440_fu_81464_p2                 |     |        | add_ln276_440     | add | fabric    | 0       |
|   add_ln276_441_fu_81474_p2                 |     |        | add_ln276_441     | add | fabric    | 0       |
|   add_ln276_442_fu_81488_p2                 |     |        | add_ln276_442     | add | fabric    | 0       |
|   add_ln276_443_fu_81498_p2                 |     |        | add_ln276_443     | add | fabric    | 0       |
|   add_ln276_444_fu_81508_p2                 |     |        | add_ln276_444     | add | fabric    | 0       |
|   add_ln276_445_fu_81518_p2                 |     |        | add_ln276_445     | add | fabric    | 0       |
|   add_ln276_446_fu_81528_p2                 |     |        | add_ln276_446     | add | fabric    | 0       |
|   add_ln276_447_fu_81538_p2                 |     |        | add_ln276_447     | add | fabric    | 0       |
|   add_ln276_448_fu_81548_p2                 |     |        | add_ln276_448     | add | fabric    | 0       |
|   add_ln276_449_fu_81558_p2                 |     |        | add_ln276_449     | add | fabric    | 0       |
|   add_ln276_450_fu_81568_p2                 |     |        | add_ln276_450     | add | fabric    | 0       |
|   add_ln276_451_fu_81578_p2                 |     |        | add_ln276_451     | add | fabric    | 0       |
|   add_ln276_452_fu_81588_p2                 |     |        | add_ln276_452     | add | fabric    | 0       |
|   add_ln276_453_fu_81598_p2                 |     |        | add_ln276_453     | add | fabric    | 0       |
|   add_ln276_454_fu_81608_p2                 |     |        | add_ln276_454     | add | fabric    | 0       |
|   add_ln276_455_fu_81618_p2                 |     |        | add_ln276_455     | add | fabric    | 0       |
|   add_ln276_456_fu_81628_p2                 |     |        | add_ln276_456     | add | fabric    | 0       |
|   add_ln276_457_fu_81638_p2                 |     |        | add_ln276_457     | add | fabric    | 0       |
|   add_ln276_458_fu_81648_p2                 |     |        | add_ln276_458     | add | fabric    | 0       |
|   add_ln276_459_fu_81658_p2                 |     |        | add_ln276_459     | add | fabric    | 0       |
|   add_ln276_460_fu_81668_p2                 |     |        | add_ln276_460     | add | fabric    | 0       |
|   add_ln276_461_fu_81678_p2                 |     |        | add_ln276_461     | add | fabric    | 0       |
|   add_ln281_1_fu_81748_p2                   |     |        | add_ln281_1       | add | fabric    | 0       |
|   add_ln281_2_fu_81754_p2                   |     |        | add_ln281_2       | add | fabric    | 0       |
|   add_ln281_5_fu_81760_p2                   |     |        | add_ln281_5       | add | fabric    | 0       |
|   add_ln281_6_fu_83471_p2                   |     |        | add_ln281_6       | add | fabric    | 0       |
|   add_ln281_7_fu_81766_p2                   |     |        | add_ln281_7       | add | fabric    | 0       |
|   add_ln281_8_fu_83484_p2                   |     |        | add_ln281_8       | add | fabric    | 0       |
|   add_ln281_11_fu_81772_p2                  |     |        | add_ln281_11      | add | fabric    | 0       |
|   add_ln281_12_fu_81778_p2                  |     |        | add_ln281_12      | add | fabric    | 0       |
|   add_ln281_15_fu_81784_p2                  |     |        | add_ln281_15      | add | fabric    | 0       |
|   add_ln281_16_fu_83535_p2                  |     |        | add_ln281_16      | add | fabric    | 0       |
|   add_ln281_17_fu_81790_p2                  |     |        | add_ln281_17      | add | fabric    | 0       |
|   add_ln281_18_fu_83548_p2                  |     |        | add_ln281_18      | add | fabric    | 0       |
|   am_addmul_14s_14s_11ns_26_1_1_U863        | 1   |        | add_ln281         | add | dsp_slice | 0       |
|   am_addmul_14s_14s_11ns_26_1_1_U863        | 1   |        | mul_ln285         | mul | dsp_slice | 0       |
|   mac_muladd_9ns_16s_29s_29_1_1_U864        | 1   |        | mul_ln285_1       | mul | dsp_slice | 0       |
|   mac_muladd_9ns_16s_29s_29_1_1_U864        | 1   |        | add_ln285         | add | dsp_slice | 0       |
|   jmass_1_fu_83850_p2                       |     |        | jmass_1           | add | fabric    | 0       |
|   mul_5ns_21s_26_1_1_U62                    | 1   |        | mul_i_i2170       | mul | auto      | 0       |
|   mul_11s_18ns_27_1_1_U63                   | 1   |        | mul_ln290         | mul | auto      | 0       |
|   add_ln290_fu_83972_p2                     |     |        | add_ln290         | add | fabric    | 0       |
|   add_ln290_1_fu_84110_p2                   |     |        | add_ln290_1       | add | fabric    | 0       |
|   mul_11s_18ns_27_1_1_U64                   | 1   |        | mul_ln290_1       | mul | auto      | 0       |
|   add_ln290_2_fu_84293_p2                   |     |        | add_ln290_2       | add | fabric    | 0       |
|   add_ln290_3_fu_84431_p2                   |     |        | add_ln290_3       | add | fabric    | 0       |
|   mul_11s_18ns_27_1_1_U65                   | 1   |        | mul_ln290_2       | mul | auto      | 0       |
|   add_ln290_4_fu_84614_p2                   |     |        | add_ln290_4       | add | fabric    | 0       |
|   add_ln290_5_fu_84752_p2                   |     |        | add_ln290_5       | add | fabric    | 0       |
|   mul_11s_18ns_27_1_1_U66                   | 1   |        | mul_ln290_3       | mul | auto      | 0       |
|   add_ln290_6_fu_84935_p2                   |     |        | add_ln290_6       | add | fabric    | 0       |
|   add_ln290_7_fu_85073_p2                   |     |        | add_ln290_7       | add | fabric    | 0       |
|   mul_11s_18ns_27_1_1_U67                   | 1   |        | mul_ln290_4       | mul | auto      | 0       |
|   add_ln290_8_fu_85256_p2                   |     |        | add_ln290_8       | add | fabric    | 0       |
|   add_ln290_9_fu_85394_p2                   |     |        | add_ln290_9       | add | fabric    | 0       |
|   mul_11s_18ns_27_1_1_U68                   | 1   |        | mul_ln290_5       | mul | auto      | 0       |
|   add_ln290_10_fu_85577_p2                  |     |        | add_ln290_10      | add | fabric    | 0       |
|   add_ln290_11_fu_85715_p2                  |     |        | add_ln290_11      | add | fabric    | 0       |
|   mul_11s_18ns_27_1_1_U69                   | 1   |        | mul_ln290_6       | mul | auto      | 0       |
|   add_ln290_12_fu_85898_p2                  |     |        | add_ln290_12      | add | fabric    | 0       |
|   add_ln290_13_fu_86036_p2                  |     |        | add_ln290_13      | add | fabric    | 0       |
|   mul_11s_18ns_27_1_1_U70                   | 1   |        | mul_ln290_7       | mul | auto      | 0       |
|   add_ln290_14_fu_86219_p2                  |     |        | add_ln290_14      | add | fabric    | 0       |
|   add_ln290_15_fu_86357_p2                  |     |        | add_ln290_15      | add | fabric    | 0       |
|   mul_11s_18ns_27_1_1_U71                   | 1   |        | mul_ln290_8       | mul | auto      | 0       |
|   add_ln290_16_fu_86540_p2                  |     |        | add_ln290_16      | add | fabric    | 0       |
|   add_ln290_17_fu_86678_p2                  |     |        | add_ln290_17      | add | fabric    | 0       |
|   mul_11s_18ns_27_1_1_U72                   | 1   |        | mul_ln290_9       | mul | auto      | 0       |
|   add_ln290_18_fu_86861_p2                  |     |        | add_ln290_18      | add | fabric    | 0       |
|   add_ln290_19_fu_86999_p2                  |     |        | add_ln290_19      | add | fabric    | 0       |
|   mul_11s_18ns_27_1_1_U73                   | 1   |        | mul_ln290_10      | mul | auto      | 0       |
|   add_ln290_20_fu_87182_p2                  |     |        | add_ln290_20      | add | fabric    | 0       |
|   add_ln290_21_fu_87320_p2                  |     |        | add_ln290_21      | add | fabric    | 0       |
|   mul_11s_18ns_27_1_1_U74                   | 1   |        | mul_ln290_11      | mul | auto      | 0       |
|   add_ln290_22_fu_87503_p2                  |     |        | add_ln290_22      | add | fabric    | 0       |
|   add_ln290_23_fu_87641_p2                  |     |        | add_ln290_23      | add | fabric    | 0       |
|   mul_11s_18ns_27_1_1_U75                   | 1   |        | mul_ln290_12      | mul | auto      | 0       |
|   add_ln290_24_fu_87824_p2                  |     |        | add_ln290_24      | add | fabric    | 0       |
|   add_ln290_25_fu_87962_p2                  |     |        | add_ln290_25      | add | fabric    | 0       |
|   mul_11s_18ns_27_1_1_U76                   | 1   |        | mul_ln290_13      | mul | auto      | 0       |
|   add_ln290_26_fu_88145_p2                  |     |        | add_ln290_26      | add | fabric    | 0       |
|   add_ln290_27_fu_88283_p2                  |     |        | add_ln290_27      | add | fabric    | 0       |
|   mul_11s_18ns_27_1_1_U77                   | 1   |        | mul_ln290_14      | mul | auto      | 0       |
|   add_ln290_28_fu_88466_p2                  |     |        | add_ln290_28      | add | fabric    | 0       |
|   add_ln290_29_fu_88604_p2                  |     |        | add_ln290_29      | add | fabric    | 0       |
|   mul_11s_18ns_27_1_1_U78                   | 1   |        | mul_ln290_15      | mul | auto      | 0       |
|   add_ln290_30_fu_88787_p2                  |     |        | add_ln290_30      | add | fabric    | 0       |
|   add_ln290_31_fu_88925_p2                  |     |        | add_ln290_31      | add | fabric    | 0       |
|   mul_11s_18ns_27_1_1_U79                   | 1   |        | mul_ln290_16      | mul | auto      | 0       |
|   add_ln290_32_fu_89108_p2                  |     |        | add_ln290_32      | add | fabric    | 0       |
|   add_ln290_33_fu_89246_p2                  |     |        | add_ln290_33      | add | fabric    | 0       |
|   mul_11s_18ns_27_1_1_U80                   | 1   |        | mul_ln290_17      | mul | auto      | 0       |
|   add_ln290_34_fu_89429_p2                  |     |        | add_ln290_34      | add | fabric    | 0       |
|   add_ln290_35_fu_89567_p2                  |     |        | add_ln290_35      | add | fabric    | 0       |
|   mul_11s_18ns_27_1_1_U81                   | 1   |        | mul_ln290_18      | mul | auto      | 0       |
|   add_ln290_36_fu_89750_p2                  |     |        | add_ln290_36      | add | fabric    | 0       |
|   add_ln290_37_fu_89888_p2                  |     |        | add_ln290_37      | add | fabric    | 0       |
|   mul_11s_18ns_27_1_1_U82                   | 1   |        | mul_ln290_19      | mul | auto      | 0       |
|   add_ln290_38_fu_90071_p2                  |     |        | add_ln290_38      | add | fabric    | 0       |
|   add_ln290_39_fu_90209_p2                  |     |        | add_ln290_39      | add | fabric    | 0       |
|   mul_11s_18ns_27_1_1_U83                   | 1   |        | mul_ln290_20      | mul | auto      | 0       |
|   add_ln290_40_fu_90392_p2                  |     |        | add_ln290_40      | add | fabric    | 0       |
|   add_ln290_41_fu_90530_p2                  |     |        | add_ln290_41      | add | fabric    | 0       |
|   mul_11s_18ns_27_1_1_U84                   | 1   |        | mul_ln290_21      | mul | auto      | 0       |
|   add_ln290_42_fu_90713_p2                  |     |        | add_ln290_42      | add | fabric    | 0       |
|   add_ln290_43_fu_90851_p2                  |     |        | add_ln290_43      | add | fabric    | 0       |
|   sub_ln381_fu_157886_p2                    |     |        | sub_ln381         | sub | fabric    | 0       |
|   sub_ln381_3_fu_157951_p2                  |     |        | sub_ln381_3       | sub | fabric    | 0       |
|   sub_ln381_4_fu_157957_p2                  |     |        | sub_ln381_4       | sub | fabric    | 0       |
|   sub_ln381_5_fu_158027_p2                  |     |        | sub_ln381_5       | sub | fabric    | 0       |
|   add_ln381_fu_161515_p2                    |     |        | add_ln381         | add | fabric    | 0       |
|   Tp_fu_161528_p2                           |     |        | Tp                | add | fabric    | 0       |
|   sub_ln381_6_fu_158068_p2                  |     |        | sub_ln381_6       | sub | fabric    | 0       |
|   mul_6s_6s_11_1_1_U332                     |     |        | mul_ln381         | mul | auto      | 0       |
|   sub_ln381_7_fu_158084_p2                  |     |        | sub_ln381_7       | sub | fabric    | 0       |
|   addconv_fu_158102_p2                      |     |        | addconv           | add | fabric    | 0       |
|   mul_ln381_125673_fu_158120_p2             |     |        | mul_ln381_125673  | sub | fabric    | 0       |
|   add_ln381_4_fu_161563_p2                  |     |        | add_ln381_4       | add | fabric    | 0       |
|   add_ln381_5_fu_158138_p2                  |     |        | add_ln381_5       | add | fabric    | 0       |
|   add_ln381_8_fu_161633_p2                  |     |        | add_ln381_8       | add | fabric    | 0       |
|   sub_ln381_10_fu_158173_p2                 |     |        | sub_ln381_10      | sub | fabric    | 0       |
|   add_ln381_9_fu_161665_p2                  |     |        | add_ln381_9       | add | fabric    | 0       |
|   add_ln381_12_fu_161705_p2                 |     |        | add_ln381_12      | add | fabric    | 0       |
|   mul_6s_6s_11_1_1_U333                     |     |        | mul_ln381_1       | mul | auto      | 0       |
|   sub_ln381_638_fu_161742_p2                |     |        | sub_ln381_638     | sub | fabric    | 0       |
|   add_ln381_13_fu_161752_p2                 |     |        | add_ln381_13      | add | fabric    | 0       |
|   add_ln381_14_fu_161762_p2                 |     |        | add_ln381_14      | add | fabric    | 0       |
|   add_ln381_15_fu_161772_p2                 |     |        | add_ln381_15      | add | fabric    | 0       |
|   Tp_3_fu_161778_p2                         |     |        | Tp_3              | add | fabric    | 0       |
|   add_ln381_16_fu_161825_p2                 |     |        | add_ln381_16      | add | fabric    | 0       |
|   sub_ln381_13_fu_158214_p2                 |     |        | sub_ln381_13      | sub | fabric    | 0       |
|   add_ln381_18_fu_161857_p2                 |     |        | add_ln381_18      | add | fabric    | 0       |
|   add_ln381_20_fu_161897_p2                 |     |        | add_ln381_20      | add | fabric    | 0       |
|   mul_6s_6s_11_1_1_U334                     |     |        | mul_ln381_2       | mul | auto      | 0       |
|   sub_ln381_639_fu_161934_p2                |     |        | sub_ln381_639     | sub | fabric    | 0       |
|   add_ln381_22_fu_161944_p2                 |     |        | add_ln381_22      | add | fabric    | 0       |
|   add_ln381_23_fu_161958_p2                 |     |        | add_ln381_23      | add | fabric    | 0       |
|   Tp_5_fu_161972_p2                         |     |        | Tp_5              | add | fabric    | 0       |
|   add_ln381_24_fu_162019_p2                 |     |        | add_ln381_24      | add | fabric    | 0       |
|   sub_ln381_16_fu_158255_p2                 |     |        | sub_ln381_16      | sub | fabric    | 0       |
|   add_ln381_27_fu_162051_p2                 |     |        | add_ln381_27      | add | fabric    | 0       |
|   add_ln381_28_fu_162091_p2                 |     |        | add_ln381_28      | add | fabric    | 0       |
|   mul_6s_6s_11_1_1_U335                     |     |        | mul_ln381_3       | mul | auto      | 0       |
|   sub_ln381_640_fu_162128_p2                |     |        | sub_ln381_640     | sub | fabric    | 0       |
|   add_ln381_31_fu_162138_p2                 |     |        | add_ln381_31      | add | fabric    | 0       |
|   add_ln381_33_fu_162152_p2                 |     |        | add_ln381_33      | add | fabric    | 0       |
|   Tp_7_fu_162166_p2                         |     |        | Tp_7              | add | fabric    | 0       |
|   add_ln381_32_fu_162213_p2                 |     |        | add_ln381_32      | add | fabric    | 0       |
|   sub_ln381_19_fu_158296_p2                 |     |        | sub_ln381_19      | sub | fabric    | 0       |
|   add_ln381_37_fu_162245_p2                 |     |        | add_ln381_37      | add | fabric    | 0       |
|   add_ln381_36_fu_162285_p2                 |     |        | add_ln381_36      | add | fabric    | 0       |
|   mul_6s_6s_11_1_1_U336                     |     |        | mul_ln381_4       | mul | auto      | 0       |
|   sub_ln381_641_fu_162322_p2                |     |        | sub_ln381_641     | sub | fabric    | 0       |
|   add_ln381_41_fu_162332_p2                 |     |        | add_ln381_41      | add | fabric    | 0       |
|   add_ln381_42_fu_162346_p2                 |     |        | add_ln381_42      | add | fabric    | 0       |
|   Tp_9_fu_162360_p2                         |     |        | Tp_9              | add | fabric    | 0       |
|   add_ln381_40_fu_162407_p2                 |     |        | add_ln381_40      | add | fabric    | 0       |
|   sub_ln381_22_fu_158337_p2                 |     |        | sub_ln381_22      | sub | fabric    | 0       |
|   add_ln381_46_fu_162439_p2                 |     |        | add_ln381_46      | add | fabric    | 0       |
|   add_ln381_44_fu_162479_p2                 |     |        | add_ln381_44      | add | fabric    | 0       |
|   mul_6s_6s_11_1_1_U337                     |     |        | mul_ln381_5       | mul | auto      | 0       |
|   sub_ln381_642_fu_162516_p2                |     |        | sub_ln381_642     | sub | fabric    | 0       |
|   add_ln381_50_fu_162526_p2                 |     |        | add_ln381_50      | add | fabric    | 0       |
|   add_ln381_51_fu_162540_p2                 |     |        | add_ln381_51      | add | fabric    | 0       |
|   Tp_11_fu_162554_p2                        |     |        | Tp_11             | add | fabric    | 0       |
|   add_ln381_48_fu_162601_p2                 |     |        | add_ln381_48      | add | fabric    | 0       |
|   sub_ln381_25_fu_158378_p2                 |     |        | sub_ln381_25      | sub | fabric    | 0       |
|   add_ln381_55_fu_162633_p2                 |     |        | add_ln381_55      | add | fabric    | 0       |
|   add_ln381_52_fu_162673_p2                 |     |        | add_ln381_52      | add | fabric    | 0       |
|   mul_6s_6s_11_1_1_U338                     |     |        | mul_ln381_6       | mul | auto      | 0       |
|   sub_ln381_643_fu_162710_p2                |     |        | sub_ln381_643     | sub | fabric    | 0       |
|   add_ln381_59_fu_162720_p2                 |     |        | add_ln381_59      | add | fabric    | 0       |
|   add_ln381_61_fu_162734_p2                 |     |        | add_ln381_61      | add | fabric    | 0       |
|   Tp_13_fu_162748_p2                        |     |        | Tp_13             | add | fabric    | 0       |
|   add_ln381_56_fu_162795_p2                 |     |        | add_ln381_56      | add | fabric    | 0       |
|   sub_ln381_28_fu_158419_p2                 |     |        | sub_ln381_28      | sub | fabric    | 0       |
|   add_ln381_65_fu_162827_p2                 |     |        | add_ln381_65      | add | fabric    | 0       |
|   add_ln381_60_fu_162867_p2                 |     |        | add_ln381_60      | add | fabric    | 0       |
|   mul_6s_6s_11_1_1_U339                     |     |        | mul_ln381_7       | mul | auto      | 0       |
|   sub_ln381_644_fu_162904_p2                |     |        | sub_ln381_644     | sub | fabric    | 0       |
|   add_ln381_69_fu_162914_p2                 |     |        | add_ln381_69      | add | fabric    | 0       |
|   add_ln381_70_fu_162928_p2                 |     |        | add_ln381_70      | add | fabric    | 0       |
|   Tp_15_fu_162942_p2                        |     |        | Tp_15             | add | fabric    | 0       |
|   add_ln381_64_fu_162989_p2                 |     |        | add_ln381_64      | add | fabric    | 0       |
|   sub_ln381_31_fu_158460_p2                 |     |        | sub_ln381_31      | sub | fabric    | 0       |
|   add_ln381_74_fu_163021_p2                 |     |        | add_ln381_74      | add | fabric    | 0       |
|   add_ln381_68_fu_163061_p2                 |     |        | add_ln381_68      | add | fabric    | 0       |
|   mul_6s_6s_11_1_1_U340                     |     |        | mul_ln381_8       | mul | auto      | 0       |
|   sub_ln381_645_fu_163098_p2                |     |        | sub_ln381_645     | sub | fabric    | 0       |
|   add_ln381_78_fu_163108_p2                 |     |        | add_ln381_78      | add | fabric    | 0       |
|   add_ln381_79_fu_163122_p2                 |     |        | add_ln381_79      | add | fabric    | 0       |
|   Tp_17_fu_163136_p2                        |     |        | Tp_17             | add | fabric    | 0       |
|   add_ln381_72_fu_163183_p2                 |     |        | add_ln381_72      | add | fabric    | 0       |
|   sub_ln381_34_fu_158501_p2                 |     |        | sub_ln381_34      | sub | fabric    | 0       |
|   add_ln381_83_fu_163215_p2                 |     |        | add_ln381_83      | add | fabric    | 0       |
|   add_ln381_76_fu_163255_p2                 |     |        | add_ln381_76      | add | fabric    | 0       |
|   mul_6s_6s_11_1_1_U341                     |     |        | mul_ln381_9       | mul | auto      | 0       |
|   sub_ln381_646_fu_163292_p2                |     |        | sub_ln381_646     | sub | fabric    | 0       |
|   add_ln381_87_fu_163302_p2                 |     |        | add_ln381_87      | add | fabric    | 0       |
|   add_ln381_89_fu_163316_p2                 |     |        | add_ln381_89      | add | fabric    | 0       |
|   Tp_19_fu_163330_p2                        |     |        | Tp_19             | add | fabric    | 0       |
|   add_ln381_80_fu_163377_p2                 |     |        | add_ln381_80      | add | fabric    | 0       |
|   sub_ln381_37_fu_158542_p2                 |     |        | sub_ln381_37      | sub | fabric    | 0       |
|   add_ln381_93_fu_163409_p2                 |     |        | add_ln381_93      | add | fabric    | 0       |
|   add_ln381_84_fu_163449_p2                 |     |        | add_ln381_84      | add | fabric    | 0       |
|   mul_6s_6s_11_1_1_U342                     |     |        | mul_ln381_10      | mul | auto      | 0       |
|   sub_ln381_647_fu_163486_p2                |     |        | sub_ln381_647     | sub | fabric    | 0       |
|   add_ln381_97_fu_163496_p2                 |     |        | add_ln381_97      | add | fabric    | 0       |
|   add_ln381_98_fu_163510_p2                 |     |        | add_ln381_98      | add | fabric    | 0       |
|   Tp_21_fu_163524_p2                        |     |        | Tp_21             | add | fabric    | 0       |
|   add_ln381_88_fu_163571_p2                 |     |        | add_ln381_88      | add | fabric    | 0       |
|   sub_ln381_40_fu_158583_p2                 |     |        | sub_ln381_40      | sub | fabric    | 0       |
|   add_ln381_102_fu_163603_p2                |     |        | add_ln381_102     | add | fabric    | 0       |
|   add_ln381_92_fu_163643_p2                 |     |        | add_ln381_92      | add | fabric    | 0       |
|   mul_6s_6s_11_1_1_U343                     |     |        | mul_ln381_11      | mul | auto      | 0       |
|   sub_ln381_648_fu_163680_p2                |     |        | sub_ln381_648     | sub | fabric    | 0       |
|   add_ln381_106_fu_163690_p2                |     |        | add_ln381_106     | add | fabric    | 0       |
|   add_ln381_107_fu_163704_p2                |     |        | add_ln381_107     | add | fabric    | 0       |
|   Tp_23_fu_163718_p2                        |     |        | Tp_23             | add | fabric    | 0       |
|   add_ln381_96_fu_163765_p2                 |     |        | add_ln381_96      | add | fabric    | 0       |
|   sub_ln381_43_fu_158624_p2                 |     |        | sub_ln381_43      | sub | fabric    | 0       |
|   add_ln381_111_fu_163797_p2                |     |        | add_ln381_111     | add | fabric    | 0       |
|   add_ln381_100_fu_163837_p2                |     |        | add_ln381_100     | add | fabric    | 0       |
|   mul_6s_6s_11_1_1_U344                     |     |        | mul_ln381_12      | mul | auto      | 0       |
|   sub_ln381_649_fu_163874_p2                |     |        | sub_ln381_649     | sub | fabric    | 0       |
|   add_ln381_115_fu_163884_p2                |     |        | add_ln381_115     | add | fabric    | 0       |
|   add_ln381_117_fu_163898_p2                |     |        | add_ln381_117     | add | fabric    | 0       |
|   Tp_25_fu_163912_p2                        |     |        | Tp_25             | add | fabric    | 0       |
|   add_ln381_104_fu_163959_p2                |     |        | add_ln381_104     | add | fabric    | 0       |
|   sub_ln381_46_fu_158665_p2                 |     |        | sub_ln381_46      | sub | fabric    | 0       |
|   add_ln381_121_fu_163991_p2                |     |        | add_ln381_121     | add | fabric    | 0       |
|   add_ln381_108_fu_164031_p2                |     |        | add_ln381_108     | add | fabric    | 0       |
|   mul_6s_6s_11_1_1_U345                     |     |        | mul_ln381_13      | mul | auto      | 0       |
|   sub_ln381_650_fu_164068_p2                |     |        | sub_ln381_650     | sub | fabric    | 0       |
|   add_ln381_125_fu_164078_p2                |     |        | add_ln381_125     | add | fabric    | 0       |
|   add_ln381_126_fu_164092_p2                |     |        | add_ln381_126     | add | fabric    | 0       |
|   Tp_27_fu_164106_p2                        |     |        | Tp_27             | add | fabric    | 0       |
|   add_ln381_112_fu_164153_p2                |     |        | add_ln381_112     | add | fabric    | 0       |
|   sub_ln381_49_fu_158706_p2                 |     |        | sub_ln381_49      | sub | fabric    | 0       |
|   add_ln381_130_fu_164185_p2                |     |        | add_ln381_130     | add | fabric    | 0       |
|   add_ln381_116_fu_164225_p2                |     |        | add_ln381_116     | add | fabric    | 0       |
|   mul_6s_6s_11_1_1_U346                     |     |        | mul_ln381_14      | mul | auto      | 0       |
|   sub_ln381_651_fu_164262_p2                |     |        | sub_ln381_651     | sub | fabric    | 0       |
|   add_ln381_134_fu_164272_p2                |     |        | add_ln381_134     | add | fabric    | 0       |
|   add_ln381_135_fu_164286_p2                |     |        | add_ln381_135     | add | fabric    | 0       |
|   Tp_29_fu_164300_p2                        |     |        | Tp_29             | add | fabric    | 0       |
|   add_ln381_120_fu_164317_p2                |     |        | add_ln381_120     | add | fabric    | 0       |
|   sub_ln381_52_fu_158780_p2                 |     |        | sub_ln381_52      | sub | fabric    | 0       |
|   add_ln381_139_fu_164344_p2                |     |        | add_ln381_139     | add | fabric    | 0       |
|   add_ln381_141_fu_164354_p2                |     |        | add_ln381_141     | add | fabric    | 0       |
|   Tp_30_fu_164364_p2                        |     |        | Tp_30             | add | fabric    | 0       |
|   add_ln381_124_fu_164388_p2                |     |        | add_ln381_124     | add | fabric    | 0       |
|   mul_6s_6s_11_1_1_U347                     |     |        | mul_ln381_15      | mul | auto      | 0       |
|   sub_ln381_652_fu_164429_p2                |     |        | sub_ln381_652     | sub | fabric    | 0       |
|   add_ln381_143_fu_164439_p2                |     |        | add_ln381_143     | add | fabric    | 0       |
|   add_ln381_128_fu_164502_p2                |     |        | add_ln381_128     | add | fabric    | 0       |
|   sub_ln381_55_fu_158821_p2                 |     |        | sub_ln381_55      | sub | fabric    | 0       |
|   add_ln381_147_fu_164534_p2                |     |        | add_ln381_147     | add | fabric    | 0       |
|   add_ln381_132_fu_164574_p2                |     |        | add_ln381_132     | add | fabric    | 0       |
|   mul_6s_6s_11_1_1_U348                     |     |        | mul_ln381_16      | mul | auto      | 0       |
|   sub_ln381_653_fu_164611_p2                |     |        | sub_ln381_653     | sub | fabric    | 0       |
|   add_ln381_151_fu_164621_p2                |     |        | add_ln381_151     | add | fabric    | 0       |
|   add_ln381_153_fu_164635_p2                |     |        | add_ln381_153     | add | fabric    | 0       |
|   Tp_33_fu_164649_p2                        |     |        | Tp_33             | add | fabric    | 0       |
|   add_ln381_136_fu_164696_p2                |     |        | add_ln381_136     | add | fabric    | 0       |
|   sub_ln381_58_fu_158862_p2                 |     |        | sub_ln381_58      | sub | fabric    | 0       |
|   add_ln381_157_fu_164728_p2                |     |        | add_ln381_157     | add | fabric    | 0       |
|   add_ln381_140_fu_164768_p2                |     |        | add_ln381_140     | add | fabric    | 0       |
|   mul_6s_6s_11_1_1_U349                     |     |        | mul_ln381_17      | mul | auto      | 0       |
|   sub_ln381_654_fu_164805_p2                |     |        | sub_ln381_654     | sub | fabric    | 0       |
|   add_ln381_161_fu_164815_p2                |     |        | add_ln381_161     | add | fabric    | 0       |
|   add_ln381_162_fu_164829_p2                |     |        | add_ln381_162     | add | fabric    | 0       |
|   Tp_35_fu_164843_p2                        |     |        | Tp_35             | add | fabric    | 0       |
|   add_ln381_144_fu_164890_p2                |     |        | add_ln381_144     | add | fabric    | 0       |
|   sub_ln381_61_fu_158903_p2                 |     |        | sub_ln381_61      | sub | fabric    | 0       |
|   add_ln381_166_fu_164922_p2                |     |        | add_ln381_166     | add | fabric    | 0       |
|   add_ln381_148_fu_164962_p2                |     |        | add_ln381_148     | add | fabric    | 0       |
|   mul_6s_6s_11_1_1_U350                     |     |        | mul_ln381_18      | mul | auto      | 0       |
|   sub_ln381_655_fu_164999_p2                |     |        | sub_ln381_655     | sub | fabric    | 0       |
|   add_ln381_170_fu_165009_p2                |     |        | add_ln381_170     | add | fabric    | 0       |
|   add_ln381_171_fu_165023_p2                |     |        | add_ln381_171     | add | fabric    | 0       |
|   Tp_37_fu_165037_p2                        |     |        | Tp_37             | add | fabric    | 0       |
|   add_ln381_152_fu_165084_p2                |     |        | add_ln381_152     | add | fabric    | 0       |
|   sub_ln381_64_fu_158944_p2                 |     |        | sub_ln381_64      | sub | fabric    | 0       |
|   add_ln381_175_fu_165116_p2                |     |        | add_ln381_175     | add | fabric    | 0       |
|   add_ln381_156_fu_165156_p2                |     |        | add_ln381_156     | add | fabric    | 0       |
|   mul_6s_6s_11_1_1_U351                     |     |        | mul_ln381_19      | mul | auto      | 0       |
|   sub_ln381_656_fu_165193_p2                |     |        | sub_ln381_656     | sub | fabric    | 0       |
|   add_ln381_178_fu_165203_p2                |     |        | add_ln381_178     | add | fabric    | 0       |
|   add_ln381_179_fu_165217_p2                |     |        | add_ln381_179     | add | fabric    | 0       |
|   Tp_39_fu_165231_p2                        |     |        | Tp_39             | add | fabric    | 0       |
|   add_ln381_160_fu_165278_p2                |     |        | add_ln381_160     | add | fabric    | 0       |
|   sub_ln381_67_fu_158985_p2                 |     |        | sub_ln381_67      | sub | fabric    | 0       |
|   add_ln381_182_fu_165310_p2                |     |        | add_ln381_182     | add | fabric    | 0       |
|   add_ln381_164_fu_165350_p2                |     |        | add_ln381_164     | add | fabric    | 0       |
|   mul_6s_6s_11_1_1_U352                     |     |        | mul_ln381_20      | mul | auto      | 0       |
|   sub_ln381_657_fu_165387_p2                |     |        | sub_ln381_657     | sub | fabric    | 0       |
|   add_ln381_185_fu_165397_p2                |     |        | add_ln381_185     | add | fabric    | 0       |
|   add_ln381_186_fu_165411_p2                |     |        | add_ln381_186     | add | fabric    | 0       |
|   Tp_41_fu_165425_p2                        |     |        | Tp_41             | add | fabric    | 0       |
|   add_ln381_168_fu_165472_p2                |     |        | add_ln381_168     | add | fabric    | 0       |
|   sub_ln381_70_fu_159026_p2                 |     |        | sub_ln381_70      | sub | fabric    | 0       |
|   add_ln381_189_fu_165504_p2                |     |        | add_ln381_189     | add | fabric    | 0       |
|   add_ln381_172_fu_165544_p2                |     |        | add_ln381_172     | add | fabric    | 0       |
|   mul_6s_6s_11_1_1_U353                     |     |        | mul_ln381_21      | mul | auto      | 0       |
|   sub_ln381_658_fu_165581_p2                |     |        | sub_ln381_658     | sub | fabric    | 0       |
|   add_ln381_193_fu_165591_p2                |     |        | add_ln381_193     | add | fabric    | 0       |
|   add_ln381_194_fu_165605_p2                |     |        | add_ln381_194     | add | fabric    | 0       |
|   Tp_43_fu_165619_p2                        |     |        | Tp_43             | add | fabric    | 0       |
|   sub_ln381_71_fu_159038_p2                 |     |        | sub_ln381_71      | sub | fabric    | 0       |
|   add_ln381_198_fu_165636_p2                |     |        | add_ln381_198     | add | fabric    | 0       |
|   sub_ln381_72_fu_159055_p2                 |     |        | sub_ln381_72      | sub | fabric    | 0       |
|   add_ln381_202_fu_165673_p2                |     |        | add_ln381_202     | add | fabric    | 0       |
|   add_ln381_204_fu_165683_p2                |     |        | add_ln381_204     | add | fabric    | 0       |
|   add_ln381_205_fu_165693_p2                |     |        | add_ln381_205     | add | fabric    | 0       |
|   Tp_45_fu_165699_p2                        |     |        | Tp_45             | add | fabric    | 0       |
|   sub_ln381_76_fu_165738_p2                 |     |        | sub_ln381_76      | sub | fabric    | 0       |
|   add_ln381_208_fu_165756_p2                |     |        | add_ln381_208     | add | fabric    | 0       |
|   Tp_46_fu_165782_p2                        |     |        | Tp_46             | add | fabric    | 0       |
|   sub_ln381_77_fu_159120_p2                 |     |        | sub_ln381_77      | sub | fabric    | 0       |
|   addconv928_fu_159130_p2                   |     |        | addconv928        | add | fabric    | 0       |
|   mul_ln381_325568_fu_165810_p2             |     |        | mul_ln381_325568  | sub | fabric    | 0       |
|   add_ln381_213_fu_165828_p2                |     |        | add_ln381_213     | add | fabric    | 0       |
|   add_ln381_214_fu_165838_p2                |     |        | add_ln381_214     | add | fabric    | 0       |
|   add_ln381_191_fu_165898_p2                |     |        | add_ln381_191     | add | fabric    | 0       |
|   add_ln381_195_fu_165931_p2                |     |        | add_ln381_195     | add | fabric    | 0       |
|   add_ln381_221_fu_165937_p2                |     |        | add_ln381_221     | add | fabric    | 0       |
|   Tp_49_fu_165951_p2                        |     |        | Tp_49             | add | fabric    | 0       |
|   add_ln381_199_fu_165991_p2                |     |        | add_ln381_199     | add | fabric    | 0       |
|   add_ln381_203_fu_166024_p2                |     |        | add_ln381_203     | add | fabric    | 0       |
|   add_ln381_226_fu_166030_p2                |     |        | add_ln381_226     | add | fabric    | 0       |
|   Tp_51_fu_166044_p2                        |     |        | Tp_51             | add | fabric    | 0       |
|   add_ln381_207_fu_166084_p2                |     |        | add_ln381_207     | add | fabric    | 0       |
|   add_ln381_211_fu_166117_p2                |     |        | add_ln381_211     | add | fabric    | 0       |
|   add_ln381_232_fu_166123_p2                |     |        | add_ln381_232     | add | fabric    | 0       |
|   Tp_53_fu_166137_p2                        |     |        | Tp_53             | add | fabric    | 0       |
|   add_ln381_215_fu_166177_p2                |     |        | add_ln381_215     | add | fabric    | 0       |
|   add_ln381_219_fu_166210_p2                |     |        | add_ln381_219     | add | fabric    | 0       |
|   add_ln381_237_fu_166216_p2                |     |        | add_ln381_237     | add | fabric    | 0       |
|   Tp_55_fu_166230_p2                        |     |        | Tp_55             | add | fabric    | 0       |
|   add_ln381_223_fu_166270_p2                |     |        | add_ln381_223     | add | fabric    | 0       |
|   add_ln381_227_fu_166303_p2                |     |        | add_ln381_227     | add | fabric    | 0       |
|   add_ln381_242_fu_166309_p2                |     |        | add_ln381_242     | add | fabric    | 0       |
|   Tp_57_fu_166323_p2                        |     |        | Tp_57             | add | fabric    | 0       |
|   add_ln381_231_fu_166363_p2                |     |        | add_ln381_231     | add | fabric    | 0       |
|   add_ln381_235_fu_166396_p2                |     |        | add_ln381_235     | add | fabric    | 0       |
|   add_ln381_248_fu_166402_p2                |     |        | add_ln381_248     | add | fabric    | 0       |
|   Tp_59_fu_166416_p2                        |     |        | Tp_59             | add | fabric    | 0       |
|   add_ln381_239_fu_166456_p2                |     |        | add_ln381_239     | add | fabric    | 0       |
|   add_ln381_243_fu_166489_p2                |     |        | add_ln381_243     | add | fabric    | 0       |
|   add_ln381_253_fu_166495_p2                |     |        | add_ln381_253     | add | fabric    | 0       |
|   Tp_61_fu_166509_p2                        |     |        | Tp_61             | add | fabric    | 0       |
|   add_ln381_247_fu_166549_p2                |     |        | add_ln381_247     | add | fabric    | 0       |
|   add_ln381_251_fu_166582_p2                |     |        | add_ln381_251     | add | fabric    | 0       |
|   add_ln381_258_fu_166588_p2                |     |        | add_ln381_258     | add | fabric    | 0       |
|   Tp_63_fu_166602_p2                        |     |        | Tp_63             | add | fabric    | 0       |
|   add_ln381_255_fu_166642_p2                |     |        | add_ln381_255     | add | fabric    | 0       |
|   add_ln381_259_fu_166675_p2                |     |        | add_ln381_259     | add | fabric    | 0       |
|   add_ln381_264_fu_166681_p2                |     |        | add_ln381_264     | add | fabric    | 0       |
|   Tp_65_fu_166695_p2                        |     |        | Tp_65             | add | fabric    | 0       |
|   add_ln381_263_fu_166735_p2                |     |        | add_ln381_263     | add | fabric    | 0       |
|   add_ln381_267_fu_166768_p2                |     |        | add_ln381_267     | add | fabric    | 0       |
|   add_ln381_269_fu_166774_p2                |     |        | add_ln381_269     | add | fabric    | 0       |
|   Tp_67_fu_166788_p2                        |     |        | Tp_67             | add | fabric    | 0       |
|   add_ln381_271_fu_166828_p2                |     |        | add_ln381_271     | add | fabric    | 0       |
|   add_ln381_274_fu_166861_p2                |     |        | add_ln381_274     | add | fabric    | 0       |
|   add_ln381_275_fu_166867_p2                |     |        | add_ln381_275     | add | fabric    | 0       |
|   Tp_69_fu_166881_p2                        |     |        | Tp_69             | add | fabric    | 0       |
|   add_ln381_277_fu_166921_p2                |     |        | add_ln381_277     | add | fabric    | 0       |
|   add_ln381_280_fu_166954_p2                |     |        | add_ln381_280     | add | fabric    | 0       |
|   add_ln381_281_fu_166960_p2                |     |        | add_ln381_281     | add | fabric    | 0       |
|   Tp_71_fu_166974_p2                        |     |        | Tp_71             | add | fabric    | 0       |
|   add_ln381_283_fu_167014_p2                |     |        | add_ln381_283     | add | fabric    | 0       |
|   add_ln381_286_fu_167047_p2                |     |        | add_ln381_286     | add | fabric    | 0       |
|   add_ln381_287_fu_167053_p2                |     |        | add_ln381_287     | add | fabric    | 0       |
|   Tp_73_fu_167067_p2                        |     |        | Tp_73             | add | fabric    | 0       |
|   add_ln381_289_fu_167084_p2                |     |        | add_ln381_289     | add | fabric    | 0       |
|   add_ln381_290_fu_167089_p2                |     |        | add_ln381_290     | add | fabric    | 0       |
|   Tp_74_fu_167099_p2                        |     |        | Tp_74             | add | fabric    | 0       |
|   add_ln381_292_fu_167116_p2                |     |        | add_ln381_292     | add | fabric    | 0       |
|   add_ln381_295_fu_167172_p2                |     |        | add_ln381_295     | add | fabric    | 0       |
|   add_ln381_298_fu_167205_p2                |     |        | add_ln381_298     | add | fabric    | 0       |
|   add_ln381_299_fu_167211_p2                |     |        | add_ln381_299     | add | fabric    | 0       |
|   Tp_77_fu_167225_p2                        |     |        | Tp_77             | add | fabric    | 0       |
|   add_ln381_301_fu_167265_p2                |     |        | add_ln381_301     | add | fabric    | 0       |
|   add_ln381_304_fu_167298_p2                |     |        | add_ln381_304     | add | fabric    | 0       |
|   add_ln381_305_fu_167304_p2                |     |        | add_ln381_305     | add | fabric    | 0       |
|   Tp_79_fu_167318_p2                        |     |        | Tp_79             | add | fabric    | 0       |
|   add_ln381_307_fu_167358_p2                |     |        | add_ln381_307     | add | fabric    | 0       |
|   add_ln381_310_fu_167391_p2                |     |        | add_ln381_310     | add | fabric    | 0       |
|   add_ln381_311_fu_167397_p2                |     |        | add_ln381_311     | add | fabric    | 0       |
|   Tp_81_fu_167411_p2                        |     |        | Tp_81             | add | fabric    | 0       |
|   add_ln381_313_fu_167451_p2                |     |        | add_ln381_313     | add | fabric    | 0       |
|   add_ln381_316_fu_167484_p2                |     |        | add_ln381_316     | add | fabric    | 0       |
|   add_ln381_317_fu_167490_p2                |     |        | add_ln381_317     | add | fabric    | 0       |
|   Tp_83_fu_167504_p2                        |     |        | Tp_83             | add | fabric    | 0       |
|   add_ln381_319_fu_167544_p2                |     |        | add_ln381_319     | add | fabric    | 0       |
|   add_ln381_322_fu_167577_p2                |     |        | add_ln381_322     | add | fabric    | 0       |
|   add_ln381_323_fu_167583_p2                |     |        | add_ln381_323     | add | fabric    | 0       |
|   Tp_85_fu_167597_p2                        |     |        | Tp_85             | add | fabric    | 0       |
|   add_ln381_325_fu_167637_p2                |     |        | add_ln381_325     | add | fabric    | 0       |
|   add_ln381_328_fu_167670_p2                |     |        | add_ln381_328     | add | fabric    | 0       |
|   add_ln381_329_fu_167676_p2                |     |        | add_ln381_329     | add | fabric    | 0       |
|   Tp_87_fu_167690_p2                        |     |        | Tp_87             | add | fabric    | 0       |
|   sub_ln381_118_fu_159164_p2                |     |        | sub_ln381_118     | sub | fabric    | 0       |
|   add_ln381_331_fu_167707_p2                |     |        | add_ln381_331     | add | fabric    | 0       |
|   sub_ln381_119_fu_159181_p2                |     |        | sub_ln381_119     | sub | fabric    | 0       |
|   add_ln381_334_fu_167744_p2                |     |        | add_ln381_334     | add | fabric    | 0       |
|   add_ln381_335_fu_167758_p2                |     |        | add_ln381_335     | add | fabric    | 0       |
|   Tp_89_fu_167772_p2                        |     |        | Tp_89             | add | fabric    | 0       |
|   add_ln381_339_fu_167790_p2                |     |        | add_ln381_339     | add | fabric    | 0       |
|   Tp_91_fu_167804_p2                        |     |        | Tp_91             | add | fabric    | 0       |
|   sub_ln381_123_fu_167843_p2                |     |        | sub_ln381_123     | sub | fabric    | 0       |
|   add_ln381_341_fu_167861_p2                |     |        | add_ln381_341     | add | fabric    | 0       |
|   Tp_92_fu_167887_p2                        |     |        | Tp_92             | add | fabric    | 0       |
|   sub_ln381_124_fu_159246_p2                |     |        | sub_ln381_124     | sub | fabric    | 0       |
|   addconv929_fu_159256_p2                   |     |        | addconv929        | add | fabric    | 0       |
|   mul_ln381_525566_fu_167915_p2             |     |        | mul_ln381_525566  | sub | fabric    | 0       |
|   add_ln381_345_fu_167933_p2                |     |        | add_ln381_345     | add | fabric    | 0       |
|   add_ln381_346_fu_167943_p2                |     |        | add_ln381_346     | add | fabric    | 0       |
|   add_ln381_349_fu_168003_p2                |     |        | add_ln381_349     | add | fabric    | 0       |
|   add_ln381_352_fu_168036_p2                |     |        | add_ln381_352     | add | fabric    | 0       |
|   add_ln381_353_fu_168042_p2                |     |        | add_ln381_353     | add | fabric    | 0       |
|   Tp_95_fu_168056_p2                        |     |        | Tp_95             | add | fabric    | 0       |
|   add_ln381_355_fu_168096_p2                |     |        | add_ln381_355     | add | fabric    | 0       |
|   add_ln381_358_fu_168129_p2                |     |        | add_ln381_358     | add | fabric    | 0       |
|   add_ln381_359_fu_168135_p2                |     |        | add_ln381_359     | add | fabric    | 0       |
|   Tp_97_fu_168149_p2                        |     |        | Tp_97             | add | fabric    | 0       |
|   add_ln381_362_fu_168189_p2                |     |        | add_ln381_362     | add | fabric    | 0       |
|   add_ln381_365_fu_168222_p2                |     |        | add_ln381_365     | add | fabric    | 0       |
|   add_ln381_366_fu_168228_p2                |     |        | add_ln381_366     | add | fabric    | 0       |
|   Tp_99_fu_168242_p2                        |     |        | Tp_99             | add | fabric    | 0       |
|   add_ln381_368_fu_168282_p2                |     |        | add_ln381_368     | add | fabric    | 0       |
|   add_ln381_371_fu_168315_p2                |     |        | add_ln381_371     | add | fabric    | 0       |
|   add_ln381_372_fu_168321_p2                |     |        | add_ln381_372     | add | fabric    | 0       |
|   Tp_101_fu_168335_p2                       |     |        | Tp_101            | add | fabric    | 0       |
|   add_ln381_374_fu_168375_p2                |     |        | add_ln381_374     | add | fabric    | 0       |
|   add_ln381_377_fu_168408_p2                |     |        | add_ln381_377     | add | fabric    | 0       |
|   add_ln381_378_fu_168414_p2                |     |        | add_ln381_378     | add | fabric    | 0       |
|   Tp_103_fu_168428_p2                       |     |        | Tp_103            | add | fabric    | 0       |
|   add_ln381_380_fu_168468_p2                |     |        | add_ln381_380     | add | fabric    | 0       |
|   add_ln381_383_fu_168501_p2                |     |        | add_ln381_383     | add | fabric    | 0       |
|   add_ln381_384_fu_168507_p2                |     |        | add_ln381_384     | add | fabric    | 0       |
|   Tp_105_fu_168521_p2                       |     |        | Tp_105            | add | fabric    | 0       |
|   add_ln381_386_fu_168561_p2                |     |        | add_ln381_386     | add | fabric    | 0       |
|   add_ln381_389_fu_168594_p2                |     |        | add_ln381_389     | add | fabric    | 0       |
|   add_ln381_390_fu_168600_p2                |     |        | add_ln381_390     | add | fabric    | 0       |
|   Tp_107_fu_168614_p2                       |     |        | Tp_107            | add | fabric    | 0       |
|   add_ln381_392_fu_168654_p2                |     |        | add_ln381_392     | add | fabric    | 0       |
|   add_ln381_395_fu_168687_p2                |     |        | add_ln381_395     | add | fabric    | 0       |
|   add_ln381_396_fu_168693_p2                |     |        | add_ln381_396     | add | fabric    | 0       |
|   Tp_109_fu_168707_p2                       |     |        | Tp_109            | add | fabric    | 0       |
|   add_ln381_398_fu_168747_p2                |     |        | add_ln381_398     | add | fabric    | 0       |
|   add_ln381_401_fu_168780_p2                |     |        | add_ln381_401     | add | fabric    | 0       |
|   add_ln381_402_fu_168786_p2                |     |        | add_ln381_402     | add | fabric    | 0       |
|   Tp_111_fu_168800_p2                       |     |        | Tp_111            | add | fabric    | 0       |
|   add_ln381_404_fu_168840_p2                |     |        | add_ln381_404     | add | fabric    | 0       |
|   add_ln381_407_fu_168873_p2                |     |        | add_ln381_407     | add | fabric    | 0       |
|   add_ln381_408_fu_168879_p2                |     |        | add_ln381_408     | add | fabric    | 0       |
|   Tp_113_fu_168893_p2                       |     |        | Tp_113            | add | fabric    | 0       |
|   add_ln381_410_fu_168933_p2                |     |        | add_ln381_410     | add | fabric    | 0       |
|   add_ln381_413_fu_168966_p2                |     |        | add_ln381_413     | add | fabric    | 0       |
|   add_ln381_414_fu_168972_p2                |     |        | add_ln381_414     | add | fabric    | 0       |
|   Tp_115_fu_168986_p2                       |     |        | Tp_115            | add | fabric    | 0       |
|   add_ln381_416_fu_169026_p2                |     |        | add_ln381_416     | add | fabric    | 0       |
|   add_ln381_419_fu_169059_p2                |     |        | add_ln381_419     | add | fabric    | 0       |
|   add_ln381_420_fu_169065_p2                |     |        | add_ln381_420     | add | fabric    | 0       |
|   Tp_117_fu_169079_p2                       |     |        | Tp_117            | add | fabric    | 0       |
|   add_ln381_422_fu_169096_p2                |     |        | add_ln381_422     | add | fabric    | 0       |
|   add_ln381_423_fu_169101_p2                |     |        | add_ln381_423     | add | fabric    | 0       |
|   Tp_118_fu_169111_p2                       |     |        | Tp_118            | add | fabric    | 0       |
|   add_ln381_425_fu_169128_p2                |     |        | add_ln381_425     | add | fabric    | 0       |
|   add_ln381_428_fu_169184_p2                |     |        | add_ln381_428     | add | fabric    | 0       |
|   add_ln381_431_fu_169217_p2                |     |        | add_ln381_431     | add | fabric    | 0       |
|   add_ln381_432_fu_169223_p2                |     |        | add_ln381_432     | add | fabric    | 0       |
|   Tp_121_fu_169237_p2                       |     |        | Tp_121            | add | fabric    | 0       |
|   add_ln381_434_fu_169277_p2                |     |        | add_ln381_434     | add | fabric    | 0       |
|   add_ln381_437_fu_169310_p2                |     |        | add_ln381_437     | add | fabric    | 0       |
|   add_ln381_438_fu_169316_p2                |     |        | add_ln381_438     | add | fabric    | 0       |
|   Tp_123_fu_169330_p2                       |     |        | Tp_123            | add | fabric    | 0       |
|   add_ln381_440_fu_169370_p2                |     |        | add_ln381_440     | add | fabric    | 0       |
|   add_ln381_443_fu_169403_p2                |     |        | add_ln381_443     | add | fabric    | 0       |
|   add_ln381_444_fu_169409_p2                |     |        | add_ln381_444     | add | fabric    | 0       |
|   Tp_125_fu_169423_p2                       |     |        | Tp_125            | add | fabric    | 0       |
|   add_ln381_446_fu_169463_p2                |     |        | add_ln381_446     | add | fabric    | 0       |
|   add_ln381_449_fu_169496_p2                |     |        | add_ln381_449     | add | fabric    | 0       |
|   add_ln381_450_fu_169502_p2                |     |        | add_ln381_450     | add | fabric    | 0       |
|   Tp_127_fu_169516_p2                       |     |        | Tp_127            | add | fabric    | 0       |
|   add_ln381_452_fu_169556_p2                |     |        | add_ln381_452     | add | fabric    | 0       |
|   add_ln381_455_fu_169589_p2                |     |        | add_ln381_455     | add | fabric    | 0       |
|   add_ln381_456_fu_169595_p2                |     |        | add_ln381_456     | add | fabric    | 0       |
|   Tp_129_fu_169609_p2                       |     |        | Tp_129            | add | fabric    | 0       |
|   add_ln381_458_fu_169649_p2                |     |        | add_ln381_458     | add | fabric    | 0       |
|   add_ln381_461_fu_169682_p2                |     |        | add_ln381_461     | add | fabric    | 0       |
|   add_ln381_462_fu_169688_p2                |     |        | add_ln381_462     | add | fabric    | 0       |
|   Tp_131_fu_169702_p2                       |     |        | Tp_131            | add | fabric    | 0       |
|   sub_ln381_163_fu_159290_p2                |     |        | sub_ln381_163     | sub | fabric    | 0       |
|   add_ln381_464_fu_169719_p2                |     |        | add_ln381_464     | add | fabric    | 0       |
|   sub_ln381_164_fu_159307_p2                |     |        | sub_ln381_164     | sub | fabric    | 0       |
|   add_ln381_467_fu_169756_p2                |     |        | add_ln381_467     | add | fabric    | 0       |
|   add_ln381_468_fu_169770_p2                |     |        | add_ln381_468     | add | fabric    | 0       |
|   Tp_133_fu_169784_p2                       |     |        | Tp_133            | add | fabric    | 0       |
|   add_ln381_472_fu_169802_p2                |     |        | add_ln381_472     | add | fabric    | 0       |
|   Tp_135_fu_169816_p2                       |     |        | Tp_135            | add | fabric    | 0       |
|   add_ln381_476_fu_169834_p2                |     |        | add_ln381_476     | add | fabric    | 0       |
|   Tp_137_fu_169848_p2                       |     |        | Tp_137            | add | fabric    | 0       |
|   sub_ln381_168_fu_169887_p2                |     |        | sub_ln381_168     | sub | fabric    | 0       |
|   add_ln381_478_fu_169905_p2                |     |        | add_ln381_478     | add | fabric    | 0       |
|   Tp_138_fu_169931_p2                       |     |        | Tp_138            | add | fabric    | 0       |
|   sub_ln381_169_fu_159372_p2                |     |        | sub_ln381_169     | sub | fabric    | 0       |
|   addconv930_fu_159382_p2                   |     |        | addconv930        | add | fabric    | 0       |
|   mul_ln381_725564_fu_169959_p2             |     |        | mul_ln381_725564  | sub | fabric    | 0       |
|   add_ln381_482_fu_169977_p2                |     |        | add_ln381_482     | add | fabric    | 0       |
|   add_ln381_483_fu_169987_p2                |     |        | add_ln381_483     | add | fabric    | 0       |
|   add_ln381_486_fu_170047_p2                |     |        | add_ln381_486     | add | fabric    | 0       |
|   add_ln381_489_fu_170080_p2                |     |        | add_ln381_489     | add | fabric    | 0       |
|   add_ln381_490_fu_170086_p2                |     |        | add_ln381_490     | add | fabric    | 0       |
|   Tp_141_fu_170100_p2                       |     |        | Tp_141            | add | fabric    | 0       |
|   add_ln381_492_fu_170140_p2                |     |        | add_ln381_492     | add | fabric    | 0       |
|   add_ln381_495_fu_170173_p2                |     |        | add_ln381_495     | add | fabric    | 0       |
|   add_ln381_496_fu_170179_p2                |     |        | add_ln381_496     | add | fabric    | 0       |
|   Tp_143_fu_170193_p2                       |     |        | Tp_143            | add | fabric    | 0       |
|   add_ln381_498_fu_170233_p2                |     |        | add_ln381_498     | add | fabric    | 0       |
|   add_ln381_501_fu_170266_p2                |     |        | add_ln381_501     | add | fabric    | 0       |
|   add_ln381_502_fu_170272_p2                |     |        | add_ln381_502     | add | fabric    | 0       |
|   Tp_145_fu_170286_p2                       |     |        | Tp_145            | add | fabric    | 0       |
|   add_ln381_504_fu_170326_p2                |     |        | add_ln381_504     | add | fabric    | 0       |
|   add_ln381_507_fu_170359_p2                |     |        | add_ln381_507     | add | fabric    | 0       |
|   add_ln381_508_fu_170365_p2                |     |        | add_ln381_508     | add | fabric    | 0       |
|   Tp_147_fu_170379_p2                       |     |        | Tp_147            | add | fabric    | 0       |
|   add_ln381_510_fu_170419_p2                |     |        | add_ln381_510     | add | fabric    | 0       |
|   add_ln381_514_fu_170452_p2                |     |        | add_ln381_514     | add | fabric    | 0       |
|   add_ln381_515_fu_170458_p2                |     |        | add_ln381_515     | add | fabric    | 0       |
|   Tp_149_fu_170472_p2                       |     |        | Tp_149            | add | fabric    | 0       |
|   add_ln381_517_fu_170512_p2                |     |        | add_ln381_517     | add | fabric    | 0       |
|   add_ln381_520_fu_170545_p2                |     |        | add_ln381_520     | add | fabric    | 0       |
|   add_ln381_521_fu_170551_p2                |     |        | add_ln381_521     | add | fabric    | 0       |
|   Tp_151_fu_170565_p2                       |     |        | Tp_151            | add | fabric    | 0       |
|   add_ln381_523_fu_170605_p2                |     |        | add_ln381_523     | add | fabric    | 0       |
|   add_ln381_526_fu_170638_p2                |     |        | add_ln381_526     | add | fabric    | 0       |
|   add_ln381_527_fu_170644_p2                |     |        | add_ln381_527     | add | fabric    | 0       |
|   Tp_153_fu_170658_p2                       |     |        | Tp_153            | add | fabric    | 0       |
|   add_ln381_529_fu_170698_p2                |     |        | add_ln381_529     | add | fabric    | 0       |
|   add_ln381_532_fu_170731_p2                |     |        | add_ln381_532     | add | fabric    | 0       |
|   add_ln381_533_fu_170737_p2                |     |        | add_ln381_533     | add | fabric    | 0       |
|   Tp_155_fu_170751_p2                       |     |        | Tp_155            | add | fabric    | 0       |
|   add_ln381_535_fu_170791_p2                |     |        | add_ln381_535     | add | fabric    | 0       |
|   add_ln381_538_fu_170824_p2                |     |        | add_ln381_538     | add | fabric    | 0       |
|   add_ln381_539_fu_170830_p2                |     |        | add_ln381_539     | add | fabric    | 0       |
|   Tp_157_fu_170844_p2                       |     |        | Tp_157            | add | fabric    | 0       |
|   add_ln381_541_fu_170884_p2                |     |        | add_ln381_541     | add | fabric    | 0       |
|   add_ln381_544_fu_170917_p2                |     |        | add_ln381_544     | add | fabric    | 0       |
|   add_ln381_545_fu_170923_p2                |     |        | add_ln381_545     | add | fabric    | 0       |
|   Tp_159_fu_170937_p2                       |     |        | Tp_159            | add | fabric    | 0       |
|   add_ln381_547_fu_170977_p2                |     |        | add_ln381_547     | add | fabric    | 0       |
|   add_ln381_550_fu_171010_p2                |     |        | add_ln381_550     | add | fabric    | 0       |
|   add_ln381_551_fu_171016_p2                |     |        | add_ln381_551     | add | fabric    | 0       |
|   Tp_161_fu_171030_p2                       |     |        | Tp_161            | add | fabric    | 0       |
|   add_ln381_553_fu_171047_p2                |     |        | add_ln381_553     | add | fabric    | 0       |
|   add_ln381_554_fu_171052_p2                |     |        | add_ln381_554     | add | fabric    | 0       |
|   Tp_162_fu_171062_p2                       |     |        | Tp_162            | add | fabric    | 0       |
|   add_ln381_556_fu_171079_p2                |     |        | add_ln381_556     | add | fabric    | 0       |
|   add_ln381_559_fu_171135_p2                |     |        | add_ln381_559     | add | fabric    | 0       |
|   add_ln381_562_fu_171168_p2                |     |        | add_ln381_562     | add | fabric    | 0       |
|   add_ln381_563_fu_171174_p2                |     |        | add_ln381_563     | add | fabric    | 0       |
|   Tp_165_fu_171188_p2                       |     |        | Tp_165            | add | fabric    | 0       |
|   add_ln381_565_fu_171228_p2                |     |        | add_ln381_565     | add | fabric    | 0       |
|   add_ln381_568_fu_171261_p2                |     |        | add_ln381_568     | add | fabric    | 0       |
|   add_ln381_569_fu_171267_p2                |     |        | add_ln381_569     | add | fabric    | 0       |
|   Tp_167_fu_171281_p2                       |     |        | Tp_167            | add | fabric    | 0       |
|   add_ln381_571_fu_171321_p2                |     |        | add_ln381_571     | add | fabric    | 0       |
|   add_ln381_574_fu_171354_p2                |     |        | add_ln381_574     | add | fabric    | 0       |
|   add_ln381_575_fu_171360_p2                |     |        | add_ln381_575     | add | fabric    | 0       |
|   Tp_169_fu_171374_p2                       |     |        | Tp_169            | add | fabric    | 0       |
|   add_ln381_577_fu_171414_p2                |     |        | add_ln381_577     | add | fabric    | 0       |
|   add_ln381_580_fu_171447_p2                |     |        | add_ln381_580     | add | fabric    | 0       |
|   add_ln381_581_fu_171453_p2                |     |        | add_ln381_581     | add | fabric    | 0       |
|   Tp_171_fu_171467_p2                       |     |        | Tp_171            | add | fabric    | 0       |
|   add_ln381_583_fu_171507_p2                |     |        | add_ln381_583     | add | fabric    | 0       |
|   add_ln381_586_fu_171540_p2                |     |        | add_ln381_586     | add | fabric    | 0       |
|   add_ln381_587_fu_171546_p2                |     |        | add_ln381_587     | add | fabric    | 0       |
|   Tp_173_fu_171560_p2                       |     |        | Tp_173            | add | fabric    | 0       |
|   add_ln381_589_fu_171600_p2                |     |        | add_ln381_589     | add | fabric    | 0       |
|   add_ln381_592_fu_171633_p2                |     |        | add_ln381_592     | add | fabric    | 0       |
|   add_ln381_593_fu_171639_p2                |     |        | add_ln381_593     | add | fabric    | 0       |
|   Tp_175_fu_171653_p2                       |     |        | Tp_175            | add | fabric    | 0       |
|   sub_ln381_206_fu_159416_p2                |     |        | sub_ln381_206     | sub | fabric    | 0       |
|   add_ln381_595_fu_171670_p2                |     |        | add_ln381_595     | add | fabric    | 0       |
|   sub_ln381_207_fu_159433_p2                |     |        | sub_ln381_207     | sub | fabric    | 0       |
|   add_ln381_598_fu_171707_p2                |     |        | add_ln381_598     | add | fabric    | 0       |
|   add_ln381_599_fu_171721_p2                |     |        | add_ln381_599     | add | fabric    | 0       |
|   Tp_177_fu_171735_p2                       |     |        | Tp_177            | add | fabric    | 0       |
|   add_ln381_603_fu_171753_p2                |     |        | add_ln381_603     | add | fabric    | 0       |
|   Tp_179_fu_171767_p2                       |     |        | Tp_179            | add | fabric    | 0       |
|   add_ln381_607_fu_171785_p2                |     |        | add_ln381_607     | add | fabric    | 0       |
|   Tp_181_fu_171799_p2                       |     |        | Tp_181            | add | fabric    | 0       |
|   add_ln381_611_fu_171817_p2                |     |        | add_ln381_611     | add | fabric    | 0       |
|   Tp_183_fu_171831_p2                       |     |        | Tp_183            | add | fabric    | 0       |
|   sub_ln381_211_fu_171870_p2                |     |        | sub_ln381_211     | sub | fabric    | 0       |
|   add_ln381_613_fu_171888_p2                |     |        | add_ln381_613     | add | fabric    | 0       |
|   Tp_184_fu_171914_p2                       |     |        | Tp_184            | add | fabric    | 0       |
|   sub_ln381_212_fu_159498_p2                |     |        | sub_ln381_212     | sub | fabric    | 0       |
|   addconv931_fu_159508_p2                   |     |        | addconv931        | add | fabric    | 0       |
|   mul_ln381_925562_fu_171942_p2             |     |        | mul_ln381_925562  | sub | fabric    | 0       |
|   add_ln381_617_fu_171960_p2                |     |        | add_ln381_617     | add | fabric    | 0       |
|   add_ln381_618_fu_171970_p2                |     |        | add_ln381_618     | add | fabric    | 0       |
|   add_ln381_621_fu_172030_p2                |     |        | add_ln381_621     | add | fabric    | 0       |
|   add_ln381_624_fu_172063_p2                |     |        | add_ln381_624     | add | fabric    | 0       |
|   add_ln381_625_fu_172069_p2                |     |        | add_ln381_625     | add | fabric    | 0       |
|   Tp_187_fu_172083_p2                       |     |        | Tp_187            | add | fabric    | 0       |
|   add_ln381_627_fu_172123_p2                |     |        | add_ln381_627     | add | fabric    | 0       |
|   add_ln381_630_fu_172156_p2                |     |        | add_ln381_630     | add | fabric    | 0       |
|   add_ln381_631_fu_172162_p2                |     |        | add_ln381_631     | add | fabric    | 0       |
|   Tp_189_fu_172176_p2                       |     |        | Tp_189            | add | fabric    | 0       |
|   add_ln381_633_fu_172216_p2                |     |        | add_ln381_633     | add | fabric    | 0       |
|   add_ln381_636_fu_172249_p2                |     |        | add_ln381_636     | add | fabric    | 0       |
|   add_ln381_637_fu_172255_p2                |     |        | add_ln381_637     | add | fabric    | 0       |
|   Tp_191_fu_172269_p2                       |     |        | Tp_191            | add | fabric    | 0       |
|   add_ln381_639_fu_172309_p2                |     |        | add_ln381_639     | add | fabric    | 0       |
|   add_ln381_642_fu_172342_p2                |     |        | add_ln381_642     | add | fabric    | 0       |
|   add_ln381_643_fu_172348_p2                |     |        | add_ln381_643     | add | fabric    | 0       |
|   Tp_193_fu_172362_p2                       |     |        | Tp_193            | add | fabric    | 0       |
|   add_ln381_645_fu_172402_p2                |     |        | add_ln381_645     | add | fabric    | 0       |
|   add_ln381_648_fu_172435_p2                |     |        | add_ln381_648     | add | fabric    | 0       |
|   add_ln381_649_fu_172441_p2                |     |        | add_ln381_649     | add | fabric    | 0       |
|   Tp_195_fu_172455_p2                       |     |        | Tp_195            | add | fabric    | 0       |
|   add_ln381_651_fu_172495_p2                |     |        | add_ln381_651     | add | fabric    | 0       |
|   add_ln381_654_fu_172528_p2                |     |        | add_ln381_654     | add | fabric    | 0       |
|   add_ln381_655_fu_172534_p2                |     |        | add_ln381_655     | add | fabric    | 0       |
|   Tp_197_fu_172548_p2                       |     |        | Tp_197            | add | fabric    | 0       |
|   add_ln381_657_fu_172588_p2                |     |        | add_ln381_657     | add | fabric    | 0       |
|   add_ln381_660_fu_172621_p2                |     |        | add_ln381_660     | add | fabric    | 0       |
|   add_ln381_661_fu_172627_p2                |     |        | add_ln381_661     | add | fabric    | 0       |
|   Tp_199_fu_172641_p2                       |     |        | Tp_199            | add | fabric    | 0       |
|   add_ln381_664_fu_172681_p2                |     |        | add_ln381_664     | add | fabric    | 0       |
|   add_ln381_667_fu_172714_p2                |     |        | add_ln381_667     | add | fabric    | 0       |
|   add_ln381_668_fu_172720_p2                |     |        | add_ln381_668     | add | fabric    | 0       |
|   Tp_201_fu_172734_p2                       |     |        | Tp_201            | add | fabric    | 0       |
|   add_ln381_670_fu_172774_p2                |     |        | add_ln381_670     | add | fabric    | 0       |
|   add_ln381_673_fu_172807_p2                |     |        | add_ln381_673     | add | fabric    | 0       |
|   add_ln381_674_fu_172813_p2                |     |        | add_ln381_674     | add | fabric    | 0       |
|   Tp_203_fu_172827_p2                       |     |        | Tp_203            | add | fabric    | 0       |
|   add_ln381_676_fu_172867_p2                |     |        | add_ln381_676     | add | fabric    | 0       |
|   add_ln381_679_fu_172900_p2                |     |        | add_ln381_679     | add | fabric    | 0       |
|   add_ln381_680_fu_172906_p2                |     |        | add_ln381_680     | add | fabric    | 0       |
|   Tp_205_fu_172920_p2                       |     |        | Tp_205            | add | fabric    | 0       |
|   add_ln381_682_fu_172937_p2                |     |        | add_ln381_682     | add | fabric    | 0       |
|   add_ln381_683_fu_172942_p2                |     |        | add_ln381_683     | add | fabric    | 0       |
|   Tp_206_fu_172952_p2                       |     |        | Tp_206            | add | fabric    | 0       |
|   add_ln381_685_fu_172969_p2                |     |        | add_ln381_685     | add | fabric    | 0       |
|   add_ln381_688_fu_173025_p2                |     |        | add_ln381_688     | add | fabric    | 0       |
|   add_ln381_691_fu_173058_p2                |     |        | add_ln381_691     | add | fabric    | 0       |
|   add_ln381_692_fu_173064_p2                |     |        | add_ln381_692     | add | fabric    | 0       |
|   Tp_209_fu_173078_p2                       |     |        | Tp_209            | add | fabric    | 0       |
|   add_ln381_694_fu_173118_p2                |     |        | add_ln381_694     | add | fabric    | 0       |
|   add_ln381_697_fu_173151_p2                |     |        | add_ln381_697     | add | fabric    | 0       |
|   add_ln381_698_fu_173157_p2                |     |        | add_ln381_698     | add | fabric    | 0       |
|   Tp_211_fu_173171_p2                       |     |        | Tp_211            | add | fabric    | 0       |
|   add_ln381_700_fu_173211_p2                |     |        | add_ln381_700     | add | fabric    | 0       |
|   add_ln381_703_fu_173244_p2                |     |        | add_ln381_703     | add | fabric    | 0       |
|   add_ln381_704_fu_173250_p2                |     |        | add_ln381_704     | add | fabric    | 0       |
|   Tp_213_fu_173264_p2                       |     |        | Tp_213            | add | fabric    | 0       |
|   add_ln381_706_fu_173304_p2                |     |        | add_ln381_706     | add | fabric    | 0       |
|   add_ln381_709_fu_173337_p2                |     |        | add_ln381_709     | add | fabric    | 0       |
|   add_ln381_710_fu_173343_p2                |     |        | add_ln381_710     | add | fabric    | 0       |
|   Tp_215_fu_173357_p2                       |     |        | Tp_215            | add | fabric    | 0       |
|   add_ln381_712_fu_173397_p2                |     |        | add_ln381_712     | add | fabric    | 0       |
|   add_ln381_715_fu_173430_p2                |     |        | add_ln381_715     | add | fabric    | 0       |
|   add_ln381_716_fu_173436_p2                |     |        | add_ln381_716     | add | fabric    | 0       |
|   Tp_217_fu_173450_p2                       |     |        | Tp_217            | add | fabric    | 0       |
|   add_ln381_718_fu_173490_p2                |     |        | add_ln381_718     | add | fabric    | 0       |
|   add_ln381_721_fu_173523_p2                |     |        | add_ln381_721     | add | fabric    | 0       |
|   add_ln381_722_fu_173529_p2                |     |        | add_ln381_722     | add | fabric    | 0       |
|   Tp_219_fu_173543_p2                       |     |        | Tp_219            | add | fabric    | 0       |
|   sub_ln381_247_fu_159542_p2                |     |        | sub_ln381_247     | sub | fabric    | 0       |
|   add_ln381_724_fu_173560_p2                |     |        | add_ln381_724     | add | fabric    | 0       |
|   sub_ln381_248_fu_159559_p2                |     |        | sub_ln381_248     | sub | fabric    | 0       |
|   add_ln381_727_fu_173597_p2                |     |        | add_ln381_727     | add | fabric    | 0       |
|   add_ln381_728_fu_173611_p2                |     |        | add_ln381_728     | add | fabric    | 0       |
|   Tp_221_fu_173625_p2                       |     |        | Tp_221            | add | fabric    | 0       |
|   add_ln381_732_fu_173643_p2                |     |        | add_ln381_732     | add | fabric    | 0       |
|   Tp_223_fu_173657_p2                       |     |        | Tp_223            | add | fabric    | 0       |
|   add_ln381_736_fu_173675_p2                |     |        | add_ln381_736     | add | fabric    | 0       |
|   Tp_225_fu_173689_p2                       |     |        | Tp_225            | add | fabric    | 0       |
|   add_ln381_740_fu_173707_p2                |     |        | add_ln381_740     | add | fabric    | 0       |
|   Tp_227_fu_173721_p2                       |     |        | Tp_227            | add | fabric    | 0       |
|   add_ln381_744_fu_173739_p2                |     |        | add_ln381_744     | add | fabric    | 0       |
|   Tp_229_fu_173753_p2                       |     |        | Tp_229            | add | fabric    | 0       |
|   sub_ln381_252_fu_173792_p2                |     |        | sub_ln381_252     | sub | fabric    | 0       |
|   add_ln381_746_fu_173810_p2                |     |        | add_ln381_746     | add | fabric    | 0       |
|   Tp_230_fu_173836_p2                       |     |        | Tp_230            | add | fabric    | 0       |
|   sub_ln381_253_fu_159624_p2                |     |        | sub_ln381_253     | sub | fabric    | 0       |
|   addconv932_fu_159634_p2                   |     |        | addconv932        | add | fabric    | 0       |
|   mul_ln381_1125560_fu_173864_p2            |     |        | mul_ln381_1125560 | sub | fabric    | 0       |
|   add_ln381_750_fu_173882_p2                |     |        | add_ln381_750     | add | fabric    | 0       |
|   add_ln381_751_fu_173892_p2                |     |        | add_ln381_751     | add | fabric    | 0       |
|   add_ln381_754_fu_173952_p2                |     |        | add_ln381_754     | add | fabric    | 0       |
|   add_ln381_757_fu_173985_p2                |     |        | add_ln381_757     | add | fabric    | 0       |
|   add_ln381_758_fu_173991_p2                |     |        | add_ln381_758     | add | fabric    | 0       |
|   Tp_233_fu_174005_p2                       |     |        | Tp_233            | add | fabric    | 0       |
|   add_ln381_760_fu_174045_p2                |     |        | add_ln381_760     | add | fabric    | 0       |
|   add_ln381_763_fu_174078_p2                |     |        | add_ln381_763     | add | fabric    | 0       |
|   add_ln381_764_fu_174084_p2                |     |        | add_ln381_764     | add | fabric    | 0       |
|   Tp_235_fu_174098_p2                       |     |        | Tp_235            | add | fabric    | 0       |
|   add_ln381_766_fu_174138_p2                |     |        | add_ln381_766     | add | fabric    | 0       |
|   add_ln381_769_fu_174171_p2                |     |        | add_ln381_769     | add | fabric    | 0       |
|   add_ln381_770_fu_174177_p2                |     |        | add_ln381_770     | add | fabric    | 0       |
|   Tp_237_fu_174191_p2                       |     |        | Tp_237            | add | fabric    | 0       |
|   add_ln381_772_fu_174231_p2                |     |        | add_ln381_772     | add | fabric    | 0       |
|   add_ln381_775_fu_174264_p2                |     |        | add_ln381_775     | add | fabric    | 0       |
|   add_ln381_776_fu_174270_p2                |     |        | add_ln381_776     | add | fabric    | 0       |
|   Tp_239_fu_174284_p2                       |     |        | Tp_239            | add | fabric    | 0       |
|   add_ln381_778_fu_174324_p2                |     |        | add_ln381_778     | add | fabric    | 0       |
|   add_ln381_781_fu_174357_p2                |     |        | add_ln381_781     | add | fabric    | 0       |
|   add_ln381_782_fu_174363_p2                |     |        | add_ln381_782     | add | fabric    | 0       |
|   Tp_241_fu_174377_p2                       |     |        | Tp_241            | add | fabric    | 0       |
|   add_ln381_784_fu_174417_p2                |     |        | add_ln381_784     | add | fabric    | 0       |
|   add_ln381_787_fu_174450_p2                |     |        | add_ln381_787     | add | fabric    | 0       |
|   add_ln381_788_fu_174456_p2                |     |        | add_ln381_788     | add | fabric    | 0       |
|   Tp_243_fu_174470_p2                       |     |        | Tp_243            | add | fabric    | 0       |
|   add_ln381_790_fu_174510_p2                |     |        | add_ln381_790     | add | fabric    | 0       |
|   add_ln381_793_fu_174543_p2                |     |        | add_ln381_793     | add | fabric    | 0       |
|   add_ln381_794_fu_174549_p2                |     |        | add_ln381_794     | add | fabric    | 0       |
|   Tp_245_fu_174563_p2                       |     |        | Tp_245            | add | fabric    | 0       |
|   add_ln381_796_fu_174603_p2                |     |        | add_ln381_796     | add | fabric    | 0       |
|   add_ln381_799_fu_174636_p2                |     |        | add_ln381_799     | add | fabric    | 0       |
|   add_ln381_800_fu_174642_p2                |     |        | add_ln381_800     | add | fabric    | 0       |
|   Tp_247_fu_174656_p2                       |     |        | Tp_247            | add | fabric    | 0       |
|   add_ln381_802_fu_174696_p2                |     |        | add_ln381_802     | add | fabric    | 0       |
|   add_ln381_805_fu_174729_p2                |     |        | add_ln381_805     | add | fabric    | 0       |
|   add_ln381_806_fu_174735_p2                |     |        | add_ln381_806     | add | fabric    | 0       |
|   Tp_249_fu_174749_p2                       |     |        | Tp_249            | add | fabric    | 0       |
|   add_ln381_808_fu_174766_p2                |     |        | add_ln381_808     | add | fabric    | 0       |
|   add_ln381_809_fu_174771_p2                |     |        | add_ln381_809     | add | fabric    | 0       |
|   Tp_250_fu_174781_p2                       |     |        | Tp_250            | add | fabric    | 0       |
|   add_ln381_812_fu_174798_p2                |     |        | add_ln381_812     | add | fabric    | 0       |
|   add_ln381_815_fu_174854_p2                |     |        | add_ln381_815     | add | fabric    | 0       |
|   add_ln381_818_fu_174887_p2                |     |        | add_ln381_818     | add | fabric    | 0       |
|   add_ln381_819_fu_174893_p2                |     |        | add_ln381_819     | add | fabric    | 0       |
|   Tp_253_fu_174907_p2                       |     |        | Tp_253            | add | fabric    | 0       |
|   add_ln381_821_fu_174947_p2                |     |        | add_ln381_821     | add | fabric    | 0       |
|   add_ln381_824_fu_174980_p2                |     |        | add_ln381_824     | add | fabric    | 0       |
|   add_ln381_825_fu_174986_p2                |     |        | add_ln381_825     | add | fabric    | 0       |
|   Tp_255_fu_175000_p2                       |     |        | Tp_255            | add | fabric    | 0       |
|   add_ln381_827_fu_175040_p2                |     |        | add_ln381_827     | add | fabric    | 0       |
|   add_ln381_830_fu_175073_p2                |     |        | add_ln381_830     | add | fabric    | 0       |
|   add_ln381_831_fu_175079_p2                |     |        | add_ln381_831     | add | fabric    | 0       |
|   Tp_257_fu_175093_p2                       |     |        | Tp_257            | add | fabric    | 0       |
|   add_ln381_833_fu_175133_p2                |     |        | add_ln381_833     | add | fabric    | 0       |
|   add_ln381_836_fu_175166_p2                |     |        | add_ln381_836     | add | fabric    | 0       |
|   add_ln381_837_fu_175172_p2                |     |        | add_ln381_837     | add | fabric    | 0       |
|   Tp_259_fu_175186_p2                       |     |        | Tp_259            | add | fabric    | 0       |
|   add_ln381_839_fu_175226_p2                |     |        | add_ln381_839     | add | fabric    | 0       |
|   add_ln381_842_fu_175259_p2                |     |        | add_ln381_842     | add | fabric    | 0       |
|   add_ln381_843_fu_175265_p2                |     |        | add_ln381_843     | add | fabric    | 0       |
|   Tp_261_fu_175279_p2                       |     |        | Tp_261            | add | fabric    | 0       |
|   add_ln381_845_fu_175319_p2                |     |        | add_ln381_845     | add | fabric    | 0       |
|   add_ln381_848_fu_175352_p2                |     |        | add_ln381_848     | add | fabric    | 0       |
|   add_ln381_849_fu_175358_p2                |     |        | add_ln381_849     | add | fabric    | 0       |
|   Tp_263_fu_175372_p2                       |     |        | Tp_263            | add | fabric    | 0       |
|   sub_ln381_286_fu_159668_p2                |     |        | sub_ln381_286     | sub | fabric    | 0       |
|   add_ln381_851_fu_175389_p2                |     |        | add_ln381_851     | add | fabric    | 0       |
|   sub_ln381_287_fu_159685_p2                |     |        | sub_ln381_287     | sub | fabric    | 0       |
|   add_ln381_854_fu_175426_p2                |     |        | add_ln381_854     | add | fabric    | 0       |
|   add_ln381_855_fu_175440_p2                |     |        | add_ln381_855     | add | fabric    | 0       |
|   Tp_265_fu_175454_p2                       |     |        | Tp_265            | add | fabric    | 0       |
|   add_ln381_859_fu_175472_p2                |     |        | add_ln381_859     | add | fabric    | 0       |
|   Tp_267_fu_175486_p2                       |     |        | Tp_267            | add | fabric    | 0       |
|   add_ln381_863_fu_175504_p2                |     |        | add_ln381_863     | add | fabric    | 0       |
|   Tp_269_fu_175518_p2                       |     |        | Tp_269            | add | fabric    | 0       |
|   add_ln381_867_fu_175536_p2                |     |        | add_ln381_867     | add | fabric    | 0       |
|   Tp_271_fu_175550_p2                       |     |        | Tp_271            | add | fabric    | 0       |
|   add_ln381_871_fu_175568_p2                |     |        | add_ln381_871     | add | fabric    | 0       |
|   Tp_273_fu_175582_p2                       |     |        | Tp_273            | add | fabric    | 0       |
|   add_ln381_875_fu_175600_p2                |     |        | add_ln381_875     | add | fabric    | 0       |
|   Tp_275_fu_175614_p2                       |     |        | Tp_275            | add | fabric    | 0       |
|   sub_ln381_291_fu_175653_p2                |     |        | sub_ln381_291     | sub | fabric    | 0       |
|   add_ln381_877_fu_175671_p2                |     |        | add_ln381_877     | add | fabric    | 0       |
|   Tp_276_fu_175697_p2                       |     |        | Tp_276            | add | fabric    | 0       |
|   sub_ln381_292_fu_159750_p2                |     |        | sub_ln381_292     | sub | fabric    | 0       |
|   addconv933_fu_159760_p2                   |     |        | addconv933        | add | fabric    | 0       |
|   mul_ln381_1325558_fu_175725_p2            |     |        | mul_ln381_1325558 | sub | fabric    | 0       |
|   add_ln381_881_fu_175743_p2                |     |        | add_ln381_881     | add | fabric    | 0       |
|   add_ln381_882_fu_175753_p2                |     |        | add_ln381_882     | add | fabric    | 0       |
|   add_ln381_885_fu_175813_p2                |     |        | add_ln381_885     | add | fabric    | 0       |
|   add_ln381_888_fu_175846_p2                |     |        | add_ln381_888     | add | fabric    | 0       |
|   add_ln381_889_fu_175852_p2                |     |        | add_ln381_889     | add | fabric    | 0       |
|   Tp_279_fu_175866_p2                       |     |        | Tp_279            | add | fabric    | 0       |
|   add_ln381_891_fu_175906_p2                |     |        | add_ln381_891     | add | fabric    | 0       |
|   add_ln381_894_fu_175939_p2                |     |        | add_ln381_894     | add | fabric    | 0       |
|   add_ln381_895_fu_175945_p2                |     |        | add_ln381_895     | add | fabric    | 0       |
|   Tp_281_fu_175959_p2                       |     |        | Tp_281            | add | fabric    | 0       |
|   add_ln381_897_fu_175999_p2                |     |        | add_ln381_897     | add | fabric    | 0       |
|   add_ln381_900_fu_176032_p2                |     |        | add_ln381_900     | add | fabric    | 0       |
|   add_ln381_901_fu_176038_p2                |     |        | add_ln381_901     | add | fabric    | 0       |
|   Tp_283_fu_176052_p2                       |     |        | Tp_283            | add | fabric    | 0       |
|   add_ln381_903_fu_176092_p2                |     |        | add_ln381_903     | add | fabric    | 0       |
|   add_ln381_906_fu_176125_p2                |     |        | add_ln381_906     | add | fabric    | 0       |
|   add_ln381_907_fu_176131_p2                |     |        | add_ln381_907     | add | fabric    | 0       |
|   Tp_285_fu_176145_p2                       |     |        | Tp_285            | add | fabric    | 0       |
|   add_ln381_909_fu_176185_p2                |     |        | add_ln381_909     | add | fabric    | 0       |
|   add_ln381_912_fu_176218_p2                |     |        | add_ln381_912     | add | fabric    | 0       |
|   add_ln381_913_fu_176224_p2                |     |        | add_ln381_913     | add | fabric    | 0       |
|   Tp_287_fu_176238_p2                       |     |        | Tp_287            | add | fabric    | 0       |
|   add_ln381_915_fu_176278_p2                |     |        | add_ln381_915     | add | fabric    | 0       |
|   add_ln381_918_fu_176311_p2                |     |        | add_ln381_918     | add | fabric    | 0       |
|   add_ln381_919_fu_176317_p2                |     |        | add_ln381_919     | add | fabric    | 0       |
|   Tp_289_fu_176331_p2                       |     |        | Tp_289            | add | fabric    | 0       |
|   add_ln381_921_fu_176371_p2                |     |        | add_ln381_921     | add | fabric    | 0       |
|   add_ln381_924_fu_176404_p2                |     |        | add_ln381_924     | add | fabric    | 0       |
|   add_ln381_925_fu_176410_p2                |     |        | add_ln381_925     | add | fabric    | 0       |
|   Tp_291_fu_176424_p2                       |     |        | Tp_291            | add | fabric    | 0       |
|   add_ln381_927_fu_176464_p2                |     |        | add_ln381_927     | add | fabric    | 0       |
|   add_ln381_930_fu_176497_p2                |     |        | add_ln381_930     | add | fabric    | 0       |
|   add_ln381_931_fu_176503_p2                |     |        | add_ln381_931     | add | fabric    | 0       |
|   Tp_293_fu_176517_p2                       |     |        | Tp_293            | add | fabric    | 0       |
|   add_ln381_933_fu_176534_p2                |     |        | add_ln381_933     | add | fabric    | 0       |
|   add_ln381_934_fu_176539_p2                |     |        | add_ln381_934     | add | fabric    | 0       |
|   Tp_294_fu_176549_p2                       |     |        | Tp_294            | add | fabric    | 0       |
|   add_ln381_936_fu_176566_p2                |     |        | add_ln381_936     | add | fabric    | 0       |
|   add_ln381_939_fu_176622_p2                |     |        | add_ln381_939     | add | fabric    | 0       |
|   add_ln381_942_fu_176655_p2                |     |        | add_ln381_942     | add | fabric    | 0       |
|   add_ln381_943_fu_176661_p2                |     |        | add_ln381_943     | add | fabric    | 0       |
|   Tp_297_fu_176675_p2                       |     |        | Tp_297            | add | fabric    | 0       |
|   add_ln381_945_fu_176715_p2                |     |        | add_ln381_945     | add | fabric    | 0       |
|   add_ln381_948_fu_176748_p2                |     |        | add_ln381_948     | add | fabric    | 0       |
|   add_ln381_949_fu_176754_p2                |     |        | add_ln381_949     | add | fabric    | 0       |
|   Tp_299_fu_176768_p2                       |     |        | Tp_299            | add | fabric    | 0       |
|   add_ln381_951_fu_176808_p2                |     |        | add_ln381_951     | add | fabric    | 0       |
|   add_ln381_954_fu_176841_p2                |     |        | add_ln381_954     | add | fabric    | 0       |
|   add_ln381_955_fu_176847_p2                |     |        | add_ln381_955     | add | fabric    | 0       |
|   Tp_301_fu_176861_p2                       |     |        | Tp_301            | add | fabric    | 0       |
|   add_ln381_958_fu_176901_p2                |     |        | add_ln381_958     | add | fabric    | 0       |
|   add_ln381_961_fu_176934_p2                |     |        | add_ln381_961     | add | fabric    | 0       |
|   add_ln381_962_fu_176940_p2                |     |        | add_ln381_962     | add | fabric    | 0       |
|   Tp_303_fu_176954_p2                       |     |        | Tp_303            | add | fabric    | 0       |
|   add_ln381_964_fu_176994_p2                |     |        | add_ln381_964     | add | fabric    | 0       |
|   add_ln381_967_fu_177027_p2                |     |        | add_ln381_967     | add | fabric    | 0       |
|   add_ln381_968_fu_177033_p2                |     |        | add_ln381_968     | add | fabric    | 0       |
|   Tp_305_fu_177047_p2                       |     |        | Tp_305            | add | fabric    | 0       |
|   add_ln381_970_fu_177087_p2                |     |        | add_ln381_970     | add | fabric    | 0       |
|   add_ln381_973_fu_177120_p2                |     |        | add_ln381_973     | add | fabric    | 0       |
|   add_ln381_974_fu_177126_p2                |     |        | add_ln381_974     | add | fabric    | 0       |
|   Tp_307_fu_177140_p2                       |     |        | Tp_307            | add | fabric    | 0       |
|   sub_ln381_323_fu_159794_p2                |     |        | sub_ln381_323     | sub | fabric    | 0       |
|   add_ln381_976_fu_177157_p2                |     |        | add_ln381_976     | add | fabric    | 0       |
|   sub_ln381_324_fu_159811_p2                |     |        | sub_ln381_324     | sub | fabric    | 0       |
|   add_ln381_979_fu_177194_p2                |     |        | add_ln381_979     | add | fabric    | 0       |
|   add_ln381_980_fu_177208_p2                |     |        | add_ln381_980     | add | fabric    | 0       |
|   Tp_309_fu_177222_p2                       |     |        | Tp_309            | add | fabric    | 0       |
|   add_ln381_984_fu_177240_p2                |     |        | add_ln381_984     | add | fabric    | 0       |
|   Tp_311_fu_177254_p2                       |     |        | Tp_311            | add | fabric    | 0       |
|   add_ln381_988_fu_177272_p2                |     |        | add_ln381_988     | add | fabric    | 0       |
|   Tp_313_fu_177286_p2                       |     |        | Tp_313            | add | fabric    | 0       |
|   add_ln381_992_fu_177304_p2                |     |        | add_ln381_992     | add | fabric    | 0       |
|   Tp_315_fu_177318_p2                       |     |        | Tp_315            | add | fabric    | 0       |
|   add_ln381_996_fu_177336_p2                |     |        | add_ln381_996     | add | fabric    | 0       |
|   Tp_317_fu_177350_p2                       |     |        | Tp_317            | add | fabric    | 0       |
|   add_ln381_1000_fu_177368_p2               |     |        | add_ln381_1000    | add | fabric    | 0       |
|   Tp_319_fu_177382_p2                       |     |        | Tp_319            | add | fabric    | 0       |
|   add_ln381_1004_fu_177400_p2               |     |        | add_ln381_1004    | add | fabric    | 0       |
|   Tp_321_fu_177414_p2                       |     |        | Tp_321            | add | fabric    | 0       |
|   sub_ln381_328_fu_177453_p2                |     |        | sub_ln381_328     | sub | fabric    | 0       |
|   add_ln381_1006_fu_177471_p2               |     |        | add_ln381_1006    | add | fabric    | 0       |
|   Tp_322_fu_177497_p2                       |     |        | Tp_322            | add | fabric    | 0       |
|   sub_ln381_329_fu_159876_p2                |     |        | sub_ln381_329     | sub | fabric    | 0       |
|   addconv934_fu_159886_p2                   |     |        | addconv934        | add | fabric    | 0       |
|   mul_ln381_1525556_fu_177525_p2            |     |        | mul_ln381_1525556 | sub | fabric    | 0       |
|   add_ln381_1010_fu_177543_p2               |     |        | add_ln381_1010    | add | fabric    | 0       |
|   add_ln381_1011_fu_177553_p2               |     |        | add_ln381_1011    | add | fabric    | 0       |
|   add_ln381_1014_fu_177613_p2               |     |        | add_ln381_1014    | add | fabric    | 0       |
|   add_ln381_1017_fu_177646_p2               |     |        | add_ln381_1017    | add | fabric    | 0       |
|   add_ln381_1018_fu_177652_p2               |     |        | add_ln381_1018    | add | fabric    | 0       |
|   Tp_325_fu_177666_p2                       |     |        | Tp_325            | add | fabric    | 0       |
|   add_ln381_1020_fu_177706_p2               |     |        | add_ln381_1020    | add | fabric    | 0       |
|   add_ln381_1023_fu_177739_p2               |     |        | add_ln381_1023    | add | fabric    | 0       |
|   add_ln381_1024_fu_177745_p2               |     |        | add_ln381_1024    | add | fabric    | 0       |
|   Tp_327_fu_177759_p2                       |     |        | Tp_327            | add | fabric    | 0       |
|   add_ln381_1026_fu_177799_p2               |     |        | add_ln381_1026    | add | fabric    | 0       |
|   add_ln381_1029_fu_177832_p2               |     |        | add_ln381_1029    | add | fabric    | 0       |
|   add_ln381_1030_fu_177838_p2               |     |        | add_ln381_1030    | add | fabric    | 0       |
|   Tp_329_fu_177852_p2                       |     |        | Tp_329            | add | fabric    | 0       |
|   add_ln381_1032_fu_177892_p2               |     |        | add_ln381_1032    | add | fabric    | 0       |
|   add_ln381_1035_fu_177925_p2               |     |        | add_ln381_1035    | add | fabric    | 0       |
|   add_ln381_1036_fu_177931_p2               |     |        | add_ln381_1036    | add | fabric    | 0       |
|   Tp_331_fu_177945_p2                       |     |        | Tp_331            | add | fabric    | 0       |
|   add_ln381_1038_fu_177985_p2               |     |        | add_ln381_1038    | add | fabric    | 0       |
|   add_ln381_1041_fu_178018_p2               |     |        | add_ln381_1041    | add | fabric    | 0       |
|   add_ln381_1042_fu_178024_p2               |     |        | add_ln381_1042    | add | fabric    | 0       |
|   Tp_333_fu_178038_p2                       |     |        | Tp_333            | add | fabric    | 0       |
|   add_ln381_1044_fu_178078_p2               |     |        | add_ln381_1044    | add | fabric    | 0       |
|   add_ln381_1047_fu_178111_p2               |     |        | add_ln381_1047    | add | fabric    | 0       |
|   add_ln381_1048_fu_178117_p2               |     |        | add_ln381_1048    | add | fabric    | 0       |
|   Tp_335_fu_178131_p2                       |     |        | Tp_335            | add | fabric    | 0       |
|   add_ln381_1050_fu_178171_p2               |     |        | add_ln381_1050    | add | fabric    | 0       |
|   add_ln381_1053_fu_178204_p2               |     |        | add_ln381_1053    | add | fabric    | 0       |
|   add_ln381_1054_fu_178210_p2               |     |        | add_ln381_1054    | add | fabric    | 0       |
|   Tp_337_fu_178224_p2                       |     |        | Tp_337            | add | fabric    | 0       |
|   add_ln381_1056_fu_178241_p2               |     |        | add_ln381_1056    | add | fabric    | 0       |
|   add_ln381_1057_fu_178246_p2               |     |        | add_ln381_1057    | add | fabric    | 0       |
|   Tp_338_fu_178256_p2                       |     |        | Tp_338            | add | fabric    | 0       |
|   add_ln381_1059_fu_178273_p2               |     |        | add_ln381_1059    | add | fabric    | 0       |
|   add_ln381_1062_fu_178329_p2               |     |        | add_ln381_1062    | add | fabric    | 0       |
|   add_ln381_1065_fu_178362_p2               |     |        | add_ln381_1065    | add | fabric    | 0       |
|   add_ln381_1066_fu_178368_p2               |     |        | add_ln381_1066    | add | fabric    | 0       |
|   Tp_341_fu_178382_p2                       |     |        | Tp_341            | add | fabric    | 0       |
|   add_ln381_1068_fu_178422_p2               |     |        | add_ln381_1068    | add | fabric    | 0       |
|   add_ln381_1071_fu_178455_p2               |     |        | add_ln381_1071    | add | fabric    | 0       |
|   add_ln381_1072_fu_178461_p2               |     |        | add_ln381_1072    | add | fabric    | 0       |
|   Tp_343_fu_178475_p2                       |     |        | Tp_343            | add | fabric    | 0       |
|   add_ln381_1074_fu_178515_p2               |     |        | add_ln381_1074    | add | fabric    | 0       |
|   add_ln381_1077_fu_178548_p2               |     |        | add_ln381_1077    | add | fabric    | 0       |
|   add_ln381_1078_fu_178554_p2               |     |        | add_ln381_1078    | add | fabric    | 0       |
|   Tp_345_fu_178568_p2                       |     |        | Tp_345            | add | fabric    | 0       |
|   add_ln381_1080_fu_178608_p2               |     |        | add_ln381_1080    | add | fabric    | 0       |
|   add_ln381_1083_fu_178641_p2               |     |        | add_ln381_1083    | add | fabric    | 0       |
|   add_ln381_1084_fu_178647_p2               |     |        | add_ln381_1084    | add | fabric    | 0       |
|   Tp_347_fu_178661_p2                       |     |        | Tp_347            | add | fabric    | 0       |
|   add_ln381_1086_fu_178701_p2               |     |        | add_ln381_1086    | add | fabric    | 0       |
|   add_ln381_1089_fu_178734_p2               |     |        | add_ln381_1089    | add | fabric    | 0       |
|   add_ln381_1090_fu_178740_p2               |     |        | add_ln381_1090    | add | fabric    | 0       |
|   Tp_349_fu_178754_p2                       |     |        | Tp_349            | add | fabric    | 0       |
|   add_ln381_1092_fu_178794_p2               |     |        | add_ln381_1092    | add | fabric    | 0       |
|   add_ln381_1095_fu_178827_p2               |     |        | add_ln381_1095    | add | fabric    | 0       |
|   add_ln381_1096_fu_178833_p2               |     |        | add_ln381_1096    | add | fabric    | 0       |
|   Tp_351_fu_178847_p2                       |     |        | Tp_351            | add | fabric    | 0       |
|   sub_ln381_358_fu_159920_p2                |     |        | sub_ln381_358     | sub | fabric    | 0       |
|   add_ln381_1098_fu_178864_p2               |     |        | add_ln381_1098    | add | fabric    | 0       |
|   sub_ln381_359_fu_159937_p2                |     |        | sub_ln381_359     | sub | fabric    | 0       |
|   add_ln381_1102_fu_178901_p2               |     |        | add_ln381_1102    | add | fabric    | 0       |
|   add_ln381_1103_fu_178915_p2               |     |        | add_ln381_1103    | add | fabric    | 0       |
|   Tp_353_fu_178929_p2                       |     |        | Tp_353            | add | fabric    | 0       |
|   add_ln381_1107_fu_178947_p2               |     |        | add_ln381_1107    | add | fabric    | 0       |
|   Tp_355_fu_178961_p2                       |     |        | Tp_355            | add | fabric    | 0       |
|   add_ln381_1111_fu_178979_p2               |     |        | add_ln381_1111    | add | fabric    | 0       |
|   Tp_357_fu_178993_p2                       |     |        | Tp_357            | add | fabric    | 0       |
|   add_ln381_1115_fu_179011_p2               |     |        | add_ln381_1115    | add | fabric    | 0       |
|   Tp_359_fu_179025_p2                       |     |        | Tp_359            | add | fabric    | 0       |
|   add_ln381_1119_fu_179043_p2               |     |        | add_ln381_1119    | add | fabric    | 0       |
|   Tp_361_fu_179057_p2                       |     |        | Tp_361            | add | fabric    | 0       |
|   add_ln381_1123_fu_179075_p2               |     |        | add_ln381_1123    | add | fabric    | 0       |
|   Tp_363_fu_179089_p2                       |     |        | Tp_363            | add | fabric    | 0       |
|   add_ln381_1127_fu_179107_p2               |     |        | add_ln381_1127    | add | fabric    | 0       |
|   Tp_365_fu_179121_p2                       |     |        | Tp_365            | add | fabric    | 0       |
|   add_ln381_1131_fu_179139_p2               |     |        | add_ln381_1131    | add | fabric    | 0       |
|   Tp_367_fu_179153_p2                       |     |        | Tp_367            | add | fabric    | 0       |
|   sub_ln381_363_fu_179192_p2                |     |        | sub_ln381_363     | sub | fabric    | 0       |
|   add_ln381_1133_fu_179210_p2               |     |        | add_ln381_1133    | add | fabric    | 0       |
|   Tp_368_fu_179236_p2                       |     |        | Tp_368            | add | fabric    | 0       |
|   sub_ln381_364_fu_160002_p2                |     |        | sub_ln381_364     | sub | fabric    | 0       |
|   addconv935_fu_160012_p2                   |     |        | addconv935        | add | fabric    | 0       |
|   mul_ln381_1725554_fu_179264_p2            |     |        | mul_ln381_1725554 | sub | fabric    | 0       |
|   add_ln381_1137_fu_179282_p2               |     |        | add_ln381_1137    | add | fabric    | 0       |
|   add_ln381_1138_fu_179292_p2               |     |        | add_ln381_1138    | add | fabric    | 0       |
|   add_ln381_1141_fu_179352_p2               |     |        | add_ln381_1141    | add | fabric    | 0       |
|   add_ln381_1144_fu_179385_p2               |     |        | add_ln381_1144    | add | fabric    | 0       |
|   add_ln381_1145_fu_179391_p2               |     |        | add_ln381_1145    | add | fabric    | 0       |
|   Tp_371_fu_179405_p2                       |     |        | Tp_371            | add | fabric    | 0       |
|   add_ln381_1147_fu_179445_p2               |     |        | add_ln381_1147    | add | fabric    | 0       |
|   add_ln381_1150_fu_179478_p2               |     |        | add_ln381_1150    | add | fabric    | 0       |
|   add_ln381_1151_fu_179484_p2               |     |        | add_ln381_1151    | add | fabric    | 0       |
|   Tp_373_fu_179498_p2                       |     |        | Tp_373            | add | fabric    | 0       |
|   add_ln381_1153_fu_179538_p2               |     |        | add_ln381_1153    | add | fabric    | 0       |
|   add_ln381_1156_fu_179571_p2               |     |        | add_ln381_1156    | add | fabric    | 0       |
|   add_ln381_1157_fu_179577_p2               |     |        | add_ln381_1157    | add | fabric    | 0       |
|   Tp_375_fu_179591_p2                       |     |        | Tp_375            | add | fabric    | 0       |
|   add_ln381_1159_fu_179631_p2               |     |        | add_ln381_1159    | add | fabric    | 0       |
|   add_ln381_1162_fu_179664_p2               |     |        | add_ln381_1162    | add | fabric    | 0       |
|   add_ln381_1163_fu_179670_p2               |     |        | add_ln381_1163    | add | fabric    | 0       |
|   Tp_377_fu_179684_p2                       |     |        | Tp_377            | add | fabric    | 0       |
|   add_ln381_1165_fu_179724_p2               |     |        | add_ln381_1165    | add | fabric    | 0       |
|   add_ln381_1168_fu_179757_p2               |     |        | add_ln381_1168    | add | fabric    | 0       |
|   add_ln381_1169_fu_179763_p2               |     |        | add_ln381_1169    | add | fabric    | 0       |
|   Tp_379_fu_179777_p2                       |     |        | Tp_379            | add | fabric    | 0       |
|   add_ln381_1171_fu_179817_p2               |     |        | add_ln381_1171    | add | fabric    | 0       |
|   add_ln381_1174_fu_179850_p2               |     |        | add_ln381_1174    | add | fabric    | 0       |
|   add_ln381_1175_fu_179856_p2               |     |        | add_ln381_1175    | add | fabric    | 0       |
|   Tp_381_fu_179870_p2                       |     |        | Tp_381            | add | fabric    | 0       |
|   add_ln381_1177_fu_179887_p2               |     |        | add_ln381_1177    | add | fabric    | 0       |
|   add_ln381_1178_fu_179892_p2               |     |        | add_ln381_1178    | add | fabric    | 0       |
|   Tp_382_fu_179902_p2                       |     |        | Tp_382            | add | fabric    | 0       |
|   add_ln381_1180_fu_179919_p2               |     |        | add_ln381_1180    | add | fabric    | 0       |
|   add_ln381_1183_fu_179975_p2               |     |        | add_ln381_1183    | add | fabric    | 0       |
|   add_ln381_1186_fu_180008_p2               |     |        | add_ln381_1186    | add | fabric    | 0       |
|   add_ln381_1187_fu_180014_p2               |     |        | add_ln381_1187    | add | fabric    | 0       |
|   Tp_385_fu_180028_p2                       |     |        | Tp_385            | add | fabric    | 0       |
|   add_ln381_1189_fu_180068_p2               |     |        | add_ln381_1189    | add | fabric    | 0       |
|   add_ln381_1192_fu_180101_p2               |     |        | add_ln381_1192    | add | fabric    | 0       |
|   add_ln381_1193_fu_180107_p2               |     |        | add_ln381_1193    | add | fabric    | 0       |
|   Tp_387_fu_180121_p2                       |     |        | Tp_387            | add | fabric    | 0       |
|   add_ln381_1195_fu_180161_p2               |     |        | add_ln381_1195    | add | fabric    | 0       |
|   add_ln381_1198_fu_180194_p2               |     |        | add_ln381_1198    | add | fabric    | 0       |
|   add_ln381_1199_fu_180200_p2               |     |        | add_ln381_1199    | add | fabric    | 0       |
|   Tp_389_fu_180214_p2                       |     |        | Tp_389            | add | fabric    | 0       |
|   add_ln381_1201_fu_180254_p2               |     |        | add_ln381_1201    | add | fabric    | 0       |
|   add_ln381_1204_fu_180287_p2               |     |        | add_ln381_1204    | add | fabric    | 0       |
|   add_ln381_1205_fu_180293_p2               |     |        | add_ln381_1205    | add | fabric    | 0       |
|   Tp_391_fu_180307_p2                       |     |        | Tp_391            | add | fabric    | 0       |
|   add_ln381_1207_fu_180347_p2               |     |        | add_ln381_1207    | add | fabric    | 0       |
|   add_ln381_1210_fu_180380_p2               |     |        | add_ln381_1210    | add | fabric    | 0       |
|   add_ln381_1211_fu_180386_p2               |     |        | add_ln381_1211    | add | fabric    | 0       |
|   Tp_393_fu_180400_p2                       |     |        | Tp_393            | add | fabric    | 0       |
|   add_ln381_1213_fu_180440_p2               |     |        | add_ln381_1213    | add | fabric    | 0       |
|   add_ln381_1216_fu_180473_p2               |     |        | add_ln381_1216    | add | fabric    | 0       |
|   add_ln381_1217_fu_180479_p2               |     |        | add_ln381_1217    | add | fabric    | 0       |
|   Tp_395_fu_180493_p2                       |     |        | Tp_395            | add | fabric    | 0       |
|   sub_ln381_391_fu_160044_p2                |     |        | sub_ln381_391     | sub | fabric    | 0       |
|   add_ln381_1219_fu_180510_p2               |     |        | add_ln381_1219    | add | fabric    | 0       |
|   sub_ln381_392_fu_160061_p2                |     |        | sub_ln381_392     | sub | fabric    | 0       |
|   add_ln381_1222_fu_180547_p2               |     |        | add_ln381_1222    | add | fabric    | 0       |
|   add_ln381_1223_fu_180561_p2               |     |        | add_ln381_1223    | add | fabric    | 0       |
|   Tp_397_fu_180575_p2                       |     |        | Tp_397            | add | fabric    | 0       |
|   add_ln381_1227_fu_180593_p2               |     |        | add_ln381_1227    | add | fabric    | 0       |
|   Tp_399_fu_180607_p2                       |     |        | Tp_399            | add | fabric    | 0       |
|   add_ln381_1231_fu_180625_p2               |     |        | add_ln381_1231    | add | fabric    | 0       |
|   Tp_401_fu_180639_p2                       |     |        | Tp_401            | add | fabric    | 0       |
|   add_ln381_1235_fu_180657_p2               |     |        | add_ln381_1235    | add | fabric    | 0       |
|   Tp_403_fu_180671_p2                       |     |        | Tp_403            | add | fabric    | 0       |
|   add_ln381_1239_fu_180689_p2               |     |        | add_ln381_1239    | add | fabric    | 0       |
|   Tp_405_fu_180703_p2                       |     |        | Tp_405            | add | fabric    | 0       |
|   add_ln381_1244_fu_180721_p2               |     |        | add_ln381_1244    | add | fabric    | 0       |
|   Tp_407_fu_180735_p2                       |     |        | Tp_407            | add | fabric    | 0       |
|   add_ln381_1248_fu_180753_p2               |     |        | add_ln381_1248    | add | fabric    | 0       |
|   Tp_409_fu_180767_p2                       |     |        | Tp_409            | add | fabric    | 0       |
|   add_ln381_1252_fu_180785_p2               |     |        | add_ln381_1252    | add | fabric    | 0       |
|   Tp_411_fu_180799_p2                       |     |        | Tp_411            | add | fabric    | 0       |
|   add_ln381_1256_fu_180817_p2               |     |        | add_ln381_1256    | add | fabric    | 0       |
|   Tp_413_fu_180831_p2                       |     |        | Tp_413            | add | fabric    | 0       |
|   sub_ln381_396_fu_180870_p2                |     |        | sub_ln381_396     | sub | fabric    | 0       |
|   add_ln381_1258_fu_180888_p2               |     |        | add_ln381_1258    | add | fabric    | 0       |
|   Tp_414_fu_180914_p2                       |     |        | Tp_414            | add | fabric    | 0       |
|   sub_ln381_397_fu_160126_p2                |     |        | sub_ln381_397     | sub | fabric    | 0       |
|   addconv936_fu_160136_p2                   |     |        | addconv936        | add | fabric    | 0       |
|   mul_ln381_1925552_fu_180942_p2            |     |        | mul_ln381_1925552 | sub | fabric    | 0       |
|   add_ln381_1262_fu_180960_p2               |     |        | add_ln381_1262    | add | fabric    | 0       |
|   add_ln381_1263_fu_180970_p2               |     |        | add_ln381_1263    | add | fabric    | 0       |
|   add_ln381_1266_fu_181030_p2               |     |        | add_ln381_1266    | add | fabric    | 0       |
|   add_ln381_1269_fu_181063_p2               |     |        | add_ln381_1269    | add | fabric    | 0       |
|   add_ln381_1270_fu_181069_p2               |     |        | add_ln381_1270    | add | fabric    | 0       |
|   Tp_417_fu_181083_p2                       |     |        | Tp_417            | add | fabric    | 0       |
|   add_ln381_1272_fu_181123_p2               |     |        | add_ln381_1272    | add | fabric    | 0       |
|   add_ln381_1275_fu_181156_p2               |     |        | add_ln381_1275    | add | fabric    | 0       |
|   add_ln381_1276_fu_181162_p2               |     |        | add_ln381_1276    | add | fabric    | 0       |
|   Tp_419_fu_181176_p2                       |     |        | Tp_419            | add | fabric    | 0       |
|   add_ln381_1278_fu_181216_p2               |     |        | add_ln381_1278    | add | fabric    | 0       |
|   add_ln381_1281_fu_181249_p2               |     |        | add_ln381_1281    | add | fabric    | 0       |
|   add_ln381_1282_fu_181255_p2               |     |        | add_ln381_1282    | add | fabric    | 0       |
|   Tp_421_fu_181269_p2                       |     |        | Tp_421            | add | fabric    | 0       |
|   add_ln381_1284_fu_181309_p2               |     |        | add_ln381_1284    | add | fabric    | 0       |
|   add_ln381_1287_fu_181342_p2               |     |        | add_ln381_1287    | add | fabric    | 0       |
|   add_ln381_1288_fu_181348_p2               |     |        | add_ln381_1288    | add | fabric    | 0       |
|   Tp_423_fu_181362_p2                       |     |        | Tp_423            | add | fabric    | 0       |
|   add_ln381_1290_fu_181402_p2               |     |        | add_ln381_1290    | add | fabric    | 0       |
|   add_ln381_1293_fu_181435_p2               |     |        | add_ln381_1293    | add | fabric    | 0       |
|   add_ln381_1294_fu_181441_p2               |     |        | add_ln381_1294    | add | fabric    | 0       |
|   Tp_425_fu_181455_p2                       |     |        | Tp_425            | add | fabric    | 0       |
|   add_ln381_1296_fu_181472_p2               |     |        | add_ln381_1296    | add | fabric    | 0       |
|   add_ln381_1297_fu_181477_p2               |     |        | add_ln381_1297    | add | fabric    | 0       |
|   Tp_426_fu_181487_p2                       |     |        | Tp_426            | add | fabric    | 0       |
|   add_ln381_1299_fu_181504_p2               |     |        | add_ln381_1299    | add | fabric    | 0       |
|   add_ln381_1302_fu_181560_p2               |     |        | add_ln381_1302    | add | fabric    | 0       |
|   add_ln381_1305_fu_181593_p2               |     |        | add_ln381_1305    | add | fabric    | 0       |
|   add_ln381_1306_fu_181599_p2               |     |        | add_ln381_1306    | add | fabric    | 0       |
|   Tp_429_fu_181613_p2                       |     |        | Tp_429            | add | fabric    | 0       |
|   add_ln381_1308_fu_181653_p2               |     |        | add_ln381_1308    | add | fabric    | 0       |
|   add_ln381_1311_fu_181686_p2               |     |        | add_ln381_1311    | add | fabric    | 0       |
|   add_ln381_1312_fu_181692_p2               |     |        | add_ln381_1312    | add | fabric    | 0       |
|   Tp_431_fu_181706_p2                       |     |        | Tp_431            | add | fabric    | 0       |
|   add_ln381_1314_fu_181746_p2               |     |        | add_ln381_1314    | add | fabric    | 0       |
|   add_ln381_1317_fu_181779_p2               |     |        | add_ln381_1317    | add | fabric    | 0       |
|   add_ln381_1318_fu_181785_p2               |     |        | add_ln381_1318    | add | fabric    | 0       |
|   Tp_433_fu_181799_p2                       |     |        | Tp_433            | add | fabric    | 0       |
|   add_ln381_1320_fu_181839_p2               |     |        | add_ln381_1320    | add | fabric    | 0       |
|   add_ln381_1323_fu_181872_p2               |     |        | add_ln381_1323    | add | fabric    | 0       |
|   add_ln381_1324_fu_181878_p2               |     |        | add_ln381_1324    | add | fabric    | 0       |
|   Tp_435_fu_181892_p2                       |     |        | Tp_435            | add | fabric    | 0       |
|   add_ln381_1326_fu_181932_p2               |     |        | add_ln381_1326    | add | fabric    | 0       |
|   add_ln381_1329_fu_181965_p2               |     |        | add_ln381_1329    | add | fabric    | 0       |
|   add_ln381_1330_fu_181971_p2               |     |        | add_ln381_1330    | add | fabric    | 0       |
|   Tp_437_fu_181985_p2                       |     |        | Tp_437            | add | fabric    | 0       |
|   add_ln381_1332_fu_182025_p2               |     |        | add_ln381_1332    | add | fabric    | 0       |
|   add_ln381_1335_fu_182058_p2               |     |        | add_ln381_1335    | add | fabric    | 0       |
|   add_ln381_1336_fu_182064_p2               |     |        | add_ln381_1336    | add | fabric    | 0       |
|   Tp_439_fu_182078_p2                       |     |        | Tp_439            | add | fabric    | 0       |
|   sub_ln381_422_fu_160170_p2                |     |        | sub_ln381_422     | sub | fabric    | 0       |
|   add_ln381_1338_fu_182095_p2               |     |        | add_ln381_1338    | add | fabric    | 0       |
|   sub_ln381_423_fu_160187_p2                |     |        | sub_ln381_423     | sub | fabric    | 0       |
|   add_ln381_1341_fu_182132_p2               |     |        | add_ln381_1341    | add | fabric    | 0       |
|   add_ln381_1342_fu_182146_p2               |     |        | add_ln381_1342    | add | fabric    | 0       |
|   Tp_441_fu_182160_p2                       |     |        | Tp_441            | add | fabric    | 0       |
|   add_ln381_1346_fu_182178_p2               |     |        | add_ln381_1346    | add | fabric    | 0       |
|   Tp_443_fu_182192_p2                       |     |        | Tp_443            | add | fabric    | 0       |
|   add_ln381_1350_fu_182210_p2               |     |        | add_ln381_1350    | add | fabric    | 0       |
|   Tp_445_fu_182224_p2                       |     |        | Tp_445            | add | fabric    | 0       |
|   add_ln381_1354_fu_182242_p2               |     |        | add_ln381_1354    | add | fabric    | 0       |
|   Tp_447_fu_182256_p2                       |     |        | Tp_447            | add | fabric    | 0       |
|   add_ln381_1358_fu_182274_p2               |     |        | add_ln381_1358    | add | fabric    | 0       |
|   Tp_449_fu_182288_p2                       |     |        | Tp_449            | add | fabric    | 0       |
|   add_ln381_1362_fu_182306_p2               |     |        | add_ln381_1362    | add | fabric    | 0       |
|   Tp_451_fu_182320_p2                       |     |        | Tp_451            | add | fabric    | 0       |
|   add_ln381_1366_fu_182338_p2               |     |        | add_ln381_1366    | add | fabric    | 0       |
|   Tp_453_fu_182352_p2                       |     |        | Tp_453            | add | fabric    | 0       |
|   add_ln381_1370_fu_182370_p2               |     |        | add_ln381_1370    | add | fabric    | 0       |
|   Tp_455_fu_182384_p2                       |     |        | Tp_455            | add | fabric    | 0       |
|   add_ln381_1374_fu_182402_p2               |     |        | add_ln381_1374    | add | fabric    | 0       |
|   Tp_457_fu_182416_p2                       |     |        | Tp_457            | add | fabric    | 0       |
|   add_ln381_1378_fu_182434_p2               |     |        | add_ln381_1378    | add | fabric    | 0       |
|   Tp_459_fu_182448_p2                       |     |        | Tp_459            | add | fabric    | 0       |
|   sub_ln381_427_fu_182487_p2                |     |        | sub_ln381_427     | sub | fabric    | 0       |
|   add_ln381_1380_fu_182505_p2               |     |        | add_ln381_1380    | add | fabric    | 0       |
|   Tp_460_fu_182531_p2                       |     |        | Tp_460            | add | fabric    | 0       |
|   sub_ln381_428_fu_160252_p2                |     |        | sub_ln381_428     | sub | fabric    | 0       |
|   addconv937_fu_160262_p2                   |     |        | addconv937        | add | fabric    | 0       |
|   mul_ln381_2125550_fu_182559_p2            |     |        | mul_ln381_2125550 | sub | fabric    | 0       |
|   add_ln381_1385_fu_182577_p2               |     |        | add_ln381_1385    | add | fabric    | 0       |
|   add_ln381_1386_fu_182587_p2               |     |        | add_ln381_1386    | add | fabric    | 0       |
|   add_ln381_1389_fu_182647_p2               |     |        | add_ln381_1389    | add | fabric    | 0       |
|   add_ln381_1392_fu_182680_p2               |     |        | add_ln381_1392    | add | fabric    | 0       |
|   add_ln381_1393_fu_182686_p2               |     |        | add_ln381_1393    | add | fabric    | 0       |
|   Tp_463_fu_182700_p2                       |     |        | Tp_463            | add | fabric    | 0       |
|   add_ln381_1395_fu_182740_p2               |     |        | add_ln381_1395    | add | fabric    | 0       |
|   add_ln381_1398_fu_182773_p2               |     |        | add_ln381_1398    | add | fabric    | 0       |
|   add_ln381_1399_fu_182779_p2               |     |        | add_ln381_1399    | add | fabric    | 0       |
|   Tp_465_fu_182793_p2                       |     |        | Tp_465            | add | fabric    | 0       |
|   add_ln381_1401_fu_182833_p2               |     |        | add_ln381_1401    | add | fabric    | 0       |
|   add_ln381_1404_fu_182866_p2               |     |        | add_ln381_1404    | add | fabric    | 0       |
|   add_ln381_1405_fu_182872_p2               |     |        | add_ln381_1405    | add | fabric    | 0       |
|   Tp_467_fu_182886_p2                       |     |        | Tp_467            | add | fabric    | 0       |
|   add_ln381_1407_fu_182926_p2               |     |        | add_ln381_1407    | add | fabric    | 0       |
|   add_ln381_1410_fu_182959_p2               |     |        | add_ln381_1410    | add | fabric    | 0       |
|   add_ln381_1411_fu_182965_p2               |     |        | add_ln381_1411    | add | fabric    | 0       |
|   Tp_469_fu_182979_p2                       |     |        | Tp_469            | add | fabric    | 0       |
|   add_ln381_1413_fu_182996_p2               |     |        | add_ln381_1413    | add | fabric    | 0       |
|   add_ln381_1414_fu_183001_p2               |     |        | add_ln381_1414    | add | fabric    | 0       |
|   Tp_470_fu_183011_p2                       |     |        | Tp_470            | add | fabric    | 0       |
|   add_ln381_1416_fu_183028_p2               |     |        | add_ln381_1416    | add | fabric    | 0       |
|   add_ln381_1419_fu_183084_p2               |     |        | add_ln381_1419    | add | fabric    | 0       |
|   add_ln381_1422_fu_183117_p2               |     |        | add_ln381_1422    | add | fabric    | 0       |
|   add_ln381_1423_fu_183123_p2               |     |        | add_ln381_1423    | add | fabric    | 0       |
|   Tp_473_fu_183137_p2                       |     |        | Tp_473            | add | fabric    | 0       |
|   add_ln381_1425_fu_183177_p2               |     |        | add_ln381_1425    | add | fabric    | 0       |
|   add_ln381_1428_fu_183210_p2               |     |        | add_ln381_1428    | add | fabric    | 0       |
|   add_ln381_1429_fu_183216_p2               |     |        | add_ln381_1429    | add | fabric    | 0       |
|   Tp_475_fu_183230_p2                       |     |        | Tp_475            | add | fabric    | 0       |
|   add_ln381_1431_fu_183270_p2               |     |        | add_ln381_1431    | add | fabric    | 0       |
|   add_ln381_1434_fu_183303_p2               |     |        | add_ln381_1434    | add | fabric    | 0       |
|   add_ln381_1435_fu_183309_p2               |     |        | add_ln381_1435    | add | fabric    | 0       |
|   Tp_477_fu_183323_p2                       |     |        | Tp_477            | add | fabric    | 0       |
|   add_ln381_1437_fu_183363_p2               |     |        | add_ln381_1437    | add | fabric    | 0       |
|   add_ln381_1440_fu_183396_p2               |     |        | add_ln381_1440    | add | fabric    | 0       |
|   add_ln381_1441_fu_183402_p2               |     |        | add_ln381_1441    | add | fabric    | 0       |
|   Tp_479_fu_183416_p2                       |     |        | Tp_479            | add | fabric    | 0       |
|   add_ln381_1443_fu_183456_p2               |     |        | add_ln381_1443    | add | fabric    | 0       |
|   add_ln381_1446_fu_183489_p2               |     |        | add_ln381_1446    | add | fabric    | 0       |
|   add_ln381_1447_fu_183495_p2               |     |        | add_ln381_1447    | add | fabric    | 0       |
|   Tp_481_fu_183509_p2                       |     |        | Tp_481            | add | fabric    | 0       |
|   add_ln381_1449_fu_183549_p2               |     |        | add_ln381_1449    | add | fabric    | 0       |
|   add_ln381_1452_fu_183582_p2               |     |        | add_ln381_1452    | add | fabric    | 0       |
|   add_ln381_1453_fu_183588_p2               |     |        | add_ln381_1453    | add | fabric    | 0       |
|   Tp_483_fu_183602_p2                       |     |        | Tp_483            | add | fabric    | 0       |
|   sub_ln381_451_fu_160296_p2                |     |        | sub_ln381_451     | sub | fabric    | 0       |
|   add_ln381_1455_fu_183619_p2               |     |        | add_ln381_1455    | add | fabric    | 0       |
|   sub_ln381_452_fu_160313_p2                |     |        | sub_ln381_452     | sub | fabric    | 0       |
|   add_ln381_1458_fu_183656_p2               |     |        | add_ln381_1458    | add | fabric    | 0       |
|   add_ln381_1459_fu_183670_p2               |     |        | add_ln381_1459    | add | fabric    | 0       |
|   Tp_485_fu_183684_p2                       |     |        | Tp_485            | add | fabric    | 0       |
|   add_ln381_1463_fu_183702_p2               |     |        | add_ln381_1463    | add | fabric    | 0       |
|   Tp_487_fu_183716_p2                       |     |        | Tp_487            | add | fabric    | 0       |
|   add_ln381_1467_fu_183734_p2               |     |        | add_ln381_1467    | add | fabric    | 0       |
|   Tp_489_fu_183748_p2                       |     |        | Tp_489            | add | fabric    | 0       |
|   add_ln381_1471_fu_183766_p2               |     |        | add_ln381_1471    | add | fabric    | 0       |
|   Tp_491_fu_183780_p2                       |     |        | Tp_491            | add | fabric    | 0       |
|   add_ln381_1475_fu_183798_p2               |     |        | add_ln381_1475    | add | fabric    | 0       |
|   Tp_493_fu_183812_p2                       |     |        | Tp_493            | add | fabric    | 0       |
|   add_ln381_1479_fu_183830_p2               |     |        | add_ln381_1479    | add | fabric    | 0       |
|   Tp_495_fu_183844_p2                       |     |        | Tp_495            | add | fabric    | 0       |
|   add_ln381_1483_fu_183862_p2               |     |        | add_ln381_1483    | add | fabric    | 0       |
|   Tp_497_fu_183876_p2                       |     |        | Tp_497            | add | fabric    | 0       |
|   add_ln381_1487_fu_183894_p2               |     |        | add_ln381_1487    | add | fabric    | 0       |
|   Tp_499_fu_183908_p2                       |     |        | Tp_499            | add | fabric    | 0       |
|   add_ln381_1491_fu_183926_p2               |     |        | add_ln381_1491    | add | fabric    | 0       |
|   Tp_501_fu_183940_p2                       |     |        | Tp_501            | add | fabric    | 0       |
|   add_ln381_1495_fu_183958_p2               |     |        | add_ln381_1495    | add | fabric    | 0       |
|   Tp_503_fu_183972_p2                       |     |        | Tp_503            | add | fabric    | 0       |
|   add_ln381_1499_fu_183990_p2               |     |        | add_ln381_1499    | add | fabric    | 0       |
|   Tp_505_fu_184004_p2                       |     |        | Tp_505            | add | fabric    | 0       |
|   sub_ln381_456_fu_184043_p2                |     |        | sub_ln381_456     | sub | fabric    | 0       |
|   add_ln381_1501_fu_184061_p2               |     |        | add_ln381_1501    | add | fabric    | 0       |
|   Tp_506_fu_184087_p2                       |     |        | Tp_506            | add | fabric    | 0       |
|   sub_ln381_457_fu_160378_p2                |     |        | sub_ln381_457     | sub | fabric    | 0       |
|   addconv938_fu_160388_p2                   |     |        | addconv938        | add | fabric    | 0       |
|   mul_ln381_2325548_fu_184115_p2            |     |        | mul_ln381_2325548 | sub | fabric    | 0       |
|   add_ln381_1505_fu_184133_p2               |     |        | add_ln381_1505    | add | fabric    | 0       |
|   add_ln381_1506_fu_184143_p2               |     |        | add_ln381_1506    | add | fabric    | 0       |
|   add_ln381_1509_fu_184203_p2               |     |        | add_ln381_1509    | add | fabric    | 0       |
|   add_ln381_1512_fu_184236_p2               |     |        | add_ln381_1512    | add | fabric    | 0       |
|   add_ln381_1513_fu_184242_p2               |     |        | add_ln381_1513    | add | fabric    | 0       |
|   Tp_509_fu_184256_p2                       |     |        | Tp_509            | add | fabric    | 0       |
|   add_ln381_1515_fu_184296_p2               |     |        | add_ln381_1515    | add | fabric    | 0       |
|   add_ln381_1518_fu_184329_p2               |     |        | add_ln381_1518    | add | fabric    | 0       |
|   add_ln381_1519_fu_184335_p2               |     |        | add_ln381_1519    | add | fabric    | 0       |
|   Tp_511_fu_184349_p2                       |     |        | Tp_511            | add | fabric    | 0       |
|   add_ln381_1522_fu_184389_p2               |     |        | add_ln381_1522    | add | fabric    | 0       |
|   add_ln381_1525_fu_184422_p2               |     |        | add_ln381_1525    | add | fabric    | 0       |
|   add_ln381_1526_fu_184428_p2               |     |        | add_ln381_1526    | add | fabric    | 0       |
|   Tp_513_fu_184442_p2                       |     |        | Tp_513            | add | fabric    | 0       |
|   add_ln381_1528_fu_184459_p2               |     |        | add_ln381_1528    | add | fabric    | 0       |
|   add_ln381_1529_fu_184464_p2               |     |        | add_ln381_1529    | add | fabric    | 0       |
|   Tp_514_fu_184474_p2                       |     |        | Tp_514            | add | fabric    | 0       |
|   add_ln381_1531_fu_184491_p2               |     |        | add_ln381_1531    | add | fabric    | 0       |
|   add_ln381_1534_fu_184547_p2               |     |        | add_ln381_1534    | add | fabric    | 0       |
|   add_ln381_1537_fu_184580_p2               |     |        | add_ln381_1537    | add | fabric    | 0       |
|   add_ln381_1538_fu_184586_p2               |     |        | add_ln381_1538    | add | fabric    | 0       |
|   Tp_517_fu_184600_p2                       |     |        | Tp_517            | add | fabric    | 0       |
|   add_ln381_1540_fu_184640_p2               |     |        | add_ln381_1540    | add | fabric    | 0       |
|   add_ln381_1543_fu_184673_p2               |     |        | add_ln381_1543    | add | fabric    | 0       |
|   add_ln381_1544_fu_184679_p2               |     |        | add_ln381_1544    | add | fabric    | 0       |
|   Tp_519_fu_184693_p2                       |     |        | Tp_519            | add | fabric    | 0       |
|   add_ln381_1546_fu_184733_p2               |     |        | add_ln381_1546    | add | fabric    | 0       |
|   add_ln381_1549_fu_184766_p2               |     |        | add_ln381_1549    | add | fabric    | 0       |
|   add_ln381_1550_fu_184772_p2               |     |        | add_ln381_1550    | add | fabric    | 0       |
|   Tp_521_fu_184786_p2                       |     |        | Tp_521            | add | fabric    | 0       |
|   add_ln381_1552_fu_184826_p2               |     |        | add_ln381_1552    | add | fabric    | 0       |
|   add_ln381_1555_fu_184859_p2               |     |        | add_ln381_1555    | add | fabric    | 0       |
|   add_ln381_1556_fu_184865_p2               |     |        | add_ln381_1556    | add | fabric    | 0       |
|   Tp_523_fu_184879_p2                       |     |        | Tp_523            | add | fabric    | 0       |
|   add_ln381_1558_fu_184919_p2               |     |        | add_ln381_1558    | add | fabric    | 0       |
|   add_ln381_1561_fu_184952_p2               |     |        | add_ln381_1561    | add | fabric    | 0       |
|   add_ln381_1562_fu_184958_p2               |     |        | add_ln381_1562    | add | fabric    | 0       |
|   Tp_525_fu_184972_p2                       |     |        | Tp_525            | add | fabric    | 0       |
|   add_ln381_1564_fu_185012_p2               |     |        | add_ln381_1564    | add | fabric    | 0       |
|   add_ln381_1567_fu_185045_p2               |     |        | add_ln381_1567    | add | fabric    | 0       |
|   add_ln381_1568_fu_185051_p2               |     |        | add_ln381_1568    | add | fabric    | 0       |
|   Tp_527_fu_185065_p2                       |     |        | Tp_527            | add | fabric    | 0       |
|   sub_ln381_478_fu_160422_p2                |     |        | sub_ln381_478     | sub | fabric    | 0       |
|   add_ln381_1570_fu_185082_p2               |     |        | add_ln381_1570    | add | fabric    | 0       |
|   sub_ln381_479_fu_160439_p2                |     |        | sub_ln381_479     | sub | fabric    | 0       |
|   add_ln381_1573_fu_185119_p2               |     |        | add_ln381_1573    | add | fabric    | 0       |
|   add_ln381_1574_fu_185133_p2               |     |        | add_ln381_1574    | add | fabric    | 0       |
|   Tp_529_fu_185147_p2                       |     |        | Tp_529            | add | fabric    | 0       |
|   add_ln381_1578_fu_185165_p2               |     |        | add_ln381_1578    | add | fabric    | 0       |
|   Tp_531_fu_185179_p2                       |     |        | Tp_531            | add | fabric    | 0       |
|   add_ln381_1582_fu_185197_p2               |     |        | add_ln381_1582    | add | fabric    | 0       |
|   Tp_533_fu_185211_p2                       |     |        | Tp_533            | add | fabric    | 0       |
|   add_ln381_1586_fu_185229_p2               |     |        | add_ln381_1586    | add | fabric    | 0       |
|   Tp_535_fu_185243_p2                       |     |        | Tp_535            | add | fabric    | 0       |
|   add_ln381_1590_fu_185261_p2               |     |        | add_ln381_1590    | add | fabric    | 0       |
|   Tp_537_fu_185275_p2                       |     |        | Tp_537            | add | fabric    | 0       |
|   add_ln381_1594_fu_185293_p2               |     |        | add_ln381_1594    | add | fabric    | 0       |
|   Tp_539_fu_185307_p2                       |     |        | Tp_539            | add | fabric    | 0       |
|   add_ln381_1598_fu_185325_p2               |     |        | add_ln381_1598    | add | fabric    | 0       |
|   Tp_541_fu_185339_p2                       |     |        | Tp_541            | add | fabric    | 0       |
|   add_ln381_1602_fu_185357_p2               |     |        | add_ln381_1602    | add | fabric    | 0       |
|   Tp_543_fu_185371_p2                       |     |        | Tp_543            | add | fabric    | 0       |
|   add_ln381_1606_fu_185389_p2               |     |        | add_ln381_1606    | add | fabric    | 0       |
|   Tp_545_fu_185403_p2                       |     |        | Tp_545            | add | fabric    | 0       |
|   add_ln381_1610_fu_185421_p2               |     |        | add_ln381_1610    | add | fabric    | 0       |
|   Tp_547_fu_185435_p2                       |     |        | Tp_547            | add | fabric    | 0       |
|   add_ln381_1614_fu_185453_p2               |     |        | add_ln381_1614    | add | fabric    | 0       |
|   Tp_549_fu_185467_p2                       |     |        | Tp_549            | add | fabric    | 0       |
|   add_ln381_1618_fu_185485_p2               |     |        | add_ln381_1618    | add | fabric    | 0       |
|   Tp_551_fu_185499_p2                       |     |        | Tp_551            | add | fabric    | 0       |
|   sub_ln381_483_fu_185538_p2                |     |        | sub_ln381_483     | sub | fabric    | 0       |
|   add_ln381_1620_fu_185556_p2               |     |        | add_ln381_1620    | add | fabric    | 0       |
|   Tp_552_fu_185582_p2                       |     |        | Tp_552            | add | fabric    | 0       |
|   sub_ln381_484_fu_160504_p2                |     |        | sub_ln381_484     | sub | fabric    | 0       |
|   addconv939_fu_160514_p2                   |     |        | addconv939        | add | fabric    | 0       |
|   mul_ln381_2525546_fu_185610_p2            |     |        | mul_ln381_2525546 | sub | fabric    | 0       |
|   add_ln381_1624_fu_185628_p2               |     |        | add_ln381_1624    | add | fabric    | 0       |
|   add_ln381_1625_fu_185638_p2               |     |        | add_ln381_1625    | add | fabric    | 0       |
|   add_ln381_1628_fu_185698_p2               |     |        | add_ln381_1628    | add | fabric    | 0       |
|   add_ln381_1631_fu_185731_p2               |     |        | add_ln381_1631    | add | fabric    | 0       |
|   add_ln381_1632_fu_185737_p2               |     |        | add_ln381_1632    | add | fabric    | 0       |
|   Tp_555_fu_185751_p2                       |     |        | Tp_555            | add | fabric    | 0       |
|   add_ln381_1634_fu_185791_p2               |     |        | add_ln381_1634    | add | fabric    | 0       |
|   add_ln381_1637_fu_185824_p2               |     |        | add_ln381_1637    | add | fabric    | 0       |
|   add_ln381_1638_fu_185830_p2               |     |        | add_ln381_1638    | add | fabric    | 0       |
|   Tp_557_fu_185844_p2                       |     |        | Tp_557            | add | fabric    | 0       |
|   add_ln381_1640_fu_185861_p2               |     |        | add_ln381_1640    | add | fabric    | 0       |
|   add_ln381_1641_fu_185866_p2               |     |        | add_ln381_1641    | add | fabric    | 0       |
|   Tp_558_fu_185876_p2                       |     |        | Tp_558            | add | fabric    | 0       |
|   add_ln381_1643_fu_185893_p2               |     |        | add_ln381_1643    | add | fabric    | 0       |
|   add_ln381_1646_fu_185949_p2               |     |        | add_ln381_1646    | add | fabric    | 0       |
|   add_ln381_1649_fu_185982_p2               |     |        | add_ln381_1649    | add | fabric    | 0       |
|   add_ln381_1650_fu_185988_p2               |     |        | add_ln381_1650    | add | fabric    | 0       |
|   Tp_561_fu_186002_p2                       |     |        | Tp_561            | add | fabric    | 0       |
|   add_ln381_1652_fu_186042_p2               |     |        | add_ln381_1652    | add | fabric    | 0       |
|   add_ln381_1655_fu_186075_p2               |     |        | add_ln381_1655    | add | fabric    | 0       |
|   add_ln381_1656_fu_186081_p2               |     |        | add_ln381_1656    | add | fabric    | 0       |
|   Tp_563_fu_186095_p2                       |     |        | Tp_563            | add | fabric    | 0       |
|   add_ln381_1659_fu_186135_p2               |     |        | add_ln381_1659    | add | fabric    | 0       |
|   add_ln381_1662_fu_186168_p2               |     |        | add_ln381_1662    | add | fabric    | 0       |
|   add_ln381_1663_fu_186174_p2               |     |        | add_ln381_1663    | add | fabric    | 0       |
|   Tp_565_fu_186188_p2                       |     |        | Tp_565            | add | fabric    | 0       |
|   add_ln381_1665_fu_186228_p2               |     |        | add_ln381_1665    | add | fabric    | 0       |
|   add_ln381_1668_fu_186261_p2               |     |        | add_ln381_1668    | add | fabric    | 0       |
|   add_ln381_1669_fu_186267_p2               |     |        | add_ln381_1669    | add | fabric    | 0       |
|   Tp_567_fu_186281_p2                       |     |        | Tp_567            | add | fabric    | 0       |
|   add_ln381_1671_fu_186321_p2               |     |        | add_ln381_1671    | add | fabric    | 0       |
|   add_ln381_1674_fu_186354_p2               |     |        | add_ln381_1674    | add | fabric    | 0       |
|   add_ln381_1675_fu_186360_p2               |     |        | add_ln381_1675    | add | fabric    | 0       |
|   Tp_569_fu_186374_p2                       |     |        | Tp_569            | add | fabric    | 0       |
|   add_ln381_1677_fu_186414_p2               |     |        | add_ln381_1677    | add | fabric    | 0       |
|   add_ln381_1680_fu_186447_p2               |     |        | add_ln381_1680    | add | fabric    | 0       |
|   add_ln381_1681_fu_186453_p2               |     |        | add_ln381_1681    | add | fabric    | 0       |
|   Tp_571_fu_186467_p2                       |     |        | Tp_571            | add | fabric    | 0       |
|   sub_ln381_503_fu_160548_p2                |     |        | sub_ln381_503     | sub | fabric    | 0       |
|   add_ln381_1683_fu_186484_p2               |     |        | add_ln381_1683    | add | fabric    | 0       |
|   sub_ln381_504_fu_160565_p2                |     |        | sub_ln381_504     | sub | fabric    | 0       |
|   add_ln381_1686_fu_186521_p2               |     |        | add_ln381_1686    | add | fabric    | 0       |
|   add_ln381_1687_fu_186535_p2               |     |        | add_ln381_1687    | add | fabric    | 0       |
|   Tp_573_fu_186549_p2                       |     |        | Tp_573            | add | fabric    | 0       |
|   add_ln381_1691_fu_186567_p2               |     |        | add_ln381_1691    | add | fabric    | 0       |
|   Tp_575_fu_186581_p2                       |     |        | Tp_575            | add | fabric    | 0       |
|   add_ln381_1695_fu_186599_p2               |     |        | add_ln381_1695    | add | fabric    | 0       |
|   Tp_577_fu_186613_p2                       |     |        | Tp_577            | add | fabric    | 0       |
|   add_ln381_1699_fu_186631_p2               |     |        | add_ln381_1699    | add | fabric    | 0       |
|   Tp_579_fu_186645_p2                       |     |        | Tp_579            | add | fabric    | 0       |
|   add_ln381_1703_fu_186663_p2               |     |        | add_ln381_1703    | add | fabric    | 0       |
|   Tp_581_fu_186677_p2                       |     |        | Tp_581            | add | fabric    | 0       |
|   add_ln381_1707_fu_186695_p2               |     |        | add_ln381_1707    | add | fabric    | 0       |
|   Tp_583_fu_186709_p2                       |     |        | Tp_583            | add | fabric    | 0       |
|   add_ln381_1711_fu_186727_p2               |     |        | add_ln381_1711    | add | fabric    | 0       |
|   Tp_585_fu_186741_p2                       |     |        | Tp_585            | add | fabric    | 0       |
|   add_ln381_1715_fu_186759_p2               |     |        | add_ln381_1715    | add | fabric    | 0       |
|   Tp_587_fu_186773_p2                       |     |        | Tp_587            | add | fabric    | 0       |
|   add_ln381_1719_fu_186791_p2               |     |        | add_ln381_1719    | add | fabric    | 0       |
|   Tp_589_fu_186805_p2                       |     |        | Tp_589            | add | fabric    | 0       |
|   add_ln381_1723_fu_186823_p2               |     |        | add_ln381_1723    | add | fabric    | 0       |
|   Tp_591_fu_186837_p2                       |     |        | Tp_591            | add | fabric    | 0       |
|   add_ln381_1727_fu_186855_p2               |     |        | add_ln381_1727    | add | fabric    | 0       |
|   Tp_593_fu_186869_p2                       |     |        | Tp_593            | add | fabric    | 0       |
|   add_ln381_1731_fu_186887_p2               |     |        | add_ln381_1731    | add | fabric    | 0       |
|   Tp_595_fu_186901_p2                       |     |        | Tp_595            | add | fabric    | 0       |
|   add_ln381_1735_fu_186919_p2               |     |        | add_ln381_1735    | add | fabric    | 0       |
|   Tp_597_fu_186933_p2                       |     |        | Tp_597            | add | fabric    | 0       |
|   sub_ln381_508_fu_186972_p2                |     |        | sub_ln381_508     | sub | fabric    | 0       |
|   add_ln381_1737_fu_186990_p2               |     |        | add_ln381_1737    | add | fabric    | 0       |
|   Tp_598_fu_187016_p2                       |     |        | Tp_598            | add | fabric    | 0       |
|   sub_ln381_509_fu_160630_p2                |     |        | sub_ln381_509     | sub | fabric    | 0       |
|   addconv940_fu_160640_p2                   |     |        | addconv940        | add | fabric    | 0       |
|   mul_ln381_2725544_fu_187044_p2            |     |        | mul_ln381_2725544 | sub | fabric    | 0       |
|   add_ln381_1741_fu_187062_p2               |     |        | add_ln381_1741    | add | fabric    | 0       |
|   add_ln381_1742_fu_187072_p2               |     |        | add_ln381_1742    | add | fabric    | 0       |
|   add_ln381_1745_fu_187132_p2               |     |        | add_ln381_1745    | add | fabric    | 0       |
|   add_ln381_1748_fu_187165_p2               |     |        | add_ln381_1748    | add | fabric    | 0       |
|   add_ln381_1749_fu_187171_p2               |     |        | add_ln381_1749    | add | fabric    | 0       |
|   Tp_601_fu_187185_p2                       |     |        | Tp_601            | add | fabric    | 0       |
|   add_ln381_1751_fu_187202_p2               |     |        | add_ln381_1751    | add | fabric    | 0       |
|   add_ln381_1752_fu_187207_p2               |     |        | add_ln381_1752    | add | fabric    | 0       |
|   Tp_602_fu_187217_p2                       |     |        | Tp_602            | add | fabric    | 0       |
|   add_ln381_1754_fu_187234_p2               |     |        | add_ln381_1754    | add | fabric    | 0       |
|   add_ln381_1757_fu_187290_p2               |     |        | add_ln381_1757    | add | fabric    | 0       |
|   add_ln381_1760_fu_187323_p2               |     |        | add_ln381_1760    | add | fabric    | 0       |
|   add_ln381_1761_fu_187329_p2               |     |        | add_ln381_1761    | add | fabric    | 0       |
|   Tp_605_fu_187343_p2                       |     |        | Tp_605            | add | fabric    | 0       |
|   add_ln381_1763_fu_187383_p2               |     |        | add_ln381_1763    | add | fabric    | 0       |
|   add_ln381_1766_fu_187416_p2               |     |        | add_ln381_1766    | add | fabric    | 0       |
|   add_ln381_1767_fu_187422_p2               |     |        | add_ln381_1767    | add | fabric    | 0       |
|   Tp_607_fu_187436_p2                       |     |        | Tp_607            | add | fabric    | 0       |
|   add_ln381_1769_fu_187476_p2               |     |        | add_ln381_1769    | add | fabric    | 0       |
|   add_ln381_1772_fu_187509_p2               |     |        | add_ln381_1772    | add | fabric    | 0       |
|   add_ln381_1773_fu_187515_p2               |     |        | add_ln381_1773    | add | fabric    | 0       |
|   Tp_609_fu_187529_p2                       |     |        | Tp_609            | add | fabric    | 0       |
|   add_ln381_1775_fu_187569_p2               |     |        | add_ln381_1775    | add | fabric    | 0       |
|   add_ln381_1778_fu_187602_p2               |     |        | add_ln381_1778    | add | fabric    | 0       |
|   add_ln381_1779_fu_187608_p2               |     |        | add_ln381_1779    | add | fabric    | 0       |
|   Tp_611_fu_187622_p2                       |     |        | Tp_611            | add | fabric    | 0       |
|   add_ln381_1781_fu_187662_p2               |     |        | add_ln381_1781    | add | fabric    | 0       |
|   add_ln381_1784_fu_187695_p2               |     |        | add_ln381_1784    | add | fabric    | 0       |
|   add_ln381_1785_fu_187701_p2               |     |        | add_ln381_1785    | add | fabric    | 0       |
|   Tp_613_fu_187715_p2                       |     |        | Tp_613            | add | fabric    | 0       |
|   add_ln381_1787_fu_187755_p2               |     |        | add_ln381_1787    | add | fabric    | 0       |
|   add_ln381_1790_fu_187788_p2               |     |        | add_ln381_1790    | add | fabric    | 0       |
|   add_ln381_1792_fu_187794_p2               |     |        | add_ln381_1792    | add | fabric    | 0       |
|   Tp_615_fu_187808_p2                       |     |        | Tp_615            | add | fabric    | 0       |
|   sub_ln381_526_fu_160674_p2                |     |        | sub_ln381_526     | sub | fabric    | 0       |
|   add_ln381_1794_fu_187825_p2               |     |        | add_ln381_1794    | add | fabric    | 0       |
|   sub_ln381_527_fu_160691_p2                |     |        | sub_ln381_527     | sub | fabric    | 0       |
|   add_ln381_1797_fu_187862_p2               |     |        | add_ln381_1797    | add | fabric    | 0       |
|   add_ln381_1798_fu_187876_p2               |     |        | add_ln381_1798    | add | fabric    | 0       |
|   Tp_617_fu_187890_p2                       |     |        | Tp_617            | add | fabric    | 0       |
|   add_ln381_1802_fu_187908_p2               |     |        | add_ln381_1802    | add | fabric    | 0       |
|   Tp_619_fu_187922_p2                       |     |        | Tp_619            | add | fabric    | 0       |
|   add_ln381_1806_fu_187940_p2               |     |        | add_ln381_1806    | add | fabric    | 0       |
|   Tp_621_fu_187954_p2                       |     |        | Tp_621            | add | fabric    | 0       |
|   add_ln381_1810_fu_187972_p2               |     |        | add_ln381_1810    | add | fabric    | 0       |
|   Tp_623_fu_187986_p2                       |     |        | Tp_623            | add | fabric    | 0       |
|   add_ln381_1814_fu_188004_p2               |     |        | add_ln381_1814    | add | fabric    | 0       |
|   Tp_625_fu_188018_p2                       |     |        | Tp_625            | add | fabric    | 0       |
|   add_ln381_1818_fu_188036_p2               |     |        | add_ln381_1818    | add | fabric    | 0       |
|   Tp_627_fu_188050_p2                       |     |        | Tp_627            | add | fabric    | 0       |
|   add_ln381_1822_fu_188068_p2               |     |        | add_ln381_1822    | add | fabric    | 0       |
|   Tp_629_fu_188082_p2                       |     |        | Tp_629            | add | fabric    | 0       |
|   add_ln381_1826_fu_188100_p2               |     |        | add_ln381_1826    | add | fabric    | 0       |
|   Tp_631_fu_188114_p2                       |     |        | Tp_631            | add | fabric    | 0       |
|   add_ln381_1830_fu_188132_p2               |     |        | add_ln381_1830    | add | fabric    | 0       |
|   Tp_633_fu_188146_p2                       |     |        | Tp_633            | add | fabric    | 0       |
|   add_ln381_1834_fu_188164_p2               |     |        | add_ln381_1834    | add | fabric    | 0       |
|   Tp_635_fu_188178_p2                       |     |        | Tp_635            | add | fabric    | 0       |
|   add_ln381_1838_fu_188196_p2               |     |        | add_ln381_1838    | add | fabric    | 0       |
|   Tp_637_fu_188210_p2                       |     |        | Tp_637            | add | fabric    | 0       |
|   add_ln381_1842_fu_188228_p2               |     |        | add_ln381_1842    | add | fabric    | 0       |
|   Tp_639_fu_188242_p2                       |     |        | Tp_639            | add | fabric    | 0       |
|   add_ln381_1846_fu_188260_p2               |     |        | add_ln381_1846    | add | fabric    | 0       |
|   Tp_641_fu_188274_p2                       |     |        | Tp_641            | add | fabric    | 0       |
|   add_ln381_1850_fu_188292_p2               |     |        | add_ln381_1850    | add | fabric    | 0       |
|   Tp_643_fu_188306_p2                       |     |        | Tp_643            | add | fabric    | 0       |
|   sub_ln381_531_fu_188345_p2                |     |        | sub_ln381_531     | sub | fabric    | 0       |
|   add_ln381_1852_fu_188363_p2               |     |        | add_ln381_1852    | add | fabric    | 0       |
|   Tp_644_fu_188389_p2                       |     |        | Tp_644            | add | fabric    | 0       |
|   sub_ln381_532_fu_160756_p2                |     |        | sub_ln381_532     | sub | fabric    | 0       |
|   addconv941_fu_160766_p2                   |     |        | addconv941        | add | fabric    | 0       |
|   mul_ln381_2925542_fu_188417_p2            |     |        | mul_ln381_2925542 | sub | fabric    | 0       |
|   add_ln381_1856_fu_188435_p2               |     |        | add_ln381_1856    | add | fabric    | 0       |
|   add_ln381_1857_fu_188445_p2               |     |        | add_ln381_1857    | add | fabric    | 0       |
|   add_ln381_1860_fu_188482_p2               |     |        | add_ln381_1860    | add | fabric    | 0       |
|   add_ln381_1861_fu_188487_p2               |     |        | add_ln381_1861    | add | fabric    | 0       |
|   Tp_646_fu_188497_p2                       |     |        | Tp_646            | add | fabric    | 0       |
|   add_ln381_1863_fu_188514_p2               |     |        | add_ln381_1863    | add | fabric    | 0       |
|   add_ln381_1866_fu_188570_p2               |     |        | add_ln381_1866    | add | fabric    | 0       |
|   add_ln381_1869_fu_188603_p2               |     |        | add_ln381_1869    | add | fabric    | 0       |
|   add_ln381_1870_fu_188609_p2               |     |        | add_ln381_1870    | add | fabric    | 0       |
|   Tp_649_fu_188623_p2                       |     |        | Tp_649            | add | fabric    | 0       |
|   add_ln381_1872_fu_188663_p2               |     |        | add_ln381_1872    | add | fabric    | 0       |
|   add_ln381_1875_fu_188696_p2               |     |        | add_ln381_1875    | add | fabric    | 0       |
|   add_ln381_1876_fu_188702_p2               |     |        | add_ln381_1876    | add | fabric    | 0       |
|   Tp_651_fu_188716_p2                       |     |        | Tp_651            | add | fabric    | 0       |
|   add_ln381_1878_fu_188756_p2               |     |        | add_ln381_1878    | add | fabric    | 0       |
|   add_ln381_1881_fu_188789_p2               |     |        | add_ln381_1881    | add | fabric    | 0       |
|   add_ln381_1882_fu_188795_p2               |     |        | add_ln381_1882    | add | fabric    | 0       |
|   Tp_653_fu_188809_p2                       |     |        | Tp_653            | add | fabric    | 0       |
|   add_ln381_1884_fu_188849_p2               |     |        | add_ln381_1884    | add | fabric    | 0       |
|   add_ln381_1887_fu_188882_p2               |     |        | add_ln381_1887    | add | fabric    | 0       |
|   add_ln381_1888_fu_188888_p2               |     |        | add_ln381_1888    | add | fabric    | 0       |
|   Tp_655_fu_188902_p2                       |     |        | Tp_655            | add | fabric    | 0       |
|   add_ln381_1890_fu_188942_p2               |     |        | add_ln381_1890    | add | fabric    | 0       |
|   add_ln381_1893_fu_188975_p2               |     |        | add_ln381_1893    | add | fabric    | 0       |
|   add_ln381_1894_fu_188981_p2               |     |        | add_ln381_1894    | add | fabric    | 0       |
|   Tp_657_fu_188995_p2                       |     |        | Tp_657            | add | fabric    | 0       |
|   add_ln381_1896_fu_189035_p2               |     |        | add_ln381_1896    | add | fabric    | 0       |
|   add_ln381_1899_fu_189068_p2               |     |        | add_ln381_1899    | add | fabric    | 0       |
|   add_ln381_1900_fu_189074_p2               |     |        | add_ln381_1900    | add | fabric    | 0       |
|   Tp_659_fu_189088_p2                       |     |        | Tp_659            | add | fabric    | 0       |
|   sub_ln381_547_fu_160800_p2                |     |        | sub_ln381_547     | sub | fabric    | 0       |
|   add_ln381_1902_fu_189105_p2               |     |        | add_ln381_1902    | add | fabric    | 0       |
|   add_ln381_1903_fu_189115_p2               |     |        | add_ln381_1903    | add | fabric    | 0       |
|   Tp_660_fu_189125_p2                       |     |        | Tp_660            | add | fabric    | 0       |
|   sub_ln381_548_fu_160817_p2                |     |        | sub_ln381_548     | sub | fabric    | 0       |
|   add_ln381_1905_fu_189142_p2               |     |        | add_ln381_1905    | add | fabric    | 0       |
|   add_ln381_1906_fu_189156_p2               |     |        | add_ln381_1906    | add | fabric    | 0       |
|   Tp_661_fu_189170_p2                       |     |        | Tp_661            | add | fabric    | 0       |
|   add_ln381_1908_fu_189176_p2               |     |        | add_ln381_1908    | add | fabric    | 0       |
|   Tp_662_fu_189186_p2                       |     |        | Tp_662            | add | fabric    | 0       |
|   add_ln381_1910_fu_189192_p2               |     |        | add_ln381_1910    | add | fabric    | 0       |
|   Tp_663_fu_189206_p2                       |     |        | Tp_663            | add | fabric    | 0       |
|   add_ln381_1912_fu_189212_p2               |     |        | add_ln381_1912    | add | fabric    | 0       |
|   Tp_664_fu_189222_p2                       |     |        | Tp_664            | add | fabric    | 0       |
|   add_ln381_1914_fu_189228_p2               |     |        | add_ln381_1914    | add | fabric    | 0       |
|   Tp_665_fu_189242_p2                       |     |        | Tp_665            | add | fabric    | 0       |
|   add_ln381_1916_fu_189248_p2               |     |        | add_ln381_1916    | add | fabric    | 0       |
|   Tp_666_fu_189258_p2                       |     |        | Tp_666            | add | fabric    | 0       |
|   add_ln381_1918_fu_189264_p2               |     |        | add_ln381_1918    | add | fabric    | 0       |
|   Tp_667_fu_189278_p2                       |     |        | Tp_667            | add | fabric    | 0       |
|   add_ln381_1920_fu_189284_p2               |     |        | add_ln381_1920    | add | fabric    | 0       |
|   Tp_668_fu_189294_p2                       |     |        | Tp_668            | add | fabric    | 0       |
|   add_ln381_1922_fu_189300_p2               |     |        | add_ln381_1922    | add | fabric    | 0       |
|   Tp_669_fu_189314_p2                       |     |        | Tp_669            | add | fabric    | 0       |
|   add_ln381_1925_fu_189320_p2               |     |        | add_ln381_1925    | add | fabric    | 0       |
|   Tp_670_fu_189330_p2                       |     |        | Tp_670            | add | fabric    | 0       |
|   add_ln381_1927_fu_189336_p2               |     |        | add_ln381_1927    | add | fabric    | 0       |
|   Tp_671_fu_189350_p2                       |     |        | Tp_671            | add | fabric    | 0       |
|   add_ln381_1929_fu_189356_p2               |     |        | add_ln381_1929    | add | fabric    | 0       |
|   Tp_672_fu_189366_p2                       |     |        | Tp_672            | add | fabric    | 0       |
|   add_ln381_1931_fu_189372_p2               |     |        | add_ln381_1931    | add | fabric    | 0       |
|   Tp_673_fu_189386_p2                       |     |        | Tp_673            | add | fabric    | 0       |
|   add_ln381_1933_fu_189392_p2               |     |        | add_ln381_1933    | add | fabric    | 0       |
|   Tp_674_fu_189402_p2                       |     |        | Tp_674            | add | fabric    | 0       |
|   add_ln381_1935_fu_189408_p2               |     |        | add_ln381_1935    | add | fabric    | 0       |
|   Tp_675_fu_189422_p2                       |     |        | Tp_675            | add | fabric    | 0       |
|   add_ln381_1937_fu_189428_p2               |     |        | add_ln381_1937    | add | fabric    | 0       |
|   Tp_676_fu_189438_p2                       |     |        | Tp_676            | add | fabric    | 0       |
|   add_ln381_1939_fu_189444_p2               |     |        | add_ln381_1939    | add | fabric    | 0       |
|   Tp_677_fu_189458_p2                       |     |        | Tp_677            | add | fabric    | 0       |
|   add_ln381_1941_fu_189464_p2               |     |        | add_ln381_1941    | add | fabric    | 0       |
|   Tp_678_fu_189474_p2                       |     |        | Tp_678            | add | fabric    | 0       |
|   add_ln381_1943_fu_189480_p2               |     |        | add_ln381_1943    | add | fabric    | 0       |
|   Tp_679_fu_189494_p2                       |     |        | Tp_679            | add | fabric    | 0       |
|   add_ln381_1945_fu_189500_p2               |     |        | add_ln381_1945    | add | fabric    | 0       |
|   Tp_680_fu_189510_p2                       |     |        | Tp_680            | add | fabric    | 0       |
|   add_ln381_1947_fu_189516_p2               |     |        | add_ln381_1947    | add | fabric    | 0       |
|   Tp_681_fu_189530_p2                       |     |        | Tp_681            | add | fabric    | 0       |
|   add_ln381_1949_fu_189536_p2               |     |        | add_ln381_1949    | add | fabric    | 0       |
|   Tp_682_fu_189546_p2                       |     |        | Tp_682            | add | fabric    | 0       |
|   add_ln381_1951_fu_189552_p2               |     |        | add_ln381_1951    | add | fabric    | 0       |
|   Tp_683_fu_189566_p2                       |     |        | Tp_683            | add | fabric    | 0       |
|   add_ln381_1953_fu_189572_p2               |     |        | add_ln381_1953    | add | fabric    | 0       |
|   Tp_684_fu_189582_p2                       |     |        | Tp_684            | add | fabric    | 0       |
|   add_ln381_1955_fu_189588_p2               |     |        | add_ln381_1955    | add | fabric    | 0       |
|   Tp_685_fu_189602_p2                       |     |        | Tp_685            | add | fabric    | 0       |
|   add_ln381_1957_fu_189608_p2               |     |        | add_ln381_1957    | add | fabric    | 0       |
|   Tp_686_fu_189618_p2                       |     |        | Tp_686            | add | fabric    | 0       |
|   add_ln381_1959_fu_189624_p2               |     |        | add_ln381_1959    | add | fabric    | 0       |
|   Tp_687_fu_189638_p2                       |     |        | Tp_687            | add | fabric    | 0       |
|   add_ln381_1961_fu_189644_p2               |     |        | add_ln381_1961    | add | fabric    | 0       |
|   Tp_688_fu_189654_p2                       |     |        | Tp_688            | add | fabric    | 0       |
|   add_ln381_1963_fu_189660_p2               |     |        | add_ln381_1963    | add | fabric    | 0       |
|   Tp_689_fu_189674_p2                       |     |        | Tp_689            | add | fabric    | 0       |
|   sub_ln381_552_fu_189713_p2                |     |        | sub_ln381_552     | sub | fabric    | 0       |
|   add_ln381_1965_fu_189735_p2               |     |        | add_ln381_1965    | add | fabric    | 0       |
|   Tp_690_fu_189761_p2                       |     |        | Tp_690            | add | fabric    | 0       |
|   sub_ln381_553_fu_160882_p2                |     |        | sub_ln381_553     | sub | fabric    | 0       |
|   addconv942_fu_160892_p2                   |     |        | addconv942        | add | fabric    | 0       |
|   mul_ln381_3125540_fu_189789_p2            |     |        | mul_ln381_3125540 | sub | fabric    | 0       |
|   add_ln381_1969_fu_189807_p2               |     |        | add_ln381_1969    | add | fabric    | 0       |
|   add_ln381_1970_fu_189817_p2               |     |        | add_ln381_1970    | add | fabric    | 0       |
|   add_ln381_1973_fu_189877_p2               |     |        | add_ln381_1973    | add | fabric    | 0       |
|   add_ln381_1976_fu_189910_p2               |     |        | add_ln381_1976    | add | fabric    | 0       |
|   add_ln381_1977_fu_189916_p2               |     |        | add_ln381_1977    | add | fabric    | 0       |
|   Tp_693_fu_189930_p2                       |     |        | Tp_693            | add | fabric    | 0       |
|   add_ln381_1979_fu_189970_p2               |     |        | add_ln381_1979    | add | fabric    | 0       |
|   add_ln381_1982_fu_190003_p2               |     |        | add_ln381_1982    | add | fabric    | 0       |
|   add_ln381_1983_fu_190009_p2               |     |        | add_ln381_1983    | add | fabric    | 0       |
|   Tp_695_fu_190023_p2                       |     |        | Tp_695            | add | fabric    | 0       |
|   add_ln381_1985_fu_190063_p2               |     |        | add_ln381_1985    | add | fabric    | 0       |
|   add_ln381_1988_fu_190096_p2               |     |        | add_ln381_1988    | add | fabric    | 0       |
|   add_ln381_1989_fu_190102_p2               |     |        | add_ln381_1989    | add | fabric    | 0       |
|   Tp_697_fu_190116_p2                       |     |        | Tp_697            | add | fabric    | 0       |
|   add_ln381_1991_fu_190156_p2               |     |        | add_ln381_1991    | add | fabric    | 0       |
|   add_ln381_1994_fu_190189_p2               |     |        | add_ln381_1994    | add | fabric    | 0       |
|   add_ln381_1995_fu_190195_p2               |     |        | add_ln381_1995    | add | fabric    | 0       |
|   Tp_699_fu_190209_p2                       |     |        | Tp_699            | add | fabric    | 0       |
|   add_ln381_1997_fu_190249_p2               |     |        | add_ln381_1997    | add | fabric    | 0       |
|   add_ln381_2000_fu_190282_p2               |     |        | add_ln381_2000    | add | fabric    | 0       |
|   add_ln381_2001_fu_190288_p2               |     |        | add_ln381_2001    | add | fabric    | 0       |
|   Tp_701_fu_190302_p2                       |     |        | Tp_701            | add | fabric    | 0       |
|   add_ln381_2003_fu_190342_p2               |     |        | add_ln381_2003    | add | fabric    | 0       |
|   add_ln381_2006_fu_190375_p2               |     |        | add_ln381_2006    | add | fabric    | 0       |
|   add_ln381_2007_fu_190381_p2               |     |        | add_ln381_2007    | add | fabric    | 0       |
|   Tp_703_fu_190395_p2                       |     |        | Tp_703            | add | fabric    | 0       |
|   sub_ln381_566_fu_160898_p2                |     |        | sub_ln381_566     | sub | fabric    | 0       |
|   add_ln381_2009_fu_190412_p2               |     |        | add_ln381_2009    | add | fabric    | 0       |
|   sub_ln381_567_fu_160915_p2                |     |        | sub_ln381_567     | sub | fabric    | 0       |
|   add_ln381_2012_fu_190445_p2               |     |        | add_ln381_2012    | add | fabric    | 0       |
|   add_ln381_2013_fu_190459_p2               |     |        | add_ln381_2013    | add | fabric    | 0       |
|   Tp_705_fu_190473_p2                       |     |        | Tp_705            | add | fabric    | 0       |
|   add_ln381_2017_fu_190491_p2               |     |        | add_ln381_2017    | add | fabric    | 0       |
|   Tp_707_fu_190505_p2                       |     |        | Tp_707            | add | fabric    | 0       |
|   add_ln381_2021_fu_190523_p2               |     |        | add_ln381_2021    | add | fabric    | 0       |
|   Tp_709_fu_190537_p2                       |     |        | Tp_709            | add | fabric    | 0       |
|   add_ln381_2025_fu_190555_p2               |     |        | add_ln381_2025    | add | fabric    | 0       |
|   Tp_711_fu_190569_p2                       |     |        | Tp_711            | add | fabric    | 0       |
|   add_ln381_2029_fu_190587_p2               |     |        | add_ln381_2029    | add | fabric    | 0       |
|   Tp_713_fu_190601_p2                       |     |        | Tp_713            | add | fabric    | 0       |
|   add_ln381_2033_fu_190619_p2               |     |        | add_ln381_2033    | add | fabric    | 0       |
|   Tp_715_fu_190633_p2                       |     |        | Tp_715            | add | fabric    | 0       |
|   add_ln381_2037_fu_190651_p2               |     |        | add_ln381_2037    | add | fabric    | 0       |
|   Tp_717_fu_190665_p2                       |     |        | Tp_717            | add | fabric    | 0       |
|   add_ln381_2041_fu_190683_p2               |     |        | add_ln381_2041    | add | fabric    | 0       |
|   Tp_719_fu_190697_p2                       |     |        | Tp_719            | add | fabric    | 0       |
|   add_ln381_2045_fu_190715_p2               |     |        | add_ln381_2045    | add | fabric    | 0       |
|   Tp_721_fu_190729_p2                       |     |        | Tp_721            | add | fabric    | 0       |
|   add_ln381_2049_fu_190747_p2               |     |        | add_ln381_2049    | add | fabric    | 0       |
|   Tp_723_fu_190761_p2                       |     |        | Tp_723            | add | fabric    | 0       |
|   add_ln381_2054_fu_190779_p2               |     |        | add_ln381_2054    | add | fabric    | 0       |
|   Tp_725_fu_190793_p2                       |     |        | Tp_725            | add | fabric    | 0       |
|   add_ln381_2058_fu_190811_p2               |     |        | add_ln381_2058    | add | fabric    | 0       |
|   Tp_727_fu_190825_p2                       |     |        | Tp_727            | add | fabric    | 0       |
|   add_ln381_2062_fu_190843_p2               |     |        | add_ln381_2062    | add | fabric    | 0       |
|   Tp_729_fu_190857_p2                       |     |        | Tp_729            | add | fabric    | 0       |
|   add_ln381_2066_fu_190875_p2               |     |        | add_ln381_2066    | add | fabric    | 0       |
|   Tp_731_fu_190889_p2                       |     |        | Tp_731            | add | fabric    | 0       |
|   add_ln381_2070_fu_190907_p2               |     |        | add_ln381_2070    | add | fabric    | 0       |
|   Tp_733_fu_190921_p2                       |     |        | Tp_733            | add | fabric    | 0       |
|   add_ln381_2074_fu_190939_p2               |     |        | add_ln381_2074    | add | fabric    | 0       |
|   Tp_735_fu_190953_p2                       |     |        | Tp_735            | add | fabric    | 0       |
|   sub_ln381_571_fu_190992_p2                |     |        | sub_ln381_571     | sub | fabric    | 0       |
|   add_ln381_2076_fu_191010_p2               |     |        | add_ln381_2076    | add | fabric    | 0       |
|   Tp_736_fu_191036_p2                       |     |        | Tp_736            | add | fabric    | 0       |
|   sub_ln381_572_fu_160980_p2                |     |        | sub_ln381_572     | sub | fabric    | 0       |
|   addconv943_fu_160990_p2                   |     |        | addconv943        | add | fabric    | 0       |
|   mul_ln381_3325538_fu_191064_p2            |     |        | mul_ln381_3325538 | sub | fabric    | 0       |
|   add_ln381_2080_fu_191082_p2               |     |        | add_ln381_2080    | add | fabric    | 0       |
|   add_ln381_2081_fu_191092_p2               |     |        | add_ln381_2081    | add | fabric    | 0       |
|   add_ln381_2084_fu_191152_p2               |     |        | add_ln381_2084    | add | fabric    | 0       |
|   add_ln381_2087_fu_191185_p2               |     |        | add_ln381_2087    | add | fabric    | 0       |
|   add_ln381_2088_fu_191191_p2               |     |        | add_ln381_2088    | add | fabric    | 0       |
|   Tp_739_fu_191205_p2                       |     |        | Tp_739            | add | fabric    | 0       |
|   add_ln381_2090_fu_191245_p2               |     |        | add_ln381_2090    | add | fabric    | 0       |
|   add_ln381_2093_fu_191278_p2               |     |        | add_ln381_2093    | add | fabric    | 0       |
|   add_ln381_2094_fu_191284_p2               |     |        | add_ln381_2094    | add | fabric    | 0       |
|   Tp_741_fu_191298_p2                       |     |        | Tp_741            | add | fabric    | 0       |
|   add_ln381_2096_fu_191338_p2               |     |        | add_ln381_2096    | add | fabric    | 0       |
|   add_ln381_2099_fu_191371_p2               |     |        | add_ln381_2099    | add | fabric    | 0       |
|   add_ln381_2100_fu_191377_p2               |     |        | add_ln381_2100    | add | fabric    | 0       |
|   Tp_743_fu_191391_p2                       |     |        | Tp_743            | add | fabric    | 0       |
|   add_ln381_2102_fu_191431_p2               |     |        | add_ln381_2102    | add | fabric    | 0       |
|   add_ln381_2105_fu_191464_p2               |     |        | add_ln381_2105    | add | fabric    | 0       |
|   add_ln381_2106_fu_191470_p2               |     |        | add_ln381_2106    | add | fabric    | 0       |
|   Tp_745_fu_191484_p2                       |     |        | Tp_745            | add | fabric    | 0       |
|   add_ln381_2108_fu_191524_p2               |     |        | add_ln381_2108    | add | fabric    | 0       |
|   add_ln381_2111_fu_191557_p2               |     |        | add_ln381_2111    | add | fabric    | 0       |
|   add_ln381_2112_fu_191563_p2               |     |        | add_ln381_2112    | add | fabric    | 0       |
|   Tp_747_fu_191577_p2                       |     |        | Tp_747            | add | fabric    | 0       |
|   sub_ln381_583_fu_160996_p2                |     |        | sub_ln381_583     | sub | fabric    | 0       |
|   add_ln381_2114_fu_191594_p2               |     |        | add_ln381_2114    | add | fabric    | 0       |
|   sub_ln381_584_fu_161013_p2                |     |        | sub_ln381_584     | sub | fabric    | 0       |
|   add_ln381_2117_fu_191627_p2               |     |        | add_ln381_2117    | add | fabric    | 0       |
|   add_ln381_2118_fu_191641_p2               |     |        | add_ln381_2118    | add | fabric    | 0       |
|   Tp_749_fu_191655_p2                       |     |        | Tp_749            | add | fabric    | 0       |
|   add_ln381_2122_fu_191673_p2               |     |        | add_ln381_2122    | add | fabric    | 0       |
|   Tp_751_fu_191687_p2                       |     |        | Tp_751            | add | fabric    | 0       |
|   add_ln381_2126_fu_191705_p2               |     |        | add_ln381_2126    | add | fabric    | 0       |
|   Tp_753_fu_191719_p2                       |     |        | Tp_753            | add | fabric    | 0       |
|   add_ln381_2130_fu_191737_p2               |     |        | add_ln381_2130    | add | fabric    | 0       |
|   Tp_755_fu_191751_p2                       |     |        | Tp_755            | add | fabric    | 0       |
|   add_ln381_2134_fu_191769_p2               |     |        | add_ln381_2134    | add | fabric    | 0       |
|   Tp_757_fu_191783_p2                       |     |        | Tp_757            | add | fabric    | 0       |
|   add_ln381_2138_fu_191801_p2               |     |        | add_ln381_2138    | add | fabric    | 0       |
|   Tp_759_fu_191815_p2                       |     |        | Tp_759            | add | fabric    | 0       |
|   add_ln381_2142_fu_191833_p2               |     |        | add_ln381_2142    | add | fabric    | 0       |
|   Tp_761_fu_191847_p2                       |     |        | Tp_761            | add | fabric    | 0       |
|   add_ln381_2146_fu_191865_p2               |     |        | add_ln381_2146    | add | fabric    | 0       |
|   Tp_763_fu_191879_p2                       |     |        | Tp_763            | add | fabric    | 0       |
|   add_ln381_2150_fu_191897_p2               |     |        | add_ln381_2150    | add | fabric    | 0       |
|   Tp_765_fu_191911_p2                       |     |        | Tp_765            | add | fabric    | 0       |
|   add_ln381_2154_fu_191929_p2               |     |        | add_ln381_2154    | add | fabric    | 0       |
|   Tp_767_fu_191943_p2                       |     |        | Tp_767            | add | fabric    | 0       |
|   add_ln381_2158_fu_191961_p2               |     |        | add_ln381_2158    | add | fabric    | 0       |
|   Tp_769_fu_191975_p2                       |     |        | Tp_769            | add | fabric    | 0       |
|   add_ln381_2162_fu_191993_p2               |     |        | add_ln381_2162    | add | fabric    | 0       |
|   Tp_771_fu_192007_p2                       |     |        | Tp_771            | add | fabric    | 0       |
|   add_ln381_2166_fu_192025_p2               |     |        | add_ln381_2166    | add | fabric    | 0       |
|   Tp_773_fu_192039_p2                       |     |        | Tp_773            | add | fabric    | 0       |
|   add_ln381_2170_fu_192057_p2               |     |        | add_ln381_2170    | add | fabric    | 0       |
|   Tp_775_fu_192071_p2                       |     |        | Tp_775            | add | fabric    | 0       |
|   add_ln381_2174_fu_192089_p2               |     |        | add_ln381_2174    | add | fabric    | 0       |
|   Tp_777_fu_192103_p2                       |     |        | Tp_777            | add | fabric    | 0       |
|   add_ln381_2178_fu_192121_p2               |     |        | add_ln381_2178    | add | fabric    | 0       |
|   Tp_779_fu_192135_p2                       |     |        | Tp_779            | add | fabric    | 0       |
|   add_ln381_2183_fu_192153_p2               |     |        | add_ln381_2183    | add | fabric    | 0       |
|   Tp_781_fu_192167_p2                       |     |        | Tp_781            | add | fabric    | 0       |
|   sub_ln381_588_fu_192206_p2                |     |        | sub_ln381_588     | sub | fabric    | 0       |
|   add_ln381_2185_fu_192224_p2               |     |        | add_ln381_2185    | add | fabric    | 0       |
|   Tp_782_fu_192250_p2                       |     |        | Tp_782            | add | fabric    | 0       |
|   sub_ln381_589_fu_161078_p2                |     |        | sub_ln381_589     | sub | fabric    | 0       |
|   addconv944_fu_161088_p2                   |     |        | addconv944        | add | fabric    | 0       |
|   mul_ln381_3525536_fu_192278_p2            |     |        | mul_ln381_3525536 | sub | fabric    | 0       |
|   add_ln381_2189_fu_192296_p2               |     |        | add_ln381_2189    | add | fabric    | 0       |
|   add_ln381_2190_fu_192306_p2               |     |        | add_ln381_2190    | add | fabric    | 0       |
|   add_ln381_2193_fu_192366_p2               |     |        | add_ln381_2193    | add | fabric    | 0       |
|   add_ln381_2196_fu_192399_p2               |     |        | add_ln381_2196    | add | fabric    | 0       |
|   add_ln381_2197_fu_192405_p2               |     |        | add_ln381_2197    | add | fabric    | 0       |
|   Tp_785_fu_192419_p2                       |     |        | Tp_785            | add | fabric    | 0       |
|   add_ln381_2199_fu_192459_p2               |     |        | add_ln381_2199    | add | fabric    | 0       |
|   add_ln381_2202_fu_192492_p2               |     |        | add_ln381_2202    | add | fabric    | 0       |
|   add_ln381_2203_fu_192498_p2               |     |        | add_ln381_2203    | add | fabric    | 0       |
|   Tp_787_fu_192512_p2                       |     |        | Tp_787            | add | fabric    | 0       |
|   add_ln381_2205_fu_192552_p2               |     |        | add_ln381_2205    | add | fabric    | 0       |
|   add_ln381_2208_fu_192585_p2               |     |        | add_ln381_2208    | add | fabric    | 0       |
|   add_ln381_2209_fu_192591_p2               |     |        | add_ln381_2209    | add | fabric    | 0       |
|   Tp_789_fu_192605_p2                       |     |        | Tp_789            | add | fabric    | 0       |
|   add_ln381_2211_fu_192645_p2               |     |        | add_ln381_2211    | add | fabric    | 0       |
|   add_ln381_2214_fu_192678_p2               |     |        | add_ln381_2214    | add | fabric    | 0       |
|   add_ln381_2215_fu_192684_p2               |     |        | add_ln381_2215    | add | fabric    | 0       |
|   Tp_791_fu_192698_p2                       |     |        | Tp_791            | add | fabric    | 0       |
|   sub_ln381_598_fu_161094_p2                |     |        | sub_ln381_598     | sub | fabric    | 0       |
|   add_ln381_2217_fu_192715_p2               |     |        | add_ln381_2217    | add | fabric    | 0       |
|   sub_ln381_599_fu_161111_p2                |     |        | sub_ln381_599     | sub | fabric    | 0       |
|   add_ln381_2220_fu_192748_p2               |     |        | add_ln381_2220    | add | fabric    | 0       |
|   add_ln381_2221_fu_192762_p2               |     |        | add_ln381_2221    | add | fabric    | 0       |
|   Tp_793_fu_192776_p2                       |     |        | Tp_793            | add | fabric    | 0       |
|   add_ln381_2225_fu_192794_p2               |     |        | add_ln381_2225    | add | fabric    | 0       |
|   Tp_795_fu_192808_p2                       |     |        | Tp_795            | add | fabric    | 0       |
|   add_ln381_2229_fu_192826_p2               |     |        | add_ln381_2229    | add | fabric    | 0       |
|   Tp_797_fu_192840_p2                       |     |        | Tp_797            | add | fabric    | 0       |
|   add_ln381_2233_fu_192858_p2               |     |        | add_ln381_2233    | add | fabric    | 0       |
|   Tp_799_fu_192872_p2                       |     |        | Tp_799            | add | fabric    | 0       |
|   add_ln381_2237_fu_192890_p2               |     |        | add_ln381_2237    | add | fabric    | 0       |
|   Tp_801_fu_192904_p2                       |     |        | Tp_801            | add | fabric    | 0       |
|   add_ln381_2241_fu_192922_p2               |     |        | add_ln381_2241    | add | fabric    | 0       |
|   Tp_803_fu_192936_p2                       |     |        | Tp_803            | add | fabric    | 0       |
|   add_ln381_2245_fu_192954_p2               |     |        | add_ln381_2245    | add | fabric    | 0       |
|   Tp_805_fu_192968_p2                       |     |        | Tp_805            | add | fabric    | 0       |
|   add_ln381_2249_fu_192986_p2               |     |        | add_ln381_2249    | add | fabric    | 0       |
|   Tp_807_fu_193000_p2                       |     |        | Tp_807            | add | fabric    | 0       |
|   add_ln381_2253_fu_193018_p2               |     |        | add_ln381_2253    | add | fabric    | 0       |
|   Tp_809_fu_193032_p2                       |     |        | Tp_809            | add | fabric    | 0       |
|   add_ln381_2257_fu_193050_p2               |     |        | add_ln381_2257    | add | fabric    | 0       |
|   Tp_811_fu_193064_p2                       |     |        | Tp_811            | add | fabric    | 0       |
|   add_ln381_2261_fu_193082_p2               |     |        | add_ln381_2261    | add | fabric    | 0       |
|   Tp_813_fu_193096_p2                       |     |        | Tp_813            | add | fabric    | 0       |
|   add_ln381_2265_fu_193114_p2               |     |        | add_ln381_2265    | add | fabric    | 0       |
|   Tp_815_fu_193128_p2                       |     |        | Tp_815            | add | fabric    | 0       |
|   add_ln381_2269_fu_193146_p2               |     |        | add_ln381_2269    | add | fabric    | 0       |
|   Tp_817_fu_193160_p2                       |     |        | Tp_817            | add | fabric    | 0       |
|   add_ln381_2273_fu_193178_p2               |     |        | add_ln381_2273    | add | fabric    | 0       |
|   Tp_819_fu_193192_p2                       |     |        | Tp_819            | add | fabric    | 0       |
|   add_ln381_2277_fu_193210_p2               |     |        | add_ln381_2277    | add | fabric    | 0       |
|   Tp_821_fu_193224_p2                       |     |        | Tp_821            | add | fabric    | 0       |
|   add_ln381_2281_fu_193242_p2               |     |        | add_ln381_2281    | add | fabric    | 0       |
|   Tp_823_fu_193256_p2                       |     |        | Tp_823            | add | fabric    | 0       |
|   add_ln381_2285_fu_193274_p2               |     |        | add_ln381_2285    | add | fabric    | 0       |
|   Tp_825_fu_193288_p2                       |     |        | Tp_825            | add | fabric    | 0       |
|   add_ln381_2289_fu_193306_p2               |     |        | add_ln381_2289    | add | fabric    | 0       |
|   Tp_827_fu_193320_p2                       |     |        | Tp_827            | add | fabric    | 0       |
|   sub_ln381_603_fu_193359_p2                |     |        | sub_ln381_603     | sub | fabric    | 0       |
|   add_ln381_2291_fu_193377_p2               |     |        | add_ln381_2291    | add | fabric    | 0       |
|   Tp_828_fu_193403_p2                       |     |        | Tp_828            | add | fabric    | 0       |
|   sub_ln381_604_fu_161176_p2                |     |        | sub_ln381_604     | sub | fabric    | 0       |
|   addconv945_fu_161186_p2                   |     |        | addconv945        | add | fabric    | 0       |
|   mul_ln381_3725534_fu_193431_p2            |     |        | mul_ln381_3725534 | sub | fabric    | 0       |
|   add_ln381_2295_fu_193449_p2               |     |        | add_ln381_2295    | add | fabric    | 0       |
|   add_ln381_2296_fu_193459_p2               |     |        | add_ln381_2296    | add | fabric    | 0       |
|   add_ln381_2299_fu_193519_p2               |     |        | add_ln381_2299    | add | fabric    | 0       |
|   add_ln381_2302_fu_193552_p2               |     |        | add_ln381_2302    | add | fabric    | 0       |
|   add_ln381_2303_fu_193558_p2               |     |        | add_ln381_2303    | add | fabric    | 0       |
|   Tp_831_fu_193572_p2                       |     |        | Tp_831            | add | fabric    | 0       |
|   add_ln381_2305_fu_193612_p2               |     |        | add_ln381_2305    | add | fabric    | 0       |
|   add_ln381_2309_fu_193645_p2               |     |        | add_ln381_2309    | add | fabric    | 0       |
|   add_ln381_2310_fu_193651_p2               |     |        | add_ln381_2310    | add | fabric    | 0       |
|   Tp_833_fu_193665_p2                       |     |        | Tp_833            | add | fabric    | 0       |
|   add_ln381_2312_fu_193705_p2               |     |        | add_ln381_2312    | add | fabric    | 0       |
|   add_ln381_2315_fu_193738_p2               |     |        | add_ln381_2315    | add | fabric    | 0       |
|   add_ln381_2316_fu_193744_p2               |     |        | add_ln381_2316    | add | fabric    | 0       |
|   Tp_835_fu_193758_p2                       |     |        | Tp_835            | add | fabric    | 0       |
|   sub_ln381_611_fu_161192_p2                |     |        | sub_ln381_611     | sub | fabric    | 0       |
|   add_ln381_2318_fu_193775_p2               |     |        | add_ln381_2318    | add | fabric    | 0       |
|   sub_ln381_612_fu_161209_p2                |     |        | sub_ln381_612     | sub | fabric    | 0       |
|   add_ln381_2321_fu_193808_p2               |     |        | add_ln381_2321    | add | fabric    | 0       |
|   add_ln381_2322_fu_193822_p2               |     |        | add_ln381_2322    | add | fabric    | 0       |
|   Tp_837_fu_193836_p2                       |     |        | Tp_837            | add | fabric    | 0       |
|   add_ln381_2326_fu_193854_p2               |     |        | add_ln381_2326    | add | fabric    | 0       |
|   Tp_839_fu_193868_p2                       |     |        | Tp_839            | add | fabric    | 0       |
|   add_ln381_2330_fu_193886_p2               |     |        | add_ln381_2330    | add | fabric    | 0       |
|   Tp_841_fu_193900_p2                       |     |        | Tp_841            | add | fabric    | 0       |
|   add_ln381_2334_fu_193918_p2               |     |        | add_ln381_2334    | add | fabric    | 0       |
|   Tp_843_fu_193932_p2                       |     |        | Tp_843            | add | fabric    | 0       |
|   add_ln381_2338_fu_193950_p2               |     |        | add_ln381_2338    | add | fabric    | 0       |
|   Tp_845_fu_193964_p2                       |     |        | Tp_845            | add | fabric    | 0       |
|   add_ln381_2342_fu_193982_p2               |     |        | add_ln381_2342    | add | fabric    | 0       |
|   Tp_847_fu_193996_p2                       |     |        | Tp_847            | add | fabric    | 0       |
|   add_ln381_2346_fu_194014_p2               |     |        | add_ln381_2346    | add | fabric    | 0       |
|   Tp_849_fu_194028_p2                       |     |        | Tp_849            | add | fabric    | 0       |
|   add_ln381_2350_fu_194046_p2               |     |        | add_ln381_2350    | add | fabric    | 0       |
|   Tp_851_fu_194060_p2                       |     |        | Tp_851            | add | fabric    | 0       |
|   add_ln381_2354_fu_194078_p2               |     |        | add_ln381_2354    | add | fabric    | 0       |
|   Tp_853_fu_194092_p2                       |     |        | Tp_853            | add | fabric    | 0       |
|   add_ln381_2358_fu_194110_p2               |     |        | add_ln381_2358    | add | fabric    | 0       |
|   Tp_855_fu_194124_p2                       |     |        | Tp_855            | add | fabric    | 0       |
|   add_ln381_2362_fu_194142_p2               |     |        | add_ln381_2362    | add | fabric    | 0       |
|   Tp_857_fu_194156_p2                       |     |        | Tp_857            | add | fabric    | 0       |
|   add_ln381_2366_fu_194174_p2               |     |        | add_ln381_2366    | add | fabric    | 0       |
|   Tp_859_fu_194188_p2                       |     |        | Tp_859            | add | fabric    | 0       |
|   add_ln381_2370_fu_194206_p2               |     |        | add_ln381_2370    | add | fabric    | 0       |
|   Tp_861_fu_194220_p2                       |     |        | Tp_861            | add | fabric    | 0       |
|   add_ln381_2374_fu_194238_p2               |     |        | add_ln381_2374    | add | fabric    | 0       |
|   Tp_863_fu_194252_p2                       |     |        | Tp_863            | add | fabric    | 0       |
|   add_ln381_2378_fu_194270_p2               |     |        | add_ln381_2378    | add | fabric    | 0       |
|   Tp_865_fu_194284_p2                       |     |        | Tp_865            | add | fabric    | 0       |
|   add_ln381_2382_fu_194302_p2               |     |        | add_ln381_2382    | add | fabric    | 0       |
|   Tp_867_fu_194316_p2                       |     |        | Tp_867            | add | fabric    | 0       |
|   add_ln381_2386_fu_194334_p2               |     |        | add_ln381_2386    | add | fabric    | 0       |
|   Tp_869_fu_194348_p2                       |     |        | Tp_869            | add | fabric    | 0       |
|   add_ln381_2390_fu_194366_p2               |     |        | add_ln381_2390    | add | fabric    | 0       |
|   Tp_871_fu_194380_p2                       |     |        | Tp_871            | add | fabric    | 0       |
|   add_ln381_2394_fu_194398_p2               |     |        | add_ln381_2394    | add | fabric    | 0       |
|   Tp_873_fu_194412_p2                       |     |        | Tp_873            | add | fabric    | 0       |
|   sub_ln381_616_fu_194451_p2                |     |        | sub_ln381_616     | sub | fabric    | 0       |
|   add_ln381_2396_fu_194469_p2               |     |        | add_ln381_2396    | add | fabric    | 0       |
|   Tp_874_fu_194495_p2                       |     |        | Tp_874            | add | fabric    | 0       |
|   sub_ln381_617_fu_161274_p2                |     |        | sub_ln381_617     | sub | fabric    | 0       |
|   addconv946_fu_161284_p2                   |     |        | addconv946        | add | fabric    | 0       |
|   mul_ln381_3925532_fu_194523_p2            |     |        | mul_ln381_3925532 | sub | fabric    | 0       |
|   add_ln381_2400_fu_194541_p2               |     |        | add_ln381_2400    | add | fabric    | 0       |
|   add_ln381_2401_fu_194551_p2               |     |        | add_ln381_2401    | add | fabric    | 0       |
|   add_ln381_2404_fu_194611_p2               |     |        | add_ln381_2404    | add | fabric    | 0       |
|   add_ln381_2407_fu_194644_p2               |     |        | add_ln381_2407    | add | fabric    | 0       |
|   add_ln381_2408_fu_194650_p2               |     |        | add_ln381_2408    | add | fabric    | 0       |
|   Tp_877_fu_194664_p2                       |     |        | Tp_877            | add | fabric    | 0       |
|   add_ln381_2410_fu_194704_p2               |     |        | add_ln381_2410    | add | fabric    | 0       |
|   add_ln381_2413_fu_194737_p2               |     |        | add_ln381_2413    | add | fabric    | 0       |
|   add_ln381_2414_fu_194743_p2               |     |        | add_ln381_2414    | add | fabric    | 0       |
|   Tp_879_fu_194757_p2                       |     |        | Tp_879            | add | fabric    | 0       |
|   sub_ln381_622_fu_161290_p2                |     |        | sub_ln381_622     | sub | fabric    | 0       |
|   add_ln381_2416_fu_194774_p2               |     |        | add_ln381_2416    | add | fabric    | 0       |
|   sub_ln381_623_fu_161307_p2                |     |        | sub_ln381_623     | sub | fabric    | 0       |
|   add_ln381_2419_fu_194807_p2               |     |        | add_ln381_2419    | add | fabric    | 0       |
|   add_ln381_2420_fu_194821_p2               |     |        | add_ln381_2420    | add | fabric    | 0       |
|   Tp_881_fu_194835_p2                       |     |        | Tp_881            | add | fabric    | 0       |
|   add_ln381_2424_fu_194853_p2               |     |        | add_ln381_2424    | add | fabric    | 0       |
|   Tp_883_fu_194867_p2                       |     |        | Tp_883            | add | fabric    | 0       |
|   add_ln381_2428_fu_194885_p2               |     |        | add_ln381_2428    | add | fabric    | 0       |
|   Tp_885_fu_194899_p2                       |     |        | Tp_885            | add | fabric    | 0       |
|   add_ln381_2432_fu_194917_p2               |     |        | add_ln381_2432    | add | fabric    | 0       |
|   Tp_887_fu_194931_p2                       |     |        | Tp_887            | add | fabric    | 0       |
|   add_ln381_2437_fu_194949_p2               |     |        | add_ln381_2437    | add | fabric    | 0       |
|   Tp_889_fu_194963_p2                       |     |        | Tp_889            | add | fabric    | 0       |
|   add_ln381_2441_fu_194981_p2               |     |        | add_ln381_2441    | add | fabric    | 0       |
|   Tp_891_fu_194995_p2                       |     |        | Tp_891            | add | fabric    | 0       |
|   add_ln381_2445_fu_195013_p2               |     |        | add_ln381_2445    | add | fabric    | 0       |
|   Tp_893_fu_195027_p2                       |     |        | Tp_893            | add | fabric    | 0       |
|   add_ln381_2449_fu_195045_p2               |     |        | add_ln381_2449    | add | fabric    | 0       |
|   Tp_895_fu_195059_p2                       |     |        | Tp_895            | add | fabric    | 0       |
|   add_ln381_2453_fu_195077_p2               |     |        | add_ln381_2453    | add | fabric    | 0       |
|   Tp_897_fu_195091_p2                       |     |        | Tp_897            | add | fabric    | 0       |
|   add_ln381_2457_fu_195109_p2               |     |        | add_ln381_2457    | add | fabric    | 0       |
|   Tp_899_fu_195123_p2                       |     |        | Tp_899            | add | fabric    | 0       |
|   add_ln381_2461_fu_195141_p2               |     |        | add_ln381_2461    | add | fabric    | 0       |
|   Tp_901_fu_195155_p2                       |     |        | Tp_901            | add | fabric    | 0       |
|   add_ln381_2465_fu_195173_p2               |     |        | add_ln381_2465    | add | fabric    | 0       |
|   Tp_903_fu_195187_p2                       |     |        | Tp_903            | add | fabric    | 0       |
|   add_ln381_2469_fu_195205_p2               |     |        | add_ln381_2469    | add | fabric    | 0       |
|   Tp_905_fu_195219_p2                       |     |        | Tp_905            | add | fabric    | 0       |
|   add_ln381_2473_fu_195237_p2               |     |        | add_ln381_2473    | add | fabric    | 0       |
|   Tp_907_fu_195251_p2                       |     |        | Tp_907            | add | fabric    | 0       |
|   add_ln381_2477_fu_195269_p2               |     |        | add_ln381_2477    | add | fabric    | 0       |
|   Tp_909_fu_195283_p2                       |     |        | Tp_909            | add | fabric    | 0       |
|   add_ln381_2481_fu_195301_p2               |     |        | add_ln381_2481    | add | fabric    | 0       |
|   Tp_911_fu_195315_p2                       |     |        | Tp_911            | add | fabric    | 0       |
|   add_ln381_2485_fu_195333_p2               |     |        | add_ln381_2485    | add | fabric    | 0       |
|   Tp_913_fu_195347_p2                       |     |        | Tp_913            | add | fabric    | 0       |
|   add_ln381_2489_fu_195365_p2               |     |        | add_ln381_2489    | add | fabric    | 0       |
|   Tp_915_fu_195379_p2                       |     |        | Tp_915            | add | fabric    | 0       |
|   add_ln381_2493_fu_195397_p2               |     |        | add_ln381_2493    | add | fabric    | 0       |
|   Tp_917_fu_195411_p2                       |     |        | Tp_917            | add | fabric    | 0       |
|   add_ln381_2497_fu_195429_p2               |     |        | add_ln381_2497    | add | fabric    | 0       |
|   Tp_919_fu_195443_p2                       |     |        | Tp_919            | add | fabric    | 0       |
|   sub_ln381_627_fu_195482_p2                |     |        | sub_ln381_627     | sub | fabric    | 0       |
|   add_ln381_2499_fu_195500_p2               |     |        | add_ln381_2499    | add | fabric    | 0       |
|   Tp_920_fu_195526_p2                       |     |        | Tp_920            | add | fabric    | 0       |
|   sub_ln381_628_fu_161372_p2                |     |        | sub_ln381_628     | sub | fabric    | 0       |
|   addconv947_fu_161382_p2                   |     |        | addconv947        | add | fabric    | 0       |
|   mul_ln381_4125530_fu_195554_p2            |     |        | mul_ln381_4125530 | sub | fabric    | 0       |
|   add_ln381_2503_fu_195572_p2               |     |        | add_ln381_2503    | add | fabric    | 0       |
|   add_ln381_2504_fu_195582_p2               |     |        | add_ln381_2504    | add | fabric    | 0       |
|   add_ln381_2507_fu_195642_p2               |     |        | add_ln381_2507    | add | fabric    | 0       |
|   add_ln381_2510_fu_195675_p2               |     |        | add_ln381_2510    | add | fabric    | 0       |
|   add_ln381_2511_fu_195681_p2               |     |        | add_ln381_2511    | add | fabric    | 0       |
|   Tp_923_fu_195695_p2                       |     |        | Tp_923            | add | fabric    | 0       |
|   sub_ln381_631_fu_161388_p2                |     |        | sub_ln381_631     | sub | fabric    | 0       |
|   add_ln381_2513_fu_195708_p2               |     |        | add_ln381_2513    | add | fabric    | 0       |
|   sub_ln381_632_fu_161405_p2                |     |        | sub_ln381_632     | sub | fabric    | 0       |
|   add_ln381_2516_fu_195741_p2               |     |        | add_ln381_2516    | add | fabric    | 0       |
|   add_ln381_2517_fu_195755_p2               |     |        | add_ln381_2517    | add | fabric    | 0       |
|   Tp_925_fu_195769_p2                       |     |        | Tp_925            | add | fabric    | 0       |
|   add_ln381_2521_fu_195787_p2               |     |        | add_ln381_2521    | add | fabric    | 0       |
|   Tp_927_fu_195801_p2                       |     |        | Tp_927            | add | fabric    | 0       |
|   add_ln381_2525_fu_195819_p2               |     |        | add_ln381_2525    | add | fabric    | 0       |
|   Tp_929_fu_195833_p2                       |     |        | Tp_929            | add | fabric    | 0       |
|   add_ln381_2529_fu_195851_p2               |     |        | add_ln381_2529    | add | fabric    | 0       |
|   Tp_931_fu_195865_p2                       |     |        | Tp_931            | add | fabric    | 0       |
|   add_ln381_2533_fu_195883_p2               |     |        | add_ln381_2533    | add | fabric    | 0       |
|   Tp_933_fu_195897_p2                       |     |        | Tp_933            | add | fabric    | 0       |
|   add_ln381_2537_fu_195915_p2               |     |        | add_ln381_2537    | add | fabric    | 0       |
|   Tp_935_fu_195929_p2                       |     |        | Tp_935            | add | fabric    | 0       |
|   add_ln381_2541_fu_195947_p2               |     |        | add_ln381_2541    | add | fabric    | 0       |
|   Tp_937_fu_195961_p2                       |     |        | Tp_937            | add | fabric    | 0       |
|   add_ln381_2545_fu_195979_p2               |     |        | add_ln381_2545    | add | fabric    | 0       |
|   Tp_939_fu_195993_p2                       |     |        | Tp_939            | add | fabric    | 0       |
|   add_ln381_2549_fu_196011_p2               |     |        | add_ln381_2549    | add | fabric    | 0       |
|   Tp_941_fu_196025_p2                       |     |        | Tp_941            | add | fabric    | 0       |
|   add_ln381_2553_fu_196043_p2               |     |        | add_ln381_2553    | add | fabric    | 0       |
|   Tp_943_fu_196057_p2                       |     |        | Tp_943            | add | fabric    | 0       |
|   add_ln381_2558_fu_196075_p2               |     |        | add_ln381_2558    | add | fabric    | 0       |
|   Tp_945_fu_196089_p2                       |     |        | Tp_945            | add | fabric    | 0       |
|   add_ln381_2562_fu_196107_p2               |     |        | add_ln381_2562    | add | fabric    | 0       |
|   Tp_947_fu_196121_p2                       |     |        | Tp_947            | add | fabric    | 0       |
|   add_ln381_2566_fu_196139_p2               |     |        | add_ln381_2566    | add | fabric    | 0       |
|   Tp_949_fu_196153_p2                       |     |        | Tp_949            | add | fabric    | 0       |
|   add_ln381_2570_fu_196171_p2               |     |        | add_ln381_2570    | add | fabric    | 0       |
|   Tp_951_fu_196185_p2                       |     |        | Tp_951            | add | fabric    | 0       |
|   add_ln381_2574_fu_196203_p2               |     |        | add_ln381_2574    | add | fabric    | 0       |
|   Tp_953_fu_196217_p2                       |     |        | Tp_953            | add | fabric    | 0       |
|   add_ln381_2578_fu_196235_p2               |     |        | add_ln381_2578    | add | fabric    | 0       |
|   Tp_955_fu_196249_p2                       |     |        | Tp_955            | add | fabric    | 0       |
|   add_ln381_2582_fu_196267_p2               |     |        | add_ln381_2582    | add | fabric    | 0       |
|   Tp_957_fu_196281_p2                       |     |        | Tp_957            | add | fabric    | 0       |
|   add_ln381_2586_fu_196299_p2               |     |        | add_ln381_2586    | add | fabric    | 0       |
|   Tp_959_fu_196313_p2                       |     |        | Tp_959            | add | fabric    | 0       |
|   add_ln381_2590_fu_196331_p2               |     |        | add_ln381_2590    | add | fabric    | 0       |
|   Tp_961_fu_196345_p2                       |     |        | Tp_961            | add | fabric    | 0       |
|   add_ln381_2594_fu_196363_p2               |     |        | add_ln381_2594    | add | fabric    | 0       |
|   Tp_963_fu_196377_p2                       |     |        | Tp_963            | add | fabric    | 0       |
|   add_ln381_2598_fu_196395_p2               |     |        | add_ln381_2598    | add | fabric    | 0       |
|   Tp_965_fu_196409_p2                       |     |        | Tp_965            | add | fabric    | 0       |
|   sub_ln381_636_fu_196448_p2                |     |        | sub_ln381_636     | sub | fabric    | 0       |
|   add_ln381_2600_fu_196466_p2               |     |        | add_ln381_2600    | add | fabric    | 0       |
|   Tp_966_fu_196492_p2                       |     |        | Tp_966            | add | fabric    | 0       |
|   sub_ln381_637_fu_161470_p2                |     |        | sub_ln381_637     | sub | fabric    | 0       |
|   addconv948_fu_161480_p2                   |     |        | addconv948        | add | fabric    | 0       |
|   mul_ln381_4325528_fu_196520_p2            |     |        | mul_ln381_4325528 | sub | fabric    | 0       |
|   add_ln381_2604_fu_196538_p2               |     |        | add_ln381_2604    | add | fabric    | 0       |
|   add_ln381_2605_fu_196548_p2               |     |        | add_ln381_2605    | add | fabric    | 0       |
|   q_1_fu_196642_p2                          |     |        | q_1               | add | fabric    | 0       |
|   q_5_fu_196906_p2                          |     |        | q_5               | add | fabric    | 0       |
|   q_9_fu_197170_p2                          |     |        | q_9               | add | fabric    | 0       |
|   q_13_fu_197330_p2                         |     |        | q_13              | add | fabric    | 0       |
|   q_17_fu_197542_p2                         |     |        | q_17              | add | fabric    | 0       |
|   sub_ln399_fu_197668_p2                    |     |        | sub_ln399         | sub | fabric    | 0       |
|   q_21_fu_197704_p2                         |     |        | q_21              | add | fabric    | 0       |
|   q_25_fu_197916_p2                         |     |        | q_25              | add | fabric    | 0       |
|   sub_ln399_1_fu_198042_p2                  |     |        | sub_ln399_1       | sub | fabric    | 0       |
|   q_29_fu_198078_p2                         |     |        | q_29              | add | fabric    | 0       |
|   q_33_fu_198290_p2                         |     |        | q_33              | add | fabric    | 0       |
|   sub_ln399_2_fu_198416_p2                  |     |        | sub_ln399_2       | sub | fabric    | 0       |
|   q_37_fu_198452_p2                         |     |        | q_37              | add | fabric    | 0       |
|   q_41_fu_198664_p2                         |     |        | q_41              | add | fabric    | 0       |
|   sub_ln399_3_fu_198790_p2                  |     |        | sub_ln399_3       | sub | fabric    | 0       |
|   q_45_fu_198826_p2                         |     |        | q_45              | add | fabric    | 0       |
|   q_49_fu_199038_p2                         |     |        | q_49              | add | fabric    | 0       |
|   sub_ln399_4_fu_199164_p2                  |     |        | sub_ln399_4       | sub | fabric    | 0       |
|   q_53_fu_199200_p2                         |     |        | q_53              | add | fabric    | 0       |
|   q_57_fu_199412_p2                         |     |        | q_57              | add | fabric    | 0       |
|   sub_ln399_5_fu_199538_p2                  |     |        | sub_ln399_5       | sub | fabric    | 0       |
|   q_61_fu_199574_p2                         |     |        | q_61              | add | fabric    | 0       |
|   q_65_fu_199786_p2                         |     |        | q_65              | add | fabric    | 0       |
|   sub_ln399_6_fu_199912_p2                  |     |        | sub_ln399_6       | sub | fabric    | 0       |
|   q_69_fu_199948_p2                         |     |        | q_69              | add | fabric    | 0       |
|   q_73_fu_200160_p2                         |     |        | q_73              | add | fabric    | 0       |
|   sub_ln399_7_fu_200286_p2                  |     |        | sub_ln399_7       | sub | fabric    | 0       |
|   q_77_fu_200322_p2                         |     |        | q_77              | add | fabric    | 0       |
|   q_81_fu_200534_p2                         |     |        | q_81              | add | fabric    | 0       |
|   sub_ln399_8_fu_200660_p2                  |     |        | sub_ln399_8       | sub | fabric    | 0       |
|   q_85_fu_200696_p2                         |     |        | q_85              | add | fabric    | 0       |
|   q_89_fu_200908_p2                         |     |        | q_89              | add | fabric    | 0       |
|   sub_ln399_9_fu_201034_p2                  |     |        | sub_ln399_9       | sub | fabric    | 0       |
|   q_93_fu_201070_p2                         |     |        | q_93              | add | fabric    | 0       |
|   q_97_fu_201282_p2                         |     |        | q_97              | add | fabric    | 0       |
|   sub_ln399_10_fu_201408_p2                 |     |        | sub_ln399_10      | sub | fabric    | 0       |
|   q_101_fu_201444_p2                        |     |        | q_101             | add | fabric    | 0       |
|   q_105_fu_201656_p2                        |     |        | q_105             | add | fabric    | 0       |
|   sub_ln399_11_fu_201782_p2                 |     |        | sub_ln399_11      | sub | fabric    | 0       |
|   q_109_fu_201818_p2                        |     |        | q_109             | add | fabric    | 0       |
|   q_113_fu_202030_p2                        |     |        | q_113             | add | fabric    | 0       |
|   sub_ln399_12_fu_202156_p2                 |     |        | sub_ln399_12      | sub | fabric    | 0       |
|   q_117_fu_202192_p2                        |     |        | q_117             | add | fabric    | 0       |
|   q_121_fu_202404_p2                        |     |        | q_121             | add | fabric    | 0       |
|   q_125_fu_202616_p2                        |     |        | q_125             | add | fabric    | 0       |
|   q_129_fu_202828_p2                        |     |        | q_129             | add | fabric    | 0       |
|   sub_ln399_13_fu_202954_p2                 |     |        | sub_ln399_13      | sub | fabric    | 0       |
|   q_133_fu_202990_p2                        |     |        | q_133             | add | fabric    | 0       |
|   q_137_fu_203202_p2                        |     |        | q_137             | add | fabric    | 0       |
|   sub_ln399_14_fu_203328_p2                 |     |        | sub_ln399_14      | sub | fabric    | 0       |
|   q_141_fu_203364_p2                        |     |        | q_141             | add | fabric    | 0       |
|   q_145_fu_203576_p2                        |     |        | q_145             | add | fabric    | 0       |
|   sub_ln399_15_fu_203702_p2                 |     |        | sub_ln399_15      | sub | fabric    | 0       |
|   q_149_fu_203738_p2                        |     |        | q_149             | add | fabric    | 0       |
|   q_153_fu_203950_p2                        |     |        | q_153             | add | fabric    | 0       |
|   sub_ln399_16_fu_204076_p2                 |     |        | sub_ln399_16      | sub | fabric    | 0       |
|   q_157_fu_204112_p2                        |     |        | q_157             | add | fabric    | 0       |
|   q_161_fu_204324_p2                        |     |        | q_161             | add | fabric    | 0       |
|   sub_ln399_17_fu_204450_p2                 |     |        | sub_ln399_17      | sub | fabric    | 0       |
|   q_165_fu_204486_p2                        |     |        | q_165             | add | fabric    | 0       |
|   q_169_fu_204698_p2                        |     |        | q_169             | add | fabric    | 0       |
|   sub_ln399_18_fu_204824_p2                 |     |        | sub_ln399_18      | sub | fabric    | 0       |
|   q_173_fu_204860_p2                        |     |        | q_173             | add | fabric    | 0       |
|   q_177_fu_205072_p2                        |     |        | q_177             | add | fabric    | 0       |
|   q_181_fu_205232_p2                        |     |        | q_181             | add | fabric    | 0       |
|   q_185_fu_205444_p2                        |     |        | q_185             | add | fabric    | 0       |
|   q_189_fu_205672_p2                        |     |        | q_189             | add | fabric    | 0       |
|   q_193_fu_205900_p2                        |     |        | q_193             | add | fabric    | 0       |
|   q_197_fu_206056_p2                        |     |        | q_197             | add | fabric    | 0       |
|   q_201_fu_206268_p2                        |     |        | q_201             | add | fabric    | 0       |
|   q_205_fu_206424_p2                        |     |        | q_205             | add | fabric    | 0       |
|   q_209_fu_206636_p2                        |     |        | q_209             | add | fabric    | 0       |
|   q_213_fu_206792_p2                        |     |        | q_213             | add | fabric    | 0       |
|   q_217_fu_207004_p2                        |     |        | q_217             | add | fabric    | 0       |
|   q_221_fu_207160_p2                        |     |        | q_221             | add | fabric    | 0       |
|   q_225_fu_207372_p2                        |     |        | q_225             | add | fabric    | 0       |
|   q_229_fu_207528_p2                        |     |        | q_229             | add | fabric    | 0       |
|   q_233_fu_207740_p2                        |     |        | q_233             | add | fabric    | 0       |
|   q_237_fu_207896_p2                        |     |        | q_237             | add | fabric    | 0       |
|   q_241_fu_208108_p2                        |     |        | q_241             | add | fabric    | 0       |
|   q_245_fu_208264_p2                        |     |        | q_245             | add | fabric    | 0       |
|   q_249_fu_208476_p2                        |     |        | q_249             | add | fabric    | 0       |
|   q_253_fu_208632_p2                        |     |        | q_253             | add | fabric    | 0       |
|   q_257_fu_208844_p2                        |     |        | q_257             | add | fabric    | 0       |
|   q_261_fu_209000_p2                        |     |        | q_261             | add | fabric    | 0       |
|   q_265_fu_209212_p2                        |     |        | q_265             | add | fabric    | 0       |
|   q_269_fu_209368_p2                        |     |        | q_269             | add | fabric    | 0       |
|   q_273_fu_209580_p2                        |     |        | q_273             | add | fabric    | 0       |
|   q_277_fu_209736_p2                        |     |        | q_277             | add | fabric    | 0       |
|   q_281_fu_209948_p2                        |     |        | q_281             | add | fabric    | 0       |
|   q_285_fu_210104_p2                        |     |        | q_285             | add | fabric    | 0       |
|   q_289_fu_210316_p2                        |     |        | q_289             | add | fabric    | 0       |
|   q_293_fu_210472_p2                        |     |        | q_293             | add | fabric    | 0       |
|   q_297_fu_210684_p2                        |     |        | q_297             | add | fabric    | 0       |
|   q_301_fu_210896_p2                        |     |        | q_301             | add | fabric    | 0       |
|   q_305_fu_211108_p2                        |     |        | q_305             | add | fabric    | 0       |
|   q_309_fu_211264_p2                        |     |        | q_309             | add | fabric    | 0       |
|   q_313_fu_211476_p2                        |     |        | q_313             | add | fabric    | 0       |
|   q_317_fu_211632_p2                        |     |        | q_317             | add | fabric    | 0       |
|   q_321_fu_211844_p2                        |     |        | q_321             | add | fabric    | 0       |
|   q_325_fu_212000_p2                        |     |        | q_325             | add | fabric    | 0       |
|   q_329_fu_212212_p2                        |     |        | q_329             | add | fabric    | 0       |
|   q_333_fu_212368_p2                        |     |        | q_333             | add | fabric    | 0       |
|   q_337_fu_212580_p2                        |     |        | q_337             | add | fabric    | 0       |
|   q_341_fu_212736_p2                        |     |        | q_341             | add | fabric    | 0       |
|   q_345_fu_212948_p2                        |     |        | q_345             | add | fabric    | 0       |
|   q_349_fu_213104_p2                        |     |        | q_349             | add | fabric    | 0       |
|   q_353_fu_213316_p2                        |     |        | q_353             | add | fabric    | 0       |
|   sub_ln399_19_fu_213442_p2                 |     |        | sub_ln399_19      | sub | fabric    | 0       |
|   q_357_fu_213478_p2                        |     |        | q_357             | add | fabric    | 0       |
|   q_361_fu_213690_p2                        |     |        | q_361             | add | fabric    | 0       |
|   q_365_fu_213846_p2                        |     |        | q_365             | add | fabric    | 0       |
|   q_369_fu_214058_p2                        |     |        | q_369             | add | fabric    | 0       |
|   q_373_fu_214286_p2                        |     |        | q_373             | add | fabric    | 0       |
|   q_377_fu_214514_p2                        |     |        | q_377             | add | fabric    | 0       |
|   q_381_fu_214670_p2                        |     |        | q_381             | add | fabric    | 0       |
|   q_385_fu_214882_p2                        |     |        | q_385             | add | fabric    | 0       |
|   q_389_fu_215038_p2                        |     |        | q_389             | add | fabric    | 0       |
|   q_393_fu_215250_p2                        |     |        | q_393             | add | fabric    | 0       |
|   q_397_fu_215406_p2                        |     |        | q_397             | add | fabric    | 0       |
|   q_401_fu_215618_p2                        |     |        | q_401             | add | fabric    | 0       |
|   q_405_fu_215774_p2                        |     |        | q_405             | add | fabric    | 0       |
|   q_409_fu_215986_p2                        |     |        | q_409             | add | fabric    | 0       |
|   q_413_fu_216142_p2                        |     |        | q_413             | add | fabric    | 0       |
|   q_417_fu_216354_p2                        |     |        | q_417             | add | fabric    | 0       |
|   q_421_fu_216510_p2                        |     |        | q_421             | add | fabric    | 0       |
|   q_425_fu_216722_p2                        |     |        | q_425             | add | fabric    | 0       |
|   q_429_fu_216878_p2                        |     |        | q_429             | add | fabric    | 0       |
|   q_433_fu_217090_p2                        |     |        | q_433             | add | fabric    | 0       |
|   q_437_fu_217246_p2                        |     |        | q_437             | add | fabric    | 0       |
|   q_441_fu_217458_p2                        |     |        | q_441             | add | fabric    | 0       |
|   q_445_fu_217614_p2                        |     |        | q_445             | add | fabric    | 0       |
|   q_449_fu_217826_p2                        |     |        | q_449             | add | fabric    | 0       |
|   q_453_fu_217982_p2                        |     |        | q_453             | add | fabric    | 0       |
|   q_457_fu_218194_p2                        |     |        | q_457             | add | fabric    | 0       |
|   q_461_fu_218350_p2                        |     |        | q_461             | add | fabric    | 0       |
|   q_465_fu_218562_p2                        |     |        | q_465             | add | fabric    | 0       |
|   q_469_fu_218718_p2                        |     |        | q_469             | add | fabric    | 0       |
|   q_473_fu_218930_p2                        |     |        | q_473             | add | fabric    | 0       |
|   q_477_fu_219142_p2                        |     |        | q_477             | add | fabric    | 0       |
|   q_481_fu_219354_p2                        |     |        | q_481             | add | fabric    | 0       |
|   q_485_fu_219510_p2                        |     |        | q_485             | add | fabric    | 0       |
|   q_489_fu_219722_p2                        |     |        | q_489             | add | fabric    | 0       |
|   q_493_fu_219878_p2                        |     |        | q_493             | add | fabric    | 0       |
|   q_497_fu_220090_p2                        |     |        | q_497             | add | fabric    | 0       |
|   q_501_fu_220246_p2                        |     |        | q_501             | add | fabric    | 0       |
|   q_505_fu_220458_p2                        |     |        | q_505             | add | fabric    | 0       |
|   q_509_fu_220614_p2                        |     |        | q_509             | add | fabric    | 0       |
|   q_513_fu_220826_p2                        |     |        | q_513             | add | fabric    | 0       |
|   q_517_fu_220982_p2                        |     |        | q_517             | add | fabric    | 0       |
|   q_521_fu_221194_p2                        |     |        | q_521             | add | fabric    | 0       |
|   q_525_fu_221350_p2                        |     |        | q_525             | add | fabric    | 0       |
|   q_529_fu_221562_p2                        |     |        | q_529             | add | fabric    | 0       |
|   sub_ln399_20_fu_221688_p2                 |     |        | sub_ln399_20      | sub | fabric    | 0       |
|   q_533_fu_221724_p2                        |     |        | q_533             | add | fabric    | 0       |
|   q_537_fu_221936_p2                        |     |        | q_537             | add | fabric    | 0       |
|   q_541_fu_222092_p2                        |     |        | q_541             | add | fabric    | 0       |
|   q_545_fu_222304_p2                        |     |        | q_545             | add | fabric    | 0       |
|   q_549_fu_222460_p2                        |     |        | q_549             | add | fabric    | 0       |
|   q_553_fu_222672_p2                        |     |        | q_553             | add | fabric    | 0       |
|   q_557_fu_222900_p2                        |     |        | q_557             | add | fabric    | 0       |
|   q_561_fu_223128_p2                        |     |        | q_561             | add | fabric    | 0       |
|   q_565_fu_223284_p2                        |     |        | q_565             | add | fabric    | 0       |
|   q_569_fu_223496_p2                        |     |        | q_569             | add | fabric    | 0       |
|   q_573_fu_223652_p2                        |     |        | q_573             | add | fabric    | 0       |
|   q_577_fu_223864_p2                        |     |        | q_577             | add | fabric    | 0       |
|   q_581_fu_224020_p2                        |     |        | q_581             | add | fabric    | 0       |
|   q_585_fu_224232_p2                        |     |        | q_585             | add | fabric    | 0       |
|   q_589_fu_224388_p2                        |     |        | q_589             | add | fabric    | 0       |
|   q_593_fu_224600_p2                        |     |        | q_593             | add | fabric    | 0       |
|   q_597_fu_224756_p2                        |     |        | q_597             | add | fabric    | 0       |
|   q_601_fu_224968_p2                        |     |        | q_601             | add | fabric    | 0       |
|   q_605_fu_225124_p2                        |     |        | q_605             | add | fabric    | 0       |
|   q_609_fu_225336_p2                        |     |        | q_609             | add | fabric    | 0       |
|   q_613_fu_225492_p2                        |     |        | q_613             | add | fabric    | 0       |
|   q_617_fu_225704_p2                        |     |        | q_617             | add | fabric    | 0       |
|   q_621_fu_225860_p2                        |     |        | q_621             | add | fabric    | 0       |
|   q_625_fu_226072_p2                        |     |        | q_625             | add | fabric    | 0       |
|   q_629_fu_226228_p2                        |     |        | q_629             | add | fabric    | 0       |
|   q_633_fu_226440_p2                        |     |        | q_633             | add | fabric    | 0       |
|   q_637_fu_226596_p2                        |     |        | q_637             | add | fabric    | 0       |
|   q_641_fu_226808_p2                        |     |        | q_641             | add | fabric    | 0       |
|   q_645_fu_226964_p2                        |     |        | q_645             | add | fabric    | 0       |
|   q_649_fu_227176_p2                        |     |        | q_649             | add | fabric    | 0       |
|   q_653_fu_227388_p2                        |     |        | q_653             | add | fabric    | 0       |
|   q_657_fu_227600_p2                        |     |        | q_657             | add | fabric    | 0       |
|   q_661_fu_227756_p2                        |     |        | q_661             | add | fabric    | 0       |
|   q_665_fu_227968_p2                        |     |        | q_665             | add | fabric    | 0       |
|   q_669_fu_228124_p2                        |     |        | q_669             | add | fabric    | 0       |
|   q_673_fu_228336_p2                        |     |        | q_673             | add | fabric    | 0       |
|   q_677_fu_228492_p2                        |     |        | q_677             | add | fabric    | 0       |
|   q_681_fu_228704_p2                        |     |        | q_681             | add | fabric    | 0       |
|   q_685_fu_228860_p2                        |     |        | q_685             | add | fabric    | 0       |
|   q_689_fu_229072_p2                        |     |        | q_689             | add | fabric    | 0       |
|   q_693_fu_229228_p2                        |     |        | q_693             | add | fabric    | 0       |
|   q_697_fu_229440_p2                        |     |        | q_697             | add | fabric    | 0       |
|   q_701_fu_229596_p2                        |     |        | q_701             | add | fabric    | 0       |
|   q_705_fu_229808_p2                        |     |        | q_705             | add | fabric    | 0       |
|   sub_ln399_21_fu_229934_p2                 |     |        | sub_ln399_21      | sub | fabric    | 0       |
|   q_709_fu_229970_p2                        |     |        | q_709             | add | fabric    | 0       |
|   q_713_fu_230182_p2                        |     |        | q_713             | add | fabric    | 0       |
|   q_717_fu_230338_p2                        |     |        | q_717             | add | fabric    | 0       |
|   q_721_fu_230550_p2                        |     |        | q_721             | add | fabric    | 0       |
|   q_725_fu_230706_p2                        |     |        | q_725             | add | fabric    | 0       |
|   q_729_fu_230918_p2                        |     |        | q_729             | add | fabric    | 0       |
|   q_733_fu_231074_p2                        |     |        | q_733             | add | fabric    | 0       |
|   q_737_fu_231286_p2                        |     |        | q_737             | add | fabric    | 0       |
|   q_741_fu_231514_p2                        |     |        | q_741             | add | fabric    | 0       |
|   q_745_fu_231742_p2                        |     |        | q_745             | add | fabric    | 0       |
|   q_749_fu_231898_p2                        |     |        | q_749             | add | fabric    | 0       |
|   q_753_fu_232110_p2                        |     |        | q_753             | add | fabric    | 0       |
|   q_757_fu_232266_p2                        |     |        | q_757             | add | fabric    | 0       |
|   q_761_fu_232478_p2                        |     |        | q_761             | add | fabric    | 0       |
|   q_765_fu_232634_p2                        |     |        | q_765             | add | fabric    | 0       |
|   q_769_fu_232846_p2                        |     |        | q_769             | add | fabric    | 0       |
|   q_773_fu_233002_p2                        |     |        | q_773             | add | fabric    | 0       |
|   q_777_fu_233214_p2                        |     |        | q_777             | add | fabric    | 0       |
|   q_781_fu_233370_p2                        |     |        | q_781             | add | fabric    | 0       |
|   q_785_fu_233582_p2                        |     |        | q_785             | add | fabric    | 0       |
|   q_789_fu_233738_p2                        |     |        | q_789             | add | fabric    | 0       |
|   q_793_fu_233950_p2                        |     |        | q_793             | add | fabric    | 0       |
|   q_797_fu_234106_p2                        |     |        | q_797             | add | fabric    | 0       |
|   q_801_fu_234318_p2                        |     |        | q_801             | add | fabric    | 0       |
|   q_805_fu_234474_p2                        |     |        | q_805             | add | fabric    | 0       |
|   q_809_fu_234686_p2                        |     |        | q_809             | add | fabric    | 0       |
|   q_813_fu_234842_p2                        |     |        | q_813             | add | fabric    | 0       |
|   q_817_fu_235054_p2                        |     |        | q_817             | add | fabric    | 0       |
|   q_821_fu_235210_p2                        |     |        | q_821             | add | fabric    | 0       |
|   q_825_fu_235422_p2                        |     |        | q_825             | add | fabric    | 0       |
|   q_829_fu_235634_p2                        |     |        | q_829             | add | fabric    | 0       |
|   q_833_fu_235846_p2                        |     |        | q_833             | add | fabric    | 0       |
|   q_837_fu_236002_p2                        |     |        | q_837             | add | fabric    | 0       |
|   q_841_fu_236214_p2                        |     |        | q_841             | add | fabric    | 0       |
|   q_845_fu_236370_p2                        |     |        | q_845             | add | fabric    | 0       |
|   q_849_fu_236582_p2                        |     |        | q_849             | add | fabric    | 0       |
|   q_853_fu_236738_p2                        |     |        | q_853             | add | fabric    | 0       |
|   q_857_fu_236950_p2                        |     |        | q_857             | add | fabric    | 0       |
|   q_861_fu_237106_p2                        |     |        | q_861             | add | fabric    | 0       |
|   q_865_fu_237318_p2                        |     |        | q_865             | add | fabric    | 0       |
|   q_869_fu_237474_p2                        |     |        | q_869             | add | fabric    | 0       |
|   q_873_fu_237686_p2                        |     |        | q_873             | add | fabric    | 0       |
|   q_877_fu_237842_p2                        |     |        | q_877             | add | fabric    | 0       |
|   q_881_fu_238054_p2                        |     |        | q_881             | add | fabric    | 0       |
|   sub_ln399_22_fu_238180_p2                 |     |        | sub_ln399_22      | sub | fabric    | 0       |
|   q_885_fu_238216_p2                        |     |        | q_885             | add | fabric    | 0       |
|   q_889_fu_238428_p2                        |     |        | q_889             | add | fabric    | 0       |
|   q_893_fu_238584_p2                        |     |        | q_893             | add | fabric    | 0       |
|   q_897_fu_238796_p2                        |     |        | q_897             | add | fabric    | 0       |
|   q_901_fu_238952_p2                        |     |        | q_901             | add | fabric    | 0       |
|   q_905_fu_239164_p2                        |     |        | q_905             | add | fabric    | 0       |
|   q_909_fu_239320_p2                        |     |        | q_909             | add | fabric    | 0       |
|   q_913_fu_239532_p2                        |     |        | q_913             | add | fabric    | 0       |
|   q_917_fu_239688_p2                        |     |        | q_917             | add | fabric    | 0       |
|   q_921_fu_239900_p2                        |     |        | q_921             | add | fabric    | 0       |
|   q_925_fu_240128_p2                        |     |        | q_925             | add | fabric    | 0       |
|   q_929_fu_240356_p2                        |     |        | q_929             | add | fabric    | 0       |
|   q_933_fu_240512_p2                        |     |        | q_933             | add | fabric    | 0       |
|   q_937_fu_240724_p2                        |     |        | q_937             | add | fabric    | 0       |
|   q_941_fu_240880_p2                        |     |        | q_941             | add | fabric    | 0       |
|   q_945_fu_241092_p2                        |     |        | q_945             | add | fabric    | 0       |
|   q_949_fu_241248_p2                        |     |        | q_949             | add | fabric    | 0       |
|   q_953_fu_241460_p2                        |     |        | q_953             | add | fabric    | 0       |
|   q_957_fu_241616_p2                        |     |        | q_957             | add | fabric    | 0       |
|   q_961_fu_241828_p2                        |     |        | q_961             | add | fabric    | 0       |
|   q_965_fu_241984_p2                        |     |        | q_965             | add | fabric    | 0       |
|   q_969_fu_242196_p2                        |     |        | q_969             | add | fabric    | 0       |
|   q_973_fu_242352_p2                        |     |        | q_973             | add | fabric    | 0       |
|   q_977_fu_242564_p2                        |     |        | q_977             | add | fabric    | 0       |
|   q_981_fu_242720_p2                        |     |        | q_981             | add | fabric    | 0       |
|   q_985_fu_242932_p2                        |     |        | q_985             | add | fabric    | 0       |
|   q_989_fu_243088_p2                        |     |        | q_989             | add | fabric    | 0       |
|   q_993_fu_243300_p2                        |     |        | q_993             | add | fabric    | 0       |
|   q_997_fu_243456_p2                        |     |        | q_997             | add | fabric    | 0       |
|   q_1001_fu_243668_p2                       |     |        | q_1001            | add | fabric    | 0       |
|   q_1005_fu_243880_p2                       |     |        | q_1005            | add | fabric    | 0       |
|   q_1009_fu_244092_p2                       |     |        | q_1009            | add | fabric    | 0       |
|   q_1013_fu_244248_p2                       |     |        | q_1013            | add | fabric    | 0       |
|   q_1017_fu_244460_p2                       |     |        | q_1017            | add | fabric    | 0       |
|   q_1021_fu_244616_p2                       |     |        | q_1021            | add | fabric    | 0       |
|   q_1025_fu_244828_p2                       |     |        | q_1025            | add | fabric    | 0       |
|   q_1029_fu_244984_p2                       |     |        | q_1029            | add | fabric    | 0       |
|   q_1033_fu_245196_p2                       |     |        | q_1033            | add | fabric    | 0       |
|   q_1037_fu_245352_p2                       |     |        | q_1037            | add | fabric    | 0       |
|   q_1041_fu_245564_p2                       |     |        | q_1041            | add | fabric    | 0       |
|   q_1045_fu_245720_p2                       |     |        | q_1045            | add | fabric    | 0       |
|   q_1049_fu_245932_p2                       |     |        | q_1049            | add | fabric    | 0       |
|   q_1053_fu_246088_p2                       |     |        | q_1053            | add | fabric    | 0       |
|   q_1057_fu_246300_p2                       |     |        | q_1057            | add | fabric    | 0       |
|   sub_ln399_23_fu_246426_p2                 |     |        | sub_ln399_23      | sub | fabric    | 0       |
|   q_1061_fu_246462_p2                       |     |        | q_1061            | add | fabric    | 0       |
|   q_1065_fu_246674_p2                       |     |        | q_1065            | add | fabric    | 0       |
|   q_1069_fu_246830_p2                       |     |        | q_1069            | add | fabric    | 0       |
|   q_1073_fu_247042_p2                       |     |        | q_1073            | add | fabric    | 0       |
|   q_1077_fu_247198_p2                       |     |        | q_1077            | add | fabric    | 0       |
|   q_1081_fu_247410_p2                       |     |        | q_1081            | add | fabric    | 0       |
|   q_1085_fu_247566_p2                       |     |        | q_1085            | add | fabric    | 0       |
|   q_1089_fu_247778_p2                       |     |        | q_1089            | add | fabric    | 0       |
|   q_1093_fu_247934_p2                       |     |        | q_1093            | add | fabric    | 0       |
|   q_1097_fu_248146_p2                       |     |        | q_1097            | add | fabric    | 0       |
|   q_1101_fu_248302_p2                       |     |        | q_1101            | add | fabric    | 0       |
|   q_1105_fu_248514_p2                       |     |        | q_1105            | add | fabric    | 0       |
|   q_1109_fu_248742_p2                       |     |        | q_1109            | add | fabric    | 0       |
|   q_1113_fu_248970_p2                       |     |        | q_1113            | add | fabric    | 0       |
|   q_1117_fu_249126_p2                       |     |        | q_1117            | add | fabric    | 0       |
|   q_1121_fu_249338_p2                       |     |        | q_1121            | add | fabric    | 0       |
|   q_1125_fu_249494_p2                       |     |        | q_1125            | add | fabric    | 0       |
|   q_1129_fu_249706_p2                       |     |        | q_1129            | add | fabric    | 0       |
|   q_1133_fu_249862_p2                       |     |        | q_1133            | add | fabric    | 0       |
|   q_1137_fu_250074_p2                       |     |        | q_1137            | add | fabric    | 0       |
|   q_1141_fu_250230_p2                       |     |        | q_1141            | add | fabric    | 0       |
|   q_1145_fu_250442_p2                       |     |        | q_1145            | add | fabric    | 0       |
|   q_1149_fu_250598_p2                       |     |        | q_1149            | add | fabric    | 0       |
|   q_1153_fu_250810_p2                       |     |        | q_1153            | add | fabric    | 0       |
|   q_1157_fu_250966_p2                       |     |        | q_1157            | add | fabric    | 0       |
|   q_1161_fu_251178_p2                       |     |        | q_1161            | add | fabric    | 0       |
|   q_1165_fu_251334_p2                       |     |        | q_1165            | add | fabric    | 0       |
|   q_1169_fu_251546_p2                       |     |        | q_1169            | add | fabric    | 0       |
|   q_1173_fu_251702_p2                       |     |        | q_1173            | add | fabric    | 0       |
|   q_1177_fu_251914_p2                       |     |        | q_1177            | add | fabric    | 0       |
|   q_1181_fu_252126_p2                       |     |        | q_1181            | add | fabric    | 0       |
|   q_1185_fu_252338_p2                       |     |        | q_1185            | add | fabric    | 0       |
|   q_1189_fu_252494_p2                       |     |        | q_1189            | add | fabric    | 0       |
|   q_1193_fu_252706_p2                       |     |        | q_1193            | add | fabric    | 0       |
|   q_1197_fu_252862_p2                       |     |        | q_1197            | add | fabric    | 0       |
|   q_1201_fu_253074_p2                       |     |        | q_1201            | add | fabric    | 0       |
|   q_1205_fu_253230_p2                       |     |        | q_1205            | add | fabric    | 0       |
|   q_1209_fu_253442_p2                       |     |        | q_1209            | add | fabric    | 0       |
|   q_1213_fu_253598_p2                       |     |        | q_1213            | add | fabric    | 0       |
|   q_1217_fu_253810_p2                       |     |        | q_1217            | add | fabric    | 0       |
|   q_1221_fu_253966_p2                       |     |        | q_1221            | add | fabric    | 0       |
|   q_1225_fu_254178_p2                       |     |        | q_1225            | add | fabric    | 0       |
|   q_1229_fu_254334_p2                       |     |        | q_1229            | add | fabric    | 0       |
|   q_1233_fu_254546_p2                       |     |        | q_1233            | add | fabric    | 0       |
|   sub_ln399_24_fu_254672_p2                 |     |        | sub_ln399_24      | sub | fabric    | 0       |
|   q_1237_fu_254708_p2                       |     |        | q_1237            | add | fabric    | 0       |
|   q_1241_fu_254920_p2                       |     |        | q_1241            | add | fabric    | 0       |
|   q_1245_fu_255076_p2                       |     |        | q_1245            | add | fabric    | 0       |
|   q_1249_fu_255288_p2                       |     |        | q_1249            | add | fabric    | 0       |
|   q_1253_fu_255444_p2                       |     |        | q_1253            | add | fabric    | 0       |
|   q_1257_fu_255656_p2                       |     |        | q_1257            | add | fabric    | 0       |
|   q_1261_fu_255812_p2                       |     |        | q_1261            | add | fabric    | 0       |
|   q_1265_fu_256024_p2                       |     |        | q_1265            | add | fabric    | 0       |
|   q_1269_fu_256180_p2                       |     |        | q_1269            | add | fabric    | 0       |
|   q_1273_fu_256392_p2                       |     |        | q_1273            | add | fabric    | 0       |
|   q_1277_fu_256548_p2                       |     |        | q_1277            | add | fabric    | 0       |
|   q_1281_fu_256760_p2                       |     |        | q_1281            | add | fabric    | 0       |
|   q_1285_fu_256916_p2                       |     |        | q_1285            | add | fabric    | 0       |
|   q_1289_fu_257128_p2                       |     |        | q_1289            | add | fabric    | 0       |
|   q_1293_fu_257356_p2                       |     |        | q_1293            | add | fabric    | 0       |
|   q_1297_fu_257584_p2                       |     |        | q_1297            | add | fabric    | 0       |
|   q_1301_fu_257740_p2                       |     |        | q_1301            | add | fabric    | 0       |
|   q_1305_fu_257952_p2                       |     |        | q_1305            | add | fabric    | 0       |
|   q_1309_fu_258108_p2                       |     |        | q_1309            | add | fabric    | 0       |
|   q_1313_fu_258320_p2                       |     |        | q_1313            | add | fabric    | 0       |
|   q_1317_fu_258476_p2                       |     |        | q_1317            | add | fabric    | 0       |
|   q_1321_fu_258688_p2                       |     |        | q_1321            | add | fabric    | 0       |
|   q_1325_fu_258844_p2                       |     |        | q_1325            | add | fabric    | 0       |
|   q_1329_fu_259056_p2                       |     |        | q_1329            | add | fabric    | 0       |
|   q_1333_fu_259212_p2                       |     |        | q_1333            | add | fabric    | 0       |
|   q_1337_fu_259424_p2                       |     |        | q_1337            | add | fabric    | 0       |
|   q_1341_fu_259580_p2                       |     |        | q_1341            | add | fabric    | 0       |
|   q_1345_fu_259792_p2                       |     |        | q_1345            | add | fabric    | 0       |
|   q_1349_fu_259948_p2                       |     |        | q_1349            | add | fabric    | 0       |
|   q_1353_fu_260160_p2                       |     |        | q_1353            | add | fabric    | 0       |
|   q_1357_fu_260372_p2                       |     |        | q_1357            | add | fabric    | 0       |
|   q_1361_fu_260584_p2                       |     |        | q_1361            | add | fabric    | 0       |
|   q_1365_fu_260740_p2                       |     |        | q_1365            | add | fabric    | 0       |
|   q_1369_fu_260952_p2                       |     |        | q_1369            | add | fabric    | 0       |
|   q_1373_fu_261108_p2                       |     |        | q_1373            | add | fabric    | 0       |
|   q_1377_fu_261320_p2                       |     |        | q_1377            | add | fabric    | 0       |
|   q_1381_fu_261476_p2                       |     |        | q_1381            | add | fabric    | 0       |
|   q_1385_fu_261688_p2                       |     |        | q_1385            | add | fabric    | 0       |
|   q_1389_fu_261844_p2                       |     |        | q_1389            | add | fabric    | 0       |
|   q_1393_fu_262056_p2                       |     |        | q_1393            | add | fabric    | 0       |
|   q_1397_fu_262212_p2                       |     |        | q_1397            | add | fabric    | 0       |
|   q_1401_fu_262424_p2                       |     |        | q_1401            | add | fabric    | 0       |
|   q_1405_fu_262580_p2                       |     |        | q_1405            | add | fabric    | 0       |
|   q_1409_fu_262792_p2                       |     |        | q_1409            | add | fabric    | 0       |
|   sub_ln399_25_fu_262918_p2                 |     |        | sub_ln399_25      | sub | fabric    | 0       |
|   q_1413_fu_262954_p2                       |     |        | q_1413            | add | fabric    | 0       |
|   q_1417_fu_263166_p2                       |     |        | q_1417            | add | fabric    | 0       |
|   q_1421_fu_263322_p2                       |     |        | q_1421            | add | fabric    | 0       |
|   q_1425_fu_263534_p2                       |     |        | q_1425            | add | fabric    | 0       |
|   q_1429_fu_263690_p2                       |     |        | q_1429            | add | fabric    | 0       |
|   q_1433_fu_263902_p2                       |     |        | q_1433            | add | fabric    | 0       |
|   q_1437_fu_264058_p2                       |     |        | q_1437            | add | fabric    | 0       |
|   q_1441_fu_264270_p2                       |     |        | q_1441            | add | fabric    | 0       |
|   q_1445_fu_264426_p2                       |     |        | q_1445            | add | fabric    | 0       |
|   q_1449_fu_264638_p2                       |     |        | q_1449            | add | fabric    | 0       |
|   q_1453_fu_264794_p2                       |     |        | q_1453            | add | fabric    | 0       |
|   q_1457_fu_265006_p2                       |     |        | q_1457            | add | fabric    | 0       |
|   q_1461_fu_265162_p2                       |     |        | q_1461            | add | fabric    | 0       |
|   q_1465_fu_265374_p2                       |     |        | q_1465            | add | fabric    | 0       |
|   q_1469_fu_265530_p2                       |     |        | q_1469            | add | fabric    | 0       |
|   q_1473_fu_265742_p2                       |     |        | q_1473            | add | fabric    | 0       |
|   q_1477_fu_265970_p2                       |     |        | q_1477            | add | fabric    | 0       |
|   q_1481_fu_266198_p2                       |     |        | q_1481            | add | fabric    | 0       |
|   q_1485_fu_266354_p2                       |     |        | q_1485            | add | fabric    | 0       |
|   q_1489_fu_266566_p2                       |     |        | q_1489            | add | fabric    | 0       |
|   q_1493_fu_266722_p2                       |     |        | q_1493            | add | fabric    | 0       |
|   q_1497_fu_266934_p2                       |     |        | q_1497            | add | fabric    | 0       |
|   q_1501_fu_267090_p2                       |     |        | q_1501            | add | fabric    | 0       |
|   q_1505_fu_267302_p2                       |     |        | q_1505            | add | fabric    | 0       |
|   q_1509_fu_267458_p2                       |     |        | q_1509            | add | fabric    | 0       |
|   q_1513_fu_267670_p2                       |     |        | q_1513            | add | fabric    | 0       |
|   q_1517_fu_267826_p2                       |     |        | q_1517            | add | fabric    | 0       |
|   q_1521_fu_268038_p2                       |     |        | q_1521            | add | fabric    | 0       |
|   q_1525_fu_268194_p2                       |     |        | q_1525            | add | fabric    | 0       |
|   q_1529_fu_268406_p2                       |     |        | q_1529            | add | fabric    | 0       |
|   q_1533_fu_268618_p2                       |     |        | q_1533            | add | fabric    | 0       |
|   q_1537_fu_268830_p2                       |     |        | q_1537            | add | fabric    | 0       |
|   q_1541_fu_268986_p2                       |     |        | q_1541            | add | fabric    | 0       |
|   q_1545_fu_269198_p2                       |     |        | q_1545            | add | fabric    | 0       |
|   q_1549_fu_269354_p2                       |     |        | q_1549            | add | fabric    | 0       |
|   q_1553_fu_269566_p2                       |     |        | q_1553            | add | fabric    | 0       |
|   q_1557_fu_269722_p2                       |     |        | q_1557            | add | fabric    | 0       |
|   q_1561_fu_269934_p2                       |     |        | q_1561            | add | fabric    | 0       |
|   q_1565_fu_270090_p2                       |     |        | q_1565            | add | fabric    | 0       |
|   q_1569_fu_270302_p2                       |     |        | q_1569            | add | fabric    | 0       |
|   q_1573_fu_270458_p2                       |     |        | q_1573            | add | fabric    | 0       |
|   q_1577_fu_270670_p2                       |     |        | q_1577            | add | fabric    | 0       |
|   q_1581_fu_270826_p2                       |     |        | q_1581            | add | fabric    | 0       |
|   q_1585_fu_271038_p2                       |     |        | q_1585            | add | fabric    | 0       |
|   sub_ln399_26_fu_271164_p2                 |     |        | sub_ln399_26      | sub | fabric    | 0       |
|   q_1589_fu_271200_p2                       |     |        | q_1589            | add | fabric    | 0       |
|   q_1593_fu_271412_p2                       |     |        | q_1593            | add | fabric    | 0       |
|   q_1597_fu_271568_p2                       |     |        | q_1597            | add | fabric    | 0       |
|   q_1601_fu_271780_p2                       |     |        | q_1601            | add | fabric    | 0       |
|   q_1605_fu_271936_p2                       |     |        | q_1605            | add | fabric    | 0       |
|   q_1609_fu_272148_p2                       |     |        | q_1609            | add | fabric    | 0       |
|   q_1613_fu_272304_p2                       |     |        | q_1613            | add | fabric    | 0       |
|   q_1617_fu_272516_p2                       |     |        | q_1617            | add | fabric    | 0       |
|   q_1621_fu_272672_p2                       |     |        | q_1621            | add | fabric    | 0       |
|   q_1625_fu_272884_p2                       |     |        | q_1625            | add | fabric    | 0       |
|   q_1629_fu_273040_p2                       |     |        | q_1629            | add | fabric    | 0       |
|   q_1633_fu_273252_p2                       |     |        | q_1633            | add | fabric    | 0       |
|   q_1637_fu_273408_p2                       |     |        | q_1637            | add | fabric    | 0       |
|   q_1641_fu_273620_p2                       |     |        | q_1641            | add | fabric    | 0       |
|   q_1645_fu_273776_p2                       |     |        | q_1645            | add | fabric    | 0       |
|   q_1649_fu_273988_p2                       |     |        | q_1649            | add | fabric    | 0       |
|   q_1653_fu_274144_p2                       |     |        | q_1653            | add | fabric    | 0       |
|   q_1657_fu_274356_p2                       |     |        | q_1657            | add | fabric    | 0       |
|   q_1661_fu_274584_p2                       |     |        | q_1661            | add | fabric    | 0       |
|   q_1665_fu_274812_p2                       |     |        | q_1665            | add | fabric    | 0       |
|   q_1669_fu_274968_p2                       |     |        | q_1669            | add | fabric    | 0       |
|   q_1673_fu_275180_p2                       |     |        | q_1673            | add | fabric    | 0       |
|   q_1677_fu_275336_p2                       |     |        | q_1677            | add | fabric    | 0       |
|   q_1681_fu_275548_p2                       |     |        | q_1681            | add | fabric    | 0       |
|   q_1685_fu_275704_p2                       |     |        | q_1685            | add | fabric    | 0       |
|   q_1689_fu_275916_p2                       |     |        | q_1689            | add | fabric    | 0       |
|   q_1693_fu_276072_p2                       |     |        | q_1693            | add | fabric    | 0       |
|   q_1697_fu_276284_p2                       |     |        | q_1697            | add | fabric    | 0       |
|   q_1701_fu_276440_p2                       |     |        | q_1701            | add | fabric    | 0       |
|   q_1705_fu_276652_p2                       |     |        | q_1705            | add | fabric    | 0       |
|   q_1709_fu_276864_p2                       |     |        | q_1709            | add | fabric    | 0       |
|   q_1713_fu_277076_p2                       |     |        | q_1713            | add | fabric    | 0       |
|   q_1717_fu_277232_p2                       |     |        | q_1717            | add | fabric    | 0       |
|   q_1721_fu_277444_p2                       |     |        | q_1721            | add | fabric    | 0       |
|   q_1725_fu_277600_p2                       |     |        | q_1725            | add | fabric    | 0       |
|   q_1729_fu_277812_p2                       |     |        | q_1729            | add | fabric    | 0       |
|   q_1733_fu_277968_p2                       |     |        | q_1733            | add | fabric    | 0       |
|   q_1737_fu_278180_p2                       |     |        | q_1737            | add | fabric    | 0       |
|   q_1741_fu_278336_p2                       |     |        | q_1741            | add | fabric    | 0       |
|   q_1745_fu_278548_p2                       |     |        | q_1745            | add | fabric    | 0       |
|   q_1749_fu_278704_p2                       |     |        | q_1749            | add | fabric    | 0       |
|   q_1753_fu_278916_p2                       |     |        | q_1753            | add | fabric    | 0       |
|   q_1757_fu_279072_p2                       |     |        | q_1757            | add | fabric    | 0       |
|   q_1761_fu_279284_p2                       |     |        | q_1761            | add | fabric    | 0       |
|   sub_ln399_27_fu_279410_p2                 |     |        | sub_ln399_27      | sub | fabric    | 0       |
|   q_1765_fu_279446_p2                       |     |        | q_1765            | add | fabric    | 0       |
|   q_1769_fu_279658_p2                       |     |        | q_1769            | add | fabric    | 0       |
|   q_1773_fu_279814_p2                       |     |        | q_1773            | add | fabric    | 0       |
|   q_1777_fu_280026_p2                       |     |        | q_1777            | add | fabric    | 0       |
|   q_1781_fu_280182_p2                       |     |        | q_1781            | add | fabric    | 0       |
|   q_1785_fu_280394_p2                       |     |        | q_1785            | add | fabric    | 0       |
|   q_1789_fu_280550_p2                       |     |        | q_1789            | add | fabric    | 0       |
|   q_1793_fu_280762_p2                       |     |        | q_1793            | add | fabric    | 0       |
|   q_1797_fu_280918_p2                       |     |        | q_1797            | add | fabric    | 0       |
|   q_1801_fu_281130_p2                       |     |        | q_1801            | add | fabric    | 0       |
|   q_1805_fu_281286_p2                       |     |        | q_1805            | add | fabric    | 0       |
|   q_1809_fu_281498_p2                       |     |        | q_1809            | add | fabric    | 0       |
|   q_1813_fu_281654_p2                       |     |        | q_1813            | add | fabric    | 0       |
|   q_1817_fu_281866_p2                       |     |        | q_1817            | add | fabric    | 0       |
|   q_1821_fu_282022_p2                       |     |        | q_1821            | add | fabric    | 0       |
|   q_1825_fu_282234_p2                       |     |        | q_1825            | add | fabric    | 0       |
|   q_1829_fu_282390_p2                       |     |        | q_1829            | add | fabric    | 0       |
|   q_1833_fu_282602_p2                       |     |        | q_1833            | add | fabric    | 0       |
|   q_1837_fu_282758_p2                       |     |        | q_1837            | add | fabric    | 0       |
|   q_1841_fu_282970_p2                       |     |        | q_1841            | add | fabric    | 0       |
|   q_1845_fu_283198_p2                       |     |        | q_1845            | add | fabric    | 0       |
|   q_1849_fu_283426_p2                       |     |        | q_1849            | add | fabric    | 0       |
|   q_1853_fu_283582_p2                       |     |        | q_1853            | add | fabric    | 0       |
|   q_1857_fu_283794_p2                       |     |        | q_1857            | add | fabric    | 0       |
|   q_1861_fu_283950_p2                       |     |        | q_1861            | add | fabric    | 0       |
|   q_1865_fu_284162_p2                       |     |        | q_1865            | add | fabric    | 0       |
|   q_1869_fu_284318_p2                       |     |        | q_1869            | add | fabric    | 0       |
|   q_1873_fu_284530_p2                       |     |        | q_1873            | add | fabric    | 0       |
|   q_1877_fu_284686_p2                       |     |        | q_1877            | add | fabric    | 0       |
|   q_1881_fu_284898_p2                       |     |        | q_1881            | add | fabric    | 0       |
|   q_1885_fu_285110_p2                       |     |        | q_1885            | add | fabric    | 0       |
|   q_1889_fu_285322_p2                       |     |        | q_1889            | add | fabric    | 0       |
|   q_1893_fu_285478_p2                       |     |        | q_1893            | add | fabric    | 0       |
|   q_1897_fu_285690_p2                       |     |        | q_1897            | add | fabric    | 0       |
|   q_1901_fu_285846_p2                       |     |        | q_1901            | add | fabric    | 0       |
|   q_1905_fu_286058_p2                       |     |        | q_1905            | add | fabric    | 0       |
|   q_1909_fu_286214_p2                       |     |        | q_1909            | add | fabric    | 0       |
|   q_1913_fu_286426_p2                       |     |        | q_1913            | add | fabric    | 0       |
|   q_1917_fu_286582_p2                       |     |        | q_1917            | add | fabric    | 0       |
|   q_1921_fu_286794_p2                       |     |        | q_1921            | add | fabric    | 0       |
|   q_1925_fu_286950_p2                       |     |        | q_1925            | add | fabric    | 0       |
|   q_1929_fu_287162_p2                       |     |        | q_1929            | add | fabric    | 0       |
|   q_1933_fu_287318_p2                       |     |        | q_1933            | add | fabric    | 0       |
|   q_1937_fu_287530_p2                       |     |        | q_1937            | add | fabric    | 0       |
|   sub_ln399_28_fu_287656_p2                 |     |        | sub_ln399_28      | sub | fabric    | 0       |
|   q_1941_fu_287692_p2                       |     |        | q_1941            | add | fabric    | 0       |
|   q_1945_fu_287904_p2                       |     |        | q_1945            | add | fabric    | 0       |
|   q_1949_fu_288060_p2                       |     |        | q_1949            | add | fabric    | 0       |
|   q_1953_fu_288272_p2                       |     |        | q_1953            | add | fabric    | 0       |
|   q_1957_fu_288428_p2                       |     |        | q_1957            | add | fabric    | 0       |
|   q_1961_fu_288640_p2                       |     |        | q_1961            | add | fabric    | 0       |
|   q_1965_fu_288796_p2                       |     |        | q_1965            | add | fabric    | 0       |
|   q_1969_fu_289008_p2                       |     |        | q_1969            | add | fabric    | 0       |
|   q_1973_fu_289164_p2                       |     |        | q_1973            | add | fabric    | 0       |
|   q_1977_fu_289376_p2                       |     |        | q_1977            | add | fabric    | 0       |
|   q_1981_fu_289532_p2                       |     |        | q_1981            | add | fabric    | 0       |
|   q_1985_fu_289744_p2                       |     |        | q_1985            | add | fabric    | 0       |
|   q_1989_fu_289900_p2                       |     |        | q_1989            | add | fabric    | 0       |
|   q_1993_fu_290112_p2                       |     |        | q_1993            | add | fabric    | 0       |
|   q_1997_fu_290268_p2                       |     |        | q_1997            | add | fabric    | 0       |
|   q_2001_fu_290480_p2                       |     |        | q_2001            | add | fabric    | 0       |
|   q_2005_fu_290636_p2                       |     |        | q_2005            | add | fabric    | 0       |
|   q_2009_fu_290848_p2                       |     |        | q_2009            | add | fabric    | 0       |
|   q_2013_fu_291004_p2                       |     |        | q_2013            | add | fabric    | 0       |
|   q_2017_fu_291216_p2                       |     |        | q_2017            | add | fabric    | 0       |
|   q_2021_fu_291372_p2                       |     |        | q_2021            | add | fabric    | 0       |
|   q_2025_fu_291584_p2                       |     |        | q_2025            | add | fabric    | 0       |
|   q_2029_fu_291812_p2                       |     |        | q_2029            | add | fabric    | 0       |
|   q_2033_fu_292040_p2                       |     |        | q_2033            | add | fabric    | 0       |
|   q_2037_fu_292196_p2                       |     |        | q_2037            | add | fabric    | 0       |
|   q_2041_fu_292408_p2                       |     |        | q_2041            | add | fabric    | 0       |
|   q_2045_fu_292564_p2                       |     |        | q_2045            | add | fabric    | 0       |
|   q_2049_fu_292776_p2                       |     |        | q_2049            | add | fabric    | 0       |
|   q_2053_fu_292932_p2                       |     |        | q_2053            | add | fabric    | 0       |
|   q_2057_fu_293144_p2                       |     |        | q_2057            | add | fabric    | 0       |
|   q_2061_fu_293356_p2                       |     |        | q_2061            | add | fabric    | 0       |
|   q_2065_fu_293568_p2                       |     |        | q_2065            | add | fabric    | 0       |
|   q_2069_fu_293724_p2                       |     |        | q_2069            | add | fabric    | 0       |
|   q_2073_fu_293936_p2                       |     |        | q_2073            | add | fabric    | 0       |
|   q_2077_fu_294092_p2                       |     |        | q_2077            | add | fabric    | 0       |
|   q_2081_fu_294304_p2                       |     |        | q_2081            | add | fabric    | 0       |
|   q_2085_fu_294460_p2                       |     |        | q_2085            | add | fabric    | 0       |
|   q_2089_fu_294672_p2                       |     |        | q_2089            | add | fabric    | 0       |
|   q_2093_fu_294828_p2                       |     |        | q_2093            | add | fabric    | 0       |
|   q_2097_fu_295040_p2                       |     |        | q_2097            | add | fabric    | 0       |
|   q_2101_fu_295196_p2                       |     |        | q_2101            | add | fabric    | 0       |
|   q_2105_fu_295408_p2                       |     |        | q_2105            | add | fabric    | 0       |
|   q_2109_fu_295564_p2                       |     |        | q_2109            | add | fabric    | 0       |
|   q_2113_fu_295776_p2                       |     |        | q_2113            | add | fabric    | 0       |
|   sub_ln399_29_fu_295902_p2                 |     |        | sub_ln399_29      | sub | fabric    | 0       |
|   q_2117_fu_295938_p2                       |     |        | q_2117            | add | fabric    | 0       |
|   q_2121_fu_296150_p2                       |     |        | q_2121            | add | fabric    | 0       |
|   q_2125_fu_296306_p2                       |     |        | q_2125            | add | fabric    | 0       |
|   q_2129_fu_296518_p2                       |     |        | q_2129            | add | fabric    | 0       |
|   q_2133_fu_296674_p2                       |     |        | q_2133            | add | fabric    | 0       |
|   q_2137_fu_296886_p2                       |     |        | q_2137            | add | fabric    | 0       |
|   q_2141_fu_297042_p2                       |     |        | q_2141            | add | fabric    | 0       |
|   q_2145_fu_297254_p2                       |     |        | q_2145            | add | fabric    | 0       |
|   q_2149_fu_297410_p2                       |     |        | q_2149            | add | fabric    | 0       |
|   q_2153_fu_297622_p2                       |     |        | q_2153            | add | fabric    | 0       |
|   q_2157_fu_297778_p2                       |     |        | q_2157            | add | fabric    | 0       |
|   q_2161_fu_297990_p2                       |     |        | q_2161            | add | fabric    | 0       |
|   q_2165_fu_298146_p2                       |     |        | q_2165            | add | fabric    | 0       |
|   q_2169_fu_298358_p2                       |     |        | q_2169            | add | fabric    | 0       |
|   q_2173_fu_298514_p2                       |     |        | q_2173            | add | fabric    | 0       |
|   q_2177_fu_298726_p2                       |     |        | q_2177            | add | fabric    | 0       |
|   q_2181_fu_298882_p2                       |     |        | q_2181            | add | fabric    | 0       |
|   q_2185_fu_299094_p2                       |     |        | q_2185            | add | fabric    | 0       |
|   q_2189_fu_299250_p2                       |     |        | q_2189            | add | fabric    | 0       |
|   q_2193_fu_299462_p2                       |     |        | q_2193            | add | fabric    | 0       |
|   q_2197_fu_299618_p2                       |     |        | q_2197            | add | fabric    | 0       |
|   q_2201_fu_299830_p2                       |     |        | q_2201            | add | fabric    | 0       |
|   q_2205_fu_299986_p2                       |     |        | q_2205            | add | fabric    | 0       |
|   q_2209_fu_300198_p2                       |     |        | q_2209            | add | fabric    | 0       |
|   q_2213_fu_300426_p2                       |     |        | q_2213            | add | fabric    | 0       |
|   q_2217_fu_300654_p2                       |     |        | q_2217            | add | fabric    | 0       |
|   q_2221_fu_300810_p2                       |     |        | q_2221            | add | fabric    | 0       |
|   q_2225_fu_301022_p2                       |     |        | q_2225            | add | fabric    | 0       |
|   q_2229_fu_301178_p2                       |     |        | q_2229            | add | fabric    | 0       |
|   q_2233_fu_301390_p2                       |     |        | q_2233            | add | fabric    | 0       |
|   q_2237_fu_301602_p2                       |     |        | q_2237            | add | fabric    | 0       |
|   q_2241_fu_301814_p2                       |     |        | q_2241            | add | fabric    | 0       |
|   q_2245_fu_301970_p2                       |     |        | q_2245            | add | fabric    | 0       |
|   q_2249_fu_302182_p2                       |     |        | q_2249            | add | fabric    | 0       |
|   q_2253_fu_302338_p2                       |     |        | q_2253            | add | fabric    | 0       |
|   q_2257_fu_302550_p2                       |     |        | q_2257            | add | fabric    | 0       |
|   q_2261_fu_302706_p2                       |     |        | q_2261            | add | fabric    | 0       |
|   q_2265_fu_302918_p2                       |     |        | q_2265            | add | fabric    | 0       |
|   q_2269_fu_303074_p2                       |     |        | q_2269            | add | fabric    | 0       |
|   q_2273_fu_303286_p2                       |     |        | q_2273            | add | fabric    | 0       |
|   q_2277_fu_303442_p2                       |     |        | q_2277            | add | fabric    | 0       |
|   q_2281_fu_303654_p2                       |     |        | q_2281            | add | fabric    | 0       |
|   q_2285_fu_303810_p2                       |     |        | q_2285            | add | fabric    | 0       |
|   q_2289_fu_304022_p2                       |     |        | q_2289            | add | fabric    | 0       |
|   sub_ln399_30_fu_304148_p2                 |     |        | sub_ln399_30      | sub | fabric    | 0       |
|   q_2293_fu_304184_p2                       |     |        | q_2293            | add | fabric    | 0       |
|   q_2297_fu_304396_p2                       |     |        | q_2297            | add | fabric    | 0       |
|   q_2301_fu_304552_p2                       |     |        | q_2301            | add | fabric    | 0       |
|   q_2305_fu_304764_p2                       |     |        | q_2305            | add | fabric    | 0       |
|   q_2309_fu_304920_p2                       |     |        | q_2309            | add | fabric    | 0       |
|   q_2313_fu_305132_p2                       |     |        | q_2313            | add | fabric    | 0       |
|   q_2317_fu_305288_p2                       |     |        | q_2317            | add | fabric    | 0       |
|   q_2321_fu_305500_p2                       |     |        | q_2321            | add | fabric    | 0       |
|   q_2325_fu_305656_p2                       |     |        | q_2325            | add | fabric    | 0       |
|   q_2329_fu_305868_p2                       |     |        | q_2329            | add | fabric    | 0       |
|   q_2333_fu_306024_p2                       |     |        | q_2333            | add | fabric    | 0       |
|   q_2337_fu_306236_p2                       |     |        | q_2337            | add | fabric    | 0       |
|   q_2341_fu_306392_p2                       |     |        | q_2341            | add | fabric    | 0       |
|   q_2345_fu_306604_p2                       |     |        | q_2345            | add | fabric    | 0       |
|   q_2349_fu_306760_p2                       |     |        | q_2349            | add | fabric    | 0       |
|   q_2353_fu_306972_p2                       |     |        | q_2353            | add | fabric    | 0       |
|   q_2357_fu_307128_p2                       |     |        | q_2357            | add | fabric    | 0       |
|   q_2361_fu_307340_p2                       |     |        | q_2361            | add | fabric    | 0       |
|   q_2365_fu_307496_p2                       |     |        | q_2365            | add | fabric    | 0       |
|   q_2369_fu_307708_p2                       |     |        | q_2369            | add | fabric    | 0       |
|   q_2373_fu_307864_p2                       |     |        | q_2373            | add | fabric    | 0       |
|   q_2377_fu_308076_p2                       |     |        | q_2377            | add | fabric    | 0       |
|   q_2381_fu_308232_p2                       |     |        | q_2381            | add | fabric    | 0       |
|   q_2385_fu_308444_p2                       |     |        | q_2385            | add | fabric    | 0       |
|   q_2389_fu_308600_p2                       |     |        | q_2389            | add | fabric    | 0       |
|   q_2393_fu_308812_p2                       |     |        | q_2393            | add | fabric    | 0       |
|   q_2397_fu_309040_p2                       |     |        | q_2397            | add | fabric    | 0       |
|   q_2401_fu_309268_p2                       |     |        | q_2401            | add | fabric    | 0       |
|   q_2405_fu_309424_p2                       |     |        | q_2405            | add | fabric    | 0       |
|   q_2409_fu_309636_p2                       |     |        | q_2409            | add | fabric    | 0       |
|   q_2413_fu_309848_p2                       |     |        | q_2413            | add | fabric    | 0       |
|   q_2417_fu_310060_p2                       |     |        | q_2417            | add | fabric    | 0       |
|   q_2421_fu_310216_p2                       |     |        | q_2421            | add | fabric    | 0       |
|   q_2425_fu_310428_p2                       |     |        | q_2425            | add | fabric    | 0       |
|   q_2429_fu_310584_p2                       |     |        | q_2429            | add | fabric    | 0       |
|   q_2433_fu_310796_p2                       |     |        | q_2433            | add | fabric    | 0       |
|   q_2437_fu_310952_p2                       |     |        | q_2437            | add | fabric    | 0       |
|   q_2441_fu_311164_p2                       |     |        | q_2441            | add | fabric    | 0       |
|   q_2445_fu_311320_p2                       |     |        | q_2445            | add | fabric    | 0       |
|   q_2449_fu_311532_p2                       |     |        | q_2449            | add | fabric    | 0       |
|   q_2453_fu_311688_p2                       |     |        | q_2453            | add | fabric    | 0       |
|   q_2457_fu_311900_p2                       |     |        | q_2457            | add | fabric    | 0       |
|   q_2461_fu_312056_p2                       |     |        | q_2461            | add | fabric    | 0       |
|   q_2465_fu_312268_p2                       |     |        | q_2465            | add | fabric    | 0       |
|   sub_ln399_31_fu_312394_p2                 |     |        | sub_ln399_31      | sub | fabric    | 0       |
|   q_2469_fu_312430_p2                       |     |        | q_2469            | add | fabric    | 0       |
|   q_2473_fu_312642_p2                       |     |        | q_2473            | add | fabric    | 0       |
|   q_2477_fu_312798_p2                       |     |        | q_2477            | add | fabric    | 0       |
|   q_2481_fu_313010_p2                       |     |        | q_2481            | add | fabric    | 0       |
|   q_2485_fu_313166_p2                       |     |        | q_2485            | add | fabric    | 0       |
|   q_2489_fu_313378_p2                       |     |        | q_2489            | add | fabric    | 0       |
|   q_2493_fu_313534_p2                       |     |        | q_2493            | add | fabric    | 0       |
|   q_2497_fu_313746_p2                       |     |        | q_2497            | add | fabric    | 0       |
|   q_2501_fu_313902_p2                       |     |        | q_2501            | add | fabric    | 0       |
|   q_2505_fu_314114_p2                       |     |        | q_2505            | add | fabric    | 0       |
|   q_2509_fu_314270_p2                       |     |        | q_2509            | add | fabric    | 0       |
|   q_2513_fu_314482_p2                       |     |        | q_2513            | add | fabric    | 0       |
|   q_2517_fu_314638_p2                       |     |        | q_2517            | add | fabric    | 0       |
|   q_2521_fu_314850_p2                       |     |        | q_2521            | add | fabric    | 0       |
|   q_2525_fu_315006_p2                       |     |        | q_2525            | add | fabric    | 0       |
|   q_2529_fu_315218_p2                       |     |        | q_2529            | add | fabric    | 0       |
|   q_2533_fu_315374_p2                       |     |        | q_2533            | add | fabric    | 0       |
|   q_2537_fu_315586_p2                       |     |        | q_2537            | add | fabric    | 0       |
|   q_2541_fu_315742_p2                       |     |        | q_2541            | add | fabric    | 0       |
|   q_2545_fu_315954_p2                       |     |        | q_2545            | add | fabric    | 0       |
|   q_2549_fu_316110_p2                       |     |        | q_2549            | add | fabric    | 0       |
|   q_2553_fu_316322_p2                       |     |        | q_2553            | add | fabric    | 0       |
|   q_2557_fu_316478_p2                       |     |        | q_2557            | add | fabric    | 0       |
|   q_2561_fu_316690_p2                       |     |        | q_2561            | add | fabric    | 0       |
|   q_2565_fu_316846_p2                       |     |        | q_2565            | add | fabric    | 0       |
|   q_2569_fu_317058_p2                       |     |        | q_2569            | add | fabric    | 0       |
|   q_2573_fu_317214_p2                       |     |        | q_2573            | add | fabric    | 0       |
|   q_2577_fu_317426_p2                       |     |        | q_2577            | add | fabric    | 0       |
|   q_2581_fu_317654_p2                       |     |        | q_2581            | add | fabric    | 0       |
|   q_2585_fu_317882_p2                       |     |        | q_2585            | add | fabric    | 0       |
|   q_2589_fu_318094_p2                       |     |        | q_2589            | add | fabric    | 0       |
|   q_2593_fu_318306_p2                       |     |        | q_2593            | add | fabric    | 0       |
|   q_2597_fu_318462_p2                       |     |        | q_2597            | add | fabric    | 0       |
|   q_2601_fu_318674_p2                       |     |        | q_2601            | add | fabric    | 0       |
|   q_2605_fu_318830_p2                       |     |        | q_2605            | add | fabric    | 0       |
|   q_2609_fu_319042_p2                       |     |        | q_2609            | add | fabric    | 0       |
|   q_2613_fu_319198_p2                       |     |        | q_2613            | add | fabric    | 0       |
|   q_2617_fu_319410_p2                       |     |        | q_2617            | add | fabric    | 0       |
|   q_2621_fu_319566_p2                       |     |        | q_2621            | add | fabric    | 0       |
|   q_2625_fu_319778_p2                       |     |        | q_2625            | add | fabric    | 0       |
|   q_2629_fu_319934_p2                       |     |        | q_2629            | add | fabric    | 0       |
|   q_2633_fu_320146_p2                       |     |        | q_2633            | add | fabric    | 0       |
|   q_2637_fu_320302_p2                       |     |        | q_2637            | add | fabric    | 0       |
|   q_2641_fu_320514_p2                       |     |        | q_2641            | add | fabric    | 0       |
|   sub_ln399_32_fu_320692_p2                 |     |        | sub_ln399_32      | sub | fabric    | 0       |
|   q_2645_fu_320728_p2                       |     |        | q_2645            | add | fabric    | 0       |
|   q_2649_fu_320940_p2                       |     |        | q_2649            | add | fabric    | 0       |
|   q_2653_fu_321148_p2                       |     |        | q_2653            | add | fabric    | 0       |
|   q_2657_fu_321360_p2                       |     |        | q_2657            | add | fabric    | 0       |
|   q_2661_fu_321568_p2                       |     |        | q_2661            | add | fabric    | 0       |
|   q_2665_fu_321780_p2                       |     |        | q_2665            | add | fabric    | 0       |
|   q_2669_fu_321988_p2                       |     |        | q_2669            | add | fabric    | 0       |
|   q_2673_fu_322200_p2                       |     |        | q_2673            | add | fabric    | 0       |
|   q_2677_fu_322408_p2                       |     |        | q_2677            | add | fabric    | 0       |
|   q_2681_fu_322620_p2                       |     |        | q_2681            | add | fabric    | 0       |
|   q_2685_fu_322828_p2                       |     |        | q_2685            | add | fabric    | 0       |
|   q_2689_fu_323040_p2                       |     |        | q_2689            | add | fabric    | 0       |
|   q_2693_fu_323248_p2                       |     |        | q_2693            | add | fabric    | 0       |
|   q_2697_fu_323460_p2                       |     |        | q_2697            | add | fabric    | 0       |
|   q_2701_fu_323668_p2                       |     |        | q_2701            | add | fabric    | 0       |
|   q_2705_fu_323880_p2                       |     |        | q_2705            | add | fabric    | 0       |
|   q_2709_fu_324088_p2                       |     |        | q_2709            | add | fabric    | 0       |
|   q_2713_fu_324300_p2                       |     |        | q_2713            | add | fabric    | 0       |
|   q_2717_fu_324508_p2                       |     |        | q_2717            | add | fabric    | 0       |
|   q_2721_fu_324720_p2                       |     |        | q_2721            | add | fabric    | 0       |
|   q_2725_fu_324928_p2                       |     |        | q_2725            | add | fabric    | 0       |
|   q_2729_fu_325140_p2                       |     |        | q_2729            | add | fabric    | 0       |
|   q_2733_fu_325348_p2                       |     |        | q_2733            | add | fabric    | 0       |
|   q_2737_fu_325560_p2                       |     |        | q_2737            | add | fabric    | 0       |
|   q_2741_fu_325768_p2                       |     |        | q_2741            | add | fabric    | 0       |
|   q_2745_fu_325980_p2                       |     |        | q_2745            | add | fabric    | 0       |
|   q_2749_fu_326188_p2                       |     |        | q_2749            | add | fabric    | 0       |
|   q_2753_fu_326400_p2                       |     |        | q_2753            | add | fabric    | 0       |
|   q_2757_fu_326608_p2                       |     |        | q_2757            | add | fabric    | 0       |
|   q_2761_fu_326820_p2                       |     |        | q_2761            | add | fabric    | 0       |
|   q_2765_fu_327048_p2                       |     |        | q_2765            | add | fabric    | 0       |
|   q_2769_fu_327276_p2                       |     |        | q_2769            | add | fabric    | 0       |
|   q_2773_fu_327432_p2                       |     |        | q_2773            | add | fabric    | 0       |
|   q_2777_fu_327644_p2                       |     |        | q_2777            | add | fabric    | 0       |
|   q_2781_fu_327800_p2                       |     |        | q_2781            | add | fabric    | 0       |
|   q_2785_fu_328012_p2                       |     |        | q_2785            | add | fabric    | 0       |
|   q_2789_fu_328168_p2                       |     |        | q_2789            | add | fabric    | 0       |
|   q_2793_fu_328380_p2                       |     |        | q_2793            | add | fabric    | 0       |
|   q_2797_fu_328536_p2                       |     |        | q_2797            | add | fabric    | 0       |
|   q_2801_fu_328748_p2                       |     |        | q_2801            | add | fabric    | 0       |
|   q_2805_fu_328904_p2                       |     |        | q_2805            | add | fabric    | 0       |
|   q_2809_fu_329116_p2                       |     |        | q_2809            | add | fabric    | 0       |
|   q_2813_fu_329272_p2                       |     |        | q_2813            | add | fabric    | 0       |
|   q_2817_fu_329484_p2                       |     |        | q_2817            | add | fabric    | 0       |
|   sub_ln399_33_fu_329610_p2                 |     |        | sub_ln399_33      | sub | fabric    | 0       |
|   q_2821_fu_329646_p2                       |     |        | q_2821            | add | fabric    | 0       |
|   q_2825_fu_329858_p2                       |     |        | q_2825            | add | fabric    | 0       |
|   q_2829_fu_330014_p2                       |     |        | q_2829            | add | fabric    | 0       |
|   q_2833_fu_330226_p2                       |     |        | q_2833            | add | fabric    | 0       |
|   q_2837_fu_330382_p2                       |     |        | q_2837            | add | fabric    | 0       |
|   q_2841_fu_330594_p2                       |     |        | q_2841            | add | fabric    | 0       |
|   q_2845_fu_330750_p2                       |     |        | q_2845            | add | fabric    | 0       |
|   q_2849_fu_330962_p2                       |     |        | q_2849            | add | fabric    | 0       |
|   q_2853_fu_331118_p2                       |     |        | q_2853            | add | fabric    | 0       |
|   q_2857_fu_331330_p2                       |     |        | q_2857            | add | fabric    | 0       |
|   q_2861_fu_331486_p2                       |     |        | q_2861            | add | fabric    | 0       |
|   q_2865_fu_331698_p2                       |     |        | q_2865            | add | fabric    | 0       |
|   q_2869_fu_331854_p2                       |     |        | q_2869            | add | fabric    | 0       |
|   q_2873_fu_332066_p2                       |     |        | q_2873            | add | fabric    | 0       |
|   q_2877_fu_332222_p2                       |     |        | q_2877            | add | fabric    | 0       |
|   q_2881_fu_332434_p2                       |     |        | q_2881            | add | fabric    | 0       |
|   q_2885_fu_332590_p2                       |     |        | q_2885            | add | fabric    | 0       |
|   q_2889_fu_332802_p2                       |     |        | q_2889            | add | fabric    | 0       |
|   q_2893_fu_332958_p2                       |     |        | q_2893            | add | fabric    | 0       |
|   q_2897_fu_333170_p2                       |     |        | q_2897            | add | fabric    | 0       |
|   q_2901_fu_333326_p2                       |     |        | q_2901            | add | fabric    | 0       |
|   q_2905_fu_333538_p2                       |     |        | q_2905            | add | fabric    | 0       |
|   q_2909_fu_333694_p2                       |     |        | q_2909            | add | fabric    | 0       |
|   q_2913_fu_333906_p2                       |     |        | q_2913            | add | fabric    | 0       |
|   q_2917_fu_334062_p2                       |     |        | q_2917            | add | fabric    | 0       |
|   q_2921_fu_334274_p2                       |     |        | q_2921            | add | fabric    | 0       |
|   q_2925_fu_334430_p2                       |     |        | q_2925            | add | fabric    | 0       |
|   q_2929_fu_334642_p2                       |     |        | q_2929            | add | fabric    | 0       |
|   q_2933_fu_334798_p2                       |     |        | q_2933            | add | fabric    | 0       |
|   q_2937_fu_335010_p2                       |     |        | q_2937            | add | fabric    | 0       |
|   q_2941_fu_335166_p2                       |     |        | q_2941            | add | fabric    | 0       |
|   q_2945_fu_335378_p2                       |     |        | q_2945            | add | fabric    | 0       |
|   q_2949_fu_335606_p2                       |     |        | q_2949            | add | fabric    | 0       |
|   q_2953_fu_335834_p2                       |     |        | q_2953            | add | fabric    | 0       |
|   q_2957_fu_335990_p2                       |     |        | q_2957            | add | fabric    | 0       |
|   q_2961_fu_336202_p2                       |     |        | q_2961            | add | fabric    | 0       |
|   q_2965_fu_336358_p2                       |     |        | q_2965            | add | fabric    | 0       |
|   q_2969_fu_336570_p2                       |     |        | q_2969            | add | fabric    | 0       |
|   q_2973_fu_336726_p2                       |     |        | q_2973            | add | fabric    | 0       |
|   q_2977_fu_336938_p2                       |     |        | q_2977            | add | fabric    | 0       |
|   q_2981_fu_337094_p2                       |     |        | q_2981            | add | fabric    | 0       |
|   q_2985_fu_337306_p2                       |     |        | q_2985            | add | fabric    | 0       |
|   q_2989_fu_337462_p2                       |     |        | q_2989            | add | fabric    | 0       |
|   q_2993_fu_337674_p2                       |     |        | q_2993            | add | fabric    | 0       |
|   sub_ln399_34_fu_337800_p2                 |     |        | sub_ln399_34      | sub | fabric    | 0       |
|   q_2997_fu_337836_p2                       |     |        | q_2997            | add | fabric    | 0       |
|   q_3001_fu_338048_p2                       |     |        | q_3001            | add | fabric    | 0       |
|   q_3005_fu_338204_p2                       |     |        | q_3005            | add | fabric    | 0       |
|   q_3009_fu_338416_p2                       |     |        | q_3009            | add | fabric    | 0       |
|   q_3013_fu_338572_p2                       |     |        | q_3013            | add | fabric    | 0       |
|   q_3017_fu_338784_p2                       |     |        | q_3017            | add | fabric    | 0       |
|   q_3021_fu_338940_p2                       |     |        | q_3021            | add | fabric    | 0       |
|   q_3025_fu_339152_p2                       |     |        | q_3025            | add | fabric    | 0       |
|   q_3029_fu_339308_p2                       |     |        | q_3029            | add | fabric    | 0       |
|   q_3033_fu_339520_p2                       |     |        | q_3033            | add | fabric    | 0       |
|   q_3037_fu_339676_p2                       |     |        | q_3037            | add | fabric    | 0       |
|   q_3041_fu_339888_p2                       |     |        | q_3041            | add | fabric    | 0       |
|   q_3045_fu_340044_p2                       |     |        | q_3045            | add | fabric    | 0       |
|   q_3049_fu_340256_p2                       |     |        | q_3049            | add | fabric    | 0       |
|   q_3053_fu_340412_p2                       |     |        | q_3053            | add | fabric    | 0       |
|   q_3057_fu_340624_p2                       |     |        | q_3057            | add | fabric    | 0       |
|   q_3061_fu_340780_p2                       |     |        | q_3061            | add | fabric    | 0       |
|   q_3065_fu_340992_p2                       |     |        | q_3065            | add | fabric    | 0       |
|   q_3069_fu_341148_p2                       |     |        | q_3069            | add | fabric    | 0       |
|   q_3073_fu_341360_p2                       |     |        | q_3073            | add | fabric    | 0       |
|   q_3077_fu_341516_p2                       |     |        | q_3077            | add | fabric    | 0       |
|   q_3081_fu_341728_p2                       |     |        | q_3081            | add | fabric    | 0       |
|   q_3085_fu_341884_p2                       |     |        | q_3085            | add | fabric    | 0       |
|   q_3089_fu_342096_p2                       |     |        | q_3089            | add | fabric    | 0       |
|   q_3093_fu_342252_p2                       |     |        | q_3093            | add | fabric    | 0       |
|   q_3097_fu_342464_p2                       |     |        | q_3097            | add | fabric    | 0       |
|   q_3101_fu_342620_p2                       |     |        | q_3101            | add | fabric    | 0       |
|   q_3105_fu_342832_p2                       |     |        | q_3105            | add | fabric    | 0       |
|   q_3109_fu_342988_p2                       |     |        | q_3109            | add | fabric    | 0       |
|   q_3113_fu_343200_p2                       |     |        | q_3113            | add | fabric    | 0       |
|   q_3117_fu_343356_p2                       |     |        | q_3117            | add | fabric    | 0       |
|   q_3121_fu_343568_p2                       |     |        | q_3121            | add | fabric    | 0       |
|   q_3125_fu_343724_p2                       |     |        | q_3125            | add | fabric    | 0       |
|   q_3129_fu_343936_p2                       |     |        | q_3129            | add | fabric    | 0       |
|   q_3133_fu_344164_p2                       |     |        | q_3133            | add | fabric    | 0       |
|   q_3137_fu_344392_p2                       |     |        | q_3137            | add | fabric    | 0       |
|   q_3141_fu_344548_p2                       |     |        | q_3141            | add | fabric    | 0       |
|   q_3145_fu_344760_p2                       |     |        | q_3145            | add | fabric    | 0       |
|   q_3149_fu_344916_p2                       |     |        | q_3149            | add | fabric    | 0       |
|   q_3153_fu_345128_p2                       |     |        | q_3153            | add | fabric    | 0       |
|   q_3157_fu_345284_p2                       |     |        | q_3157            | add | fabric    | 0       |
|   q_3161_fu_345496_p2                       |     |        | q_3161            | add | fabric    | 0       |
|   q_3165_fu_345652_p2                       |     |        | q_3165            | add | fabric    | 0       |
|   q_3169_fu_345864_p2                       |     |        | q_3169            | add | fabric    | 0       |
|   sub_ln399_35_fu_345990_p2                 |     |        | sub_ln399_35      | sub | fabric    | 0       |
|   q_3173_fu_346026_p2                       |     |        | q_3173            | add | fabric    | 0       |
|   q_3177_fu_346238_p2                       |     |        | q_3177            | add | fabric    | 0       |
|   q_3181_fu_346394_p2                       |     |        | q_3181            | add | fabric    | 0       |
|   q_3185_fu_346606_p2                       |     |        | q_3185            | add | fabric    | 0       |
|   q_3189_fu_346762_p2                       |     |        | q_3189            | add | fabric    | 0       |
|   q_3193_fu_346974_p2                       |     |        | q_3193            | add | fabric    | 0       |
|   q_3197_fu_347130_p2                       |     |        | q_3197            | add | fabric    | 0       |
|   q_3201_fu_347342_p2                       |     |        | q_3201            | add | fabric    | 0       |
|   q_3205_fu_347498_p2                       |     |        | q_3205            | add | fabric    | 0       |
|   q_3209_fu_347710_p2                       |     |        | q_3209            | add | fabric    | 0       |
|   q_3213_fu_347866_p2                       |     |        | q_3213            | add | fabric    | 0       |
|   q_3217_fu_348078_p2                       |     |        | q_3217            | add | fabric    | 0       |
|   q_3221_fu_348234_p2                       |     |        | q_3221            | add | fabric    | 0       |
|   q_3225_fu_348446_p2                       |     |        | q_3225            | add | fabric    | 0       |
|   q_3229_fu_348602_p2                       |     |        | q_3229            | add | fabric    | 0       |
|   q_3233_fu_348814_p2                       |     |        | q_3233            | add | fabric    | 0       |
|   q_3237_fu_348970_p2                       |     |        | q_3237            | add | fabric    | 0       |
|   q_3241_fu_349182_p2                       |     |        | q_3241            | add | fabric    | 0       |
|   q_3245_fu_349338_p2                       |     |        | q_3245            | add | fabric    | 0       |
|   q_3249_fu_349550_p2                       |     |        | q_3249            | add | fabric    | 0       |
|   q_3253_fu_349706_p2                       |     |        | q_3253            | add | fabric    | 0       |
|   q_3257_fu_349918_p2                       |     |        | q_3257            | add | fabric    | 0       |
|   q_3261_fu_350074_p2                       |     |        | q_3261            | add | fabric    | 0       |
|   q_3265_fu_350286_p2                       |     |        | q_3265            | add | fabric    | 0       |
|   q_3269_fu_350442_p2                       |     |        | q_3269            | add | fabric    | 0       |
|   q_3273_fu_350654_p2                       |     |        | q_3273            | add | fabric    | 0       |
|   q_3277_fu_350810_p2                       |     |        | q_3277            | add | fabric    | 0       |
|   q_3281_fu_351022_p2                       |     |        | q_3281            | add | fabric    | 0       |
|   q_3285_fu_351178_p2                       |     |        | q_3285            | add | fabric    | 0       |
|   q_3289_fu_351390_p2                       |     |        | q_3289            | add | fabric    | 0       |
|   q_3293_fu_351546_p2                       |     |        | q_3293            | add | fabric    | 0       |
|   q_3297_fu_351758_p2                       |     |        | q_3297            | add | fabric    | 0       |
|   q_3301_fu_351914_p2                       |     |        | q_3301            | add | fabric    | 0       |
|   q_3305_fu_352126_p2                       |     |        | q_3305            | add | fabric    | 0       |
|   q_3309_fu_352282_p2                       |     |        | q_3309            | add | fabric    | 0       |
|   q_3313_fu_352494_p2                       |     |        | q_3313            | add | fabric    | 0       |
|   q_3317_fu_352722_p2                       |     |        | q_3317            | add | fabric    | 0       |
|   q_3321_fu_352950_p2                       |     |        | q_3321            | add | fabric    | 0       |
|   q_3325_fu_353106_p2                       |     |        | q_3325            | add | fabric    | 0       |
|   q_3329_fu_353318_p2                       |     |        | q_3329            | add | fabric    | 0       |
|   q_3333_fu_353474_p2                       |     |        | q_3333            | add | fabric    | 0       |
|   q_3337_fu_353686_p2                       |     |        | q_3337            | add | fabric    | 0       |
|   q_3341_fu_353842_p2                       |     |        | q_3341            | add | fabric    | 0       |
|   q_3345_fu_354054_p2                       |     |        | q_3345            | add | fabric    | 0       |
|   sub_ln399_36_fu_354180_p2                 |     |        | sub_ln399_36      | sub | fabric    | 0       |
|   q_3349_fu_354216_p2                       |     |        | q_3349            | add | fabric    | 0       |
|   q_3353_fu_354428_p2                       |     |        | q_3353            | add | fabric    | 0       |
|   q_3357_fu_354584_p2                       |     |        | q_3357            | add | fabric    | 0       |
|   q_3361_fu_354796_p2                       |     |        | q_3361            | add | fabric    | 0       |
|   q_3365_fu_354952_p2                       |     |        | q_3365            | add | fabric    | 0       |
|   q_3369_fu_355164_p2                       |     |        | q_3369            | add | fabric    | 0       |
|   q_3373_fu_355320_p2                       |     |        | q_3373            | add | fabric    | 0       |
|   q_3377_fu_355532_p2                       |     |        | q_3377            | add | fabric    | 0       |
|   q_3381_fu_355688_p2                       |     |        | q_3381            | add | fabric    | 0       |
|   q_3385_fu_355900_p2                       |     |        | q_3385            | add | fabric    | 0       |
|   q_3389_fu_356056_p2                       |     |        | q_3389            | add | fabric    | 0       |
|   q_3393_fu_356268_p2                       |     |        | q_3393            | add | fabric    | 0       |
|   q_3397_fu_356424_p2                       |     |        | q_3397            | add | fabric    | 0       |
|   q_3401_fu_356636_p2                       |     |        | q_3401            | add | fabric    | 0       |
|   q_3405_fu_356792_p2                       |     |        | q_3405            | add | fabric    | 0       |
|   q_3409_fu_357004_p2                       |     |        | q_3409            | add | fabric    | 0       |
|   q_3413_fu_357160_p2                       |     |        | q_3413            | add | fabric    | 0       |
|   q_3417_fu_357372_p2                       |     |        | q_3417            | add | fabric    | 0       |
|   q_3421_fu_357528_p2                       |     |        | q_3421            | add | fabric    | 0       |
|   q_3425_fu_357740_p2                       |     |        | q_3425            | add | fabric    | 0       |
|   q_3429_fu_357896_p2                       |     |        | q_3429            | add | fabric    | 0       |
|   q_3433_fu_358108_p2                       |     |        | q_3433            | add | fabric    | 0       |
|   q_3437_fu_358264_p2                       |     |        | q_3437            | add | fabric    | 0       |
|   q_3441_fu_358476_p2                       |     |        | q_3441            | add | fabric    | 0       |
|   q_3445_fu_358632_p2                       |     |        | q_3445            | add | fabric    | 0       |
|   q_3449_fu_358844_p2                       |     |        | q_3449            | add | fabric    | 0       |
|   q_3453_fu_359000_p2                       |     |        | q_3453            | add | fabric    | 0       |
|   q_3457_fu_359212_p2                       |     |        | q_3457            | add | fabric    | 0       |
|   q_3461_fu_359368_p2                       |     |        | q_3461            | add | fabric    | 0       |
|   q_3465_fu_359580_p2                       |     |        | q_3465            | add | fabric    | 0       |
|   q_3469_fu_359736_p2                       |     |        | q_3469            | add | fabric    | 0       |
|   q_3473_fu_359948_p2                       |     |        | q_3473            | add | fabric    | 0       |
|   q_3477_fu_360104_p2                       |     |        | q_3477            | add | fabric    | 0       |
|   q_3481_fu_360316_p2                       |     |        | q_3481            | add | fabric    | 0       |
|   q_3485_fu_360472_p2                       |     |        | q_3485            | add | fabric    | 0       |
|   q_3489_fu_360684_p2                       |     |        | q_3489            | add | fabric    | 0       |
|   q_3493_fu_360840_p2                       |     |        | q_3493            | add | fabric    | 0       |
|   q_3497_fu_361052_p2                       |     |        | q_3497            | add | fabric    | 0       |
|   q_3501_fu_361280_p2                       |     |        | q_3501            | add | fabric    | 0       |
|   q_3505_fu_361508_p2                       |     |        | q_3505            | add | fabric    | 0       |
|   q_3509_fu_361664_p2                       |     |        | q_3509            | add | fabric    | 0       |
|   q_3513_fu_361876_p2                       |     |        | q_3513            | add | fabric    | 0       |
|   q_3517_fu_362032_p2                       |     |        | q_3517            | add | fabric    | 0       |
|   q_3521_fu_362244_p2                       |     |        | q_3521            | add | fabric    | 0       |
|   sub_ln399_37_fu_362370_p2                 |     |        | sub_ln399_37      | sub | fabric    | 0       |
|   q_3525_fu_362406_p2                       |     |        | q_3525            | add | fabric    | 0       |
|   q_3529_fu_362618_p2                       |     |        | q_3529            | add | fabric    | 0       |
|   q_3533_fu_362774_p2                       |     |        | q_3533            | add | fabric    | 0       |
|   q_3537_fu_362986_p2                       |     |        | q_3537            | add | fabric    | 0       |
|   q_3541_fu_363142_p2                       |     |        | q_3541            | add | fabric    | 0       |
|   q_3545_fu_363354_p2                       |     |        | q_3545            | add | fabric    | 0       |
|   q_3549_fu_363510_p2                       |     |        | q_3549            | add | fabric    | 0       |
|   q_3553_fu_363722_p2                       |     |        | q_3553            | add | fabric    | 0       |
|   q_3557_fu_363878_p2                       |     |        | q_3557            | add | fabric    | 0       |
|   q_3561_fu_364090_p2                       |     |        | q_3561            | add | fabric    | 0       |
|   q_3565_fu_364246_p2                       |     |        | q_3565            | add | fabric    | 0       |
|   q_3569_fu_364458_p2                       |     |        | q_3569            | add | fabric    | 0       |
|   q_3573_fu_364614_p2                       |     |        | q_3573            | add | fabric    | 0       |
|   q_3577_fu_364826_p2                       |     |        | q_3577            | add | fabric    | 0       |
|   q_3581_fu_364982_p2                       |     |        | q_3581            | add | fabric    | 0       |
|   q_3585_fu_365194_p2                       |     |        | q_3585            | add | fabric    | 0       |
|   q_3589_fu_365350_p2                       |     |        | q_3589            | add | fabric    | 0       |
|   q_3593_fu_365562_p2                       |     |        | q_3593            | add | fabric    | 0       |
|   q_3597_fu_365718_p2                       |     |        | q_3597            | add | fabric    | 0       |
|   q_3601_fu_365930_p2                       |     |        | q_3601            | add | fabric    | 0       |
|   q_3605_fu_366086_p2                       |     |        | q_3605            | add | fabric    | 0       |
|   q_3609_fu_366298_p2                       |     |        | q_3609            | add | fabric    | 0       |
|   q_3613_fu_366454_p2                       |     |        | q_3613            | add | fabric    | 0       |
|   q_3617_fu_366666_p2                       |     |        | q_3617            | add | fabric    | 0       |
|   q_3621_fu_366822_p2                       |     |        | q_3621            | add | fabric    | 0       |
|   q_3625_fu_367034_p2                       |     |        | q_3625            | add | fabric    | 0       |
|   q_3629_fu_367190_p2                       |     |        | q_3629            | add | fabric    | 0       |
|   q_3633_fu_367402_p2                       |     |        | q_3633            | add | fabric    | 0       |
|   q_3637_fu_367558_p2                       |     |        | q_3637            | add | fabric    | 0       |
|   q_3641_fu_367770_p2                       |     |        | q_3641            | add | fabric    | 0       |
|   q_3645_fu_367926_p2                       |     |        | q_3645            | add | fabric    | 0       |
|   q_3649_fu_368138_p2                       |     |        | q_3649            | add | fabric    | 0       |
|   q_3653_fu_368294_p2                       |     |        | q_3653            | add | fabric    | 0       |
|   q_3657_fu_368506_p2                       |     |        | q_3657            | add | fabric    | 0       |
|   q_3661_fu_368662_p2                       |     |        | q_3661            | add | fabric    | 0       |
|   q_3665_fu_368874_p2                       |     |        | q_3665            | add | fabric    | 0       |
|   q_3669_fu_369030_p2                       |     |        | q_3669            | add | fabric    | 0       |
|   q_3673_fu_369242_p2                       |     |        | q_3673            | add | fabric    | 0       |
|   q_3677_fu_369398_p2                       |     |        | q_3677            | add | fabric    | 0       |
|   q_3681_fu_369610_p2                       |     |        | q_3681            | add | fabric    | 0       |
|   q_3685_fu_369838_p2                       |     |        | q_3685            | add | fabric    | 0       |
|   q_3689_fu_370066_p2                       |     |        | q_3689            | add | fabric    | 0       |
|   q_3693_fu_370222_p2                       |     |        | q_3693            | add | fabric    | 0       |
|   q_3697_fu_370434_p2                       |     |        | q_3697            | add | fabric    | 0       |
|   sub_ln399_38_fu_370560_p2                 |     |        | sub_ln399_38      | sub | fabric    | 0       |
|   q_3701_fu_370596_p2                       |     |        | q_3701            | add | fabric    | 0       |
|   q_3705_fu_370808_p2                       |     |        | q_3705            | add | fabric    | 0       |
|   q_3709_fu_370964_p2                       |     |        | q_3709            | add | fabric    | 0       |
|   q_3713_fu_371176_p2                       |     |        | q_3713            | add | fabric    | 0       |
|   q_3717_fu_371332_p2                       |     |        | q_3717            | add | fabric    | 0       |
|   q_3721_fu_371544_p2                       |     |        | q_3721            | add | fabric    | 0       |
|   q_3725_fu_371700_p2                       |     |        | q_3725            | add | fabric    | 0       |
|   q_3729_fu_371912_p2                       |     |        | q_3729            | add | fabric    | 0       |
|   q_3733_fu_372068_p2                       |     |        | q_3733            | add | fabric    | 0       |
|   q_3737_fu_372280_p2                       |     |        | q_3737            | add | fabric    | 0       |
|   q_3741_fu_372436_p2                       |     |        | q_3741            | add | fabric    | 0       |
|   q_3745_fu_372648_p2                       |     |        | q_3745            | add | fabric    | 0       |
|   q_3749_fu_372804_p2                       |     |        | q_3749            | add | fabric    | 0       |
|   q_3753_fu_373016_p2                       |     |        | q_3753            | add | fabric    | 0       |
|   q_3757_fu_373172_p2                       |     |        | q_3757            | add | fabric    | 0       |
|   q_3761_fu_373384_p2                       |     |        | q_3761            | add | fabric    | 0       |
|   q_3765_fu_373540_p2                       |     |        | q_3765            | add | fabric    | 0       |
|   q_3769_fu_373752_p2                       |     |        | q_3769            | add | fabric    | 0       |
|   q_3773_fu_373908_p2                       |     |        | q_3773            | add | fabric    | 0       |
|   q_3777_fu_374120_p2                       |     |        | q_3777            | add | fabric    | 0       |
|   q_3781_fu_374276_p2                       |     |        | q_3781            | add | fabric    | 0       |
|   q_3785_fu_374488_p2                       |     |        | q_3785            | add | fabric    | 0       |
|   q_3789_fu_374644_p2                       |     |        | q_3789            | add | fabric    | 0       |
|   q_3793_fu_374856_p2                       |     |        | q_3793            | add | fabric    | 0       |
|   q_3797_fu_375012_p2                       |     |        | q_3797            | add | fabric    | 0       |
|   q_3801_fu_375224_p2                       |     |        | q_3801            | add | fabric    | 0       |
|   q_3805_fu_375380_p2                       |     |        | q_3805            | add | fabric    | 0       |
|   q_3809_fu_375592_p2                       |     |        | q_3809            | add | fabric    | 0       |
|   q_3813_fu_375748_p2                       |     |        | q_3813            | add | fabric    | 0       |
|   q_3817_fu_375960_p2                       |     |        | q_3817            | add | fabric    | 0       |
|   q_3821_fu_376116_p2                       |     |        | q_3821            | add | fabric    | 0       |
|   q_3825_fu_376328_p2                       |     |        | q_3825            | add | fabric    | 0       |
|   q_3829_fu_376484_p2                       |     |        | q_3829            | add | fabric    | 0       |
|   q_3833_fu_376696_p2                       |     |        | q_3833            | add | fabric    | 0       |
|   q_3837_fu_376852_p2                       |     |        | q_3837            | add | fabric    | 0       |
|   q_3841_fu_377064_p2                       |     |        | q_3841            | add | fabric    | 0       |
|   q_3845_fu_377220_p2                       |     |        | q_3845            | add | fabric    | 0       |
|   q_3849_fu_377432_p2                       |     |        | q_3849            | add | fabric    | 0       |
|   q_3853_fu_377588_p2                       |     |        | q_3853            | add | fabric    | 0       |
|   q_3857_fu_377800_p2                       |     |        | q_3857            | add | fabric    | 0       |
|   q_3861_fu_377956_p2                       |     |        | q_3861            | add | fabric    | 0       |
|   q_3865_fu_378168_p2                       |     |        | q_3865            | add | fabric    | 0       |
|   q_3869_fu_378396_p2                       |     |        | q_3869            | add | fabric    | 0       |
|   add_ln447_fu_410606_p2                    |     |        | add_ln447         | add | fabric    | 0       |
|   add_ln447_3_fu_415452_p2                  |     |        | add_ln447_3       | add | fabric    | 0       |
|   add_ln447_4_fu_415462_p2                  |     |        | add_ln447_4       | add | fabric    | 0       |
|   add_ln447_5_fu_415472_p2                  |     |        | add_ln447_5       | add | fabric    | 0       |
|   add_ln447_6_fu_415482_p2                  |     |        | add_ln447_6       | add | fabric    | 0       |
|   add_ln447_7_fu_415492_p2                  |     |        | add_ln447_7       | add | fabric    | 0       |
|   add_ln447_8_fu_415502_p2                  |     |        | add_ln447_8       | add | fabric    | 0       |
|   add_ln447_9_fu_415512_p2                  |     |        | add_ln447_9       | add | fabric    | 0       |
|   add_ln447_10_fu_415522_p2                 |     |        | add_ln447_10      | add | fabric    | 0       |
|   add_ln447_11_fu_415532_p2                 |     |        | add_ln447_11      | add | fabric    | 0       |
|   add_ln447_12_fu_415542_p2                 |     |        | add_ln447_12      | add | fabric    | 0       |
|   add_ln447_13_fu_415552_p2                 |     |        | add_ln447_13      | add | fabric    | 0       |
|   add_ln447_14_fu_415562_p2                 |     |        | add_ln447_14      | add | fabric    | 0       |
|   add_ln447_15_fu_415572_p2                 |     |        | add_ln447_15      | add | fabric    | 0       |
|   add_ln447_16_fu_415582_p2                 |     |        | add_ln447_16      | add | fabric    | 0       |
|   add_ln447_17_fu_415592_p2                 |     |        | add_ln447_17      | add | fabric    | 0       |
|   add_ln447_18_fu_415602_p2                 |     |        | add_ln447_18      | add | fabric    | 0       |
|   add_ln447_19_fu_415612_p2                 |     |        | add_ln447_19      | add | fabric    | 0       |
|   add_ln447_20_fu_415622_p2                 |     |        | add_ln447_20      | add | fabric    | 0       |
|   add_ln447_21_fu_415632_p2                 |     |        | add_ln447_21      | add | fabric    | 0       |
|   add_ln447_22_fu_415642_p2                 |     |        | add_ln447_22      | add | fabric    | 0       |
|   add_ln447_23_fu_415652_p2                 |     |        | add_ln447_23      | add | fabric    | 0       |
|   add_ln447_24_fu_415662_p2                 |     |        | add_ln447_24      | add | fabric    | 0       |
|   add_ln447_25_fu_415672_p2                 |     |        | add_ln447_25      | add | fabric    | 0       |
|   add_ln447_26_fu_415682_p2                 |     |        | add_ln447_26      | add | fabric    | 0       |
|   add_ln447_27_fu_415692_p2                 |     |        | add_ln447_27      | add | fabric    | 0       |
|   add_ln447_28_fu_415702_p2                 |     |        | add_ln447_28      | add | fabric    | 0       |
|   add_ln447_29_fu_415712_p2                 |     |        | add_ln447_29      | add | fabric    | 0       |
|   add_ln447_30_fu_415718_p2                 |     |        | add_ln447_30      | add | fabric    | 0       |
|   add_ln447_31_fu_415728_p2                 |     |        | add_ln447_31      | add | fabric    | 0       |
|   add_ln447_32_fu_415738_p2                 |     |        | add_ln447_32      | add | fabric    | 0       |
|   add_ln447_33_fu_415748_p2                 |     |        | add_ln447_33      | add | fabric    | 0       |
|   add_ln447_34_fu_415758_p2                 |     |        | add_ln447_34      | add | fabric    | 0       |
|   add_ln447_35_fu_415768_p2                 |     |        | add_ln447_35      | add | fabric    | 0       |
|   add_ln447_36_fu_415778_p2                 |     |        | add_ln447_36      | add | fabric    | 0       |
|   add_ln447_37_fu_415788_p2                 |     |        | add_ln447_37      | add | fabric    | 0       |
|   add_ln447_38_fu_415798_p2                 |     |        | add_ln447_38      | add | fabric    | 0       |
|   add_ln447_39_fu_415808_p2                 |     |        | add_ln447_39      | add | fabric    | 0       |
|   add_ln447_40_fu_415818_p2                 |     |        | add_ln447_40      | add | fabric    | 0       |
|   add_ln447_41_fu_415828_p2                 |     |        | add_ln447_41      | add | fabric    | 0       |
|   add_ln447_42_fu_415838_p2                 |     |        | add_ln447_42      | add | fabric    | 0       |
|   add_ln447_43_fu_415848_p2                 |     |        | add_ln447_43      | add | fabric    | 0       |
|   add_ln447_44_fu_415858_p2                 |     |        | add_ln447_44      | add | fabric    | 0       |
|   add_ln447_45_fu_415868_p2                 |     |        | add_ln447_45      | add | fabric    | 0       |
|   add_ln447_46_fu_415878_p2                 |     |        | add_ln447_46      | add | fabric    | 0       |
|   add_ln447_47_fu_415888_p2                 |     |        | add_ln447_47      | add | fabric    | 0       |
|   add_ln447_48_fu_415898_p2                 |     |        | add_ln447_48      | add | fabric    | 0       |
|   add_ln447_49_fu_415908_p2                 |     |        | add_ln447_49      | add | fabric    | 0       |
|   add_ln447_50_fu_415918_p2                 |     |        | add_ln447_50      | add | fabric    | 0       |
|   add_ln447_51_fu_415928_p2                 |     |        | add_ln447_51      | add | fabric    | 0       |
|   add_ln447_52_fu_415938_p2                 |     |        | add_ln447_52      | add | fabric    | 0       |
|   add_ln447_53_fu_415948_p2                 |     |        | add_ln447_53      | add | fabric    | 0       |
|   add_ln447_54_fu_415958_p2                 |     |        | add_ln447_54      | add | fabric    | 0       |
|   add_ln447_55_fu_415968_p2                 |     |        | add_ln447_55      | add | fabric    | 0       |
|   add_ln447_56_fu_415978_p2                 |     |        | add_ln447_56      | add | fabric    | 0       |
|   add_ln447_57_fu_415988_p2                 |     |        | add_ln447_57      | add | fabric    | 0       |
|   add_ln447_58_fu_415998_p2                 |     |        | add_ln447_58      | add | fabric    | 0       |
|   add_ln447_59_fu_429941_p2                 |     |        | add_ln447_59      | add | fabric    | 0       |
|   add_ln447_60_fu_416004_p2                 |     |        | add_ln447_60      | add | fabric    | 0       |
|   add_ln447_61_fu_416014_p2                 |     |        | add_ln447_61      | add | fabric    | 0       |
|   add_ln447_62_fu_416024_p2                 |     |        | add_ln447_62      | add | fabric    | 0       |
|   add_ln447_63_fu_416034_p2                 |     |        | add_ln447_63      | add | fabric    | 0       |
|   add_ln447_64_fu_416044_p2                 |     |        | add_ln447_64      | add | fabric    | 0       |
|   add_ln447_65_fu_416054_p2                 |     |        | add_ln447_65      | add | fabric    | 0       |
|   add_ln447_66_fu_416064_p2                 |     |        | add_ln447_66      | add | fabric    | 0       |
|   add_ln447_67_fu_416074_p2                 |     |        | add_ln447_67      | add | fabric    | 0       |
|   add_ln447_68_fu_416084_p2                 |     |        | add_ln447_68      | add | fabric    | 0       |
|   add_ln447_69_fu_416094_p2                 |     |        | add_ln447_69      | add | fabric    | 0       |
|   add_ln447_70_fu_416104_p2                 |     |        | add_ln447_70      | add | fabric    | 0       |
|   add_ln447_71_fu_416114_p2                 |     |        | add_ln447_71      | add | fabric    | 0       |
|   add_ln447_72_fu_416124_p2                 |     |        | add_ln447_72      | add | fabric    | 0       |
|   add_ln447_73_fu_416134_p2                 |     |        | add_ln447_73      | add | fabric    | 0       |
|   add_ln447_74_fu_416144_p2                 |     |        | add_ln447_74      | add | fabric    | 0       |
|   add_ln447_75_fu_416154_p2                 |     |        | add_ln447_75      | add | fabric    | 0       |
|   add_ln447_76_fu_416164_p2                 |     |        | add_ln447_76      | add | fabric    | 0       |
|   add_ln447_77_fu_416174_p2                 |     |        | add_ln447_77      | add | fabric    | 0       |
|   add_ln447_78_fu_416184_p2                 |     |        | add_ln447_78      | add | fabric    | 0       |
|   add_ln447_79_fu_416194_p2                 |     |        | add_ln447_79      | add | fabric    | 0       |
|   add_ln447_80_fu_416204_p2                 |     |        | add_ln447_80      | add | fabric    | 0       |
|   add_ln447_81_fu_416214_p2                 |     |        | add_ln447_81      | add | fabric    | 0       |
|   add_ln447_82_fu_416224_p2                 |     |        | add_ln447_82      | add | fabric    | 0       |
|   add_ln447_83_fu_416234_p2                 |     |        | add_ln447_83      | add | fabric    | 0       |
|   add_ln447_84_fu_416244_p2                 |     |        | add_ln447_84      | add | fabric    | 0       |
|   add_ln447_85_fu_416254_p2                 |     |        | add_ln447_85      | add | fabric    | 0       |
|   add_ln447_86_fu_416264_p2                 |     |        | add_ln447_86      | add | fabric    | 0       |
|   add_ln447_87_fu_416274_p2                 |     |        | add_ln447_87      | add | fabric    | 0       |
|   add_ln447_88_fu_416284_p2                 |     |        | add_ln447_88      | add | fabric    | 0       |
|   add_ln447_89_fu_416290_p2                 |     |        | add_ln447_89      | add | fabric    | 0       |
|   add_ln447_90_fu_416300_p2                 |     |        | add_ln447_90      | add | fabric    | 0       |
|   add_ln447_91_fu_416310_p2                 |     |        | add_ln447_91      | add | fabric    | 0       |
|   add_ln447_92_fu_416320_p2                 |     |        | add_ln447_92      | add | fabric    | 0       |
|   add_ln447_93_fu_416330_p2                 |     |        | add_ln447_93      | add | fabric    | 0       |
|   add_ln447_94_fu_416340_p2                 |     |        | add_ln447_94      | add | fabric    | 0       |
|   add_ln447_95_fu_416350_p2                 |     |        | add_ln447_95      | add | fabric    | 0       |
|   add_ln447_96_fu_416360_p2                 |     |        | add_ln447_96      | add | fabric    | 0       |
|   add_ln447_97_fu_416370_p2                 |     |        | add_ln447_97      | add | fabric    | 0       |
|   add_ln447_98_fu_416380_p2                 |     |        | add_ln447_98      | add | fabric    | 0       |
|   add_ln447_99_fu_416390_p2                 |     |        | add_ln447_99      | add | fabric    | 0       |
|   add_ln447_100_fu_416400_p2                |     |        | add_ln447_100     | add | fabric    | 0       |
|   add_ln447_101_fu_416410_p2                |     |        | add_ln447_101     | add | fabric    | 0       |
|   add_ln447_102_fu_416420_p2                |     |        | add_ln447_102     | add | fabric    | 0       |
|   add_ln447_103_fu_416430_p2                |     |        | add_ln447_103     | add | fabric    | 0       |
|   add_ln447_104_fu_416440_p2                |     |        | add_ln447_104     | add | fabric    | 0       |
|   add_ln447_105_fu_416450_p2                |     |        | add_ln447_105     | add | fabric    | 0       |
|   add_ln447_106_fu_416460_p2                |     |        | add_ln447_106     | add | fabric    | 0       |
|   add_ln447_107_fu_416470_p2                |     |        | add_ln447_107     | add | fabric    | 0       |
|   add_ln447_108_fu_416480_p2                |     |        | add_ln447_108     | add | fabric    | 0       |
|   add_ln447_109_fu_416490_p2                |     |        | add_ln447_109     | add | fabric    | 0       |
|   add_ln447_110_fu_416500_p2                |     |        | add_ln447_110     | add | fabric    | 0       |
|   add_ln447_111_fu_416510_p2                |     |        | add_ln447_111     | add | fabric    | 0       |
|   add_ln447_112_fu_416520_p2                |     |        | add_ln447_112     | add | fabric    | 0       |
|   add_ln447_113_fu_416530_p2                |     |        | add_ln447_113     | add | fabric    | 0       |
|   add_ln447_114_fu_416540_p2                |     |        | add_ln447_114     | add | fabric    | 0       |
|   add_ln447_115_fu_416550_p2                |     |        | add_ln447_115     | add | fabric    | 0       |
|   add_ln447_116_fu_416560_p2                |     |        | add_ln447_116     | add | fabric    | 0       |
|   add_ln447_117_fu_416570_p2                |     |        | add_ln447_117     | add | fabric    | 0       |
|   add_ln447_118_fu_429957_p2                |     |        | add_ln447_118     | add | fabric    | 0       |
|   add_ln447_119_fu_429967_p2                |     |        | add_ln447_119     | add | fabric    | 0       |
|   add_ln447_120_fu_416576_p2                |     |        | add_ln447_120     | add | fabric    | 0       |
|   add_ln447_121_fu_416586_p2                |     |        | add_ln447_121     | add | fabric    | 0       |
|   add_ln447_122_fu_416596_p2                |     |        | add_ln447_122     | add | fabric    | 0       |
|   add_ln447_123_fu_416606_p2                |     |        | add_ln447_123     | add | fabric    | 0       |
|   add_ln447_124_fu_416616_p2                |     |        | add_ln447_124     | add | fabric    | 0       |
|   add_ln447_125_fu_416626_p2                |     |        | add_ln447_125     | add | fabric    | 0       |
|   add_ln447_126_fu_416636_p2                |     |        | add_ln447_126     | add | fabric    | 0       |
|   add_ln447_127_fu_416646_p2                |     |        | add_ln447_127     | add | fabric    | 0       |
|   add_ln447_128_fu_416656_p2                |     |        | add_ln447_128     | add | fabric    | 0       |
|   add_ln447_129_fu_416666_p2                |     |        | add_ln447_129     | add | fabric    | 0       |
|   add_ln447_130_fu_416676_p2                |     |        | add_ln447_130     | add | fabric    | 0       |
|   add_ln447_131_fu_416686_p2                |     |        | add_ln447_131     | add | fabric    | 0       |
|   add_ln447_132_fu_416696_p2                |     |        | add_ln447_132     | add | fabric    | 0       |
|   add_ln447_133_fu_416706_p2                |     |        | add_ln447_133     | add | fabric    | 0       |
|   add_ln447_134_fu_416716_p2                |     |        | add_ln447_134     | add | fabric    | 0       |
|   add_ln447_135_fu_416726_p2                |     |        | add_ln447_135     | add | fabric    | 0       |
|   add_ln447_136_fu_416736_p2                |     |        | add_ln447_136     | add | fabric    | 0       |
|   add_ln447_137_fu_416746_p2                |     |        | add_ln447_137     | add | fabric    | 0       |
|   add_ln447_138_fu_416756_p2                |     |        | add_ln447_138     | add | fabric    | 0       |
|   add_ln447_139_fu_416766_p2                |     |        | add_ln447_139     | add | fabric    | 0       |
|   add_ln447_140_fu_416776_p2                |     |        | add_ln447_140     | add | fabric    | 0       |
|   add_ln447_141_fu_416786_p2                |     |        | add_ln447_141     | add | fabric    | 0       |
|   add_ln447_142_fu_416796_p2                |     |        | add_ln447_142     | add | fabric    | 0       |
|   add_ln447_143_fu_416806_p2                |     |        | add_ln447_143     | add | fabric    | 0       |
|   add_ln447_144_fu_416816_p2                |     |        | add_ln447_144     | add | fabric    | 0       |
|   add_ln447_145_fu_416826_p2                |     |        | add_ln447_145     | add | fabric    | 0       |
|   add_ln447_146_fu_416836_p2                |     |        | add_ln447_146     | add | fabric    | 0       |
|   add_ln447_147_fu_416846_p2                |     |        | add_ln447_147     | add | fabric    | 0       |
|   add_ln447_148_fu_416856_p2                |     |        | add_ln447_148     | add | fabric    | 0       |
|   add_ln447_149_fu_416862_p2                |     |        | add_ln447_149     | add | fabric    | 0       |
|   add_ln447_150_fu_416872_p2                |     |        | add_ln447_150     | add | fabric    | 0       |
|   add_ln447_151_fu_416882_p2                |     |        | add_ln447_151     | add | fabric    | 0       |
|   add_ln447_152_fu_416892_p2                |     |        | add_ln447_152     | add | fabric    | 0       |
|   add_ln447_153_fu_416902_p2                |     |        | add_ln447_153     | add | fabric    | 0       |
|   add_ln447_154_fu_416912_p2                |     |        | add_ln447_154     | add | fabric    | 0       |
|   add_ln447_155_fu_416922_p2                |     |        | add_ln447_155     | add | fabric    | 0       |
|   add_ln447_156_fu_416932_p2                |     |        | add_ln447_156     | add | fabric    | 0       |
|   add_ln447_157_fu_416942_p2                |     |        | add_ln447_157     | add | fabric    | 0       |
|   add_ln447_158_fu_416952_p2                |     |        | add_ln447_158     | add | fabric    | 0       |
|   add_ln447_159_fu_416962_p2                |     |        | add_ln447_159     | add | fabric    | 0       |
|   add_ln447_160_fu_416972_p2                |     |        | add_ln447_160     | add | fabric    | 0       |
|   add_ln447_161_fu_416982_p2                |     |        | add_ln447_161     | add | fabric    | 0       |
|   add_ln447_162_fu_416992_p2                |     |        | add_ln447_162     | add | fabric    | 0       |
|   add_ln447_163_fu_417002_p2                |     |        | add_ln447_163     | add | fabric    | 0       |
|   add_ln447_164_fu_417012_p2                |     |        | add_ln447_164     | add | fabric    | 0       |
|   add_ln447_165_fu_417022_p2                |     |        | add_ln447_165     | add | fabric    | 0       |
|   add_ln447_166_fu_417032_p2                |     |        | add_ln447_166     | add | fabric    | 0       |
|   add_ln447_167_fu_417042_p2                |     |        | add_ln447_167     | add | fabric    | 0       |
|   add_ln447_168_fu_417052_p2                |     |        | add_ln447_168     | add | fabric    | 0       |
|   add_ln447_169_fu_417062_p2                |     |        | add_ln447_169     | add | fabric    | 0       |
|   add_ln447_170_fu_417072_p2                |     |        | add_ln447_170     | add | fabric    | 0       |
|   add_ln447_171_fu_417082_p2                |     |        | add_ln447_171     | add | fabric    | 0       |
|   add_ln447_172_fu_417092_p2                |     |        | add_ln447_172     | add | fabric    | 0       |
|   add_ln447_173_fu_417102_p2                |     |        | add_ln447_173     | add | fabric    | 0       |
|   add_ln447_174_fu_417112_p2                |     |        | add_ln447_174     | add | fabric    | 0       |
|   add_ln447_175_fu_417122_p2                |     |        | add_ln447_175     | add | fabric    | 0       |
|   add_ln447_176_fu_417132_p2                |     |        | add_ln447_176     | add | fabric    | 0       |
|   add_ln447_177_fu_417142_p2                |     |        | add_ln447_177     | add | fabric    | 0       |
|   add_ln447_178_fu_429983_p2                |     |        | add_ln447_178     | add | fabric    | 0       |
|   add_ln447_179_fu_417148_p2                |     |        | add_ln447_179     | add | fabric    | 0       |
|   add_ln447_180_fu_417158_p2                |     |        | add_ln447_180     | add | fabric    | 0       |
|   add_ln447_181_fu_417168_p2                |     |        | add_ln447_181     | add | fabric    | 0       |
|   add_ln447_182_fu_417178_p2                |     |        | add_ln447_182     | add | fabric    | 0       |
|   add_ln447_183_fu_417188_p2                |     |        | add_ln447_183     | add | fabric    | 0       |
|   add_ln447_184_fu_417198_p2                |     |        | add_ln447_184     | add | fabric    | 0       |
|   add_ln447_185_fu_417208_p2                |     |        | add_ln447_185     | add | fabric    | 0       |
|   add_ln447_186_fu_417218_p2                |     |        | add_ln447_186     | add | fabric    | 0       |
|   add_ln447_187_fu_417228_p2                |     |        | add_ln447_187     | add | fabric    | 0       |
|   add_ln447_188_fu_417238_p2                |     |        | add_ln447_188     | add | fabric    | 0       |
|   add_ln447_189_fu_417248_p2                |     |        | add_ln447_189     | add | fabric    | 0       |
|   add_ln447_190_fu_417258_p2                |     |        | add_ln447_190     | add | fabric    | 0       |
|   add_ln447_191_fu_417268_p2                |     |        | add_ln447_191     | add | fabric    | 0       |
|   add_ln447_192_fu_417278_p2                |     |        | add_ln447_192     | add | fabric    | 0       |
|   add_ln447_193_fu_417288_p2                |     |        | add_ln447_193     | add | fabric    | 0       |
|   add_ln447_194_fu_417298_p2                |     |        | add_ln447_194     | add | fabric    | 0       |
|   add_ln447_195_fu_417308_p2                |     |        | add_ln447_195     | add | fabric    | 0       |
|   add_ln447_196_fu_417318_p2                |     |        | add_ln447_196     | add | fabric    | 0       |
|   add_ln447_197_fu_417328_p2                |     |        | add_ln447_197     | add | fabric    | 0       |
|   add_ln447_198_fu_417338_p2                |     |        | add_ln447_198     | add | fabric    | 0       |
|   add_ln447_199_fu_417348_p2                |     |        | add_ln447_199     | add | fabric    | 0       |
|   add_ln447_200_fu_417358_p2                |     |        | add_ln447_200     | add | fabric    | 0       |
|   add_ln447_201_fu_417368_p2                |     |        | add_ln447_201     | add | fabric    | 0       |
|   add_ln447_202_fu_417378_p2                |     |        | add_ln447_202     | add | fabric    | 0       |
|   add_ln447_203_fu_417388_p2                |     |        | add_ln447_203     | add | fabric    | 0       |
|   add_ln447_204_fu_417398_p2                |     |        | add_ln447_204     | add | fabric    | 0       |
|   add_ln447_205_fu_417408_p2                |     |        | add_ln447_205     | add | fabric    | 0       |
|   add_ln447_206_fu_417418_p2                |     |        | add_ln447_206     | add | fabric    | 0       |
|   add_ln447_207_fu_417428_p2                |     |        | add_ln447_207     | add | fabric    | 0       |
|   add_ln447_208_fu_417434_p2                |     |        | add_ln447_208     | add | fabric    | 0       |
|   add_ln447_209_fu_417444_p2                |     |        | add_ln447_209     | add | fabric    | 0       |
|   add_ln447_210_fu_417454_p2                |     |        | add_ln447_210     | add | fabric    | 0       |
|   add_ln447_211_fu_417464_p2                |     |        | add_ln447_211     | add | fabric    | 0       |
|   add_ln447_212_fu_417474_p2                |     |        | add_ln447_212     | add | fabric    | 0       |
|   add_ln447_213_fu_417484_p2                |     |        | add_ln447_213     | add | fabric    | 0       |
|   add_ln447_214_fu_417494_p2                |     |        | add_ln447_214     | add | fabric    | 0       |
|   add_ln447_215_fu_417504_p2                |     |        | add_ln447_215     | add | fabric    | 0       |
|   add_ln447_216_fu_417514_p2                |     |        | add_ln447_216     | add | fabric    | 0       |
|   add_ln447_217_fu_417524_p2                |     |        | add_ln447_217     | add | fabric    | 0       |
|   add_ln447_218_fu_417534_p2                |     |        | add_ln447_218     | add | fabric    | 0       |
|   add_ln447_219_fu_417544_p2                |     |        | add_ln447_219     | add | fabric    | 0       |
|   add_ln447_220_fu_417554_p2                |     |        | add_ln447_220     | add | fabric    | 0       |
|   add_ln447_221_fu_417564_p2                |     |        | add_ln447_221     | add | fabric    | 0       |
|   add_ln447_222_fu_417574_p2                |     |        | add_ln447_222     | add | fabric    | 0       |
|   add_ln447_223_fu_417584_p2                |     |        | add_ln447_223     | add | fabric    | 0       |
|   add_ln447_224_fu_417594_p2                |     |        | add_ln447_224     | add | fabric    | 0       |
|   add_ln447_225_fu_417604_p2                |     |        | add_ln447_225     | add | fabric    | 0       |
|   add_ln447_226_fu_417614_p2                |     |        | add_ln447_226     | add | fabric    | 0       |
|   add_ln447_227_fu_417624_p2                |     |        | add_ln447_227     | add | fabric    | 0       |
|   add_ln447_228_fu_417634_p2                |     |        | add_ln447_228     | add | fabric    | 0       |
|   add_ln447_229_fu_417644_p2                |     |        | add_ln447_229     | add | fabric    | 0       |
|   add_ln447_230_fu_417654_p2                |     |        | add_ln447_230     | add | fabric    | 0       |
|   add_ln447_231_fu_417664_p2                |     |        | add_ln447_231     | add | fabric    | 0       |
|   add_ln447_232_fu_417674_p2                |     |        | add_ln447_232     | add | fabric    | 0       |
|   add_ln447_233_fu_417684_p2                |     |        | add_ln447_233     | add | fabric    | 0       |
|   add_ln447_234_fu_417694_p2                |     |        | add_ln447_234     | add | fabric    | 0       |
|   add_ln447_235_fu_417704_p2                |     |        | add_ln447_235     | add | fabric    | 0       |
|   add_ln447_236_fu_417714_p2                |     |        | add_ln447_236     | add | fabric    | 0       |
|   add_ln447_237_fu_417724_p2                |     |        | add_ln447_237     | add | fabric    | 0       |
|   add_ln447_238_fu_429999_p2                |     |        | add_ln447_238     | add | fabric    | 0       |
|   add_ln447_239_fu_430009_p2                |     |        | add_ln447_239     | add | fabric    | 0       |
|   add_ln447_240_fu_430019_p2                |     |        | add_ln447_240     | add | fabric    | 0       |
|   add_ln447_241_fu_417730_p2                |     |        | add_ln447_241     | add | fabric    | 0       |
|   add_ln447_242_fu_417740_p2                |     |        | add_ln447_242     | add | fabric    | 0       |
|   add_ln447_243_fu_417750_p2                |     |        | add_ln447_243     | add | fabric    | 0       |
|   add_ln447_244_fu_417760_p2                |     |        | add_ln447_244     | add | fabric    | 0       |
|   add_ln447_245_fu_417770_p2                |     |        | add_ln447_245     | add | fabric    | 0       |
|   add_ln447_246_fu_417780_p2                |     |        | add_ln447_246     | add | fabric    | 0       |
|   add_ln447_247_fu_417790_p2                |     |        | add_ln447_247     | add | fabric    | 0       |
|   add_ln447_248_fu_417800_p2                |     |        | add_ln447_248     | add | fabric    | 0       |
|   add_ln447_249_fu_417810_p2                |     |        | add_ln447_249     | add | fabric    | 0       |
|   add_ln447_250_fu_417820_p2                |     |        | add_ln447_250     | add | fabric    | 0       |
|   add_ln447_251_fu_417830_p2                |     |        | add_ln447_251     | add | fabric    | 0       |
|   add_ln447_252_fu_417840_p2                |     |        | add_ln447_252     | add | fabric    | 0       |
|   add_ln447_253_fu_417850_p2                |     |        | add_ln447_253     | add | fabric    | 0       |
|   add_ln447_254_fu_417860_p2                |     |        | add_ln447_254     | add | fabric    | 0       |
|   add_ln447_255_fu_417870_p2                |     |        | add_ln447_255     | add | fabric    | 0       |
|   add_ln447_256_fu_417880_p2                |     |        | add_ln447_256     | add | fabric    | 0       |
|   add_ln447_257_fu_417890_p2                |     |        | add_ln447_257     | add | fabric    | 0       |
|   add_ln447_258_fu_417900_p2                |     |        | add_ln447_258     | add | fabric    | 0       |
|   add_ln447_259_fu_417910_p2                |     |        | add_ln447_259     | add | fabric    | 0       |
|   add_ln447_260_fu_417920_p2                |     |        | add_ln447_260     | add | fabric    | 0       |
|   add_ln447_261_fu_417930_p2                |     |        | add_ln447_261     | add | fabric    | 0       |
|   add_ln447_262_fu_417940_p2                |     |        | add_ln447_262     | add | fabric    | 0       |
|   add_ln447_263_fu_417950_p2                |     |        | add_ln447_263     | add | fabric    | 0       |
|   add_ln447_264_fu_417960_p2                |     |        | add_ln447_264     | add | fabric    | 0       |
|   add_ln447_265_fu_417970_p2                |     |        | add_ln447_265     | add | fabric    | 0       |
|   add_ln447_266_fu_417980_p2                |     |        | add_ln447_266     | add | fabric    | 0       |
|   add_ln447_267_fu_417990_p2                |     |        | add_ln447_267     | add | fabric    | 0       |
|   add_ln447_268_fu_418000_p2                |     |        | add_ln447_268     | add | fabric    | 0       |
|   add_ln447_269_fu_418010_p2                |     |        | add_ln447_269     | add | fabric    | 0       |
|   add_ln447_270_fu_418016_p2                |     |        | add_ln447_270     | add | fabric    | 0       |
|   add_ln447_271_fu_418026_p2                |     |        | add_ln447_271     | add | fabric    | 0       |
|   add_ln447_272_fu_418036_p2                |     |        | add_ln447_272     | add | fabric    | 0       |
|   add_ln447_273_fu_418046_p2                |     |        | add_ln447_273     | add | fabric    | 0       |
|   add_ln447_274_fu_418056_p2                |     |        | add_ln447_274     | add | fabric    | 0       |
|   add_ln447_275_fu_418066_p2                |     |        | add_ln447_275     | add | fabric    | 0       |
|   add_ln447_276_fu_418076_p2                |     |        | add_ln447_276     | add | fabric    | 0       |
|   add_ln447_277_fu_418086_p2                |     |        | add_ln447_277     | add | fabric    | 0       |
|   add_ln447_278_fu_418096_p2                |     |        | add_ln447_278     | add | fabric    | 0       |
|   add_ln447_279_fu_418106_p2                |     |        | add_ln447_279     | add | fabric    | 0       |
|   add_ln447_280_fu_418116_p2                |     |        | add_ln447_280     | add | fabric    | 0       |
|   add_ln447_281_fu_418126_p2                |     |        | add_ln447_281     | add | fabric    | 0       |
|   add_ln447_282_fu_418136_p2                |     |        | add_ln447_282     | add | fabric    | 0       |
|   add_ln447_283_fu_418146_p2                |     |        | add_ln447_283     | add | fabric    | 0       |
|   add_ln447_284_fu_418156_p2                |     |        | add_ln447_284     | add | fabric    | 0       |
|   add_ln447_285_fu_418166_p2                |     |        | add_ln447_285     | add | fabric    | 0       |
|   add_ln447_286_fu_418176_p2                |     |        | add_ln447_286     | add | fabric    | 0       |
|   add_ln447_287_fu_418186_p2                |     |        | add_ln447_287     | add | fabric    | 0       |
|   add_ln447_288_fu_418196_p2                |     |        | add_ln447_288     | add | fabric    | 0       |
|   add_ln447_289_fu_418206_p2                |     |        | add_ln447_289     | add | fabric    | 0       |
|   add_ln447_290_fu_418216_p2                |     |        | add_ln447_290     | add | fabric    | 0       |
|   add_ln447_291_fu_418226_p2                |     |        | add_ln447_291     | add | fabric    | 0       |
|   add_ln447_292_fu_418236_p2                |     |        | add_ln447_292     | add | fabric    | 0       |
|   add_ln447_293_fu_418246_p2                |     |        | add_ln447_293     | add | fabric    | 0       |
|   add_ln447_294_fu_418256_p2                |     |        | add_ln447_294     | add | fabric    | 0       |
|   add_ln447_295_fu_418266_p2                |     |        | add_ln447_295     | add | fabric    | 0       |
|   add_ln447_296_fu_418276_p2                |     |        | add_ln447_296     | add | fabric    | 0       |
|   add_ln447_297_fu_418286_p2                |     |        | add_ln447_297     | add | fabric    | 0       |
|   add_ln447_298_fu_418296_p2                |     |        | add_ln447_298     | add | fabric    | 0       |
|   add_ln447_299_fu_430035_p2                |     |        | add_ln447_299     | add | fabric    | 0       |
|   add_ln447_300_fu_418302_p2                |     |        | add_ln447_300     | add | fabric    | 0       |
|   add_ln447_301_fu_418312_p2                |     |        | add_ln447_301     | add | fabric    | 0       |
|   add_ln447_302_fu_418322_p2                |     |        | add_ln447_302     | add | fabric    | 0       |
|   add_ln447_303_fu_418332_p2                |     |        | add_ln447_303     | add | fabric    | 0       |
|   add_ln447_304_fu_418342_p2                |     |        | add_ln447_304     | add | fabric    | 0       |
|   add_ln447_305_fu_418352_p2                |     |        | add_ln447_305     | add | fabric    | 0       |
|   add_ln447_306_fu_418362_p2                |     |        | add_ln447_306     | add | fabric    | 0       |
|   add_ln447_307_fu_418372_p2                |     |        | add_ln447_307     | add | fabric    | 0       |
|   add_ln447_308_fu_418382_p2                |     |        | add_ln447_308     | add | fabric    | 0       |
|   add_ln447_309_fu_418392_p2                |     |        | add_ln447_309     | add | fabric    | 0       |
|   add_ln447_310_fu_418402_p2                |     |        | add_ln447_310     | add | fabric    | 0       |
|   add_ln447_311_fu_418412_p2                |     |        | add_ln447_311     | add | fabric    | 0       |
|   add_ln447_312_fu_418422_p2                |     |        | add_ln447_312     | add | fabric    | 0       |
|   add_ln447_313_fu_418432_p2                |     |        | add_ln447_313     | add | fabric    | 0       |
|   add_ln447_314_fu_418442_p2                |     |        | add_ln447_314     | add | fabric    | 0       |
|   add_ln447_315_fu_418452_p2                |     |        | add_ln447_315     | add | fabric    | 0       |
|   add_ln447_316_fu_418462_p2                |     |        | add_ln447_316     | add | fabric    | 0       |
|   add_ln447_317_fu_418472_p2                |     |        | add_ln447_317     | add | fabric    | 0       |
|   add_ln447_318_fu_418482_p2                |     |        | add_ln447_318     | add | fabric    | 0       |
|   add_ln447_319_fu_418492_p2                |     |        | add_ln447_319     | add | fabric    | 0       |
|   add_ln447_320_fu_418502_p2                |     |        | add_ln447_320     | add | fabric    | 0       |
|   add_ln447_321_fu_418512_p2                |     |        | add_ln447_321     | add | fabric    | 0       |
|   add_ln447_322_fu_418522_p2                |     |        | add_ln447_322     | add | fabric    | 0       |
|   add_ln447_323_fu_418532_p2                |     |        | add_ln447_323     | add | fabric    | 0       |
|   add_ln447_324_fu_418542_p2                |     |        | add_ln447_324     | add | fabric    | 0       |
|   add_ln447_325_fu_418552_p2                |     |        | add_ln447_325     | add | fabric    | 0       |
|   add_ln447_326_fu_418562_p2                |     |        | add_ln447_326     | add | fabric    | 0       |
|   add_ln447_327_fu_418572_p2                |     |        | add_ln447_327     | add | fabric    | 0       |
|   add_ln447_328_fu_418582_p2                |     |        | add_ln447_328     | add | fabric    | 0       |
|   add_ln447_329_fu_418588_p2                |     |        | add_ln447_329     | add | fabric    | 0       |
|   add_ln447_330_fu_418598_p2                |     |        | add_ln447_330     | add | fabric    | 0       |
|   add_ln447_331_fu_418608_p2                |     |        | add_ln447_331     | add | fabric    | 0       |
|   add_ln447_332_fu_418618_p2                |     |        | add_ln447_332     | add | fabric    | 0       |
|   add_ln447_333_fu_418628_p2                |     |        | add_ln447_333     | add | fabric    | 0       |
|   add_ln447_334_fu_418638_p2                |     |        | add_ln447_334     | add | fabric    | 0       |
|   add_ln447_335_fu_418648_p2                |     |        | add_ln447_335     | add | fabric    | 0       |
|   add_ln447_336_fu_418658_p2                |     |        | add_ln447_336     | add | fabric    | 0       |
|   add_ln447_337_fu_418668_p2                |     |        | add_ln447_337     | add | fabric    | 0       |
|   add_ln447_338_fu_418678_p2                |     |        | add_ln447_338     | add | fabric    | 0       |
|   add_ln447_339_fu_418688_p2                |     |        | add_ln447_339     | add | fabric    | 0       |
|   add_ln447_340_fu_418698_p2                |     |        | add_ln447_340     | add | fabric    | 0       |
|   add_ln447_341_fu_418708_p2                |     |        | add_ln447_341     | add | fabric    | 0       |
|   add_ln447_342_fu_418718_p2                |     |        | add_ln447_342     | add | fabric    | 0       |
|   add_ln447_343_fu_418728_p2                |     |        | add_ln447_343     | add | fabric    | 0       |
|   add_ln447_344_fu_418738_p2                |     |        | add_ln447_344     | add | fabric    | 0       |
|   add_ln447_345_fu_418748_p2                |     |        | add_ln447_345     | add | fabric    | 0       |
|   add_ln447_346_fu_418758_p2                |     |        | add_ln447_346     | add | fabric    | 0       |
|   add_ln447_347_fu_418768_p2                |     |        | add_ln447_347     | add | fabric    | 0       |
|   add_ln447_348_fu_418778_p2                |     |        | add_ln447_348     | add | fabric    | 0       |
|   add_ln447_349_fu_418788_p2                |     |        | add_ln447_349     | add | fabric    | 0       |
|   add_ln447_350_fu_418798_p2                |     |        | add_ln447_350     | add | fabric    | 0       |
|   add_ln447_351_fu_418808_p2                |     |        | add_ln447_351     | add | fabric    | 0       |
|   add_ln447_352_fu_418818_p2                |     |        | add_ln447_352     | add | fabric    | 0       |
|   add_ln447_353_fu_418828_p2                |     |        | add_ln447_353     | add | fabric    | 0       |
|   add_ln447_354_fu_418838_p2                |     |        | add_ln447_354     | add | fabric    | 0       |
|   add_ln447_355_fu_418848_p2                |     |        | add_ln447_355     | add | fabric    | 0       |
|   add_ln447_356_fu_418858_p2                |     |        | add_ln447_356     | add | fabric    | 0       |
|   add_ln447_357_fu_418868_p2                |     |        | add_ln447_357     | add | fabric    | 0       |
|   add_ln447_358_fu_418878_p2                |     |        | add_ln447_358     | add | fabric    | 0       |
|   add_ln447_359_fu_430051_p2                |     |        | add_ln447_359     | add | fabric    | 0       |
|   add_ln447_360_fu_430061_p2                |     |        | add_ln447_360     | add | fabric    | 0       |
|   add_ln447_361_fu_418884_p2                |     |        | add_ln447_361     | add | fabric    | 0       |
|   add_ln447_362_fu_418894_p2                |     |        | add_ln447_362     | add | fabric    | 0       |
|   add_ln447_363_fu_418904_p2                |     |        | add_ln447_363     | add | fabric    | 0       |
|   add_ln447_364_fu_418914_p2                |     |        | add_ln447_364     | add | fabric    | 0       |
|   add_ln447_365_fu_418924_p2                |     |        | add_ln447_365     | add | fabric    | 0       |
|   add_ln447_366_fu_418934_p2                |     |        | add_ln447_366     | add | fabric    | 0       |
|   add_ln447_367_fu_418944_p2                |     |        | add_ln447_367     | add | fabric    | 0       |
|   add_ln447_368_fu_418954_p2                |     |        | add_ln447_368     | add | fabric    | 0       |
|   add_ln447_369_fu_418964_p2                |     |        | add_ln447_369     | add | fabric    | 0       |
|   add_ln447_370_fu_418974_p2                |     |        | add_ln447_370     | add | fabric    | 0       |
|   add_ln447_371_fu_418984_p2                |     |        | add_ln447_371     | add | fabric    | 0       |
|   add_ln447_372_fu_418994_p2                |     |        | add_ln447_372     | add | fabric    | 0       |
|   add_ln447_373_fu_419004_p2                |     |        | add_ln447_373     | add | fabric    | 0       |
|   add_ln447_374_fu_419014_p2                |     |        | add_ln447_374     | add | fabric    | 0       |
|   add_ln447_375_fu_419024_p2                |     |        | add_ln447_375     | add | fabric    | 0       |
|   add_ln447_376_fu_419034_p2                |     |        | add_ln447_376     | add | fabric    | 0       |
|   add_ln447_377_fu_419044_p2                |     |        | add_ln447_377     | add | fabric    | 0       |
|   add_ln447_378_fu_419054_p2                |     |        | add_ln447_378     | add | fabric    | 0       |
|   add_ln447_379_fu_419064_p2                |     |        | add_ln447_379     | add | fabric    | 0       |
|   add_ln447_380_fu_419074_p2                |     |        | add_ln447_380     | add | fabric    | 0       |
|   add_ln447_381_fu_419084_p2                |     |        | add_ln447_381     | add | fabric    | 0       |
|   add_ln447_382_fu_419094_p2                |     |        | add_ln447_382     | add | fabric    | 0       |
|   add_ln447_383_fu_419104_p2                |     |        | add_ln447_383     | add | fabric    | 0       |
|   add_ln447_384_fu_419114_p2                |     |        | add_ln447_384     | add | fabric    | 0       |
|   add_ln447_385_fu_419124_p2                |     |        | add_ln447_385     | add | fabric    | 0       |
|   add_ln447_386_fu_419134_p2                |     |        | add_ln447_386     | add | fabric    | 0       |
|   add_ln447_387_fu_419144_p2                |     |        | add_ln447_387     | add | fabric    | 0       |
|   add_ln447_388_fu_419154_p2                |     |        | add_ln447_388     | add | fabric    | 0       |
|   add_ln447_389_fu_419164_p2                |     |        | add_ln447_389     | add | fabric    | 0       |
|   add_ln447_390_fu_419170_p2                |     |        | add_ln447_390     | add | fabric    | 0       |
|   add_ln447_391_fu_419180_p2                |     |        | add_ln447_391     | add | fabric    | 0       |
|   add_ln447_392_fu_419190_p2                |     |        | add_ln447_392     | add | fabric    | 0       |
|   add_ln447_393_fu_419200_p2                |     |        | add_ln447_393     | add | fabric    | 0       |
|   add_ln447_394_fu_419210_p2                |     |        | add_ln447_394     | add | fabric    | 0       |
|   add_ln447_395_fu_419220_p2                |     |        | add_ln447_395     | add | fabric    | 0       |
|   add_ln447_396_fu_419230_p2                |     |        | add_ln447_396     | add | fabric    | 0       |
|   add_ln447_397_fu_419240_p2                |     |        | add_ln447_397     | add | fabric    | 0       |
|   add_ln447_398_fu_419250_p2                |     |        | add_ln447_398     | add | fabric    | 0       |
|   add_ln447_399_fu_419260_p2                |     |        | add_ln447_399     | add | fabric    | 0       |
|   add_ln447_400_fu_419270_p2                |     |        | add_ln447_400     | add | fabric    | 0       |
|   add_ln447_401_fu_419280_p2                |     |        | add_ln447_401     | add | fabric    | 0       |
|   add_ln447_402_fu_419290_p2                |     |        | add_ln447_402     | add | fabric    | 0       |
|   add_ln447_403_fu_419300_p2                |     |        | add_ln447_403     | add | fabric    | 0       |
|   add_ln447_404_fu_419310_p2                |     |        | add_ln447_404     | add | fabric    | 0       |
|   add_ln447_405_fu_419320_p2                |     |        | add_ln447_405     | add | fabric    | 0       |
|   add_ln447_406_fu_419330_p2                |     |        | add_ln447_406     | add | fabric    | 0       |
|   add_ln447_407_fu_419340_p2                |     |        | add_ln447_407     | add | fabric    | 0       |
|   add_ln447_408_fu_419350_p2                |     |        | add_ln447_408     | add | fabric    | 0       |
|   add_ln447_409_fu_419360_p2                |     |        | add_ln447_409     | add | fabric    | 0       |
|   add_ln447_410_fu_419370_p2                |     |        | add_ln447_410     | add | fabric    | 0       |
|   add_ln447_411_fu_419380_p2                |     |        | add_ln447_411     | add | fabric    | 0       |
|   add_ln447_412_fu_419390_p2                |     |        | add_ln447_412     | add | fabric    | 0       |
|   add_ln447_413_fu_419400_p2                |     |        | add_ln447_413     | add | fabric    | 0       |
|   add_ln447_414_fu_419410_p2                |     |        | add_ln447_414     | add | fabric    | 0       |
|   add_ln447_415_fu_419420_p2                |     |        | add_ln447_415     | add | fabric    | 0       |
|   add_ln447_416_fu_419430_p2                |     |        | add_ln447_416     | add | fabric    | 0       |
|   add_ln447_417_fu_419440_p2                |     |        | add_ln447_417     | add | fabric    | 0       |
|   add_ln447_418_fu_419450_p2                |     |        | add_ln447_418     | add | fabric    | 0       |
|   add_ln447_419_fu_430077_p2                |     |        | add_ln447_419     | add | fabric    | 0       |
|   add_ln447_420_fu_419456_p2                |     |        | add_ln447_420     | add | fabric    | 0       |
|   add_ln447_421_fu_419466_p2                |     |        | add_ln447_421     | add | fabric    | 0       |
|   add_ln447_422_fu_419476_p2                |     |        | add_ln447_422     | add | fabric    | 0       |
|   add_ln447_423_fu_419486_p2                |     |        | add_ln447_423     | add | fabric    | 0       |
|   add_ln447_424_fu_419496_p2                |     |        | add_ln447_424     | add | fabric    | 0       |
|   add_ln447_425_fu_419506_p2                |     |        | add_ln447_425     | add | fabric    | 0       |
|   add_ln447_426_fu_419516_p2                |     |        | add_ln447_426     | add | fabric    | 0       |
|   add_ln447_427_fu_419526_p2                |     |        | add_ln447_427     | add | fabric    | 0       |
|   add_ln447_428_fu_419536_p2                |     |        | add_ln447_428     | add | fabric    | 0       |
|   add_ln447_429_fu_419546_p2                |     |        | add_ln447_429     | add | fabric    | 0       |
|   add_ln447_430_fu_419556_p2                |     |        | add_ln447_430     | add | fabric    | 0       |
|   add_ln447_431_fu_419566_p2                |     |        | add_ln447_431     | add | fabric    | 0       |
|   add_ln447_432_fu_419576_p2                |     |        | add_ln447_432     | add | fabric    | 0       |
|   add_ln447_433_fu_419586_p2                |     |        | add_ln447_433     | add | fabric    | 0       |
|   add_ln447_434_fu_419596_p2                |     |        | add_ln447_434     | add | fabric    | 0       |
|   add_ln447_435_fu_419606_p2                |     |        | add_ln447_435     | add | fabric    | 0       |
|   add_ln447_436_fu_419616_p2                |     |        | add_ln447_436     | add | fabric    | 0       |
|   add_ln447_437_fu_419626_p2                |     |        | add_ln447_437     | add | fabric    | 0       |
|   add_ln447_438_fu_419636_p2                |     |        | add_ln447_438     | add | fabric    | 0       |
|   add_ln447_439_fu_419646_p2                |     |        | add_ln447_439     | add | fabric    | 0       |
|   add_ln447_440_fu_419656_p2                |     |        | add_ln447_440     | add | fabric    | 0       |
|   add_ln447_441_fu_419666_p2                |     |        | add_ln447_441     | add | fabric    | 0       |
|   add_ln447_442_fu_419676_p2                |     |        | add_ln447_442     | add | fabric    | 0       |
|   add_ln447_443_fu_419686_p2                |     |        | add_ln447_443     | add | fabric    | 0       |
|   add_ln447_444_fu_419696_p2                |     |        | add_ln447_444     | add | fabric    | 0       |
|   add_ln447_445_fu_419706_p2                |     |        | add_ln447_445     | add | fabric    | 0       |
|   add_ln447_446_fu_419716_p2                |     |        | add_ln447_446     | add | fabric    | 0       |
|   add_ln447_447_fu_419726_p2                |     |        | add_ln447_447     | add | fabric    | 0       |
|   add_ln447_448_fu_419736_p2                |     |        | add_ln447_448     | add | fabric    | 0       |
|   add_ln447_449_fu_419742_p2                |     |        | add_ln447_449     | add | fabric    | 0       |
|   add_ln447_450_fu_419752_p2                |     |        | add_ln447_450     | add | fabric    | 0       |
|   add_ln447_451_fu_419762_p2                |     |        | add_ln447_451     | add | fabric    | 0       |
|   add_ln447_452_fu_419772_p2                |     |        | add_ln447_452     | add | fabric    | 0       |
|   add_ln447_453_fu_419782_p2                |     |        | add_ln447_453     | add | fabric    | 0       |
|   add_ln447_454_fu_419792_p2                |     |        | add_ln447_454     | add | fabric    | 0       |
|   add_ln447_455_fu_419802_p2                |     |        | add_ln447_455     | add | fabric    | 0       |
|   add_ln447_456_fu_419812_p2                |     |        | add_ln447_456     | add | fabric    | 0       |
|   add_ln447_457_fu_419822_p2                |     |        | add_ln447_457     | add | fabric    | 0       |
|   add_ln447_458_fu_419832_p2                |     |        | add_ln447_458     | add | fabric    | 0       |
|   add_ln447_459_fu_419842_p2                |     |        | add_ln447_459     | add | fabric    | 0       |
|   add_ln447_460_fu_419852_p2                |     |        | add_ln447_460     | add | fabric    | 0       |
|   add_ln447_461_fu_419862_p2                |     |        | add_ln447_461     | add | fabric    | 0       |
|   add_ln447_462_fu_419872_p2                |     |        | add_ln447_462     | add | fabric    | 0       |
|   add_ln447_463_fu_419882_p2                |     |        | add_ln447_463     | add | fabric    | 0       |
|   add_ln447_464_fu_419892_p2                |     |        | add_ln447_464     | add | fabric    | 0       |
|   add_ln447_465_fu_419902_p2                |     |        | add_ln447_465     | add | fabric    | 0       |
|   add_ln447_466_fu_419912_p2                |     |        | add_ln447_466     | add | fabric    | 0       |
|   add_ln447_467_fu_419922_p2                |     |        | add_ln447_467     | add | fabric    | 0       |
|   add_ln447_468_fu_419932_p2                |     |        | add_ln447_468     | add | fabric    | 0       |
|   add_ln447_469_fu_419942_p2                |     |        | add_ln447_469     | add | fabric    | 0       |
|   add_ln447_470_fu_419952_p2                |     |        | add_ln447_470     | add | fabric    | 0       |
|   add_ln447_471_fu_419962_p2                |     |        | add_ln447_471     | add | fabric    | 0       |
|   add_ln447_472_fu_419972_p2                |     |        | add_ln447_472     | add | fabric    | 0       |
|   add_ln447_473_fu_419982_p2                |     |        | add_ln447_473     | add | fabric    | 0       |
|   add_ln447_474_fu_419992_p2                |     |        | add_ln447_474     | add | fabric    | 0       |
|   add_ln447_475_fu_420002_p2                |     |        | add_ln447_475     | add | fabric    | 0       |
|   add_ln447_476_fu_420012_p2                |     |        | add_ln447_476     | add | fabric    | 0       |
|   add_ln447_477_fu_420022_p2                |     |        | add_ln447_477     | add | fabric    | 0       |
|   add_ln447_478_fu_420032_p2                |     |        | add_ln447_478     | add | fabric    | 0       |
|   add_ln447_479_fu_430093_p2                |     |        | add_ln447_479     | add | fabric    | 0       |
|   add_ln447_480_fu_430103_p2                |     |        | add_ln447_480     | add | fabric    | 0       |
|   add_ln447_481_fu_430113_p2                |     |        | add_ln447_481     | add | fabric    | 0       |
|   A_sum_fu_430123_p2                        |     |        | A_sum             | add | fabric    | 0       |
|   add_ln447_483_fu_420051_p2                |     |        | add_ln447_483     | add | fabric    | 0       |
|   add_ln447_486_fu_424897_p2                |     |        | add_ln447_486     | add | fabric    | 0       |
|   add_ln447_487_fu_424907_p2                |     |        | add_ln447_487     | add | fabric    | 0       |
|   add_ln447_488_fu_424917_p2                |     |        | add_ln447_488     | add | fabric    | 0       |
|   add_ln447_489_fu_424927_p2                |     |        | add_ln447_489     | add | fabric    | 0       |
|   add_ln447_490_fu_424937_p2                |     |        | add_ln447_490     | add | fabric    | 0       |
|   add_ln447_491_fu_424947_p2                |     |        | add_ln447_491     | add | fabric    | 0       |
|   add_ln447_492_fu_424957_p2                |     |        | add_ln447_492     | add | fabric    | 0       |
|   add_ln447_493_fu_424967_p2                |     |        | add_ln447_493     | add | fabric    | 0       |
|   add_ln447_494_fu_424977_p2                |     |        | add_ln447_494     | add | fabric    | 0       |
|   add_ln447_495_fu_424987_p2                |     |        | add_ln447_495     | add | fabric    | 0       |
|   add_ln447_496_fu_424997_p2                |     |        | add_ln447_496     | add | fabric    | 0       |
|   add_ln447_497_fu_425007_p2                |     |        | add_ln447_497     | add | fabric    | 0       |
|   add_ln447_498_fu_425017_p2                |     |        | add_ln447_498     | add | fabric    | 0       |
|   add_ln447_499_fu_425027_p2                |     |        | add_ln447_499     | add | fabric    | 0       |
|   add_ln447_500_fu_425037_p2                |     |        | add_ln447_500     | add | fabric    | 0       |
|   add_ln447_501_fu_425047_p2                |     |        | add_ln447_501     | add | fabric    | 0       |
|   add_ln447_502_fu_425057_p2                |     |        | add_ln447_502     | add | fabric    | 0       |
|   add_ln447_503_fu_425067_p2                |     |        | add_ln447_503     | add | fabric    | 0       |
|   add_ln447_504_fu_425077_p2                |     |        | add_ln447_504     | add | fabric    | 0       |
|   add_ln447_505_fu_425087_p2                |     |        | add_ln447_505     | add | fabric    | 0       |
|   add_ln447_506_fu_425097_p2                |     |        | add_ln447_506     | add | fabric    | 0       |
|   add_ln447_507_fu_425107_p2                |     |        | add_ln447_507     | add | fabric    | 0       |
|   add_ln447_508_fu_425117_p2                |     |        | add_ln447_508     | add | fabric    | 0       |
|   add_ln447_509_fu_425127_p2                |     |        | add_ln447_509     | add | fabric    | 0       |
|   add_ln447_510_fu_425137_p2                |     |        | add_ln447_510     | add | fabric    | 0       |
|   add_ln447_511_fu_425147_p2                |     |        | add_ln447_511     | add | fabric    | 0       |
|   add_ln447_512_fu_425157_p2                |     |        | add_ln447_512     | add | fabric    | 0       |
|   add_ln447_513_fu_425163_p2                |     |        | add_ln447_513     | add | fabric    | 0       |
|   add_ln447_514_fu_425173_p2                |     |        | add_ln447_514     | add | fabric    | 0       |
|   add_ln447_515_fu_425183_p2                |     |        | add_ln447_515     | add | fabric    | 0       |
|   add_ln447_516_fu_425193_p2                |     |        | add_ln447_516     | add | fabric    | 0       |
|   add_ln447_517_fu_425203_p2                |     |        | add_ln447_517     | add | fabric    | 0       |
|   add_ln447_518_fu_425213_p2                |     |        | add_ln447_518     | add | fabric    | 0       |
|   add_ln447_519_fu_425223_p2                |     |        | add_ln447_519     | add | fabric    | 0       |
|   add_ln447_520_fu_425233_p2                |     |        | add_ln447_520     | add | fabric    | 0       |
|   add_ln447_521_fu_425243_p2                |     |        | add_ln447_521     | add | fabric    | 0       |
|   add_ln447_522_fu_425253_p2                |     |        | add_ln447_522     | add | fabric    | 0       |
|   add_ln447_523_fu_425263_p2                |     |        | add_ln447_523     | add | fabric    | 0       |
|   add_ln447_524_fu_425273_p2                |     |        | add_ln447_524     | add | fabric    | 0       |
|   add_ln447_525_fu_425283_p2                |     |        | add_ln447_525     | add | fabric    | 0       |
|   add_ln447_526_fu_425293_p2                |     |        | add_ln447_526     | add | fabric    | 0       |
|   add_ln447_527_fu_425303_p2                |     |        | add_ln447_527     | add | fabric    | 0       |
|   add_ln447_528_fu_425313_p2                |     |        | add_ln447_528     | add | fabric    | 0       |
|   add_ln447_529_fu_425323_p2                |     |        | add_ln447_529     | add | fabric    | 0       |
|   add_ln447_530_fu_425333_p2                |     |        | add_ln447_530     | add | fabric    | 0       |
|   add_ln447_531_fu_425343_p2                |     |        | add_ln447_531     | add | fabric    | 0       |
|   add_ln447_532_fu_425353_p2                |     |        | add_ln447_532     | add | fabric    | 0       |
|   add_ln447_533_fu_425363_p2                |     |        | add_ln447_533     | add | fabric    | 0       |
|   add_ln447_534_fu_425373_p2                |     |        | add_ln447_534     | add | fabric    | 0       |
|   add_ln447_535_fu_425383_p2                |     |        | add_ln447_535     | add | fabric    | 0       |
|   add_ln447_536_fu_425393_p2                |     |        | add_ln447_536     | add | fabric    | 0       |
|   add_ln447_537_fu_425403_p2                |     |        | add_ln447_537     | add | fabric    | 0       |
|   add_ln447_538_fu_425413_p2                |     |        | add_ln447_538     | add | fabric    | 0       |
|   add_ln447_539_fu_425423_p2                |     |        | add_ln447_539     | add | fabric    | 0       |
|   add_ln447_540_fu_425433_p2                |     |        | add_ln447_540     | add | fabric    | 0       |
|   add_ln447_541_fu_425443_p2                |     |        | add_ln447_541     | add | fabric    | 0       |
|   add_ln447_542_fu_430135_p2                |     |        | add_ln447_542     | add | fabric    | 0       |
|   add_ln447_543_fu_425449_p2                |     |        | add_ln447_543     | add | fabric    | 0       |
|   add_ln447_544_fu_425459_p2                |     |        | add_ln447_544     | add | fabric    | 0       |
|   add_ln447_545_fu_425469_p2                |     |        | add_ln447_545     | add | fabric    | 0       |
|   add_ln447_546_fu_425479_p2                |     |        | add_ln447_546     | add | fabric    | 0       |
|   add_ln447_547_fu_425489_p2                |     |        | add_ln447_547     | add | fabric    | 0       |
|   add_ln447_548_fu_425499_p2                |     |        | add_ln447_548     | add | fabric    | 0       |
|   add_ln447_549_fu_425509_p2                |     |        | add_ln447_549     | add | fabric    | 0       |
|   add_ln447_550_fu_425519_p2                |     |        | add_ln447_550     | add | fabric    | 0       |
|   add_ln447_551_fu_425529_p2                |     |        | add_ln447_551     | add | fabric    | 0       |
|   add_ln447_552_fu_425539_p2                |     |        | add_ln447_552     | add | fabric    | 0       |
|   add_ln447_553_fu_425549_p2                |     |        | add_ln447_553     | add | fabric    | 0       |
|   add_ln447_554_fu_425559_p2                |     |        | add_ln447_554     | add | fabric    | 0       |
|   add_ln447_555_fu_425569_p2                |     |        | add_ln447_555     | add | fabric    | 0       |
|   add_ln447_556_fu_425579_p2                |     |        | add_ln447_556     | add | fabric    | 0       |
|   add_ln447_557_fu_425589_p2                |     |        | add_ln447_557     | add | fabric    | 0       |
|   add_ln447_558_fu_425599_p2                |     |        | add_ln447_558     | add | fabric    | 0       |
|   add_ln447_559_fu_425609_p2                |     |        | add_ln447_559     | add | fabric    | 0       |
|   add_ln447_560_fu_425619_p2                |     |        | add_ln447_560     | add | fabric    | 0       |
|   add_ln447_561_fu_425629_p2                |     |        | add_ln447_561     | add | fabric    | 0       |
|   add_ln447_562_fu_425639_p2                |     |        | add_ln447_562     | add | fabric    | 0       |
|   add_ln447_563_fu_425649_p2                |     |        | add_ln447_563     | add | fabric    | 0       |
|   add_ln447_564_fu_425659_p2                |     |        | add_ln447_564     | add | fabric    | 0       |
|   add_ln447_565_fu_425669_p2                |     |        | add_ln447_565     | add | fabric    | 0       |
|   add_ln447_566_fu_425679_p2                |     |        | add_ln447_566     | add | fabric    | 0       |
|   add_ln447_567_fu_425689_p2                |     |        | add_ln447_567     | add | fabric    | 0       |
|   add_ln447_568_fu_425699_p2                |     |        | add_ln447_568     | add | fabric    | 0       |
|   add_ln447_569_fu_425709_p2                |     |        | add_ln447_569     | add | fabric    | 0       |
|   add_ln447_570_fu_425719_p2                |     |        | add_ln447_570     | add | fabric    | 0       |
|   add_ln447_571_fu_425729_p2                |     |        | add_ln447_571     | add | fabric    | 0       |
|   add_ln447_572_fu_425735_p2                |     |        | add_ln447_572     | add | fabric    | 0       |
|   add_ln447_573_fu_425745_p2                |     |        | add_ln447_573     | add | fabric    | 0       |
|   add_ln447_574_fu_425755_p2                |     |        | add_ln447_574     | add | fabric    | 0       |
|   add_ln447_575_fu_425765_p2                |     |        | add_ln447_575     | add | fabric    | 0       |
|   add_ln447_576_fu_425775_p2                |     |        | add_ln447_576     | add | fabric    | 0       |
|   add_ln447_577_fu_425785_p2                |     |        | add_ln447_577     | add | fabric    | 0       |
|   add_ln447_578_fu_425795_p2                |     |        | add_ln447_578     | add | fabric    | 0       |
|   add_ln447_579_fu_425805_p2                |     |        | add_ln447_579     | add | fabric    | 0       |
|   add_ln447_580_fu_425815_p2                |     |        | add_ln447_580     | add | fabric    | 0       |
|   add_ln447_581_fu_425825_p2                |     |        | add_ln447_581     | add | fabric    | 0       |
|   add_ln447_582_fu_425835_p2                |     |        | add_ln447_582     | add | fabric    | 0       |
|   add_ln447_583_fu_425845_p2                |     |        | add_ln447_583     | add | fabric    | 0       |
|   add_ln447_584_fu_425855_p2                |     |        | add_ln447_584     | add | fabric    | 0       |
|   add_ln447_585_fu_425865_p2                |     |        | add_ln447_585     | add | fabric    | 0       |
|   add_ln447_586_fu_425875_p2                |     |        | add_ln447_586     | add | fabric    | 0       |
|   add_ln447_587_fu_425885_p2                |     |        | add_ln447_587     | add | fabric    | 0       |
|   add_ln447_588_fu_425895_p2                |     |        | add_ln447_588     | add | fabric    | 0       |
|   add_ln447_589_fu_425905_p2                |     |        | add_ln447_589     | add | fabric    | 0       |
|   add_ln447_590_fu_425915_p2                |     |        | add_ln447_590     | add | fabric    | 0       |
|   add_ln447_591_fu_425925_p2                |     |        | add_ln447_591     | add | fabric    | 0       |
|   add_ln447_592_fu_425935_p2                |     |        | add_ln447_592     | add | fabric    | 0       |
|   add_ln447_593_fu_425945_p2                |     |        | add_ln447_593     | add | fabric    | 0       |
|   add_ln447_594_fu_425955_p2                |     |        | add_ln447_594     | add | fabric    | 0       |
|   add_ln447_595_fu_425965_p2                |     |        | add_ln447_595     | add | fabric    | 0       |
|   add_ln447_596_fu_425975_p2                |     |        | add_ln447_596     | add | fabric    | 0       |
|   add_ln447_597_fu_425985_p2                |     |        | add_ln447_597     | add | fabric    | 0       |
|   add_ln447_598_fu_425995_p2                |     |        | add_ln447_598     | add | fabric    | 0       |
|   add_ln447_599_fu_426005_p2                |     |        | add_ln447_599     | add | fabric    | 0       |
|   add_ln447_600_fu_426015_p2                |     |        | add_ln447_600     | add | fabric    | 0       |
|   add_ln447_601_fu_430151_p2                |     |        | add_ln447_601     | add | fabric    | 0       |
|   add_ln447_602_fu_430161_p2                |     |        | add_ln447_602     | add | fabric    | 0       |
|   add_ln447_603_fu_426021_p2                |     |        | add_ln447_603     | add | fabric    | 0       |
|   add_ln447_604_fu_426031_p2                |     |        | add_ln447_604     | add | fabric    | 0       |
|   add_ln447_605_fu_426041_p2                |     |        | add_ln447_605     | add | fabric    | 0       |
|   add_ln447_606_fu_426051_p2                |     |        | add_ln447_606     | add | fabric    | 0       |
|   add_ln447_607_fu_426061_p2                |     |        | add_ln447_607     | add | fabric    | 0       |
|   add_ln447_608_fu_426071_p2                |     |        | add_ln447_608     | add | fabric    | 0       |
|   add_ln447_609_fu_426081_p2                |     |        | add_ln447_609     | add | fabric    | 0       |
|   add_ln447_610_fu_426091_p2                |     |        | add_ln447_610     | add | fabric    | 0       |
|   add_ln447_611_fu_426101_p2                |     |        | add_ln447_611     | add | fabric    | 0       |
|   add_ln447_612_fu_426111_p2                |     |        | add_ln447_612     | add | fabric    | 0       |
|   add_ln447_613_fu_426121_p2                |     |        | add_ln447_613     | add | fabric    | 0       |
|   add_ln447_614_fu_426131_p2                |     |        | add_ln447_614     | add | fabric    | 0       |
|   add_ln447_615_fu_426141_p2                |     |        | add_ln447_615     | add | fabric    | 0       |
|   add_ln447_616_fu_426151_p2                |     |        | add_ln447_616     | add | fabric    | 0       |
|   add_ln447_617_fu_426161_p2                |     |        | add_ln447_617     | add | fabric    | 0       |
|   add_ln447_618_fu_426171_p2                |     |        | add_ln447_618     | add | fabric    | 0       |
|   add_ln447_619_fu_426181_p2                |     |        | add_ln447_619     | add | fabric    | 0       |
|   add_ln447_620_fu_426191_p2                |     |        | add_ln447_620     | add | fabric    | 0       |
|   add_ln447_621_fu_426201_p2                |     |        | add_ln447_621     | add | fabric    | 0       |
|   add_ln447_622_fu_426211_p2                |     |        | add_ln447_622     | add | fabric    | 0       |
|   add_ln447_623_fu_426221_p2                |     |        | add_ln447_623     | add | fabric    | 0       |
|   add_ln447_624_fu_426231_p2                |     |        | add_ln447_624     | add | fabric    | 0       |
|   add_ln447_625_fu_426241_p2                |     |        | add_ln447_625     | add | fabric    | 0       |
|   add_ln447_626_fu_426251_p2                |     |        | add_ln447_626     | add | fabric    | 0       |
|   add_ln447_627_fu_426261_p2                |     |        | add_ln447_627     | add | fabric    | 0       |
|   add_ln447_628_fu_426271_p2                |     |        | add_ln447_628     | add | fabric    | 0       |
|   add_ln447_629_fu_426281_p2                |     |        | add_ln447_629     | add | fabric    | 0       |
|   add_ln447_630_fu_426291_p2                |     |        | add_ln447_630     | add | fabric    | 0       |
|   add_ln447_631_fu_426301_p2                |     |        | add_ln447_631     | add | fabric    | 0       |
|   add_ln447_632_fu_426307_p2                |     |        | add_ln447_632     | add | fabric    | 0       |
|   add_ln447_633_fu_426317_p2                |     |        | add_ln447_633     | add | fabric    | 0       |
|   add_ln447_634_fu_426327_p2                |     |        | add_ln447_634     | add | fabric    | 0       |
|   add_ln447_635_fu_426337_p2                |     |        | add_ln447_635     | add | fabric    | 0       |
|   add_ln447_636_fu_426347_p2                |     |        | add_ln447_636     | add | fabric    | 0       |
|   add_ln447_637_fu_426357_p2                |     |        | add_ln447_637     | add | fabric    | 0       |
|   add_ln447_638_fu_426367_p2                |     |        | add_ln447_638     | add | fabric    | 0       |
|   add_ln447_639_fu_426377_p2                |     |        | add_ln447_639     | add | fabric    | 0       |
|   add_ln447_640_fu_426387_p2                |     |        | add_ln447_640     | add | fabric    | 0       |
|   add_ln447_641_fu_426397_p2                |     |        | add_ln447_641     | add | fabric    | 0       |
|   add_ln447_642_fu_426407_p2                |     |        | add_ln447_642     | add | fabric    | 0       |
|   add_ln447_643_fu_426417_p2                |     |        | add_ln447_643     | add | fabric    | 0       |
|   add_ln447_644_fu_426427_p2                |     |        | add_ln447_644     | add | fabric    | 0       |
|   add_ln447_645_fu_426437_p2                |     |        | add_ln447_645     | add | fabric    | 0       |
|   add_ln447_646_fu_426447_p2                |     |        | add_ln447_646     | add | fabric    | 0       |
|   add_ln447_647_fu_426457_p2                |     |        | add_ln447_647     | add | fabric    | 0       |
|   add_ln447_648_fu_426467_p2                |     |        | add_ln447_648     | add | fabric    | 0       |
|   add_ln447_649_fu_426477_p2                |     |        | add_ln447_649     | add | fabric    | 0       |
|   add_ln447_650_fu_426487_p2                |     |        | add_ln447_650     | add | fabric    | 0       |
|   add_ln447_651_fu_426497_p2                |     |        | add_ln447_651     | add | fabric    | 0       |
|   add_ln447_652_fu_426507_p2                |     |        | add_ln447_652     | add | fabric    | 0       |
|   add_ln447_653_fu_426517_p2                |     |        | add_ln447_653     | add | fabric    | 0       |
|   add_ln447_654_fu_426527_p2                |     |        | add_ln447_654     | add | fabric    | 0       |
|   add_ln447_655_fu_426537_p2                |     |        | add_ln447_655     | add | fabric    | 0       |
|   add_ln447_656_fu_426547_p2                |     |        | add_ln447_656     | add | fabric    | 0       |
|   add_ln447_657_fu_426557_p2                |     |        | add_ln447_657     | add | fabric    | 0       |
|   add_ln447_658_fu_426567_p2                |     |        | add_ln447_658     | add | fabric    | 0       |
|   add_ln447_659_fu_426577_p2                |     |        | add_ln447_659     | add | fabric    | 0       |
|   add_ln447_660_fu_426587_p2                |     |        | add_ln447_660     | add | fabric    | 0       |
|   add_ln447_661_fu_430177_p2                |     |        | add_ln447_661     | add | fabric    | 0       |
|   add_ln447_662_fu_426593_p2                |     |        | add_ln447_662     | add | fabric    | 0       |
|   add_ln447_663_fu_426603_p2                |     |        | add_ln447_663     | add | fabric    | 0       |
|   add_ln447_664_fu_426613_p2                |     |        | add_ln447_664     | add | fabric    | 0       |
|   add_ln447_665_fu_426623_p2                |     |        | add_ln447_665     | add | fabric    | 0       |
|   add_ln447_666_fu_426633_p2                |     |        | add_ln447_666     | add | fabric    | 0       |
|   add_ln447_667_fu_426643_p2                |     |        | add_ln447_667     | add | fabric    | 0       |
|   add_ln447_668_fu_426653_p2                |     |        | add_ln447_668     | add | fabric    | 0       |
|   add_ln447_669_fu_426663_p2                |     |        | add_ln447_669     | add | fabric    | 0       |
|   add_ln447_670_fu_426673_p2                |     |        | add_ln447_670     | add | fabric    | 0       |
|   add_ln447_671_fu_426683_p2                |     |        | add_ln447_671     | add | fabric    | 0       |
|   add_ln447_672_fu_426693_p2                |     |        | add_ln447_672     | add | fabric    | 0       |
|   add_ln447_673_fu_426703_p2                |     |        | add_ln447_673     | add | fabric    | 0       |
|   add_ln447_674_fu_426713_p2                |     |        | add_ln447_674     | add | fabric    | 0       |
|   add_ln447_675_fu_426723_p2                |     |        | add_ln447_675     | add | fabric    | 0       |
|   add_ln447_676_fu_426733_p2                |     |        | add_ln447_676     | add | fabric    | 0       |
|   add_ln447_677_fu_426743_p2                |     |        | add_ln447_677     | add | fabric    | 0       |
|   add_ln447_678_fu_426753_p2                |     |        | add_ln447_678     | add | fabric    | 0       |
|   add_ln447_679_fu_426763_p2                |     |        | add_ln447_679     | add | fabric    | 0       |
|   add_ln447_680_fu_426773_p2                |     |        | add_ln447_680     | add | fabric    | 0       |
|   add_ln447_681_fu_426783_p2                |     |        | add_ln447_681     | add | fabric    | 0       |
|   add_ln447_682_fu_426793_p2                |     |        | add_ln447_682     | add | fabric    | 0       |
|   add_ln447_683_fu_426803_p2                |     |        | add_ln447_683     | add | fabric    | 0       |
|   add_ln447_684_fu_426813_p2                |     |        | add_ln447_684     | add | fabric    | 0       |
|   add_ln447_685_fu_426823_p2                |     |        | add_ln447_685     | add | fabric    | 0       |
|   add_ln447_686_fu_426833_p2                |     |        | add_ln447_686     | add | fabric    | 0       |
|   add_ln447_687_fu_426843_p2                |     |        | add_ln447_687     | add | fabric    | 0       |
|   add_ln447_688_fu_426853_p2                |     |        | add_ln447_688     | add | fabric    | 0       |
|   add_ln447_689_fu_426863_p2                |     |        | add_ln447_689     | add | fabric    | 0       |
|   add_ln447_690_fu_426873_p2                |     |        | add_ln447_690     | add | fabric    | 0       |
|   add_ln447_691_fu_426879_p2                |     |        | add_ln447_691     | add | fabric    | 0       |
|   add_ln447_692_fu_426889_p2                |     |        | add_ln447_692     | add | fabric    | 0       |
|   add_ln447_693_fu_426899_p2                |     |        | add_ln447_693     | add | fabric    | 0       |
|   add_ln447_694_fu_426909_p2                |     |        | add_ln447_694     | add | fabric    | 0       |
|   add_ln447_695_fu_426919_p2                |     |        | add_ln447_695     | add | fabric    | 0       |
|   add_ln447_696_fu_426929_p2                |     |        | add_ln447_696     | add | fabric    | 0       |
|   add_ln447_697_fu_426939_p2                |     |        | add_ln447_697     | add | fabric    | 0       |
|   add_ln447_698_fu_426949_p2                |     |        | add_ln447_698     | add | fabric    | 0       |
|   add_ln447_699_fu_426959_p2                |     |        | add_ln447_699     | add | fabric    | 0       |
|   add_ln447_700_fu_426969_p2                |     |        | add_ln447_700     | add | fabric    | 0       |
|   add_ln447_701_fu_426979_p2                |     |        | add_ln447_701     | add | fabric    | 0       |
|   add_ln447_702_fu_426989_p2                |     |        | add_ln447_702     | add | fabric    | 0       |
|   add_ln447_703_fu_426999_p2                |     |        | add_ln447_703     | add | fabric    | 0       |
|   add_ln447_704_fu_427009_p2                |     |        | add_ln447_704     | add | fabric    | 0       |
|   add_ln447_705_fu_427019_p2                |     |        | add_ln447_705     | add | fabric    | 0       |
|   add_ln447_706_fu_427029_p2                |     |        | add_ln447_706     | add | fabric    | 0       |
|   add_ln447_707_fu_427039_p2                |     |        | add_ln447_707     | add | fabric    | 0       |
|   add_ln447_708_fu_427049_p2                |     |        | add_ln447_708     | add | fabric    | 0       |
|   add_ln447_709_fu_427059_p2                |     |        | add_ln447_709     | add | fabric    | 0       |
|   add_ln447_710_fu_427069_p2                |     |        | add_ln447_710     | add | fabric    | 0       |
|   add_ln447_711_fu_427079_p2                |     |        | add_ln447_711     | add | fabric    | 0       |
|   add_ln447_712_fu_427089_p2                |     |        | add_ln447_712     | add | fabric    | 0       |
|   add_ln447_713_fu_427099_p2                |     |        | add_ln447_713     | add | fabric    | 0       |
|   add_ln447_714_fu_427109_p2                |     |        | add_ln447_714     | add | fabric    | 0       |
|   add_ln447_715_fu_427119_p2                |     |        | add_ln447_715     | add | fabric    | 0       |
|   add_ln447_716_fu_427129_p2                |     |        | add_ln447_716     | add | fabric    | 0       |
|   add_ln447_717_fu_427139_p2                |     |        | add_ln447_717     | add | fabric    | 0       |
|   add_ln447_718_fu_427149_p2                |     |        | add_ln447_718     | add | fabric    | 0       |
|   add_ln447_719_fu_427159_p2                |     |        | add_ln447_719     | add | fabric    | 0       |
|   add_ln447_720_fu_427169_p2                |     |        | add_ln447_720     | add | fabric    | 0       |
|   add_ln447_721_fu_430193_p2                |     |        | add_ln447_721     | add | fabric    | 0       |
|   add_ln447_722_fu_430203_p2                |     |        | add_ln447_722     | add | fabric    | 0       |
|   add_ln447_723_fu_430213_p2                |     |        | add_ln447_723     | add | fabric    | 0       |
|   add_ln447_724_fu_427175_p2                |     |        | add_ln447_724     | add | fabric    | 0       |
|   add_ln447_725_fu_427185_p2                |     |        | add_ln447_725     | add | fabric    | 0       |
|   add_ln447_726_fu_427195_p2                |     |        | add_ln447_726     | add | fabric    | 0       |
|   add_ln447_727_fu_427205_p2                |     |        | add_ln447_727     | add | fabric    | 0       |
|   add_ln447_728_fu_427215_p2                |     |        | add_ln447_728     | add | fabric    | 0       |
|   add_ln447_729_fu_427225_p2                |     |        | add_ln447_729     | add | fabric    | 0       |
|   add_ln447_730_fu_427235_p2                |     |        | add_ln447_730     | add | fabric    | 0       |
|   add_ln447_731_fu_427245_p2                |     |        | add_ln447_731     | add | fabric    | 0       |
|   add_ln447_732_fu_427255_p2                |     |        | add_ln447_732     | add | fabric    | 0       |
|   add_ln447_733_fu_427265_p2                |     |        | add_ln447_733     | add | fabric    | 0       |
|   add_ln447_734_fu_427275_p2                |     |        | add_ln447_734     | add | fabric    | 0       |
|   add_ln447_735_fu_427285_p2                |     |        | add_ln447_735     | add | fabric    | 0       |
|   add_ln447_736_fu_427295_p2                |     |        | add_ln447_736     | add | fabric    | 0       |
|   add_ln447_737_fu_427305_p2                |     |        | add_ln447_737     | add | fabric    | 0       |
|   add_ln447_738_fu_427315_p2                |     |        | add_ln447_738     | add | fabric    | 0       |
|   add_ln447_739_fu_427325_p2                |     |        | add_ln447_739     | add | fabric    | 0       |
|   add_ln447_740_fu_427335_p2                |     |        | add_ln447_740     | add | fabric    | 0       |
|   add_ln447_741_fu_427345_p2                |     |        | add_ln447_741     | add | fabric    | 0       |
|   add_ln447_742_fu_427355_p2                |     |        | add_ln447_742     | add | fabric    | 0       |
|   add_ln447_743_fu_427365_p2                |     |        | add_ln447_743     | add | fabric    | 0       |
|   add_ln447_744_fu_427375_p2                |     |        | add_ln447_744     | add | fabric    | 0       |
|   add_ln447_745_fu_427385_p2                |     |        | add_ln447_745     | add | fabric    | 0       |
|   add_ln447_746_fu_427395_p2                |     |        | add_ln447_746     | add | fabric    | 0       |
|   add_ln447_747_fu_427405_p2                |     |        | add_ln447_747     | add | fabric    | 0       |
|   add_ln447_748_fu_427415_p2                |     |        | add_ln447_748     | add | fabric    | 0       |
|   add_ln447_749_fu_427425_p2                |     |        | add_ln447_749     | add | fabric    | 0       |
|   add_ln447_750_fu_427435_p2                |     |        | add_ln447_750     | add | fabric    | 0       |
|   add_ln447_751_fu_427445_p2                |     |        | add_ln447_751     | add | fabric    | 0       |
|   add_ln447_752_fu_427455_p2                |     |        | add_ln447_752     | add | fabric    | 0       |
|   add_ln447_753_fu_427461_p2                |     |        | add_ln447_753     | add | fabric    | 0       |
|   add_ln447_754_fu_427471_p2                |     |        | add_ln447_754     | add | fabric    | 0       |
|   add_ln447_755_fu_427481_p2                |     |        | add_ln447_755     | add | fabric    | 0       |
|   add_ln447_756_fu_427491_p2                |     |        | add_ln447_756     | add | fabric    | 0       |
|   add_ln447_757_fu_427501_p2                |     |        | add_ln447_757     | add | fabric    | 0       |
|   add_ln447_758_fu_427511_p2                |     |        | add_ln447_758     | add | fabric    | 0       |
|   add_ln447_759_fu_427521_p2                |     |        | add_ln447_759     | add | fabric    | 0       |
|   add_ln447_760_fu_427531_p2                |     |        | add_ln447_760     | add | fabric    | 0       |
|   add_ln447_761_fu_427541_p2                |     |        | add_ln447_761     | add | fabric    | 0       |
|   add_ln447_762_fu_427551_p2                |     |        | add_ln447_762     | add | fabric    | 0       |
|   add_ln447_763_fu_427561_p2                |     |        | add_ln447_763     | add | fabric    | 0       |
|   add_ln447_764_fu_427571_p2                |     |        | add_ln447_764     | add | fabric    | 0       |
|   add_ln447_765_fu_427581_p2                |     |        | add_ln447_765     | add | fabric    | 0       |
|   add_ln447_766_fu_427591_p2                |     |        | add_ln447_766     | add | fabric    | 0       |
|   add_ln447_767_fu_427601_p2                |     |        | add_ln447_767     | add | fabric    | 0       |
|   add_ln447_768_fu_427611_p2                |     |        | add_ln447_768     | add | fabric    | 0       |
|   add_ln447_769_fu_427621_p2                |     |        | add_ln447_769     | add | fabric    | 0       |
|   add_ln447_770_fu_427631_p2                |     |        | add_ln447_770     | add | fabric    | 0       |
|   add_ln447_771_fu_427641_p2                |     |        | add_ln447_771     | add | fabric    | 0       |
|   add_ln447_772_fu_427651_p2                |     |        | add_ln447_772     | add | fabric    | 0       |
|   add_ln447_773_fu_427661_p2                |     |        | add_ln447_773     | add | fabric    | 0       |
|   add_ln447_774_fu_427671_p2                |     |        | add_ln447_774     | add | fabric    | 0       |
|   add_ln447_775_fu_427681_p2                |     |        | add_ln447_775     | add | fabric    | 0       |
|   add_ln447_776_fu_427691_p2                |     |        | add_ln447_776     | add | fabric    | 0       |
|   add_ln447_777_fu_427701_p2                |     |        | add_ln447_777     | add | fabric    | 0       |
|   add_ln447_778_fu_427711_p2                |     |        | add_ln447_778     | add | fabric    | 0       |
|   add_ln447_779_fu_427721_p2                |     |        | add_ln447_779     | add | fabric    | 0       |
|   add_ln447_780_fu_427731_p2                |     |        | add_ln447_780     | add | fabric    | 0       |
|   add_ln447_781_fu_427741_p2                |     |        | add_ln447_781     | add | fabric    | 0       |
|   add_ln447_782_fu_430229_p2                |     |        | add_ln447_782     | add | fabric    | 0       |
|   add_ln447_783_fu_427747_p2                |     |        | add_ln447_783     | add | fabric    | 0       |
|   add_ln447_784_fu_427757_p2                |     |        | add_ln447_784     | add | fabric    | 0       |
|   add_ln447_785_fu_427767_p2                |     |        | add_ln447_785     | add | fabric    | 0       |
|   add_ln447_786_fu_427777_p2                |     |        | add_ln447_786     | add | fabric    | 0       |
|   add_ln447_787_fu_427787_p2                |     |        | add_ln447_787     | add | fabric    | 0       |
|   add_ln447_788_fu_427797_p2                |     |        | add_ln447_788     | add | fabric    | 0       |
|   add_ln447_789_fu_427807_p2                |     |        | add_ln447_789     | add | fabric    | 0       |
|   add_ln447_790_fu_427817_p2                |     |        | add_ln447_790     | add | fabric    | 0       |
|   add_ln447_791_fu_427827_p2                |     |        | add_ln447_791     | add | fabric    | 0       |
|   add_ln447_792_fu_427837_p2                |     |        | add_ln447_792     | add | fabric    | 0       |
|   add_ln447_793_fu_427847_p2                |     |        | add_ln447_793     | add | fabric    | 0       |
|   add_ln447_794_fu_427857_p2                |     |        | add_ln447_794     | add | fabric    | 0       |
|   add_ln447_795_fu_427867_p2                |     |        | add_ln447_795     | add | fabric    | 0       |
|   add_ln447_796_fu_427877_p2                |     |        | add_ln447_796     | add | fabric    | 0       |
|   add_ln447_797_fu_427887_p2                |     |        | add_ln447_797     | add | fabric    | 0       |
|   add_ln447_798_fu_427897_p2                |     |        | add_ln447_798     | add | fabric    | 0       |
|   add_ln447_799_fu_427907_p2                |     |        | add_ln447_799     | add | fabric    | 0       |
|   add_ln447_800_fu_427917_p2                |     |        | add_ln447_800     | add | fabric    | 0       |
|   add_ln447_801_fu_427927_p2                |     |        | add_ln447_801     | add | fabric    | 0       |
|   add_ln447_802_fu_427937_p2                |     |        | add_ln447_802     | add | fabric    | 0       |
|   add_ln447_803_fu_427947_p2                |     |        | add_ln447_803     | add | fabric    | 0       |
|   add_ln447_804_fu_427957_p2                |     |        | add_ln447_804     | add | fabric    | 0       |
|   add_ln447_805_fu_427967_p2                |     |        | add_ln447_805     | add | fabric    | 0       |
|   add_ln447_806_fu_427977_p2                |     |        | add_ln447_806     | add | fabric    | 0       |
|   add_ln447_807_fu_427987_p2                |     |        | add_ln447_807     | add | fabric    | 0       |
|   add_ln447_808_fu_427997_p2                |     |        | add_ln447_808     | add | fabric    | 0       |
|   add_ln447_809_fu_428007_p2                |     |        | add_ln447_809     | add | fabric    | 0       |
|   add_ln447_810_fu_428017_p2                |     |        | add_ln447_810     | add | fabric    | 0       |
|   add_ln447_811_fu_428027_p2                |     |        | add_ln447_811     | add | fabric    | 0       |
|   add_ln447_812_fu_428033_p2                |     |        | add_ln447_812     | add | fabric    | 0       |
|   add_ln447_813_fu_428043_p2                |     |        | add_ln447_813     | add | fabric    | 0       |
|   add_ln447_814_fu_428053_p2                |     |        | add_ln447_814     | add | fabric    | 0       |
|   add_ln447_815_fu_428063_p2                |     |        | add_ln447_815     | add | fabric    | 0       |
|   add_ln447_816_fu_428073_p2                |     |        | add_ln447_816     | add | fabric    | 0       |
|   add_ln447_817_fu_428083_p2                |     |        | add_ln447_817     | add | fabric    | 0       |
|   add_ln447_818_fu_428093_p2                |     |        | add_ln447_818     | add | fabric    | 0       |
|   add_ln447_819_fu_428103_p2                |     |        | add_ln447_819     | add | fabric    | 0       |
|   add_ln447_820_fu_428113_p2                |     |        | add_ln447_820     | add | fabric    | 0       |
|   add_ln447_821_fu_428123_p2                |     |        | add_ln447_821     | add | fabric    | 0       |
|   add_ln447_822_fu_428133_p2                |     |        | add_ln447_822     | add | fabric    | 0       |
|   add_ln447_823_fu_428143_p2                |     |        | add_ln447_823     | add | fabric    | 0       |
|   add_ln447_824_fu_428153_p2                |     |        | add_ln447_824     | add | fabric    | 0       |
|   add_ln447_825_fu_428163_p2                |     |        | add_ln447_825     | add | fabric    | 0       |
|   add_ln447_826_fu_428173_p2                |     |        | add_ln447_826     | add | fabric    | 0       |
|   add_ln447_827_fu_428183_p2                |     |        | add_ln447_827     | add | fabric    | 0       |
|   add_ln447_828_fu_428193_p2                |     |        | add_ln447_828     | add | fabric    | 0       |
|   add_ln447_829_fu_428203_p2                |     |        | add_ln447_829     | add | fabric    | 0       |
|   add_ln447_830_fu_428213_p2                |     |        | add_ln447_830     | add | fabric    | 0       |
|   add_ln447_831_fu_428223_p2                |     |        | add_ln447_831     | add | fabric    | 0       |
|   add_ln447_832_fu_428233_p2                |     |        | add_ln447_832     | add | fabric    | 0       |
|   add_ln447_833_fu_428243_p2                |     |        | add_ln447_833     | add | fabric    | 0       |
|   add_ln447_834_fu_428253_p2                |     |        | add_ln447_834     | add | fabric    | 0       |
|   add_ln447_835_fu_428263_p2                |     |        | add_ln447_835     | add | fabric    | 0       |
|   add_ln447_836_fu_428273_p2                |     |        | add_ln447_836     | add | fabric    | 0       |
|   add_ln447_837_fu_428283_p2                |     |        | add_ln447_837     | add | fabric    | 0       |
|   add_ln447_838_fu_428293_p2                |     |        | add_ln447_838     | add | fabric    | 0       |
|   add_ln447_839_fu_428303_p2                |     |        | add_ln447_839     | add | fabric    | 0       |
|   add_ln447_840_fu_428313_p2                |     |        | add_ln447_840     | add | fabric    | 0       |
|   add_ln447_841_fu_428323_p2                |     |        | add_ln447_841     | add | fabric    | 0       |
|   add_ln447_842_fu_430245_p2                |     |        | add_ln447_842     | add | fabric    | 0       |
|   add_ln447_843_fu_430255_p2                |     |        | add_ln447_843     | add | fabric    | 0       |
|   add_ln447_844_fu_428329_p2                |     |        | add_ln447_844     | add | fabric    | 0       |
|   add_ln447_845_fu_428339_p2                |     |        | add_ln447_845     | add | fabric    | 0       |
|   add_ln447_846_fu_428349_p2                |     |        | add_ln447_846     | add | fabric    | 0       |
|   add_ln447_847_fu_428359_p2                |     |        | add_ln447_847     | add | fabric    | 0       |
|   add_ln447_848_fu_428369_p2                |     |        | add_ln447_848     | add | fabric    | 0       |
|   add_ln447_849_fu_428379_p2                |     |        | add_ln447_849     | add | fabric    | 0       |
|   add_ln447_850_fu_428389_p2                |     |        | add_ln447_850     | add | fabric    | 0       |
|   add_ln447_851_fu_428399_p2                |     |        | add_ln447_851     | add | fabric    | 0       |
|   add_ln447_852_fu_428409_p2                |     |        | add_ln447_852     | add | fabric    | 0       |
|   add_ln447_853_fu_428419_p2                |     |        | add_ln447_853     | add | fabric    | 0       |
|   add_ln447_854_fu_428429_p2                |     |        | add_ln447_854     | add | fabric    | 0       |
|   add_ln447_855_fu_428439_p2                |     |        | add_ln447_855     | add | fabric    | 0       |
|   add_ln447_856_fu_428449_p2                |     |        | add_ln447_856     | add | fabric    | 0       |
|   add_ln447_857_fu_428459_p2                |     |        | add_ln447_857     | add | fabric    | 0       |
|   add_ln447_858_fu_428469_p2                |     |        | add_ln447_858     | add | fabric    | 0       |
|   add_ln447_859_fu_428479_p2                |     |        | add_ln447_859     | add | fabric    | 0       |
|   add_ln447_860_fu_428489_p2                |     |        | add_ln447_860     | add | fabric    | 0       |
|   add_ln447_861_fu_428499_p2                |     |        | add_ln447_861     | add | fabric    | 0       |
|   add_ln447_862_fu_428509_p2                |     |        | add_ln447_862     | add | fabric    | 0       |
|   add_ln447_863_fu_428519_p2                |     |        | add_ln447_863     | add | fabric    | 0       |
|   add_ln447_864_fu_428529_p2                |     |        | add_ln447_864     | add | fabric    | 0       |
|   add_ln447_865_fu_428539_p2                |     |        | add_ln447_865     | add | fabric    | 0       |
|   add_ln447_866_fu_428549_p2                |     |        | add_ln447_866     | add | fabric    | 0       |
|   add_ln447_867_fu_428559_p2                |     |        | add_ln447_867     | add | fabric    | 0       |
|   add_ln447_868_fu_428569_p2                |     |        | add_ln447_868     | add | fabric    | 0       |
|   add_ln447_869_fu_428579_p2                |     |        | add_ln447_869     | add | fabric    | 0       |
|   add_ln447_870_fu_428589_p2                |     |        | add_ln447_870     | add | fabric    | 0       |
|   add_ln447_871_fu_428599_p2                |     |        | add_ln447_871     | add | fabric    | 0       |
|   add_ln447_872_fu_428609_p2                |     |        | add_ln447_872     | add | fabric    | 0       |
|   add_ln447_873_fu_428615_p2                |     |        | add_ln447_873     | add | fabric    | 0       |
|   add_ln447_874_fu_428625_p2                |     |        | add_ln447_874     | add | fabric    | 0       |
|   add_ln447_875_fu_428635_p2                |     |        | add_ln447_875     | add | fabric    | 0       |
|   add_ln447_876_fu_428645_p2                |     |        | add_ln447_876     | add | fabric    | 0       |
|   add_ln447_877_fu_428655_p2                |     |        | add_ln447_877     | add | fabric    | 0       |
|   add_ln447_878_fu_428665_p2                |     |        | add_ln447_878     | add | fabric    | 0       |
|   add_ln447_879_fu_428675_p2                |     |        | add_ln447_879     | add | fabric    | 0       |
|   add_ln447_880_fu_428685_p2                |     |        | add_ln447_880     | add | fabric    | 0       |
|   add_ln447_881_fu_428695_p2                |     |        | add_ln447_881     | add | fabric    | 0       |
|   add_ln447_882_fu_428705_p2                |     |        | add_ln447_882     | add | fabric    | 0       |
|   add_ln447_883_fu_428715_p2                |     |        | add_ln447_883     | add | fabric    | 0       |
|   add_ln447_884_fu_428725_p2                |     |        | add_ln447_884     | add | fabric    | 0       |
|   add_ln447_885_fu_428735_p2                |     |        | add_ln447_885     | add | fabric    | 0       |
|   add_ln447_886_fu_428745_p2                |     |        | add_ln447_886     | add | fabric    | 0       |
|   add_ln447_887_fu_428755_p2                |     |        | add_ln447_887     | add | fabric    | 0       |
|   add_ln447_888_fu_428765_p2                |     |        | add_ln447_888     | add | fabric    | 0       |
|   add_ln447_889_fu_428775_p2                |     |        | add_ln447_889     | add | fabric    | 0       |
|   add_ln447_890_fu_428785_p2                |     |        | add_ln447_890     | add | fabric    | 0       |
|   add_ln447_891_fu_428795_p2                |     |        | add_ln447_891     | add | fabric    | 0       |
|   add_ln447_892_fu_428805_p2                |     |        | add_ln447_892     | add | fabric    | 0       |
|   add_ln447_893_fu_428815_p2                |     |        | add_ln447_893     | add | fabric    | 0       |
|   add_ln447_894_fu_428825_p2                |     |        | add_ln447_894     | add | fabric    | 0       |
|   add_ln447_895_fu_428835_p2                |     |        | add_ln447_895     | add | fabric    | 0       |
|   add_ln447_896_fu_428845_p2                |     |        | add_ln447_896     | add | fabric    | 0       |
|   add_ln447_897_fu_428855_p2                |     |        | add_ln447_897     | add | fabric    | 0       |
|   add_ln447_898_fu_428865_p2                |     |        | add_ln447_898     | add | fabric    | 0       |
|   add_ln447_899_fu_428875_p2                |     |        | add_ln447_899     | add | fabric    | 0       |
|   add_ln447_900_fu_428885_p2                |     |        | add_ln447_900     | add | fabric    | 0       |
|   add_ln447_901_fu_428895_p2                |     |        | add_ln447_901     | add | fabric    | 0       |
|   add_ln447_902_fu_430271_p2                |     |        | add_ln447_902     | add | fabric    | 0       |
|   add_ln447_903_fu_428901_p2                |     |        | add_ln447_903     | add | fabric    | 0       |
|   add_ln447_904_fu_428911_p2                |     |        | add_ln447_904     | add | fabric    | 0       |
|   add_ln447_905_fu_428921_p2                |     |        | add_ln447_905     | add | fabric    | 0       |
|   add_ln447_906_fu_428931_p2                |     |        | add_ln447_906     | add | fabric    | 0       |
|   add_ln447_907_fu_428941_p2                |     |        | add_ln447_907     | add | fabric    | 0       |
|   add_ln447_908_fu_428951_p2                |     |        | add_ln447_908     | add | fabric    | 0       |
|   add_ln447_909_fu_428961_p2                |     |        | add_ln447_909     | add | fabric    | 0       |
|   add_ln447_910_fu_428971_p2                |     |        | add_ln447_910     | add | fabric    | 0       |
|   add_ln447_911_fu_428981_p2                |     |        | add_ln447_911     | add | fabric    | 0       |
|   add_ln447_912_fu_428991_p2                |     |        | add_ln447_912     | add | fabric    | 0       |
|   add_ln447_913_fu_429001_p2                |     |        | add_ln447_913     | add | fabric    | 0       |
|   add_ln447_914_fu_429011_p2                |     |        | add_ln447_914     | add | fabric    | 0       |
|   add_ln447_915_fu_429021_p2                |     |        | add_ln447_915     | add | fabric    | 0       |
|   add_ln447_916_fu_429031_p2                |     |        | add_ln447_916     | add | fabric    | 0       |
|   add_ln447_917_fu_429041_p2                |     |        | add_ln447_917     | add | fabric    | 0       |
|   add_ln447_918_fu_429051_p2                |     |        | add_ln447_918     | add | fabric    | 0       |
|   add_ln447_919_fu_429061_p2                |     |        | add_ln447_919     | add | fabric    | 0       |
|   add_ln447_920_fu_429071_p2                |     |        | add_ln447_920     | add | fabric    | 0       |
|   add_ln447_921_fu_429081_p2                |     |        | add_ln447_921     | add | fabric    | 0       |
|   add_ln447_922_fu_429091_p2                |     |        | add_ln447_922     | add | fabric    | 0       |
|   add_ln447_923_fu_429101_p2                |     |        | add_ln447_923     | add | fabric    | 0       |
|   add_ln447_924_fu_429111_p2                |     |        | add_ln447_924     | add | fabric    | 0       |
|   add_ln447_925_fu_429121_p2                |     |        | add_ln447_925     | add | fabric    | 0       |
|   add_ln447_926_fu_429131_p2                |     |        | add_ln447_926     | add | fabric    | 0       |
|   add_ln447_927_fu_429141_p2                |     |        | add_ln447_927     | add | fabric    | 0       |
|   add_ln447_928_fu_429151_p2                |     |        | add_ln447_928     | add | fabric    | 0       |
|   add_ln447_929_fu_429161_p2                |     |        | add_ln447_929     | add | fabric    | 0       |
|   add_ln447_930_fu_429171_p2                |     |        | add_ln447_930     | add | fabric    | 0       |
|   add_ln447_931_fu_429181_p2                |     |        | add_ln447_931     | add | fabric    | 0       |
|   add_ln447_932_fu_429187_p2                |     |        | add_ln447_932     | add | fabric    | 0       |
|   add_ln447_933_fu_429197_p2                |     |        | add_ln447_933     | add | fabric    | 0       |
|   add_ln447_934_fu_429207_p2                |     |        | add_ln447_934     | add | fabric    | 0       |
|   add_ln447_935_fu_429217_p2                |     |        | add_ln447_935     | add | fabric    | 0       |
|   add_ln447_936_fu_429227_p2                |     |        | add_ln447_936     | add | fabric    | 0       |
|   add_ln447_937_fu_429237_p2                |     |        | add_ln447_937     | add | fabric    | 0       |
|   add_ln447_938_fu_429247_p2                |     |        | add_ln447_938     | add | fabric    | 0       |
|   add_ln447_939_fu_429257_p2                |     |        | add_ln447_939     | add | fabric    | 0       |
|   add_ln447_940_fu_429267_p2                |     |        | add_ln447_940     | add | fabric    | 0       |
|   add_ln447_941_fu_429277_p2                |     |        | add_ln447_941     | add | fabric    | 0       |
|   add_ln447_942_fu_429287_p2                |     |        | add_ln447_942     | add | fabric    | 0       |
|   add_ln447_943_fu_429297_p2                |     |        | add_ln447_943     | add | fabric    | 0       |
|   add_ln447_944_fu_429307_p2                |     |        | add_ln447_944     | add | fabric    | 0       |
|   add_ln447_945_fu_429317_p2                |     |        | add_ln447_945     | add | fabric    | 0       |
|   add_ln447_946_fu_429327_p2                |     |        | add_ln447_946     | add | fabric    | 0       |
|   add_ln447_947_fu_429337_p2                |     |        | add_ln447_947     | add | fabric    | 0       |
|   add_ln447_948_fu_429347_p2                |     |        | add_ln447_948     | add | fabric    | 0       |
|   add_ln447_949_fu_429357_p2                |     |        | add_ln447_949     | add | fabric    | 0       |
|   add_ln447_950_fu_429367_p2                |     |        | add_ln447_950     | add | fabric    | 0       |
|   add_ln447_951_fu_429377_p2                |     |        | add_ln447_951     | add | fabric    | 0       |
|   add_ln447_952_fu_429387_p2                |     |        | add_ln447_952     | add | fabric    | 0       |
|   add_ln447_953_fu_429397_p2                |     |        | add_ln447_953     | add | fabric    | 0       |
|   add_ln447_954_fu_429407_p2                |     |        | add_ln447_954     | add | fabric    | 0       |
|   add_ln447_955_fu_429417_p2                |     |        | add_ln447_955     | add | fabric    | 0       |
|   add_ln447_956_fu_429427_p2                |     |        | add_ln447_956     | add | fabric    | 0       |
|   add_ln447_957_fu_429437_p2                |     |        | add_ln447_957     | add | fabric    | 0       |
|   add_ln447_958_fu_429447_p2                |     |        | add_ln447_958     | add | fabric    | 0       |
|   add_ln447_959_fu_429457_p2                |     |        | add_ln447_959     | add | fabric    | 0       |
|   add_ln447_960_fu_429467_p2                |     |        | add_ln447_960     | add | fabric    | 0       |
|   add_ln447_961_fu_429477_p2                |     |        | add_ln447_961     | add | fabric    | 0       |
|   add_ln447_962_fu_430287_p2                |     |        | add_ln447_962     | add | fabric    | 0       |
|   add_ln447_963_fu_430297_p2                |     |        | add_ln447_963     | add | fabric    | 0       |
|   add_ln447_964_fu_430307_p2                |     |        | add_ln447_964     | add | fabric    | 0       |
|   A_sum_1_fu_430317_p2                      |     |        | A_sum_1           | add | fabric    | 0       |
|   add_ln457_fu_429483_p2                    |     |        | add_ln457         | add | fabric    | 0       |
|   add_ln457_1_fu_429513_p2                  |     |        | add_ln457_1       | add | fabric    | 0       |
|   add_ln457_2_fu_429523_p2                  |     |        | add_ln457_2       | add | fabric    | 0       |
|   add_ln457_3_fu_429533_p2                  |     |        | add_ln457_3       | add | fabric    | 0       |
|   add_ln457_4_fu_429543_p2                  |     |        | add_ln457_4       | add | fabric    | 0       |
|   add_ln457_5_fu_429553_p2                  |     |        | add_ln457_5       | add | fabric    | 0       |
|   add_ln457_6_fu_429563_p2                  |     |        | add_ln457_6       | add | fabric    | 0       |
|   add_ln457_7_fu_429573_p2                  |     |        | add_ln457_7       | add | fabric    | 0       |
|   add_ln457_8_fu_429583_p2                  |     |        | add_ln457_8       | add | fabric    | 0       |
|   add_ln457_9_fu_429593_p2                  |     |        | add_ln457_9       | add | fabric    | 0       |
|   add_ln457_10_fu_429603_p2                 |     |        | add_ln457_10      | add | fabric    | 0       |
|   add_ln457_11_fu_429613_p2                 |     |        | add_ln457_11      | add | fabric    | 0       |
|   add_ln457_12_fu_429623_p2                 |     |        | add_ln457_12      | add | fabric    | 0       |
|   add_ln457_13_fu_429633_p2                 |     |        | add_ln457_13      | add | fabric    | 0       |
|   add_ln457_14_fu_429643_p2                 |     |        | add_ln457_14      | add | fabric    | 0       |
|   add_ln457_15_fu_429653_p2                 |     |        | add_ln457_15      | add | fabric    | 0       |
|   add_ln457_16_fu_429663_p2                 |     |        | add_ln457_16      | add | fabric    | 0       |
|   add_ln457_17_fu_429673_p2                 |     |        | add_ln457_17      | add | fabric    | 0       |
|   add_ln457_18_fu_429683_p2                 |     |        | add_ln457_18      | add | fabric    | 0       |
|   add_ln457_19_fu_429693_p2                 |     |        | add_ln457_19      | add | fabric    | 0       |
|   A_trace_fu_429703_p2                      |     |        | A_trace           | add | fabric    | 0       |
|   add_ln457_21_fu_429709_p2                 |     |        | add_ln457_21      | add | fabric    | 0       |
|   add_ln457_22_fu_429739_p2                 |     |        | add_ln457_22      | add | fabric    | 0       |
|   add_ln457_23_fu_429749_p2                 |     |        | add_ln457_23      | add | fabric    | 0       |
|   add_ln457_24_fu_429759_p2                 |     |        | add_ln457_24      | add | fabric    | 0       |
|   add_ln457_25_fu_429769_p2                 |     |        | add_ln457_25      | add | fabric    | 0       |
|   add_ln457_26_fu_429779_p2                 |     |        | add_ln457_26      | add | fabric    | 0       |
|   add_ln457_27_fu_429789_p2                 |     |        | add_ln457_27      | add | fabric    | 0       |
|   add_ln457_28_fu_429799_p2                 |     |        | add_ln457_28      | add | fabric    | 0       |
|   add_ln457_29_fu_429809_p2                 |     |        | add_ln457_29      | add | fabric    | 0       |
|   add_ln457_30_fu_429819_p2                 |     |        | add_ln457_30      | add | fabric    | 0       |
|   add_ln457_31_fu_429829_p2                 |     |        | add_ln457_31      | add | fabric    | 0       |
|   add_ln457_32_fu_429839_p2                 |     |        | add_ln457_32      | add | fabric    | 0       |
|   add_ln457_33_fu_429849_p2                 |     |        | add_ln457_33      | add | fabric    | 0       |
|   add_ln457_34_fu_429859_p2                 |     |        | add_ln457_34      | add | fabric    | 0       |
|   add_ln457_35_fu_429869_p2                 |     |        | add_ln457_35      | add | fabric    | 0       |
|   add_ln457_36_fu_429879_p2                 |     |        | add_ln457_36      | add | fabric    | 0       |
|   add_ln457_37_fu_429889_p2                 |     |        | add_ln457_37      | add | fabric    | 0       |
|   add_ln457_38_fu_429899_p2                 |     |        | add_ln457_38      | add | fabric    | 0       |
|   add_ln457_39_fu_429909_p2                 |     |        | add_ln457_39      | add | fabric    | 0       |
|   add_ln457_40_fu_429919_p2                 |     |        | add_ln457_40      | add | fabric    | 0       |
|   A_trace_1_fu_429929_p2                    |     |        | A_trace_1         | add | fabric    | 0       |
|   mul_14ns_34ns_47_1_1_U6                   | 2   |        | mul_ln470         | mul | auto      | 0       |
|   mul_9ns_32s_41_1_1_U2                     | 2   |        | mul_ln470_1       | mul | auto      | 0       |
|   add_ln470_fu_430417_p2                    |     |        | add_ln470         | add | fabric    | 0       |
|   mul_48s_25ns_72_1_1_U10                   | 3   |        | mul_ln470_2       | mul | auto      | 0       |
|   add_ln470_1_fu_430956_p2                  |     |        | add_ln470_1       | add | fabric    | 0       |
|   mul_10ns_34ns_43_1_1_U4                   | 2   |        | mul_ln471         | mul | auto      | 0       |
|   mul_5ns_32s_37_1_1_U354                   | 2   |        | mul_ln471_1       | mul | auto      | 0       |
|   add_ln471_fu_430355_p2                    |     |        | add_ln471         | add | fabric    | 0       |
|   mul_44s_31ns_73_1_1_U8                    | 4   |        | mul_ln471_2       | mul | auto      | 0       |
|   add_ln471_1_fu_430604_p2                  |     |        | add_ln471_1       | add | fabric    | 0       |
|   mul_14ns_32ns_45_1_1_U5                   | 2   |        | mul_ln470_3       | mul | auto      | 0       |
|   mul_9ns_30s_39_1_1_U1                     | 2   |        | mul_ln470_4       | mul | auto      | 0       |
|   add_ln470_2_fu_430497_p2                  |     |        | add_ln470_2       | add | fabric    | 0       |
|   mul_46s_25ns_71_1_1_U9                    | 3   |        | mul_ln470_5       | mul | auto      | 0       |
|   add_ln470_3_fu_431144_p2                  |     |        | add_ln470_3       | add | fabric    | 0       |
|   mul_10ns_32ns_41_1_1_U3                   | 2   |        | mul_ln471_3       | mul | auto      | 0       |
|   mul_5ns_30s_35_1_1_U355                   | 2   |        | mul_ln471_4       | mul | auto      | 0       |
|   add_ln471_2_fu_430383_p2                  |     |        | add_ln471_2       | add | fabric    | 0       |
|   mul_41s_31ns_71_1_1_U7                    | 4   |        | mul_ln471_5       | mul | auto      | 0       |
|   add_ln471_3_fu_430802_p2                  |     |        | add_ln471_3       | add | fabric    | 0       |
|   mac_muladd_6s_6s_10s_12_1_1_U865          | 1   |        | mul_ln493         | mul | dsp_slice | 0       |
|   add_ln493_fu_431264_p2                    |     |        | add_ln493         | add | fabric    | 0       |
|   mac_muladd_6s_6s_10s_12_1_1_U865          | 1   |        | tmp6159           | add | dsp_slice | 0       |
|   tmp9836923_fu_431304_p2                   |     |        | tmp9836923        | add | fabric    | 0       |
|   mul_6s_6s_11_1_1_U356                     |     |        | mul_ln493_1       | mul | auto      | 0       |
|   add_ln493_2_fu_431337_p2                  |     |        | add_ln493_2       | add | fabric    | 0       |
|   add_ln493_1_fu_431347_p2                  |     |        | add_ln493_1       | add | fabric    | 0       |
|   add_ln575_fu_431395_p2                    |     |        | add_ln575         | add | fabric    | 0       |
+---------------------------------------------+-----+--------+-------------------+-----+-----------+---------+


================================================================
== Storage Report
================================================================
  No bind storage info in design

================================================================
== Pragma Report
================================================================
* Valid Pragma Syntax
+-----------------+----------------------------------------------+------------------------------------------------------------------------+
| Type            | Options                                      | Location                                                               |
+-----------------+----------------------------------------------+------------------------------------------------------------------------+
| array_reshape   | variable=model_input complete dim=0          | firmware/nPELICAN.cpp:67 in npelican, model_input                      |
| array_reshape   | variable=beam_input complete dim=0           | firmware/nPELICAN.cpp:68 in npelican, beam_input                       |
| array_partition | variable=model_out complete dim=0            | firmware/nPELICAN.cpp:69 in npelican, model_out                        |
| interface       | ap_vld port=model_input,beam_input,model_out | firmware/nPELICAN.cpp:70 in npelican, model_input,beam_input,model_out |
| pipeline        | II=1                                         | firmware/nPELICAN.cpp:72 in npelican                                   |
| array_partition | variable=batch1_2to2 complete dim=0          | firmware/nPELICAN.cpp:75 in npelican, batch1_2to2                      |
| array_partition | variable=w1_2to2 complete dim=0              | firmware/nPELICAN.cpp:76 in npelican, w1_2to2                          |
| array_partition | variable=b1_2to2 complete dim=0              | firmware/nPELICAN.cpp:77 in npelican, b1_2to2                          |
| array_partition | variable=b1_diag_2to2 complete dim=0         | firmware/nPELICAN.cpp:78 in npelican, b1_diag_2to2                     |
| array_partition | variable=b1_diag_total_2to2 complete dim=0   | firmware/nPELICAN.cpp:79 in npelican, b1_diag_total_2to2               |
| array_partition | variable=batch2_2to0 complete dim=0          | firmware/nPELICAN.cpp:80 in npelican, batch2_2to0                      |
| array_partition | variable=w2_2to0 complete dim=0              | firmware/nPELICAN.cpp:81 in npelican, w2_2to0                          |
| array_partition | variable=b2_2to0 complete dim=0              | firmware/nPELICAN.cpp:82 in npelican, b2_2to0                          |
| array_partition | variable=bn1_t0_rom complete dim=0           | firmware/nPELICAN.cpp:84 in npelican, bn1_t0_rom                       |
| array_partition | variable=nobjmask complete dim=0             | firmware/nPELICAN.cpp:100 in npelican, nobjmask                        |
| array_partition | variable=dots complete dim=0                 | firmware/nPELICAN.cpp:113 in npelican, dots                            |
| array_partition | variable=p1 complete dim=0                   | firmware/nPELICAN.cpp:115 in npelican, p1                              |
| unroll          |                                              | firmware/nPELICAN.cpp:117 in npelican                                  |
| unroll          |                                              | firmware/nPELICAN.cpp:119 in npelican                                  |
| unroll          |                                              | firmware/nPELICAN.cpp:144 in npelican                                  |
| unroll          |                                              | firmware/nPELICAN.cpp:146 in npelican                                  |
| array_partition | variable=xi complete dim=0                   | firmware/nPELICAN.cpp:172 in npelican, xi                              |
| array_partition | variable=eta complete dim=0                  | firmware/nPELICAN.cpp:173 in npelican, eta                             |
| unroll          |                                              | firmware/nPELICAN.cpp:175 in npelican                                  |
| unroll          |                                              | firmware/nPELICAN.cpp:187 in npelican                                  |
| unroll          |                                              | firmware/nPELICAN.cpp:189 in npelican                                  |
| array_partition | variable=rowsum complete dim=0               | firmware/nPELICAN.cpp:264 in npelican, rowsum                          |
| unroll          |                                              | firmware/nPELICAN.cpp:266 in npelican                                  |
| unroll          |                                              | firmware/nPELICAN.cpp:273 in npelican                                  |
| unroll          |                                              | firmware/nPELICAN.cpp:275 in npelican                                  |
| unroll          |                                              | firmware/nPELICAN.cpp:280 in npelican                                  |
| array_partition | variable=jdotp complete dim=0                | firmware/nPELICAN.cpp:287 in npelican, jdotp                           |
| unroll          |                                              | firmware/nPELICAN.cpp:289 in npelican                                  |
| array_partition | variable=T complete dim=0                    | firmware/nPELICAN.cpp:297 in npelican, T                               |
| unroll          |                                              | firmware/nPELICAN.cpp:299 in npelican                                  |
| unroll          |                                              | firmware/nPELICAN.cpp:301 in npelican                                  |
| unroll          |                                              | firmware/nPELICAN.cpp:303 in npelican                                  |
| unroll          |                                              | firmware/nPELICAN.cpp:312 in npelican                                  |
| unroll          |                                              | firmware/nPELICAN.cpp:314 in npelican                                  |
| unroll          |                                              | firmware/nPELICAN.cpp:329 in npelican                                  |
| unroll          |                                              | firmware/nPELICAN.cpp:331 in npelican                                  |
| unroll          |                                              | firmware/nPELICAN.cpp:339 in npelican                                  |
| array_partition | variable=Tp complete dim=0                   | firmware/nPELICAN.cpp:347 in npelican, Tp                              |
| unroll          |                                              | firmware/nPELICAN.cpp:362 in npelican                                  |
| unroll          |                                              | firmware/nPELICAN.cpp:364 in npelican                                  |
| unroll          |                                              | firmware/nPELICAN.cpp:366 in npelican                                  |
| unroll          |                                              | firmware/nPELICAN.cpp:374 in npelican                                  |
| unroll          |                                              | firmware/nPELICAN.cpp:376 in npelican                                  |
| unroll          |                                              | firmware/nPELICAN.cpp:378 in npelican                                  |
| unroll          |                                              | firmware/nPELICAN.cpp:380 in npelican                                  |
| array_partition | variable=Tp_q complete dim=0                 | firmware/nPELICAN.cpp:389 in npelican, Tp_q                            |
| unroll          |                                              | firmware/nPELICAN.cpp:394 in npelican                                  |
| unroll          |                                              | firmware/nPELICAN.cpp:396 in npelican                                  |
| unroll          |                                              | firmware/nPELICAN.cpp:398 in npelican                                  |
| array_partition | variable=bn2_beta complete dim=0             | firmware/nPELICAN.cpp:423 in npelican, bn2_beta                        |
| unroll          |                                              | firmware/nPELICAN.cpp:425 in npelican                                  |
| array_partition | variable=A_sum complete dim=0                | firmware/nPELICAN.cpp:432 in npelican, A_sum                           |
| array_partition | variable=A_trace complete dim=0              | firmware/nPELICAN.cpp:433 in npelican, A_trace                         |
| unroll          |                                              | firmware/nPELICAN.cpp:435 in npelican                                  |
| unroll          |                                              | firmware/nPELICAN.cpp:442 in npelican                                  |
| unroll          |                                              | firmware/nPELICAN.cpp:444 in npelican                                  |
| unroll          |                                              | firmware/nPELICAN.cpp:446 in npelican                                  |
| unroll          |                                              | firmware/nPELICAN.cpp:454 in npelican                                  |
| unroll          |                                              | firmware/nPELICAN.cpp:456 in npelican                                  |
| array_partition | variable=R complete dim=0                    | firmware/nPELICAN.cpp:467 in npelican, R                               |
| unroll          |                                              | firmware/nPELICAN.cpp:469 in npelican                                  |
| array_partition | variable=Rp complete dim=0                   | firmware/nPELICAN.cpp:477 in npelican, Rp                              |
| unroll          |                                              | firmware/nPELICAN.cpp:482 in npelican                                  |
| unroll          |                                              | firmware/nPELICAN.cpp:488 in npelican                                  |
| unroll          |                                              | firmware/nPELICAN.cpp:490 in npelican                                  |
| unroll          |                                              | firmware/nPELICAN.cpp:492 in npelican                                  |
+-----------------+----------------------------------------------+------------------------------------------------------------------------+


