

================================================================
== Synthesis Summary Report of 'nPELICAN'
================================================================
+ General Information: 
    * Date:           Sat Aug 22 01:50:30 2026
    * Version:        2023.2 (Build 4023990 on Oct 11 2023)
    * Project:        nPELICAN_prj
    * Solution:       solution (Vivado IP Flow Target)
    * Product family: virtexuplus
    * Target device:  xcu250-figd2104-2L-e
    

+ Performance & Resource Estimates: 
    
    PS: '+' for module; 'o' for loop; '*' for dataflow
    +------------+--------+-------+---------+--------+----------+---------+------+----------+------+----------+------------+-------------+-----+
    |   Modules  |  Issue |       | Latency | Latency| Iteration|         | Trip |          |      |          |            |             |     |
    |   & Loops  |  Type  | Slack | (cycles)|  (ns)  |  Latency | Interval| Count| Pipelined| BRAM |    DSP   |     FF     |     LUT     | URAM|
    +------------+--------+-------+---------+--------+----------+---------+------+----------+------+----------+------------+-------------+-----+
    |+ nPELICAN  |  Timing|  -0.00|       15|  75.000|         -|        1|     -|       yes|     -|  945 (7%)|  37844 (1%)|  164172 (9%)|    -|
    +------------+--------+-------+---------+--------+----------+---------+------+----------+------+----------+------------+-------------+-----+


================================================================
== HW Interfaces
================================================================
* Other Ports
+-------------+---------+-----------+----------+
| Port        | Mode    | Direction | Bitwidth |
+-------------+---------+-----------+----------+
| beam_input  | ap_vld  | in        | 96       |
| model_input | ap_vld  | in        | 768      |
| model_out   | ap_vld  | out       | 6        |
| nobj        | ap_none | in        | 5        |
+-------------+---------+-----------+----------+

* TOP LEVEL CONTROL
+-----------+------------+-----------------------------------+
| Interface | Type       | Ports                             |
+-----------+------------+-----------------------------------+
| ap_clk    | clock      | ap_clk                            |
| ap_rst    | reset      | ap_rst                            |
| ap_ctrl   | ap_ctrl_hs | ap_done ap_idle ap_ready ap_start |
+-----------+------------+-----------------------------------+


================================================================
== SW I/O Information
================================================================
* Top Function Arguments
+-------------+-----------+-------------------------------------------+
| Argument    | Direction | Datatype                                  |
+-------------+-----------+-------------------------------------------+
| model_input | in        | ap_fixed<12, 10, AP_RND_CONV, AP_SAT, 0>* |
| beam_input  | in        | ap_fixed<12, 10, AP_RND_CONV, AP_SAT, 0>* |
| nobj        | in        | ap_uint<5>                                |
| model_out   | out       | ap_fixed<6, 3, AP_RND_CONV, AP_SAT, 0>*   |
+-------------+-----------+-------------------------------------------+

* SW-to-HW Mapping
+-------------+--------------------+---------+
| Argument    | HW Interface       | HW Type |
+-------------+--------------------+---------+
| model_input | model_input_ap_vld | port    |
| model_input | model_input        | port    |
| beam_input  | beam_input_ap_vld  | port    |
| beam_input  | beam_input         | port    |
| nobj        | nobj               | port    |
| model_out   | model_out          | port    |
| model_out   | model_out_ap_vld   | port    |
+-------------+--------------------+---------+


================================================================
== Bind Op Report
================================================================
+-----------------------------------------+-----+--------+----------------+-----+-----------+---------+
| Name                                    | DSP | Pragma | Variable       | Op  | Impl      | Latency |
+-----------------------------------------+-----+--------+----------------+-----+-----------+---------+
| + nPELICAN                              | 945 |        |                |     |           |         |
|   nobj_1_fu_641_p2                      |     |        | nobj_1         | add | fabric    | 0       |
|   mul_12s_12s_24_1_1_U5                 | 1   |        | mul_ln40       | mul | auto      | 0       |
|   mac_mulsub_12s_12s_24s_24_1_1_U523    | 1   |        | mul_ln40_1     | mul | dsp_slice | 0       |
|   mac_mulsub_12s_12s_24s_24_1_1_U523    | 1   |        | sub_ln40       | sub | dsp_slice | 0       |
|   mac_mulsub_12s_12s_24s_25_1_1_U694    | 1   |        | mul_ln40_2     | mul | dsp_slice | 0       |
|   mac_mulsub_12s_12s_24s_25_1_1_U694    | 1   |        | sub_ln40_1     | sub | dsp_slice | 0       |
|   mac_mulsub_12s_12s_25s_25_1_1_U865    | 1   |        | mul_ln40_3     | mul | dsp_slice | 0       |
|   mac_mulsub_12s_12s_25s_25_1_1_U865    | 1   |        | sub_ln40_2     | sub | dsp_slice | 0       |
|   add_ln40_fu_3800_p2                   |     |        | add_ln40       | add | fabric    | 0       |
|   mul_12s_12s_24_1_1_U6                 | 1   |        | mul_ln40_4     | mul | auto      | 0       |
|   mac_mulsub_12s_12s_24s_24_1_1_U524    | 1   |        | mul_ln40_5     | mul | dsp_slice | 0       |
|   mac_mulsub_12s_12s_24s_24_1_1_U524    | 1   |        | sub_ln40_3     | sub | dsp_slice | 0       |
|   mac_mulsub_12s_12s_24s_25_1_1_U695    | 1   |        | mul_ln40_6     | mul | dsp_slice | 0       |
|   mac_mulsub_12s_12s_24s_25_1_1_U695    | 1   |        | sub_ln40_4     | sub | dsp_slice | 0       |
|   mac_mulsub_12s_12s_25s_25_1_1_U866    | 1   |        | mul_ln40_7     | mul | dsp_slice | 0       |
|   mac_mulsub_12s_12s_25s_25_1_1_U866    | 1   |        | sub_ln40_5     | sub | dsp_slice | 0       |
|   add_ln40_1_fu_4009_p2                 |     |        | add_ln40_1     | add | fabric    | 0       |
|   mul_12s_12s_24_1_1_U7                 | 1   |        | mul_ln40_8     | mul | auto      | 0       |
|   mac_mulsub_12s_12s_24s_24_1_1_U525    | 1   |        | mul_ln40_9     | mul | dsp_slice | 0       |
|   mac_mulsub_12s_12s_24s_24_1_1_U525    | 1   |        | sub_ln40_6     | sub | dsp_slice | 0       |
|   mac_mulsub_12s_12s_24s_25_1_1_U696    | 1   |        | mul_ln40_10    | mul | dsp_slice | 0       |
|   mac_mulsub_12s_12s_24s_25_1_1_U696    | 1   |        | sub_ln40_7     | sub | dsp_slice | 0       |
|   mac_mulsub_12s_12s_25s_25_1_1_U867    | 1   |        | mul_ln40_11    | mul | dsp_slice | 0       |
|   mac_mulsub_12s_12s_25s_25_1_1_U867    | 1   |        | sub_ln40_8     | sub | dsp_slice | 0       |
|   add_ln40_2_fu_4218_p2                 |     |        | add_ln40_2     | add | fabric    | 0       |
|   mul_12s_12s_24_1_1_U8                 | 1   |        | mul_ln40_12    | mul | auto      | 0       |
|   mac_mulsub_12s_12s_24s_24_1_1_U526    | 1   |        | mul_ln40_13    | mul | dsp_slice | 0       |
|   mac_mulsub_12s_12s_24s_24_1_1_U526    | 1   |        | sub_ln40_9     | sub | dsp_slice | 0       |
|   mac_mulsub_12s_12s_24s_25_1_1_U697    | 1   |        | mul_ln40_14    | mul | dsp_slice | 0       |
|   mac_mulsub_12s_12s_24s_25_1_1_U697    | 1   |        | sub_ln40_10    | sub | dsp_slice | 0       |
|   mac_mulsub_12s_12s_25s_25_1_1_U868    | 1   |        | mul_ln40_15    | mul | dsp_slice | 0       |
|   mac_mulsub_12s_12s_25s_25_1_1_U868    | 1   |        | sub_ln40_11    | sub | dsp_slice | 0       |
|   add_ln40_3_fu_4427_p2                 |     |        | add_ln40_3     | add | fabric    | 0       |
|   mul_12s_12s_24_1_1_U9                 | 1   |        | mul_ln40_16    | mul | auto      | 0       |
|   mac_mulsub_12s_12s_24s_24_1_1_U527    | 1   |        | mul_ln40_17    | mul | dsp_slice | 0       |
|   mac_mulsub_12s_12s_24s_24_1_1_U527    | 1   |        | sub_ln40_12    | sub | dsp_slice | 0       |
|   mac_mulsub_12s_12s_24s_25_1_1_U698    | 1   |        | mul_ln40_18    | mul | dsp_slice | 0       |
|   mac_mulsub_12s_12s_24s_25_1_1_U698    | 1   |        | sub_ln40_13    | sub | dsp_slice | 0       |
|   mac_mulsub_12s_12s_25s_25_1_1_U869    | 1   |        | mul_ln40_19    | mul | dsp_slice | 0       |
|   mac_mulsub_12s_12s_25s_25_1_1_U869    | 1   |        | sub_ln40_14    | sub | dsp_slice | 0       |
|   add_ln40_4_fu_4636_p2                 |     |        | add_ln40_4     | add | fabric    | 0       |
|   mul_12s_12s_24_1_1_U10                | 1   |        | mul_ln40_20    | mul | auto      | 0       |
|   mac_mulsub_12s_12s_24s_24_1_1_U528    | 1   |        | mul_ln40_21    | mul | dsp_slice | 0       |
|   mac_mulsub_12s_12s_24s_24_1_1_U528    | 1   |        | sub_ln40_15    | sub | dsp_slice | 0       |
|   mac_mulsub_12s_12s_24s_25_1_1_U699    | 1   |        | mul_ln40_22    | mul | dsp_slice | 0       |
|   mac_mulsub_12s_12s_24s_25_1_1_U699    | 1   |        | sub_ln40_16    | sub | dsp_slice | 0       |
|   mac_mulsub_12s_12s_25s_25_1_1_U870    | 1   |        | mul_ln40_23    | mul | dsp_slice | 0       |
|   mac_mulsub_12s_12s_25s_25_1_1_U870    | 1   |        | sub_ln40_17    | sub | dsp_slice | 0       |
|   add_ln40_5_fu_4845_p2                 |     |        | add_ln40_5     | add | fabric    | 0       |
|   mul_12s_12s_24_1_1_U11                | 1   |        | mul_ln40_24    | mul | auto      | 0       |
|   mac_mulsub_12s_12s_24s_24_1_1_U529    | 1   |        | mul_ln40_25    | mul | dsp_slice | 0       |
|   mac_mulsub_12s_12s_24s_24_1_1_U529    | 1   |        | sub_ln40_18    | sub | dsp_slice | 0       |
|   mac_mulsub_12s_12s_24s_25_1_1_U700    | 1   |        | mul_ln40_26    | mul | dsp_slice | 0       |
|   mac_mulsub_12s_12s_24s_25_1_1_U700    | 1   |        | sub_ln40_19    | sub | dsp_slice | 0       |
|   mac_mulsub_12s_12s_25s_25_1_1_U871    | 1   |        | mul_ln40_27    | mul | dsp_slice | 0       |
|   mac_mulsub_12s_12s_25s_25_1_1_U871    | 1   |        | sub_ln40_20    | sub | dsp_slice | 0       |
|   add_ln40_6_fu_5054_p2                 |     |        | add_ln40_6     | add | fabric    | 0       |
|   mul_12s_12s_24_1_1_U12                | 1   |        | mul_ln40_28    | mul | auto      | 0       |
|   mac_mulsub_12s_12s_24s_24_1_1_U530    | 1   |        | mul_ln40_29    | mul | dsp_slice | 0       |
|   mac_mulsub_12s_12s_24s_24_1_1_U530    | 1   |        | sub_ln40_21    | sub | dsp_slice | 0       |
|   mac_mulsub_12s_12s_24s_25_1_1_U701    | 1   |        | mul_ln40_30    | mul | dsp_slice | 0       |
|   mac_mulsub_12s_12s_24s_25_1_1_U701    | 1   |        | sub_ln40_22    | sub | dsp_slice | 0       |
|   mac_mulsub_12s_12s_25s_25_1_1_U872    | 1   |        | mul_ln40_31    | mul | dsp_slice | 0       |
|   mac_mulsub_12s_12s_25s_25_1_1_U872    | 1   |        | sub_ln40_23    | sub | dsp_slice | 0       |
|   add_ln40_7_fu_5263_p2                 |     |        | add_ln40_7     | add | fabric    | 0       |
|   mul_12s_12s_24_1_1_U13                | 1   |        | mul_ln40_32    | mul | auto      | 0       |
|   mac_mulsub_12s_12s_24s_24_1_1_U531    | 1   |        | mul_ln40_33    | mul | dsp_slice | 0       |
|   mac_mulsub_12s_12s_24s_24_1_1_U531    | 1   |        | sub_ln40_24    | sub | dsp_slice | 0       |
|   mac_mulsub_12s_12s_24s_25_1_1_U702    | 1   |        | mul_ln40_34    | mul | dsp_slice | 0       |
|   mac_mulsub_12s_12s_24s_25_1_1_U702    | 1   |        | sub_ln40_25    | sub | dsp_slice | 0       |
|   mac_mulsub_12s_12s_25s_25_1_1_U873    | 1   |        | mul_ln40_35    | mul | dsp_slice | 0       |
|   mac_mulsub_12s_12s_25s_25_1_1_U873    | 1   |        | sub_ln40_26    | sub | dsp_slice | 0       |
|   add_ln40_8_fu_5472_p2                 |     |        | add_ln40_8     | add | fabric    | 0       |
|   mul_12s_12s_24_1_1_U14                | 1   |        | mul_ln40_36    | mul | auto      | 0       |
|   mac_mulsub_12s_12s_24s_24_1_1_U532    | 1   |        | mul_ln40_37    | mul | dsp_slice | 0       |
|   mac_mulsub_12s_12s_24s_24_1_1_U532    | 1   |        | sub_ln40_27    | sub | dsp_slice | 0       |
|   mac_mulsub_12s_12s_24s_25_1_1_U703    | 1   |        | mul_ln40_38    | mul | dsp_slice | 0       |
|   mac_mulsub_12s_12s_24s_25_1_1_U703    | 1   |        | sub_ln40_28    | sub | dsp_slice | 0       |
|   mac_mulsub_12s_12s_25s_25_1_1_U874    | 1   |        | mul_ln40_39    | mul | dsp_slice | 0       |
|   mac_mulsub_12s_12s_25s_25_1_1_U874    | 1   |        | sub_ln40_29    | sub | dsp_slice | 0       |
|   add_ln40_9_fu_5681_p2                 |     |        | add_ln40_9     | add | fabric    | 0       |
|   mul_12s_12s_24_1_1_U15                | 1   |        | mul_ln40_40    | mul | auto      | 0       |
|   mac_mulsub_12s_12s_24s_24_1_1_U533    | 1   |        | mul_ln40_41    | mul | dsp_slice | 0       |
|   mac_mulsub_12s_12s_24s_24_1_1_U533    | 1   |        | sub_ln40_30    | sub | dsp_slice | 0       |
|   mac_mulsub_12s_12s_24s_25_1_1_U704    | 1   |        | mul_ln40_42    | mul | dsp_slice | 0       |
|   mac_mulsub_12s_12s_24s_25_1_1_U704    | 1   |        | sub_ln40_31    | sub | dsp_slice | 0       |
|   mac_mulsub_12s_12s_25s_25_1_1_U875    | 1   |        | mul_ln40_43    | mul | dsp_slice | 0       |
|   mac_mulsub_12s_12s_25s_25_1_1_U875    | 1   |        | sub_ln40_32    | sub | dsp_slice | 0       |
|   add_ln40_10_fu_5890_p2                |     |        | add_ln40_10    | add | fabric    | 0       |
|   mul_12s_12s_24_1_1_U16                | 1   |        | mul_ln40_44    | mul | auto      | 0       |
|   mac_mulsub_12s_12s_24s_24_1_1_U534    | 1   |        | mul_ln40_45    | mul | dsp_slice | 0       |
|   mac_mulsub_12s_12s_24s_24_1_1_U534    | 1   |        | sub_ln40_33    | sub | dsp_slice | 0       |
|   mac_mulsub_12s_12s_24s_25_1_1_U705    | 1   |        | mul_ln40_46    | mul | dsp_slice | 0       |
|   mac_mulsub_12s_12s_24s_25_1_1_U705    | 1   |        | sub_ln40_34    | sub | dsp_slice | 0       |
|   mac_mulsub_12s_12s_25s_25_1_1_U876    | 1   |        | mul_ln40_47    | mul | dsp_slice | 0       |
|   mac_mulsub_12s_12s_25s_25_1_1_U876    | 1   |        | sub_ln40_35    | sub | dsp_slice | 0       |
|   add_ln40_11_fu_6099_p2                |     |        | add_ln40_11    | add | fabric    | 0       |
|   mul_12s_12s_24_1_1_U17                | 1   |        | mul_ln40_48    | mul | auto      | 0       |
|   mac_mulsub_12s_12s_24s_24_1_1_U535    | 1   |        | mul_ln40_49    | mul | dsp_slice | 0       |
|   mac_mulsub_12s_12s_24s_24_1_1_U535    | 1   |        | sub_ln40_36    | sub | dsp_slice | 0       |
|   mac_mulsub_12s_12s_24s_25_1_1_U706    | 1   |        | mul_ln40_50    | mul | dsp_slice | 0       |
|   mac_mulsub_12s_12s_24s_25_1_1_U706    | 1   |        | sub_ln40_37    | sub | dsp_slice | 0       |
|   mac_mulsub_12s_12s_25s_25_1_1_U877    | 1   |        | mul_ln40_51    | mul | dsp_slice | 0       |
|   mac_mulsub_12s_12s_25s_25_1_1_U877    | 1   |        | sub_ln40_38    | sub | dsp_slice | 0       |
|   add_ln40_12_fu_6308_p2                |     |        | add_ln40_12    | add | fabric    | 0       |
|   mul_12s_12s_24_1_1_U18                | 1   |        | mul_ln40_52    | mul | auto      | 0       |
|   mac_mulsub_12s_12s_24s_24_1_1_U536    | 1   |        | mul_ln40_53    | mul | dsp_slice | 0       |
|   mac_mulsub_12s_12s_24s_24_1_1_U536    | 1   |        | sub_ln40_39    | sub | dsp_slice | 0       |
|   mac_mulsub_12s_12s_24s_25_1_1_U707    | 1   |        | mul_ln40_54    | mul | dsp_slice | 0       |
|   mac_mulsub_12s_12s_24s_25_1_1_U707    | 1   |        | sub_ln40_40    | sub | dsp_slice | 0       |
|   mac_mulsub_12s_12s_25s_25_1_1_U878    | 1   |        | mul_ln40_55    | mul | dsp_slice | 0       |
|   mac_mulsub_12s_12s_25s_25_1_1_U878    | 1   |        | sub_ln40_41    | sub | dsp_slice | 0       |
|   add_ln40_13_fu_6517_p2                |     |        | add_ln40_13    | add | fabric    | 0       |
|   mul_12s_12s_24_1_1_U19                | 1   |        | mul_ln40_56    | mul | auto      | 0       |
|   mac_mulsub_12s_12s_24s_24_1_1_U537    | 1   |        | mul_ln40_57    | mul | dsp_slice | 0       |
|   mac_mulsub_12s_12s_24s_24_1_1_U537    | 1   |        | sub_ln40_42    | sub | dsp_slice | 0       |
|   mac_mulsub_12s_12s_24s_25_1_1_U708    | 1   |        | mul_ln40_58    | mul | dsp_slice | 0       |
|   mac_mulsub_12s_12s_24s_25_1_1_U708    | 1   |        | sub_ln40_43    | sub | dsp_slice | 0       |
|   mac_mulsub_12s_12s_25s_25_1_1_U879    | 1   |        | mul_ln40_59    | mul | dsp_slice | 0       |
|   mac_mulsub_12s_12s_25s_25_1_1_U879    | 1   |        | sub_ln40_44    | sub | dsp_slice | 0       |
|   add_ln40_14_fu_6726_p2                |     |        | add_ln40_14    | add | fabric    | 0       |
|   mul_12s_12s_24_1_1_U20                | 1   |        | mul_ln40_60    | mul | auto      | 0       |
|   mac_mulsub_12s_12s_24s_24_1_1_U538    | 1   |        | mul_ln40_61    | mul | dsp_slice | 0       |
|   mac_mulsub_12s_12s_24s_24_1_1_U538    | 1   |        | sub_ln40_45    | sub | dsp_slice | 0       |
|   mac_mulsub_12s_12s_24s_25_1_1_U709    | 1   |        | mul_ln40_62    | mul | dsp_slice | 0       |
|   mac_mulsub_12s_12s_24s_25_1_1_U709    | 1   |        | sub_ln40_46    | sub | dsp_slice | 0       |
|   mac_mulsub_12s_12s_25s_25_1_1_U880    | 1   |        | mul_ln40_63    | mul | dsp_slice | 0       |
|   mac_mulsub_12s_12s_25s_25_1_1_U880    | 1   |        | sub_ln40_47    | sub | dsp_slice | 0       |
|   add_ln40_15_fu_6935_p2                |     |        | add_ln40_15    | add | fabric    | 0       |
|   mul_12s_12s_24_1_1_U21                | 1   |        | mul_ln40_64    | mul | auto      | 0       |
|   mac_mulsub_12s_12s_24s_24_1_1_U539    | 1   |        | mul_ln40_65    | mul | dsp_slice | 0       |
|   mac_mulsub_12s_12s_24s_24_1_1_U539    | 1   |        | sub_ln40_48    | sub | dsp_slice | 0       |
|   mac_mulsub_12s_12s_24s_25_1_1_U710    | 1   |        | mul_ln40_66    | mul | dsp_slice | 0       |
|   mac_mulsub_12s_12s_24s_25_1_1_U710    | 1   |        | sub_ln40_49    | sub | dsp_slice | 0       |
|   mac_mulsub_12s_12s_25s_25_1_1_U881    | 1   |        | mul_ln40_67    | mul | dsp_slice | 0       |
|   mac_mulsub_12s_12s_25s_25_1_1_U881    | 1   |        | sub_ln40_50    | sub | dsp_slice | 0       |
|   add_ln40_16_fu_7144_p2                |     |        | add_ln40_16    | add | fabric    | 0       |
|   mul_12s_12s_24_1_1_U22                | 1   |        | mul_ln40_68    | mul | auto      | 0       |
|   mac_mulsub_12s_12s_24s_24_1_1_U540    | 1   |        | mul_ln40_69    | mul | dsp_slice | 0       |
|   mac_mulsub_12s_12s_24s_24_1_1_U540    | 1   |        | sub_ln40_51    | sub | dsp_slice | 0       |
|   mac_mulsub_12s_12s_24s_25_1_1_U711    | 1   |        | mul_ln40_70    | mul | dsp_slice | 0       |
|   mac_mulsub_12s_12s_24s_25_1_1_U711    | 1   |        | sub_ln40_52    | sub | dsp_slice | 0       |
|   mac_mulsub_12s_12s_25s_25_1_1_U882    | 1   |        | mul_ln40_71    | mul | dsp_slice | 0       |
|   mac_mulsub_12s_12s_25s_25_1_1_U882    | 1   |        | sub_ln40_53    | sub | dsp_slice | 0       |
|   add_ln40_17_fu_7353_p2                |     |        | add_ln40_17    | add | fabric    | 0       |
|   mul_12s_12s_24_1_1_U23                | 1   |        | mul_ln40_72    | mul | auto      | 0       |
|   mac_mulsub_12s_12s_24s_24_1_1_U541    | 1   |        | mul_ln40_73    | mul | dsp_slice | 0       |
|   mac_mulsub_12s_12s_24s_24_1_1_U541    | 1   |        | sub_ln40_54    | sub | dsp_slice | 0       |
|   mac_mulsub_12s_12s_24s_25_1_1_U712    | 1   |        | mul_ln40_74    | mul | dsp_slice | 0       |
|   mac_mulsub_12s_12s_24s_25_1_1_U712    | 1   |        | sub_ln40_55    | sub | dsp_slice | 0       |
|   mac_mulsub_12s_12s_25s_25_1_1_U883    | 1   |        | mul_ln40_75    | mul | dsp_slice | 0       |
|   mac_mulsub_12s_12s_25s_25_1_1_U883    | 1   |        | sub_ln40_56    | sub | dsp_slice | 0       |
|   add_ln40_18_fu_7559_p2                |     |        | add_ln40_18    | add | fabric    | 0       |
|   mul_12s_12s_24_1_1_U24                | 1   |        | mul_ln40_76    | mul | auto      | 0       |
|   mac_mulsub_12s_12s_24s_24_1_1_U542    | 1   |        | mul_ln40_77    | mul | dsp_slice | 0       |
|   mac_mulsub_12s_12s_24s_24_1_1_U542    | 1   |        | sub_ln40_57    | sub | dsp_slice | 0       |
|   mac_mulsub_12s_12s_24s_25_1_1_U713    | 1   |        | mul_ln40_78    | mul | dsp_slice | 0       |
|   mac_mulsub_12s_12s_24s_25_1_1_U713    | 1   |        | sub_ln40_58    | sub | dsp_slice | 0       |
|   mac_mulsub_12s_12s_25s_25_1_1_U884    | 1   |        | mul_ln40_79    | mul | dsp_slice | 0       |
|   mac_mulsub_12s_12s_25s_25_1_1_U884    | 1   |        | sub_ln40_59    | sub | dsp_slice | 0       |
|   add_ln40_19_fu_7765_p2                |     |        | add_ln40_19    | add | fabric    | 0       |
|   mul_12s_12s_24_1_1_U25                | 1   |        | mul_ln40_80    | mul | auto      | 0       |
|   mac_mulsub_12s_12s_24s_24_1_1_U543    | 1   |        | mul_ln40_81    | mul | dsp_slice | 0       |
|   mac_mulsub_12s_12s_24s_24_1_1_U543    | 1   |        | sub_ln40_60    | sub | dsp_slice | 0       |
|   mac_mulsub_12s_12s_24s_25_1_1_U714    | 1   |        | mul_ln40_82    | mul | dsp_slice | 0       |
|   mac_mulsub_12s_12s_24s_25_1_1_U714    | 1   |        | sub_ln40_61    | sub | dsp_slice | 0       |
|   mac_mulsub_12s_12s_25s_25_1_1_U885    | 1   |        | mul_ln40_83    | mul | dsp_slice | 0       |
|   mac_mulsub_12s_12s_25s_25_1_1_U885    | 1   |        | sub_ln40_62    | sub | dsp_slice | 0       |
|   add_ln40_20_fu_7971_p2                |     |        | add_ln40_20    | add | fabric    | 0       |
|   mul_12s_12s_24_1_1_U26                | 1   |        | mul_ln40_84    | mul | auto      | 0       |
|   mac_mulsub_12s_12s_24s_24_1_1_U544    | 1   |        | mul_ln40_85    | mul | dsp_slice | 0       |
|   mac_mulsub_12s_12s_24s_24_1_1_U544    | 1   |        | sub_ln40_63    | sub | dsp_slice | 0       |
|   mac_mulsub_12s_12s_24s_25_1_1_U715    | 1   |        | mul_ln40_86    | mul | dsp_slice | 0       |
|   mac_mulsub_12s_12s_24s_25_1_1_U715    | 1   |        | sub_ln40_64    | sub | dsp_slice | 0       |
|   mac_mulsub_12s_12s_25s_25_1_1_U886    | 1   |        | mul_ln40_87    | mul | dsp_slice | 0       |
|   mac_mulsub_12s_12s_25s_25_1_1_U886    | 1   |        | sub_ln40_65    | sub | dsp_slice | 0       |
|   add_ln40_21_fu_8177_p2                |     |        | add_ln40_21    | add | fabric    | 0       |
|   mul_12s_12s_24_1_1_U27                | 1   |        | mul_ln40_88    | mul | auto      | 0       |
|   mac_mulsub_12s_12s_24s_24_1_1_U545    | 1   |        | mul_ln40_89    | mul | dsp_slice | 0       |
|   mac_mulsub_12s_12s_24s_24_1_1_U545    | 1   |        | sub_ln40_66    | sub | dsp_slice | 0       |
|   mac_mulsub_12s_12s_24s_25_1_1_U716    | 1   |        | mul_ln40_90    | mul | dsp_slice | 0       |
|   mac_mulsub_12s_12s_24s_25_1_1_U716    | 1   |        | sub_ln40_67    | sub | dsp_slice | 0       |
|   mac_mulsub_12s_12s_25s_25_1_1_U887    | 1   |        | mul_ln40_91    | mul | dsp_slice | 0       |
|   mac_mulsub_12s_12s_25s_25_1_1_U887    | 1   |        | sub_ln40_68    | sub | dsp_slice | 0       |
|   add_ln40_22_fu_8383_p2                |     |        | add_ln40_22    | add | fabric    | 0       |
|   mul_12s_12s_24_1_1_U28                | 1   |        | mul_ln40_92    | mul | auto      | 0       |
|   mac_mulsub_12s_12s_24s_24_1_1_U546    | 1   |        | mul_ln40_93    | mul | dsp_slice | 0       |
|   mac_mulsub_12s_12s_24s_24_1_1_U546    | 1   |        | sub_ln40_69    | sub | dsp_slice | 0       |
|   mac_mulsub_12s_12s_24s_25_1_1_U717    | 1   |        | mul_ln40_94    | mul | dsp_slice | 0       |
|   mac_mulsub_12s_12s_24s_25_1_1_U717    | 1   |        | sub_ln40_70    | sub | dsp_slice | 0       |
|   mac_mulsub_12s_12s_25s_25_1_1_U888    | 1   |        | mul_ln40_95    | mul | dsp_slice | 0       |
|   mac_mulsub_12s_12s_25s_25_1_1_U888    | 1   |        | sub_ln40_71    | sub | dsp_slice | 0       |
|   add_ln40_23_fu_8589_p2                |     |        | add_ln40_23    | add | fabric    | 0       |
|   mul_12s_12s_24_1_1_U29                | 1   |        | mul_ln40_96    | mul | auto      | 0       |
|   mac_mulsub_12s_12s_24s_24_1_1_U547    | 1   |        | mul_ln40_97    | mul | dsp_slice | 0       |
|   mac_mulsub_12s_12s_24s_24_1_1_U547    | 1   |        | sub_ln40_72    | sub | dsp_slice | 0       |
|   mac_mulsub_12s_12s_24s_25_1_1_U718    | 1   |        | mul_ln40_98    | mul | dsp_slice | 0       |
|   mac_mulsub_12s_12s_24s_25_1_1_U718    | 1   |        | sub_ln40_73    | sub | dsp_slice | 0       |
|   mac_mulsub_12s_12s_25s_25_1_1_U889    | 1   |        | mul_ln40_99    | mul | dsp_slice | 0       |
|   mac_mulsub_12s_12s_25s_25_1_1_U889    | 1   |        | sub_ln40_74    | sub | dsp_slice | 0       |
|   add_ln40_24_fu_8795_p2                |     |        | add_ln40_24    | add | fabric    | 0       |
|   mul_12s_12s_24_1_1_U30                | 1   |        | mul_ln40_100   | mul | auto      | 0       |
|   mac_mulsub_12s_12s_24s_24_1_1_U548    | 1   |        | mul_ln40_101   | mul | dsp_slice | 0       |
|   mac_mulsub_12s_12s_24s_24_1_1_U548    | 1   |        | sub_ln40_75    | sub | dsp_slice | 0       |
|   mac_mulsub_12s_12s_24s_25_1_1_U719    | 1   |        | mul_ln40_102   | mul | dsp_slice | 0       |
|   mac_mulsub_12s_12s_24s_25_1_1_U719    | 1   |        | sub_ln40_76    | sub | dsp_slice | 0       |
|   mac_mulsub_12s_12s_25s_25_1_1_U890    | 1   |        | mul_ln40_103   | mul | dsp_slice | 0       |
|   mac_mulsub_12s_12s_25s_25_1_1_U890    | 1   |        | sub_ln40_77    | sub | dsp_slice | 0       |
|   add_ln40_25_fu_9001_p2                |     |        | add_ln40_25    | add | fabric    | 0       |
|   mul_12s_12s_24_1_1_U31                | 1   |        | mul_ln40_104   | mul | auto      | 0       |
|   mac_mulsub_12s_12s_24s_24_1_1_U549    | 1   |        | mul_ln40_105   | mul | dsp_slice | 0       |
|   mac_mulsub_12s_12s_24s_24_1_1_U549    | 1   |        | sub_ln40_78    | sub | dsp_slice | 0       |
|   mac_mulsub_12s_12s_24s_25_1_1_U720    | 1   |        | mul_ln40_106   | mul | dsp_slice | 0       |
|   mac_mulsub_12s_12s_24s_25_1_1_U720    | 1   |        | sub_ln40_79    | sub | dsp_slice | 0       |
|   mac_mulsub_12s_12s_25s_25_1_1_U891    | 1   |        | mul_ln40_107   | mul | dsp_slice | 0       |
|   mac_mulsub_12s_12s_25s_25_1_1_U891    | 1   |        | sub_ln40_80    | sub | dsp_slice | 0       |
|   add_ln40_26_fu_9207_p2                |     |        | add_ln40_26    | add | fabric    | 0       |
|   mul_12s_12s_24_1_1_U32                | 1   |        | mul_ln40_108   | mul | auto      | 0       |
|   mac_mulsub_12s_12s_24s_24_1_1_U550    | 1   |        | mul_ln40_109   | mul | dsp_slice | 0       |
|   mac_mulsub_12s_12s_24s_24_1_1_U550    | 1   |        | sub_ln40_81    | sub | dsp_slice | 0       |
|   mac_mulsub_12s_12s_24s_25_1_1_U721    | 1   |        | mul_ln40_110   | mul | dsp_slice | 0       |
|   mac_mulsub_12s_12s_24s_25_1_1_U721    | 1   |        | sub_ln40_82    | sub | dsp_slice | 0       |
|   mac_mulsub_12s_12s_25s_25_1_1_U892    | 1   |        | mul_ln40_111   | mul | dsp_slice | 0       |
|   mac_mulsub_12s_12s_25s_25_1_1_U892    | 1   |        | sub_ln40_83    | sub | dsp_slice | 0       |
|   add_ln40_27_fu_9413_p2                |     |        | add_ln40_27    | add | fabric    | 0       |
|   mul_12s_12s_24_1_1_U33                | 1   |        | mul_ln40_112   | mul | auto      | 0       |
|   mac_mulsub_12s_12s_24s_24_1_1_U551    | 1   |        | mul_ln40_113   | mul | dsp_slice | 0       |
|   mac_mulsub_12s_12s_24s_24_1_1_U551    | 1   |        | sub_ln40_84    | sub | dsp_slice | 0       |
|   mac_mulsub_12s_12s_24s_25_1_1_U722    | 1   |        | mul_ln40_114   | mul | dsp_slice | 0       |
|   mac_mulsub_12s_12s_24s_25_1_1_U722    | 1   |        | sub_ln40_85    | sub | dsp_slice | 0       |
|   mac_mulsub_12s_12s_25s_25_1_1_U893    | 1   |        | mul_ln40_115   | mul | dsp_slice | 0       |
|   mac_mulsub_12s_12s_25s_25_1_1_U893    | 1   |        | sub_ln40_86    | sub | dsp_slice | 0       |
|   add_ln40_28_fu_9619_p2                |     |        | add_ln40_28    | add | fabric    | 0       |
|   mul_12s_12s_24_1_1_U34                | 1   |        | mul_ln40_116   | mul | auto      | 0       |
|   mac_mulsub_12s_12s_24s_24_1_1_U552    | 1   |        | mul_ln40_117   | mul | dsp_slice | 0       |
|   mac_mulsub_12s_12s_24s_24_1_1_U552    | 1   |        | sub_ln40_87    | sub | dsp_slice | 0       |
|   mac_mulsub_12s_12s_24s_25_1_1_U723    | 1   |        | mul_ln40_118   | mul | dsp_slice | 0       |
|   mac_mulsub_12s_12s_24s_25_1_1_U723    | 1   |        | sub_ln40_88    | sub | dsp_slice | 0       |
|   mac_mulsub_12s_12s_25s_25_1_1_U894    | 1   |        | mul_ln40_119   | mul | dsp_slice | 0       |
|   mac_mulsub_12s_12s_25s_25_1_1_U894    | 1   |        | sub_ln40_89    | sub | dsp_slice | 0       |
|   add_ln40_29_fu_9825_p2                |     |        | add_ln40_29    | add | fabric    | 0       |
|   mul_12s_12s_24_1_1_U35                | 1   |        | mul_ln40_120   | mul | auto      | 0       |
|   mac_mulsub_12s_12s_24s_24_1_1_U553    | 1   |        | mul_ln40_121   | mul | dsp_slice | 0       |
|   mac_mulsub_12s_12s_24s_24_1_1_U553    | 1   |        | sub_ln40_90    | sub | dsp_slice | 0       |
|   mac_mulsub_12s_12s_24s_25_1_1_U724    | 1   |        | mul_ln40_122   | mul | dsp_slice | 0       |
|   mac_mulsub_12s_12s_24s_25_1_1_U724    | 1   |        | sub_ln40_91    | sub | dsp_slice | 0       |
|   mac_mulsub_12s_12s_25s_25_1_1_U895    | 1   |        | mul_ln40_123   | mul | dsp_slice | 0       |
|   mac_mulsub_12s_12s_25s_25_1_1_U895    | 1   |        | sub_ln40_92    | sub | dsp_slice | 0       |
|   add_ln40_30_fu_10031_p2               |     |        | add_ln40_30    | add | fabric    | 0       |
|   mul_12s_12s_24_1_1_U36                | 1   |        | mul_ln40_124   | mul | auto      | 0       |
|   mac_mulsub_12s_12s_24s_24_1_1_U554    | 1   |        | mul_ln40_125   | mul | dsp_slice | 0       |
|   mac_mulsub_12s_12s_24s_24_1_1_U554    | 1   |        | sub_ln40_93    | sub | dsp_slice | 0       |
|   mac_mulsub_12s_12s_24s_25_1_1_U725    | 1   |        | mul_ln40_126   | mul | dsp_slice | 0       |
|   mac_mulsub_12s_12s_24s_25_1_1_U725    | 1   |        | sub_ln40_94    | sub | dsp_slice | 0       |
|   mac_mulsub_12s_12s_25s_25_1_1_U896    | 1   |        | mul_ln40_127   | mul | dsp_slice | 0       |
|   mac_mulsub_12s_12s_25s_25_1_1_U896    | 1   |        | sub_ln40_95    | sub | dsp_slice | 0       |
|   add_ln40_31_fu_10237_p2               |     |        | add_ln40_31    | add | fabric    | 0       |
|   mul_12s_12s_24_1_1_U37                | 1   |        | mul_ln40_128   | mul | auto      | 0       |
|   mac_mulsub_12s_12s_24s_24_1_1_U555    | 1   |        | mul_ln40_129   | mul | dsp_slice | 0       |
|   mac_mulsub_12s_12s_24s_24_1_1_U555    | 1   |        | sub_ln40_96    | sub | dsp_slice | 0       |
|   mac_mulsub_12s_12s_24s_25_1_1_U726    | 1   |        | mul_ln40_130   | mul | dsp_slice | 0       |
|   mac_mulsub_12s_12s_24s_25_1_1_U726    | 1   |        | sub_ln40_97    | sub | dsp_slice | 0       |
|   mac_mulsub_12s_12s_25s_25_1_1_U897    | 1   |        | mul_ln40_131   | mul | dsp_slice | 0       |
|   mac_mulsub_12s_12s_25s_25_1_1_U897    | 1   |        | sub_ln40_98    | sub | dsp_slice | 0       |
|   add_ln40_32_fu_10443_p2               |     |        | add_ln40_32    | add | fabric    | 0       |
|   mul_12s_12s_24_1_1_U38                | 1   |        | mul_ln40_132   | mul | auto      | 0       |
|   mac_mulsub_12s_12s_24s_24_1_1_U556    | 1   |        | mul_ln40_133   | mul | dsp_slice | 0       |
|   mac_mulsub_12s_12s_24s_24_1_1_U556    | 1   |        | sub_ln40_99    | sub | dsp_slice | 0       |
|   mac_mulsub_12s_12s_24s_25_1_1_U727    | 1   |        | mul_ln40_134   | mul | dsp_slice | 0       |
|   mac_mulsub_12s_12s_24s_25_1_1_U727    | 1   |        | sub_ln40_100   | sub | dsp_slice | 0       |
|   mac_mulsub_12s_12s_25s_25_1_1_U898    | 1   |        | mul_ln40_135   | mul | dsp_slice | 0       |
|   mac_mulsub_12s_12s_25s_25_1_1_U898    | 1   |        | sub_ln40_101   | sub | dsp_slice | 0       |
|   add_ln40_33_fu_10649_p2               |     |        | add_ln40_33    | add | fabric    | 0       |
|   mul_12s_12s_24_1_1_U39                | 1   |        | mul_ln40_136   | mul | auto      | 0       |
|   mac_mulsub_12s_12s_24s_24_1_1_U557    | 1   |        | mul_ln40_137   | mul | dsp_slice | 0       |
|   mac_mulsub_12s_12s_24s_24_1_1_U557    | 1   |        | sub_ln40_102   | sub | dsp_slice | 0       |
|   mac_mulsub_12s_12s_24s_25_1_1_U728    | 1   |        | mul_ln40_138   | mul | dsp_slice | 0       |
|   mac_mulsub_12s_12s_24s_25_1_1_U728    | 1   |        | sub_ln40_103   | sub | dsp_slice | 0       |
|   mac_mulsub_12s_12s_25s_25_1_1_U899    | 1   |        | mul_ln40_139   | mul | dsp_slice | 0       |
|   mac_mulsub_12s_12s_25s_25_1_1_U899    | 1   |        | sub_ln40_104   | sub | dsp_slice | 0       |
|   add_ln40_34_fu_10855_p2               |     |        | add_ln40_34    | add | fabric    | 0       |
|   mul_12s_12s_24_1_1_U40                | 1   |        | mul_ln40_140   | mul | auto      | 0       |
|   mac_mulsub_12s_12s_24s_24_1_1_U558    | 1   |        | mul_ln40_141   | mul | dsp_slice | 0       |
|   mac_mulsub_12s_12s_24s_24_1_1_U558    | 1   |        | sub_ln40_105   | sub | dsp_slice | 0       |
|   mac_mulsub_12s_12s_24s_25_1_1_U729    | 1   |        | mul_ln40_142   | mul | dsp_slice | 0       |
|   mac_mulsub_12s_12s_24s_25_1_1_U729    | 1   |        | sub_ln40_106   | sub | dsp_slice | 0       |
|   mac_mulsub_12s_12s_25s_25_1_1_U900    | 1   |        | mul_ln40_143   | mul | dsp_slice | 0       |
|   mac_mulsub_12s_12s_25s_25_1_1_U900    | 1   |        | sub_ln40_107   | sub | dsp_slice | 0       |
|   add_ln40_35_fu_11061_p2               |     |        | add_ln40_35    | add | fabric    | 0       |
|   mul_12s_12s_24_1_1_U41                | 1   |        | mul_ln40_144   | mul | auto      | 0       |
|   mac_mulsub_12s_12s_24s_24_1_1_U559    | 1   |        | mul_ln40_145   | mul | dsp_slice | 0       |
|   mac_mulsub_12s_12s_24s_24_1_1_U559    | 1   |        | sub_ln40_108   | sub | dsp_slice | 0       |
|   mac_mulsub_12s_12s_24s_25_1_1_U730    | 1   |        | mul_ln40_146   | mul | dsp_slice | 0       |
|   mac_mulsub_12s_12s_24s_25_1_1_U730    | 1   |        | sub_ln40_109   | sub | dsp_slice | 0       |
|   mac_mulsub_12s_12s_25s_25_1_1_U901    | 1   |        | mul_ln40_147   | mul | dsp_slice | 0       |
|   mac_mulsub_12s_12s_25s_25_1_1_U901    | 1   |        | sub_ln40_110   | sub | dsp_slice | 0       |
|   add_ln40_36_fu_11267_p2               |     |        | add_ln40_36    | add | fabric    | 0       |
|   mul_12s_12s_24_1_1_U42                | 1   |        | mul_ln40_148   | mul | auto      | 0       |
|   mac_mulsub_12s_12s_24s_24_1_1_U560    | 1   |        | mul_ln40_149   | mul | dsp_slice | 0       |
|   mac_mulsub_12s_12s_24s_24_1_1_U560    | 1   |        | sub_ln40_111   | sub | dsp_slice | 0       |
|   mac_mulsub_12s_12s_24s_25_1_1_U731    | 1   |        | mul_ln40_150   | mul | dsp_slice | 0       |
|   mac_mulsub_12s_12s_24s_25_1_1_U731    | 1   |        | sub_ln40_112   | sub | dsp_slice | 0       |
|   mac_mulsub_12s_12s_25s_25_1_1_U902    | 1   |        | mul_ln40_151   | mul | dsp_slice | 0       |
|   mac_mulsub_12s_12s_25s_25_1_1_U902    | 1   |        | sub_ln40_113   | sub | dsp_slice | 0       |
|   add_ln40_37_fu_11473_p2               |     |        | add_ln40_37    | add | fabric    | 0       |
|   mul_12s_12s_24_1_1_U43                | 1   |        | mul_ln40_152   | mul | auto      | 0       |
|   mac_mulsub_12s_12s_24s_24_1_1_U561    | 1   |        | mul_ln40_153   | mul | dsp_slice | 0       |
|   mac_mulsub_12s_12s_24s_24_1_1_U561    | 1   |        | sub_ln40_114   | sub | dsp_slice | 0       |
|   mac_mulsub_12s_12s_24s_25_1_1_U732    | 1   |        | mul_ln40_154   | mul | dsp_slice | 0       |
|   mac_mulsub_12s_12s_24s_25_1_1_U732    | 1   |        | sub_ln40_115   | sub | dsp_slice | 0       |
|   mac_mulsub_12s_12s_25s_25_1_1_U903    | 1   |        | mul_ln40_155   | mul | dsp_slice | 0       |
|   mac_mulsub_12s_12s_25s_25_1_1_U903    | 1   |        | sub_ln40_116   | sub | dsp_slice | 0       |
|   add_ln40_38_fu_11679_p2               |     |        | add_ln40_38    | add | fabric    | 0       |
|   mul_12s_12s_24_1_1_U44                | 1   |        | mul_ln40_156   | mul | auto      | 0       |
|   mac_mulsub_12s_12s_24s_24_1_1_U562    | 1   |        | mul_ln40_157   | mul | dsp_slice | 0       |
|   mac_mulsub_12s_12s_24s_24_1_1_U562    | 1   |        | sub_ln40_117   | sub | dsp_slice | 0       |
|   mac_mulsub_12s_12s_24s_25_1_1_U733    | 1   |        | mul_ln40_158   | mul | dsp_slice | 0       |
|   mac_mulsub_12s_12s_24s_25_1_1_U733    | 1   |        | sub_ln40_118   | sub | dsp_slice | 0       |
|   mac_mulsub_12s_12s_25s_25_1_1_U904    | 1   |        | mul_ln40_159   | mul | dsp_slice | 0       |
|   mac_mulsub_12s_12s_25s_25_1_1_U904    | 1   |        | sub_ln40_119   | sub | dsp_slice | 0       |
|   add_ln40_39_fu_11885_p2               |     |        | add_ln40_39    | add | fabric    | 0       |
|   mul_12s_12s_24_1_1_U45                | 1   |        | mul_ln40_160   | mul | auto      | 0       |
|   mac_mulsub_12s_12s_24s_24_1_1_U563    | 1   |        | mul_ln40_161   | mul | dsp_slice | 0       |
|   mac_mulsub_12s_12s_24s_24_1_1_U563    | 1   |        | sub_ln40_120   | sub | dsp_slice | 0       |
|   mac_mulsub_12s_12s_24s_25_1_1_U734    | 1   |        | mul_ln40_162   | mul | dsp_slice | 0       |
|   mac_mulsub_12s_12s_24s_25_1_1_U734    | 1   |        | sub_ln40_121   | sub | dsp_slice | 0       |
|   mac_mulsub_12s_12s_25s_25_1_1_U905    | 1   |        | mul_ln40_163   | mul | dsp_slice | 0       |
|   mac_mulsub_12s_12s_25s_25_1_1_U905    | 1   |        | sub_ln40_122   | sub | dsp_slice | 0       |
|   add_ln40_40_fu_12091_p2               |     |        | add_ln40_40    | add | fabric    | 0       |
|   mul_12s_12s_24_1_1_U46                | 1   |        | mul_ln40_164   | mul | auto      | 0       |
|   mac_mulsub_12s_12s_24s_24_1_1_U564    | 1   |        | mul_ln40_165   | mul | dsp_slice | 0       |
|   mac_mulsub_12s_12s_24s_24_1_1_U564    | 1   |        | sub_ln40_123   | sub | dsp_slice | 0       |
|   mac_mulsub_12s_12s_24s_25_1_1_U735    | 1   |        | mul_ln40_166   | mul | dsp_slice | 0       |
|   mac_mulsub_12s_12s_24s_25_1_1_U735    | 1   |        | sub_ln40_124   | sub | dsp_slice | 0       |
|   mac_mulsub_12s_12s_25s_25_1_1_U906    | 1   |        | mul_ln40_167   | mul | dsp_slice | 0       |
|   mac_mulsub_12s_12s_25s_25_1_1_U906    | 1   |        | sub_ln40_125   | sub | dsp_slice | 0       |
|   add_ln40_41_fu_12297_p2               |     |        | add_ln40_41    | add | fabric    | 0       |
|   mul_12s_12s_24_1_1_U47                | 1   |        | mul_ln40_168   | mul | auto      | 0       |
|   mac_mulsub_12s_12s_24s_24_1_1_U565    | 1   |        | mul_ln40_169   | mul | dsp_slice | 0       |
|   mac_mulsub_12s_12s_24s_24_1_1_U565    | 1   |        | sub_ln40_126   | sub | dsp_slice | 0       |
|   mac_mulsub_12s_12s_24s_25_1_1_U736    | 1   |        | mul_ln40_170   | mul | dsp_slice | 0       |
|   mac_mulsub_12s_12s_24s_25_1_1_U736    | 1   |        | sub_ln40_127   | sub | dsp_slice | 0       |
|   mac_mulsub_12s_12s_25s_25_1_1_U907    | 1   |        | mul_ln40_171   | mul | dsp_slice | 0       |
|   mac_mulsub_12s_12s_25s_25_1_1_U907    | 1   |        | sub_ln40_128   | sub | dsp_slice | 0       |
|   add_ln40_42_fu_12503_p2               |     |        | add_ln40_42    | add | fabric    | 0       |
|   mul_12s_12s_24_1_1_U48                | 1   |        | mul_ln40_172   | mul | auto      | 0       |
|   mac_mulsub_12s_12s_24s_24_1_1_U566    | 1   |        | mul_ln40_173   | mul | dsp_slice | 0       |
|   mac_mulsub_12s_12s_24s_24_1_1_U566    | 1   |        | sub_ln40_129   | sub | dsp_slice | 0       |
|   mac_mulsub_12s_12s_24s_25_1_1_U737    | 1   |        | mul_ln40_174   | mul | dsp_slice | 0       |
|   mac_mulsub_12s_12s_24s_25_1_1_U737    | 1   |        | sub_ln40_130   | sub | dsp_slice | 0       |
|   mac_mulsub_12s_12s_25s_25_1_1_U908    | 1   |        | mul_ln40_175   | mul | dsp_slice | 0       |
|   mac_mulsub_12s_12s_25s_25_1_1_U908    | 1   |        | sub_ln40_131   | sub | dsp_slice | 0       |
|   add_ln40_43_fu_12709_p2               |     |        | add_ln40_43    | add | fabric    | 0       |
|   mul_12s_12s_24_1_1_U49                | 1   |        | mul_ln40_176   | mul | auto      | 0       |
|   mac_mulsub_12s_12s_24s_24_1_1_U567    | 1   |        | mul_ln40_177   | mul | dsp_slice | 0       |
|   mac_mulsub_12s_12s_24s_24_1_1_U567    | 1   |        | sub_ln40_132   | sub | dsp_slice | 0       |
|   mac_mulsub_12s_12s_24s_25_1_1_U738    | 1   |        | mul_ln40_178   | mul | dsp_slice | 0       |
|   mac_mulsub_12s_12s_24s_25_1_1_U738    | 1   |        | sub_ln40_133   | sub | dsp_slice | 0       |
|   mac_mulsub_12s_12s_25s_25_1_1_U909    | 1   |        | mul_ln40_179   | mul | dsp_slice | 0       |
|   mac_mulsub_12s_12s_25s_25_1_1_U909    | 1   |        | sub_ln40_134   | sub | dsp_slice | 0       |
|   add_ln40_44_fu_12915_p2               |     |        | add_ln40_44    | add | fabric    | 0       |
|   mul_12s_12s_24_1_1_U50                | 1   |        | mul_ln40_180   | mul | auto      | 0       |
|   mac_mulsub_12s_12s_24s_24_1_1_U568    | 1   |        | mul_ln40_181   | mul | dsp_slice | 0       |
|   mac_mulsub_12s_12s_24s_24_1_1_U568    | 1   |        | sub_ln40_135   | sub | dsp_slice | 0       |
|   mac_mulsub_12s_12s_24s_25_1_1_U739    | 1   |        | mul_ln40_182   | mul | dsp_slice | 0       |
|   mac_mulsub_12s_12s_24s_25_1_1_U739    | 1   |        | sub_ln40_136   | sub | dsp_slice | 0       |
|   mac_mulsub_12s_12s_25s_25_1_1_U910    | 1   |        | mul_ln40_183   | mul | dsp_slice | 0       |
|   mac_mulsub_12s_12s_25s_25_1_1_U910    | 1   |        | sub_ln40_137   | sub | dsp_slice | 0       |
|   add_ln40_45_fu_13121_p2               |     |        | add_ln40_45    | add | fabric    | 0       |
|   mul_12s_12s_24_1_1_U51                | 1   |        | mul_ln40_184   | mul | auto      | 0       |
|   mac_mulsub_12s_12s_24s_24_1_1_U569    | 1   |        | mul_ln40_185   | mul | dsp_slice | 0       |
|   mac_mulsub_12s_12s_24s_24_1_1_U569    | 1   |        | sub_ln40_138   | sub | dsp_slice | 0       |
|   mac_mulsub_12s_12s_24s_25_1_1_U740    | 1   |        | mul_ln40_186   | mul | dsp_slice | 0       |
|   mac_mulsub_12s_12s_24s_25_1_1_U740    | 1   |        | sub_ln40_139   | sub | dsp_slice | 0       |
|   mac_mulsub_12s_12s_25s_25_1_1_U911    | 1   |        | mul_ln40_187   | mul | dsp_slice | 0       |
|   mac_mulsub_12s_12s_25s_25_1_1_U911    | 1   |        | sub_ln40_140   | sub | dsp_slice | 0       |
|   add_ln40_46_fu_13327_p2               |     |        | add_ln40_46    | add | fabric    | 0       |
|   mul_12s_12s_24_1_1_U52                | 1   |        | mul_ln40_188   | mul | auto      | 0       |
|   mac_mulsub_12s_12s_24s_24_1_1_U570    | 1   |        | mul_ln40_189   | mul | dsp_slice | 0       |
|   mac_mulsub_12s_12s_24s_24_1_1_U570    | 1   |        | sub_ln40_141   | sub | dsp_slice | 0       |
|   mac_mulsub_12s_12s_24s_25_1_1_U741    | 1   |        | mul_ln40_190   | mul | dsp_slice | 0       |
|   mac_mulsub_12s_12s_24s_25_1_1_U741    | 1   |        | sub_ln40_142   | sub | dsp_slice | 0       |
|   mac_mulsub_12s_12s_25s_25_1_1_U912    | 1   |        | mul_ln40_191   | mul | dsp_slice | 0       |
|   mac_mulsub_12s_12s_25s_25_1_1_U912    | 1   |        | sub_ln40_143   | sub | dsp_slice | 0       |
|   add_ln40_47_fu_13533_p2               |     |        | add_ln40_47    | add | fabric    | 0       |
|   mul_12s_12s_24_1_1_U53                | 1   |        | mul_ln40_192   | mul | auto      | 0       |
|   mac_mulsub_12s_12s_24s_24_1_1_U571    | 1   |        | mul_ln40_193   | mul | dsp_slice | 0       |
|   mac_mulsub_12s_12s_24s_24_1_1_U571    | 1   |        | sub_ln40_144   | sub | dsp_slice | 0       |
|   mac_mulsub_12s_12s_24s_25_1_1_U742    | 1   |        | mul_ln40_194   | mul | dsp_slice | 0       |
|   mac_mulsub_12s_12s_24s_25_1_1_U742    | 1   |        | sub_ln40_145   | sub | dsp_slice | 0       |
|   mac_mulsub_12s_12s_25s_25_1_1_U913    | 1   |        | mul_ln40_195   | mul | dsp_slice | 0       |
|   mac_mulsub_12s_12s_25s_25_1_1_U913    | 1   |        | sub_ln40_146   | sub | dsp_slice | 0       |
|   add_ln40_48_fu_13739_p2               |     |        | add_ln40_48    | add | fabric    | 0       |
|   mul_12s_12s_24_1_1_U54                | 1   |        | mul_ln40_196   | mul | auto      | 0       |
|   mac_mulsub_12s_12s_24s_24_1_1_U572    | 1   |        | mul_ln40_197   | mul | dsp_slice | 0       |
|   mac_mulsub_12s_12s_24s_24_1_1_U572    | 1   |        | sub_ln40_147   | sub | dsp_slice | 0       |
|   mac_mulsub_12s_12s_24s_25_1_1_U743    | 1   |        | mul_ln40_198   | mul | dsp_slice | 0       |
|   mac_mulsub_12s_12s_24s_25_1_1_U743    | 1   |        | sub_ln40_148   | sub | dsp_slice | 0       |
|   mac_mulsub_12s_12s_25s_25_1_1_U914    | 1   |        | mul_ln40_199   | mul | dsp_slice | 0       |
|   mac_mulsub_12s_12s_25s_25_1_1_U914    | 1   |        | sub_ln40_149   | sub | dsp_slice | 0       |
|   add_ln40_49_fu_13945_p2               |     |        | add_ln40_49    | add | fabric    | 0       |
|   mul_12s_12s_24_1_1_U55                | 1   |        | mul_ln40_200   | mul | auto      | 0       |
|   mac_mulsub_12s_12s_24s_24_1_1_U573    | 1   |        | mul_ln40_201   | mul | dsp_slice | 0       |
|   mac_mulsub_12s_12s_24s_24_1_1_U573    | 1   |        | sub_ln40_150   | sub | dsp_slice | 0       |
|   mac_mulsub_12s_12s_24s_25_1_1_U744    | 1   |        | mul_ln40_202   | mul | dsp_slice | 0       |
|   mac_mulsub_12s_12s_24s_25_1_1_U744    | 1   |        | sub_ln40_151   | sub | dsp_slice | 0       |
|   mac_mulsub_12s_12s_25s_25_1_1_U915    | 1   |        | mul_ln40_203   | mul | dsp_slice | 0       |
|   mac_mulsub_12s_12s_25s_25_1_1_U915    | 1   |        | sub_ln40_152   | sub | dsp_slice | 0       |
|   add_ln40_50_fu_14151_p2               |     |        | add_ln40_50    | add | fabric    | 0       |
|   mul_12s_12s_24_1_1_U56                | 1   |        | mul_ln40_204   | mul | auto      | 0       |
|   mac_mulsub_12s_12s_24s_24_1_1_U574    | 1   |        | mul_ln40_205   | mul | dsp_slice | 0       |
|   mac_mulsub_12s_12s_24s_24_1_1_U574    | 1   |        | sub_ln40_153   | sub | dsp_slice | 0       |
|   mac_mulsub_12s_12s_24s_25_1_1_U745    | 1   |        | mul_ln40_206   | mul | dsp_slice | 0       |
|   mac_mulsub_12s_12s_24s_25_1_1_U745    | 1   |        | sub_ln40_154   | sub | dsp_slice | 0       |
|   mac_mulsub_12s_12s_25s_25_1_1_U916    | 1   |        | mul_ln40_207   | mul | dsp_slice | 0       |
|   mac_mulsub_12s_12s_25s_25_1_1_U916    | 1   |        | sub_ln40_155   | sub | dsp_slice | 0       |
|   add_ln40_51_fu_14357_p2               |     |        | add_ln40_51    | add | fabric    | 0       |
|   mul_12s_12s_24_1_1_U57                | 1   |        | mul_ln40_208   | mul | auto      | 0       |
|   mac_mulsub_12s_12s_24s_24_1_1_U575    | 1   |        | mul_ln40_209   | mul | dsp_slice | 0       |
|   mac_mulsub_12s_12s_24s_24_1_1_U575    | 1   |        | sub_ln40_156   | sub | dsp_slice | 0       |
|   mac_mulsub_12s_12s_24s_25_1_1_U746    | 1   |        | mul_ln40_210   | mul | dsp_slice | 0       |
|   mac_mulsub_12s_12s_24s_25_1_1_U746    | 1   |        | sub_ln40_157   | sub | dsp_slice | 0       |
|   mac_mulsub_12s_12s_25s_25_1_1_U917    | 1   |        | mul_ln40_211   | mul | dsp_slice | 0       |
|   mac_mulsub_12s_12s_25s_25_1_1_U917    | 1   |        | sub_ln40_158   | sub | dsp_slice | 0       |
|   add_ln40_52_fu_14563_p2               |     |        | add_ln40_52    | add | fabric    | 0       |
|   mul_12s_12s_24_1_1_U58                | 1   |        | mul_ln40_212   | mul | auto      | 0       |
|   mac_mulsub_12s_12s_24s_24_1_1_U576    | 1   |        | mul_ln40_213   | mul | dsp_slice | 0       |
|   mac_mulsub_12s_12s_24s_24_1_1_U576    | 1   |        | sub_ln40_159   | sub | dsp_slice | 0       |
|   mac_mulsub_12s_12s_24s_25_1_1_U747    | 1   |        | mul_ln40_214   | mul | dsp_slice | 0       |
|   mac_mulsub_12s_12s_24s_25_1_1_U747    | 1   |        | sub_ln40_160   | sub | dsp_slice | 0       |
|   mac_mulsub_12s_12s_25s_25_1_1_U918    | 1   |        | mul_ln40_215   | mul | dsp_slice | 0       |
|   mac_mulsub_12s_12s_25s_25_1_1_U918    | 1   |        | sub_ln40_161   | sub | dsp_slice | 0       |
|   add_ln40_53_fu_14769_p2               |     |        | add_ln40_53    | add | fabric    | 0       |
|   mul_12s_12s_24_1_1_U59                | 1   |        | mul_ln40_216   | mul | auto      | 0       |
|   mac_mulsub_12s_12s_24s_24_1_1_U577    | 1   |        | mul_ln40_217   | mul | dsp_slice | 0       |
|   mac_mulsub_12s_12s_24s_24_1_1_U577    | 1   |        | sub_ln40_162   | sub | dsp_slice | 0       |
|   mac_mulsub_12s_12s_24s_25_1_1_U748    | 1   |        | mul_ln40_218   | mul | dsp_slice | 0       |
|   mac_mulsub_12s_12s_24s_25_1_1_U748    | 1   |        | sub_ln40_163   | sub | dsp_slice | 0       |
|   mac_mulsub_12s_12s_25s_25_1_1_U919    | 1   |        | mul_ln40_219   | mul | dsp_slice | 0       |
|   mac_mulsub_12s_12s_25s_25_1_1_U919    | 1   |        | sub_ln40_164   | sub | dsp_slice | 0       |
|   add_ln40_54_fu_14975_p2               |     |        | add_ln40_54    | add | fabric    | 0       |
|   mul_12s_12s_24_1_1_U60                | 1   |        | mul_ln40_220   | mul | auto      | 0       |
|   mac_mulsub_12s_12s_24s_24_1_1_U578    | 1   |        | mul_ln40_221   | mul | dsp_slice | 0       |
|   mac_mulsub_12s_12s_24s_24_1_1_U578    | 1   |        | sub_ln40_165   | sub | dsp_slice | 0       |
|   mac_mulsub_12s_12s_24s_25_1_1_U749    | 1   |        | mul_ln40_222   | mul | dsp_slice | 0       |
|   mac_mulsub_12s_12s_24s_25_1_1_U749    | 1   |        | sub_ln40_166   | sub | dsp_slice | 0       |
|   mac_mulsub_12s_12s_25s_25_1_1_U920    | 1   |        | mul_ln40_223   | mul | dsp_slice | 0       |
|   mac_mulsub_12s_12s_25s_25_1_1_U920    | 1   |        | sub_ln40_167   | sub | dsp_slice | 0       |
|   add_ln40_55_fu_15181_p2               |     |        | add_ln40_55    | add | fabric    | 0       |
|   mul_12s_12s_24_1_1_U61                | 1   |        | mul_ln40_224   | mul | auto      | 0       |
|   mac_mulsub_12s_12s_24s_24_1_1_U579    | 1   |        | mul_ln40_225   | mul | dsp_slice | 0       |
|   mac_mulsub_12s_12s_24s_24_1_1_U579    | 1   |        | sub_ln40_168   | sub | dsp_slice | 0       |
|   mac_mulsub_12s_12s_24s_25_1_1_U750    | 1   |        | mul_ln40_226   | mul | dsp_slice | 0       |
|   mac_mulsub_12s_12s_24s_25_1_1_U750    | 1   |        | sub_ln40_169   | sub | dsp_slice | 0       |
|   mac_mulsub_12s_12s_25s_25_1_1_U921    | 1   |        | mul_ln40_227   | mul | dsp_slice | 0       |
|   mac_mulsub_12s_12s_25s_25_1_1_U921    | 1   |        | sub_ln40_170   | sub | dsp_slice | 0       |
|   add_ln40_56_fu_15387_p2               |     |        | add_ln40_56    | add | fabric    | 0       |
|   mul_12s_12s_24_1_1_U62                | 1   |        | mul_ln40_228   | mul | auto      | 0       |
|   mac_mulsub_12s_12s_24s_24_1_1_U580    | 1   |        | mul_ln40_229   | mul | dsp_slice | 0       |
|   mac_mulsub_12s_12s_24s_24_1_1_U580    | 1   |        | sub_ln40_171   | sub | dsp_slice | 0       |
|   mac_mulsub_12s_12s_24s_25_1_1_U751    | 1   |        | mul_ln40_230   | mul | dsp_slice | 0       |
|   mac_mulsub_12s_12s_24s_25_1_1_U751    | 1   |        | sub_ln40_172   | sub | dsp_slice | 0       |
|   mac_mulsub_12s_12s_25s_25_1_1_U922    | 1   |        | mul_ln40_231   | mul | dsp_slice | 0       |
|   mac_mulsub_12s_12s_25s_25_1_1_U922    | 1   |        | sub_ln40_173   | sub | dsp_slice | 0       |
|   add_ln40_57_fu_15593_p2               |     |        | add_ln40_57    | add | fabric    | 0       |
|   mul_12s_12s_24_1_1_U63                | 1   |        | mul_ln40_232   | mul | auto      | 0       |
|   mac_mulsub_12s_12s_24s_24_1_1_U581    | 1   |        | mul_ln40_233   | mul | dsp_slice | 0       |
|   mac_mulsub_12s_12s_24s_24_1_1_U581    | 1   |        | sub_ln40_174   | sub | dsp_slice | 0       |
|   mac_mulsub_12s_12s_24s_25_1_1_U752    | 1   |        | mul_ln40_234   | mul | dsp_slice | 0       |
|   mac_mulsub_12s_12s_24s_25_1_1_U752    | 1   |        | sub_ln40_175   | sub | dsp_slice | 0       |
|   mac_mulsub_12s_12s_25s_25_1_1_U923    | 1   |        | mul_ln40_235   | mul | dsp_slice | 0       |
|   mac_mulsub_12s_12s_25s_25_1_1_U923    | 1   |        | sub_ln40_176   | sub | dsp_slice | 0       |
|   add_ln40_58_fu_15799_p2               |     |        | add_ln40_58    | add | fabric    | 0       |
|   mul_12s_12s_24_1_1_U64                | 1   |        | mul_ln40_236   | mul | auto      | 0       |
|   mac_mulsub_12s_12s_24s_24_1_1_U582    | 1   |        | mul_ln40_237   | mul | dsp_slice | 0       |
|   mac_mulsub_12s_12s_24s_24_1_1_U582    | 1   |        | sub_ln40_177   | sub | dsp_slice | 0       |
|   mac_mulsub_12s_12s_24s_25_1_1_U753    | 1   |        | mul_ln40_238   | mul | dsp_slice | 0       |
|   mac_mulsub_12s_12s_24s_25_1_1_U753    | 1   |        | sub_ln40_178   | sub | dsp_slice | 0       |
|   mac_mulsub_12s_12s_25s_25_1_1_U924    | 1   |        | mul_ln40_239   | mul | dsp_slice | 0       |
|   mac_mulsub_12s_12s_25s_25_1_1_U924    | 1   |        | sub_ln40_179   | sub | dsp_slice | 0       |
|   add_ln40_59_fu_16005_p2               |     |        | add_ln40_59    | add | fabric    | 0       |
|   mul_12s_12s_24_1_1_U65                | 1   |        | mul_ln40_240   | mul | auto      | 0       |
|   mac_mulsub_12s_12s_24s_24_1_1_U583    | 1   |        | mul_ln40_241   | mul | dsp_slice | 0       |
|   mac_mulsub_12s_12s_24s_24_1_1_U583    | 1   |        | sub_ln40_180   | sub | dsp_slice | 0       |
|   mac_mulsub_12s_12s_24s_25_1_1_U754    | 1   |        | mul_ln40_242   | mul | dsp_slice | 0       |
|   mac_mulsub_12s_12s_24s_25_1_1_U754    | 1   |        | sub_ln40_181   | sub | dsp_slice | 0       |
|   mac_mulsub_12s_12s_25s_25_1_1_U925    | 1   |        | mul_ln40_243   | mul | dsp_slice | 0       |
|   mac_mulsub_12s_12s_25s_25_1_1_U925    | 1   |        | sub_ln40_182   | sub | dsp_slice | 0       |
|   add_ln40_60_fu_16211_p2               |     |        | add_ln40_60    | add | fabric    | 0       |
|   mul_12s_12s_24_1_1_U66                | 1   |        | mul_ln40_244   | mul | auto      | 0       |
|   mac_mulsub_12s_12s_24s_24_1_1_U584    | 1   |        | mul_ln40_245   | mul | dsp_slice | 0       |
|   mac_mulsub_12s_12s_24s_24_1_1_U584    | 1   |        | sub_ln40_183   | sub | dsp_slice | 0       |
|   mac_mulsub_12s_12s_24s_25_1_1_U755    | 1   |        | mul_ln40_246   | mul | dsp_slice | 0       |
|   mac_mulsub_12s_12s_24s_25_1_1_U755    | 1   |        | sub_ln40_184   | sub | dsp_slice | 0       |
|   mac_mulsub_12s_12s_25s_25_1_1_U926    | 1   |        | mul_ln40_247   | mul | dsp_slice | 0       |
|   mac_mulsub_12s_12s_25s_25_1_1_U926    | 1   |        | sub_ln40_185   | sub | dsp_slice | 0       |
|   add_ln40_61_fu_16417_p2               |     |        | add_ln40_61    | add | fabric    | 0       |
|   mul_12s_12s_24_1_1_U67                | 1   |        | mul_ln40_248   | mul | auto      | 0       |
|   mac_mulsub_12s_12s_24s_24_1_1_U585    | 1   |        | mul_ln40_249   | mul | dsp_slice | 0       |
|   mac_mulsub_12s_12s_24s_24_1_1_U585    | 1   |        | sub_ln40_186   | sub | dsp_slice | 0       |
|   mac_mulsub_12s_12s_24s_25_1_1_U756    | 1   |        | mul_ln40_250   | mul | dsp_slice | 0       |
|   mac_mulsub_12s_12s_24s_25_1_1_U756    | 1   |        | sub_ln40_187   | sub | dsp_slice | 0       |
|   mac_mulsub_12s_12s_25s_25_1_1_U927    | 1   |        | mul_ln40_251   | mul | dsp_slice | 0       |
|   mac_mulsub_12s_12s_25s_25_1_1_U927    | 1   |        | sub_ln40_188   | sub | dsp_slice | 0       |
|   add_ln40_62_fu_16623_p2               |     |        | add_ln40_62    | add | fabric    | 0       |
|   mul_12s_12s_24_1_1_U68                | 1   |        | mul_ln40_252   | mul | auto      | 0       |
|   mac_mulsub_12s_12s_24s_24_1_1_U586    | 1   |        | mul_ln40_253   | mul | dsp_slice | 0       |
|   mac_mulsub_12s_12s_24s_24_1_1_U586    | 1   |        | sub_ln40_189   | sub | dsp_slice | 0       |
|   mac_mulsub_12s_12s_24s_25_1_1_U757    | 1   |        | mul_ln40_254   | mul | dsp_slice | 0       |
|   mac_mulsub_12s_12s_24s_25_1_1_U757    | 1   |        | sub_ln40_190   | sub | dsp_slice | 0       |
|   mac_mulsub_12s_12s_25s_25_1_1_U928    | 1   |        | mul_ln40_255   | mul | dsp_slice | 0       |
|   mac_mulsub_12s_12s_25s_25_1_1_U928    | 1   |        | sub_ln40_191   | sub | dsp_slice | 0       |
|   add_ln40_63_fu_16829_p2               |     |        | add_ln40_63    | add | fabric    | 0       |
|   mul_12s_12s_24_1_1_U69                | 1   |        | mul_ln40_256   | mul | auto      | 0       |
|   mac_mulsub_12s_12s_24s_24_1_1_U587    | 1   |        | mul_ln40_257   | mul | dsp_slice | 0       |
|   mac_mulsub_12s_12s_24s_24_1_1_U587    | 1   |        | sub_ln40_192   | sub | dsp_slice | 0       |
|   mac_mulsub_12s_12s_24s_25_1_1_U758    | 1   |        | mul_ln40_258   | mul | dsp_slice | 0       |
|   mac_mulsub_12s_12s_24s_25_1_1_U758    | 1   |        | sub_ln40_193   | sub | dsp_slice | 0       |
|   mac_mulsub_12s_12s_25s_25_1_1_U929    | 1   |        | mul_ln40_259   | mul | dsp_slice | 0       |
|   mac_mulsub_12s_12s_25s_25_1_1_U929    | 1   |        | sub_ln40_194   | sub | dsp_slice | 0       |
|   add_ln40_64_fu_17035_p2               |     |        | add_ln40_64    | add | fabric    | 0       |
|   mul_12s_12s_24_1_1_U70                | 1   |        | mul_ln40_260   | mul | auto      | 0       |
|   mac_mulsub_12s_12s_24s_24_1_1_U588    | 1   |        | mul_ln40_261   | mul | dsp_slice | 0       |
|   mac_mulsub_12s_12s_24s_24_1_1_U588    | 1   |        | sub_ln40_195   | sub | dsp_slice | 0       |
|   mac_mulsub_12s_12s_24s_25_1_1_U759    | 1   |        | mul_ln40_262   | mul | dsp_slice | 0       |
|   mac_mulsub_12s_12s_24s_25_1_1_U759    | 1   |        | sub_ln40_196   | sub | dsp_slice | 0       |
|   mac_mulsub_12s_12s_25s_25_1_1_U930    | 1   |        | mul_ln40_263   | mul | dsp_slice | 0       |
|   mac_mulsub_12s_12s_25s_25_1_1_U930    | 1   |        | sub_ln40_197   | sub | dsp_slice | 0       |
|   add_ln40_65_fu_17241_p2               |     |        | add_ln40_65    | add | fabric    | 0       |
|   mul_12s_12s_24_1_1_U71                | 1   |        | mul_ln40_264   | mul | auto      | 0       |
|   mac_mulsub_12s_12s_24s_24_1_1_U589    | 1   |        | mul_ln40_265   | mul | dsp_slice | 0       |
|   mac_mulsub_12s_12s_24s_24_1_1_U589    | 1   |        | sub_ln40_198   | sub | dsp_slice | 0       |
|   mac_mulsub_12s_12s_24s_25_1_1_U760    | 1   |        | mul_ln40_266   | mul | dsp_slice | 0       |
|   mac_mulsub_12s_12s_24s_25_1_1_U760    | 1   |        | sub_ln40_199   | sub | dsp_slice | 0       |
|   mac_mulsub_12s_12s_25s_25_1_1_U931    | 1   |        | mul_ln40_267   | mul | dsp_slice | 0       |
|   mac_mulsub_12s_12s_25s_25_1_1_U931    | 1   |        | sub_ln40_200   | sub | dsp_slice | 0       |
|   add_ln40_66_fu_17447_p2               |     |        | add_ln40_66    | add | fabric    | 0       |
|   mul_12s_12s_24_1_1_U72                | 1   |        | mul_ln40_268   | mul | auto      | 0       |
|   mac_mulsub_12s_12s_24s_24_1_1_U590    | 1   |        | mul_ln40_269   | mul | dsp_slice | 0       |
|   mac_mulsub_12s_12s_24s_24_1_1_U590    | 1   |        | sub_ln40_201   | sub | dsp_slice | 0       |
|   mac_mulsub_12s_12s_24s_25_1_1_U761    | 1   |        | mul_ln40_270   | mul | dsp_slice | 0       |
|   mac_mulsub_12s_12s_24s_25_1_1_U761    | 1   |        | sub_ln40_202   | sub | dsp_slice | 0       |
|   mac_mulsub_12s_12s_25s_25_1_1_U932    | 1   |        | mul_ln40_271   | mul | dsp_slice | 0       |
|   mac_mulsub_12s_12s_25s_25_1_1_U932    | 1   |        | sub_ln40_203   | sub | dsp_slice | 0       |
|   add_ln40_67_fu_17653_p2               |     |        | add_ln40_67    | add | fabric    | 0       |
|   mul_12s_12s_24_1_1_U73                | 1   |        | mul_ln40_272   | mul | auto      | 0       |
|   mac_mulsub_12s_12s_24s_24_1_1_U591    | 1   |        | mul_ln40_273   | mul | dsp_slice | 0       |
|   mac_mulsub_12s_12s_24s_24_1_1_U591    | 1   |        | sub_ln40_204   | sub | dsp_slice | 0       |
|   mac_mulsub_12s_12s_24s_25_1_1_U762    | 1   |        | mul_ln40_274   | mul | dsp_slice | 0       |
|   mac_mulsub_12s_12s_24s_25_1_1_U762    | 1   |        | sub_ln40_205   | sub | dsp_slice | 0       |
|   mac_mulsub_12s_12s_25s_25_1_1_U933    | 1   |        | mul_ln40_275   | mul | dsp_slice | 0       |
|   mac_mulsub_12s_12s_25s_25_1_1_U933    | 1   |        | sub_ln40_206   | sub | dsp_slice | 0       |
|   add_ln40_68_fu_17859_p2               |     |        | add_ln40_68    | add | fabric    | 0       |
|   mul_12s_12s_24_1_1_U74                | 1   |        | mul_ln40_276   | mul | auto      | 0       |
|   mac_mulsub_12s_12s_24s_24_1_1_U592    | 1   |        | mul_ln40_277   | mul | dsp_slice | 0       |
|   mac_mulsub_12s_12s_24s_24_1_1_U592    | 1   |        | sub_ln40_207   | sub | dsp_slice | 0       |
|   mac_mulsub_12s_12s_24s_25_1_1_U763    | 1   |        | mul_ln40_278   | mul | dsp_slice | 0       |
|   mac_mulsub_12s_12s_24s_25_1_1_U763    | 1   |        | sub_ln40_208   | sub | dsp_slice | 0       |
|   mac_mulsub_12s_12s_25s_25_1_1_U934    | 1   |        | mul_ln40_279   | mul | dsp_slice | 0       |
|   mac_mulsub_12s_12s_25s_25_1_1_U934    | 1   |        | sub_ln40_209   | sub | dsp_slice | 0       |
|   add_ln40_69_fu_18065_p2               |     |        | add_ln40_69    | add | fabric    | 0       |
|   mul_12s_12s_24_1_1_U75                | 1   |        | mul_ln40_280   | mul | auto      | 0       |
|   mac_mulsub_12s_12s_24s_24_1_1_U593    | 1   |        | mul_ln40_281   | mul | dsp_slice | 0       |
|   mac_mulsub_12s_12s_24s_24_1_1_U593    | 1   |        | sub_ln40_210   | sub | dsp_slice | 0       |
|   mac_mulsub_12s_12s_24s_25_1_1_U764    | 1   |        | mul_ln40_282   | mul | dsp_slice | 0       |
|   mac_mulsub_12s_12s_24s_25_1_1_U764    | 1   |        | sub_ln40_211   | sub | dsp_slice | 0       |
|   mac_mulsub_12s_12s_25s_25_1_1_U935    | 1   |        | mul_ln40_283   | mul | dsp_slice | 0       |
|   mac_mulsub_12s_12s_25s_25_1_1_U935    | 1   |        | sub_ln40_212   | sub | dsp_slice | 0       |
|   add_ln40_70_fu_18271_p2               |     |        | add_ln40_70    | add | fabric    | 0       |
|   mul_12s_12s_24_1_1_U76                | 1   |        | mul_ln40_284   | mul | auto      | 0       |
|   mac_mulsub_12s_12s_24s_24_1_1_U594    | 1   |        | mul_ln40_285   | mul | dsp_slice | 0       |
|   mac_mulsub_12s_12s_24s_24_1_1_U594    | 1   |        | sub_ln40_213   | sub | dsp_slice | 0       |
|   mac_mulsub_12s_12s_24s_25_1_1_U765    | 1   |        | mul_ln40_286   | mul | dsp_slice | 0       |
|   mac_mulsub_12s_12s_24s_25_1_1_U765    | 1   |        | sub_ln40_214   | sub | dsp_slice | 0       |
|   mac_mulsub_12s_12s_25s_25_1_1_U936    | 1   |        | mul_ln40_287   | mul | dsp_slice | 0       |
|   mac_mulsub_12s_12s_25s_25_1_1_U936    | 1   |        | sub_ln40_215   | sub | dsp_slice | 0       |
|   add_ln40_71_fu_18477_p2               |     |        | add_ln40_71    | add | fabric    | 0       |
|   mul_12s_12s_24_1_1_U77                | 1   |        | mul_ln40_288   | mul | auto      | 0       |
|   mac_mulsub_12s_12s_24s_24_1_1_U595    | 1   |        | mul_ln40_289   | mul | dsp_slice | 0       |
|   mac_mulsub_12s_12s_24s_24_1_1_U595    | 1   |        | sub_ln40_216   | sub | dsp_slice | 0       |
|   mac_mulsub_12s_12s_24s_25_1_1_U766    | 1   |        | mul_ln40_290   | mul | dsp_slice | 0       |
|   mac_mulsub_12s_12s_24s_25_1_1_U766    | 1   |        | sub_ln40_217   | sub | dsp_slice | 0       |
|   mac_mulsub_12s_12s_25s_25_1_1_U937    | 1   |        | mul_ln40_291   | mul | dsp_slice | 0       |
|   mac_mulsub_12s_12s_25s_25_1_1_U937    | 1   |        | sub_ln40_218   | sub | dsp_slice | 0       |
|   add_ln40_72_fu_18683_p2               |     |        | add_ln40_72    | add | fabric    | 0       |
|   mul_12s_12s_24_1_1_U78                | 1   |        | mul_ln40_292   | mul | auto      | 0       |
|   mac_mulsub_12s_12s_24s_24_1_1_U596    | 1   |        | mul_ln40_293   | mul | dsp_slice | 0       |
|   mac_mulsub_12s_12s_24s_24_1_1_U596    | 1   |        | sub_ln40_219   | sub | dsp_slice | 0       |
|   mac_mulsub_12s_12s_24s_25_1_1_U767    | 1   |        | mul_ln40_294   | mul | dsp_slice | 0       |
|   mac_mulsub_12s_12s_24s_25_1_1_U767    | 1   |        | sub_ln40_220   | sub | dsp_slice | 0       |
|   mac_mulsub_12s_12s_25s_25_1_1_U938    | 1   |        | mul_ln40_295   | mul | dsp_slice | 0       |
|   mac_mulsub_12s_12s_25s_25_1_1_U938    | 1   |        | sub_ln40_221   | sub | dsp_slice | 0       |
|   add_ln40_73_fu_18889_p2               |     |        | add_ln40_73    | add | fabric    | 0       |
|   mul_12s_12s_24_1_1_U79                | 1   |        | mul_ln40_296   | mul | auto      | 0       |
|   mac_mulsub_12s_12s_24s_24_1_1_U597    | 1   |        | mul_ln40_297   | mul | dsp_slice | 0       |
|   mac_mulsub_12s_12s_24s_24_1_1_U597    | 1   |        | sub_ln40_222   | sub | dsp_slice | 0       |
|   mac_mulsub_12s_12s_24s_25_1_1_U768    | 1   |        | mul_ln40_298   | mul | dsp_slice | 0       |
|   mac_mulsub_12s_12s_24s_25_1_1_U768    | 1   |        | sub_ln40_223   | sub | dsp_slice | 0       |
|   mac_mulsub_12s_12s_25s_25_1_1_U939    | 1   |        | mul_ln40_299   | mul | dsp_slice | 0       |
|   mac_mulsub_12s_12s_25s_25_1_1_U939    | 1   |        | sub_ln40_224   | sub | dsp_slice | 0       |
|   add_ln40_74_fu_19095_p2               |     |        | add_ln40_74    | add | fabric    | 0       |
|   mul_12s_12s_24_1_1_U80                | 1   |        | mul_ln40_300   | mul | auto      | 0       |
|   mac_mulsub_12s_12s_24s_24_1_1_U598    | 1   |        | mul_ln40_301   | mul | dsp_slice | 0       |
|   mac_mulsub_12s_12s_24s_24_1_1_U598    | 1   |        | sub_ln40_225   | sub | dsp_slice | 0       |
|   mac_mulsub_12s_12s_24s_25_1_1_U769    | 1   |        | mul_ln40_302   | mul | dsp_slice | 0       |
|   mac_mulsub_12s_12s_24s_25_1_1_U769    | 1   |        | sub_ln40_226   | sub | dsp_slice | 0       |
|   mac_mulsub_12s_12s_25s_25_1_1_U940    | 1   |        | mul_ln40_303   | mul | dsp_slice | 0       |
|   mac_mulsub_12s_12s_25s_25_1_1_U940    | 1   |        | sub_ln40_227   | sub | dsp_slice | 0       |
|   add_ln40_75_fu_19301_p2               |     |        | add_ln40_75    | add | fabric    | 0       |
|   mul_12s_12s_24_1_1_U81                | 1   |        | mul_ln40_304   | mul | auto      | 0       |
|   mac_mulsub_12s_12s_24s_24_1_1_U599    | 1   |        | mul_ln40_305   | mul | dsp_slice | 0       |
|   mac_mulsub_12s_12s_24s_24_1_1_U599    | 1   |        | sub_ln40_228   | sub | dsp_slice | 0       |
|   mac_mulsub_12s_12s_24s_25_1_1_U770    | 1   |        | mul_ln40_306   | mul | dsp_slice | 0       |
|   mac_mulsub_12s_12s_24s_25_1_1_U770    | 1   |        | sub_ln40_229   | sub | dsp_slice | 0       |
|   mac_mulsub_12s_12s_25s_25_1_1_U941    | 1   |        | mul_ln40_307   | mul | dsp_slice | 0       |
|   mac_mulsub_12s_12s_25s_25_1_1_U941    | 1   |        | sub_ln40_230   | sub | dsp_slice | 0       |
|   add_ln40_76_fu_19507_p2               |     |        | add_ln40_76    | add | fabric    | 0       |
|   mul_12s_12s_24_1_1_U82                | 1   |        | mul_ln40_308   | mul | auto      | 0       |
|   mac_mulsub_12s_12s_24s_24_1_1_U600    | 1   |        | mul_ln40_309   | mul | dsp_slice | 0       |
|   mac_mulsub_12s_12s_24s_24_1_1_U600    | 1   |        | sub_ln40_231   | sub | dsp_slice | 0       |
|   mac_mulsub_12s_12s_24s_25_1_1_U771    | 1   |        | mul_ln40_310   | mul | dsp_slice | 0       |
|   mac_mulsub_12s_12s_24s_25_1_1_U771    | 1   |        | sub_ln40_232   | sub | dsp_slice | 0       |
|   mac_mulsub_12s_12s_25s_25_1_1_U942    | 1   |        | mul_ln40_311   | mul | dsp_slice | 0       |
|   mac_mulsub_12s_12s_25s_25_1_1_U942    | 1   |        | sub_ln40_233   | sub | dsp_slice | 0       |
|   add_ln40_77_fu_19713_p2               |     |        | add_ln40_77    | add | fabric    | 0       |
|   mul_12s_12s_24_1_1_U83                | 1   |        | mul_ln40_312   | mul | auto      | 0       |
|   mac_mulsub_12s_12s_24s_24_1_1_U601    | 1   |        | mul_ln40_313   | mul | dsp_slice | 0       |
|   mac_mulsub_12s_12s_24s_24_1_1_U601    | 1   |        | sub_ln40_234   | sub | dsp_slice | 0       |
|   mac_mulsub_12s_12s_24s_25_1_1_U772    | 1   |        | mul_ln40_314   | mul | dsp_slice | 0       |
|   mac_mulsub_12s_12s_24s_25_1_1_U772    | 1   |        | sub_ln40_235   | sub | dsp_slice | 0       |
|   mac_mulsub_12s_12s_25s_25_1_1_U943    | 1   |        | mul_ln40_315   | mul | dsp_slice | 0       |
|   mac_mulsub_12s_12s_25s_25_1_1_U943    | 1   |        | sub_ln40_236   | sub | dsp_slice | 0       |
|   add_ln40_78_fu_19919_p2               |     |        | add_ln40_78    | add | fabric    | 0       |
|   mul_12s_12s_24_1_1_U84                | 1   |        | mul_ln40_316   | mul | auto      | 0       |
|   mac_mulsub_12s_12s_24s_24_1_1_U602    | 1   |        | mul_ln40_317   | mul | dsp_slice | 0       |
|   mac_mulsub_12s_12s_24s_24_1_1_U602    | 1   |        | sub_ln40_237   | sub | dsp_slice | 0       |
|   mac_mulsub_12s_12s_24s_25_1_1_U773    | 1   |        | mul_ln40_318   | mul | dsp_slice | 0       |
|   mac_mulsub_12s_12s_24s_25_1_1_U773    | 1   |        | sub_ln40_238   | sub | dsp_slice | 0       |
|   mac_mulsub_12s_12s_25s_25_1_1_U944    | 1   |        | mul_ln40_319   | mul | dsp_slice | 0       |
|   mac_mulsub_12s_12s_25s_25_1_1_U944    | 1   |        | sub_ln40_239   | sub | dsp_slice | 0       |
|   add_ln40_79_fu_20125_p2               |     |        | add_ln40_79    | add | fabric    | 0       |
|   mul_12s_12s_24_1_1_U85                | 1   |        | mul_ln40_320   | mul | auto      | 0       |
|   mac_mulsub_12s_12s_24s_24_1_1_U603    | 1   |        | mul_ln40_321   | mul | dsp_slice | 0       |
|   mac_mulsub_12s_12s_24s_24_1_1_U603    | 1   |        | sub_ln40_240   | sub | dsp_slice | 0       |
|   mac_mulsub_12s_12s_24s_25_1_1_U774    | 1   |        | mul_ln40_322   | mul | dsp_slice | 0       |
|   mac_mulsub_12s_12s_24s_25_1_1_U774    | 1   |        | sub_ln40_241   | sub | dsp_slice | 0       |
|   mac_mulsub_12s_12s_25s_25_1_1_U945    | 1   |        | mul_ln40_323   | mul | dsp_slice | 0       |
|   mac_mulsub_12s_12s_25s_25_1_1_U945    | 1   |        | sub_ln40_242   | sub | dsp_slice | 0       |
|   add_ln40_80_fu_20331_p2               |     |        | add_ln40_80    | add | fabric    | 0       |
|   mul_12s_12s_24_1_1_U86                | 1   |        | mul_ln40_324   | mul | auto      | 0       |
|   mac_mulsub_12s_12s_24s_24_1_1_U604    | 1   |        | mul_ln40_325   | mul | dsp_slice | 0       |
|   mac_mulsub_12s_12s_24s_24_1_1_U604    | 1   |        | sub_ln40_243   | sub | dsp_slice | 0       |
|   mac_mulsub_12s_12s_24s_25_1_1_U775    | 1   |        | mul_ln40_326   | mul | dsp_slice | 0       |
|   mac_mulsub_12s_12s_24s_25_1_1_U775    | 1   |        | sub_ln40_244   | sub | dsp_slice | 0       |
|   mac_mulsub_12s_12s_25s_25_1_1_U946    | 1   |        | mul_ln40_327   | mul | dsp_slice | 0       |
|   mac_mulsub_12s_12s_25s_25_1_1_U946    | 1   |        | sub_ln40_245   | sub | dsp_slice | 0       |
|   add_ln40_81_fu_20537_p2               |     |        | add_ln40_81    | add | fabric    | 0       |
|   mul_12s_12s_24_1_1_U87                | 1   |        | mul_ln40_328   | mul | auto      | 0       |
|   mac_mulsub_12s_12s_24s_24_1_1_U605    | 1   |        | mul_ln40_329   | mul | dsp_slice | 0       |
|   mac_mulsub_12s_12s_24s_24_1_1_U605    | 1   |        | sub_ln40_246   | sub | dsp_slice | 0       |
|   mac_mulsub_12s_12s_24s_25_1_1_U776    | 1   |        | mul_ln40_330   | mul | dsp_slice | 0       |
|   mac_mulsub_12s_12s_24s_25_1_1_U776    | 1   |        | sub_ln40_247   | sub | dsp_slice | 0       |
|   mac_mulsub_12s_12s_25s_25_1_1_U947    | 1   |        | mul_ln40_331   | mul | dsp_slice | 0       |
|   mac_mulsub_12s_12s_25s_25_1_1_U947    | 1   |        | sub_ln40_248   | sub | dsp_slice | 0       |
|   add_ln40_82_fu_20743_p2               |     |        | add_ln40_82    | add | fabric    | 0       |
|   mul_12s_12s_24_1_1_U88                | 1   |        | mul_ln40_332   | mul | auto      | 0       |
|   mac_mulsub_12s_12s_24s_24_1_1_U606    | 1   |        | mul_ln40_333   | mul | dsp_slice | 0       |
|   mac_mulsub_12s_12s_24s_24_1_1_U606    | 1   |        | sub_ln40_249   | sub | dsp_slice | 0       |
|   mac_mulsub_12s_12s_24s_25_1_1_U777    | 1   |        | mul_ln40_334   | mul | dsp_slice | 0       |
|   mac_mulsub_12s_12s_24s_25_1_1_U777    | 1   |        | sub_ln40_250   | sub | dsp_slice | 0       |
|   mac_mulsub_12s_12s_25s_25_1_1_U948    | 1   |        | mul_ln40_335   | mul | dsp_slice | 0       |
|   mac_mulsub_12s_12s_25s_25_1_1_U948    | 1   |        | sub_ln40_251   | sub | dsp_slice | 0       |
|   add_ln40_83_fu_20949_p2               |     |        | add_ln40_83    | add | fabric    | 0       |
|   mul_12s_12s_24_1_1_U89                | 1   |        | mul_ln40_336   | mul | auto      | 0       |
|   mac_mulsub_12s_12s_24s_24_1_1_U607    | 1   |        | mul_ln40_337   | mul | dsp_slice | 0       |
|   mac_mulsub_12s_12s_24s_24_1_1_U607    | 1   |        | sub_ln40_252   | sub | dsp_slice | 0       |
|   mac_mulsub_12s_12s_24s_25_1_1_U778    | 1   |        | mul_ln40_338   | mul | dsp_slice | 0       |
|   mac_mulsub_12s_12s_24s_25_1_1_U778    | 1   |        | sub_ln40_253   | sub | dsp_slice | 0       |
|   mac_mulsub_12s_12s_25s_25_1_1_U949    | 1   |        | mul_ln40_339   | mul | dsp_slice | 0       |
|   mac_mulsub_12s_12s_25s_25_1_1_U949    | 1   |        | sub_ln40_254   | sub | dsp_slice | 0       |
|   add_ln40_84_fu_21155_p2               |     |        | add_ln40_84    | add | fabric    | 0       |
|   mul_12s_12s_24_1_1_U90                | 1   |        | mul_ln40_340   | mul | auto      | 0       |
|   mac_mulsub_12s_12s_24s_24_1_1_U608    | 1   |        | mul_ln40_341   | mul | dsp_slice | 0       |
|   mac_mulsub_12s_12s_24s_24_1_1_U608    | 1   |        | sub_ln40_255   | sub | dsp_slice | 0       |
|   mac_mulsub_12s_12s_24s_25_1_1_U779    | 1   |        | mul_ln40_342   | mul | dsp_slice | 0       |
|   mac_mulsub_12s_12s_24s_25_1_1_U779    | 1   |        | sub_ln40_256   | sub | dsp_slice | 0       |
|   mac_mulsub_12s_12s_25s_25_1_1_U950    | 1   |        | mul_ln40_343   | mul | dsp_slice | 0       |
|   mac_mulsub_12s_12s_25s_25_1_1_U950    | 1   |        | sub_ln40_257   | sub | dsp_slice | 0       |
|   add_ln40_85_fu_21361_p2               |     |        | add_ln40_85    | add | fabric    | 0       |
|   mul_12s_12s_24_1_1_U91                | 1   |        | mul_ln40_344   | mul | auto      | 0       |
|   mac_mulsub_12s_12s_24s_24_1_1_U609    | 1   |        | mul_ln40_345   | mul | dsp_slice | 0       |
|   mac_mulsub_12s_12s_24s_24_1_1_U609    | 1   |        | sub_ln40_258   | sub | dsp_slice | 0       |
|   mac_mulsub_12s_12s_24s_25_1_1_U780    | 1   |        | mul_ln40_346   | mul | dsp_slice | 0       |
|   mac_mulsub_12s_12s_24s_25_1_1_U780    | 1   |        | sub_ln40_259   | sub | dsp_slice | 0       |
|   mac_mulsub_12s_12s_25s_25_1_1_U951    | 1   |        | mul_ln40_347   | mul | dsp_slice | 0       |
|   mac_mulsub_12s_12s_25s_25_1_1_U951    | 1   |        | sub_ln40_260   | sub | dsp_slice | 0       |
|   add_ln40_86_fu_21567_p2               |     |        | add_ln40_86    | add | fabric    | 0       |
|   mul_12s_12s_24_1_1_U92                | 1   |        | mul_ln40_348   | mul | auto      | 0       |
|   mac_mulsub_12s_12s_24s_24_1_1_U610    | 1   |        | mul_ln40_349   | mul | dsp_slice | 0       |
|   mac_mulsub_12s_12s_24s_24_1_1_U610    | 1   |        | sub_ln40_261   | sub | dsp_slice | 0       |
|   mac_mulsub_12s_12s_24s_25_1_1_U781    | 1   |        | mul_ln40_350   | mul | dsp_slice | 0       |
|   mac_mulsub_12s_12s_24s_25_1_1_U781    | 1   |        | sub_ln40_262   | sub | dsp_slice | 0       |
|   mac_mulsub_12s_12s_25s_25_1_1_U952    | 1   |        | mul_ln40_351   | mul | dsp_slice | 0       |
|   mac_mulsub_12s_12s_25s_25_1_1_U952    | 1   |        | sub_ln40_263   | sub | dsp_slice | 0       |
|   add_ln40_87_fu_21773_p2               |     |        | add_ln40_87    | add | fabric    | 0       |
|   mul_12s_12s_24_1_1_U93                | 1   |        | mul_ln40_352   | mul | auto      | 0       |
|   mac_mulsub_12s_12s_24s_24_1_1_U611    | 1   |        | mul_ln40_353   | mul | dsp_slice | 0       |
|   mac_mulsub_12s_12s_24s_24_1_1_U611    | 1   |        | sub_ln40_264   | sub | dsp_slice | 0       |
|   mac_mulsub_12s_12s_24s_25_1_1_U782    | 1   |        | mul_ln40_354   | mul | dsp_slice | 0       |
|   mac_mulsub_12s_12s_24s_25_1_1_U782    | 1   |        | sub_ln40_265   | sub | dsp_slice | 0       |
|   mac_mulsub_12s_12s_25s_25_1_1_U953    | 1   |        | mul_ln40_355   | mul | dsp_slice | 0       |
|   mac_mulsub_12s_12s_25s_25_1_1_U953    | 1   |        | sub_ln40_266   | sub | dsp_slice | 0       |
|   add_ln40_88_fu_21979_p2               |     |        | add_ln40_88    | add | fabric    | 0       |
|   mul_12s_12s_24_1_1_U94                | 1   |        | mul_ln40_356   | mul | auto      | 0       |
|   mac_mulsub_12s_12s_24s_24_1_1_U612    | 1   |        | mul_ln40_357   | mul | dsp_slice | 0       |
|   mac_mulsub_12s_12s_24s_24_1_1_U612    | 1   |        | sub_ln40_267   | sub | dsp_slice | 0       |
|   mac_mulsub_12s_12s_24s_25_1_1_U783    | 1   |        | mul_ln40_358   | mul | dsp_slice | 0       |
|   mac_mulsub_12s_12s_24s_25_1_1_U783    | 1   |        | sub_ln40_268   | sub | dsp_slice | 0       |
|   mac_mulsub_12s_12s_25s_25_1_1_U954    | 1   |        | mul_ln40_359   | mul | dsp_slice | 0       |
|   mac_mulsub_12s_12s_25s_25_1_1_U954    | 1   |        | sub_ln40_269   | sub | dsp_slice | 0       |
|   add_ln40_89_fu_22185_p2               |     |        | add_ln40_89    | add | fabric    | 0       |
|   mul_12s_12s_24_1_1_U95                | 1   |        | mul_ln40_360   | mul | auto      | 0       |
|   mac_mulsub_12s_12s_24s_24_1_1_U613    | 1   |        | mul_ln40_361   | mul | dsp_slice | 0       |
|   mac_mulsub_12s_12s_24s_24_1_1_U613    | 1   |        | sub_ln40_270   | sub | dsp_slice | 0       |
|   mac_mulsub_12s_12s_24s_25_1_1_U784    | 1   |        | mul_ln40_362   | mul | dsp_slice | 0       |
|   mac_mulsub_12s_12s_24s_25_1_1_U784    | 1   |        | sub_ln40_271   | sub | dsp_slice | 0       |
|   mac_mulsub_12s_12s_25s_25_1_1_U955    | 1   |        | mul_ln40_363   | mul | dsp_slice | 0       |
|   mac_mulsub_12s_12s_25s_25_1_1_U955    | 1   |        | sub_ln40_272   | sub | dsp_slice | 0       |
|   add_ln40_90_fu_22391_p2               |     |        | add_ln40_90    | add | fabric    | 0       |
|   mul_12s_12s_24_1_1_U96                | 1   |        | mul_ln40_364   | mul | auto      | 0       |
|   mac_mulsub_12s_12s_24s_24_1_1_U614    | 1   |        | mul_ln40_365   | mul | dsp_slice | 0       |
|   mac_mulsub_12s_12s_24s_24_1_1_U614    | 1   |        | sub_ln40_273   | sub | dsp_slice | 0       |
|   mac_mulsub_12s_12s_24s_25_1_1_U785    | 1   |        | mul_ln40_366   | mul | dsp_slice | 0       |
|   mac_mulsub_12s_12s_24s_25_1_1_U785    | 1   |        | sub_ln40_274   | sub | dsp_slice | 0       |
|   mac_mulsub_12s_12s_25s_25_1_1_U956    | 1   |        | mul_ln40_367   | mul | dsp_slice | 0       |
|   mac_mulsub_12s_12s_25s_25_1_1_U956    | 1   |        | sub_ln40_275   | sub | dsp_slice | 0       |
|   add_ln40_91_fu_22597_p2               |     |        | add_ln40_91    | add | fabric    | 0       |
|   mul_12s_12s_24_1_1_U97                | 1   |        | mul_ln40_368   | mul | auto      | 0       |
|   mac_mulsub_12s_12s_24s_24_1_1_U615    | 1   |        | mul_ln40_369   | mul | dsp_slice | 0       |
|   mac_mulsub_12s_12s_24s_24_1_1_U615    | 1   |        | sub_ln40_276   | sub | dsp_slice | 0       |
|   mac_mulsub_12s_12s_24s_25_1_1_U786    | 1   |        | mul_ln40_370   | mul | dsp_slice | 0       |
|   mac_mulsub_12s_12s_24s_25_1_1_U786    | 1   |        | sub_ln40_277   | sub | dsp_slice | 0       |
|   mac_mulsub_12s_12s_25s_25_1_1_U957    | 1   |        | mul_ln40_371   | mul | dsp_slice | 0       |
|   mac_mulsub_12s_12s_25s_25_1_1_U957    | 1   |        | sub_ln40_278   | sub | dsp_slice | 0       |
|   add_ln40_92_fu_22803_p2               |     |        | add_ln40_92    | add | fabric    | 0       |
|   mul_12s_12s_24_1_1_U98                | 1   |        | mul_ln40_372   | mul | auto      | 0       |
|   mac_mulsub_12s_12s_24s_24_1_1_U616    | 1   |        | mul_ln40_373   | mul | dsp_slice | 0       |
|   mac_mulsub_12s_12s_24s_24_1_1_U616    | 1   |        | sub_ln40_279   | sub | dsp_slice | 0       |
|   mac_mulsub_12s_12s_24s_25_1_1_U787    | 1   |        | mul_ln40_374   | mul | dsp_slice | 0       |
|   mac_mulsub_12s_12s_24s_25_1_1_U787    | 1   |        | sub_ln40_280   | sub | dsp_slice | 0       |
|   mac_mulsub_12s_12s_25s_25_1_1_U958    | 1   |        | mul_ln40_375   | mul | dsp_slice | 0       |
|   mac_mulsub_12s_12s_25s_25_1_1_U958    | 1   |        | sub_ln40_281   | sub | dsp_slice | 0       |
|   add_ln40_93_fu_23009_p2               |     |        | add_ln40_93    | add | fabric    | 0       |
|   mul_12s_12s_24_1_1_U99                | 1   |        | mul_ln40_376   | mul | auto      | 0       |
|   mac_mulsub_12s_12s_24s_24_1_1_U617    | 1   |        | mul_ln40_377   | mul | dsp_slice | 0       |
|   mac_mulsub_12s_12s_24s_24_1_1_U617    | 1   |        | sub_ln40_282   | sub | dsp_slice | 0       |
|   mac_mulsub_12s_12s_24s_25_1_1_U788    | 1   |        | mul_ln40_378   | mul | dsp_slice | 0       |
|   mac_mulsub_12s_12s_24s_25_1_1_U788    | 1   |        | sub_ln40_283   | sub | dsp_slice | 0       |
|   mac_mulsub_12s_12s_25s_25_1_1_U959    | 1   |        | mul_ln40_379   | mul | dsp_slice | 0       |
|   mac_mulsub_12s_12s_25s_25_1_1_U959    | 1   |        | sub_ln40_284   | sub | dsp_slice | 0       |
|   add_ln40_94_fu_23215_p2               |     |        | add_ln40_94    | add | fabric    | 0       |
|   mul_12s_12s_24_1_1_U100               | 1   |        | mul_ln40_380   | mul | auto      | 0       |
|   mac_mulsub_12s_12s_24s_24_1_1_U618    | 1   |        | mul_ln40_381   | mul | dsp_slice | 0       |
|   mac_mulsub_12s_12s_24s_24_1_1_U618    | 1   |        | sub_ln40_285   | sub | dsp_slice | 0       |
|   mac_mulsub_12s_12s_24s_25_1_1_U789    | 1   |        | mul_ln40_382   | mul | dsp_slice | 0       |
|   mac_mulsub_12s_12s_24s_25_1_1_U789    | 1   |        | sub_ln40_286   | sub | dsp_slice | 0       |
|   mac_mulsub_12s_12s_25s_25_1_1_U960    | 1   |        | mul_ln40_383   | mul | dsp_slice | 0       |
|   mac_mulsub_12s_12s_25s_25_1_1_U960    | 1   |        | sub_ln40_287   | sub | dsp_slice | 0       |
|   add_ln40_95_fu_23421_p2               |     |        | add_ln40_95    | add | fabric    | 0       |
|   mul_12s_12s_24_1_1_U101               | 1   |        | mul_ln40_384   | mul | auto      | 0       |
|   mac_mulsub_12s_12s_24s_24_1_1_U619    | 1   |        | mul_ln40_385   | mul | dsp_slice | 0       |
|   mac_mulsub_12s_12s_24s_24_1_1_U619    | 1   |        | sub_ln40_288   | sub | dsp_slice | 0       |
|   mac_mulsub_12s_12s_24s_25_1_1_U790    | 1   |        | mul_ln40_386   | mul | dsp_slice | 0       |
|   mac_mulsub_12s_12s_24s_25_1_1_U790    | 1   |        | sub_ln40_289   | sub | dsp_slice | 0       |
|   mac_mulsub_12s_12s_25s_25_1_1_U961    | 1   |        | mul_ln40_387   | mul | dsp_slice | 0       |
|   mac_mulsub_12s_12s_25s_25_1_1_U961    | 1   |        | sub_ln40_290   | sub | dsp_slice | 0       |
|   add_ln40_96_fu_23627_p2               |     |        | add_ln40_96    | add | fabric    | 0       |
|   mul_12s_12s_24_1_1_U102               | 1   |        | mul_ln40_388   | mul | auto      | 0       |
|   mac_mulsub_12s_12s_24s_24_1_1_U620    | 1   |        | mul_ln40_389   | mul | dsp_slice | 0       |
|   mac_mulsub_12s_12s_24s_24_1_1_U620    | 1   |        | sub_ln40_291   | sub | dsp_slice | 0       |
|   mac_mulsub_12s_12s_24s_25_1_1_U791    | 1   |        | mul_ln40_390   | mul | dsp_slice | 0       |
|   mac_mulsub_12s_12s_24s_25_1_1_U791    | 1   |        | sub_ln40_292   | sub | dsp_slice | 0       |
|   mac_mulsub_12s_12s_25s_25_1_1_U962    | 1   |        | mul_ln40_391   | mul | dsp_slice | 0       |
|   mac_mulsub_12s_12s_25s_25_1_1_U962    | 1   |        | sub_ln40_293   | sub | dsp_slice | 0       |
|   add_ln40_97_fu_23833_p2               |     |        | add_ln40_97    | add | fabric    | 0       |
|   mul_12s_12s_24_1_1_U103               | 1   |        | mul_ln40_392   | mul | auto      | 0       |
|   mac_mulsub_12s_12s_24s_24_1_1_U621    | 1   |        | mul_ln40_393   | mul | dsp_slice | 0       |
|   mac_mulsub_12s_12s_24s_24_1_1_U621    | 1   |        | sub_ln40_294   | sub | dsp_slice | 0       |
|   mac_mulsub_12s_12s_24s_25_1_1_U792    | 1   |        | mul_ln40_394   | mul | dsp_slice | 0       |
|   mac_mulsub_12s_12s_24s_25_1_1_U792    | 1   |        | sub_ln40_295   | sub | dsp_slice | 0       |
|   mac_mulsub_12s_12s_25s_25_1_1_U963    | 1   |        | mul_ln40_395   | mul | dsp_slice | 0       |
|   mac_mulsub_12s_12s_25s_25_1_1_U963    | 1   |        | sub_ln40_296   | sub | dsp_slice | 0       |
|   add_ln40_98_fu_24039_p2               |     |        | add_ln40_98    | add | fabric    | 0       |
|   mul_12s_12s_24_1_1_U104               | 1   |        | mul_ln40_396   | mul | auto      | 0       |
|   mac_mulsub_12s_12s_24s_24_1_1_U622    | 1   |        | mul_ln40_397   | mul | dsp_slice | 0       |
|   mac_mulsub_12s_12s_24s_24_1_1_U622    | 1   |        | sub_ln40_297   | sub | dsp_slice | 0       |
|   mac_mulsub_12s_12s_24s_25_1_1_U793    | 1   |        | mul_ln40_398   | mul | dsp_slice | 0       |
|   mac_mulsub_12s_12s_24s_25_1_1_U793    | 1   |        | sub_ln40_298   | sub | dsp_slice | 0       |
|   mac_mulsub_12s_12s_25s_25_1_1_U964    | 1   |        | mul_ln40_399   | mul | dsp_slice | 0       |
|   mac_mulsub_12s_12s_25s_25_1_1_U964    | 1   |        | sub_ln40_299   | sub | dsp_slice | 0       |
|   add_ln40_99_fu_24245_p2               |     |        | add_ln40_99    | add | fabric    | 0       |
|   mul_12s_12s_24_1_1_U105               | 1   |        | mul_ln40_400   | mul | auto      | 0       |
|   mac_mulsub_12s_12s_24s_24_1_1_U623    | 1   |        | mul_ln40_401   | mul | dsp_slice | 0       |
|   mac_mulsub_12s_12s_24s_24_1_1_U623    | 1   |        | sub_ln40_300   | sub | dsp_slice | 0       |
|   mac_mulsub_12s_12s_24s_25_1_1_U794    | 1   |        | mul_ln40_402   | mul | dsp_slice | 0       |
|   mac_mulsub_12s_12s_24s_25_1_1_U794    | 1   |        | sub_ln40_301   | sub | dsp_slice | 0       |
|   mac_mulsub_12s_12s_25s_25_1_1_U965    | 1   |        | mul_ln40_403   | mul | dsp_slice | 0       |
|   mac_mulsub_12s_12s_25s_25_1_1_U965    | 1   |        | sub_ln40_302   | sub | dsp_slice | 0       |
|   add_ln40_100_fu_24451_p2              |     |        | add_ln40_100   | add | fabric    | 0       |
|   mul_12s_12s_24_1_1_U106               | 1   |        | mul_ln40_404   | mul | auto      | 0       |
|   mac_mulsub_12s_12s_24s_24_1_1_U624    | 1   |        | mul_ln40_405   | mul | dsp_slice | 0       |
|   mac_mulsub_12s_12s_24s_24_1_1_U624    | 1   |        | sub_ln40_303   | sub | dsp_slice | 0       |
|   mac_mulsub_12s_12s_24s_25_1_1_U795    | 1   |        | mul_ln40_406   | mul | dsp_slice | 0       |
|   mac_mulsub_12s_12s_24s_25_1_1_U795    | 1   |        | sub_ln40_304   | sub | dsp_slice | 0       |
|   mac_mulsub_12s_12s_25s_25_1_1_U966    | 1   |        | mul_ln40_407   | mul | dsp_slice | 0       |
|   mac_mulsub_12s_12s_25s_25_1_1_U966    | 1   |        | sub_ln40_305   | sub | dsp_slice | 0       |
|   add_ln40_101_fu_24657_p2              |     |        | add_ln40_101   | add | fabric    | 0       |
|   mul_12s_12s_24_1_1_U107               | 1   |        | mul_ln40_408   | mul | auto      | 0       |
|   mac_mulsub_12s_12s_24s_24_1_1_U625    | 1   |        | mul_ln40_409   | mul | dsp_slice | 0       |
|   mac_mulsub_12s_12s_24s_24_1_1_U625    | 1   |        | sub_ln40_306   | sub | dsp_slice | 0       |
|   mac_mulsub_12s_12s_24s_25_1_1_U796    | 1   |        | mul_ln40_410   | mul | dsp_slice | 0       |
|   mac_mulsub_12s_12s_24s_25_1_1_U796    | 1   |        | sub_ln40_307   | sub | dsp_slice | 0       |
|   mac_mulsub_12s_12s_25s_25_1_1_U967    | 1   |        | mul_ln40_411   | mul | dsp_slice | 0       |
|   mac_mulsub_12s_12s_25s_25_1_1_U967    | 1   |        | sub_ln40_308   | sub | dsp_slice | 0       |
|   add_ln40_102_fu_24863_p2              |     |        | add_ln40_102   | add | fabric    | 0       |
|   mul_12s_12s_24_1_1_U108               | 1   |        | mul_ln40_412   | mul | auto      | 0       |
|   mac_mulsub_12s_12s_24s_24_1_1_U626    | 1   |        | mul_ln40_413   | mul | dsp_slice | 0       |
|   mac_mulsub_12s_12s_24s_24_1_1_U626    | 1   |        | sub_ln40_309   | sub | dsp_slice | 0       |
|   mac_mulsub_12s_12s_24s_25_1_1_U797    | 1   |        | mul_ln40_414   | mul | dsp_slice | 0       |
|   mac_mulsub_12s_12s_24s_25_1_1_U797    | 1   |        | sub_ln40_310   | sub | dsp_slice | 0       |
|   mac_mulsub_12s_12s_25s_25_1_1_U968    | 1   |        | mul_ln40_415   | mul | dsp_slice | 0       |
|   mac_mulsub_12s_12s_25s_25_1_1_U968    | 1   |        | sub_ln40_311   | sub | dsp_slice | 0       |
|   add_ln40_103_fu_25069_p2              |     |        | add_ln40_103   | add | fabric    | 0       |
|   mul_12s_12s_24_1_1_U109               | 1   |        | mul_ln40_416   | mul | auto      | 0       |
|   mac_mulsub_12s_12s_24s_24_1_1_U627    | 1   |        | mul_ln40_417   | mul | dsp_slice | 0       |
|   mac_mulsub_12s_12s_24s_24_1_1_U627    | 1   |        | sub_ln40_312   | sub | dsp_slice | 0       |
|   mac_mulsub_12s_12s_24s_25_1_1_U798    | 1   |        | mul_ln40_418   | mul | dsp_slice | 0       |
|   mac_mulsub_12s_12s_24s_25_1_1_U798    | 1   |        | sub_ln40_313   | sub | dsp_slice | 0       |
|   mac_mulsub_12s_12s_25s_25_1_1_U969    | 1   |        | mul_ln40_419   | mul | dsp_slice | 0       |
|   mac_mulsub_12s_12s_25s_25_1_1_U969    | 1   |        | sub_ln40_314   | sub | dsp_slice | 0       |
|   add_ln40_104_fu_25275_p2              |     |        | add_ln40_104   | add | fabric    | 0       |
|   mul_12s_12s_24_1_1_U110               | 1   |        | mul_ln40_420   | mul | auto      | 0       |
|   mac_mulsub_12s_12s_24s_24_1_1_U628    | 1   |        | mul_ln40_421   | mul | dsp_slice | 0       |
|   mac_mulsub_12s_12s_24s_24_1_1_U628    | 1   |        | sub_ln40_315   | sub | dsp_slice | 0       |
|   mac_mulsub_12s_12s_24s_25_1_1_U799    | 1   |        | mul_ln40_422   | mul | dsp_slice | 0       |
|   mac_mulsub_12s_12s_24s_25_1_1_U799    | 1   |        | sub_ln40_316   | sub | dsp_slice | 0       |
|   mac_mulsub_12s_12s_25s_25_1_1_U970    | 1   |        | mul_ln40_423   | mul | dsp_slice | 0       |
|   mac_mulsub_12s_12s_25s_25_1_1_U970    | 1   |        | sub_ln40_317   | sub | dsp_slice | 0       |
|   add_ln40_105_fu_25481_p2              |     |        | add_ln40_105   | add | fabric    | 0       |
|   mul_12s_12s_24_1_1_U111               | 1   |        | mul_ln40_424   | mul | auto      | 0       |
|   mac_mulsub_12s_12s_24s_24_1_1_U629    | 1   |        | mul_ln40_425   | mul | dsp_slice | 0       |
|   mac_mulsub_12s_12s_24s_24_1_1_U629    | 1   |        | sub_ln40_318   | sub | dsp_slice | 0       |
|   mac_mulsub_12s_12s_24s_25_1_1_U800    | 1   |        | mul_ln40_426   | mul | dsp_slice | 0       |
|   mac_mulsub_12s_12s_24s_25_1_1_U800    | 1   |        | sub_ln40_319   | sub | dsp_slice | 0       |
|   mac_mulsub_12s_12s_25s_25_1_1_U971    | 1   |        | mul_ln40_427   | mul | dsp_slice | 0       |
|   mac_mulsub_12s_12s_25s_25_1_1_U971    | 1   |        | sub_ln40_320   | sub | dsp_slice | 0       |
|   add_ln40_106_fu_25687_p2              |     |        | add_ln40_106   | add | fabric    | 0       |
|   mul_12s_12s_24_1_1_U112               | 1   |        | mul_ln40_428   | mul | auto      | 0       |
|   mac_mulsub_12s_12s_24s_24_1_1_U630    | 1   |        | mul_ln40_429   | mul | dsp_slice | 0       |
|   mac_mulsub_12s_12s_24s_24_1_1_U630    | 1   |        | sub_ln40_321   | sub | dsp_slice | 0       |
|   mac_mulsub_12s_12s_24s_25_1_1_U801    | 1   |        | mul_ln40_430   | mul | dsp_slice | 0       |
|   mac_mulsub_12s_12s_24s_25_1_1_U801    | 1   |        | sub_ln40_322   | sub | dsp_slice | 0       |
|   mac_mulsub_12s_12s_25s_25_1_1_U972    | 1   |        | mul_ln40_431   | mul | dsp_slice | 0       |
|   mac_mulsub_12s_12s_25s_25_1_1_U972    | 1   |        | sub_ln40_323   | sub | dsp_slice | 0       |
|   add_ln40_107_fu_25893_p2              |     |        | add_ln40_107   | add | fabric    | 0       |
|   mul_12s_12s_24_1_1_U113               | 1   |        | mul_ln40_432   | mul | auto      | 0       |
|   mac_mulsub_12s_12s_24s_24_1_1_U631    | 1   |        | mul_ln40_433   | mul | dsp_slice | 0       |
|   mac_mulsub_12s_12s_24s_24_1_1_U631    | 1   |        | sub_ln40_324   | sub | dsp_slice | 0       |
|   mac_mulsub_12s_12s_24s_25_1_1_U802    | 1   |        | mul_ln40_434   | mul | dsp_slice | 0       |
|   mac_mulsub_12s_12s_24s_25_1_1_U802    | 1   |        | sub_ln40_325   | sub | dsp_slice | 0       |
|   mac_mulsub_12s_12s_25s_25_1_1_U973    | 1   |        | mul_ln40_435   | mul | dsp_slice | 0       |
|   mac_mulsub_12s_12s_25s_25_1_1_U973    | 1   |        | sub_ln40_326   | sub | dsp_slice | 0       |
|   add_ln40_108_fu_26099_p2              |     |        | add_ln40_108   | add | fabric    | 0       |
|   mul_12s_12s_24_1_1_U114               | 1   |        | mul_ln40_436   | mul | auto      | 0       |
|   mac_mulsub_12s_12s_24s_24_1_1_U632    | 1   |        | mul_ln40_437   | mul | dsp_slice | 0       |
|   mac_mulsub_12s_12s_24s_24_1_1_U632    | 1   |        | sub_ln40_327   | sub | dsp_slice | 0       |
|   mac_mulsub_12s_12s_24s_25_1_1_U803    | 1   |        | mul_ln40_438   | mul | dsp_slice | 0       |
|   mac_mulsub_12s_12s_24s_25_1_1_U803    | 1   |        | sub_ln40_328   | sub | dsp_slice | 0       |
|   mac_mulsub_12s_12s_25s_25_1_1_U974    | 1   |        | mul_ln40_439   | mul | dsp_slice | 0       |
|   mac_mulsub_12s_12s_25s_25_1_1_U974    | 1   |        | sub_ln40_329   | sub | dsp_slice | 0       |
|   add_ln40_109_fu_26305_p2              |     |        | add_ln40_109   | add | fabric    | 0       |
|   mul_12s_12s_24_1_1_U115               | 1   |        | mul_ln40_440   | mul | auto      | 0       |
|   mac_mulsub_12s_12s_24s_24_1_1_U633    | 1   |        | mul_ln40_441   | mul | dsp_slice | 0       |
|   mac_mulsub_12s_12s_24s_24_1_1_U633    | 1   |        | sub_ln40_330   | sub | dsp_slice | 0       |
|   mac_mulsub_12s_12s_24s_25_1_1_U804    | 1   |        | mul_ln40_442   | mul | dsp_slice | 0       |
|   mac_mulsub_12s_12s_24s_25_1_1_U804    | 1   |        | sub_ln40_331   | sub | dsp_slice | 0       |
|   mac_mulsub_12s_12s_25s_25_1_1_U975    | 1   |        | mul_ln40_443   | mul | dsp_slice | 0       |
|   mac_mulsub_12s_12s_25s_25_1_1_U975    | 1   |        | sub_ln40_332   | sub | dsp_slice | 0       |
|   add_ln40_110_fu_26511_p2              |     |        | add_ln40_110   | add | fabric    | 0       |
|   mul_12s_12s_24_1_1_U116               | 1   |        | mul_ln40_444   | mul | auto      | 0       |
|   mac_mulsub_12s_12s_24s_24_1_1_U634    | 1   |        | mul_ln40_445   | mul | dsp_slice | 0       |
|   mac_mulsub_12s_12s_24s_24_1_1_U634    | 1   |        | sub_ln40_333   | sub | dsp_slice | 0       |
|   mac_mulsub_12s_12s_24s_25_1_1_U805    | 1   |        | mul_ln40_446   | mul | dsp_slice | 0       |
|   mac_mulsub_12s_12s_24s_25_1_1_U805    | 1   |        | sub_ln40_334   | sub | dsp_slice | 0       |
|   mac_mulsub_12s_12s_25s_25_1_1_U976    | 1   |        | mul_ln40_447   | mul | dsp_slice | 0       |
|   mac_mulsub_12s_12s_25s_25_1_1_U976    | 1   |        | sub_ln40_335   | sub | dsp_slice | 0       |
|   add_ln40_111_fu_26717_p2              |     |        | add_ln40_111   | add | fabric    | 0       |
|   mul_12s_12s_24_1_1_U117               | 1   |        | mul_ln40_448   | mul | auto      | 0       |
|   mac_mulsub_12s_12s_24s_24_1_1_U635    | 1   |        | mul_ln40_449   | mul | dsp_slice | 0       |
|   mac_mulsub_12s_12s_24s_24_1_1_U635    | 1   |        | sub_ln40_336   | sub | dsp_slice | 0       |
|   mac_mulsub_12s_12s_24s_25_1_1_U806    | 1   |        | mul_ln40_450   | mul | dsp_slice | 0       |
|   mac_mulsub_12s_12s_24s_25_1_1_U806    | 1   |        | sub_ln40_337   | sub | dsp_slice | 0       |
|   mac_mulsub_12s_12s_25s_25_1_1_U977    | 1   |        | mul_ln40_451   | mul | dsp_slice | 0       |
|   mac_mulsub_12s_12s_25s_25_1_1_U977    | 1   |        | sub_ln40_338   | sub | dsp_slice | 0       |
|   add_ln40_112_fu_26923_p2              |     |        | add_ln40_112   | add | fabric    | 0       |
|   mul_12s_12s_24_1_1_U118               | 1   |        | mul_ln40_452   | mul | auto      | 0       |
|   mac_mulsub_12s_12s_24s_24_1_1_U636    | 1   |        | mul_ln40_453   | mul | dsp_slice | 0       |
|   mac_mulsub_12s_12s_24s_24_1_1_U636    | 1   |        | sub_ln40_339   | sub | dsp_slice | 0       |
|   mac_mulsub_12s_12s_24s_25_1_1_U807    | 1   |        | mul_ln40_454   | mul | dsp_slice | 0       |
|   mac_mulsub_12s_12s_24s_25_1_1_U807    | 1   |        | sub_ln40_340   | sub | dsp_slice | 0       |
|   mac_mulsub_12s_12s_25s_25_1_1_U978    | 1   |        | mul_ln40_455   | mul | dsp_slice | 0       |
|   mac_mulsub_12s_12s_25s_25_1_1_U978    | 1   |        | sub_ln40_341   | sub | dsp_slice | 0       |
|   add_ln40_113_fu_27129_p2              |     |        | add_ln40_113   | add | fabric    | 0       |
|   mul_12s_12s_24_1_1_U119               | 1   |        | mul_ln40_456   | mul | auto      | 0       |
|   mac_mulsub_12s_12s_24s_24_1_1_U637    | 1   |        | mul_ln40_457   | mul | dsp_slice | 0       |
|   mac_mulsub_12s_12s_24s_24_1_1_U637    | 1   |        | sub_ln40_342   | sub | dsp_slice | 0       |
|   mac_mulsub_12s_12s_24s_25_1_1_U808    | 1   |        | mul_ln40_458   | mul | dsp_slice | 0       |
|   mac_mulsub_12s_12s_24s_25_1_1_U808    | 1   |        | sub_ln40_343   | sub | dsp_slice | 0       |
|   mac_mulsub_12s_12s_25s_25_1_1_U979    | 1   |        | mul_ln40_459   | mul | dsp_slice | 0       |
|   mac_mulsub_12s_12s_25s_25_1_1_U979    | 1   |        | sub_ln40_344   | sub | dsp_slice | 0       |
|   add_ln40_114_fu_27335_p2              |     |        | add_ln40_114   | add | fabric    | 0       |
|   mul_12s_12s_24_1_1_U120               | 1   |        | mul_ln40_460   | mul | auto      | 0       |
|   mac_mulsub_12s_12s_24s_24_1_1_U638    | 1   |        | mul_ln40_461   | mul | dsp_slice | 0       |
|   mac_mulsub_12s_12s_24s_24_1_1_U638    | 1   |        | sub_ln40_345   | sub | dsp_slice | 0       |
|   mac_mulsub_12s_12s_24s_25_1_1_U809    | 1   |        | mul_ln40_462   | mul | dsp_slice | 0       |
|   mac_mulsub_12s_12s_24s_25_1_1_U809    | 1   |        | sub_ln40_346   | sub | dsp_slice | 0       |
|   mac_mulsub_12s_12s_25s_25_1_1_U980    | 1   |        | mul_ln40_463   | mul | dsp_slice | 0       |
|   mac_mulsub_12s_12s_25s_25_1_1_U980    | 1   |        | sub_ln40_347   | sub | dsp_slice | 0       |
|   add_ln40_115_fu_27541_p2              |     |        | add_ln40_115   | add | fabric    | 0       |
|   mul_12s_12s_24_1_1_U121               | 1   |        | mul_ln40_464   | mul | auto      | 0       |
|   mac_mulsub_12s_12s_24s_24_1_1_U639    | 1   |        | mul_ln40_465   | mul | dsp_slice | 0       |
|   mac_mulsub_12s_12s_24s_24_1_1_U639    | 1   |        | sub_ln40_348   | sub | dsp_slice | 0       |
|   mac_mulsub_12s_12s_24s_25_1_1_U810    | 1   |        | mul_ln40_466   | mul | dsp_slice | 0       |
|   mac_mulsub_12s_12s_24s_25_1_1_U810    | 1   |        | sub_ln40_349   | sub | dsp_slice | 0       |
|   mac_mulsub_12s_12s_25s_25_1_1_U981    | 1   |        | mul_ln40_467   | mul | dsp_slice | 0       |
|   mac_mulsub_12s_12s_25s_25_1_1_U981    | 1   |        | sub_ln40_350   | sub | dsp_slice | 0       |
|   add_ln40_116_fu_27747_p2              |     |        | add_ln40_116   | add | fabric    | 0       |
|   mul_12s_12s_24_1_1_U122               | 1   |        | mul_ln40_468   | mul | auto      | 0       |
|   mac_mulsub_12s_12s_24s_24_1_1_U640    | 1   |        | mul_ln40_469   | mul | dsp_slice | 0       |
|   mac_mulsub_12s_12s_24s_24_1_1_U640    | 1   |        | sub_ln40_351   | sub | dsp_slice | 0       |
|   mac_mulsub_12s_12s_24s_25_1_1_U811    | 1   |        | mul_ln40_470   | mul | dsp_slice | 0       |
|   mac_mulsub_12s_12s_24s_25_1_1_U811    | 1   |        | sub_ln40_352   | sub | dsp_slice | 0       |
|   mac_mulsub_12s_12s_25s_25_1_1_U982    | 1   |        | mul_ln40_471   | mul | dsp_slice | 0       |
|   mac_mulsub_12s_12s_25s_25_1_1_U982    | 1   |        | sub_ln40_353   | sub | dsp_slice | 0       |
|   add_ln40_117_fu_27953_p2              |     |        | add_ln40_117   | add | fabric    | 0       |
|   mul_12s_12s_24_1_1_U123               | 1   |        | mul_ln40_472   | mul | auto      | 0       |
|   mac_mulsub_12s_12s_24s_24_1_1_U641    | 1   |        | mul_ln40_473   | mul | dsp_slice | 0       |
|   mac_mulsub_12s_12s_24s_24_1_1_U641    | 1   |        | sub_ln40_354   | sub | dsp_slice | 0       |
|   mac_mulsub_12s_12s_24s_25_1_1_U812    | 1   |        | mul_ln40_474   | mul | dsp_slice | 0       |
|   mac_mulsub_12s_12s_24s_25_1_1_U812    | 1   |        | sub_ln40_355   | sub | dsp_slice | 0       |
|   mac_mulsub_12s_12s_25s_25_1_1_U983    | 1   |        | mul_ln40_475   | mul | dsp_slice | 0       |
|   mac_mulsub_12s_12s_25s_25_1_1_U983    | 1   |        | sub_ln40_356   | sub | dsp_slice | 0       |
|   add_ln40_118_fu_28159_p2              |     |        | add_ln40_118   | add | fabric    | 0       |
|   mul_12s_12s_24_1_1_U124               | 1   |        | mul_ln40_476   | mul | auto      | 0       |
|   mac_mulsub_12s_12s_24s_24_1_1_U642    | 1   |        | mul_ln40_477   | mul | dsp_slice | 0       |
|   mac_mulsub_12s_12s_24s_24_1_1_U642    | 1   |        | sub_ln40_357   | sub | dsp_slice | 0       |
|   mac_mulsub_12s_12s_24s_25_1_1_U813    | 1   |        | mul_ln40_478   | mul | dsp_slice | 0       |
|   mac_mulsub_12s_12s_24s_25_1_1_U813    | 1   |        | sub_ln40_358   | sub | dsp_slice | 0       |
|   mac_mulsub_12s_12s_25s_25_1_1_U984    | 1   |        | mul_ln40_479   | mul | dsp_slice | 0       |
|   mac_mulsub_12s_12s_25s_25_1_1_U984    | 1   |        | sub_ln40_359   | sub | dsp_slice | 0       |
|   add_ln40_119_fu_28365_p2              |     |        | add_ln40_119   | add | fabric    | 0       |
|   mul_12s_12s_24_1_1_U125               | 1   |        | mul_ln40_480   | mul | auto      | 0       |
|   mac_mulsub_12s_12s_24s_24_1_1_U643    | 1   |        | mul_ln40_481   | mul | dsp_slice | 0       |
|   mac_mulsub_12s_12s_24s_24_1_1_U643    | 1   |        | sub_ln40_360   | sub | dsp_slice | 0       |
|   mac_mulsub_12s_12s_24s_25_1_1_U814    | 1   |        | mul_ln40_482   | mul | dsp_slice | 0       |
|   mac_mulsub_12s_12s_24s_25_1_1_U814    | 1   |        | sub_ln40_361   | sub | dsp_slice | 0       |
|   mac_mulsub_12s_12s_25s_25_1_1_U985    | 1   |        | mul_ln40_483   | mul | dsp_slice | 0       |
|   mac_mulsub_12s_12s_25s_25_1_1_U985    | 1   |        | sub_ln40_362   | sub | dsp_slice | 0       |
|   add_ln40_120_fu_28571_p2              |     |        | add_ln40_120   | add | fabric    | 0       |
|   mul_12s_12s_24_1_1_U126               | 1   |        | mul_ln40_484   | mul | auto      | 0       |
|   mac_mulsub_12s_12s_24s_24_1_1_U644    | 1   |        | mul_ln40_485   | mul | dsp_slice | 0       |
|   mac_mulsub_12s_12s_24s_24_1_1_U644    | 1   |        | sub_ln40_363   | sub | dsp_slice | 0       |
|   mac_mulsub_12s_12s_24s_25_1_1_U815    | 1   |        | mul_ln40_486   | mul | dsp_slice | 0       |
|   mac_mulsub_12s_12s_24s_25_1_1_U815    | 1   |        | sub_ln40_364   | sub | dsp_slice | 0       |
|   mac_mulsub_12s_12s_25s_25_1_1_U986    | 1   |        | mul_ln40_487   | mul | dsp_slice | 0       |
|   mac_mulsub_12s_12s_25s_25_1_1_U986    | 1   |        | sub_ln40_365   | sub | dsp_slice | 0       |
|   add_ln40_121_fu_28777_p2              |     |        | add_ln40_121   | add | fabric    | 0       |
|   mul_12s_12s_24_1_1_U127               | 1   |        | mul_ln40_488   | mul | auto      | 0       |
|   mac_mulsub_12s_12s_24s_24_1_1_U645    | 1   |        | mul_ln40_489   | mul | dsp_slice | 0       |
|   mac_mulsub_12s_12s_24s_24_1_1_U645    | 1   |        | sub_ln40_366   | sub | dsp_slice | 0       |
|   mac_mulsub_12s_12s_24s_25_1_1_U816    | 1   |        | mul_ln40_490   | mul | dsp_slice | 0       |
|   mac_mulsub_12s_12s_24s_25_1_1_U816    | 1   |        | sub_ln40_367   | sub | dsp_slice | 0       |
|   mac_mulsub_12s_12s_25s_25_1_1_U987    | 1   |        | mul_ln40_491   | mul | dsp_slice | 0       |
|   mac_mulsub_12s_12s_25s_25_1_1_U987    | 1   |        | sub_ln40_368   | sub | dsp_slice | 0       |
|   add_ln40_122_fu_28983_p2              |     |        | add_ln40_122   | add | fabric    | 0       |
|   mul_12s_12s_24_1_1_U128               | 1   |        | mul_ln40_492   | mul | auto      | 0       |
|   mac_mulsub_12s_12s_24s_24_1_1_U646    | 1   |        | mul_ln40_493   | mul | dsp_slice | 0       |
|   mac_mulsub_12s_12s_24s_24_1_1_U646    | 1   |        | sub_ln40_369   | sub | dsp_slice | 0       |
|   mac_mulsub_12s_12s_24s_25_1_1_U817    | 1   |        | mul_ln40_494   | mul | dsp_slice | 0       |
|   mac_mulsub_12s_12s_24s_25_1_1_U817    | 1   |        | sub_ln40_370   | sub | dsp_slice | 0       |
|   mac_mulsub_12s_12s_25s_25_1_1_U988    | 1   |        | mul_ln40_495   | mul | dsp_slice | 0       |
|   mac_mulsub_12s_12s_25s_25_1_1_U988    | 1   |        | sub_ln40_371   | sub | dsp_slice | 0       |
|   add_ln40_123_fu_29189_p2              |     |        | add_ln40_123   | add | fabric    | 0       |
|   mul_12s_12s_24_1_1_U129               | 1   |        | mul_ln40_496   | mul | auto      | 0       |
|   mac_mulsub_12s_12s_24s_24_1_1_U647    | 1   |        | mul_ln40_497   | mul | dsp_slice | 0       |
|   mac_mulsub_12s_12s_24s_24_1_1_U647    | 1   |        | sub_ln40_372   | sub | dsp_slice | 0       |
|   mac_mulsub_12s_12s_24s_25_1_1_U818    | 1   |        | mul_ln40_498   | mul | dsp_slice | 0       |
|   mac_mulsub_12s_12s_24s_25_1_1_U818    | 1   |        | sub_ln40_373   | sub | dsp_slice | 0       |
|   mac_mulsub_12s_12s_25s_25_1_1_U989    | 1   |        | mul_ln40_499   | mul | dsp_slice | 0       |
|   mac_mulsub_12s_12s_25s_25_1_1_U989    | 1   |        | sub_ln40_374   | sub | dsp_slice | 0       |
|   add_ln40_124_fu_29395_p2              |     |        | add_ln40_124   | add | fabric    | 0       |
|   mul_12s_12s_24_1_1_U130               | 1   |        | mul_ln40_500   | mul | auto      | 0       |
|   mac_mulsub_12s_12s_24s_24_1_1_U648    | 1   |        | mul_ln40_501   | mul | dsp_slice | 0       |
|   mac_mulsub_12s_12s_24s_24_1_1_U648    | 1   |        | sub_ln40_375   | sub | dsp_slice | 0       |
|   mac_mulsub_12s_12s_24s_25_1_1_U819    | 1   |        | mul_ln40_502   | mul | dsp_slice | 0       |
|   mac_mulsub_12s_12s_24s_25_1_1_U819    | 1   |        | sub_ln40_376   | sub | dsp_slice | 0       |
|   mac_mulsub_12s_12s_25s_25_1_1_U990    | 1   |        | mul_ln40_503   | mul | dsp_slice | 0       |
|   mac_mulsub_12s_12s_25s_25_1_1_U990    | 1   |        | sub_ln40_377   | sub | dsp_slice | 0       |
|   add_ln40_125_fu_29601_p2              |     |        | add_ln40_125   | add | fabric    | 0       |
|   mul_12s_12s_24_1_1_U131               | 1   |        | mul_ln40_504   | mul | auto      | 0       |
|   mac_mulsub_12s_12s_24s_24_1_1_U649    | 1   |        | mul_ln40_505   | mul | dsp_slice | 0       |
|   mac_mulsub_12s_12s_24s_24_1_1_U649    | 1   |        | sub_ln40_378   | sub | dsp_slice | 0       |
|   mac_mulsub_12s_12s_24s_25_1_1_U820    | 1   |        | mul_ln40_506   | mul | dsp_slice | 0       |
|   mac_mulsub_12s_12s_24s_25_1_1_U820    | 1   |        | sub_ln40_379   | sub | dsp_slice | 0       |
|   mac_mulsub_12s_12s_25s_25_1_1_U991    | 1   |        | mul_ln40_507   | mul | dsp_slice | 0       |
|   mac_mulsub_12s_12s_25s_25_1_1_U991    | 1   |        | sub_ln40_380   | sub | dsp_slice | 0       |
|   add_ln40_126_fu_29807_p2              |     |        | add_ln40_126   | add | fabric    | 0       |
|   mul_12s_12s_24_1_1_U132               | 1   |        | mul_ln40_508   | mul | auto      | 0       |
|   mac_mulsub_12s_12s_24s_24_1_1_U650    | 1   |        | mul_ln40_509   | mul | dsp_slice | 0       |
|   mac_mulsub_12s_12s_24s_24_1_1_U650    | 1   |        | sub_ln40_381   | sub | dsp_slice | 0       |
|   mac_mulsub_12s_12s_24s_25_1_1_U821    | 1   |        | mul_ln40_510   | mul | dsp_slice | 0       |
|   mac_mulsub_12s_12s_24s_25_1_1_U821    | 1   |        | sub_ln40_382   | sub | dsp_slice | 0       |
|   mac_mulsub_12s_12s_25s_25_1_1_U992    | 1   |        | mul_ln40_511   | mul | dsp_slice | 0       |
|   mac_mulsub_12s_12s_25s_25_1_1_U992    | 1   |        | sub_ln40_383   | sub | dsp_slice | 0       |
|   add_ln40_127_fu_30013_p2              |     |        | add_ln40_127   | add | fabric    | 0       |
|   mul_12s_12s_24_1_1_U133               | 1   |        | mul_ln40_512   | mul | auto      | 0       |
|   mac_mulsub_12s_12s_24s_24_1_1_U651    | 1   |        | mul_ln40_513   | mul | dsp_slice | 0       |
|   mac_mulsub_12s_12s_24s_24_1_1_U651    | 1   |        | sub_ln40_384   | sub | dsp_slice | 0       |
|   mac_mulsub_12s_12s_24s_25_1_1_U822    | 1   |        | mul_ln40_514   | mul | dsp_slice | 0       |
|   mac_mulsub_12s_12s_24s_25_1_1_U822    | 1   |        | sub_ln40_385   | sub | dsp_slice | 0       |
|   mac_mulsub_12s_12s_25s_25_1_1_U993    | 1   |        | mul_ln40_515   | mul | dsp_slice | 0       |
|   mac_mulsub_12s_12s_25s_25_1_1_U993    | 1   |        | sub_ln40_386   | sub | dsp_slice | 0       |
|   add_ln40_128_fu_30219_p2              |     |        | add_ln40_128   | add | fabric    | 0       |
|   mul_12s_12s_24_1_1_U134               | 1   |        | mul_ln40_516   | mul | auto      | 0       |
|   mac_mulsub_12s_12s_24s_24_1_1_U652    | 1   |        | mul_ln40_517   | mul | dsp_slice | 0       |
|   mac_mulsub_12s_12s_24s_24_1_1_U652    | 1   |        | sub_ln40_387   | sub | dsp_slice | 0       |
|   mac_mulsub_12s_12s_24s_25_1_1_U823    | 1   |        | mul_ln40_518   | mul | dsp_slice | 0       |
|   mac_mulsub_12s_12s_24s_25_1_1_U823    | 1   |        | sub_ln40_388   | sub | dsp_slice | 0       |
|   mac_mulsub_12s_12s_25s_25_1_1_U994    | 1   |        | mul_ln40_519   | mul | dsp_slice | 0       |
|   mac_mulsub_12s_12s_25s_25_1_1_U994    | 1   |        | sub_ln40_389   | sub | dsp_slice | 0       |
|   add_ln40_129_fu_30425_p2              |     |        | add_ln40_129   | add | fabric    | 0       |
|   mul_12s_12s_24_1_1_U135               | 1   |        | mul_ln40_520   | mul | auto      | 0       |
|   mac_mulsub_12s_12s_24s_24_1_1_U653    | 1   |        | mul_ln40_521   | mul | dsp_slice | 0       |
|   mac_mulsub_12s_12s_24s_24_1_1_U653    | 1   |        | sub_ln40_390   | sub | dsp_slice | 0       |
|   mac_mulsub_12s_12s_24s_25_1_1_U824    | 1   |        | mul_ln40_522   | mul | dsp_slice | 0       |
|   mac_mulsub_12s_12s_24s_25_1_1_U824    | 1   |        | sub_ln40_391   | sub | dsp_slice | 0       |
|   mac_mulsub_12s_12s_25s_25_1_1_U995    | 1   |        | mul_ln40_523   | mul | dsp_slice | 0       |
|   mac_mulsub_12s_12s_25s_25_1_1_U995    | 1   |        | sub_ln40_392   | sub | dsp_slice | 0       |
|   add_ln40_130_fu_30631_p2              |     |        | add_ln40_130   | add | fabric    | 0       |
|   mul_12s_12s_24_1_1_U136               | 1   |        | mul_ln40_524   | mul | auto      | 0       |
|   mac_mulsub_12s_12s_24s_24_1_1_U654    | 1   |        | mul_ln40_525   | mul | dsp_slice | 0       |
|   mac_mulsub_12s_12s_24s_24_1_1_U654    | 1   |        | sub_ln40_393   | sub | dsp_slice | 0       |
|   mac_mulsub_12s_12s_24s_25_1_1_U825    | 1   |        | mul_ln40_526   | mul | dsp_slice | 0       |
|   mac_mulsub_12s_12s_24s_25_1_1_U825    | 1   |        | sub_ln40_394   | sub | dsp_slice | 0       |
|   mac_mulsub_12s_12s_25s_25_1_1_U996    | 1   |        | mul_ln40_527   | mul | dsp_slice | 0       |
|   mac_mulsub_12s_12s_25s_25_1_1_U996    | 1   |        | sub_ln40_395   | sub | dsp_slice | 0       |
|   add_ln40_131_fu_30837_p2              |     |        | add_ln40_131   | add | fabric    | 0       |
|   mul_12s_12s_24_1_1_U137               | 1   |        | mul_ln40_528   | mul | auto      | 0       |
|   mac_mulsub_12s_12s_24s_24_1_1_U655    | 1   |        | mul_ln40_529   | mul | dsp_slice | 0       |
|   mac_mulsub_12s_12s_24s_24_1_1_U655    | 1   |        | sub_ln40_396   | sub | dsp_slice | 0       |
|   mac_mulsub_12s_12s_24s_25_1_1_U826    | 1   |        | mul_ln40_530   | mul | dsp_slice | 0       |
|   mac_mulsub_12s_12s_24s_25_1_1_U826    | 1   |        | sub_ln40_397   | sub | dsp_slice | 0       |
|   mac_mulsub_12s_12s_25s_25_1_1_U997    | 1   |        | mul_ln40_531   | mul | dsp_slice | 0       |
|   mac_mulsub_12s_12s_25s_25_1_1_U997    | 1   |        | sub_ln40_398   | sub | dsp_slice | 0       |
|   add_ln40_132_fu_31043_p2              |     |        | add_ln40_132   | add | fabric    | 0       |
|   mul_12s_12s_24_1_1_U138               | 1   |        | mul_ln40_532   | mul | auto      | 0       |
|   mac_mulsub_12s_12s_24s_24_1_1_U656    | 1   |        | mul_ln40_533   | mul | dsp_slice | 0       |
|   mac_mulsub_12s_12s_24s_24_1_1_U656    | 1   |        | sub_ln40_399   | sub | dsp_slice | 0       |
|   mac_mulsub_12s_12s_24s_25_1_1_U827    | 1   |        | mul_ln40_534   | mul | dsp_slice | 0       |
|   mac_mulsub_12s_12s_24s_25_1_1_U827    | 1   |        | sub_ln40_400   | sub | dsp_slice | 0       |
|   mac_mulsub_12s_12s_25s_25_1_1_U998    | 1   |        | mul_ln40_535   | mul | dsp_slice | 0       |
|   mac_mulsub_12s_12s_25s_25_1_1_U998    | 1   |        | sub_ln40_401   | sub | dsp_slice | 0       |
|   add_ln40_133_fu_31249_p2              |     |        | add_ln40_133   | add | fabric    | 0       |
|   mul_12s_12s_24_1_1_U139               | 1   |        | mul_ln40_536   | mul | auto      | 0       |
|   mac_mulsub_12s_12s_24s_24_1_1_U657    | 1   |        | mul_ln40_537   | mul | dsp_slice | 0       |
|   mac_mulsub_12s_12s_24s_24_1_1_U657    | 1   |        | sub_ln40_402   | sub | dsp_slice | 0       |
|   mac_mulsub_12s_12s_24s_25_1_1_U828    | 1   |        | mul_ln40_538   | mul | dsp_slice | 0       |
|   mac_mulsub_12s_12s_24s_25_1_1_U828    | 1   |        | sub_ln40_403   | sub | dsp_slice | 0       |
|   mac_mulsub_12s_12s_25s_25_1_1_U999    | 1   |        | mul_ln40_539   | mul | dsp_slice | 0       |
|   mac_mulsub_12s_12s_25s_25_1_1_U999    | 1   |        | sub_ln40_404   | sub | dsp_slice | 0       |
|   add_ln40_134_fu_31455_p2              |     |        | add_ln40_134   | add | fabric    | 0       |
|   mul_12s_12s_24_1_1_U140               | 1   |        | mul_ln40_540   | mul | auto      | 0       |
|   mac_mulsub_12s_12s_24s_24_1_1_U658    | 1   |        | mul_ln40_541   | mul | dsp_slice | 0       |
|   mac_mulsub_12s_12s_24s_24_1_1_U658    | 1   |        | sub_ln40_405   | sub | dsp_slice | 0       |
|   mac_mulsub_12s_12s_24s_25_1_1_U829    | 1   |        | mul_ln40_542   | mul | dsp_slice | 0       |
|   mac_mulsub_12s_12s_24s_25_1_1_U829    | 1   |        | sub_ln40_406   | sub | dsp_slice | 0       |
|   mac_mulsub_12s_12s_25s_25_1_1_U1000   | 1   |        | mul_ln40_543   | mul | dsp_slice | 0       |
|   mac_mulsub_12s_12s_25s_25_1_1_U1000   | 1   |        | sub_ln40_407   | sub | dsp_slice | 0       |
|   add_ln40_135_fu_31661_p2              |     |        | add_ln40_135   | add | fabric    | 0       |
|   mul_12s_12s_24_1_1_U141               | 1   |        | mul_ln40_544   | mul | auto      | 0       |
|   mac_mulsub_12s_12s_24s_24_1_1_U659    | 1   |        | mul_ln40_545   | mul | dsp_slice | 0       |
|   mac_mulsub_12s_12s_24s_24_1_1_U659    | 1   |        | sub_ln40_408   | sub | dsp_slice | 0       |
|   mac_mulsub_12s_12s_24s_25_1_1_U830    | 1   |        | mul_ln40_546   | mul | dsp_slice | 0       |
|   mac_mulsub_12s_12s_24s_25_1_1_U830    | 1   |        | sub_ln40_409   | sub | dsp_slice | 0       |
|   mac_mulsub_12s_12s_25s_25_1_1_U1001   | 1   |        | mul_ln40_547   | mul | dsp_slice | 0       |
|   mac_mulsub_12s_12s_25s_25_1_1_U1001   | 1   |        | sub_ln40_410   | sub | dsp_slice | 0       |
|   add_ln40_136_fu_31867_p2              |     |        | add_ln40_136   | add | fabric    | 0       |
|   mul_12s_12s_24_1_1_U142               | 1   |        | mul_ln40_548   | mul | auto      | 0       |
|   mac_mulsub_12s_12s_24s_24_1_1_U660    | 1   |        | mul_ln40_549   | mul | dsp_slice | 0       |
|   mac_mulsub_12s_12s_24s_24_1_1_U660    | 1   |        | sub_ln40_411   | sub | dsp_slice | 0       |
|   mac_mulsub_12s_12s_24s_25_1_1_U831    | 1   |        | mul_ln40_550   | mul | dsp_slice | 0       |
|   mac_mulsub_12s_12s_24s_25_1_1_U831    | 1   |        | sub_ln40_412   | sub | dsp_slice | 0       |
|   mac_mulsub_12s_12s_25s_25_1_1_U1002   | 1   |        | mul_ln40_551   | mul | dsp_slice | 0       |
|   mac_mulsub_12s_12s_25s_25_1_1_U1002   | 1   |        | sub_ln40_413   | sub | dsp_slice | 0       |
|   add_ln40_137_fu_32073_p2              |     |        | add_ln40_137   | add | fabric    | 0       |
|   mul_12s_12s_24_1_1_U143               | 1   |        | mul_ln40_552   | mul | auto      | 0       |
|   mac_mulsub_12s_12s_24s_24_1_1_U661    | 1   |        | mul_ln40_553   | mul | dsp_slice | 0       |
|   mac_mulsub_12s_12s_24s_24_1_1_U661    | 1   |        | sub_ln40_414   | sub | dsp_slice | 0       |
|   mac_mulsub_12s_12s_24s_25_1_1_U832    | 1   |        | mul_ln40_554   | mul | dsp_slice | 0       |
|   mac_mulsub_12s_12s_24s_25_1_1_U832    | 1   |        | sub_ln40_415   | sub | dsp_slice | 0       |
|   mac_mulsub_12s_12s_25s_25_1_1_U1003   | 1   |        | mul_ln40_555   | mul | dsp_slice | 0       |
|   mac_mulsub_12s_12s_25s_25_1_1_U1003   | 1   |        | sub_ln40_416   | sub | dsp_slice | 0       |
|   add_ln40_138_fu_32279_p2              |     |        | add_ln40_138   | add | fabric    | 0       |
|   mul_12s_12s_24_1_1_U144               | 1   |        | mul_ln40_556   | mul | auto      | 0       |
|   mac_mulsub_12s_12s_24s_24_1_1_U662    | 1   |        | mul_ln40_557   | mul | dsp_slice | 0       |
|   mac_mulsub_12s_12s_24s_24_1_1_U662    | 1   |        | sub_ln40_417   | sub | dsp_slice | 0       |
|   mac_mulsub_12s_12s_24s_25_1_1_U833    | 1   |        | mul_ln40_558   | mul | dsp_slice | 0       |
|   mac_mulsub_12s_12s_24s_25_1_1_U833    | 1   |        | sub_ln40_418   | sub | dsp_slice | 0       |
|   mac_mulsub_12s_12s_25s_25_1_1_U1004   | 1   |        | mul_ln40_559   | mul | dsp_slice | 0       |
|   mac_mulsub_12s_12s_25s_25_1_1_U1004   | 1   |        | sub_ln40_419   | sub | dsp_slice | 0       |
|   add_ln40_139_fu_32485_p2              |     |        | add_ln40_139   | add | fabric    | 0       |
|   mul_12s_12s_24_1_1_U145               | 1   |        | mul_ln40_560   | mul | auto      | 0       |
|   mac_mulsub_12s_12s_24s_24_1_1_U663    | 1   |        | mul_ln40_561   | mul | dsp_slice | 0       |
|   mac_mulsub_12s_12s_24s_24_1_1_U663    | 1   |        | sub_ln40_420   | sub | dsp_slice | 0       |
|   mac_mulsub_12s_12s_24s_25_1_1_U834    | 1   |        | mul_ln40_562   | mul | dsp_slice | 0       |
|   mac_mulsub_12s_12s_24s_25_1_1_U834    | 1   |        | sub_ln40_421   | sub | dsp_slice | 0       |
|   mac_mulsub_12s_12s_25s_25_1_1_U1005   | 1   |        | mul_ln40_563   | mul | dsp_slice | 0       |
|   mac_mulsub_12s_12s_25s_25_1_1_U1005   | 1   |        | sub_ln40_422   | sub | dsp_slice | 0       |
|   add_ln40_140_fu_32691_p2              |     |        | add_ln40_140   | add | fabric    | 0       |
|   mul_12s_12s_24_1_1_U146               | 1   |        | mul_ln40_564   | mul | auto      | 0       |
|   mac_mulsub_12s_12s_24s_24_1_1_U664    | 1   |        | mul_ln40_565   | mul | dsp_slice | 0       |
|   mac_mulsub_12s_12s_24s_24_1_1_U664    | 1   |        | sub_ln40_423   | sub | dsp_slice | 0       |
|   mac_mulsub_12s_12s_24s_25_1_1_U835    | 1   |        | mul_ln40_566   | mul | dsp_slice | 0       |
|   mac_mulsub_12s_12s_24s_25_1_1_U835    | 1   |        | sub_ln40_424   | sub | dsp_slice | 0       |
|   mac_mulsub_12s_12s_25s_25_1_1_U1006   | 1   |        | mul_ln40_567   | mul | dsp_slice | 0       |
|   mac_mulsub_12s_12s_25s_25_1_1_U1006   | 1   |        | sub_ln40_425   | sub | dsp_slice | 0       |
|   add_ln40_141_fu_32897_p2              |     |        | add_ln40_141   | add | fabric    | 0       |
|   mul_12s_12s_24_1_1_U147               | 1   |        | mul_ln40_568   | mul | auto      | 0       |
|   mac_mulsub_12s_12s_24s_24_1_1_U665    | 1   |        | mul_ln40_569   | mul | dsp_slice | 0       |
|   mac_mulsub_12s_12s_24s_24_1_1_U665    | 1   |        | sub_ln40_426   | sub | dsp_slice | 0       |
|   mac_mulsub_12s_12s_24s_25_1_1_U836    | 1   |        | mul_ln40_570   | mul | dsp_slice | 0       |
|   mac_mulsub_12s_12s_24s_25_1_1_U836    | 1   |        | sub_ln40_427   | sub | dsp_slice | 0       |
|   mac_mulsub_12s_12s_25s_25_1_1_U1007   | 1   |        | mul_ln40_571   | mul | dsp_slice | 0       |
|   mac_mulsub_12s_12s_25s_25_1_1_U1007   | 1   |        | sub_ln40_428   | sub | dsp_slice | 0       |
|   add_ln40_142_fu_33103_p2              |     |        | add_ln40_142   | add | fabric    | 0       |
|   mul_12s_12s_24_1_1_U148               | 1   |        | mul_ln40_572   | mul | auto      | 0       |
|   mac_mulsub_12s_12s_24s_24_1_1_U666    | 1   |        | mul_ln40_573   | mul | dsp_slice | 0       |
|   mac_mulsub_12s_12s_24s_24_1_1_U666    | 1   |        | sub_ln40_429   | sub | dsp_slice | 0       |
|   mac_mulsub_12s_12s_24s_25_1_1_U837    | 1   |        | mul_ln40_574   | mul | dsp_slice | 0       |
|   mac_mulsub_12s_12s_24s_25_1_1_U837    | 1   |        | sub_ln40_430   | sub | dsp_slice | 0       |
|   mac_mulsub_12s_12s_25s_25_1_1_U1008   | 1   |        | mul_ln40_575   | mul | dsp_slice | 0       |
|   mac_mulsub_12s_12s_25s_25_1_1_U1008   | 1   |        | sub_ln40_431   | sub | dsp_slice | 0       |
|   add_ln40_143_fu_33309_p2              |     |        | add_ln40_143   | add | fabric    | 0       |
|   mul_12s_12s_24_1_1_U149               | 1   |        | mul_ln40_576   | mul | auto      | 0       |
|   mac_mulsub_12s_12s_24s_24_1_1_U667    | 1   |        | mul_ln40_577   | mul | dsp_slice | 0       |
|   mac_mulsub_12s_12s_24s_24_1_1_U667    | 1   |        | sub_ln40_432   | sub | dsp_slice | 0       |
|   mac_mulsub_12s_12s_24s_25_1_1_U838    | 1   |        | mul_ln40_578   | mul | dsp_slice | 0       |
|   mac_mulsub_12s_12s_24s_25_1_1_U838    | 1   |        | sub_ln40_433   | sub | dsp_slice | 0       |
|   mac_mulsub_12s_12s_25s_25_1_1_U1009   | 1   |        | mul_ln40_579   | mul | dsp_slice | 0       |
|   mac_mulsub_12s_12s_25s_25_1_1_U1009   | 1   |        | sub_ln40_434   | sub | dsp_slice | 0       |
|   add_ln40_144_fu_33515_p2              |     |        | add_ln40_144   | add | fabric    | 0       |
|   mul_12s_12s_24_1_1_U150               | 1   |        | mul_ln40_580   | mul | auto      | 0       |
|   mac_mulsub_12s_12s_24s_24_1_1_U668    | 1   |        | mul_ln40_581   | mul | dsp_slice | 0       |
|   mac_mulsub_12s_12s_24s_24_1_1_U668    | 1   |        | sub_ln40_435   | sub | dsp_slice | 0       |
|   mac_mulsub_12s_12s_24s_25_1_1_U839    | 1   |        | mul_ln40_582   | mul | dsp_slice | 0       |
|   mac_mulsub_12s_12s_24s_25_1_1_U839    | 1   |        | sub_ln40_436   | sub | dsp_slice | 0       |
|   mac_mulsub_12s_12s_25s_25_1_1_U1010   | 1   |        | mul_ln40_583   | mul | dsp_slice | 0       |
|   mac_mulsub_12s_12s_25s_25_1_1_U1010   | 1   |        | sub_ln40_437   | sub | dsp_slice | 0       |
|   add_ln40_145_fu_33721_p2              |     |        | add_ln40_145   | add | fabric    | 0       |
|   mul_12s_12s_24_1_1_U151               | 1   |        | mul_ln40_584   | mul | auto      | 0       |
|   mac_mulsub_12s_12s_24s_24_1_1_U669    | 1   |        | mul_ln40_585   | mul | dsp_slice | 0       |
|   mac_mulsub_12s_12s_24s_24_1_1_U669    | 1   |        | sub_ln40_438   | sub | dsp_slice | 0       |
|   mac_mulsub_12s_12s_24s_25_1_1_U840    | 1   |        | mul_ln40_586   | mul | dsp_slice | 0       |
|   mac_mulsub_12s_12s_24s_25_1_1_U840    | 1   |        | sub_ln40_439   | sub | dsp_slice | 0       |
|   mac_mulsub_12s_12s_25s_25_1_1_U1011   | 1   |        | mul_ln40_587   | mul | dsp_slice | 0       |
|   mac_mulsub_12s_12s_25s_25_1_1_U1011   | 1   |        | sub_ln40_440   | sub | dsp_slice | 0       |
|   add_ln40_146_fu_33927_p2              |     |        | add_ln40_146   | add | fabric    | 0       |
|   mul_12s_12s_24_1_1_U152               | 1   |        | mul_ln40_588   | mul | auto      | 0       |
|   mac_mulsub_12s_12s_24s_24_1_1_U670    | 1   |        | mul_ln40_589   | mul | dsp_slice | 0       |
|   mac_mulsub_12s_12s_24s_24_1_1_U670    | 1   |        | sub_ln40_441   | sub | dsp_slice | 0       |
|   mac_mulsub_12s_12s_24s_25_1_1_U841    | 1   |        | mul_ln40_590   | mul | dsp_slice | 0       |
|   mac_mulsub_12s_12s_24s_25_1_1_U841    | 1   |        | sub_ln40_442   | sub | dsp_slice | 0       |
|   mac_mulsub_12s_12s_25s_25_1_1_U1012   | 1   |        | mul_ln40_591   | mul | dsp_slice | 0       |
|   mac_mulsub_12s_12s_25s_25_1_1_U1012   | 1   |        | sub_ln40_443   | sub | dsp_slice | 0       |
|   add_ln40_147_fu_34133_p2              |     |        | add_ln40_147   | add | fabric    | 0       |
|   mul_12s_12s_24_1_1_U153               | 1   |        | mul_ln40_592   | mul | auto      | 0       |
|   mac_mulsub_12s_12s_24s_24_1_1_U671    | 1   |        | mul_ln40_593   | mul | dsp_slice | 0       |
|   mac_mulsub_12s_12s_24s_24_1_1_U671    | 1   |        | sub_ln40_444   | sub | dsp_slice | 0       |
|   mac_mulsub_12s_12s_24s_25_1_1_U842    | 1   |        | mul_ln40_594   | mul | dsp_slice | 0       |
|   mac_mulsub_12s_12s_24s_25_1_1_U842    | 1   |        | sub_ln40_445   | sub | dsp_slice | 0       |
|   mac_mulsub_12s_12s_25s_25_1_1_U1013   | 1   |        | mul_ln40_595   | mul | dsp_slice | 0       |
|   mac_mulsub_12s_12s_25s_25_1_1_U1013   | 1   |        | sub_ln40_446   | sub | dsp_slice | 0       |
|   add_ln40_148_fu_34339_p2              |     |        | add_ln40_148   | add | fabric    | 0       |
|   mul_12s_12s_24_1_1_U154               | 1   |        | mul_ln40_596   | mul | auto      | 0       |
|   mac_mulsub_12s_12s_24s_24_1_1_U672    | 1   |        | mul_ln40_597   | mul | dsp_slice | 0       |
|   mac_mulsub_12s_12s_24s_24_1_1_U672    | 1   |        | sub_ln40_447   | sub | dsp_slice | 0       |
|   mac_mulsub_12s_12s_24s_25_1_1_U843    | 1   |        | mul_ln40_598   | mul | dsp_slice | 0       |
|   mac_mulsub_12s_12s_24s_25_1_1_U843    | 1   |        | sub_ln40_448   | sub | dsp_slice | 0       |
|   mac_mulsub_12s_12s_25s_25_1_1_U1014   | 1   |        | mul_ln40_599   | mul | dsp_slice | 0       |
|   mac_mulsub_12s_12s_25s_25_1_1_U1014   | 1   |        | sub_ln40_449   | sub | dsp_slice | 0       |
|   add_ln40_149_fu_34545_p2              |     |        | add_ln40_149   | add | fabric    | 0       |
|   mul_12s_12s_24_1_1_U155               | 1   |        | mul_ln40_600   | mul | auto      | 0       |
|   mac_mulsub_12s_12s_24s_24_1_1_U673    | 1   |        | mul_ln40_601   | mul | dsp_slice | 0       |
|   mac_mulsub_12s_12s_24s_24_1_1_U673    | 1   |        | sub_ln40_450   | sub | dsp_slice | 0       |
|   mac_mulsub_12s_12s_24s_25_1_1_U844    | 1   |        | mul_ln40_602   | mul | dsp_slice | 0       |
|   mac_mulsub_12s_12s_24s_25_1_1_U844    | 1   |        | sub_ln40_451   | sub | dsp_slice | 0       |
|   mac_mulsub_12s_12s_25s_25_1_1_U1015   | 1   |        | mul_ln40_603   | mul | dsp_slice | 0       |
|   mac_mulsub_12s_12s_25s_25_1_1_U1015   | 1   |        | sub_ln40_452   | sub | dsp_slice | 0       |
|   add_ln40_150_fu_34751_p2              |     |        | add_ln40_150   | add | fabric    | 0       |
|   mul_12s_12s_24_1_1_U156               | 1   |        | mul_ln40_604   | mul | auto      | 0       |
|   mac_mulsub_12s_12s_24s_24_1_1_U674    | 1   |        | mul_ln40_605   | mul | dsp_slice | 0       |
|   mac_mulsub_12s_12s_24s_24_1_1_U674    | 1   |        | sub_ln40_453   | sub | dsp_slice | 0       |
|   mac_mulsub_12s_12s_24s_25_1_1_U845    | 1   |        | mul_ln40_606   | mul | dsp_slice | 0       |
|   mac_mulsub_12s_12s_24s_25_1_1_U845    | 1   |        | sub_ln40_454   | sub | dsp_slice | 0       |
|   mac_mulsub_12s_12s_25s_25_1_1_U1016   | 1   |        | mul_ln40_607   | mul | dsp_slice | 0       |
|   mac_mulsub_12s_12s_25s_25_1_1_U1016   | 1   |        | sub_ln40_455   | sub | dsp_slice | 0       |
|   add_ln40_151_fu_34957_p2              |     |        | add_ln40_151   | add | fabric    | 0       |
|   mul_12s_12s_24_1_1_U157               | 1   |        | mul_ln40_608   | mul | auto      | 0       |
|   mac_mulsub_12s_12s_24s_24_1_1_U675    | 1   |        | mul_ln40_609   | mul | dsp_slice | 0       |
|   mac_mulsub_12s_12s_24s_24_1_1_U675    | 1   |        | sub_ln40_456   | sub | dsp_slice | 0       |
|   mac_mulsub_12s_12s_24s_25_1_1_U846    | 1   |        | mul_ln40_610   | mul | dsp_slice | 0       |
|   mac_mulsub_12s_12s_24s_25_1_1_U846    | 1   |        | sub_ln40_457   | sub | dsp_slice | 0       |
|   mac_mulsub_12s_12s_25s_25_1_1_U1017   | 1   |        | mul_ln40_611   | mul | dsp_slice | 0       |
|   mac_mulsub_12s_12s_25s_25_1_1_U1017   | 1   |        | sub_ln40_458   | sub | dsp_slice | 0       |
|   add_ln40_152_fu_35163_p2              |     |        | add_ln40_152   | add | fabric    | 0       |
|   mul_12s_12s_24_1_1_U158               | 1   |        | mul_ln40_612   | mul | auto      | 0       |
|   mac_mulsub_12s_12s_24s_24_1_1_U676    | 1   |        | mul_ln40_613   | mul | dsp_slice | 0       |
|   mac_mulsub_12s_12s_24s_24_1_1_U676    | 1   |        | sub_ln40_459   | sub | dsp_slice | 0       |
|   mac_mulsub_12s_12s_24s_25_1_1_U847    | 1   |        | mul_ln40_614   | mul | dsp_slice | 0       |
|   mac_mulsub_12s_12s_24s_25_1_1_U847    | 1   |        | sub_ln40_460   | sub | dsp_slice | 0       |
|   mac_mulsub_12s_12s_25s_25_1_1_U1018   | 1   |        | mul_ln40_615   | mul | dsp_slice | 0       |
|   mac_mulsub_12s_12s_25s_25_1_1_U1018   | 1   |        | sub_ln40_461   | sub | dsp_slice | 0       |
|   add_ln40_153_fu_35369_p2              |     |        | add_ln40_153   | add | fabric    | 0       |
|   mul_12s_12s_24_1_1_U159               | 1   |        | mul_ln40_616   | mul | auto      | 0       |
|   mac_mulsub_12s_12s_24s_24_1_1_U677    | 1   |        | mul_ln40_617   | mul | dsp_slice | 0       |
|   mac_mulsub_12s_12s_24s_24_1_1_U677    | 1   |        | sub_ln40_462   | sub | dsp_slice | 0       |
|   mac_mulsub_12s_12s_24s_25_1_1_U848    | 1   |        | mul_ln40_618   | mul | dsp_slice | 0       |
|   mac_mulsub_12s_12s_24s_25_1_1_U848    | 1   |        | sub_ln40_463   | sub | dsp_slice | 0       |
|   mac_mulsub_12s_12s_25s_25_1_1_U1019   | 1   |        | mul_ln40_619   | mul | dsp_slice | 0       |
|   mac_mulsub_12s_12s_25s_25_1_1_U1019   | 1   |        | sub_ln40_464   | sub | dsp_slice | 0       |
|   add_ln40_154_fu_35575_p2              |     |        | add_ln40_154   | add | fabric    | 0       |
|   mul_12s_12s_24_1_1_U160               | 1   |        | mul_ln40_620   | mul | auto      | 0       |
|   mac_mulsub_12s_12s_24s_24_1_1_U678    | 1   |        | mul_ln40_621   | mul | dsp_slice | 0       |
|   mac_mulsub_12s_12s_24s_24_1_1_U678    | 1   |        | sub_ln40_465   | sub | dsp_slice | 0       |
|   mac_mulsub_12s_12s_24s_25_1_1_U849    | 1   |        | mul_ln40_622   | mul | dsp_slice | 0       |
|   mac_mulsub_12s_12s_24s_25_1_1_U849    | 1   |        | sub_ln40_466   | sub | dsp_slice | 0       |
|   mac_mulsub_12s_12s_25s_25_1_1_U1020   | 1   |        | mul_ln40_623   | mul | dsp_slice | 0       |
|   mac_mulsub_12s_12s_25s_25_1_1_U1020   | 1   |        | sub_ln40_467   | sub | dsp_slice | 0       |
|   add_ln40_155_fu_35781_p2              |     |        | add_ln40_155   | add | fabric    | 0       |
|   mul_12s_12s_24_1_1_U161               | 1   |        | mul_ln40_624   | mul | auto      | 0       |
|   mac_mulsub_12s_12s_24s_24_1_1_U679    | 1   |        | mul_ln40_625   | mul | dsp_slice | 0       |
|   mac_mulsub_12s_12s_24s_24_1_1_U679    | 1   |        | sub_ln40_468   | sub | dsp_slice | 0       |
|   mac_mulsub_12s_12s_24s_25_1_1_U850    | 1   |        | mul_ln40_626   | mul | dsp_slice | 0       |
|   mac_mulsub_12s_12s_24s_25_1_1_U850    | 1   |        | sub_ln40_469   | sub | dsp_slice | 0       |
|   mac_mulsub_12s_12s_25s_25_1_1_U1021   | 1   |        | mul_ln40_627   | mul | dsp_slice | 0       |
|   mac_mulsub_12s_12s_25s_25_1_1_U1021   | 1   |        | sub_ln40_470   | sub | dsp_slice | 0       |
|   add_ln40_156_fu_35987_p2              |     |        | add_ln40_156   | add | fabric    | 0       |
|   mul_12s_12s_24_1_1_U162               | 1   |        | mul_ln40_628   | mul | auto      | 0       |
|   mac_mulsub_12s_12s_24s_24_1_1_U680    | 1   |        | mul_ln40_629   | mul | dsp_slice | 0       |
|   mac_mulsub_12s_12s_24s_24_1_1_U680    | 1   |        | sub_ln40_471   | sub | dsp_slice | 0       |
|   mac_mulsub_12s_12s_24s_25_1_1_U851    | 1   |        | mul_ln40_630   | mul | dsp_slice | 0       |
|   mac_mulsub_12s_12s_24s_25_1_1_U851    | 1   |        | sub_ln40_472   | sub | dsp_slice | 0       |
|   mac_mulsub_12s_12s_25s_25_1_1_U1022   | 1   |        | mul_ln40_631   | mul | dsp_slice | 0       |
|   mac_mulsub_12s_12s_25s_25_1_1_U1022   | 1   |        | sub_ln40_473   | sub | dsp_slice | 0       |
|   add_ln40_157_fu_36193_p2              |     |        | add_ln40_157   | add | fabric    | 0       |
|   mul_12s_12s_24_1_1_U163               | 1   |        | mul_ln40_632   | mul | auto      | 0       |
|   mac_mulsub_12s_12s_24s_24_1_1_U681    | 1   |        | mul_ln40_633   | mul | dsp_slice | 0       |
|   mac_mulsub_12s_12s_24s_24_1_1_U681    | 1   |        | sub_ln40_474   | sub | dsp_slice | 0       |
|   mac_mulsub_12s_12s_24s_25_1_1_U852    | 1   |        | mul_ln40_634   | mul | dsp_slice | 0       |
|   mac_mulsub_12s_12s_24s_25_1_1_U852    | 1   |        | sub_ln40_475   | sub | dsp_slice | 0       |
|   mac_mulsub_12s_12s_25s_25_1_1_U1023   | 1   |        | mul_ln40_635   | mul | dsp_slice | 0       |
|   mac_mulsub_12s_12s_25s_25_1_1_U1023   | 1   |        | sub_ln40_476   | sub | dsp_slice | 0       |
|   add_ln40_158_fu_36399_p2              |     |        | add_ln40_158   | add | fabric    | 0       |
|   mul_12s_12s_24_1_1_U164               | 1   |        | mul_ln40_636   | mul | auto      | 0       |
|   mac_mulsub_12s_12s_24s_24_1_1_U682    | 1   |        | mul_ln40_637   | mul | dsp_slice | 0       |
|   mac_mulsub_12s_12s_24s_24_1_1_U682    | 1   |        | sub_ln40_477   | sub | dsp_slice | 0       |
|   mac_mulsub_12s_12s_24s_25_1_1_U853    | 1   |        | mul_ln40_638   | mul | dsp_slice | 0       |
|   mac_mulsub_12s_12s_24s_25_1_1_U853    | 1   |        | sub_ln40_478   | sub | dsp_slice | 0       |
|   mac_mulsub_12s_12s_25s_25_1_1_U1024   | 1   |        | mul_ln40_639   | mul | dsp_slice | 0       |
|   mac_mulsub_12s_12s_25s_25_1_1_U1024   | 1   |        | sub_ln40_479   | sub | dsp_slice | 0       |
|   add_ln40_159_fu_36605_p2              |     |        | add_ln40_159   | add | fabric    | 0       |
|   mul_12s_12s_24_1_1_U165               | 1   |        | mul_ln40_640   | mul | auto      | 0       |
|   mac_mulsub_12s_12s_24s_24_1_1_U683    | 1   |        | mul_ln40_641   | mul | dsp_slice | 0       |
|   mac_mulsub_12s_12s_24s_24_1_1_U683    | 1   |        | sub_ln40_480   | sub | dsp_slice | 0       |
|   mac_mulsub_12s_12s_24s_25_1_1_U854    | 1   |        | mul_ln40_642   | mul | dsp_slice | 0       |
|   mac_mulsub_12s_12s_24s_25_1_1_U854    | 1   |        | sub_ln40_481   | sub | dsp_slice | 0       |
|   mac_mulsub_12s_12s_25s_25_1_1_U1025   | 1   |        | mul_ln40_643   | mul | dsp_slice | 0       |
|   mac_mulsub_12s_12s_25s_25_1_1_U1025   | 1   |        | sub_ln40_482   | sub | dsp_slice | 0       |
|   add_ln40_160_fu_36811_p2              |     |        | add_ln40_160   | add | fabric    | 0       |
|   mul_12s_12s_24_1_1_U166               | 1   |        | mul_ln40_644   | mul | auto      | 0       |
|   mac_mulsub_12s_12s_24s_24_1_1_U684    | 1   |        | mul_ln40_645   | mul | dsp_slice | 0       |
|   mac_mulsub_12s_12s_24s_24_1_1_U684    | 1   |        | sub_ln40_483   | sub | dsp_slice | 0       |
|   mac_mulsub_12s_12s_24s_25_1_1_U855    | 1   |        | mul_ln40_646   | mul | dsp_slice | 0       |
|   mac_mulsub_12s_12s_24s_25_1_1_U855    | 1   |        | sub_ln40_484   | sub | dsp_slice | 0       |
|   mac_mulsub_12s_12s_25s_25_1_1_U1026   | 1   |        | mul_ln40_647   | mul | dsp_slice | 0       |
|   mac_mulsub_12s_12s_25s_25_1_1_U1026   | 1   |        | sub_ln40_485   | sub | dsp_slice | 0       |
|   add_ln40_161_fu_37017_p2              |     |        | add_ln40_161   | add | fabric    | 0       |
|   mul_12s_12s_24_1_1_U167               | 1   |        | mul_ln40_648   | mul | auto      | 0       |
|   mac_mulsub_12s_12s_24s_24_1_1_U685    | 1   |        | mul_ln40_649   | mul | dsp_slice | 0       |
|   mac_mulsub_12s_12s_24s_24_1_1_U685    | 1   |        | sub_ln40_486   | sub | dsp_slice | 0       |
|   mac_mulsub_12s_12s_24s_25_1_1_U856    | 1   |        | mul_ln40_650   | mul | dsp_slice | 0       |
|   mac_mulsub_12s_12s_24s_25_1_1_U856    | 1   |        | sub_ln40_487   | sub | dsp_slice | 0       |
|   mac_mulsub_12s_12s_25s_25_1_1_U1027   | 1   |        | mul_ln40_651   | mul | dsp_slice | 0       |
|   mac_mulsub_12s_12s_25s_25_1_1_U1027   | 1   |        | sub_ln40_488   | sub | dsp_slice | 0       |
|   add_ln40_162_fu_37223_p2              |     |        | add_ln40_162   | add | fabric    | 0       |
|   mul_12s_12s_24_1_1_U168               | 1   |        | mul_ln40_652   | mul | auto      | 0       |
|   mac_mulsub_12s_12s_24s_24_1_1_U686    | 1   |        | mul_ln40_653   | mul | dsp_slice | 0       |
|   mac_mulsub_12s_12s_24s_24_1_1_U686    | 1   |        | sub_ln40_489   | sub | dsp_slice | 0       |
|   mac_mulsub_12s_12s_24s_25_1_1_U857    | 1   |        | mul_ln40_654   | mul | dsp_slice | 0       |
|   mac_mulsub_12s_12s_24s_25_1_1_U857    | 1   |        | sub_ln40_490   | sub | dsp_slice | 0       |
|   mac_mulsub_12s_12s_25s_25_1_1_U1028   | 1   |        | mul_ln40_655   | mul | dsp_slice | 0       |
|   mac_mulsub_12s_12s_25s_25_1_1_U1028   | 1   |        | sub_ln40_491   | sub | dsp_slice | 0       |
|   add_ln40_163_fu_37429_p2              |     |        | add_ln40_163   | add | fabric    | 0       |
|   mul_12s_12s_24_1_1_U169               | 1   |        | mul_ln40_656   | mul | auto      | 0       |
|   mac_mulsub_12s_12s_24s_24_1_1_U687    | 1   |        | mul_ln40_657   | mul | dsp_slice | 0       |
|   mac_mulsub_12s_12s_24s_24_1_1_U687    | 1   |        | sub_ln40_492   | sub | dsp_slice | 0       |
|   mac_mulsub_12s_12s_24s_25_1_1_U858    | 1   |        | mul_ln40_658   | mul | dsp_slice | 0       |
|   mac_mulsub_12s_12s_24s_25_1_1_U858    | 1   |        | sub_ln40_493   | sub | dsp_slice | 0       |
|   mac_mulsub_12s_12s_25s_25_1_1_U1029   | 1   |        | mul_ln40_659   | mul | dsp_slice | 0       |
|   mac_mulsub_12s_12s_25s_25_1_1_U1029   | 1   |        | sub_ln40_494   | sub | dsp_slice | 0       |
|   add_ln40_164_fu_37635_p2              |     |        | add_ln40_164   | add | fabric    | 0       |
|   mul_12s_12s_24_1_1_U170               | 1   |        | mul_ln40_660   | mul | auto      | 0       |
|   mac_mulsub_12s_12s_24s_24_1_1_U688    | 1   |        | mul_ln40_661   | mul | dsp_slice | 0       |
|   mac_mulsub_12s_12s_24s_24_1_1_U688    | 1   |        | sub_ln40_495   | sub | dsp_slice | 0       |
|   mac_mulsub_12s_12s_24s_25_1_1_U859    | 1   |        | mul_ln40_662   | mul | dsp_slice | 0       |
|   mac_mulsub_12s_12s_24s_25_1_1_U859    | 1   |        | sub_ln40_496   | sub | dsp_slice | 0       |
|   mac_mulsub_12s_12s_25s_25_1_1_U1030   | 1   |        | mul_ln40_663   | mul | dsp_slice | 0       |
|   mac_mulsub_12s_12s_25s_25_1_1_U1030   | 1   |        | sub_ln40_497   | sub | dsp_slice | 0       |
|   add_ln40_165_fu_37841_p2              |     |        | add_ln40_165   | add | fabric    | 0       |
|   mul_12s_12s_24_1_1_U171               | 1   |        | mul_ln40_664   | mul | auto      | 0       |
|   mac_mulsub_12s_12s_24s_24_1_1_U689    | 1   |        | mul_ln40_665   | mul | dsp_slice | 0       |
|   mac_mulsub_12s_12s_24s_24_1_1_U689    | 1   |        | sub_ln40_498   | sub | dsp_slice | 0       |
|   mac_mulsub_12s_12s_24s_25_1_1_U860    | 1   |        | mul_ln40_666   | mul | dsp_slice | 0       |
|   mac_mulsub_12s_12s_24s_25_1_1_U860    | 1   |        | sub_ln40_499   | sub | dsp_slice | 0       |
|   mac_mulsub_12s_12s_25s_25_1_1_U1031   | 1   |        | mul_ln40_667   | mul | dsp_slice | 0       |
|   mac_mulsub_12s_12s_25s_25_1_1_U1031   | 1   |        | sub_ln40_500   | sub | dsp_slice | 0       |
|   add_ln40_166_fu_38047_p2              |     |        | add_ln40_166   | add | fabric    | 0       |
|   mul_12s_12s_24_1_1_U172               | 1   |        | mul_ln40_668   | mul | auto      | 0       |
|   mac_mulsub_12s_12s_24s_24_1_1_U690    | 1   |        | mul_ln40_669   | mul | dsp_slice | 0       |
|   mac_mulsub_12s_12s_24s_24_1_1_U690    | 1   |        | sub_ln40_501   | sub | dsp_slice | 0       |
|   mac_mulsub_12s_12s_24s_25_1_1_U861    | 1   |        | mul_ln40_670   | mul | dsp_slice | 0       |
|   mac_mulsub_12s_12s_24s_25_1_1_U861    | 1   |        | sub_ln40_502   | sub | dsp_slice | 0       |
|   mac_mulsub_12s_12s_25s_25_1_1_U1032   | 1   |        | mul_ln40_671   | mul | dsp_slice | 0       |
|   mac_mulsub_12s_12s_25s_25_1_1_U1032   | 1   |        | sub_ln40_503   | sub | dsp_slice | 0       |
|   add_ln40_167_fu_38253_p2              |     |        | add_ln40_167   | add | fabric    | 0       |
|   mul_12s_12s_24_1_1_U173               | 1   |        | mul_ln40_672   | mul | auto      | 0       |
|   mac_mulsub_12s_12s_24s_24_1_1_U691    | 1   |        | mul_ln40_673   | mul | dsp_slice | 0       |
|   mac_mulsub_12s_12s_24s_24_1_1_U691    | 1   |        | sub_ln40_504   | sub | dsp_slice | 0       |
|   mac_mulsub_12s_12s_24s_25_1_1_U862    | 1   |        | mul_ln40_674   | mul | dsp_slice | 0       |
|   mac_mulsub_12s_12s_24s_25_1_1_U862    | 1   |        | sub_ln40_505   | sub | dsp_slice | 0       |
|   mac_mulsub_12s_12s_25s_25_1_1_U1033   | 1   |        | mul_ln40_675   | mul | dsp_slice | 0       |
|   mac_mulsub_12s_12s_25s_25_1_1_U1033   | 1   |        | sub_ln40_506   | sub | dsp_slice | 0       |
|   add_ln40_168_fu_38459_p2              |     |        | add_ln40_168   | add | fabric    | 0       |
|   mul_12s_12s_24_1_1_U174               | 1   |        | mul_ln40_676   | mul | auto      | 0       |
|   mac_mulsub_12s_12s_24s_24_1_1_U692    | 1   |        | mul_ln40_677   | mul | dsp_slice | 0       |
|   mac_mulsub_12s_12s_24s_24_1_1_U692    | 1   |        | sub_ln40_507   | sub | dsp_slice | 0       |
|   mac_mulsub_12s_12s_24s_25_1_1_U863    | 1   |        | mul_ln40_678   | mul | dsp_slice | 0       |
|   mac_mulsub_12s_12s_24s_25_1_1_U863    | 1   |        | sub_ln40_508   | sub | dsp_slice | 0       |
|   mac_mulsub_12s_12s_25s_25_1_1_U1034   | 1   |        | mul_ln40_679   | mul | dsp_slice | 0       |
|   mac_mulsub_12s_12s_25s_25_1_1_U1034   | 1   |        | sub_ln40_509   | sub | dsp_slice | 0       |
|   add_ln40_169_fu_38665_p2              |     |        | add_ln40_169   | add | fabric    | 0       |
|   mul_12s_12s_24_1_1_U175               | 1   |        | mul_ln40_680   | mul | auto      | 0       |
|   mac_mulsub_12s_12s_24s_24_1_1_U693    | 1   |        | mul_ln40_681   | mul | dsp_slice | 0       |
|   mac_mulsub_12s_12s_24s_24_1_1_U693    | 1   |        | sub_ln40_510   | sub | dsp_slice | 0       |
|   mac_mulsub_12s_12s_24s_25_1_1_U864    | 1   |        | mul_ln40_682   | mul | dsp_slice | 0       |
|   mac_mulsub_12s_12s_24s_25_1_1_U864    | 1   |        | sub_ln40_511   | sub | dsp_slice | 0       |
|   mac_mulsub_12s_12s_25s_25_1_1_U1035   | 1   |        | mul_ln40_683   | mul | dsp_slice | 0       |
|   mac_mulsub_12s_12s_25s_25_1_1_U1035   | 1   |        | sub_ln40_512   | sub | dsp_slice | 0       |
|   add_ln40_170_fu_38871_p2              |     |        | add_ln40_170   | add | fabric    | 0       |
|   mul_6s_11ns_16_1_1_U176               | 1   |        | mul_ln202      | mul | auto      | 0       |
|   add_ln202_fu_45694_p2                 |     |        | add_ln202      | add | fabric    | 0       |
|   v_1_fu_45790_p2                       |     |        | v_1            | add | fabric    | 0       |
|   mul_6s_11ns_16_1_1_U177               | 1   |        | mul_ln202_1    | mul | auto      | 0       |
|   add_ln202_2_fu_45821_p2               |     |        | add_ln202_2    | add | fabric    | 0       |
|   v_4_fu_45917_p2                       |     |        | v_4            | add | fabric    | 0       |
|   mul_6s_11ns_16_1_1_U178               | 1   |        | mul_ln202_2    | mul | auto      | 0       |
|   add_ln202_4_fu_45948_p2               |     |        | add_ln202_4    | add | fabric    | 0       |
|   v_7_fu_46044_p2                       |     |        | v_7            | add | fabric    | 0       |
|   mul_6s_11ns_16_1_1_U179               | 1   |        | mul_ln202_3    | mul | auto      | 0       |
|   add_ln202_6_fu_46075_p2               |     |        | add_ln202_6    | add | fabric    | 0       |
|   v_10_fu_46171_p2                      |     |        | v_10           | add | fabric    | 0       |
|   mul_6s_11ns_16_1_1_U180               | 1   |        | mul_ln202_4    | mul | auto      | 0       |
|   add_ln202_8_fu_46202_p2               |     |        | add_ln202_8    | add | fabric    | 0       |
|   v_13_fu_46298_p2                      |     |        | v_13           | add | fabric    | 0       |
|   mul_6s_11ns_16_1_1_U181               | 1   |        | mul_ln202_5    | mul | auto      | 0       |
|   add_ln202_10_fu_46329_p2              |     |        | add_ln202_10   | add | fabric    | 0       |
|   v_16_fu_46425_p2                      |     |        | v_16           | add | fabric    | 0       |
|   mul_6s_11ns_16_1_1_U182               | 1   |        | mul_ln202_6    | mul | auto      | 0       |
|   add_ln202_12_fu_46456_p2              |     |        | add_ln202_12   | add | fabric    | 0       |
|   v_19_fu_46552_p2                      |     |        | v_19           | add | fabric    | 0       |
|   mul_6s_11ns_16_1_1_U183               | 1   |        | mul_ln202_7    | mul | auto      | 0       |
|   add_ln202_14_fu_46583_p2              |     |        | add_ln202_14   | add | fabric    | 0       |
|   v_22_fu_46679_p2                      |     |        | v_22           | add | fabric    | 0       |
|   mul_6s_11ns_16_1_1_U184               | 1   |        | mul_ln202_8    | mul | auto      | 0       |
|   add_ln202_16_fu_46710_p2              |     |        | add_ln202_16   | add | fabric    | 0       |
|   v_25_fu_46806_p2                      |     |        | v_25           | add | fabric    | 0       |
|   mul_6s_11ns_16_1_1_U185               | 1   |        | mul_ln202_9    | mul | auto      | 0       |
|   add_ln202_18_fu_46837_p2              |     |        | add_ln202_18   | add | fabric    | 0       |
|   v_28_fu_46933_p2                      |     |        | v_28           | add | fabric    | 0       |
|   mul_6s_11ns_16_1_1_U186               | 1   |        | mul_ln202_10   | mul | auto      | 0       |
|   add_ln202_20_fu_46964_p2              |     |        | add_ln202_20   | add | fabric    | 0       |
|   v_31_fu_47060_p2                      |     |        | v_31           | add | fabric    | 0       |
|   mul_6s_11ns_16_1_1_U187               | 1   |        | mul_ln202_11   | mul | auto      | 0       |
|   add_ln202_22_fu_47091_p2              |     |        | add_ln202_22   | add | fabric    | 0       |
|   v_34_fu_47187_p2                      |     |        | v_34           | add | fabric    | 0       |
|   mul_6s_11ns_16_1_1_U188               | 1   |        | mul_ln202_12   | mul | auto      | 0       |
|   add_ln202_24_fu_47218_p2              |     |        | add_ln202_24   | add | fabric    | 0       |
|   v_37_fu_47314_p2                      |     |        | v_37           | add | fabric    | 0       |
|   mul_6s_11ns_16_1_1_U189               | 1   |        | mul_ln202_13   | mul | auto      | 0       |
|   add_ln202_26_fu_47345_p2              |     |        | add_ln202_26   | add | fabric    | 0       |
|   v_40_fu_47441_p2                      |     |        | v_40           | add | fabric    | 0       |
|   mul_6s_11ns_16_1_1_U190               | 1   |        | mul_ln202_14   | mul | auto      | 0       |
|   add_ln202_28_fu_47472_p2              |     |        | add_ln202_28   | add | fabric    | 0       |
|   v_43_fu_47568_p2                      |     |        | v_43           | add | fabric    | 0       |
|   mul_6s_11ns_16_1_1_U191               | 1   |        | mul_ln202_15   | mul | auto      | 0       |
|   add_ln202_30_fu_47599_p2              |     |        | add_ln202_30   | add | fabric    | 0       |
|   v_46_fu_47695_p2                      |     |        | v_46           | add | fabric    | 0       |
|   mul_6s_11ns_16_1_1_U192               | 1   |        | mul_ln202_16   | mul | auto      | 0       |
|   add_ln202_32_fu_47726_p2              |     |        | add_ln202_32   | add | fabric    | 0       |
|   v_49_fu_47824_p2                      |     |        | v_49           | add | fabric    | 0       |
|   mul_6s_11ns_16_1_1_U193               | 1   |        | mul_ln202_17   | mul | auto      | 0       |
|   add_ln202_34_fu_47855_p2              |     |        | add_ln202_34   | add | fabric    | 0       |
|   v_52_fu_47953_p2                      |     |        | v_52           | add | fabric    | 0       |
|   mul_6s_11ns_16_1_1_U194               | 1   |        | mul_ln202_18   | mul | auto      | 0       |
|   add_ln202_36_fu_47984_p2              |     |        | add_ln202_36   | add | fabric    | 0       |
|   v_55_fu_48066_p2                      |     |        | v_55           | add | fabric    | 0       |
|   mul_6s_11ns_16_1_1_U195               | 1   |        | mul_ln202_19   | mul | auto      | 0       |
|   add_ln202_38_fu_48097_p2              |     |        | add_ln202_38   | add | fabric    | 0       |
|   v_58_fu_48179_p2                      |     |        | v_58           | add | fabric    | 0       |
|   mul_6s_11ns_16_1_1_U196               | 1   |        | mul_ln202_20   | mul | auto      | 0       |
|   add_ln202_40_fu_48210_p2              |     |        | add_ln202_40   | add | fabric    | 0       |
|   v_61_fu_48292_p2                      |     |        | v_61           | add | fabric    | 0       |
|   mul_6s_11ns_16_1_1_U197               | 1   |        | mul_ln202_21   | mul | auto      | 0       |
|   add_ln202_42_fu_48323_p2              |     |        | add_ln202_42   | add | fabric    | 0       |
|   v_64_fu_48405_p2                      |     |        | v_64           | add | fabric    | 0       |
|   mul_6s_11ns_16_1_1_U198               | 1   |        | mul_ln202_22   | mul | auto      | 0       |
|   add_ln202_44_fu_48436_p2              |     |        | add_ln202_44   | add | fabric    | 0       |
|   v_67_fu_48518_p2                      |     |        | v_67           | add | fabric    | 0       |
|   mul_6s_11ns_16_1_1_U199               | 1   |        | mul_ln202_23   | mul | auto      | 0       |
|   add_ln202_46_fu_48549_p2              |     |        | add_ln202_46   | add | fabric    | 0       |
|   v_70_fu_48631_p2                      |     |        | v_70           | add | fabric    | 0       |
|   mul_6s_11ns_16_1_1_U200               | 1   |        | mul_ln202_24   | mul | auto      | 0       |
|   add_ln202_48_fu_48662_p2              |     |        | add_ln202_48   | add | fabric    | 0       |
|   v_73_fu_48744_p2                      |     |        | v_73           | add | fabric    | 0       |
|   mul_6s_11ns_16_1_1_U201               | 1   |        | mul_ln202_25   | mul | auto      | 0       |
|   add_ln202_50_fu_48775_p2              |     |        | add_ln202_50   | add | fabric    | 0       |
|   v_76_fu_48857_p2                      |     |        | v_76           | add | fabric    | 0       |
|   mul_6s_11ns_16_1_1_U202               | 1   |        | mul_ln202_26   | mul | auto      | 0       |
|   add_ln202_52_fu_48888_p2              |     |        | add_ln202_52   | add | fabric    | 0       |
|   v_79_fu_48970_p2                      |     |        | v_79           | add | fabric    | 0       |
|   mul_6s_11ns_16_1_1_U203               | 1   |        | mul_ln202_27   | mul | auto      | 0       |
|   add_ln202_54_fu_49001_p2              |     |        | add_ln202_54   | add | fabric    | 0       |
|   v_82_fu_49083_p2                      |     |        | v_82           | add | fabric    | 0       |
|   mul_6s_11ns_16_1_1_U204               | 1   |        | mul_ln202_28   | mul | auto      | 0       |
|   add_ln202_56_fu_49114_p2              |     |        | add_ln202_56   | add | fabric    | 0       |
|   v_85_fu_49196_p2                      |     |        | v_85           | add | fabric    | 0       |
|   mul_6s_11ns_16_1_1_U205               | 1   |        | mul_ln202_29   | mul | auto      | 0       |
|   add_ln202_58_fu_49227_p2              |     |        | add_ln202_58   | add | fabric    | 0       |
|   v_88_fu_49309_p2                      |     |        | v_88           | add | fabric    | 0       |
|   mul_6s_11ns_16_1_1_U206               | 1   |        | mul_ln202_30   | mul | auto      | 0       |
|   add_ln202_60_fu_49340_p2              |     |        | add_ln202_60   | add | fabric    | 0       |
|   v_91_fu_49422_p2                      |     |        | v_91           | add | fabric    | 0       |
|   mul_6s_11ns_16_1_1_U207               | 1   |        | mul_ln202_31   | mul | auto      | 0       |
|   add_ln202_62_fu_49453_p2              |     |        | add_ln202_62   | add | fabric    | 0       |
|   v_94_fu_49535_p2                      |     |        | v_94           | add | fabric    | 0       |
|   mul_6s_11ns_16_1_1_U208               | 1   |        | mul_ln202_32   | mul | auto      | 0       |
|   add_ln202_64_fu_49566_p2              |     |        | add_ln202_64   | add | fabric    | 0       |
|   v_97_fu_49648_p2                      |     |        | v_97           | add | fabric    | 0       |
|   mul_6s_11ns_16_1_1_U209               | 1   |        | mul_ln202_33   | mul | auto      | 0       |
|   add_ln202_66_fu_49679_p2              |     |        | add_ln202_66   | add | fabric    | 0       |
|   v_100_fu_49761_p2                     |     |        | v_100          | add | fabric    | 0       |
|   mul_6s_11ns_16_1_1_U210               | 1   |        | mul_ln202_34   | mul | auto      | 0       |
|   add_ln202_68_fu_49792_p2              |     |        | add_ln202_68   | add | fabric    | 0       |
|   v_103_fu_49874_p2                     |     |        | v_103          | add | fabric    | 0       |
|   mul_6s_11ns_16_1_1_U211               | 1   |        | mul_ln202_35   | mul | auto      | 0       |
|   add_ln202_70_fu_49905_p2              |     |        | add_ln202_70   | add | fabric    | 0       |
|   v_106_fu_49987_p2                     |     |        | v_106          | add | fabric    | 0       |
|   mul_6s_11ns_16_1_1_U212               | 1   |        | mul_ln202_36   | mul | auto      | 0       |
|   add_ln202_72_fu_50018_p2              |     |        | add_ln202_72   | add | fabric    | 0       |
|   v_109_fu_50100_p2                     |     |        | v_109          | add | fabric    | 0       |
|   mul_6s_11ns_16_1_1_U213               | 1   |        | mul_ln202_37   | mul | auto      | 0       |
|   add_ln202_74_fu_50131_p2              |     |        | add_ln202_74   | add | fabric    | 0       |
|   v_112_fu_50213_p2                     |     |        | v_112          | add | fabric    | 0       |
|   mul_6s_11ns_16_1_1_U214               | 1   |        | mul_ln202_38   | mul | auto      | 0       |
|   add_ln202_76_fu_50244_p2              |     |        | add_ln202_76   | add | fabric    | 0       |
|   v_115_fu_50326_p2                     |     |        | v_115          | add | fabric    | 0       |
|   mul_6s_11ns_16_1_1_U215               | 1   |        | mul_ln202_39   | mul | auto      | 0       |
|   add_ln202_78_fu_50357_p2              |     |        | add_ln202_78   | add | fabric    | 0       |
|   v_118_fu_50439_p2                     |     |        | v_118          | add | fabric    | 0       |
|   mul_6s_11ns_16_1_1_U216               | 1   |        | mul_ln202_40   | mul | auto      | 0       |
|   add_ln202_80_fu_50470_p2              |     |        | add_ln202_80   | add | fabric    | 0       |
|   v_121_fu_50552_p2                     |     |        | v_121          | add | fabric    | 0       |
|   mul_6s_11ns_16_1_1_U217               | 1   |        | mul_ln202_41   | mul | auto      | 0       |
|   add_ln202_82_fu_50583_p2              |     |        | add_ln202_82   | add | fabric    | 0       |
|   v_124_fu_50665_p2                     |     |        | v_124          | add | fabric    | 0       |
|   mul_6s_11ns_16_1_1_U218               | 1   |        | mul_ln202_42   | mul | auto      | 0       |
|   add_ln202_84_fu_50696_p2              |     |        | add_ln202_84   | add | fabric    | 0       |
|   v_127_fu_50778_p2                     |     |        | v_127          | add | fabric    | 0       |
|   mul_6s_11ns_16_1_1_U219               | 1   |        | mul_ln202_43   | mul | auto      | 0       |
|   add_ln202_86_fu_50809_p2              |     |        | add_ln202_86   | add | fabric    | 0       |
|   v_130_fu_50891_p2                     |     |        | v_130          | add | fabric    | 0       |
|   mul_6s_11ns_16_1_1_U220               | 1   |        | mul_ln202_44   | mul | auto      | 0       |
|   add_ln202_88_fu_50922_p2              |     |        | add_ln202_88   | add | fabric    | 0       |
|   v_133_fu_51004_p2                     |     |        | v_133          | add | fabric    | 0       |
|   mul_6s_11ns_16_1_1_U221               | 1   |        | mul_ln202_45   | mul | auto      | 0       |
|   add_ln202_90_fu_51035_p2              |     |        | add_ln202_90   | add | fabric    | 0       |
|   v_136_fu_51117_p2                     |     |        | v_136          | add | fabric    | 0       |
|   mul_6s_11ns_16_1_1_U222               | 1   |        | mul_ln202_46   | mul | auto      | 0       |
|   add_ln202_92_fu_51148_p2              |     |        | add_ln202_92   | add | fabric    | 0       |
|   v_139_fu_51230_p2                     |     |        | v_139          | add | fabric    | 0       |
|   mul_6s_11ns_16_1_1_U223               | 1   |        | mul_ln202_47   | mul | auto      | 0       |
|   add_ln202_94_fu_51261_p2              |     |        | add_ln202_94   | add | fabric    | 0       |
|   v_142_fu_51343_p2                     |     |        | v_142          | add | fabric    | 0       |
|   mul_6s_11ns_16_1_1_U224               | 1   |        | mul_ln202_48   | mul | auto      | 0       |
|   add_ln202_96_fu_51374_p2              |     |        | add_ln202_96   | add | fabric    | 0       |
|   v_145_fu_51456_p2                     |     |        | v_145          | add | fabric    | 0       |
|   mul_6s_11ns_16_1_1_U225               | 1   |        | mul_ln202_49   | mul | auto      | 0       |
|   add_ln202_98_fu_51487_p2              |     |        | add_ln202_98   | add | fabric    | 0       |
|   v_148_fu_51569_p2                     |     |        | v_148          | add | fabric    | 0       |
|   mul_6s_11ns_16_1_1_U226               | 1   |        | mul_ln202_50   | mul | auto      | 0       |
|   add_ln202_100_fu_51600_p2             |     |        | add_ln202_100  | add | fabric    | 0       |
|   v_151_fu_51682_p2                     |     |        | v_151          | add | fabric    | 0       |
|   mul_6s_11ns_16_1_1_U227               | 1   |        | mul_ln202_51   | mul | auto      | 0       |
|   add_ln202_102_fu_51713_p2             |     |        | add_ln202_102  | add | fabric    | 0       |
|   v_154_fu_51795_p2                     |     |        | v_154          | add | fabric    | 0       |
|   mul_6s_11ns_16_1_1_U228               | 1   |        | mul_ln202_52   | mul | auto      | 0       |
|   add_ln202_104_fu_51826_p2             |     |        | add_ln202_104  | add | fabric    | 0       |
|   v_157_fu_51908_p2                     |     |        | v_157          | add | fabric    | 0       |
|   mul_6s_11ns_16_1_1_U229               | 1   |        | mul_ln202_53   | mul | auto      | 0       |
|   add_ln202_106_fu_51939_p2             |     |        | add_ln202_106  | add | fabric    | 0       |
|   v_160_fu_52021_p2                     |     |        | v_160          | add | fabric    | 0       |
|   mul_6s_11ns_16_1_1_U230               | 1   |        | mul_ln202_54   | mul | auto      | 0       |
|   add_ln202_108_fu_52052_p2             |     |        | add_ln202_108  | add | fabric    | 0       |
|   v_163_fu_52134_p2                     |     |        | v_163          | add | fabric    | 0       |
|   mul_6s_11ns_16_1_1_U231               | 1   |        | mul_ln202_55   | mul | auto      | 0       |
|   add_ln202_110_fu_52165_p2             |     |        | add_ln202_110  | add | fabric    | 0       |
|   v_166_fu_52247_p2                     |     |        | v_166          | add | fabric    | 0       |
|   mul_6s_11ns_16_1_1_U232               | 1   |        | mul_ln202_56   | mul | auto      | 0       |
|   add_ln202_112_fu_52278_p2             |     |        | add_ln202_112  | add | fabric    | 0       |
|   v_169_fu_52360_p2                     |     |        | v_169          | add | fabric    | 0       |
|   mul_6s_11ns_16_1_1_U233               | 1   |        | mul_ln202_57   | mul | auto      | 0       |
|   add_ln202_114_fu_52391_p2             |     |        | add_ln202_114  | add | fabric    | 0       |
|   v_172_fu_52473_p2                     |     |        | v_172          | add | fabric    | 0       |
|   mul_6s_11ns_16_1_1_U234               | 1   |        | mul_ln202_58   | mul | auto      | 0       |
|   add_ln202_116_fu_52504_p2             |     |        | add_ln202_116  | add | fabric    | 0       |
|   v_175_fu_52586_p2                     |     |        | v_175          | add | fabric    | 0       |
|   mul_6s_11ns_16_1_1_U235               | 1   |        | mul_ln202_59   | mul | auto      | 0       |
|   add_ln202_118_fu_52617_p2             |     |        | add_ln202_118  | add | fabric    | 0       |
|   v_178_fu_52699_p2                     |     |        | v_178          | add | fabric    | 0       |
|   mul_6s_11ns_16_1_1_U236               | 1   |        | mul_ln202_60   | mul | auto      | 0       |
|   add_ln202_120_fu_52730_p2             |     |        | add_ln202_120  | add | fabric    | 0       |
|   v_181_fu_52812_p2                     |     |        | v_181          | add | fabric    | 0       |
|   mul_6s_11ns_16_1_1_U237               | 1   |        | mul_ln202_61   | mul | auto      | 0       |
|   add_ln202_122_fu_52843_p2             |     |        | add_ln202_122  | add | fabric    | 0       |
|   v_184_fu_52925_p2                     |     |        | v_184          | add | fabric    | 0       |
|   mul_6s_11ns_16_1_1_U238               | 1   |        | mul_ln202_62   | mul | auto      | 0       |
|   add_ln202_124_fu_52956_p2             |     |        | add_ln202_124  | add | fabric    | 0       |
|   v_187_fu_53038_p2                     |     |        | v_187          | add | fabric    | 0       |
|   mul_6s_11ns_16_1_1_U239               | 1   |        | mul_ln202_63   | mul | auto      | 0       |
|   add_ln202_126_fu_53069_p2             |     |        | add_ln202_126  | add | fabric    | 0       |
|   v_190_fu_53151_p2                     |     |        | v_190          | add | fabric    | 0       |
|   mul_6s_11ns_16_1_1_U240               | 1   |        | mul_ln202_64   | mul | auto      | 0       |
|   add_ln202_128_fu_53182_p2             |     |        | add_ln202_128  | add | fabric    | 0       |
|   v_193_fu_53264_p2                     |     |        | v_193          | add | fabric    | 0       |
|   mul_6s_11ns_16_1_1_U241               | 1   |        | mul_ln202_65   | mul | auto      | 0       |
|   add_ln202_130_fu_53295_p2             |     |        | add_ln202_130  | add | fabric    | 0       |
|   v_196_fu_53377_p2                     |     |        | v_196          | add | fabric    | 0       |
|   mul_6s_11ns_16_1_1_U242               | 1   |        | mul_ln202_66   | mul | auto      | 0       |
|   add_ln202_132_fu_53408_p2             |     |        | add_ln202_132  | add | fabric    | 0       |
|   v_199_fu_53490_p2                     |     |        | v_199          | add | fabric    | 0       |
|   mul_6s_11ns_16_1_1_U243               | 1   |        | mul_ln202_67   | mul | auto      | 0       |
|   add_ln202_134_fu_53521_p2             |     |        | add_ln202_134  | add | fabric    | 0       |
|   v_202_fu_53603_p2                     |     |        | v_202          | add | fabric    | 0       |
|   mul_6s_11ns_16_1_1_U244               | 1   |        | mul_ln202_68   | mul | auto      | 0       |
|   add_ln202_136_fu_53634_p2             |     |        | add_ln202_136  | add | fabric    | 0       |
|   v_205_fu_53716_p2                     |     |        | v_205          | add | fabric    | 0       |
|   mul_6s_11ns_16_1_1_U245               | 1   |        | mul_ln202_69   | mul | auto      | 0       |
|   add_ln202_138_fu_53747_p2             |     |        | add_ln202_138  | add | fabric    | 0       |
|   v_208_fu_53829_p2                     |     |        | v_208          | add | fabric    | 0       |
|   mul_6s_11ns_16_1_1_U246               | 1   |        | mul_ln202_70   | mul | auto      | 0       |
|   add_ln202_140_fu_53860_p2             |     |        | add_ln202_140  | add | fabric    | 0       |
|   v_211_fu_53942_p2                     |     |        | v_211          | add | fabric    | 0       |
|   mul_6s_11ns_16_1_1_U247               | 1   |        | mul_ln202_71   | mul | auto      | 0       |
|   add_ln202_142_fu_53973_p2             |     |        | add_ln202_142  | add | fabric    | 0       |
|   v_214_fu_54055_p2                     |     |        | v_214          | add | fabric    | 0       |
|   mul_6s_11ns_16_1_1_U248               | 1   |        | mul_ln202_72   | mul | auto      | 0       |
|   add_ln202_144_fu_54086_p2             |     |        | add_ln202_144  | add | fabric    | 0       |
|   v_217_fu_54168_p2                     |     |        | v_217          | add | fabric    | 0       |
|   mul_6s_11ns_16_1_1_U249               | 1   |        | mul_ln202_73   | mul | auto      | 0       |
|   add_ln202_146_fu_54199_p2             |     |        | add_ln202_146  | add | fabric    | 0       |
|   v_220_fu_54281_p2                     |     |        | v_220          | add | fabric    | 0       |
|   mul_6s_11ns_16_1_1_U250               | 1   |        | mul_ln202_74   | mul | auto      | 0       |
|   add_ln202_148_fu_54312_p2             |     |        | add_ln202_148  | add | fabric    | 0       |
|   v_223_fu_54394_p2                     |     |        | v_223          | add | fabric    | 0       |
|   mul_6s_11ns_16_1_1_U251               | 1   |        | mul_ln202_75   | mul | auto      | 0       |
|   add_ln202_150_fu_54425_p2             |     |        | add_ln202_150  | add | fabric    | 0       |
|   v_226_fu_54507_p2                     |     |        | v_226          | add | fabric    | 0       |
|   mul_6s_11ns_16_1_1_U252               | 1   |        | mul_ln202_76   | mul | auto      | 0       |
|   add_ln202_152_fu_54538_p2             |     |        | add_ln202_152  | add | fabric    | 0       |
|   v_229_fu_54620_p2                     |     |        | v_229          | add | fabric    | 0       |
|   mul_6s_11ns_16_1_1_U253               | 1   |        | mul_ln202_77   | mul | auto      | 0       |
|   add_ln202_154_fu_54651_p2             |     |        | add_ln202_154  | add | fabric    | 0       |
|   v_232_fu_54733_p2                     |     |        | v_232          | add | fabric    | 0       |
|   mul_6s_11ns_16_1_1_U254               | 1   |        | mul_ln202_78   | mul | auto      | 0       |
|   add_ln202_156_fu_54764_p2             |     |        | add_ln202_156  | add | fabric    | 0       |
|   v_235_fu_54846_p2                     |     |        | v_235          | add | fabric    | 0       |
|   mul_6s_11ns_16_1_1_U255               | 1   |        | mul_ln202_79   | mul | auto      | 0       |
|   add_ln202_158_fu_54877_p2             |     |        | add_ln202_158  | add | fabric    | 0       |
|   v_238_fu_54959_p2                     |     |        | v_238          | add | fabric    | 0       |
|   mul_6s_11ns_16_1_1_U256               | 1   |        | mul_ln202_80   | mul | auto      | 0       |
|   add_ln202_160_fu_54990_p2             |     |        | add_ln202_160  | add | fabric    | 0       |
|   v_241_fu_55072_p2                     |     |        | v_241          | add | fabric    | 0       |
|   mul_6s_11ns_16_1_1_U257               | 1   |        | mul_ln202_81   | mul | auto      | 0       |
|   add_ln202_162_fu_55103_p2             |     |        | add_ln202_162  | add | fabric    | 0       |
|   v_244_fu_55185_p2                     |     |        | v_244          | add | fabric    | 0       |
|   mul_6s_11ns_16_1_1_U258               | 1   |        | mul_ln202_82   | mul | auto      | 0       |
|   add_ln202_164_fu_55216_p2             |     |        | add_ln202_164  | add | fabric    | 0       |
|   v_247_fu_55298_p2                     |     |        | v_247          | add | fabric    | 0       |
|   mul_6s_11ns_16_1_1_U259               | 1   |        | mul_ln202_83   | mul | auto      | 0       |
|   add_ln202_166_fu_55329_p2             |     |        | add_ln202_166  | add | fabric    | 0       |
|   v_250_fu_55411_p2                     |     |        | v_250          | add | fabric    | 0       |
|   mul_6s_11ns_16_1_1_U260               | 1   |        | mul_ln202_84   | mul | auto      | 0       |
|   add_ln202_168_fu_55442_p2             |     |        | add_ln202_168  | add | fabric    | 0       |
|   v_253_fu_55524_p2                     |     |        | v_253          | add | fabric    | 0       |
|   mul_6s_11ns_16_1_1_U261               | 1   |        | mul_ln202_85   | mul | auto      | 0       |
|   add_ln202_170_fu_55555_p2             |     |        | add_ln202_170  | add | fabric    | 0       |
|   v_256_fu_55637_p2                     |     |        | v_256          | add | fabric    | 0       |
|   mul_6s_11ns_16_1_1_U262               | 1   |        | mul_ln202_86   | mul | auto      | 0       |
|   add_ln202_172_fu_55668_p2             |     |        | add_ln202_172  | add | fabric    | 0       |
|   v_259_fu_55750_p2                     |     |        | v_259          | add | fabric    | 0       |
|   mul_6s_11ns_16_1_1_U263               | 1   |        | mul_ln202_87   | mul | auto      | 0       |
|   add_ln202_174_fu_55781_p2             |     |        | add_ln202_174  | add | fabric    | 0       |
|   v_262_fu_55863_p2                     |     |        | v_262          | add | fabric    | 0       |
|   mul_6s_11ns_16_1_1_U264               | 1   |        | mul_ln202_88   | mul | auto      | 0       |
|   add_ln202_176_fu_55894_p2             |     |        | add_ln202_176  | add | fabric    | 0       |
|   v_265_fu_55976_p2                     |     |        | v_265          | add | fabric    | 0       |
|   mul_6s_11ns_16_1_1_U265               | 1   |        | mul_ln202_89   | mul | auto      | 0       |
|   add_ln202_178_fu_56007_p2             |     |        | add_ln202_178  | add | fabric    | 0       |
|   v_268_fu_56089_p2                     |     |        | v_268          | add | fabric    | 0       |
|   mul_6s_11ns_16_1_1_U266               | 1   |        | mul_ln202_90   | mul | auto      | 0       |
|   add_ln202_180_fu_56120_p2             |     |        | add_ln202_180  | add | fabric    | 0       |
|   v_271_fu_56202_p2                     |     |        | v_271          | add | fabric    | 0       |
|   mul_6s_11ns_16_1_1_U267               | 1   |        | mul_ln202_91   | mul | auto      | 0       |
|   add_ln202_182_fu_56233_p2             |     |        | add_ln202_182  | add | fabric    | 0       |
|   v_274_fu_56315_p2                     |     |        | v_274          | add | fabric    | 0       |
|   mul_6s_11ns_16_1_1_U268               | 1   |        | mul_ln202_92   | mul | auto      | 0       |
|   add_ln202_184_fu_56346_p2             |     |        | add_ln202_184  | add | fabric    | 0       |
|   v_277_fu_56428_p2                     |     |        | v_277          | add | fabric    | 0       |
|   mul_6s_11ns_16_1_1_U269               | 1   |        | mul_ln202_93   | mul | auto      | 0       |
|   add_ln202_186_fu_56459_p2             |     |        | add_ln202_186  | add | fabric    | 0       |
|   v_280_fu_56541_p2                     |     |        | v_280          | add | fabric    | 0       |
|   mul_6s_11ns_16_1_1_U270               | 1   |        | mul_ln202_94   | mul | auto      | 0       |
|   add_ln202_188_fu_56572_p2             |     |        | add_ln202_188  | add | fabric    | 0       |
|   v_283_fu_56654_p2                     |     |        | v_283          | add | fabric    | 0       |
|   mul_6s_11ns_16_1_1_U271               | 1   |        | mul_ln202_95   | mul | auto      | 0       |
|   add_ln202_190_fu_56685_p2             |     |        | add_ln202_190  | add | fabric    | 0       |
|   v_286_fu_56767_p2                     |     |        | v_286          | add | fabric    | 0       |
|   mul_6s_11ns_16_1_1_U272               | 1   |        | mul_ln202_96   | mul | auto      | 0       |
|   add_ln202_192_fu_56798_p2             |     |        | add_ln202_192  | add | fabric    | 0       |
|   v_289_fu_56880_p2                     |     |        | v_289          | add | fabric    | 0       |
|   mul_6s_11ns_16_1_1_U273               | 1   |        | mul_ln202_97   | mul | auto      | 0       |
|   add_ln202_194_fu_56911_p2             |     |        | add_ln202_194  | add | fabric    | 0       |
|   v_292_fu_56993_p2                     |     |        | v_292          | add | fabric    | 0       |
|   mul_6s_11ns_16_1_1_U274               | 1   |        | mul_ln202_98   | mul | auto      | 0       |
|   add_ln202_196_fu_57024_p2             |     |        | add_ln202_196  | add | fabric    | 0       |
|   v_295_fu_57106_p2                     |     |        | v_295          | add | fabric    | 0       |
|   mul_6s_11ns_16_1_1_U275               | 1   |        | mul_ln202_99   | mul | auto      | 0       |
|   add_ln202_198_fu_57137_p2             |     |        | add_ln202_198  | add | fabric    | 0       |
|   v_298_fu_57219_p2                     |     |        | v_298          | add | fabric    | 0       |
|   mul_6s_11ns_16_1_1_U276               | 1   |        | mul_ln202_100  | mul | auto      | 0       |
|   add_ln202_200_fu_57250_p2             |     |        | add_ln202_200  | add | fabric    | 0       |
|   v_301_fu_57332_p2                     |     |        | v_301          | add | fabric    | 0       |
|   mul_6s_11ns_16_1_1_U277               | 1   |        | mul_ln202_101  | mul | auto      | 0       |
|   add_ln202_202_fu_57363_p2             |     |        | add_ln202_202  | add | fabric    | 0       |
|   v_304_fu_57445_p2                     |     |        | v_304          | add | fabric    | 0       |
|   mul_6s_11ns_16_1_1_U278               | 1   |        | mul_ln202_102  | mul | auto      | 0       |
|   add_ln202_204_fu_57476_p2             |     |        | add_ln202_204  | add | fabric    | 0       |
|   v_307_fu_57558_p2                     |     |        | v_307          | add | fabric    | 0       |
|   mul_6s_11ns_16_1_1_U279               | 1   |        | mul_ln202_103  | mul | auto      | 0       |
|   add_ln202_206_fu_57589_p2             |     |        | add_ln202_206  | add | fabric    | 0       |
|   v_310_fu_57671_p2                     |     |        | v_310          | add | fabric    | 0       |
|   mul_6s_11ns_16_1_1_U280               | 1   |        | mul_ln202_104  | mul | auto      | 0       |
|   add_ln202_208_fu_57702_p2             |     |        | add_ln202_208  | add | fabric    | 0       |
|   v_313_fu_57784_p2                     |     |        | v_313          | add | fabric    | 0       |
|   mul_6s_11ns_16_1_1_U281               | 1   |        | mul_ln202_105  | mul | auto      | 0       |
|   add_ln202_210_fu_57815_p2             |     |        | add_ln202_210  | add | fabric    | 0       |
|   v_316_fu_57897_p2                     |     |        | v_316          | add | fabric    | 0       |
|   mul_6s_11ns_16_1_1_U282               | 1   |        | mul_ln202_106  | mul | auto      | 0       |
|   add_ln202_212_fu_57928_p2             |     |        | add_ln202_212  | add | fabric    | 0       |
|   v_319_fu_58010_p2                     |     |        | v_319          | add | fabric    | 0       |
|   mul_6s_11ns_16_1_1_U283               | 1   |        | mul_ln202_107  | mul | auto      | 0       |
|   add_ln202_214_fu_58041_p2             |     |        | add_ln202_214  | add | fabric    | 0       |
|   v_322_fu_58123_p2                     |     |        | v_322          | add | fabric    | 0       |
|   mul_6s_11ns_16_1_1_U284               | 1   |        | mul_ln202_108  | mul | auto      | 0       |
|   add_ln202_216_fu_58154_p2             |     |        | add_ln202_216  | add | fabric    | 0       |
|   v_325_fu_58236_p2                     |     |        | v_325          | add | fabric    | 0       |
|   mul_6s_11ns_16_1_1_U285               | 1   |        | mul_ln202_109  | mul | auto      | 0       |
|   add_ln202_218_fu_58267_p2             |     |        | add_ln202_218  | add | fabric    | 0       |
|   v_328_fu_58349_p2                     |     |        | v_328          | add | fabric    | 0       |
|   mul_6s_11ns_16_1_1_U286               | 1   |        | mul_ln202_110  | mul | auto      | 0       |
|   add_ln202_220_fu_58380_p2             |     |        | add_ln202_220  | add | fabric    | 0       |
|   v_331_fu_58462_p2                     |     |        | v_331          | add | fabric    | 0       |
|   mul_6s_11ns_16_1_1_U287               | 1   |        | mul_ln202_111  | mul | auto      | 0       |
|   add_ln202_222_fu_58493_p2             |     |        | add_ln202_222  | add | fabric    | 0       |
|   v_334_fu_58575_p2                     |     |        | v_334          | add | fabric    | 0       |
|   mul_6s_11ns_16_1_1_U288               | 1   |        | mul_ln202_112  | mul | auto      | 0       |
|   add_ln202_224_fu_58606_p2             |     |        | add_ln202_224  | add | fabric    | 0       |
|   v_337_fu_58688_p2                     |     |        | v_337          | add | fabric    | 0       |
|   mul_6s_11ns_16_1_1_U289               | 1   |        | mul_ln202_113  | mul | auto      | 0       |
|   add_ln202_226_fu_58719_p2             |     |        | add_ln202_226  | add | fabric    | 0       |
|   v_340_fu_58801_p2                     |     |        | v_340          | add | fabric    | 0       |
|   mul_6s_11ns_16_1_1_U290               | 1   |        | mul_ln202_114  | mul | auto      | 0       |
|   add_ln202_228_fu_58832_p2             |     |        | add_ln202_228  | add | fabric    | 0       |
|   v_343_fu_58914_p2                     |     |        | v_343          | add | fabric    | 0       |
|   mul_6s_11ns_16_1_1_U291               | 1   |        | mul_ln202_115  | mul | auto      | 0       |
|   add_ln202_230_fu_58945_p2             |     |        | add_ln202_230  | add | fabric    | 0       |
|   v_346_fu_59027_p2                     |     |        | v_346          | add | fabric    | 0       |
|   mul_6s_11ns_16_1_1_U292               | 1   |        | mul_ln202_116  | mul | auto      | 0       |
|   add_ln202_232_fu_59058_p2             |     |        | add_ln202_232  | add | fabric    | 0       |
|   v_349_fu_59140_p2                     |     |        | v_349          | add | fabric    | 0       |
|   mul_6s_11ns_16_1_1_U293               | 1   |        | mul_ln202_117  | mul | auto      | 0       |
|   add_ln202_234_fu_59171_p2             |     |        | add_ln202_234  | add | fabric    | 0       |
|   v_352_fu_59253_p2                     |     |        | v_352          | add | fabric    | 0       |
|   mul_6s_11ns_16_1_1_U294               | 1   |        | mul_ln202_118  | mul | auto      | 0       |
|   add_ln202_236_fu_59284_p2             |     |        | add_ln202_236  | add | fabric    | 0       |
|   v_355_fu_59366_p2                     |     |        | v_355          | add | fabric    | 0       |
|   mul_6s_11ns_16_1_1_U295               | 1   |        | mul_ln202_119  | mul | auto      | 0       |
|   add_ln202_238_fu_59397_p2             |     |        | add_ln202_238  | add | fabric    | 0       |
|   v_358_fu_59479_p2                     |     |        | v_358          | add | fabric    | 0       |
|   mul_6s_11ns_16_1_1_U296               | 1   |        | mul_ln202_120  | mul | auto      | 0       |
|   add_ln202_240_fu_59510_p2             |     |        | add_ln202_240  | add | fabric    | 0       |
|   v_361_fu_59592_p2                     |     |        | v_361          | add | fabric    | 0       |
|   mul_6s_11ns_16_1_1_U297               | 1   |        | mul_ln202_121  | mul | auto      | 0       |
|   add_ln202_242_fu_59623_p2             |     |        | add_ln202_242  | add | fabric    | 0       |
|   v_364_fu_59705_p2                     |     |        | v_364          | add | fabric    | 0       |
|   mul_6s_11ns_16_1_1_U298               | 1   |        | mul_ln202_122  | mul | auto      | 0       |
|   add_ln202_244_fu_59736_p2             |     |        | add_ln202_244  | add | fabric    | 0       |
|   v_367_fu_59818_p2                     |     |        | v_367          | add | fabric    | 0       |
|   mul_6s_11ns_16_1_1_U299               | 1   |        | mul_ln202_123  | mul | auto      | 0       |
|   add_ln202_246_fu_59849_p2             |     |        | add_ln202_246  | add | fabric    | 0       |
|   v_370_fu_59931_p2                     |     |        | v_370          | add | fabric    | 0       |
|   mul_6s_11ns_16_1_1_U300               | 1   |        | mul_ln202_124  | mul | auto      | 0       |
|   add_ln202_248_fu_59962_p2             |     |        | add_ln202_248  | add | fabric    | 0       |
|   v_373_fu_60044_p2                     |     |        | v_373          | add | fabric    | 0       |
|   mul_6s_11ns_16_1_1_U301               | 1   |        | mul_ln202_125  | mul | auto      | 0       |
|   add_ln202_250_fu_60075_p2             |     |        | add_ln202_250  | add | fabric    | 0       |
|   v_376_fu_60157_p2                     |     |        | v_376          | add | fabric    | 0       |
|   mul_6s_11ns_16_1_1_U302               | 1   |        | mul_ln202_126  | mul | auto      | 0       |
|   add_ln202_252_fu_60188_p2             |     |        | add_ln202_252  | add | fabric    | 0       |
|   v_379_fu_60270_p2                     |     |        | v_379          | add | fabric    | 0       |
|   mul_6s_11ns_16_1_1_U303               | 1   |        | mul_ln202_127  | mul | auto      | 0       |
|   add_ln202_254_fu_60301_p2             |     |        | add_ln202_254  | add | fabric    | 0       |
|   v_382_fu_60383_p2                     |     |        | v_382          | add | fabric    | 0       |
|   mul_6s_11ns_16_1_1_U304               | 1   |        | mul_ln202_128  | mul | auto      | 0       |
|   add_ln202_256_fu_60414_p2             |     |        | add_ln202_256  | add | fabric    | 0       |
|   v_385_fu_60496_p2                     |     |        | v_385          | add | fabric    | 0       |
|   mul_6s_11ns_16_1_1_U305               | 1   |        | mul_ln202_129  | mul | auto      | 0       |
|   add_ln202_258_fu_60527_p2             |     |        | add_ln202_258  | add | fabric    | 0       |
|   v_388_fu_60609_p2                     |     |        | v_388          | add | fabric    | 0       |
|   mul_6s_11ns_16_1_1_U306               | 1   |        | mul_ln202_130  | mul | auto      | 0       |
|   add_ln202_260_fu_60640_p2             |     |        | add_ln202_260  | add | fabric    | 0       |
|   v_391_fu_60722_p2                     |     |        | v_391          | add | fabric    | 0       |
|   mul_6s_11ns_16_1_1_U307               | 1   |        | mul_ln202_131  | mul | auto      | 0       |
|   add_ln202_262_fu_60753_p2             |     |        | add_ln202_262  | add | fabric    | 0       |
|   v_394_fu_60835_p2                     |     |        | v_394          | add | fabric    | 0       |
|   mul_6s_11ns_16_1_1_U308               | 1   |        | mul_ln202_132  | mul | auto      | 0       |
|   add_ln202_264_fu_60866_p2             |     |        | add_ln202_264  | add | fabric    | 0       |
|   v_397_fu_60948_p2                     |     |        | v_397          | add | fabric    | 0       |
|   mul_6s_11ns_16_1_1_U309               | 1   |        | mul_ln202_133  | mul | auto      | 0       |
|   add_ln202_266_fu_60979_p2             |     |        | add_ln202_266  | add | fabric    | 0       |
|   v_400_fu_61061_p2                     |     |        | v_400          | add | fabric    | 0       |
|   mul_6s_11ns_16_1_1_U310               | 1   |        | mul_ln202_134  | mul | auto      | 0       |
|   add_ln202_268_fu_61092_p2             |     |        | add_ln202_268  | add | fabric    | 0       |
|   v_403_fu_61174_p2                     |     |        | v_403          | add | fabric    | 0       |
|   mul_6s_11ns_16_1_1_U311               | 1   |        | mul_ln202_135  | mul | auto      | 0       |
|   add_ln202_270_fu_61205_p2             |     |        | add_ln202_270  | add | fabric    | 0       |
|   v_406_fu_61287_p2                     |     |        | v_406          | add | fabric    | 0       |
|   mul_6s_11ns_16_1_1_U312               | 1   |        | mul_ln202_136  | mul | auto      | 0       |
|   add_ln202_272_fu_61318_p2             |     |        | add_ln202_272  | add | fabric    | 0       |
|   v_409_fu_61400_p2                     |     |        | v_409          | add | fabric    | 0       |
|   mul_6s_11ns_16_1_1_U313               | 1   |        | mul_ln202_137  | mul | auto      | 0       |
|   add_ln202_274_fu_61431_p2             |     |        | add_ln202_274  | add | fabric    | 0       |
|   v_412_fu_61513_p2                     |     |        | v_412          | add | fabric    | 0       |
|   mul_6s_11ns_16_1_1_U314               | 1   |        | mul_ln202_138  | mul | auto      | 0       |
|   add_ln202_276_fu_61544_p2             |     |        | add_ln202_276  | add | fabric    | 0       |
|   v_415_fu_61626_p2                     |     |        | v_415          | add | fabric    | 0       |
|   mul_6s_11ns_16_1_1_U315               | 1   |        | mul_ln202_139  | mul | auto      | 0       |
|   add_ln202_278_fu_61657_p2             |     |        | add_ln202_278  | add | fabric    | 0       |
|   v_418_fu_61739_p2                     |     |        | v_418          | add | fabric    | 0       |
|   mul_6s_11ns_16_1_1_U316               | 1   |        | mul_ln202_140  | mul | auto      | 0       |
|   add_ln202_280_fu_61770_p2             |     |        | add_ln202_280  | add | fabric    | 0       |
|   v_421_fu_61852_p2                     |     |        | v_421          | add | fabric    | 0       |
|   mul_6s_11ns_16_1_1_U317               | 1   |        | mul_ln202_141  | mul | auto      | 0       |
|   add_ln202_282_fu_61883_p2             |     |        | add_ln202_282  | add | fabric    | 0       |
|   v_424_fu_61965_p2                     |     |        | v_424          | add | fabric    | 0       |
|   mul_6s_11ns_16_1_1_U318               | 1   |        | mul_ln202_142  | mul | auto      | 0       |
|   add_ln202_284_fu_61996_p2             |     |        | add_ln202_284  | add | fabric    | 0       |
|   v_427_fu_62078_p2                     |     |        | v_427          | add | fabric    | 0       |
|   mul_6s_11ns_16_1_1_U319               | 1   |        | mul_ln202_143  | mul | auto      | 0       |
|   add_ln202_286_fu_62109_p2             |     |        | add_ln202_286  | add | fabric    | 0       |
|   v_430_fu_62191_p2                     |     |        | v_430          | add | fabric    | 0       |
|   mul_6s_11ns_16_1_1_U320               | 1   |        | mul_ln202_144  | mul | auto      | 0       |
|   add_ln202_288_fu_62222_p2             |     |        | add_ln202_288  | add | fabric    | 0       |
|   v_433_fu_62304_p2                     |     |        | v_433          | add | fabric    | 0       |
|   mul_6s_11ns_16_1_1_U321               | 1   |        | mul_ln202_145  | mul | auto      | 0       |
|   add_ln202_290_fu_62335_p2             |     |        | add_ln202_290  | add | fabric    | 0       |
|   v_436_fu_62417_p2                     |     |        | v_436          | add | fabric    | 0       |
|   mul_6s_11ns_16_1_1_U322               | 1   |        | mul_ln202_146  | mul | auto      | 0       |
|   add_ln202_292_fu_62448_p2             |     |        | add_ln202_292  | add | fabric    | 0       |
|   v_439_fu_62530_p2                     |     |        | v_439          | add | fabric    | 0       |
|   mul_6s_11ns_16_1_1_U323               | 1   |        | mul_ln202_147  | mul | auto      | 0       |
|   add_ln202_294_fu_62561_p2             |     |        | add_ln202_294  | add | fabric    | 0       |
|   v_442_fu_62643_p2                     |     |        | v_442          | add | fabric    | 0       |
|   mul_6s_11ns_16_1_1_U324               | 1   |        | mul_ln202_148  | mul | auto      | 0       |
|   add_ln202_296_fu_62674_p2             |     |        | add_ln202_296  | add | fabric    | 0       |
|   v_445_fu_62756_p2                     |     |        | v_445          | add | fabric    | 0       |
|   mul_6s_11ns_16_1_1_U325               | 1   |        | mul_ln202_149  | mul | auto      | 0       |
|   add_ln202_298_fu_62787_p2             |     |        | add_ln202_298  | add | fabric    | 0       |
|   v_448_fu_62869_p2                     |     |        | v_448          | add | fabric    | 0       |
|   mul_6s_11ns_16_1_1_U326               | 1   |        | mul_ln202_150  | mul | auto      | 0       |
|   add_ln202_300_fu_62900_p2             |     |        | add_ln202_300  | add | fabric    | 0       |
|   v_451_fu_62982_p2                     |     |        | v_451          | add | fabric    | 0       |
|   mul_6s_11ns_16_1_1_U327               | 1   |        | mul_ln202_151  | mul | auto      | 0       |
|   add_ln202_302_fu_63013_p2             |     |        | add_ln202_302  | add | fabric    | 0       |
|   v_454_fu_63095_p2                     |     |        | v_454          | add | fabric    | 0       |
|   mul_6s_11ns_16_1_1_U328               | 1   |        | mul_ln202_152  | mul | auto      | 0       |
|   add_ln202_304_fu_63126_p2             |     |        | add_ln202_304  | add | fabric    | 0       |
|   v_457_fu_63208_p2                     |     |        | v_457          | add | fabric    | 0       |
|   mul_6s_11ns_16_1_1_U329               | 1   |        | mul_ln202_153  | mul | auto      | 0       |
|   add_ln202_306_fu_63239_p2             |     |        | add_ln202_306  | add | fabric    | 0       |
|   v_460_fu_63321_p2                     |     |        | v_460          | add | fabric    | 0       |
|   mul_6s_11ns_16_1_1_U330               | 1   |        | mul_ln202_154  | mul | auto      | 0       |
|   add_ln202_308_fu_63352_p2             |     |        | add_ln202_308  | add | fabric    | 0       |
|   v_463_fu_63434_p2                     |     |        | v_463          | add | fabric    | 0       |
|   mul_6s_11ns_16_1_1_U331               | 1   |        | mul_ln202_155  | mul | auto      | 0       |
|   add_ln202_310_fu_63465_p2             |     |        | add_ln202_310  | add | fabric    | 0       |
|   v_466_fu_63547_p2                     |     |        | v_466          | add | fabric    | 0       |
|   mul_6s_11ns_16_1_1_U332               | 1   |        | mul_ln202_156  | mul | auto      | 0       |
|   add_ln202_312_fu_63578_p2             |     |        | add_ln202_312  | add | fabric    | 0       |
|   v_469_fu_63660_p2                     |     |        | v_469          | add | fabric    | 0       |
|   mul_6s_11ns_16_1_1_U333               | 1   |        | mul_ln202_157  | mul | auto      | 0       |
|   add_ln202_314_fu_63691_p2             |     |        | add_ln202_314  | add | fabric    | 0       |
|   v_472_fu_63773_p2                     |     |        | v_472          | add | fabric    | 0       |
|   mul_6s_11ns_16_1_1_U334               | 1   |        | mul_ln202_158  | mul | auto      | 0       |
|   add_ln202_316_fu_63804_p2             |     |        | add_ln202_316  | add | fabric    | 0       |
|   v_475_fu_63886_p2                     |     |        | v_475          | add | fabric    | 0       |
|   mul_6s_11ns_16_1_1_U335               | 1   |        | mul_ln202_159  | mul | auto      | 0       |
|   add_ln202_318_fu_63917_p2             |     |        | add_ln202_318  | add | fabric    | 0       |
|   v_478_fu_63999_p2                     |     |        | v_478          | add | fabric    | 0       |
|   mul_6s_11ns_16_1_1_U336               | 1   |        | mul_ln202_160  | mul | auto      | 0       |
|   add_ln202_320_fu_64030_p2             |     |        | add_ln202_320  | add | fabric    | 0       |
|   v_481_fu_64112_p2                     |     |        | v_481          | add | fabric    | 0       |
|   mul_6s_11ns_16_1_1_U337               | 1   |        | mul_ln202_161  | mul | auto      | 0       |
|   add_ln202_322_fu_64143_p2             |     |        | add_ln202_322  | add | fabric    | 0       |
|   v_484_fu_64225_p2                     |     |        | v_484          | add | fabric    | 0       |
|   mul_6s_11ns_16_1_1_U338               | 1   |        | mul_ln202_162  | mul | auto      | 0       |
|   add_ln202_324_fu_64256_p2             |     |        | add_ln202_324  | add | fabric    | 0       |
|   v_487_fu_64338_p2                     |     |        | v_487          | add | fabric    | 0       |
|   mul_6s_11ns_16_1_1_U339               | 1   |        | mul_ln202_163  | mul | auto      | 0       |
|   add_ln202_326_fu_64369_p2             |     |        | add_ln202_326  | add | fabric    | 0       |
|   v_490_fu_64451_p2                     |     |        | v_490          | add | fabric    | 0       |
|   mul_6s_11ns_16_1_1_U340               | 1   |        | mul_ln202_164  | mul | auto      | 0       |
|   add_ln202_328_fu_64482_p2             |     |        | add_ln202_328  | add | fabric    | 0       |
|   v_493_fu_64564_p2                     |     |        | v_493          | add | fabric    | 0       |
|   mul_6s_11ns_16_1_1_U341               | 1   |        | mul_ln202_165  | mul | auto      | 0       |
|   add_ln202_330_fu_64595_p2             |     |        | add_ln202_330  | add | fabric    | 0       |
|   v_496_fu_64677_p2                     |     |        | v_496          | add | fabric    | 0       |
|   mul_6s_11ns_16_1_1_U342               | 1   |        | mul_ln202_166  | mul | auto      | 0       |
|   add_ln202_332_fu_64708_p2             |     |        | add_ln202_332  | add | fabric    | 0       |
|   v_499_fu_64790_p2                     |     |        | v_499          | add | fabric    | 0       |
|   mul_6s_11ns_16_1_1_U343               | 1   |        | mul_ln202_167  | mul | auto      | 0       |
|   add_ln202_334_fu_64821_p2             |     |        | add_ln202_334  | add | fabric    | 0       |
|   v_502_fu_64903_p2                     |     |        | v_502          | add | fabric    | 0       |
|   mul_6s_11ns_16_1_1_U344               | 1   |        | mul_ln202_168  | mul | auto      | 0       |
|   add_ln202_336_fu_64934_p2             |     |        | add_ln202_336  | add | fabric    | 0       |
|   v_505_fu_65016_p2                     |     |        | v_505          | add | fabric    | 0       |
|   mul_6s_11ns_16_1_1_U345               | 1   |        | mul_ln202_169  | mul | auto      | 0       |
|   add_ln202_338_fu_65047_p2             |     |        | add_ln202_338  | add | fabric    | 0       |
|   v_508_fu_65129_p2                     |     |        | v_508          | add | fabric    | 0       |
|   mul_6s_11ns_16_1_1_U346               | 1   |        | mul_ln202_170  | mul | auto      | 0       |
|   add_ln202_340_fu_65160_p2             |     |        | add_ln202_340  | add | fabric    | 0       |
|   v_511_fu_65242_p2                     |     |        | v_511          | add | fabric    | 0       |
|   add_ln225_fu_72757_p2                 |     |        | add_ln225      | add | fabric    | 0       |
|   add_ln225_1_fu_72767_p2               |     |        | add_ln225_1    | add | fabric    | 0       |
|   add_ln225_2_fu_72777_p2               |     |        | add_ln225_2    | add | fabric    | 0       |
|   add_ln225_3_fu_72787_p2               |     |        | add_ln225_3    | add | fabric    | 0       |
|   add_ln225_4_fu_72797_p2               |     |        | add_ln225_4    | add | fabric    | 0       |
|   add_ln225_5_fu_72807_p2               |     |        | add_ln225_5    | add | fabric    | 0       |
|   add_ln225_6_fu_72817_p2               |     |        | add_ln225_6    | add | fabric    | 0       |
|   add_ln225_7_fu_72827_p2               |     |        | add_ln225_7    | add | fabric    | 0       |
|   add_ln225_8_fu_72833_p2               |     |        | add_ln225_8    | add | fabric    | 0       |
|   add_ln225_9_fu_72843_p2               |     |        | add_ln225_9    | add | fabric    | 0       |
|   add_ln225_10_fu_72853_p2              |     |        | add_ln225_10   | add | fabric    | 0       |
|   add_ln225_11_fu_72863_p2              |     |        | add_ln225_11   | add | fabric    | 0       |
|   add_ln225_12_fu_72873_p2              |     |        | add_ln225_12   | add | fabric    | 0       |
|   add_ln225_13_fu_72883_p2              |     |        | add_ln225_13   | add | fabric    | 0       |
|   add_ln225_14_fu_72893_p2              |     |        | add_ln225_14   | add | fabric    | 0       |
|   add_ln225_15_fu_72903_p2              |     |        | add_ln225_15   | add | fabric    | 0       |
|   am_addmul_16s_16s_18ns_36_1_1_U1036   | 1   |        | add_ln225_16   | add | dsp_slice | 0       |
|   add_ln225_17_fu_72909_p2              |     |        | add_ln225_17   | add | fabric    | 0       |
|   add_ln225_18_fu_72919_p2              |     |        | add_ln225_18   | add | fabric    | 0       |
|   add_ln225_19_fu_72929_p2              |     |        | add_ln225_19   | add | fabric    | 0       |
|   add_ln225_20_fu_72939_p2              |     |        | add_ln225_20   | add | fabric    | 0       |
|   add_ln225_21_fu_72949_p2              |     |        | add_ln225_21   | add | fabric    | 0       |
|   add_ln225_22_fu_72959_p2              |     |        | add_ln225_22   | add | fabric    | 0       |
|   add_ln225_23_fu_72969_p2              |     |        | add_ln225_23   | add | fabric    | 0       |
|   add_ln225_24_fu_72979_p2              |     |        | add_ln225_24   | add | fabric    | 0       |
|   add_ln225_25_fu_72985_p2              |     |        | add_ln225_25   | add | fabric    | 0       |
|   add_ln225_26_fu_72995_p2              |     |        | add_ln225_26   | add | fabric    | 0       |
|   add_ln225_27_fu_73005_p2              |     |        | add_ln225_27   | add | fabric    | 0       |
|   add_ln225_28_fu_73015_p2              |     |        | add_ln225_28   | add | fabric    | 0       |
|   add_ln225_29_fu_73025_p2              |     |        | add_ln225_29   | add | fabric    | 0       |
|   add_ln225_30_fu_73035_p2              |     |        | add_ln225_30   | add | fabric    | 0       |
|   add_ln225_31_fu_73045_p2              |     |        | add_ln225_31   | add | fabric    | 0       |
|   add_ln225_32_fu_73055_p2              |     |        | add_ln225_32   | add | fabric    | 0       |
|   am_addmul_16s_16s_18ns_36_1_1_U1037   | 1   |        | add_ln225_33   | add | dsp_slice | 0       |
|   add_ln225_34_fu_73061_p2              |     |        | add_ln225_34   | add | fabric    | 0       |
|   add_ln225_35_fu_73071_p2              |     |        | add_ln225_35   | add | fabric    | 0       |
|   add_ln225_36_fu_73081_p2              |     |        | add_ln225_36   | add | fabric    | 0       |
|   add_ln225_37_fu_73091_p2              |     |        | add_ln225_37   | add | fabric    | 0       |
|   add_ln225_38_fu_73101_p2              |     |        | add_ln225_38   | add | fabric    | 0       |
|   add_ln225_39_fu_73111_p2              |     |        | add_ln225_39   | add | fabric    | 0       |
|   add_ln225_40_fu_73121_p2              |     |        | add_ln225_40   | add | fabric    | 0       |
|   add_ln225_41_fu_73131_p2              |     |        | add_ln225_41   | add | fabric    | 0       |
|   add_ln225_42_fu_73137_p2              |     |        | add_ln225_42   | add | fabric    | 0       |
|   add_ln225_43_fu_73147_p2              |     |        | add_ln225_43   | add | fabric    | 0       |
|   add_ln225_44_fu_73157_p2              |     |        | add_ln225_44   | add | fabric    | 0       |
|   add_ln225_45_fu_73167_p2              |     |        | add_ln225_45   | add | fabric    | 0       |
|   add_ln225_46_fu_73177_p2              |     |        | add_ln225_46   | add | fabric    | 0       |
|   add_ln225_47_fu_73187_p2              |     |        | add_ln225_47   | add | fabric    | 0       |
|   add_ln225_48_fu_73197_p2              |     |        | add_ln225_48   | add | fabric    | 0       |
|   add_ln225_49_fu_73207_p2              |     |        | add_ln225_49   | add | fabric    | 0       |
|   am_addmul_16s_16s_18ns_36_1_1_U1038   | 1   |        | add_ln225_50   | add | dsp_slice | 0       |
|   add_ln225_51_fu_73213_p2              |     |        | add_ln225_51   | add | fabric    | 0       |
|   add_ln225_52_fu_73223_p2              |     |        | add_ln225_52   | add | fabric    | 0       |
|   add_ln225_53_fu_73233_p2              |     |        | add_ln225_53   | add | fabric    | 0       |
|   add_ln225_54_fu_73243_p2              |     |        | add_ln225_54   | add | fabric    | 0       |
|   add_ln225_55_fu_73253_p2              |     |        | add_ln225_55   | add | fabric    | 0       |
|   add_ln225_56_fu_73263_p2              |     |        | add_ln225_56   | add | fabric    | 0       |
|   add_ln225_57_fu_73273_p2              |     |        | add_ln225_57   | add | fabric    | 0       |
|   add_ln225_58_fu_73283_p2              |     |        | add_ln225_58   | add | fabric    | 0       |
|   add_ln225_59_fu_73289_p2              |     |        | add_ln225_59   | add | fabric    | 0       |
|   add_ln225_60_fu_73299_p2              |     |        | add_ln225_60   | add | fabric    | 0       |
|   add_ln225_61_fu_73309_p2              |     |        | add_ln225_61   | add | fabric    | 0       |
|   add_ln225_62_fu_73319_p2              |     |        | add_ln225_62   | add | fabric    | 0       |
|   add_ln225_63_fu_73329_p2              |     |        | add_ln225_63   | add | fabric    | 0       |
|   add_ln225_64_fu_73339_p2              |     |        | add_ln225_64   | add | fabric    | 0       |
|   add_ln225_65_fu_73349_p2              |     |        | add_ln225_65   | add | fabric    | 0       |
|   add_ln225_66_fu_73359_p2              |     |        | add_ln225_66   | add | fabric    | 0       |
|   am_addmul_16s_16s_18ns_36_1_1_U1039   | 1   |        | add_ln225_67   | add | dsp_slice | 0       |
|   add_ln225_68_fu_73365_p2              |     |        | add_ln225_68   | add | fabric    | 0       |
|   add_ln225_69_fu_73375_p2              |     |        | add_ln225_69   | add | fabric    | 0       |
|   add_ln225_70_fu_73385_p2              |     |        | add_ln225_70   | add | fabric    | 0       |
|   add_ln225_71_fu_73395_p2              |     |        | add_ln225_71   | add | fabric    | 0       |
|   add_ln225_72_fu_73405_p2              |     |        | add_ln225_72   | add | fabric    | 0       |
|   add_ln225_73_fu_73415_p2              |     |        | add_ln225_73   | add | fabric    | 0       |
|   add_ln225_74_fu_73425_p2              |     |        | add_ln225_74   | add | fabric    | 0       |
|   add_ln225_75_fu_73435_p2              |     |        | add_ln225_75   | add | fabric    | 0       |
|   add_ln225_76_fu_73441_p2              |     |        | add_ln225_76   | add | fabric    | 0       |
|   add_ln225_77_fu_73451_p2              |     |        | add_ln225_77   | add | fabric    | 0       |
|   add_ln225_78_fu_73461_p2              |     |        | add_ln225_78   | add | fabric    | 0       |
|   add_ln225_79_fu_73471_p2              |     |        | add_ln225_79   | add | fabric    | 0       |
|   add_ln225_80_fu_73481_p2              |     |        | add_ln225_80   | add | fabric    | 0       |
|   add_ln225_81_fu_73491_p2              |     |        | add_ln225_81   | add | fabric    | 0       |
|   add_ln225_82_fu_73501_p2              |     |        | add_ln225_82   | add | fabric    | 0       |
|   add_ln225_83_fu_73511_p2              |     |        | add_ln225_83   | add | fabric    | 0       |
|   am_addmul_16s_16s_18ns_36_1_1_U1040   | 1   |        | add_ln225_84   | add | dsp_slice | 0       |
|   add_ln225_85_fu_73517_p2              |     |        | add_ln225_85   | add | fabric    | 0       |
|   add_ln225_86_fu_73527_p2              |     |        | add_ln225_86   | add | fabric    | 0       |
|   add_ln225_87_fu_73537_p2              |     |        | add_ln225_87   | add | fabric    | 0       |
|   add_ln225_88_fu_73547_p2              |     |        | add_ln225_88   | add | fabric    | 0       |
|   add_ln225_89_fu_73557_p2              |     |        | add_ln225_89   | add | fabric    | 0       |
|   add_ln225_90_fu_73567_p2              |     |        | add_ln225_90   | add | fabric    | 0       |
|   add_ln225_91_fu_73577_p2              |     |        | add_ln225_91   | add | fabric    | 0       |
|   add_ln225_92_fu_73587_p2              |     |        | add_ln225_92   | add | fabric    | 0       |
|   add_ln225_93_fu_73593_p2              |     |        | add_ln225_93   | add | fabric    | 0       |
|   add_ln225_94_fu_73603_p2              |     |        | add_ln225_94   | add | fabric    | 0       |
|   add_ln225_95_fu_73613_p2              |     |        | add_ln225_95   | add | fabric    | 0       |
|   add_ln225_96_fu_73623_p2              |     |        | add_ln225_96   | add | fabric    | 0       |
|   add_ln225_97_fu_73633_p2              |     |        | add_ln225_97   | add | fabric    | 0       |
|   add_ln225_98_fu_73643_p2              |     |        | add_ln225_98   | add | fabric    | 0       |
|   add_ln225_99_fu_73653_p2              |     |        | add_ln225_99   | add | fabric    | 0       |
|   add_ln225_100_fu_73663_p2             |     |        | add_ln225_100  | add | fabric    | 0       |
|   am_addmul_16s_16s_18ns_36_1_1_U1041   | 1   |        | add_ln225_101  | add | dsp_slice | 0       |
|   add_ln225_102_fu_73669_p2             |     |        | add_ln225_102  | add | fabric    | 0       |
|   add_ln225_103_fu_73679_p2             |     |        | add_ln225_103  | add | fabric    | 0       |
|   add_ln225_104_fu_73689_p2             |     |        | add_ln225_104  | add | fabric    | 0       |
|   add_ln225_105_fu_73699_p2             |     |        | add_ln225_105  | add | fabric    | 0       |
|   add_ln225_106_fu_73709_p2             |     |        | add_ln225_106  | add | fabric    | 0       |
|   add_ln225_107_fu_73719_p2             |     |        | add_ln225_107  | add | fabric    | 0       |
|   add_ln225_108_fu_73729_p2             |     |        | add_ln225_108  | add | fabric    | 0       |
|   add_ln225_109_fu_73739_p2             |     |        | add_ln225_109  | add | fabric    | 0       |
|   add_ln225_110_fu_73745_p2             |     |        | add_ln225_110  | add | fabric    | 0       |
|   add_ln225_111_fu_73755_p2             |     |        | add_ln225_111  | add | fabric    | 0       |
|   add_ln225_112_fu_73765_p2             |     |        | add_ln225_112  | add | fabric    | 0       |
|   add_ln225_113_fu_73775_p2             |     |        | add_ln225_113  | add | fabric    | 0       |
|   add_ln225_114_fu_73785_p2             |     |        | add_ln225_114  | add | fabric    | 0       |
|   add_ln225_115_fu_73795_p2             |     |        | add_ln225_115  | add | fabric    | 0       |
|   add_ln225_116_fu_73805_p2             |     |        | add_ln225_116  | add | fabric    | 0       |
|   add_ln225_117_fu_73815_p2             |     |        | add_ln225_117  | add | fabric    | 0       |
|   am_addmul_16s_16s_18ns_36_1_1_U1042   | 1   |        | add_ln225_118  | add | dsp_slice | 0       |
|   add_ln225_119_fu_73821_p2             |     |        | add_ln225_119  | add | fabric    | 0       |
|   add_ln225_120_fu_73831_p2             |     |        | add_ln225_120  | add | fabric    | 0       |
|   add_ln225_121_fu_73841_p2             |     |        | add_ln225_121  | add | fabric    | 0       |
|   add_ln225_122_fu_73851_p2             |     |        | add_ln225_122  | add | fabric    | 0       |
|   add_ln225_123_fu_73861_p2             |     |        | add_ln225_123  | add | fabric    | 0       |
|   add_ln225_124_fu_73871_p2             |     |        | add_ln225_124  | add | fabric    | 0       |
|   add_ln225_125_fu_73881_p2             |     |        | add_ln225_125  | add | fabric    | 0       |
|   add_ln225_126_fu_73891_p2             |     |        | add_ln225_126  | add | fabric    | 0       |
|   add_ln225_127_fu_73897_p2             |     |        | add_ln225_127  | add | fabric    | 0       |
|   add_ln225_128_fu_73907_p2             |     |        | add_ln225_128  | add | fabric    | 0       |
|   add_ln225_129_fu_73917_p2             |     |        | add_ln225_129  | add | fabric    | 0       |
|   add_ln225_130_fu_73927_p2             |     |        | add_ln225_130  | add | fabric    | 0       |
|   add_ln225_131_fu_73937_p2             |     |        | add_ln225_131  | add | fabric    | 0       |
|   add_ln225_132_fu_73947_p2             |     |        | add_ln225_132  | add | fabric    | 0       |
|   add_ln225_133_fu_73957_p2             |     |        | add_ln225_133  | add | fabric    | 0       |
|   add_ln225_134_fu_73967_p2             |     |        | add_ln225_134  | add | fabric    | 0       |
|   am_addmul_16s_16s_18ns_36_1_1_U1043   | 1   |        | add_ln225_135  | add | dsp_slice | 0       |
|   add_ln225_136_fu_73973_p2             |     |        | add_ln225_136  | add | fabric    | 0       |
|   add_ln225_137_fu_73983_p2             |     |        | add_ln225_137  | add | fabric    | 0       |
|   add_ln225_138_fu_73993_p2             |     |        | add_ln225_138  | add | fabric    | 0       |
|   add_ln225_139_fu_74003_p2             |     |        | add_ln225_139  | add | fabric    | 0       |
|   add_ln225_140_fu_74013_p2             |     |        | add_ln225_140  | add | fabric    | 0       |
|   add_ln225_141_fu_74023_p2             |     |        | add_ln225_141  | add | fabric    | 0       |
|   add_ln225_142_fu_74033_p2             |     |        | add_ln225_142  | add | fabric    | 0       |
|   add_ln225_143_fu_74043_p2             |     |        | add_ln225_143  | add | fabric    | 0       |
|   add_ln225_144_fu_74049_p2             |     |        | add_ln225_144  | add | fabric    | 0       |
|   add_ln225_145_fu_74059_p2             |     |        | add_ln225_145  | add | fabric    | 0       |
|   add_ln225_146_fu_74069_p2             |     |        | add_ln225_146  | add | fabric    | 0       |
|   add_ln225_147_fu_74079_p2             |     |        | add_ln225_147  | add | fabric    | 0       |
|   add_ln225_148_fu_74089_p2             |     |        | add_ln225_148  | add | fabric    | 0       |
|   add_ln225_149_fu_74099_p2             |     |        | add_ln225_149  | add | fabric    | 0       |
|   add_ln225_150_fu_74109_p2             |     |        | add_ln225_150  | add | fabric    | 0       |
|   add_ln225_151_fu_74119_p2             |     |        | add_ln225_151  | add | fabric    | 0       |
|   am_addmul_16s_16s_18ns_36_1_1_U1044   | 1   |        | add_ln225_152  | add | dsp_slice | 0       |
|   add_ln225_153_fu_74125_p2             |     |        | add_ln225_153  | add | fabric    | 0       |
|   add_ln225_154_fu_74135_p2             |     |        | add_ln225_154  | add | fabric    | 0       |
|   add_ln225_155_fu_74145_p2             |     |        | add_ln225_155  | add | fabric    | 0       |
|   add_ln225_156_fu_74155_p2             |     |        | add_ln225_156  | add | fabric    | 0       |
|   add_ln225_157_fu_74165_p2             |     |        | add_ln225_157  | add | fabric    | 0       |
|   add_ln225_158_fu_74175_p2             |     |        | add_ln225_158  | add | fabric    | 0       |
|   add_ln225_159_fu_74185_p2             |     |        | add_ln225_159  | add | fabric    | 0       |
|   add_ln225_160_fu_74195_p2             |     |        | add_ln225_160  | add | fabric    | 0       |
|   add_ln225_161_fu_74201_p2             |     |        | add_ln225_161  | add | fabric    | 0       |
|   add_ln225_162_fu_74211_p2             |     |        | add_ln225_162  | add | fabric    | 0       |
|   add_ln225_163_fu_74221_p2             |     |        | add_ln225_163  | add | fabric    | 0       |
|   add_ln225_164_fu_74231_p2             |     |        | add_ln225_164  | add | fabric    | 0       |
|   add_ln225_165_fu_74241_p2             |     |        | add_ln225_165  | add | fabric    | 0       |
|   add_ln225_166_fu_74251_p2             |     |        | add_ln225_166  | add | fabric    | 0       |
|   add_ln225_167_fu_74261_p2             |     |        | add_ln225_167  | add | fabric    | 0       |
|   add_ln225_168_fu_74271_p2             |     |        | add_ln225_168  | add | fabric    | 0       |
|   am_addmul_16s_16s_18ns_36_1_1_U1045   | 1   |        | add_ln225_169  | add | dsp_slice | 0       |
|   add_ln225_170_fu_74277_p2             |     |        | add_ln225_170  | add | fabric    | 0       |
|   add_ln225_171_fu_74287_p2             |     |        | add_ln225_171  | add | fabric    | 0       |
|   add_ln225_172_fu_74297_p2             |     |        | add_ln225_172  | add | fabric    | 0       |
|   add_ln225_173_fu_74307_p2             |     |        | add_ln225_173  | add | fabric    | 0       |
|   add_ln225_174_fu_74317_p2             |     |        | add_ln225_174  | add | fabric    | 0       |
|   add_ln225_175_fu_74327_p2             |     |        | add_ln225_175  | add | fabric    | 0       |
|   add_ln225_176_fu_74337_p2             |     |        | add_ln225_176  | add | fabric    | 0       |
|   add_ln225_177_fu_74347_p2             |     |        | add_ln225_177  | add | fabric    | 0       |
|   add_ln225_178_fu_74353_p2             |     |        | add_ln225_178  | add | fabric    | 0       |
|   add_ln225_179_fu_74363_p2             |     |        | add_ln225_179  | add | fabric    | 0       |
|   add_ln225_180_fu_74373_p2             |     |        | add_ln225_180  | add | fabric    | 0       |
|   add_ln225_181_fu_74383_p2             |     |        | add_ln225_181  | add | fabric    | 0       |
|   add_ln225_182_fu_74393_p2             |     |        | add_ln225_182  | add | fabric    | 0       |
|   add_ln225_183_fu_74403_p2             |     |        | add_ln225_183  | add | fabric    | 0       |
|   add_ln225_184_fu_74413_p2             |     |        | add_ln225_184  | add | fabric    | 0       |
|   add_ln225_185_fu_74423_p2             |     |        | add_ln225_185  | add | fabric    | 0       |
|   am_addmul_16s_16s_18ns_36_1_1_U1046   | 1   |        | add_ln225_186  | add | dsp_slice | 0       |
|   add_ln225_187_fu_74429_p2             |     |        | add_ln225_187  | add | fabric    | 0       |
|   add_ln225_188_fu_74439_p2             |     |        | add_ln225_188  | add | fabric    | 0       |
|   add_ln225_189_fu_74449_p2             |     |        | add_ln225_189  | add | fabric    | 0       |
|   add_ln225_190_fu_74459_p2             |     |        | add_ln225_190  | add | fabric    | 0       |
|   add_ln225_191_fu_74469_p2             |     |        | add_ln225_191  | add | fabric    | 0       |
|   add_ln225_192_fu_74479_p2             |     |        | add_ln225_192  | add | fabric    | 0       |
|   add_ln225_193_fu_74489_p2             |     |        | add_ln225_193  | add | fabric    | 0       |
|   add_ln225_194_fu_74499_p2             |     |        | add_ln225_194  | add | fabric    | 0       |
|   add_ln225_195_fu_74505_p2             |     |        | add_ln225_195  | add | fabric    | 0       |
|   add_ln225_196_fu_74515_p2             |     |        | add_ln225_196  | add | fabric    | 0       |
|   add_ln225_197_fu_74525_p2             |     |        | add_ln225_197  | add | fabric    | 0       |
|   add_ln225_198_fu_74535_p2             |     |        | add_ln225_198  | add | fabric    | 0       |
|   add_ln225_199_fu_74545_p2             |     |        | add_ln225_199  | add | fabric    | 0       |
|   add_ln225_200_fu_74555_p2             |     |        | add_ln225_200  | add | fabric    | 0       |
|   add_ln225_201_fu_74565_p2             |     |        | add_ln225_201  | add | fabric    | 0       |
|   add_ln225_202_fu_74575_p2             |     |        | add_ln225_202  | add | fabric    | 0       |
|   am_addmul_16s_16s_18ns_36_1_1_U1047   | 1   |        | add_ln225_203  | add | dsp_slice | 0       |
|   add_ln225_204_fu_74581_p2             |     |        | add_ln225_204  | add | fabric    | 0       |
|   add_ln225_205_fu_74591_p2             |     |        | add_ln225_205  | add | fabric    | 0       |
|   add_ln225_206_fu_74601_p2             |     |        | add_ln225_206  | add | fabric    | 0       |
|   add_ln225_207_fu_74611_p2             |     |        | add_ln225_207  | add | fabric    | 0       |
|   add_ln225_208_fu_74621_p2             |     |        | add_ln225_208  | add | fabric    | 0       |
|   add_ln225_209_fu_74631_p2             |     |        | add_ln225_209  | add | fabric    | 0       |
|   add_ln225_210_fu_74641_p2             |     |        | add_ln225_210  | add | fabric    | 0       |
|   add_ln225_211_fu_74651_p2             |     |        | add_ln225_211  | add | fabric    | 0       |
|   add_ln225_212_fu_74657_p2             |     |        | add_ln225_212  | add | fabric    | 0       |
|   add_ln225_213_fu_74667_p2             |     |        | add_ln225_213  | add | fabric    | 0       |
|   add_ln225_214_fu_74677_p2             |     |        | add_ln225_214  | add | fabric    | 0       |
|   add_ln225_215_fu_74687_p2             |     |        | add_ln225_215  | add | fabric    | 0       |
|   add_ln225_216_fu_74697_p2             |     |        | add_ln225_216  | add | fabric    | 0       |
|   add_ln225_217_fu_74707_p2             |     |        | add_ln225_217  | add | fabric    | 0       |
|   add_ln225_218_fu_74717_p2             |     |        | add_ln225_218  | add | fabric    | 0       |
|   add_ln225_219_fu_74727_p2             |     |        | add_ln225_219  | add | fabric    | 0       |
|   am_addmul_16s_16s_18ns_36_1_1_U1048   | 1   |        | add_ln225_220  | add | dsp_slice | 0       |
|   add_ln225_221_fu_74733_p2             |     |        | add_ln225_221  | add | fabric    | 0       |
|   add_ln225_222_fu_74743_p2             |     |        | add_ln225_222  | add | fabric    | 0       |
|   add_ln225_223_fu_74753_p2             |     |        | add_ln225_223  | add | fabric    | 0       |
|   add_ln225_224_fu_74763_p2             |     |        | add_ln225_224  | add | fabric    | 0       |
|   add_ln225_225_fu_74773_p2             |     |        | add_ln225_225  | add | fabric    | 0       |
|   add_ln225_226_fu_74783_p2             |     |        | add_ln225_226  | add | fabric    | 0       |
|   add_ln225_227_fu_74793_p2             |     |        | add_ln225_227  | add | fabric    | 0       |
|   add_ln225_228_fu_74803_p2             |     |        | add_ln225_228  | add | fabric    | 0       |
|   add_ln225_229_fu_74809_p2             |     |        | add_ln225_229  | add | fabric    | 0       |
|   add_ln225_230_fu_74819_p2             |     |        | add_ln225_230  | add | fabric    | 0       |
|   add_ln225_231_fu_74829_p2             |     |        | add_ln225_231  | add | fabric    | 0       |
|   add_ln225_232_fu_74839_p2             |     |        | add_ln225_232  | add | fabric    | 0       |
|   add_ln225_233_fu_74849_p2             |     |        | add_ln225_233  | add | fabric    | 0       |
|   add_ln225_234_fu_74859_p2             |     |        | add_ln225_234  | add | fabric    | 0       |
|   add_ln225_235_fu_74869_p2             |     |        | add_ln225_235  | add | fabric    | 0       |
|   add_ln225_236_fu_74879_p2             |     |        | add_ln225_236  | add | fabric    | 0       |
|   am_addmul_16s_16s_18ns_36_1_1_U1049   | 1   |        | add_ln225_237  | add | dsp_slice | 0       |
|   add_ln225_238_fu_74885_p2             |     |        | add_ln225_238  | add | fabric    | 0       |
|   add_ln225_239_fu_74895_p2             |     |        | add_ln225_239  | add | fabric    | 0       |
|   add_ln225_240_fu_74905_p2             |     |        | add_ln225_240  | add | fabric    | 0       |
|   add_ln225_241_fu_74915_p2             |     |        | add_ln225_241  | add | fabric    | 0       |
|   add_ln225_242_fu_74925_p2             |     |        | add_ln225_242  | add | fabric    | 0       |
|   add_ln225_243_fu_74935_p2             |     |        | add_ln225_243  | add | fabric    | 0       |
|   add_ln225_244_fu_74945_p2             |     |        | add_ln225_244  | add | fabric    | 0       |
|   add_ln225_245_fu_74955_p2             |     |        | add_ln225_245  | add | fabric    | 0       |
|   add_ln225_246_fu_74961_p2             |     |        | add_ln225_246  | add | fabric    | 0       |
|   add_ln225_247_fu_74971_p2             |     |        | add_ln225_247  | add | fabric    | 0       |
|   add_ln225_248_fu_74981_p2             |     |        | add_ln225_248  | add | fabric    | 0       |
|   add_ln225_249_fu_74991_p2             |     |        | add_ln225_249  | add | fabric    | 0       |
|   add_ln225_250_fu_75001_p2             |     |        | add_ln225_250  | add | fabric    | 0       |
|   add_ln225_251_fu_75011_p2             |     |        | add_ln225_251  | add | fabric    | 0       |
|   add_ln225_252_fu_75021_p2             |     |        | add_ln225_252  | add | fabric    | 0       |
|   add_ln225_253_fu_75031_p2             |     |        | add_ln225_253  | add | fabric    | 0       |
|   am_addmul_16s_16s_18ns_36_1_1_U1050   | 1   |        | add_ln225_254  | add | dsp_slice | 0       |
|   add_ln225_255_fu_75037_p2             |     |        | add_ln225_255  | add | fabric    | 0       |
|   add_ln225_256_fu_75047_p2             |     |        | add_ln225_256  | add | fabric    | 0       |
|   add_ln225_257_fu_75057_p2             |     |        | add_ln225_257  | add | fabric    | 0       |
|   add_ln225_258_fu_75067_p2             |     |        | add_ln225_258  | add | fabric    | 0       |
|   add_ln225_259_fu_75077_p2             |     |        | add_ln225_259  | add | fabric    | 0       |
|   add_ln225_260_fu_75087_p2             |     |        | add_ln225_260  | add | fabric    | 0       |
|   add_ln225_261_fu_75097_p2             |     |        | add_ln225_261  | add | fabric    | 0       |
|   add_ln225_262_fu_75107_p2             |     |        | add_ln225_262  | add | fabric    | 0       |
|   add_ln225_263_fu_75113_p2             |     |        | add_ln225_263  | add | fabric    | 0       |
|   add_ln225_264_fu_75123_p2             |     |        | add_ln225_264  | add | fabric    | 0       |
|   add_ln225_265_fu_75133_p2             |     |        | add_ln225_265  | add | fabric    | 0       |
|   add_ln225_266_fu_75143_p2             |     |        | add_ln225_266  | add | fabric    | 0       |
|   add_ln225_267_fu_75153_p2             |     |        | add_ln225_267  | add | fabric    | 0       |
|   add_ln225_268_fu_75163_p2             |     |        | add_ln225_268  | add | fabric    | 0       |
|   add_ln225_269_fu_75173_p2             |     |        | add_ln225_269  | add | fabric    | 0       |
|   add_ln225_270_fu_75183_p2             |     |        | add_ln225_270  | add | fabric    | 0       |
|   am_addmul_16s_16s_18ns_36_1_1_U1051   | 1   |        | add_ln225_271  | add | dsp_slice | 0       |
|   add_ln225_272_fu_75189_p2             |     |        | add_ln225_272  | add | fabric    | 0       |
|   add_ln225_273_fu_75199_p2             |     |        | add_ln225_273  | add | fabric    | 0       |
|   add_ln225_274_fu_75209_p2             |     |        | add_ln225_274  | add | fabric    | 0       |
|   add_ln225_275_fu_75219_p2             |     |        | add_ln225_275  | add | fabric    | 0       |
|   add_ln225_276_fu_75229_p2             |     |        | add_ln225_276  | add | fabric    | 0       |
|   add_ln225_277_fu_75239_p2             |     |        | add_ln225_277  | add | fabric    | 0       |
|   add_ln225_278_fu_75249_p2             |     |        | add_ln225_278  | add | fabric    | 0       |
|   add_ln225_279_fu_75259_p2             |     |        | add_ln225_279  | add | fabric    | 0       |
|   add_ln225_280_fu_75265_p2             |     |        | add_ln225_280  | add | fabric    | 0       |
|   add_ln225_281_fu_75275_p2             |     |        | add_ln225_281  | add | fabric    | 0       |
|   add_ln225_282_fu_75285_p2             |     |        | add_ln225_282  | add | fabric    | 0       |
|   add_ln225_283_fu_75295_p2             |     |        | add_ln225_283  | add | fabric    | 0       |
|   add_ln225_284_fu_75305_p2             |     |        | add_ln225_284  | add | fabric    | 0       |
|   add_ln225_285_fu_75315_p2             |     |        | add_ln225_285  | add | fabric    | 0       |
|   add_ln225_286_fu_75325_p2             |     |        | add_ln225_286  | add | fabric    | 0       |
|   add_ln225_287_fu_75335_p2             |     |        | add_ln225_287  | add | fabric    | 0       |
|   am_addmul_16s_16s_18ns_36_1_1_U1052   | 1   |        | add_ln225_288  | add | dsp_slice | 0       |
|   add_ln224_fu_77181_p2                 |     |        | add_ln224      | add | fabric    | 0       |
|   add_ln224_1_fu_77191_p2               |     |        | add_ln224_1    | add | fabric    | 0       |
|   add_ln224_2_fu_77201_p2               |     |        | add_ln224_2    | add | fabric    | 0       |
|   add_ln224_3_fu_77211_p2               |     |        | add_ln224_3    | add | fabric    | 0       |
|   add_ln224_4_fu_77221_p2               |     |        | add_ln224_4    | add | fabric    | 0       |
|   add_ln224_5_fu_77231_p2               |     |        | add_ln224_5    | add | fabric    | 0       |
|   add_ln224_6_fu_77241_p2               |     |        | add_ln224_6    | add | fabric    | 0       |
|   add_ln224_7_fu_77251_p2               |     |        | add_ln224_7    | add | fabric    | 0       |
|   add_ln224_8_fu_77261_p2               |     |        | add_ln224_8    | add | fabric    | 0       |
|   add_ln224_9_fu_77271_p2               |     |        | add_ln224_9    | add | fabric    | 0       |
|   add_ln224_10_fu_77281_p2              |     |        | add_ln224_10   | add | fabric    | 0       |
|   add_ln224_11_fu_77291_p2              |     |        | add_ln224_11   | add | fabric    | 0       |
|   add_ln224_12_fu_77301_p2              |     |        | add_ln224_12   | add | fabric    | 0       |
|   add_ln224_13_fu_77311_p2              |     |        | add_ln224_13   | add | fabric    | 0       |
|   add_ln224_14_fu_77321_p2              |     |        | add_ln224_14   | add | fabric    | 0       |
|   add_ln224_15_fu_77331_p2              |     |        | add_ln224_15   | add | fabric    | 0       |
|   add_ln224_16_fu_77341_p2              |     |        | add_ln224_16   | add | fabric    | 0       |
|   add_ln224_17_fu_77351_p2              |     |        | add_ln224_17   | add | fabric    | 0       |
|   add_ln224_18_fu_77361_p2              |     |        | add_ln224_18   | add | fabric    | 0       |
|   add_ln224_19_fu_77371_p2              |     |        | add_ln224_19   | add | fabric    | 0       |
|   add_ln224_20_fu_77377_p2              |     |        | add_ln224_20   | add | fabric    | 0       |
|   add_ln224_21_fu_77387_p2              |     |        | add_ln224_21   | add | fabric    | 0       |
|   add_ln224_22_fu_77397_p2              |     |        | add_ln224_22   | add | fabric    | 0       |
|   add_ln224_23_fu_77407_p2              |     |        | add_ln224_23   | add | fabric    | 0       |
|   add_ln224_24_fu_77417_p2              |     |        | add_ln224_24   | add | fabric    | 0       |
|   add_ln224_25_fu_77427_p2              |     |        | add_ln224_25   | add | fabric    | 0       |
|   add_ln224_26_fu_77437_p2              |     |        | add_ln224_26   | add | fabric    | 0       |
|   add_ln224_27_fu_77447_p2              |     |        | add_ln224_27   | add | fabric    | 0       |
|   add_ln224_28_fu_77457_p2              |     |        | add_ln224_28   | add | fabric    | 0       |
|   add_ln224_29_fu_77467_p2              |     |        | add_ln224_29   | add | fabric    | 0       |
|   add_ln224_30_fu_77477_p2              |     |        | add_ln224_30   | add | fabric    | 0       |
|   add_ln224_31_fu_77487_p2              |     |        | add_ln224_31   | add | fabric    | 0       |
|   add_ln224_32_fu_77497_p2              |     |        | add_ln224_32   | add | fabric    | 0       |
|   add_ln224_33_fu_77507_p2              |     |        | add_ln224_33   | add | fabric    | 0       |
|   add_ln224_34_fu_77517_p2              |     |        | add_ln224_34   | add | fabric    | 0       |
|   add_ln224_35_fu_77527_p2              |     |        | add_ln224_35   | add | fabric    | 0       |
|   add_ln224_36_fu_77537_p2              |     |        | add_ln224_36   | add | fabric    | 0       |
|   add_ln224_37_fu_77547_p2              |     |        | add_ln224_37   | add | fabric    | 0       |
|   add_ln224_38_fu_77557_p2              |     |        | add_ln224_38   | add | fabric    | 0       |
|   add_ln224_39_fu_77567_p2              |     |        | add_ln224_39   | add | fabric    | 0       |
|   add_ln224_40_fu_120759_p2             |     |        | add_ln224_40   | add | fabric    | 0       |
|   add_ln224_41_fu_77573_p2              |     |        | add_ln224_41   | add | fabric    | 0       |
|   add_ln224_42_fu_77583_p2              |     |        | add_ln224_42   | add | fabric    | 0       |
|   add_ln224_43_fu_77593_p2              |     |        | add_ln224_43   | add | fabric    | 0       |
|   add_ln224_44_fu_77603_p2              |     |        | add_ln224_44   | add | fabric    | 0       |
|   add_ln224_45_fu_77613_p2              |     |        | add_ln224_45   | add | fabric    | 0       |
|   add_ln224_46_fu_77623_p2              |     |        | add_ln224_46   | add | fabric    | 0       |
|   add_ln224_47_fu_77633_p2              |     |        | add_ln224_47   | add | fabric    | 0       |
|   add_ln224_48_fu_77643_p2              |     |        | add_ln224_48   | add | fabric    | 0       |
|   add_ln224_49_fu_77653_p2              |     |        | add_ln224_49   | add | fabric    | 0       |
|   add_ln224_50_fu_77663_p2              |     |        | add_ln224_50   | add | fabric    | 0       |
|   add_ln224_51_fu_77673_p2              |     |        | add_ln224_51   | add | fabric    | 0       |
|   add_ln224_52_fu_77683_p2              |     |        | add_ln224_52   | add | fabric    | 0       |
|   add_ln224_53_fu_77693_p2              |     |        | add_ln224_53   | add | fabric    | 0       |
|   add_ln224_54_fu_77703_p2              |     |        | add_ln224_54   | add | fabric    | 0       |
|   add_ln224_55_fu_77713_p2              |     |        | add_ln224_55   | add | fabric    | 0       |
|   add_ln224_56_fu_77723_p2              |     |        | add_ln224_56   | add | fabric    | 0       |
|   add_ln224_57_fu_77733_p2              |     |        | add_ln224_57   | add | fabric    | 0       |
|   add_ln224_58_fu_77743_p2              |     |        | add_ln224_58   | add | fabric    | 0       |
|   add_ln224_59_fu_77753_p2              |     |        | add_ln224_59   | add | fabric    | 0       |
|   add_ln224_60_fu_77763_p2              |     |        | add_ln224_60   | add | fabric    | 0       |
|   add_ln224_61_fu_77769_p2              |     |        | add_ln224_61   | add | fabric    | 0       |
|   add_ln224_62_fu_77779_p2              |     |        | add_ln224_62   | add | fabric    | 0       |
|   add_ln224_63_fu_77789_p2              |     |        | add_ln224_63   | add | fabric    | 0       |
|   add_ln224_64_fu_77799_p2              |     |        | add_ln224_64   | add | fabric    | 0       |
|   add_ln224_65_fu_77809_p2              |     |        | add_ln224_65   | add | fabric    | 0       |
|   add_ln224_66_fu_77819_p2              |     |        | add_ln224_66   | add | fabric    | 0       |
|   add_ln224_67_fu_77829_p2              |     |        | add_ln224_67   | add | fabric    | 0       |
|   add_ln224_68_fu_77839_p2              |     |        | add_ln224_68   | add | fabric    | 0       |
|   add_ln224_69_fu_77849_p2              |     |        | add_ln224_69   | add | fabric    | 0       |
|   add_ln224_70_fu_77859_p2              |     |        | add_ln224_70   | add | fabric    | 0       |
|   add_ln224_71_fu_77869_p2              |     |        | add_ln224_71   | add | fabric    | 0       |
|   add_ln224_72_fu_77879_p2              |     |        | add_ln224_72   | add | fabric    | 0       |
|   add_ln224_73_fu_77889_p2              |     |        | add_ln224_73   | add | fabric    | 0       |
|   add_ln224_74_fu_77899_p2              |     |        | add_ln224_74   | add | fabric    | 0       |
|   add_ln224_75_fu_77909_p2              |     |        | add_ln224_75   | add | fabric    | 0       |
|   add_ln224_76_fu_77919_p2              |     |        | add_ln224_76   | add | fabric    | 0       |
|   add_ln224_77_fu_77929_p2              |     |        | add_ln224_77   | add | fabric    | 0       |
|   add_ln224_78_fu_77939_p2              |     |        | add_ln224_78   | add | fabric    | 0       |
|   add_ln224_79_fu_77949_p2              |     |        | add_ln224_79   | add | fabric    | 0       |
|   add_ln224_80_fu_77959_p2              |     |        | add_ln224_80   | add | fabric    | 0       |
|   add_ln224_81_fu_77969_p2              |     |        | add_ln224_81   | add | fabric    | 0       |
|   add_ln224_82_fu_120775_p2             |     |        | add_ln224_82   | add | fabric    | 0       |
|   add_ln224_83_fu_120785_p2             |     |        | add_ln224_83   | add | fabric    | 0       |
|   add_ln224_84_fu_77975_p2              |     |        | add_ln224_84   | add | fabric    | 0       |
|   add_ln224_85_fu_77985_p2              |     |        | add_ln224_85   | add | fabric    | 0       |
|   add_ln224_86_fu_77995_p2              |     |        | add_ln224_86   | add | fabric    | 0       |
|   add_ln224_87_fu_78005_p2              |     |        | add_ln224_87   | add | fabric    | 0       |
|   add_ln224_88_fu_78015_p2              |     |        | add_ln224_88   | add | fabric    | 0       |
|   add_ln224_89_fu_78025_p2              |     |        | add_ln224_89   | add | fabric    | 0       |
|   add_ln224_90_fu_78035_p2              |     |        | add_ln224_90   | add | fabric    | 0       |
|   add_ln224_91_fu_78045_p2              |     |        | add_ln224_91   | add | fabric    | 0       |
|   add_ln224_92_fu_78055_p2              |     |        | add_ln224_92   | add | fabric    | 0       |
|   add_ln224_93_fu_78065_p2              |     |        | add_ln224_93   | add | fabric    | 0       |
|   add_ln224_94_fu_78075_p2              |     |        | add_ln224_94   | add | fabric    | 0       |
|   add_ln224_95_fu_78085_p2              |     |        | add_ln224_95   | add | fabric    | 0       |
|   add_ln224_96_fu_78095_p2              |     |        | add_ln224_96   | add | fabric    | 0       |
|   add_ln224_97_fu_78105_p2              |     |        | add_ln224_97   | add | fabric    | 0       |
|   add_ln224_98_fu_78115_p2              |     |        | add_ln224_98   | add | fabric    | 0       |
|   add_ln224_99_fu_78125_p2              |     |        | add_ln224_99   | add | fabric    | 0       |
|   add_ln224_100_fu_78135_p2             |     |        | add_ln224_100  | add | fabric    | 0       |
|   add_ln224_101_fu_78145_p2             |     |        | add_ln224_101  | add | fabric    | 0       |
|   add_ln224_102_fu_78155_p2             |     |        | add_ln224_102  | add | fabric    | 0       |
|   add_ln224_103_fu_78165_p2             |     |        | add_ln224_103  | add | fabric    | 0       |
|   add_ln224_104_fu_78171_p2             |     |        | add_ln224_104  | add | fabric    | 0       |
|   add_ln224_105_fu_78181_p2             |     |        | add_ln224_105  | add | fabric    | 0       |
|   add_ln224_106_fu_78191_p2             |     |        | add_ln224_106  | add | fabric    | 0       |
|   add_ln224_107_fu_78201_p2             |     |        | add_ln224_107  | add | fabric    | 0       |
|   add_ln224_108_fu_78211_p2             |     |        | add_ln224_108  | add | fabric    | 0       |
|   add_ln224_109_fu_78221_p2             |     |        | add_ln224_109  | add | fabric    | 0       |
|   add_ln224_110_fu_78231_p2             |     |        | add_ln224_110  | add | fabric    | 0       |
|   add_ln224_111_fu_78241_p2             |     |        | add_ln224_111  | add | fabric    | 0       |
|   add_ln224_112_fu_78251_p2             |     |        | add_ln224_112  | add | fabric    | 0       |
|   add_ln224_113_fu_78261_p2             |     |        | add_ln224_113  | add | fabric    | 0       |
|   add_ln224_114_fu_78271_p2             |     |        | add_ln224_114  | add | fabric    | 0       |
|   add_ln224_115_fu_78281_p2             |     |        | add_ln224_115  | add | fabric    | 0       |
|   add_ln224_116_fu_78291_p2             |     |        | add_ln224_116  | add | fabric    | 0       |
|   add_ln224_117_fu_78301_p2             |     |        | add_ln224_117  | add | fabric    | 0       |
|   add_ln224_118_fu_78311_p2             |     |        | add_ln224_118  | add | fabric    | 0       |
|   add_ln224_119_fu_78321_p2             |     |        | add_ln224_119  | add | fabric    | 0       |
|   add_ln224_120_fu_78331_p2             |     |        | add_ln224_120  | add | fabric    | 0       |
|   add_ln224_121_fu_78341_p2             |     |        | add_ln224_121  | add | fabric    | 0       |
|   add_ln224_122_fu_78351_p2             |     |        | add_ln224_122  | add | fabric    | 0       |
|   add_ln224_123_fu_78361_p2             |     |        | add_ln224_123  | add | fabric    | 0       |
|   add_ln224_124_fu_78371_p2             |     |        | add_ln224_124  | add | fabric    | 0       |
|   add_ln224_125_fu_120801_p2            |     |        | add_ln224_125  | add | fabric    | 0       |
|   add_ln224_126_fu_78377_p2             |     |        | add_ln224_126  | add | fabric    | 0       |
|   add_ln224_127_fu_78387_p2             |     |        | add_ln224_127  | add | fabric    | 0       |
|   add_ln224_128_fu_78397_p2             |     |        | add_ln224_128  | add | fabric    | 0       |
|   add_ln224_129_fu_78407_p2             |     |        | add_ln224_129  | add | fabric    | 0       |
|   add_ln224_130_fu_78417_p2             |     |        | add_ln224_130  | add | fabric    | 0       |
|   add_ln224_131_fu_78427_p2             |     |        | add_ln224_131  | add | fabric    | 0       |
|   add_ln224_132_fu_78437_p2             |     |        | add_ln224_132  | add | fabric    | 0       |
|   add_ln224_133_fu_78447_p2             |     |        | add_ln224_133  | add | fabric    | 0       |
|   add_ln224_134_fu_78457_p2             |     |        | add_ln224_134  | add | fabric    | 0       |
|   add_ln224_135_fu_78467_p2             |     |        | add_ln224_135  | add | fabric    | 0       |
|   add_ln224_136_fu_78477_p2             |     |        | add_ln224_136  | add | fabric    | 0       |
|   add_ln224_137_fu_78487_p2             |     |        | add_ln224_137  | add | fabric    | 0       |
|   add_ln224_138_fu_78497_p2             |     |        | add_ln224_138  | add | fabric    | 0       |
|   add_ln224_139_fu_78507_p2             |     |        | add_ln224_139  | add | fabric    | 0       |
|   add_ln224_140_fu_78517_p2             |     |        | add_ln224_140  | add | fabric    | 0       |
|   add_ln224_141_fu_78527_p2             |     |        | add_ln224_141  | add | fabric    | 0       |
|   add_ln224_142_fu_78537_p2             |     |        | add_ln224_142  | add | fabric    | 0       |
|   add_ln224_143_fu_78547_p2             |     |        | add_ln224_143  | add | fabric    | 0       |
|   add_ln224_144_fu_78557_p2             |     |        | add_ln224_144  | add | fabric    | 0       |
|   add_ln224_145_fu_78567_p2             |     |        | add_ln224_145  | add | fabric    | 0       |
|   add_ln224_146_fu_78573_p2             |     |        | add_ln224_146  | add | fabric    | 0       |
|   add_ln224_147_fu_78583_p2             |     |        | add_ln224_147  | add | fabric    | 0       |
|   add_ln224_148_fu_78593_p2             |     |        | add_ln224_148  | add | fabric    | 0       |
|   add_ln224_150_fu_78609_p2             |     |        | add_ln224_150  | add | fabric    | 0       |
|   add_ln224_151_fu_78619_p2             |     |        | add_ln224_151  | add | fabric    | 0       |
|   add_ln224_152_fu_78629_p2             |     |        | add_ln224_152  | add | fabric    | 0       |
|   add_ln224_153_fu_78639_p2             |     |        | add_ln224_153  | add | fabric    | 0       |
|   add_ln224_154_fu_78649_p2             |     |        | add_ln224_154  | add | fabric    | 0       |
|   add_ln224_156_fu_78669_p2             |     |        | add_ln224_156  | add | fabric    | 0       |
|   add_ln224_157_fu_78679_p2             |     |        | add_ln224_157  | add | fabric    | 0       |
|   add_ln224_158_fu_78689_p2             |     |        | add_ln224_158  | add | fabric    | 0       |
|   add_ln224_159_fu_78699_p2             |     |        | add_ln224_159  | add | fabric    | 0       |
|   add_ln224_160_fu_78709_p2             |     |        | add_ln224_160  | add | fabric    | 0       |
|   add_ln224_161_fu_78719_p2             |     |        | add_ln224_161  | add | fabric    | 0       |
|   add_ln224_162_fu_78729_p2             |     |        | add_ln224_162  | add | fabric    | 0       |
|   add_ln224_163_fu_78739_p2             |     |        | add_ln224_163  | add | fabric    | 0       |
|   add_ln224_164_fu_78749_p2             |     |        | add_ln224_164  | add | fabric    | 0       |
|   add_ln224_165_fu_78759_p2             |     |        | add_ln224_165  | add | fabric    | 0       |
|   add_ln224_166_fu_78769_p2             |     |        | add_ln224_166  | add | fabric    | 0       |
|   add_ln224_167_fu_120817_p2            |     |        | add_ln224_167  | add | fabric    | 0       |
|   add_ln224_168_fu_120827_p2            |     |        | add_ln224_168  | add | fabric    | 0       |
|   am_addmul_20s_20s_12ns_34_1_1_U1053   | 1   |        | add_ln224_169  | add | dsp_slice | 0       |
|   add_ln225_289_fu_78775_p2             |     |        | add_ln225_289  | add | fabric    | 0       |
|   add_ln225_290_fu_78785_p2             |     |        | add_ln225_290  | add | fabric    | 0       |
|   add_ln225_291_fu_78795_p2             |     |        | add_ln225_291  | add | fabric    | 0       |
|   add_ln225_292_fu_78805_p2             |     |        | add_ln225_292  | add | fabric    | 0       |
|   add_ln225_293_fu_78815_p2             |     |        | add_ln225_293  | add | fabric    | 0       |
|   add_ln225_294_fu_78825_p2             |     |        | add_ln225_294  | add | fabric    | 0       |
|   add_ln225_295_fu_78835_p2             |     |        | add_ln225_295  | add | fabric    | 0       |
|   add_ln225_296_fu_78845_p2             |     |        | add_ln225_296  | add | fabric    | 0       |
|   add_ln225_297_fu_78851_p2             |     |        | add_ln225_297  | add | fabric    | 0       |
|   add_ln225_298_fu_78861_p2             |     |        | add_ln225_298  | add | fabric    | 0       |
|   add_ln225_299_fu_78871_p2             |     |        | add_ln225_299  | add | fabric    | 0       |
|   add_ln225_300_fu_78881_p2             |     |        | add_ln225_300  | add | fabric    | 0       |
|   add_ln225_301_fu_78891_p2             |     |        | add_ln225_301  | add | fabric    | 0       |
|   add_ln225_302_fu_78901_p2             |     |        | add_ln225_302  | add | fabric    | 0       |
|   add_ln225_303_fu_78911_p2             |     |        | add_ln225_303  | add | fabric    | 0       |
|   add_ln225_304_fu_78921_p2             |     |        | add_ln225_304  | add | fabric    | 0       |
|   am_addmul_16s_16s_18ns_36_1_1_U1054   | 1   |        | add_ln225_305  | add | dsp_slice | 0       |
|   am_addmul_20s_20s_12ns_34_1_1_U1053   | 1   |        | mul_ln230      | mul | dsp_slice | 0       |
|   jmass_1_fu_121849_p2                  |     |        | jmass_1        | add | fabric    | 0       |
|   am_addmul_16s_16s_18ns_36_1_1_U1036   | 1   |        | mul_ln235      | mul | dsp_slice | 0       |
|   add_ln235_fu_122033_p2                |     |        | add_ln235      | add | fabric    | 0       |
|   am_addmul_16s_16s_18ns_36_1_1_U1037   | 1   |        | mul_ln235_1    | mul | dsp_slice | 0       |
|   add_ln235_1_fu_122208_p2              |     |        | add_ln235_1    | add | fabric    | 0       |
|   am_addmul_16s_16s_18ns_36_1_1_U1038   | 1   |        | mul_ln235_2    | mul | dsp_slice | 0       |
|   add_ln235_2_fu_122383_p2              |     |        | add_ln235_2    | add | fabric    | 0       |
|   am_addmul_16s_16s_18ns_36_1_1_U1039   | 1   |        | mul_ln235_3    | mul | dsp_slice | 0       |
|   add_ln235_3_fu_122558_p2              |     |        | add_ln235_3    | add | fabric    | 0       |
|   am_addmul_16s_16s_18ns_36_1_1_U1040   | 1   |        | mul_ln235_4    | mul | dsp_slice | 0       |
|   add_ln235_4_fu_122733_p2              |     |        | add_ln235_4    | add | fabric    | 0       |
|   am_addmul_16s_16s_18ns_36_1_1_U1041   | 1   |        | mul_ln235_5    | mul | dsp_slice | 0       |
|   add_ln235_5_fu_122908_p2              |     |        | add_ln235_5    | add | fabric    | 0       |
|   am_addmul_16s_16s_18ns_36_1_1_U1042   | 1   |        | mul_ln235_6    | mul | dsp_slice | 0       |
|   add_ln235_6_fu_123083_p2              |     |        | add_ln235_6    | add | fabric    | 0       |
|   am_addmul_16s_16s_18ns_36_1_1_U1043   | 1   |        | mul_ln235_7    | mul | dsp_slice | 0       |
|   add_ln235_7_fu_123258_p2              |     |        | add_ln235_7    | add | fabric    | 0       |
|   am_addmul_16s_16s_18ns_36_1_1_U1044   | 1   |        | mul_ln235_8    | mul | dsp_slice | 0       |
|   add_ln235_8_fu_123433_p2              |     |        | add_ln235_8    | add | fabric    | 0       |
|   am_addmul_16s_16s_18ns_36_1_1_U1045   | 1   |        | mul_ln235_9    | mul | dsp_slice | 0       |
|   add_ln235_9_fu_123608_p2              |     |        | add_ln235_9    | add | fabric    | 0       |
|   am_addmul_16s_16s_18ns_36_1_1_U1046   | 1   |        | mul_ln235_10   | mul | dsp_slice | 0       |
|   add_ln235_10_fu_123783_p2             |     |        | add_ln235_10   | add | fabric    | 0       |
|   am_addmul_16s_16s_18ns_36_1_1_U1047   | 1   |        | mul_ln235_11   | mul | dsp_slice | 0       |
|   add_ln235_11_fu_123958_p2             |     |        | add_ln235_11   | add | fabric    | 0       |
|   am_addmul_16s_16s_18ns_36_1_1_U1048   | 1   |        | mul_ln235_12   | mul | dsp_slice | 0       |
|   add_ln235_12_fu_124133_p2             |     |        | add_ln235_12   | add | fabric    | 0       |
|   am_addmul_16s_16s_18ns_36_1_1_U1049   | 1   |        | mul_ln235_13   | mul | dsp_slice | 0       |
|   add_ln235_13_fu_124308_p2             |     |        | add_ln235_13   | add | fabric    | 0       |
|   am_addmul_16s_16s_18ns_36_1_1_U1050   | 1   |        | mul_ln235_14   | mul | dsp_slice | 0       |
|   add_ln235_14_fu_124483_p2             |     |        | add_ln235_14   | add | fabric    | 0       |
|   am_addmul_16s_16s_18ns_36_1_1_U1051   | 1   |        | mul_ln235_15   | mul | dsp_slice | 0       |
|   add_ln235_15_fu_124658_p2             |     |        | add_ln235_15   | add | fabric    | 0       |
|   am_addmul_16s_16s_18ns_36_1_1_U1052   | 1   |        | mul_ln235_16   | mul | dsp_slice | 0       |
|   add_ln235_16_fu_124833_p2             |     |        | add_ln235_16   | add | fabric    | 0       |
|   am_addmul_16s_16s_18ns_36_1_1_U1054   | 1   |        | mul_ln235_17   | mul | dsp_slice | 0       |
|   add_ln235_17_fu_125008_p2             |     |        | add_ln235_17   | add | fabric    | 0       |
|   add_ln260_fu_78995_p2                 |     |        | add_ln260      | add | fabric    | 0       |
|   add_ln260_1_fu_79239_p2               |     |        | add_ln260_1    | add | fabric    | 0       |
|   add_ln260_2_fu_79483_p2               |     |        | add_ln260_2    | add | fabric    | 0       |
|   add_ln260_3_fu_79727_p2               |     |        | add_ln260_3    | add | fabric    | 0       |
|   add_ln260_4_fu_79971_p2               |     |        | add_ln260_4    | add | fabric    | 0       |
|   add_ln260_5_fu_80215_p2               |     |        | add_ln260_5    | add | fabric    | 0       |
|   add_ln260_6_fu_80459_p2               |     |        | add_ln260_6    | add | fabric    | 0       |
|   add_ln260_7_fu_80703_p2               |     |        | add_ln260_7    | add | fabric    | 0       |
|   add_ln260_8_fu_80947_p2               |     |        | add_ln260_8    | add | fabric    | 0       |
|   add_ln260_9_fu_81191_p2               |     |        | add_ln260_9    | add | fabric    | 0       |
|   add_ln260_10_fu_81435_p2              |     |        | add_ln260_10   | add | fabric    | 0       |
|   add_ln260_11_fu_81679_p2              |     |        | add_ln260_11   | add | fabric    | 0       |
|   add_ln260_12_fu_81923_p2              |     |        | add_ln260_12   | add | fabric    | 0       |
|   add_ln260_13_fu_82167_p2              |     |        | add_ln260_13   | add | fabric    | 0       |
|   add_ln260_14_fu_82411_p2              |     |        | add_ln260_14   | add | fabric    | 0       |
|   add_ln260_15_fu_82655_p2              |     |        | add_ln260_15   | add | fabric    | 0       |
|   add_ln260_16_fu_82899_p2              |     |        | add_ln260_16   | add | fabric    | 0       |
|   add_ln260_17_fu_83143_p2              |     |        | add_ln260_17   | add | fabric    | 0       |
|   add_ln260_18_fu_83387_p2              |     |        | add_ln260_18   | add | fabric    | 0       |
|   add_ln260_19_fu_83631_p2              |     |        | add_ln260_19   | add | fabric    | 0       |
|   add_ln260_20_fu_83875_p2              |     |        | add_ln260_20   | add | fabric    | 0       |
|   add_ln260_21_fu_84119_p2              |     |        | add_ln260_21   | add | fabric    | 0       |
|   add_ln260_22_fu_84363_p2              |     |        | add_ln260_22   | add | fabric    | 0       |
|   add_ln260_23_fu_84607_p2              |     |        | add_ln260_23   | add | fabric    | 0       |
|   add_ln260_24_fu_84851_p2              |     |        | add_ln260_24   | add | fabric    | 0       |
|   add_ln260_25_fu_85095_p2              |     |        | add_ln260_25   | add | fabric    | 0       |
|   add_ln260_26_fu_85339_p2              |     |        | add_ln260_26   | add | fabric    | 0       |
|   add_ln260_27_fu_85583_p2              |     |        | add_ln260_27   | add | fabric    | 0       |
|   add_ln260_28_fu_85827_p2              |     |        | add_ln260_28   | add | fabric    | 0       |
|   add_ln260_29_fu_86071_p2              |     |        | add_ln260_29   | add | fabric    | 0       |
|   add_ln260_30_fu_86315_p2              |     |        | add_ln260_30   | add | fabric    | 0       |
|   add_ln260_31_fu_86559_p2              |     |        | add_ln260_31   | add | fabric    | 0       |
|   add_ln260_32_fu_86803_p2              |     |        | add_ln260_32   | add | fabric    | 0       |
|   add_ln260_33_fu_87047_p2              |     |        | add_ln260_33   | add | fabric    | 0       |
|   add_ln260_34_fu_87291_p2              |     |        | add_ln260_34   | add | fabric    | 0       |
|   add_ln260_35_fu_87535_p2              |     |        | add_ln260_35   | add | fabric    | 0       |
|   add_ln260_36_fu_87779_p2              |     |        | add_ln260_36   | add | fabric    | 0       |
|   add_ln260_37_fu_88023_p2              |     |        | add_ln260_37   | add | fabric    | 0       |
|   add_ln260_38_fu_88267_p2              |     |        | add_ln260_38   | add | fabric    | 0       |
|   add_ln260_39_fu_88511_p2              |     |        | add_ln260_39   | add | fabric    | 0       |
|   add_ln260_40_fu_88755_p2              |     |        | add_ln260_40   | add | fabric    | 0       |
|   add_ln260_41_fu_88999_p2              |     |        | add_ln260_41   | add | fabric    | 0       |
|   add_ln260_42_fu_89243_p2              |     |        | add_ln260_42   | add | fabric    | 0       |
|   add_ln260_43_fu_89487_p2              |     |        | add_ln260_43   | add | fabric    | 0       |
|   add_ln260_44_fu_89731_p2              |     |        | add_ln260_44   | add | fabric    | 0       |
|   add_ln260_45_fu_89975_p2              |     |        | add_ln260_45   | add | fabric    | 0       |
|   add_ln260_46_fu_90219_p2              |     |        | add_ln260_46   | add | fabric    | 0       |
|   add_ln260_47_fu_90463_p2              |     |        | add_ln260_47   | add | fabric    | 0       |
|   add_ln260_48_fu_90707_p2              |     |        | add_ln260_48   | add | fabric    | 0       |
|   add_ln260_49_fu_90951_p2              |     |        | add_ln260_49   | add | fabric    | 0       |
|   add_ln260_50_fu_91195_p2              |     |        | add_ln260_50   | add | fabric    | 0       |
|   add_ln260_51_fu_91439_p2              |     |        | add_ln260_51   | add | fabric    | 0       |
|   add_ln260_52_fu_91683_p2              |     |        | add_ln260_52   | add | fabric    | 0       |
|   add_ln260_53_fu_91927_p2              |     |        | add_ln260_53   | add | fabric    | 0       |
|   add_ln260_54_fu_92171_p2              |     |        | add_ln260_54   | add | fabric    | 0       |
|   add_ln260_55_fu_92415_p2              |     |        | add_ln260_55   | add | fabric    | 0       |
|   add_ln260_56_fu_92659_p2              |     |        | add_ln260_56   | add | fabric    | 0       |
|   add_ln260_57_fu_92903_p2              |     |        | add_ln260_57   | add | fabric    | 0       |
|   add_ln260_58_fu_93147_p2              |     |        | add_ln260_58   | add | fabric    | 0       |
|   add_ln260_59_fu_93391_p2              |     |        | add_ln260_59   | add | fabric    | 0       |
|   add_ln260_60_fu_93635_p2              |     |        | add_ln260_60   | add | fabric    | 0       |
|   add_ln260_61_fu_93879_p2              |     |        | add_ln260_61   | add | fabric    | 0       |
|   add_ln260_62_fu_94123_p2              |     |        | add_ln260_62   | add | fabric    | 0       |
|   add_ln260_63_fu_94367_p2              |     |        | add_ln260_63   | add | fabric    | 0       |
|   add_ln260_64_fu_94611_p2              |     |        | add_ln260_64   | add | fabric    | 0       |
|   add_ln260_65_fu_94855_p2              |     |        | add_ln260_65   | add | fabric    | 0       |
|   add_ln260_66_fu_95099_p2              |     |        | add_ln260_66   | add | fabric    | 0       |
|   add_ln260_67_fu_95343_p2              |     |        | add_ln260_67   | add | fabric    | 0       |
|   add_ln260_68_fu_95587_p2              |     |        | add_ln260_68   | add | fabric    | 0       |
|   add_ln260_69_fu_95831_p2              |     |        | add_ln260_69   | add | fabric    | 0       |
|   add_ln260_70_fu_96075_p2              |     |        | add_ln260_70   | add | fabric    | 0       |
|   add_ln260_71_fu_96319_p2              |     |        | add_ln260_71   | add | fabric    | 0       |
|   add_ln260_72_fu_96563_p2              |     |        | add_ln260_72   | add | fabric    | 0       |
|   add_ln260_73_fu_96807_p2              |     |        | add_ln260_73   | add | fabric    | 0       |
|   add_ln260_74_fu_97051_p2              |     |        | add_ln260_74   | add | fabric    | 0       |
|   add_ln260_75_fu_97295_p2              |     |        | add_ln260_75   | add | fabric    | 0       |
|   add_ln260_76_fu_97539_p2              |     |        | add_ln260_76   | add | fabric    | 0       |
|   add_ln260_77_fu_97783_p2              |     |        | add_ln260_77   | add | fabric    | 0       |
|   add_ln260_78_fu_98027_p2              |     |        | add_ln260_78   | add | fabric    | 0       |
|   add_ln260_79_fu_98271_p2              |     |        | add_ln260_79   | add | fabric    | 0       |
|   add_ln260_80_fu_98515_p2              |     |        | add_ln260_80   | add | fabric    | 0       |
|   add_ln260_81_fu_98759_p2              |     |        | add_ln260_81   | add | fabric    | 0       |
|   add_ln260_82_fu_99003_p2              |     |        | add_ln260_82   | add | fabric    | 0       |
|   add_ln260_83_fu_99247_p2              |     |        | add_ln260_83   | add | fabric    | 0       |
|   add_ln260_84_fu_99491_p2              |     |        | add_ln260_84   | add | fabric    | 0       |
|   add_ln260_85_fu_99735_p2              |     |        | add_ln260_85   | add | fabric    | 0       |
|   add_ln260_86_fu_99979_p2              |     |        | add_ln260_86   | add | fabric    | 0       |
|   add_ln260_87_fu_100223_p2             |     |        | add_ln260_87   | add | fabric    | 0       |
|   add_ln260_88_fu_100467_p2             |     |        | add_ln260_88   | add | fabric    | 0       |
|   add_ln260_89_fu_100711_p2             |     |        | add_ln260_89   | add | fabric    | 0       |
|   add_ln260_90_fu_100955_p2             |     |        | add_ln260_90   | add | fabric    | 0       |
|   add_ln260_91_fu_101199_p2             |     |        | add_ln260_91   | add | fabric    | 0       |
|   add_ln260_92_fu_101443_p2             |     |        | add_ln260_92   | add | fabric    | 0       |
|   add_ln260_93_fu_101687_p2             |     |        | add_ln260_93   | add | fabric    | 0       |
|   add_ln260_94_fu_101931_p2             |     |        | add_ln260_94   | add | fabric    | 0       |
|   add_ln260_95_fu_102175_p2             |     |        | add_ln260_95   | add | fabric    | 0       |
|   add_ln260_96_fu_102419_p2             |     |        | add_ln260_96   | add | fabric    | 0       |
|   add_ln260_97_fu_102663_p2             |     |        | add_ln260_97   | add | fabric    | 0       |
|   add_ln260_98_fu_102907_p2             |     |        | add_ln260_98   | add | fabric    | 0       |
|   add_ln260_99_fu_103151_p2             |     |        | add_ln260_99   | add | fabric    | 0       |
|   add_ln260_100_fu_103395_p2            |     |        | add_ln260_100  | add | fabric    | 0       |
|   add_ln260_101_fu_103639_p2            |     |        | add_ln260_101  | add | fabric    | 0       |
|   add_ln260_102_fu_103883_p2            |     |        | add_ln260_102  | add | fabric    | 0       |
|   add_ln260_103_fu_104127_p2            |     |        | add_ln260_103  | add | fabric    | 0       |
|   add_ln260_104_fu_104371_p2            |     |        | add_ln260_104  | add | fabric    | 0       |
|   add_ln260_105_fu_104615_p2            |     |        | add_ln260_105  | add | fabric    | 0       |
|   add_ln260_106_fu_104859_p2            |     |        | add_ln260_106  | add | fabric    | 0       |
|   add_ln260_107_fu_105103_p2            |     |        | add_ln260_107  | add | fabric    | 0       |
|   add_ln260_108_fu_105347_p2            |     |        | add_ln260_108  | add | fabric    | 0       |
|   add_ln260_109_fu_105591_p2            |     |        | add_ln260_109  | add | fabric    | 0       |
|   add_ln260_110_fu_105835_p2            |     |        | add_ln260_110  | add | fabric    | 0       |
|   add_ln260_111_fu_106079_p2            |     |        | add_ln260_111  | add | fabric    | 0       |
|   add_ln260_112_fu_106323_p2            |     |        | add_ln260_112  | add | fabric    | 0       |
|   add_ln260_113_fu_106567_p2            |     |        | add_ln260_113  | add | fabric    | 0       |
|   add_ln260_114_fu_106811_p2            |     |        | add_ln260_114  | add | fabric    | 0       |
|   add_ln260_115_fu_107055_p2            |     |        | add_ln260_115  | add | fabric    | 0       |
|   add_ln260_116_fu_107299_p2            |     |        | add_ln260_116  | add | fabric    | 0       |
|   add_ln260_117_fu_107543_p2            |     |        | add_ln260_117  | add | fabric    | 0       |
|   add_ln260_118_fu_107787_p2            |     |        | add_ln260_118  | add | fabric    | 0       |
|   add_ln260_119_fu_108031_p2            |     |        | add_ln260_119  | add | fabric    | 0       |
|   add_ln260_120_fu_108275_p2            |     |        | add_ln260_120  | add | fabric    | 0       |
|   add_ln260_121_fu_108519_p2            |     |        | add_ln260_121  | add | fabric    | 0       |
|   add_ln260_122_fu_108763_p2            |     |        | add_ln260_122  | add | fabric    | 0       |
|   add_ln260_123_fu_109007_p2            |     |        | add_ln260_123  | add | fabric    | 0       |
|   add_ln260_124_fu_109251_p2            |     |        | add_ln260_124  | add | fabric    | 0       |
|   add_ln260_125_fu_109495_p2            |     |        | add_ln260_125  | add | fabric    | 0       |
|   add_ln260_126_fu_109739_p2            |     |        | add_ln260_126  | add | fabric    | 0       |
|   add_ln260_127_fu_109983_p2            |     |        | add_ln260_127  | add | fabric    | 0       |
|   add_ln260_128_fu_110227_p2            |     |        | add_ln260_128  | add | fabric    | 0       |
|   add_ln260_129_fu_110471_p2            |     |        | add_ln260_129  | add | fabric    | 0       |
|   add_ln260_130_fu_110715_p2            |     |        | add_ln260_130  | add | fabric    | 0       |
|   add_ln260_131_fu_110959_p2            |     |        | add_ln260_131  | add | fabric    | 0       |
|   add_ln260_132_fu_111203_p2            |     |        | add_ln260_132  | add | fabric    | 0       |
|   add_ln260_133_fu_111447_p2            |     |        | add_ln260_133  | add | fabric    | 0       |
|   add_ln260_134_fu_111691_p2            |     |        | add_ln260_134  | add | fabric    | 0       |
|   add_ln260_135_fu_111935_p2            |     |        | add_ln260_135  | add | fabric    | 0       |
|   add_ln260_136_fu_112179_p2            |     |        | add_ln260_136  | add | fabric    | 0       |
|   add_ln260_137_fu_112423_p2            |     |        | add_ln260_137  | add | fabric    | 0       |
|   add_ln260_138_fu_112667_p2            |     |        | add_ln260_138  | add | fabric    | 0       |
|   add_ln260_139_fu_112911_p2            |     |        | add_ln260_139  | add | fabric    | 0       |
|   add_ln260_140_fu_113155_p2            |     |        | add_ln260_140  | add | fabric    | 0       |
|   add_ln260_141_fu_113399_p2            |     |        | add_ln260_141  | add | fabric    | 0       |
|   add_ln260_142_fu_113643_p2            |     |        | add_ln260_142  | add | fabric    | 0       |
|   add_ln260_143_fu_113887_p2            |     |        | add_ln260_143  | add | fabric    | 0       |
|   add_ln260_144_fu_114131_p2            |     |        | add_ln260_144  | add | fabric    | 0       |
|   add_ln260_145_fu_114375_p2            |     |        | add_ln260_145  | add | fabric    | 0       |
|   add_ln260_146_fu_114619_p2            |     |        | add_ln260_146  | add | fabric    | 0       |
|   add_ln260_147_fu_114863_p2            |     |        | add_ln260_147  | add | fabric    | 0       |
|   add_ln260_148_fu_115107_p2            |     |        | add_ln260_148  | add | fabric    | 0       |
|   add_ln260_149_fu_115351_p2            |     |        | add_ln260_149  | add | fabric    | 0       |
|   add_ln260_150_fu_115595_p2            |     |        | add_ln260_150  | add | fabric    | 0       |
|   add_ln260_151_fu_115839_p2            |     |        | add_ln260_151  | add | fabric    | 0       |
|   add_ln260_152_fu_116083_p2            |     |        | add_ln260_152  | add | fabric    | 0       |
|   add_ln260_153_fu_116327_p2            |     |        | add_ln260_153  | add | fabric    | 0       |
|   add_ln260_154_fu_116571_p2            |     |        | add_ln260_154  | add | fabric    | 0       |
|   add_ln260_155_fu_116815_p2            |     |        | add_ln260_155  | add | fabric    | 0       |
|   add_ln260_156_fu_117059_p2            |     |        | add_ln260_156  | add | fabric    | 0       |
|   add_ln260_157_fu_117303_p2            |     |        | add_ln260_157  | add | fabric    | 0       |
|   add_ln260_158_fu_117547_p2            |     |        | add_ln260_158  | add | fabric    | 0       |
|   add_ln260_159_fu_117791_p2            |     |        | add_ln260_159  | add | fabric    | 0       |
|   add_ln260_160_fu_118035_p2            |     |        | add_ln260_160  | add | fabric    | 0       |
|   add_ln260_161_fu_118279_p2            |     |        | add_ln260_161  | add | fabric    | 0       |
|   add_ln260_162_fu_118523_p2            |     |        | add_ln260_162  | add | fabric    | 0       |
|   add_ln260_163_fu_118767_p2            |     |        | add_ln260_163  | add | fabric    | 0       |
|   add_ln260_164_fu_119011_p2            |     |        | add_ln260_164  | add | fabric    | 0       |
|   add_ln260_165_fu_119255_p2            |     |        | add_ln260_165  | add | fabric    | 0       |
|   add_ln260_166_fu_119499_p2            |     |        | add_ln260_166  | add | fabric    | 0       |
|   add_ln260_167_fu_119743_p2            |     |        | add_ln260_167  | add | fabric    | 0       |
|   add_ln260_168_fu_119987_p2            |     |        | add_ln260_168  | add | fabric    | 0       |
|   add_ln260_169_fu_120231_p2            |     |        | add_ln260_169  | add | fabric    | 0       |
|   add_ln260_170_fu_120475_p2            |     |        | add_ln260_170  | add | fabric    | 0       |
|   mac_muladd_6s_5s_12s_12_1_1_U1055     | 1   |        | mul_ln313      | mul | dsp_slice | 0       |
|   sub_ln313_fu_126414_p2                |     |        | sub_ln313      | sub | fabric    | 0       |
|   sub_ln313_1_fu_126442_p2              |     |        | sub_ln313_1    | sub | fabric    | 0       |
|   sub_ln313_2_fu_126452_p2              |     |        | sub_ln313_2    | sub | fabric    | 0       |
|   sub_ln313_3_fu_126490_p2              |     |        | sub_ln313_3    | sub | fabric    | 0       |
|   add_ln313_2_fu_126520_p2              |     |        | add_ln313_2    | add | fabric    | 0       |
|   mac_muladd_6s_5s_12s_12_1_1_U1055     | 1   |        | add_ln313_3    | add | dsp_slice | 0       |
|   add_ln313_4_fu_126533_p2              |     |        | add_ln313_4    | add | fabric    | 0       |
|   add_ln313_5_fu_126543_p2              |     |        | add_ln313_5    | add | fabric    | 0       |
|   Tp_18_fu_126549_p2                    |     |        | Tp_18          | add | fabric    | 0       |
|   sub_ln313_4_fu_126566_p2              |     |        | sub_ln313_4    | sub | fabric    | 0       |
|   mac_muladd_6s_5s_11s_11_1_1_U1056     | 1   |        | mul_ln313_1    | mul | dsp_slice | 0       |
|   mul_6s_5ns_11_1_1_U360                |     |        | mul_ln313_2    | mul | auto      | 0       |
|   add_ln313_6_fu_126602_p2              |     |        | add_ln313_6    | add | fabric    | 0       |
|   mac_muladd_6s_5ns_5s_11_1_1_U1057     | 1   |        | factor7502     | mul | dsp_slice | 0       |
|   mac_muladd_6s_5ns_5s_11_1_1_U1057     | 1   |        | add_ln313_7    | add | dsp_slice | 0       |
|   add_ln313_8_fu_126608_p2              |     |        | add_ln313_8    | add | fabric    | 0       |
|   mac_muladd_6s_5s_11s_11_1_1_U1056     | 1   |        | add_ln313_9    | add | dsp_slice | 0       |
|   add_ln313_10_fu_126620_p2             |     |        | add_ln313_10   | add | fabric    | 0       |
|   mul_6s_5s_11_1_1_U361                 |     |        | mul_ln313_3    | mul | auto      | 0       |
|   sub_ln313_5_fu_126684_p2              |     |        | sub_ln313_5    | sub | fabric    | 0       |
|   sub_ln313_6_fu_126722_p2              |     |        | sub_ln313_6    | sub | fabric    | 0       |
|   add_ln313_12_fu_126728_p2             |     |        | add_ln313_12   | add | fabric    | 0       |
|   add_ln313_14_fu_126734_p2             |     |        | add_ln313_14   | add | fabric    | 0       |
|   add_ln313_15_fu_126744_p2             |     |        | add_ln313_15   | add | fabric    | 0       |
|   add_ln313_21_fu_126754_p2             |     |        | add_ln313_21   | add | fabric    | 0       |
|   Tp_20_fu_126760_p2                    |     |        | Tp_20          | add | fabric    | 0       |
|   sub_ln313_7_fu_126777_p2              |     |        | sub_ln313_7    | sub | fabric    | 0       |
|   mul_6s_5ns_11_1_1_U362                |     |        | mul_ln313_4    | mul | auto      | 0       |
|   add_ln313_17_fu_126797_p2             |     |        | add_ln313_17   | add | fabric    | 0       |
|   add_ln313_18_fu_126807_p2             |     |        | add_ln313_18   | add | fabric    | 0       |
|   mul_6s_5s_11_1_1_U363                 |     |        | mul_ln313_5    | mul | auto      | 0       |
|   sub_ln313_8_fu_126863_p2              |     |        | sub_ln313_8    | sub | fabric    | 0       |
|   sub_ln313_9_fu_126901_p2              |     |        | sub_ln313_9    | sub | fabric    | 0       |
|   add_ln313_20_fu_126907_p2             |     |        | add_ln313_20   | add | fabric    | 0       |
|   add_ln313_22_fu_160087_p2             |     |        | add_ln313_22   | add | fabric    | 0       |
|   add_ln313_23_fu_160095_p2             |     |        | add_ln313_23   | add | fabric    | 0       |
|   add_ln313_33_fu_160104_p2             |     |        | add_ln313_33   | add | fabric    | 0       |
|   Tp_22_fu_160110_p2                    |     |        | Tp_22          | add | fabric    | 0       |
|   sub_ln313_10_fu_126924_p2             |     |        | sub_ln313_10   | sub | fabric    | 0       |
|   mul_6s_5ns_11_1_1_U364                |     |        | mul_ln313_6    | mul | auto      | 0       |
|   add_ln313_24_fu_126948_p2             |     |        | add_ln313_24   | add | fabric    | 0       |
|   add_ln313_27_fu_126960_p2             |     |        | add_ln313_27   | add | fabric    | 0       |
|   mul_6s_5s_11_1_1_U365                 |     |        | mul_ln313_7    | mul | auto      | 0       |
|   sub_ln313_11_fu_127014_p2             |     |        | sub_ln313_11   | sub | fabric    | 0       |
|   sub_ln313_12_fu_127052_p2             |     |        | sub_ln313_12   | sub | fabric    | 0       |
|   add_ln313_28_fu_127058_p2             |     |        | add_ln313_28   | add | fabric    | 0       |
|   add_ln313_30_fu_160119_p2             |     |        | add_ln313_30   | add | fabric    | 0       |
|   add_ln313_31_fu_160127_p2             |     |        | add_ln313_31   | add | fabric    | 0       |
|   add_ln313_45_fu_160136_p2             |     |        | add_ln313_45   | add | fabric    | 0       |
|   Tp_24_fu_160142_p2                    |     |        | Tp_24          | add | fabric    | 0       |
|   sub_ln313_13_fu_127075_p2             |     |        | sub_ln313_13   | sub | fabric    | 0       |
|   mul_6s_5ns_11_1_1_U366                |     |        | mul_ln313_8    | mul | auto      | 0       |
|   add_ln313_32_fu_127099_p2             |     |        | add_ln313_32   | add | fabric    | 0       |
|   add_ln313_35_fu_127111_p2             |     |        | add_ln313_35   | add | fabric    | 0       |
|   mul_6s_5s_11_1_1_U367                 |     |        | mul_ln313_9    | mul | auto      | 0       |
|   sub_ln313_14_fu_127165_p2             |     |        | sub_ln313_14   | sub | fabric    | 0       |
|   sub_ln313_15_fu_127203_p2             |     |        | sub_ln313_15   | sub | fabric    | 0       |
|   add_ln313_36_fu_127209_p2             |     |        | add_ln313_36   | add | fabric    | 0       |
|   add_ln313_38_fu_160151_p2             |     |        | add_ln313_38   | add | fabric    | 0       |
|   add_ln313_39_fu_160159_p2             |     |        | add_ln313_39   | add | fabric    | 0       |
|   add_ln313_57_fu_160168_p2             |     |        | add_ln313_57   | add | fabric    | 0       |
|   Tp_26_fu_160174_p2                    |     |        | Tp_26          | add | fabric    | 0       |
|   sub_ln313_16_fu_127226_p2             |     |        | sub_ln313_16   | sub | fabric    | 0       |
|   mul_6s_5ns_11_1_1_U368                |     |        | mul_ln313_10   | mul | auto      | 0       |
|   add_ln313_40_fu_127250_p2             |     |        | add_ln313_40   | add | fabric    | 0       |
|   add_ln313_43_fu_127262_p2             |     |        | add_ln313_43   | add | fabric    | 0       |
|   mul_6s_5s_11_1_1_U369                 |     |        | mul_ln313_11   | mul | auto      | 0       |
|   sub_ln313_17_fu_127313_p2             |     |        | sub_ln313_17   | sub | fabric    | 0       |
|   sub_ln313_18_fu_127351_p2             |     |        | sub_ln313_18   | sub | fabric    | 0       |
|   add_ln313_44_fu_127357_p2             |     |        | add_ln313_44   | add | fabric    | 0       |
|   add_ln313_46_fu_160183_p2             |     |        | add_ln313_46   | add | fabric    | 0       |
|   add_ln313_47_fu_160191_p2             |     |        | add_ln313_47   | add | fabric    | 0       |
|   add_ln313_69_fu_160200_p2             |     |        | add_ln313_69   | add | fabric    | 0       |
|   Tp_28_fu_160206_p2                    |     |        | Tp_28          | add | fabric    | 0       |
|   sub_ln313_19_fu_127374_p2             |     |        | sub_ln313_19   | sub | fabric    | 0       |
|   mul_6s_5ns_11_1_1_U347                |     |        | mul_ln313_12   | mul | auto      | 0       |
|   add_ln313_48_fu_127387_p2             |     |        | add_ln313_48   | add | fabric    | 0       |
|   add_ln313_51_fu_127399_p2             |     |        | add_ln313_51   | add | fabric    | 0       |
|   mul_6s_5s_11_1_1_U370                 |     |        | mul_ln313_13   | mul | auto      | 0       |
|   sub_ln313_20_fu_127449_p2             |     |        | sub_ln313_20   | sub | fabric    | 0       |
|   sub_ln313_21_fu_127487_p2             |     |        | sub_ln313_21   | sub | fabric    | 0       |
|   add_ln313_52_fu_127493_p2             |     |        | add_ln313_52   | add | fabric    | 0       |
|   add_ln313_54_fu_160215_p2             |     |        | add_ln313_54   | add | fabric    | 0       |
|   add_ln313_55_fu_160223_p2             |     |        | add_ln313_55   | add | fabric    | 0       |
|   add_ln313_81_fu_160232_p2             |     |        | add_ln313_81   | add | fabric    | 0       |
|   Tp_30_fu_160238_p2                    |     |        | Tp_30          | add | fabric    | 0       |
|   sub_ln313_22_fu_127510_p2             |     |        | sub_ln313_22   | sub | fabric    | 0       |
|   mul_6s_5ns_11_1_1_U348                |     |        | mul_ln313_14   | mul | auto      | 0       |
|   add_ln313_56_fu_127523_p2             |     |        | add_ln313_56   | add | fabric    | 0       |
|   add_ln313_59_fu_127535_p2             |     |        | add_ln313_59   | add | fabric    | 0       |
|   mul_6s_5s_11_1_1_U371                 |     |        | mul_ln313_15   | mul | auto      | 0       |
|   sub_ln313_23_fu_127585_p2             |     |        | sub_ln313_23   | sub | fabric    | 0       |
|   sub_ln313_24_fu_127623_p2             |     |        | sub_ln313_24   | sub | fabric    | 0       |
|   add_ln313_60_fu_127629_p2             |     |        | add_ln313_60   | add | fabric    | 0       |
|   add_ln313_62_fu_160247_p2             |     |        | add_ln313_62   | add | fabric    | 0       |
|   add_ln313_63_fu_160255_p2             |     |        | add_ln313_63   | add | fabric    | 0       |
|   add_ln313_93_fu_160264_p2             |     |        | add_ln313_93   | add | fabric    | 0       |
|   Tp_32_fu_160270_p2                    |     |        | Tp_32          | add | fabric    | 0       |
|   sub_ln313_25_fu_127646_p2             |     |        | sub_ln313_25   | sub | fabric    | 0       |
|   mul_6s_5ns_11_1_1_U349                |     |        | mul_ln313_16   | mul | auto      | 0       |
|   add_ln313_64_fu_127659_p2             |     |        | add_ln313_64   | add | fabric    | 0       |
|   add_ln313_67_fu_127671_p2             |     |        | add_ln313_67   | add | fabric    | 0       |
|   mul_6s_5s_11_1_1_U372                 |     |        | mul_ln313_17   | mul | auto      | 0       |
|   sub_ln313_26_fu_127721_p2             |     |        | sub_ln313_26   | sub | fabric    | 0       |
|   sub_ln313_27_fu_127759_p2             |     |        | sub_ln313_27   | sub | fabric    | 0       |
|   add_ln313_68_fu_127765_p2             |     |        | add_ln313_68   | add | fabric    | 0       |
|   add_ln313_70_fu_160279_p2             |     |        | add_ln313_70   | add | fabric    | 0       |
|   add_ln313_71_fu_160287_p2             |     |        | add_ln313_71   | add | fabric    | 0       |
|   add_ln313_105_fu_160296_p2            |     |        | add_ln313_105  | add | fabric    | 0       |
|   Tp_34_fu_160302_p2                    |     |        | Tp_34          | add | fabric    | 0       |
|   sub_ln313_28_fu_127782_p2             |     |        | sub_ln313_28   | sub | fabric    | 0       |
|   mul_6s_5ns_11_1_1_U350                |     |        | mul_ln313_18   | mul | auto      | 0       |
|   add_ln313_72_fu_127795_p2             |     |        | add_ln313_72   | add | fabric    | 0       |
|   add_ln313_75_fu_127807_p2             |     |        | add_ln313_75   | add | fabric    | 0       |
|   mul_6s_5s_11_1_1_U373                 |     |        | mul_ln313_19   | mul | auto      | 0       |
|   sub_ln313_29_fu_127857_p2             |     |        | sub_ln313_29   | sub | fabric    | 0       |
|   sub_ln313_30_fu_127895_p2             |     |        | sub_ln313_30   | sub | fabric    | 0       |
|   add_ln313_76_fu_127901_p2             |     |        | add_ln313_76   | add | fabric    | 0       |
|   add_ln313_78_fu_160311_p2             |     |        | add_ln313_78   | add | fabric    | 0       |
|   add_ln313_79_fu_160319_p2             |     |        | add_ln313_79   | add | fabric    | 0       |
|   add_ln313_117_fu_160328_p2            |     |        | add_ln313_117  | add | fabric    | 0       |
|   Tp_36_fu_160334_p2                    |     |        | Tp_36          | add | fabric    | 0       |
|   sub_ln313_31_fu_127918_p2             |     |        | sub_ln313_31   | sub | fabric    | 0       |
|   mul_6s_5ns_11_1_1_U351                |     |        | mul_ln313_20   | mul | auto      | 0       |
|   add_ln313_80_fu_127931_p2             |     |        | add_ln313_80   | add | fabric    | 0       |
|   add_ln313_83_fu_127943_p2             |     |        | add_ln313_83   | add | fabric    | 0       |
|   mul_6s_5s_11_1_1_U374                 |     |        | mul_ln313_21   | mul | auto      | 0       |
|   sub_ln313_32_fu_127993_p2             |     |        | sub_ln313_32   | sub | fabric    | 0       |
|   sub_ln313_33_fu_128031_p2             |     |        | sub_ln313_33   | sub | fabric    | 0       |
|   add_ln313_84_fu_128037_p2             |     |        | add_ln313_84   | add | fabric    | 0       |
|   add_ln313_86_fu_160343_p2             |     |        | add_ln313_86   | add | fabric    | 0       |
|   add_ln313_87_fu_160351_p2             |     |        | add_ln313_87   | add | fabric    | 0       |
|   add_ln313_129_fu_160360_p2            |     |        | add_ln313_129  | add | fabric    | 0       |
|   Tp_38_fu_160366_p2                    |     |        | Tp_38          | add | fabric    | 0       |
|   sub_ln313_34_fu_128054_p2             |     |        | sub_ln313_34   | sub | fabric    | 0       |
|   mul_6s_5ns_11_1_1_U352                |     |        | mul_ln313_22   | mul | auto      | 0       |
|   add_ln313_88_fu_128067_p2             |     |        | add_ln313_88   | add | fabric    | 0       |
|   add_ln313_91_fu_128079_p2             |     |        | add_ln313_91   | add | fabric    | 0       |
|   mul_6s_5s_11_1_1_U375                 |     |        | mul_ln313_23   | mul | auto      | 0       |
|   sub_ln313_35_fu_128129_p2             |     |        | sub_ln313_35   | sub | fabric    | 0       |
|   sub_ln313_36_fu_128167_p2             |     |        | sub_ln313_36   | sub | fabric    | 0       |
|   add_ln313_92_fu_128173_p2             |     |        | add_ln313_92   | add | fabric    | 0       |
|   add_ln313_94_fu_160375_p2             |     |        | add_ln313_94   | add | fabric    | 0       |
|   add_ln313_95_fu_160383_p2             |     |        | add_ln313_95   | add | fabric    | 0       |
|   add_ln313_141_fu_160392_p2            |     |        | add_ln313_141  | add | fabric    | 0       |
|   Tp_40_fu_160398_p2                    |     |        | Tp_40          | add | fabric    | 0       |
|   sub_ln313_37_fu_128190_p2             |     |        | sub_ln313_37   | sub | fabric    | 0       |
|   mul_6s_5ns_11_1_1_U353                |     |        | mul_ln313_24   | mul | auto      | 0       |
|   add_ln313_96_fu_128203_p2             |     |        | add_ln313_96   | add | fabric    | 0       |
|   add_ln313_99_fu_128215_p2             |     |        | add_ln313_99   | add | fabric    | 0       |
|   mul_6s_5s_11_1_1_U376                 |     |        | mul_ln313_25   | mul | auto      | 0       |
|   sub_ln313_38_fu_128265_p2             |     |        | sub_ln313_38   | sub | fabric    | 0       |
|   sub_ln313_39_fu_128303_p2             |     |        | sub_ln313_39   | sub | fabric    | 0       |
|   add_ln313_100_fu_128309_p2            |     |        | add_ln313_100  | add | fabric    | 0       |
|   add_ln313_102_fu_160407_p2            |     |        | add_ln313_102  | add | fabric    | 0       |
|   add_ln313_103_fu_160415_p2            |     |        | add_ln313_103  | add | fabric    | 0       |
|   add_ln313_151_fu_160424_p2            |     |        | add_ln313_151  | add | fabric    | 0       |
|   Tp_42_fu_160430_p2                    |     |        | Tp_42          | add | fabric    | 0       |
|   sub_ln313_40_fu_128326_p2             |     |        | sub_ln313_40   | sub | fabric    | 0       |
|   mul_6s_5ns_11_1_1_U354                |     |        | mul_ln313_26   | mul | auto      | 0       |
|   add_ln313_104_fu_128339_p2            |     |        | add_ln313_104  | add | fabric    | 0       |
|   add_ln313_107_fu_128351_p2            |     |        | add_ln313_107  | add | fabric    | 0       |
|   mul_6s_5s_11_1_1_U377                 |     |        | mul_ln313_27   | mul | auto      | 0       |
|   sub_ln313_41_fu_128401_p2             |     |        | sub_ln313_41   | sub | fabric    | 0       |
|   sub_ln313_42_fu_128439_p2             |     |        | sub_ln313_42   | sub | fabric    | 0       |
|   add_ln313_108_fu_128445_p2            |     |        | add_ln313_108  | add | fabric    | 0       |
|   add_ln313_110_fu_160439_p2            |     |        | add_ln313_110  | add | fabric    | 0       |
|   add_ln313_111_fu_160447_p2            |     |        | add_ln313_111  | add | fabric    | 0       |
|   add_ln313_167_fu_160456_p2            |     |        | add_ln313_167  | add | fabric    | 0       |
|   Tp_44_fu_160462_p2                    |     |        | Tp_44          | add | fabric    | 0       |
|   sub_ln313_43_fu_128462_p2             |     |        | sub_ln313_43   | sub | fabric    | 0       |
|   mul_6s_5ns_11_1_1_U355                |     |        | mul_ln313_28   | mul | auto      | 0       |
|   add_ln313_112_fu_128475_p2            |     |        | add_ln313_112  | add | fabric    | 0       |
|   add_ln313_115_fu_128487_p2            |     |        | add_ln313_115  | add | fabric    | 0       |
|   mul_6s_5s_11_1_1_U378                 |     |        | mul_ln313_29   | mul | auto      | 0       |
|   sub_ln313_44_fu_128537_p2             |     |        | sub_ln313_44   | sub | fabric    | 0       |
|   sub_ln313_45_fu_128575_p2             |     |        | sub_ln313_45   | sub | fabric    | 0       |
|   add_ln313_116_fu_128581_p2            |     |        | add_ln313_116  | add | fabric    | 0       |
|   add_ln313_118_fu_160471_p2            |     |        | add_ln313_118  | add | fabric    | 0       |
|   add_ln313_119_fu_160479_p2            |     |        | add_ln313_119  | add | fabric    | 0       |
|   add_ln313_176_fu_160488_p2            |     |        | add_ln313_176  | add | fabric    | 0       |
|   Tp_46_fu_160494_p2                    |     |        | Tp_46          | add | fabric    | 0       |
|   sub_ln313_46_fu_128598_p2             |     |        | sub_ln313_46   | sub | fabric    | 0       |
|   mul_6s_5ns_11_1_1_U356                |     |        | mul_ln313_30   | mul | auto      | 0       |
|   add_ln313_120_fu_128611_p2            |     |        | add_ln313_120  | add | fabric    | 0       |
|   add_ln313_123_fu_128623_p2            |     |        | add_ln313_123  | add | fabric    | 0       |
|   mul_6s_5s_11_1_1_U379                 |     |        | mul_ln313_31   | mul | auto      | 0       |
|   sub_ln313_47_fu_128673_p2             |     |        | sub_ln313_47   | sub | fabric    | 0       |
|   sub_ln313_48_fu_128711_p2             |     |        | sub_ln313_48   | sub | fabric    | 0       |
|   add_ln313_124_fu_128717_p2            |     |        | add_ln313_124  | add | fabric    | 0       |
|   add_ln313_126_fu_160503_p2            |     |        | add_ln313_126  | add | fabric    | 0       |
|   add_ln313_127_fu_160511_p2            |     |        | add_ln313_127  | add | fabric    | 0       |
|   add_ln313_185_fu_160520_p2            |     |        | add_ln313_185  | add | fabric    | 0       |
|   Tp_48_fu_160526_p2                    |     |        | Tp_48          | add | fabric    | 0       |
|   sub_ln313_49_fu_128734_p2             |     |        | sub_ln313_49   | sub | fabric    | 0       |
|   mul_6s_5ns_11_1_1_U357                |     |        | mul_ln313_32   | mul | auto      | 0       |
|   add_ln313_128_fu_128747_p2            |     |        | add_ln313_128  | add | fabric    | 0       |
|   add_ln313_131_fu_128759_p2            |     |        | add_ln313_131  | add | fabric    | 0       |
|   mul_6s_5s_11_1_1_U380                 |     |        | mul_ln313_33   | mul | auto      | 0       |
|   sub_ln313_50_fu_128809_p2             |     |        | sub_ln313_50   | sub | fabric    | 0       |
|   sub_ln313_51_fu_128847_p2             |     |        | sub_ln313_51   | sub | fabric    | 0       |
|   add_ln313_132_fu_128853_p2            |     |        | add_ln313_132  | add | fabric    | 0       |
|   add_ln313_134_fu_160535_p2            |     |        | add_ln313_134  | add | fabric    | 0       |
|   add_ln313_135_fu_160543_p2            |     |        | add_ln313_135  | add | fabric    | 0       |
|   add_ln313_194_fu_160552_p2            |     |        | add_ln313_194  | add | fabric    | 0       |
|   Tp_50_fu_160558_p2                    |     |        | Tp_50          | add | fabric    | 0       |
|   sub_ln313_52_fu_128870_p2             |     |        | sub_ln313_52   | sub | fabric    | 0       |
|   mul_6s_5ns_11_1_1_U358                |     |        | mul_ln313_34   | mul | auto      | 0       |
|   add_ln313_136_fu_128883_p2            |     |        | add_ln313_136  | add | fabric    | 0       |
|   add_ln313_139_fu_128895_p2            |     |        | add_ln313_139  | add | fabric    | 0       |
|   mul_6s_5s_11_1_1_U381                 |     |        | mul_ln313_35   | mul | auto      | 0       |
|   sub_ln313_53_fu_128948_p2             |     |        | sub_ln313_53   | sub | fabric    | 0       |
|   sub_ln313_54_fu_128986_p2             |     |        | sub_ln313_54   | sub | fabric    | 0       |
|   add_ln313_140_fu_128992_p2            |     |        | add_ln313_140  | add | fabric    | 0       |
|   add_ln313_142_fu_160567_p2            |     |        | add_ln313_142  | add | fabric    | 0       |
|   add_ln313_143_fu_160575_p2            |     |        | add_ln313_143  | add | fabric    | 0       |
|   add_ln313_203_fu_160584_p2            |     |        | add_ln313_203  | add | fabric    | 0       |
|   Tp_52_fu_160590_p2                    |     |        | Tp_52          | add | fabric    | 0       |
|   sub_ln313_55_fu_129009_p2             |     |        | sub_ln313_55   | sub | fabric    | 0       |
|   mul_6s_5ns_10_1_1_U359                |     |        | mul_ln313_36   | mul | auto      | 0       |
|   add_ln313_144_fu_129019_p2            |     |        | add_ln313_144  | add | fabric    | 0       |
|   add_ln313_147_fu_129031_p2            |     |        | add_ln313_147  | add | fabric    | 0       |
|   sub_ln313_56_fu_129050_p2             |     |        | sub_ln313_56   | sub | fabric    | 0       |
|   add_ln313_149_fu_129060_p2            |     |        | add_ln313_149  | add | fabric    | 0       |
|   add_ln313_150_fu_129070_p2            |     |        | add_ln313_150  | add | fabric    | 0       |
|   Tp_54_fu_129080_p2                    |     |        | Tp_54          | add | fabric    | 0       |
|   mac_muladd_6s_5s_12s_12_1_1_U1058     | 1   |        | mul_ln313_37   | mul | dsp_slice | 0       |
|   sub_ln313_57_fu_129115_p2             |     |        | sub_ln313_57   | sub | fabric    | 0       |
|   add_ln313_154_fu_129145_p2            |     |        | add_ln313_154  | add | fabric    | 0       |
|   mac_muladd_6s_5s_12s_12_1_1_U1058     | 1   |        | add_ln313_155  | add | dsp_slice | 0       |
|   add_ln313_156_fu_129158_p2            |     |        | add_ln313_156  | add | fabric    | 0       |
|   add_ln313_215_fu_129168_p2            |     |        | add_ln313_215  | add | fabric    | 0       |
|   Tp_55_fu_129174_p2                    |     |        | Tp_55          | add | fabric    | 0       |
|   sub_ln313_58_fu_129191_p2             |     |        | sub_ln313_58   | sub | fabric    | 0       |
|   mac_muladd_6s_5s_11s_11_1_1_U1059     | 1   |        | mul_ln313_38   | mul | dsp_slice | 0       |
|   add_ln313_158_fu_129213_p2            |     |        | add_ln313_158  | add | fabric    | 0       |
|   mac_muladd_6s_5ns_5s_11_1_1_U1060     | 1   |        | factor7504     | mul | dsp_slice | 0       |
|   mac_muladd_6s_5ns_5s_11_1_1_U1060     | 1   |        | add_ln313_159  | add | dsp_slice | 0       |
|   add_ln313_160_fu_129219_p2            |     |        | add_ln313_160  | add | fabric    | 0       |
|   mac_muladd_6s_5s_11s_11_1_1_U1059     | 1   |        | add_ln313_161  | add | dsp_slice | 0       |
|   add_ln313_162_fu_129231_p2            |     |        | add_ln313_162  | add | fabric    | 0       |
|   mul_6s_5s_11_1_1_U382                 |     |        | mul_ln313_39   | mul | auto      | 0       |
|   add_ln313_165_fu_160599_p2            |     |        | add_ln313_165  | add | fabric    | 0       |
|   add_ln313_166_fu_160607_p2            |     |        | add_ln313_166  | add | fabric    | 0       |
|   add_ln313_224_fu_160616_p2            |     |        | add_ln313_224  | add | fabric    | 0       |
|   Tp_57_fu_160622_p2                    |     |        | Tp_57          | add | fabric    | 0       |
|   sub_ln313_59_fu_129277_p2             |     |        | sub_ln313_59   | sub | fabric    | 0       |
|   add_ln313_169_fu_129293_p2            |     |        | add_ln313_169  | add | fabric    | 0       |
|   mul_6s_5s_11_1_1_U383                 |     |        | mul_ln313_40   | mul | auto      | 0       |
|   add_ln313_171_fu_160631_p2            |     |        | add_ln313_171  | add | fabric    | 0       |
|   add_ln313_172_fu_160639_p2            |     |        | add_ln313_172  | add | fabric    | 0       |
|   add_ln313_233_fu_160648_p2            |     |        | add_ln313_233  | add | fabric    | 0       |
|   Tp_59_fu_160654_p2                    |     |        | Tp_59          | add | fabric    | 0       |
|   sub_ln313_60_fu_129333_p2             |     |        | sub_ln313_60   | sub | fabric    | 0       |
|   add_ln313_175_fu_129349_p2            |     |        | add_ln313_175  | add | fabric    | 0       |
|   mul_6s_5s_11_1_1_U384                 |     |        | mul_ln313_41   | mul | auto      | 0       |
|   add_ln313_177_fu_160663_p2            |     |        | add_ln313_177  | add | fabric    | 0       |
|   add_ln313_178_fu_160671_p2            |     |        | add_ln313_178  | add | fabric    | 0       |
|   add_ln313_242_fu_160680_p2            |     |        | add_ln313_242  | add | fabric    | 0       |
|   Tp_61_fu_160686_p2                    |     |        | Tp_61          | add | fabric    | 0       |
|   sub_ln313_61_fu_129389_p2             |     |        | sub_ln313_61   | sub | fabric    | 0       |
|   add_ln313_181_fu_129405_p2            |     |        | add_ln313_181  | add | fabric    | 0       |
|   mul_6s_5s_11_1_1_U385                 |     |        | mul_ln313_42   | mul | auto      | 0       |
|   add_ln313_183_fu_160695_p2            |     |        | add_ln313_183  | add | fabric    | 0       |
|   add_ln313_184_fu_160703_p2            |     |        | add_ln313_184  | add | fabric    | 0       |
|   add_ln313_251_fu_160712_p2            |     |        | add_ln313_251  | add | fabric    | 0       |
|   Tp_63_fu_160718_p2                    |     |        | Tp_63          | add | fabric    | 0       |
|   sub_ln313_62_fu_129445_p2             |     |        | sub_ln313_62   | sub | fabric    | 0       |
|   add_ln313_187_fu_129461_p2            |     |        | add_ln313_187  | add | fabric    | 0       |
|   mul_6s_5s_11_1_1_U386                 |     |        | mul_ln313_43   | mul | auto      | 0       |
|   add_ln313_189_fu_160727_p2            |     |        | add_ln313_189  | add | fabric    | 0       |
|   add_ln313_190_fu_160735_p2            |     |        | add_ln313_190  | add | fabric    | 0       |
|   add_ln313_260_fu_160744_p2            |     |        | add_ln313_260  | add | fabric    | 0       |
|   Tp_65_fu_160750_p2                    |     |        | Tp_65          | add | fabric    | 0       |
|   sub_ln313_63_fu_129500_p2             |     |        | sub_ln313_63   | sub | fabric    | 0       |
|   add_ln313_193_fu_129516_p2            |     |        | add_ln313_193  | add | fabric    | 0       |
|   mul_6s_5s_11_1_1_U387                 |     |        | mul_ln313_44   | mul | auto      | 0       |
|   add_ln313_195_fu_160759_p2            |     |        | add_ln313_195  | add | fabric    | 0       |
|   add_ln313_196_fu_160767_p2            |     |        | add_ln313_196  | add | fabric    | 0       |
|   add_ln313_272_fu_160776_p2            |     |        | add_ln313_272  | add | fabric    | 0       |
|   Tp_67_fu_160782_p2                    |     |        | Tp_67          | add | fabric    | 0       |
|   sub_ln313_64_fu_129555_p2             |     |        | sub_ln313_64   | sub | fabric    | 0       |
|   add_ln313_199_fu_129571_p2            |     |        | add_ln313_199  | add | fabric    | 0       |
|   mul_6s_5s_11_1_1_U388                 |     |        | mul_ln313_45   | mul | auto      | 0       |
|   add_ln313_201_fu_160791_p2            |     |        | add_ln313_201  | add | fabric    | 0       |
|   add_ln313_202_fu_160799_p2            |     |        | add_ln313_202  | add | fabric    | 0       |
|   add_ln313_285_fu_160808_p2            |     |        | add_ln313_285  | add | fabric    | 0       |
|   Tp_69_fu_160814_p2                    |     |        | Tp_69          | add | fabric    | 0       |
|   sub_ln313_65_fu_129610_p2             |     |        | sub_ln313_65   | sub | fabric    | 0       |
|   add_ln313_205_fu_129626_p2            |     |        | add_ln313_205  | add | fabric    | 0       |
|   mul_6s_5s_11_1_1_U389                 |     |        | mul_ln313_46   | mul | auto      | 0       |
|   add_ln313_207_fu_160823_p2            |     |        | add_ln313_207  | add | fabric    | 0       |
|   add_ln313_208_fu_160831_p2            |     |        | add_ln313_208  | add | fabric    | 0       |
|   add_ln313_294_fu_160840_p2            |     |        | add_ln313_294  | add | fabric    | 0       |
|   Tp_71_fu_160846_p2                    |     |        | Tp_71          | add | fabric    | 0       |
|   sub_ln313_66_fu_129665_p2             |     |        | sub_ln313_66   | sub | fabric    | 0       |
|   add_ln313_211_fu_129681_p2            |     |        | add_ln313_211  | add | fabric    | 0       |
|   mul_6s_5s_11_1_1_U390                 |     |        | mul_ln313_47   | mul | auto      | 0       |
|   add_ln313_213_fu_160855_p2            |     |        | add_ln313_213  | add | fabric    | 0       |
|   add_ln313_214_fu_160863_p2            |     |        | add_ln313_214  | add | fabric    | 0       |
|   add_ln313_303_fu_160872_p2            |     |        | add_ln313_303  | add | fabric    | 0       |
|   Tp_73_fu_160878_p2                    |     |        | Tp_73          | add | fabric    | 0       |
|   sub_ln313_67_fu_129720_p2             |     |        | sub_ln313_67   | sub | fabric    | 0       |
|   add_ln313_217_fu_129736_p2            |     |        | add_ln313_217  | add | fabric    | 0       |
|   mul_6s_5s_11_1_1_U391                 |     |        | mul_ln313_48   | mul | auto      | 0       |
|   add_ln313_219_fu_160887_p2            |     |        | add_ln313_219  | add | fabric    | 0       |
|   add_ln313_220_fu_160895_p2            |     |        | add_ln313_220  | add | fabric    | 0       |
|   add_ln313_312_fu_160904_p2            |     |        | add_ln313_312  | add | fabric    | 0       |
|   Tp_75_fu_160910_p2                    |     |        | Tp_75          | add | fabric    | 0       |
|   sub_ln313_68_fu_129775_p2             |     |        | sub_ln313_68   | sub | fabric    | 0       |
|   add_ln313_223_fu_129791_p2            |     |        | add_ln313_223  | add | fabric    | 0       |
|   mul_6s_5s_11_1_1_U392                 |     |        | mul_ln313_49   | mul | auto      | 0       |
|   add_ln313_225_fu_160919_p2            |     |        | add_ln313_225  | add | fabric    | 0       |
|   add_ln313_226_fu_160927_p2            |     |        | add_ln313_226  | add | fabric    | 0       |
|   add_ln313_321_fu_160936_p2            |     |        | add_ln313_321  | add | fabric    | 0       |
|   Tp_77_fu_160942_p2                    |     |        | Tp_77          | add | fabric    | 0       |
|   sub_ln313_69_fu_129830_p2             |     |        | sub_ln313_69   | sub | fabric    | 0       |
|   add_ln313_229_fu_129846_p2            |     |        | add_ln313_229  | add | fabric    | 0       |
|   mul_6s_5s_11_1_1_U393                 |     |        | mul_ln313_50   | mul | auto      | 0       |
|   add_ln313_231_fu_160951_p2            |     |        | add_ln313_231  | add | fabric    | 0       |
|   add_ln313_232_fu_160959_p2            |     |        | add_ln313_232  | add | fabric    | 0       |
|   add_ln313_330_fu_160968_p2            |     |        | add_ln313_330  | add | fabric    | 0       |
|   Tp_79_fu_160974_p2                    |     |        | Tp_79          | add | fabric    | 0       |
|   sub_ln313_70_fu_129885_p2             |     |        | sub_ln313_70   | sub | fabric    | 0       |
|   add_ln313_235_fu_129901_p2            |     |        | add_ln313_235  | add | fabric    | 0       |
|   mul_6s_5s_11_1_1_U394                 |     |        | mul_ln313_51   | mul | auto      | 0       |
|   add_ln313_237_fu_160983_p2            |     |        | add_ln313_237  | add | fabric    | 0       |
|   add_ln313_238_fu_160991_p2            |     |        | add_ln313_238  | add | fabric    | 0       |
|   add_ln313_339_fu_161000_p2            |     |        | add_ln313_339  | add | fabric    | 0       |
|   Tp_81_fu_161006_p2                    |     |        | Tp_81          | add | fabric    | 0       |
|   sub_ln313_71_fu_129940_p2             |     |        | sub_ln313_71   | sub | fabric    | 0       |
|   add_ln313_241_fu_129956_p2            |     |        | add_ln313_241  | add | fabric    | 0       |
|   mul_6s_5s_11_1_1_U395                 |     |        | mul_ln313_52   | mul | auto      | 0       |
|   add_ln313_243_fu_161015_p2            |     |        | add_ln313_243  | add | fabric    | 0       |
|   add_ln313_244_fu_161023_p2            |     |        | add_ln313_244  | add | fabric    | 0       |
|   add_ln313_348_fu_161032_p2            |     |        | add_ln313_348  | add | fabric    | 0       |
|   Tp_83_fu_161038_p2                    |     |        | Tp_83          | add | fabric    | 0       |
|   sub_ln313_72_fu_129995_p2             |     |        | sub_ln313_72   | sub | fabric    | 0       |
|   add_ln313_247_fu_130011_p2            |     |        | add_ln313_247  | add | fabric    | 0       |
|   mul_6s_5s_11_1_1_U396                 |     |        | mul_ln313_53   | mul | auto      | 0       |
|   add_ln313_249_fu_161047_p2            |     |        | add_ln313_249  | add | fabric    | 0       |
|   add_ln313_250_fu_161055_p2            |     |        | add_ln313_250  | add | fabric    | 0       |
|   add_ln313_357_fu_161064_p2            |     |        | add_ln313_357  | add | fabric    | 0       |
|   Tp_85_fu_161070_p2                    |     |        | Tp_85          | add | fabric    | 0       |
|   sub_ln313_73_fu_130050_p2             |     |        | sub_ln313_73   | sub | fabric    | 0       |
|   add_ln313_253_fu_130066_p2            |     |        | add_ln313_253  | add | fabric    | 0       |
|   mul_6s_5s_11_1_1_U397                 |     |        | mul_ln313_54   | mul | auto      | 0       |
|   add_ln313_255_fu_161079_p2            |     |        | add_ln313_255  | add | fabric    | 0       |
|   add_ln313_256_fu_161087_p2            |     |        | add_ln313_256  | add | fabric    | 0       |
|   add_ln313_366_fu_161096_p2            |     |        | add_ln313_366  | add | fabric    | 0       |
|   Tp_87_fu_161102_p2                    |     |        | Tp_87          | add | fabric    | 0       |
|   sub_ln313_74_fu_130105_p2             |     |        | sub_ln313_74   | sub | fabric    | 0       |
|   add_ln313_259_fu_130121_p2            |     |        | add_ln313_259  | add | fabric    | 0       |
|   sub_ln313_75_fu_130140_p2             |     |        | sub_ln313_75   | sub | fabric    | 0       |
|   add_ln313_261_fu_161108_p2            |     |        | add_ln313_261  | add | fabric    | 0       |
|   add_ln313_262_fu_161116_p2            |     |        | add_ln313_262  | add | fabric    | 0       |
|   Tp_89_fu_161124_p2                    |     |        | Tp_89          | add | fabric    | 0       |
|   add_ln313_264_fu_161134_p2            |     |        | add_ln313_264  | add | fabric    | 0       |
|   add_ln313_265_fu_161142_p2            |     |        | add_ln313_265  | add | fabric    | 0       |
|   Tp_90_fu_161150_p2                    |     |        | Tp_90          | add | fabric    | 0       |
|   mac_muladd_6s_5s_12s_12_1_1_U1061     | 1   |        | mul_ln313_55   | mul | dsp_slice | 0       |
|   sub_ln313_76_fu_130175_p2             |     |        | sub_ln313_76   | sub | fabric    | 0       |
|   add_ln313_269_fu_130205_p2            |     |        | add_ln313_269  | add | fabric    | 0       |
|   mac_muladd_6s_5s_12s_12_1_1_U1061     | 1   |        | add_ln313_270  | add | dsp_slice | 0       |
|   add_ln313_271_fu_130218_p2            |     |        | add_ln313_271  | add | fabric    | 0       |
|   add_ln313_384_fu_130228_p2            |     |        | add_ln313_384  | add | fabric    | 0       |
|   Tp_91_fu_130234_p2                    |     |        | Tp_91          | add | fabric    | 0       |
|   sub_ln313_77_fu_130251_p2             |     |        | sub_ln313_77   | sub | fabric    | 0       |
|   mac_muladd_6s_5s_11s_11_1_1_U1062     | 1   |        | mul_ln313_56   | mul | dsp_slice | 0       |
|   add_ln313_273_fu_130273_p2            |     |        | add_ln313_273  | add | fabric    | 0       |
|   mac_muladd_6s_5ns_5s_11_1_1_U1063     | 1   |        | factor7506     | mul | dsp_slice | 0       |
|   mac_muladd_6s_5ns_5s_11_1_1_U1063     | 1   |        | add_ln313_274  | add | dsp_slice | 0       |
|   add_ln313_275_fu_130279_p2            |     |        | add_ln313_275  | add | fabric    | 0       |
|   mac_muladd_6s_5s_11s_11_1_1_U1062     | 1   |        | add_ln313_276  | add | dsp_slice | 0       |
|   add_ln313_277_fu_130291_p2            |     |        | add_ln313_277  | add | fabric    | 0       |
|   mul_6s_5s_11_1_1_U398                 |     |        | mul_ln313_57   | mul | auto      | 0       |
|   add_ln313_280_fu_161163_p2            |     |        | add_ln313_280  | add | fabric    | 0       |
|   add_ln313_281_fu_161171_p2            |     |        | add_ln313_281  | add | fabric    | 0       |
|   add_ln313_397_fu_161180_p2            |     |        | add_ln313_397  | add | fabric    | 0       |
|   Tp_93_fu_161186_p2                    |     |        | Tp_93          | add | fabric    | 0       |
|   sub_ln313_78_fu_130337_p2             |     |        | sub_ln313_78   | sub | fabric    | 0       |
|   add_ln313_284_fu_130353_p2            |     |        | add_ln313_284  | add | fabric    | 0       |
|   mul_6s_5s_11_1_1_U399                 |     |        | mul_ln313_58   | mul | auto      | 0       |
|   add_ln313_286_fu_161195_p2            |     |        | add_ln313_286  | add | fabric    | 0       |
|   add_ln313_287_fu_161203_p2            |     |        | add_ln313_287  | add | fabric    | 0       |
|   add_ln313_406_fu_161212_p2            |     |        | add_ln313_406  | add | fabric    | 0       |
|   Tp_95_fu_161218_p2                    |     |        | Tp_95          | add | fabric    | 0       |
|   sub_ln313_79_fu_130393_p2             |     |        | sub_ln313_79   | sub | fabric    | 0       |
|   add_ln313_290_fu_130409_p2            |     |        | add_ln313_290  | add | fabric    | 0       |
|   mul_6s_5s_11_1_1_U400                 |     |        | mul_ln313_59   | mul | auto      | 0       |
|   add_ln313_292_fu_161227_p2            |     |        | add_ln313_292  | add | fabric    | 0       |
|   add_ln313_293_fu_161235_p2            |     |        | add_ln313_293  | add | fabric    | 0       |
|   add_ln313_415_fu_161244_p2            |     |        | add_ln313_415  | add | fabric    | 0       |
|   Tp_97_fu_161250_p2                    |     |        | Tp_97          | add | fabric    | 0       |
|   sub_ln313_80_fu_130449_p2             |     |        | sub_ln313_80   | sub | fabric    | 0       |
|   add_ln313_296_fu_130465_p2            |     |        | add_ln313_296  | add | fabric    | 0       |
|   mul_6s_5s_11_1_1_U401                 |     |        | mul_ln313_60   | mul | auto      | 0       |
|   add_ln313_298_fu_161259_p2            |     |        | add_ln313_298  | add | fabric    | 0       |
|   add_ln313_299_fu_161267_p2            |     |        | add_ln313_299  | add | fabric    | 0       |
|   add_ln313_424_fu_161276_p2            |     |        | add_ln313_424  | add | fabric    | 0       |
|   Tp_99_fu_161282_p2                    |     |        | Tp_99          | add | fabric    | 0       |
|   sub_ln313_81_fu_130504_p2             |     |        | sub_ln313_81   | sub | fabric    | 0       |
|   add_ln313_302_fu_130520_p2            |     |        | add_ln313_302  | add | fabric    | 0       |
|   mul_6s_5s_11_1_1_U402                 |     |        | mul_ln313_61   | mul | auto      | 0       |
|   add_ln313_304_fu_161291_p2            |     |        | add_ln313_304  | add | fabric    | 0       |
|   add_ln313_305_fu_161299_p2            |     |        | add_ln313_305  | add | fabric    | 0       |
|   add_ln313_433_fu_161308_p2            |     |        | add_ln313_433  | add | fabric    | 0       |
|   Tp_101_fu_161314_p2                   |     |        | Tp_101         | add | fabric    | 0       |
|   sub_ln313_82_fu_130559_p2             |     |        | sub_ln313_82   | sub | fabric    | 0       |
|   add_ln313_308_fu_130575_p2            |     |        | add_ln313_308  | add | fabric    | 0       |
|   mul_6s_5s_11_1_1_U403                 |     |        | mul_ln313_62   | mul | auto      | 0       |
|   add_ln313_310_fu_161323_p2            |     |        | add_ln313_310  | add | fabric    | 0       |
|   add_ln313_311_fu_161331_p2            |     |        | add_ln313_311  | add | fabric    | 0       |
|   add_ln313_442_fu_161340_p2            |     |        | add_ln313_442  | add | fabric    | 0       |
|   Tp_103_fu_161346_p2                   |     |        | Tp_103         | add | fabric    | 0       |
|   sub_ln313_83_fu_130614_p2             |     |        | sub_ln313_83   | sub | fabric    | 0       |
|   add_ln313_314_fu_130630_p2            |     |        | add_ln313_314  | add | fabric    | 0       |
|   mul_6s_5s_11_1_1_U404                 |     |        | mul_ln313_63   | mul | auto      | 0       |
|   add_ln313_316_fu_161355_p2            |     |        | add_ln313_316  | add | fabric    | 0       |
|   add_ln313_317_fu_161363_p2            |     |        | add_ln313_317  | add | fabric    | 0       |
|   add_ln313_451_fu_161372_p2            |     |        | add_ln313_451  | add | fabric    | 0       |
|   Tp_105_fu_161378_p2                   |     |        | Tp_105         | add | fabric    | 0       |
|   sub_ln313_84_fu_130669_p2             |     |        | sub_ln313_84   | sub | fabric    | 0       |
|   add_ln313_320_fu_130685_p2            |     |        | add_ln313_320  | add | fabric    | 0       |
|   mul_6s_5s_11_1_1_U405                 |     |        | mul_ln313_64   | mul | auto      | 0       |
|   add_ln313_322_fu_161387_p2            |     |        | add_ln313_322  | add | fabric    | 0       |
|   add_ln313_323_fu_161395_p2            |     |        | add_ln313_323  | add | fabric    | 0       |
|   add_ln313_460_fu_161404_p2            |     |        | add_ln313_460  | add | fabric    | 0       |
|   Tp_107_fu_161410_p2                   |     |        | Tp_107         | add | fabric    | 0       |
|   sub_ln313_85_fu_130724_p2             |     |        | sub_ln313_85   | sub | fabric    | 0       |
|   add_ln313_326_fu_130740_p2            |     |        | add_ln313_326  | add | fabric    | 0       |
|   mul_6s_5s_11_1_1_U406                 |     |        | mul_ln313_65   | mul | auto      | 0       |
|   add_ln313_328_fu_161419_p2            |     |        | add_ln313_328  | add | fabric    | 0       |
|   add_ln313_329_fu_161427_p2            |     |        | add_ln313_329  | add | fabric    | 0       |
|   add_ln313_469_fu_161436_p2            |     |        | add_ln313_469  | add | fabric    | 0       |
|   Tp_109_fu_161442_p2                   |     |        | Tp_109         | add | fabric    | 0       |
|   sub_ln313_86_fu_130779_p2             |     |        | sub_ln313_86   | sub | fabric    | 0       |
|   add_ln313_332_fu_130795_p2            |     |        | add_ln313_332  | add | fabric    | 0       |
|   mul_6s_5s_11_1_1_U407                 |     |        | mul_ln313_66   | mul | auto      | 0       |
|   add_ln313_334_fu_161451_p2            |     |        | add_ln313_334  | add | fabric    | 0       |
|   add_ln313_335_fu_161459_p2            |     |        | add_ln313_335  | add | fabric    | 0       |
|   add_ln313_478_fu_161468_p2            |     |        | add_ln313_478  | add | fabric    | 0       |
|   Tp_111_fu_161474_p2                   |     |        | Tp_111         | add | fabric    | 0       |
|   sub_ln313_87_fu_130834_p2             |     |        | sub_ln313_87   | sub | fabric    | 0       |
|   add_ln313_338_fu_130850_p2            |     |        | add_ln313_338  | add | fabric    | 0       |
|   mul_6s_5s_11_1_1_U408                 |     |        | mul_ln313_67   | mul | auto      | 0       |
|   add_ln313_340_fu_161483_p2            |     |        | add_ln313_340  | add | fabric    | 0       |
|   add_ln313_341_fu_161491_p2            |     |        | add_ln313_341  | add | fabric    | 0       |
|   add_ln313_487_fu_161500_p2            |     |        | add_ln313_487  | add | fabric    | 0       |
|   Tp_113_fu_161506_p2                   |     |        | Tp_113         | add | fabric    | 0       |
|   sub_ln313_88_fu_130889_p2             |     |        | sub_ln313_88   | sub | fabric    | 0       |
|   add_ln313_344_fu_130905_p2            |     |        | add_ln313_344  | add | fabric    | 0       |
|   mul_6s_5s_11_1_1_U409                 |     |        | mul_ln313_68   | mul | auto      | 0       |
|   add_ln313_346_fu_161515_p2            |     |        | add_ln313_346  | add | fabric    | 0       |
|   add_ln313_347_fu_161523_p2            |     |        | add_ln313_347  | add | fabric    | 0       |
|   add_ln313_503_fu_161532_p2            |     |        | add_ln313_503  | add | fabric    | 0       |
|   Tp_115_fu_161538_p2                   |     |        | Tp_115         | add | fabric    | 0       |
|   sub_ln313_89_fu_130944_p2             |     |        | sub_ln313_89   | sub | fabric    | 0       |
|   add_ln313_350_fu_130960_p2            |     |        | add_ln313_350  | add | fabric    | 0       |
|   mul_6s_5s_11_1_1_U410                 |     |        | mul_ln313_69   | mul | auto      | 0       |
|   add_ln313_352_fu_161547_p2            |     |        | add_ln313_352  | add | fabric    | 0       |
|   add_ln313_353_fu_161555_p2            |     |        | add_ln313_353  | add | fabric    | 0       |
|   add_ln313_512_fu_161564_p2            |     |        | add_ln313_512  | add | fabric    | 0       |
|   Tp_117_fu_161570_p2                   |     |        | Tp_117         | add | fabric    | 0       |
|   sub_ln313_90_fu_130999_p2             |     |        | sub_ln313_90   | sub | fabric    | 0       |
|   add_ln313_356_fu_131015_p2            |     |        | add_ln313_356  | add | fabric    | 0       |
|   mul_6s_5s_11_1_1_U411                 |     |        | mul_ln313_70   | mul | auto      | 0       |
|   add_ln313_358_fu_161579_p2            |     |        | add_ln313_358  | add | fabric    | 0       |
|   add_ln313_359_fu_161587_p2            |     |        | add_ln313_359  | add | fabric    | 0       |
|   add_ln313_521_fu_161596_p2            |     |        | add_ln313_521  | add | fabric    | 0       |
|   Tp_119_fu_161602_p2                   |     |        | Tp_119         | add | fabric    | 0       |
|   sub_ln313_91_fu_131054_p2             |     |        | sub_ln313_91   | sub | fabric    | 0       |
|   add_ln313_362_fu_131070_p2            |     |        | add_ln313_362  | add | fabric    | 0       |
|   mul_6s_5s_11_1_1_U412                 |     |        | mul_ln313_71   | mul | auto      | 0       |
|   add_ln313_364_fu_161611_p2            |     |        | add_ln313_364  | add | fabric    | 0       |
|   add_ln313_365_fu_161619_p2            |     |        | add_ln313_365  | add | fabric    | 0       |
|   add_ln313_530_fu_161628_p2            |     |        | add_ln313_530  | add | fabric    | 0       |
|   Tp_121_fu_161634_p2                   |     |        | Tp_121         | add | fabric    | 0       |
|   sub_ln313_92_fu_131109_p2             |     |        | sub_ln313_92   | sub | fabric    | 0       |
|   add_ln313_368_fu_131125_p2            |     |        | add_ln313_368  | add | fabric    | 0       |
|   sub_ln313_93_fu_131144_p2             |     |        | sub_ln313_93   | sub | fabric    | 0       |
|   add_ln313_370_fu_161640_p2            |     |        | add_ln313_370  | add | fabric    | 0       |
|   add_ln313_371_fu_161648_p2            |     |        | add_ln313_371  | add | fabric    | 0       |
|   Tp_123_fu_161656_p2                   |     |        | Tp_123         | add | fabric    | 0       |
|   add_ln313_373_fu_161666_p2            |     |        | add_ln313_373  | add | fabric    | 0       |
|   add_ln313_374_fu_161674_p2            |     |        | add_ln313_374  | add | fabric    | 0       |
|   Tp_124_fu_161682_p2                   |     |        | Tp_124         | add | fabric    | 0       |
|   add_ln313_376_fu_161692_p2            |     |        | add_ln313_376  | add | fabric    | 0       |
|   add_ln313_377_fu_161700_p2            |     |        | add_ln313_377  | add | fabric    | 0       |
|   Tp_125_fu_161708_p2                   |     |        | Tp_125         | add | fabric    | 0       |
|   mac_muladd_6s_5s_12s_12_1_1_U1064     | 1   |        | mul_ln313_72   | mul | dsp_slice | 0       |
|   sub_ln313_94_fu_131179_p2             |     |        | sub_ln313_94   | sub | fabric    | 0       |
|   add_ln313_381_fu_131209_p2            |     |        | add_ln313_381  | add | fabric    | 0       |
|   mac_muladd_6s_5s_12s_12_1_1_U1064     | 1   |        | add_ln313_382  | add | dsp_slice | 0       |
|   add_ln313_383_fu_131222_p2            |     |        | add_ln313_383  | add | fabric    | 0       |
|   add_ln313_548_fu_131232_p2            |     |        | add_ln313_548  | add | fabric    | 0       |
|   Tp_126_fu_131238_p2                   |     |        | Tp_126         | add | fabric    | 0       |
|   sub_ln313_95_fu_131255_p2             |     |        | sub_ln313_95   | sub | fabric    | 0       |
|   mac_muladd_6s_5s_11s_11_1_1_U1065     | 1   |        | mul_ln313_73   | mul | dsp_slice | 0       |
|   add_ln313_385_fu_131277_p2            |     |        | add_ln313_385  | add | fabric    | 0       |
|   mac_muladd_6s_5ns_5s_11_1_1_U1066     | 1   |        | factor7508     | mul | dsp_slice | 0       |
|   mac_muladd_6s_5ns_5s_11_1_1_U1066     | 1   |        | add_ln313_386  | add | dsp_slice | 0       |
|   add_ln313_387_fu_131283_p2            |     |        | add_ln313_387  | add | fabric    | 0       |
|   mac_muladd_6s_5s_11s_11_1_1_U1065     | 1   |        | add_ln313_388  | add | dsp_slice | 0       |
|   add_ln313_389_fu_131295_p2            |     |        | add_ln313_389  | add | fabric    | 0       |
|   mul_6s_5s_11_1_1_U413                 |     |        | mul_ln313_74   | mul | auto      | 0       |
|   add_ln313_392_fu_161721_p2            |     |        | add_ln313_392  | add | fabric    | 0       |
|   add_ln313_393_fu_161729_p2            |     |        | add_ln313_393  | add | fabric    | 0       |
|   add_ln313_557_fu_161738_p2            |     |        | add_ln313_557  | add | fabric    | 0       |
|   Tp_128_fu_161744_p2                   |     |        | Tp_128         | add | fabric    | 0       |
|   sub_ln313_96_fu_131341_p2             |     |        | sub_ln313_96   | sub | fabric    | 0       |
|   add_ln313_396_fu_131357_p2            |     |        | add_ln313_396  | add | fabric    | 0       |
|   mul_6s_5s_11_1_1_U414                 |     |        | mul_ln313_75   | mul | auto      | 0       |
|   add_ln313_398_fu_161753_p2            |     |        | add_ln313_398  | add | fabric    | 0       |
|   add_ln313_399_fu_161761_p2            |     |        | add_ln313_399  | add | fabric    | 0       |
|   add_ln313_566_fu_161770_p2            |     |        | add_ln313_566  | add | fabric    | 0       |
|   Tp_130_fu_161776_p2                   |     |        | Tp_130         | add | fabric    | 0       |
|   sub_ln313_97_fu_131397_p2             |     |        | sub_ln313_97   | sub | fabric    | 0       |
|   add_ln313_402_fu_131413_p2            |     |        | add_ln313_402  | add | fabric    | 0       |
|   mul_6s_5s_11_1_1_U415                 |     |        | mul_ln313_76   | mul | auto      | 0       |
|   add_ln313_404_fu_161785_p2            |     |        | add_ln313_404  | add | fabric    | 0       |
|   add_ln313_405_fu_161793_p2            |     |        | add_ln313_405  | add | fabric    | 0       |
|   add_ln313_575_fu_161802_p2            |     |        | add_ln313_575  | add | fabric    | 0       |
|   Tp_132_fu_161808_p2                   |     |        | Tp_132         | add | fabric    | 0       |
|   sub_ln313_98_fu_131452_p2             |     |        | sub_ln313_98   | sub | fabric    | 0       |
|   add_ln313_408_fu_131468_p2            |     |        | add_ln313_408  | add | fabric    | 0       |
|   mul_6s_5s_11_1_1_U416                 |     |        | mul_ln313_77   | mul | auto      | 0       |
|   add_ln313_410_fu_161817_p2            |     |        | add_ln313_410  | add | fabric    | 0       |
|   add_ln313_411_fu_161825_p2            |     |        | add_ln313_411  | add | fabric    | 0       |
|   add_ln313_584_fu_161834_p2            |     |        | add_ln313_584  | add | fabric    | 0       |
|   Tp_134_fu_161840_p2                   |     |        | Tp_134         | add | fabric    | 0       |
|   sub_ln313_99_fu_131507_p2             |     |        | sub_ln313_99   | sub | fabric    | 0       |
|   add_ln313_414_fu_131523_p2            |     |        | add_ln313_414  | add | fabric    | 0       |
|   mul_6s_5s_11_1_1_U417                 |     |        | mul_ln313_78   | mul | auto      | 0       |
|   add_ln313_416_fu_161849_p2            |     |        | add_ln313_416  | add | fabric    | 0       |
|   add_ln313_417_fu_161857_p2            |     |        | add_ln313_417  | add | fabric    | 0       |
|   add_ln313_593_fu_161866_p2            |     |        | add_ln313_593  | add | fabric    | 0       |
|   Tp_136_fu_161872_p2                   |     |        | Tp_136         | add | fabric    | 0       |
|   sub_ln313_100_fu_131562_p2            |     |        | sub_ln313_100  | sub | fabric    | 0       |
|   add_ln313_420_fu_131578_p2            |     |        | add_ln313_420  | add | fabric    | 0       |
|   mul_6s_5s_11_1_1_U418                 |     |        | mul_ln313_79   | mul | auto      | 0       |
|   add_ln313_422_fu_161881_p2            |     |        | add_ln313_422  | add | fabric    | 0       |
|   add_ln313_423_fu_161889_p2            |     |        | add_ln313_423  | add | fabric    | 0       |
|   add_ln313_609_fu_161898_p2            |     |        | add_ln313_609  | add | fabric    | 0       |
|   Tp_138_fu_161904_p2                   |     |        | Tp_138         | add | fabric    | 0       |
|   sub_ln313_101_fu_131617_p2            |     |        | sub_ln313_101  | sub | fabric    | 0       |
|   add_ln313_426_fu_131633_p2            |     |        | add_ln313_426  | add | fabric    | 0       |
|   mul_6s_5s_11_1_1_U419                 |     |        | mul_ln313_80   | mul | auto      | 0       |
|   add_ln313_428_fu_161913_p2            |     |        | add_ln313_428  | add | fabric    | 0       |
|   add_ln313_429_fu_161921_p2            |     |        | add_ln313_429  | add | fabric    | 0       |
|   add_ln313_618_fu_161930_p2            |     |        | add_ln313_618  | add | fabric    | 0       |
|   Tp_140_fu_161936_p2                   |     |        | Tp_140         | add | fabric    | 0       |
|   sub_ln313_102_fu_131672_p2            |     |        | sub_ln313_102  | sub | fabric    | 0       |
|   add_ln313_432_fu_131688_p2            |     |        | add_ln313_432  | add | fabric    | 0       |
|   mul_6s_5s_11_1_1_U420                 |     |        | mul_ln313_81   | mul | auto      | 0       |
|   add_ln313_434_fu_161945_p2            |     |        | add_ln313_434  | add | fabric    | 0       |
|   add_ln313_435_fu_161953_p2            |     |        | add_ln313_435  | add | fabric    | 0       |
|   add_ln313_627_fu_161962_p2            |     |        | add_ln313_627  | add | fabric    | 0       |
|   Tp_142_fu_161968_p2                   |     |        | Tp_142         | add | fabric    | 0       |
|   sub_ln313_103_fu_131727_p2            |     |        | sub_ln313_103  | sub | fabric    | 0       |
|   add_ln313_438_fu_131743_p2            |     |        | add_ln313_438  | add | fabric    | 0       |
|   mul_6s_5s_11_1_1_U421                 |     |        | mul_ln313_82   | mul | auto      | 0       |
|   add_ln313_440_fu_161977_p2            |     |        | add_ln313_440  | add | fabric    | 0       |
|   add_ln313_441_fu_161985_p2            |     |        | add_ln313_441  | add | fabric    | 0       |
|   add_ln313_636_fu_161994_p2            |     |        | add_ln313_636  | add | fabric    | 0       |
|   Tp_144_fu_162000_p2                   |     |        | Tp_144         | add | fabric    | 0       |
|   sub_ln313_104_fu_131782_p2            |     |        | sub_ln313_104  | sub | fabric    | 0       |
|   add_ln313_444_fu_131798_p2            |     |        | add_ln313_444  | add | fabric    | 0       |
|   mul_6s_5s_11_1_1_U422                 |     |        | mul_ln313_83   | mul | auto      | 0       |
|   add_ln313_446_fu_162009_p2            |     |        | add_ln313_446  | add | fabric    | 0       |
|   add_ln313_447_fu_162017_p2            |     |        | add_ln313_447  | add | fabric    | 0       |
|   add_ln313_645_fu_162026_p2            |     |        | add_ln313_645  | add | fabric    | 0       |
|   Tp_146_fu_162032_p2                   |     |        | Tp_146         | add | fabric    | 0       |
|   sub_ln313_105_fu_131837_p2            |     |        | sub_ln313_105  | sub | fabric    | 0       |
|   add_ln313_450_fu_131853_p2            |     |        | add_ln313_450  | add | fabric    | 0       |
|   mul_6s_5s_11_1_1_U423                 |     |        | mul_ln313_84   | mul | auto      | 0       |
|   add_ln313_452_fu_162041_p2            |     |        | add_ln313_452  | add | fabric    | 0       |
|   add_ln313_453_fu_162049_p2            |     |        | add_ln313_453  | add | fabric    | 0       |
|   add_ln313_654_fu_162058_p2            |     |        | add_ln313_654  | add | fabric    | 0       |
|   Tp_148_fu_162064_p2                   |     |        | Tp_148         | add | fabric    | 0       |
|   sub_ln313_106_fu_131892_p2            |     |        | sub_ln313_106  | sub | fabric    | 0       |
|   add_ln313_456_fu_131908_p2            |     |        | add_ln313_456  | add | fabric    | 0       |
|   mul_6s_5s_11_1_1_U424                 |     |        | mul_ln313_85   | mul | auto      | 0       |
|   add_ln313_458_fu_162073_p2            |     |        | add_ln313_458  | add | fabric    | 0       |
|   add_ln313_459_fu_162081_p2            |     |        | add_ln313_459  | add | fabric    | 0       |
|   add_ln313_663_fu_162090_p2            |     |        | add_ln313_663  | add | fabric    | 0       |
|   Tp_150_fu_162096_p2                   |     |        | Tp_150         | add | fabric    | 0       |
|   sub_ln313_107_fu_131947_p2            |     |        | sub_ln313_107  | sub | fabric    | 0       |
|   add_ln313_462_fu_131963_p2            |     |        | add_ln313_462  | add | fabric    | 0       |
|   mul_6s_5s_11_1_1_U425                 |     |        | mul_ln313_86   | mul | auto      | 0       |
|   add_ln313_464_fu_162105_p2            |     |        | add_ln313_464  | add | fabric    | 0       |
|   add_ln313_465_fu_162113_p2            |     |        | add_ln313_465  | add | fabric    | 0       |
|   add_ln313_672_fu_162122_p2            |     |        | add_ln313_672  | add | fabric    | 0       |
|   Tp_152_fu_162128_p2                   |     |        | Tp_152         | add | fabric    | 0       |
|   sub_ln313_108_fu_132002_p2            |     |        | sub_ln313_108  | sub | fabric    | 0       |
|   add_ln313_468_fu_132018_p2            |     |        | add_ln313_468  | add | fabric    | 0       |
|   mul_6s_5s_11_1_1_U426                 |     |        | mul_ln313_87   | mul | auto      | 0       |
|   add_ln313_470_fu_162137_p2            |     |        | add_ln313_470  | add | fabric    | 0       |
|   add_ln313_471_fu_162145_p2            |     |        | add_ln313_471  | add | fabric    | 0       |
|   add_ln313_681_fu_162154_p2            |     |        | add_ln313_681  | add | fabric    | 0       |
|   Tp_154_fu_162160_p2                   |     |        | Tp_154         | add | fabric    | 0       |
|   sub_ln313_109_fu_132057_p2            |     |        | sub_ln313_109  | sub | fabric    | 0       |
|   add_ln313_474_fu_132073_p2            |     |        | add_ln313_474  | add | fabric    | 0       |
|   sub_ln313_110_fu_132092_p2            |     |        | sub_ln313_110  | sub | fabric    | 0       |
|   add_ln313_476_fu_162166_p2            |     |        | add_ln313_476  | add | fabric    | 0       |
|   add_ln313_477_fu_162174_p2            |     |        | add_ln313_477  | add | fabric    | 0       |
|   Tp_156_fu_162182_p2                   |     |        | Tp_156         | add | fabric    | 0       |
|   add_ln313_479_fu_162192_p2            |     |        | add_ln313_479  | add | fabric    | 0       |
|   add_ln313_480_fu_162200_p2            |     |        | add_ln313_480  | add | fabric    | 0       |
|   Tp_157_fu_162208_p2                   |     |        | Tp_157         | add | fabric    | 0       |
|   add_ln313_482_fu_162218_p2            |     |        | add_ln313_482  | add | fabric    | 0       |
|   add_ln313_483_fu_162226_p2            |     |        | add_ln313_483  | add | fabric    | 0       |
|   Tp_158_fu_162234_p2                   |     |        | Tp_158         | add | fabric    | 0       |
|   add_ln313_485_fu_162244_p2            |     |        | add_ln313_485  | add | fabric    | 0       |
|   add_ln313_486_fu_162252_p2            |     |        | add_ln313_486  | add | fabric    | 0       |
|   Tp_159_fu_162260_p2                   |     |        | Tp_159         | add | fabric    | 0       |
|   mac_muladd_6s_5s_12s_12_1_1_U1067     | 1   |        | mul_ln313_88   | mul | dsp_slice | 0       |
|   sub_ln313_111_fu_132127_p2            |     |        | sub_ln313_111  | sub | fabric    | 0       |
|   add_ln313_490_fu_132157_p2            |     |        | add_ln313_490  | add | fabric    | 0       |
|   mac_muladd_6s_5s_12s_12_1_1_U1067     | 1   |        | add_ln313_491  | add | dsp_slice | 0       |
|   add_ln313_492_fu_132170_p2            |     |        | add_ln313_492  | add | fabric    | 0       |
|   add_ln313_709_fu_132180_p2            |     |        | add_ln313_709  | add | fabric    | 0       |
|   Tp_160_fu_132186_p2                   |     |        | Tp_160         | add | fabric    | 0       |
|   sub_ln313_112_fu_132203_p2            |     |        | sub_ln313_112  | sub | fabric    | 0       |
|   mac_muladd_6s_5s_11s_11_1_1_U1068     | 1   |        | mul_ln313_89   | mul | dsp_slice | 0       |
|   add_ln313_494_fu_132225_p2            |     |        | add_ln313_494  | add | fabric    | 0       |
|   mac_muladd_6s_5ns_5s_11_1_1_U1069     | 1   |        | factor7510     | mul | dsp_slice | 0       |
|   mac_muladd_6s_5ns_5s_11_1_1_U1069     | 1   |        | add_ln313_495  | add | dsp_slice | 0       |
|   add_ln313_496_fu_132231_p2            |     |        | add_ln313_496  | add | fabric    | 0       |
|   mac_muladd_6s_5s_11s_11_1_1_U1068     | 1   |        | add_ln313_497  | add | dsp_slice | 0       |
|   add_ln313_498_fu_132243_p2            |     |        | add_ln313_498  | add | fabric    | 0       |
|   mul_6s_5s_11_1_1_U427                 |     |        | mul_ln313_90   | mul | auto      | 0       |
|   add_ln313_501_fu_162273_p2            |     |        | add_ln313_501  | add | fabric    | 0       |
|   add_ln313_502_fu_162281_p2            |     |        | add_ln313_502  | add | fabric    | 0       |
|   add_ln313_718_fu_162290_p2            |     |        | add_ln313_718  | add | fabric    | 0       |
|   Tp_162_fu_162296_p2                   |     |        | Tp_162         | add | fabric    | 0       |
|   sub_ln313_113_fu_132289_p2            |     |        | sub_ln313_113  | sub | fabric    | 0       |
|   add_ln313_505_fu_132305_p2            |     |        | add_ln313_505  | add | fabric    | 0       |
|   mul_6s_5s_11_1_1_U428                 |     |        | mul_ln313_91   | mul | auto      | 0       |
|   add_ln313_507_fu_162305_p2            |     |        | add_ln313_507  | add | fabric    | 0       |
|   add_ln313_508_fu_162313_p2            |     |        | add_ln313_508  | add | fabric    | 0       |
|   add_ln313_727_fu_162322_p2            |     |        | add_ln313_727  | add | fabric    | 0       |
|   Tp_164_fu_162328_p2                   |     |        | Tp_164         | add | fabric    | 0       |
|   sub_ln313_114_fu_132344_p2            |     |        | sub_ln313_114  | sub | fabric    | 0       |
|   add_ln313_511_fu_132360_p2            |     |        | add_ln313_511  | add | fabric    | 0       |
|   mul_6s_5s_11_1_1_U429                 |     |        | mul_ln313_92   | mul | auto      | 0       |
|   add_ln313_513_fu_162337_p2            |     |        | add_ln313_513  | add | fabric    | 0       |
|   add_ln313_514_fu_162345_p2            |     |        | add_ln313_514  | add | fabric    | 0       |
|   add_ln313_736_fu_162354_p2            |     |        | add_ln313_736  | add | fabric    | 0       |
|   Tp_166_fu_162360_p2                   |     |        | Tp_166         | add | fabric    | 0       |
|   sub_ln313_115_fu_132399_p2            |     |        | sub_ln313_115  | sub | fabric    | 0       |
|   add_ln313_517_fu_132415_p2            |     |        | add_ln313_517  | add | fabric    | 0       |
|   mul_6s_5s_11_1_1_U430                 |     |        | mul_ln313_93   | mul | auto      | 0       |
|   add_ln313_519_fu_162369_p2            |     |        | add_ln313_519  | add | fabric    | 0       |
|   add_ln313_520_fu_162377_p2            |     |        | add_ln313_520  | add | fabric    | 0       |
|   add_ln313_745_fu_162386_p2            |     |        | add_ln313_745  | add | fabric    | 0       |
|   Tp_168_fu_162392_p2                   |     |        | Tp_168         | add | fabric    | 0       |
|   sub_ln313_116_fu_132454_p2            |     |        | sub_ln313_116  | sub | fabric    | 0       |
|   add_ln313_523_fu_132470_p2            |     |        | add_ln313_523  | add | fabric    | 0       |
|   mul_6s_5s_11_1_1_U431                 |     |        | mul_ln313_94   | mul | auto      | 0       |
|   add_ln313_525_fu_162401_p2            |     |        | add_ln313_525  | add | fabric    | 0       |
|   add_ln313_526_fu_162409_p2            |     |        | add_ln313_526  | add | fabric    | 0       |
|   add_ln313_754_fu_162418_p2            |     |        | add_ln313_754  | add | fabric    | 0       |
|   Tp_170_fu_162424_p2                   |     |        | Tp_170         | add | fabric    | 0       |
|   sub_ln313_117_fu_132509_p2            |     |        | sub_ln313_117  | sub | fabric    | 0       |
|   add_ln313_529_fu_132525_p2            |     |        | add_ln313_529  | add | fabric    | 0       |
|   mul_6s_5s_11_1_1_U432                 |     |        | mul_ln313_95   | mul | auto      | 0       |
|   add_ln313_531_fu_162433_p2            |     |        | add_ln313_531  | add | fabric    | 0       |
|   add_ln313_532_fu_162441_p2            |     |        | add_ln313_532  | add | fabric    | 0       |
|   add_ln313_763_fu_162450_p2            |     |        | add_ln313_763  | add | fabric    | 0       |
|   Tp_172_fu_162456_p2                   |     |        | Tp_172         | add | fabric    | 0       |
|   sub_ln313_118_fu_132564_p2            |     |        | sub_ln313_118  | sub | fabric    | 0       |
|   add_ln313_535_fu_132580_p2            |     |        | add_ln313_535  | add | fabric    | 0       |
|   mul_6s_5s_11_1_1_U433                 |     |        | mul_ln313_96   | mul | auto      | 0       |
|   add_ln313_537_fu_162465_p2            |     |        | add_ln313_537  | add | fabric    | 0       |
|   add_ln313_538_fu_162473_p2            |     |        | add_ln313_538  | add | fabric    | 0       |
|   add_ln313_772_fu_162482_p2            |     |        | add_ln313_772  | add | fabric    | 0       |
|   Tp_174_fu_162488_p2                   |     |        | Tp_174         | add | fabric    | 0       |
|   sub_ln313_119_fu_132619_p2            |     |        | sub_ln313_119  | sub | fabric    | 0       |
|   add_ln313_541_fu_132635_p2            |     |        | add_ln313_541  | add | fabric    | 0       |
|   mul_6s_5s_11_1_1_U434                 |     |        | mul_ln313_97   | mul | auto      | 0       |
|   add_ln313_543_fu_162497_p2            |     |        | add_ln313_543  | add | fabric    | 0       |
|   add_ln313_544_fu_162505_p2            |     |        | add_ln313_544  | add | fabric    | 0       |
|   add_ln313_781_fu_162514_p2            |     |        | add_ln313_781  | add | fabric    | 0       |
|   Tp_176_fu_162520_p2                   |     |        | Tp_176         | add | fabric    | 0       |
|   sub_ln313_120_fu_132674_p2            |     |        | sub_ln313_120  | sub | fabric    | 0       |
|   add_ln313_547_fu_132690_p2            |     |        | add_ln313_547  | add | fabric    | 0       |
|   mul_6s_5s_11_1_1_U435                 |     |        | mul_ln313_98   | mul | auto      | 0       |
|   add_ln313_549_fu_162529_p2            |     |        | add_ln313_549  | add | fabric    | 0       |
|   add_ln313_550_fu_162537_p2            |     |        | add_ln313_550  | add | fabric    | 0       |
|   add_ln313_790_fu_162546_p2            |     |        | add_ln313_790  | add | fabric    | 0       |
|   Tp_178_fu_162552_p2                   |     |        | Tp_178         | add | fabric    | 0       |
|   sub_ln313_121_fu_132729_p2            |     |        | sub_ln313_121  | sub | fabric    | 0       |
|   add_ln313_553_fu_132745_p2            |     |        | add_ln313_553  | add | fabric    | 0       |
|   mul_6s_5s_11_1_1_U436                 |     |        | mul_ln313_99   | mul | auto      | 0       |
|   add_ln313_555_fu_162561_p2            |     |        | add_ln313_555  | add | fabric    | 0       |
|   add_ln313_556_fu_162569_p2            |     |        | add_ln313_556  | add | fabric    | 0       |
|   add_ln313_802_fu_162578_p2            |     |        | add_ln313_802  | add | fabric    | 0       |
|   Tp_180_fu_162584_p2                   |     |        | Tp_180         | add | fabric    | 0       |
|   sub_ln313_122_fu_132784_p2            |     |        | sub_ln313_122  | sub | fabric    | 0       |
|   add_ln313_559_fu_132800_p2            |     |        | add_ln313_559  | add | fabric    | 0       |
|   mul_6s_5s_11_1_1_U437                 |     |        | mul_ln313_100  | mul | auto      | 0       |
|   add_ln313_561_fu_162593_p2            |     |        | add_ln313_561  | add | fabric    | 0       |
|   add_ln313_562_fu_162601_p2            |     |        | add_ln313_562  | add | fabric    | 0       |
|   add_ln313_815_fu_162610_p2            |     |        | add_ln313_815  | add | fabric    | 0       |
|   Tp_182_fu_162616_p2                   |     |        | Tp_182         | add | fabric    | 0       |
|   sub_ln313_123_fu_132839_p2            |     |        | sub_ln313_123  | sub | fabric    | 0       |
|   add_ln313_565_fu_132855_p2            |     |        | add_ln313_565  | add | fabric    | 0       |
|   mul_6s_5s_11_1_1_U438                 |     |        | mul_ln313_101  | mul | auto      | 0       |
|   add_ln313_567_fu_162625_p2            |     |        | add_ln313_567  | add | fabric    | 0       |
|   add_ln313_568_fu_162633_p2            |     |        | add_ln313_568  | add | fabric    | 0       |
|   add_ln313_824_fu_162642_p2            |     |        | add_ln313_824  | add | fabric    | 0       |
|   Tp_184_fu_162648_p2                   |     |        | Tp_184         | add | fabric    | 0       |
|   sub_ln313_124_fu_132894_p2            |     |        | sub_ln313_124  | sub | fabric    | 0       |
|   add_ln313_571_fu_132910_p2            |     |        | add_ln313_571  | add | fabric    | 0       |
|   mul_6s_5s_11_1_1_U439                 |     |        | mul_ln313_102  | mul | auto      | 0       |
|   add_ln313_573_fu_162657_p2            |     |        | add_ln313_573  | add | fabric    | 0       |
|   add_ln313_574_fu_162665_p2            |     |        | add_ln313_574  | add | fabric    | 0       |
|   add_ln313_833_fu_162674_p2            |     |        | add_ln313_833  | add | fabric    | 0       |
|   Tp_186_fu_162680_p2                   |     |        | Tp_186         | add | fabric    | 0       |
|   sub_ln313_125_fu_132949_p2            |     |        | sub_ln313_125  | sub | fabric    | 0       |
|   add_ln313_577_fu_132965_p2            |     |        | add_ln313_577  | add | fabric    | 0       |
|   sub_ln313_126_fu_132984_p2            |     |        | sub_ln313_126  | sub | fabric    | 0       |
|   add_ln313_579_fu_162686_p2            |     |        | add_ln313_579  | add | fabric    | 0       |
|   add_ln313_580_fu_162694_p2            |     |        | add_ln313_580  | add | fabric    | 0       |
|   Tp_188_fu_162702_p2                   |     |        | Tp_188         | add | fabric    | 0       |
|   add_ln313_582_fu_162712_p2            |     |        | add_ln313_582  | add | fabric    | 0       |
|   add_ln313_583_fu_162720_p2            |     |        | add_ln313_583  | add | fabric    | 0       |
|   Tp_189_fu_162728_p2                   |     |        | Tp_189         | add | fabric    | 0       |
|   add_ln313_585_fu_162738_p2            |     |        | add_ln313_585  | add | fabric    | 0       |
|   add_ln313_586_fu_162746_p2            |     |        | add_ln313_586  | add | fabric    | 0       |
|   Tp_190_fu_162754_p2                   |     |        | Tp_190         | add | fabric    | 0       |
|   add_ln313_588_fu_162764_p2            |     |        | add_ln313_588  | add | fabric    | 0       |
|   add_ln313_589_fu_162772_p2            |     |        | add_ln313_589  | add | fabric    | 0       |
|   Tp_191_fu_162780_p2                   |     |        | Tp_191         | add | fabric    | 0       |
|   add_ln313_591_fu_162790_p2            |     |        | add_ln313_591  | add | fabric    | 0       |
|   add_ln313_592_fu_162798_p2            |     |        | add_ln313_592  | add | fabric    | 0       |
|   Tp_192_fu_162806_p2                   |     |        | Tp_192         | add | fabric    | 0       |
|   mac_muladd_6s_5s_12s_12_1_1_U1070     | 1   |        | mul_ln313_103  | mul | dsp_slice | 0       |
|   sub_ln313_127_fu_133018_p2            |     |        | sub_ln313_127  | sub | fabric    | 0       |
|   add_ln313_596_fu_133048_p2            |     |        | add_ln313_596  | add | fabric    | 0       |
|   mac_muladd_6s_5s_12s_12_1_1_U1070     | 1   |        | add_ln313_597  | add | dsp_slice | 0       |
|   add_ln313_598_fu_133061_p2            |     |        | add_ln313_598  | add | fabric    | 0       |
|   add_ln313_857_fu_133071_p2            |     |        | add_ln313_857  | add | fabric    | 0       |
|   Tp_193_fu_133077_p2                   |     |        | Tp_193         | add | fabric    | 0       |
|   sub_ln313_128_fu_133094_p2            |     |        | sub_ln313_128  | sub | fabric    | 0       |
|   mac_muladd_6s_5s_11s_11_1_1_U1071     | 1   |        | mul_ln313_104  | mul | dsp_slice | 0       |
|   add_ln313_600_fu_133116_p2            |     |        | add_ln313_600  | add | fabric    | 0       |
|   mac_muladd_6s_5ns_5s_11_1_1_U1072     | 1   |        | factor7512     | mul | dsp_slice | 0       |
|   mac_muladd_6s_5ns_5s_11_1_1_U1072     | 1   |        | add_ln313_601  | add | dsp_slice | 0       |
|   add_ln313_602_fu_133122_p2            |     |        | add_ln313_602  | add | fabric    | 0       |
|   mac_muladd_6s_5s_11s_11_1_1_U1071     | 1   |        | add_ln313_603  | add | dsp_slice | 0       |
|   add_ln313_604_fu_133134_p2            |     |        | add_ln313_604  | add | fabric    | 0       |
|   mul_6s_5s_11_1_1_U440                 |     |        | mul_ln313_105  | mul | auto      | 0       |
|   add_ln313_607_fu_162819_p2            |     |        | add_ln313_607  | add | fabric    | 0       |
|   add_ln313_608_fu_162827_p2            |     |        | add_ln313_608  | add | fabric    | 0       |
|   add_ln313_866_fu_162836_p2            |     |        | add_ln313_866  | add | fabric    | 0       |
|   Tp_195_fu_162842_p2                   |     |        | Tp_195         | add | fabric    | 0       |
|   sub_ln313_129_fu_133180_p2            |     |        | sub_ln313_129  | sub | fabric    | 0       |
|   add_ln313_611_fu_133196_p2            |     |        | add_ln313_611  | add | fabric    | 0       |
|   mul_6s_5s_11_1_1_U441                 |     |        | mul_ln313_106  | mul | auto      | 0       |
|   add_ln313_613_fu_162851_p2            |     |        | add_ln313_613  | add | fabric    | 0       |
|   add_ln313_614_fu_162859_p2            |     |        | add_ln313_614  | add | fabric    | 0       |
|   add_ln313_875_fu_162868_p2            |     |        | add_ln313_875  | add | fabric    | 0       |
|   Tp_197_fu_162874_p2                   |     |        | Tp_197         | add | fabric    | 0       |
|   sub_ln313_130_fu_133235_p2            |     |        | sub_ln313_130  | sub | fabric    | 0       |
|   add_ln313_617_fu_133251_p2            |     |        | add_ln313_617  | add | fabric    | 0       |
|   mul_6s_5s_11_1_1_U442                 |     |        | mul_ln313_107  | mul | auto      | 0       |
|   add_ln313_619_fu_162883_p2            |     |        | add_ln313_619  | add | fabric    | 0       |
|   add_ln313_620_fu_162891_p2            |     |        | add_ln313_620  | add | fabric    | 0       |
|   add_ln313_884_fu_162900_p2            |     |        | add_ln313_884  | add | fabric    | 0       |
|   Tp_199_fu_162906_p2                   |     |        | Tp_199         | add | fabric    | 0       |
|   sub_ln313_131_fu_133290_p2            |     |        | sub_ln313_131  | sub | fabric    | 0       |
|   add_ln313_623_fu_133306_p2            |     |        | add_ln313_623  | add | fabric    | 0       |
|   mul_6s_5s_11_1_1_U443                 |     |        | mul_ln313_108  | mul | auto      | 0       |
|   add_ln313_625_fu_162915_p2            |     |        | add_ln313_625  | add | fabric    | 0       |
|   add_ln313_626_fu_162923_p2            |     |        | add_ln313_626  | add | fabric    | 0       |
|   add_ln313_893_fu_162932_p2            |     |        | add_ln313_893  | add | fabric    | 0       |
|   Tp_201_fu_162938_p2                   |     |        | Tp_201         | add | fabric    | 0       |
|   sub_ln313_132_fu_133345_p2            |     |        | sub_ln313_132  | sub | fabric    | 0       |
|   add_ln313_629_fu_133361_p2            |     |        | add_ln313_629  | add | fabric    | 0       |
|   mul_6s_5s_11_1_1_U444                 |     |        | mul_ln313_109  | mul | auto      | 0       |
|   add_ln313_631_fu_162947_p2            |     |        | add_ln313_631  | add | fabric    | 0       |
|   add_ln313_632_fu_162955_p2            |     |        | add_ln313_632  | add | fabric    | 0       |
|   add_ln313_909_fu_162964_p2            |     |        | add_ln313_909  | add | fabric    | 0       |
|   Tp_203_fu_162970_p2                   |     |        | Tp_203         | add | fabric    | 0       |
|   sub_ln313_133_fu_133400_p2            |     |        | sub_ln313_133  | sub | fabric    | 0       |
|   add_ln313_635_fu_133416_p2            |     |        | add_ln313_635  | add | fabric    | 0       |
|   mul_6s_5s_11_1_1_U445                 |     |        | mul_ln313_110  | mul | auto      | 0       |
|   add_ln313_637_fu_162979_p2            |     |        | add_ln313_637  | add | fabric    | 0       |
|   add_ln313_638_fu_162987_p2            |     |        | add_ln313_638  | add | fabric    | 0       |
|   add_ln313_918_fu_162996_p2            |     |        | add_ln313_918  | add | fabric    | 0       |
|   Tp_205_fu_163002_p2                   |     |        | Tp_205         | add | fabric    | 0       |
|   sub_ln313_134_fu_133455_p2            |     |        | sub_ln313_134  | sub | fabric    | 0       |
|   add_ln313_641_fu_133471_p2            |     |        | add_ln313_641  | add | fabric    | 0       |
|   mul_6s_5s_11_1_1_U446                 |     |        | mul_ln313_111  | mul | auto      | 0       |
|   add_ln313_643_fu_163011_p2            |     |        | add_ln313_643  | add | fabric    | 0       |
|   add_ln313_644_fu_163019_p2            |     |        | add_ln313_644  | add | fabric    | 0       |
|   add_ln313_927_fu_163028_p2            |     |        | add_ln313_927  | add | fabric    | 0       |
|   Tp_207_fu_163034_p2                   |     |        | Tp_207         | add | fabric    | 0       |
|   sub_ln313_135_fu_133510_p2            |     |        | sub_ln313_135  | sub | fabric    | 0       |
|   add_ln313_647_fu_133526_p2            |     |        | add_ln313_647  | add | fabric    | 0       |
|   mul_6s_5s_11_1_1_U447                 |     |        | mul_ln313_112  | mul | auto      | 0       |
|   add_ln313_649_fu_163043_p2            |     |        | add_ln313_649  | add | fabric    | 0       |
|   add_ln313_650_fu_163051_p2            |     |        | add_ln313_650  | add | fabric    | 0       |
|   add_ln313_936_fu_163060_p2            |     |        | add_ln313_936  | add | fabric    | 0       |
|   Tp_209_fu_163066_p2                   |     |        | Tp_209         | add | fabric    | 0       |
|   sub_ln313_136_fu_133565_p2            |     |        | sub_ln313_136  | sub | fabric    | 0       |
|   add_ln313_653_fu_133581_p2            |     |        | add_ln313_653  | add | fabric    | 0       |
|   mul_6s_5s_11_1_1_U448                 |     |        | mul_ln313_113  | mul | auto      | 0       |
|   add_ln313_655_fu_163075_p2            |     |        | add_ln313_655  | add | fabric    | 0       |
|   add_ln313_656_fu_163083_p2            |     |        | add_ln313_656  | add | fabric    | 0       |
|   add_ln313_945_fu_163092_p2            |     |        | add_ln313_945  | add | fabric    | 0       |
|   Tp_211_fu_163098_p2                   |     |        | Tp_211         | add | fabric    | 0       |
|   sub_ln313_137_fu_133620_p2            |     |        | sub_ln313_137  | sub | fabric    | 0       |
|   add_ln313_659_fu_133636_p2            |     |        | add_ln313_659  | add | fabric    | 0       |
|   mul_6s_5s_11_1_1_U449                 |     |        | mul_ln313_114  | mul | auto      | 0       |
|   add_ln313_661_fu_163107_p2            |     |        | add_ln313_661  | add | fabric    | 0       |
|   add_ln313_662_fu_163115_p2            |     |        | add_ln313_662  | add | fabric    | 0       |
|   add_ln313_954_fu_163124_p2            |     |        | add_ln313_954  | add | fabric    | 0       |
|   Tp_213_fu_163130_p2                   |     |        | Tp_213         | add | fabric    | 0       |
|   sub_ln313_138_fu_133675_p2            |     |        | sub_ln313_138  | sub | fabric    | 0       |
|   add_ln313_665_fu_133691_p2            |     |        | add_ln313_665  | add | fabric    | 0       |
|   mul_6s_5s_11_1_1_U450                 |     |        | mul_ln313_115  | mul | auto      | 0       |
|   add_ln313_667_fu_163139_p2            |     |        | add_ln313_667  | add | fabric    | 0       |
|   add_ln313_668_fu_163147_p2            |     |        | add_ln313_668  | add | fabric    | 0       |
|   add_ln313_963_fu_163156_p2            |     |        | add_ln313_963  | add | fabric    | 0       |
|   Tp_215_fu_163162_p2                   |     |        | Tp_215         | add | fabric    | 0       |
|   sub_ln313_139_fu_133730_p2            |     |        | sub_ln313_139  | sub | fabric    | 0       |
|   add_ln313_671_fu_133746_p2            |     |        | add_ln313_671  | add | fabric    | 0       |
|   mul_6s_5s_11_1_1_U451                 |     |        | mul_ln313_116  | mul | auto      | 0       |
|   add_ln313_673_fu_163171_p2            |     |        | add_ln313_673  | add | fabric    | 0       |
|   add_ln313_674_fu_163179_p2            |     |        | add_ln313_674  | add | fabric    | 0       |
|   add_ln313_972_fu_163188_p2            |     |        | add_ln313_972  | add | fabric    | 0       |
|   Tp_217_fu_163194_p2                   |     |        | Tp_217         | add | fabric    | 0       |
|   sub_ln313_140_fu_133785_p2            |     |        | sub_ln313_140  | sub | fabric    | 0       |
|   add_ln313_677_fu_133801_p2            |     |        | add_ln313_677  | add | fabric    | 0       |
|   sub_ln313_141_fu_133820_p2            |     |        | sub_ln313_141  | sub | fabric    | 0       |
|   add_ln313_679_fu_163200_p2            |     |        | add_ln313_679  | add | fabric    | 0       |
|   add_ln313_680_fu_163208_p2            |     |        | add_ln313_680  | add | fabric    | 0       |
|   Tp_219_fu_163216_p2                   |     |        | Tp_219         | add | fabric    | 0       |
|   add_ln313_682_fu_163226_p2            |     |        | add_ln313_682  | add | fabric    | 0       |
|   add_ln313_683_fu_163234_p2            |     |        | add_ln313_683  | add | fabric    | 0       |
|   Tp_220_fu_163242_p2                   |     |        | Tp_220         | add | fabric    | 0       |
|   add_ln313_685_fu_163252_p2            |     |        | add_ln313_685  | add | fabric    | 0       |
|   add_ln313_686_fu_163260_p2            |     |        | add_ln313_686  | add | fabric    | 0       |
|   Tp_221_fu_163268_p2                   |     |        | Tp_221         | add | fabric    | 0       |
|   add_ln313_688_fu_163278_p2            |     |        | add_ln313_688  | add | fabric    | 0       |
|   add_ln313_689_fu_163286_p2            |     |        | add_ln313_689  | add | fabric    | 0       |
|   Tp_222_fu_163294_p2                   |     |        | Tp_222         | add | fabric    | 0       |
|   add_ln313_691_fu_163304_p2            |     |        | add_ln313_691  | add | fabric    | 0       |
|   add_ln313_692_fu_163312_p2            |     |        | add_ln313_692  | add | fabric    | 0       |
|   Tp_223_fu_163320_p2                   |     |        | Tp_223         | add | fabric    | 0       |
|   add_ln313_694_fu_163330_p2            |     |        | add_ln313_694  | add | fabric    | 0       |
|   add_ln313_695_fu_163338_p2            |     |        | add_ln313_695  | add | fabric    | 0       |
|   Tp_224_fu_163346_p2                   |     |        | Tp_224         | add | fabric    | 0       |
|   mac_muladd_6s_5s_12s_12_1_1_U1073     | 1   |        | mul_ln313_117  | mul | dsp_slice | 0       |
|   sub_ln313_142_fu_133854_p2            |     |        | sub_ln313_142  | sub | fabric    | 0       |
|   add_ln313_699_fu_133884_p2            |     |        | add_ln313_699  | add | fabric    | 0       |
|   mac_muladd_6s_5s_12s_12_1_1_U1073     | 1   |        | add_ln313_700  | add | dsp_slice | 0       |
|   add_ln313_701_fu_133897_p2            |     |        | add_ln313_701  | add | fabric    | 0       |
|   add_ln313_1006_fu_133907_p2           |     |        | add_ln313_1006 | add | fabric    | 0       |
|   Tp_225_fu_133913_p2                   |     |        | Tp_225         | add | fabric    | 0       |
|   sub_ln313_143_fu_133930_p2            |     |        | sub_ln313_143  | sub | fabric    | 0       |
|   mac_muladd_6s_5s_11s_11_1_1_U1074     | 1   |        | mul_ln313_118  | mul | dsp_slice | 0       |
|   add_ln313_703_fu_133952_p2            |     |        | add_ln313_703  | add | fabric    | 0       |
|   mac_muladd_6s_5ns_5s_11_1_1_U1075     | 1   |        | factor7514     | mul | dsp_slice | 0       |
|   mac_muladd_6s_5ns_5s_11_1_1_U1075     | 1   |        | add_ln313_704  | add | dsp_slice | 0       |
|   add_ln313_705_fu_133958_p2            |     |        | add_ln313_705  | add | fabric    | 0       |
|   mac_muladd_6s_5s_11s_11_1_1_U1074     | 1   |        | add_ln313_706  | add | dsp_slice | 0       |
|   add_ln313_707_fu_133970_p2            |     |        | add_ln313_707  | add | fabric    | 0       |
|   mul_6s_5s_11_1_1_U452                 |     |        | mul_ln313_119  | mul | auto      | 0       |
|   add_ln313_710_fu_163359_p2            |     |        | add_ln313_710  | add | fabric    | 0       |
|   add_ln313_711_fu_163367_p2            |     |        | add_ln313_711  | add | fabric    | 0       |
|   add_ln313_1015_fu_163376_p2           |     |        | add_ln313_1015 | add | fabric    | 0       |
|   Tp_227_fu_163382_p2                   |     |        | Tp_227         | add | fabric    | 0       |
|   sub_ln313_144_fu_134016_p2            |     |        | sub_ln313_144  | sub | fabric    | 0       |
|   add_ln313_714_fu_134032_p2            |     |        | add_ln313_714  | add | fabric    | 0       |
|   mul_6s_5s_11_1_1_U453                 |     |        | mul_ln313_120  | mul | auto      | 0       |
|   add_ln313_716_fu_163391_p2            |     |        | add_ln313_716  | add | fabric    | 0       |
|   add_ln313_717_fu_163399_p2            |     |        | add_ln313_717  | add | fabric    | 0       |
|   add_ln313_1024_fu_163408_p2           |     |        | add_ln313_1024 | add | fabric    | 0       |
|   Tp_229_fu_163414_p2                   |     |        | Tp_229         | add | fabric    | 0       |
|   sub_ln313_145_fu_134071_p2            |     |        | sub_ln313_145  | sub | fabric    | 0       |
|   add_ln313_720_fu_134087_p2            |     |        | add_ln313_720  | add | fabric    | 0       |
|   mul_6s_5s_11_1_1_U454                 |     |        | mul_ln313_121  | mul | auto      | 0       |
|   add_ln313_722_fu_163423_p2            |     |        | add_ln313_722  | add | fabric    | 0       |
|   add_ln313_723_fu_163431_p2            |     |        | add_ln313_723  | add | fabric    | 0       |
|   add_ln313_1033_fu_163440_p2           |     |        | add_ln313_1033 | add | fabric    | 0       |
|   Tp_231_fu_163446_p2                   |     |        | Tp_231         | add | fabric    | 0       |
|   sub_ln313_146_fu_134126_p2            |     |        | sub_ln313_146  | sub | fabric    | 0       |
|   add_ln313_726_fu_134142_p2            |     |        | add_ln313_726  | add | fabric    | 0       |
|   mul_6s_5s_11_1_1_U455                 |     |        | mul_ln313_122  | mul | auto      | 0       |
|   add_ln313_728_fu_163455_p2            |     |        | add_ln313_728  | add | fabric    | 0       |
|   add_ln313_729_fu_163463_p2            |     |        | add_ln313_729  | add | fabric    | 0       |
|   add_ln313_1042_fu_163472_p2           |     |        | add_ln313_1042 | add | fabric    | 0       |
|   Tp_233_fu_163478_p2                   |     |        | Tp_233         | add | fabric    | 0       |
|   sub_ln313_147_fu_134181_p2            |     |        | sub_ln313_147  | sub | fabric    | 0       |
|   add_ln313_732_fu_134197_p2            |     |        | add_ln313_732  | add | fabric    | 0       |
|   mul_6s_5s_11_1_1_U456                 |     |        | mul_ln313_123  | mul | auto      | 0       |
|   add_ln313_734_fu_163487_p2            |     |        | add_ln313_734  | add | fabric    | 0       |
|   add_ln313_735_fu_163495_p2            |     |        | add_ln313_735  | add | fabric    | 0       |
|   add_ln313_1051_fu_163504_p2           |     |        | add_ln313_1051 | add | fabric    | 0       |
|   Tp_235_fu_163510_p2                   |     |        | Tp_235         | add | fabric    | 0       |
|   sub_ln313_148_fu_134236_p2            |     |        | sub_ln313_148  | sub | fabric    | 0       |
|   add_ln313_738_fu_134252_p2            |     |        | add_ln313_738  | add | fabric    | 0       |
|   mul_6s_5s_11_1_1_U457                 |     |        | mul_ln313_124  | mul | auto      | 0       |
|   add_ln313_740_fu_163519_p2            |     |        | add_ln313_740  | add | fabric    | 0       |
|   add_ln313_741_fu_163527_p2            |     |        | add_ln313_741  | add | fabric    | 0       |
|   add_ln313_1060_fu_163536_p2           |     |        | add_ln313_1060 | add | fabric    | 0       |
|   Tp_237_fu_163542_p2                   |     |        | Tp_237         | add | fabric    | 0       |
|   sub_ln313_149_fu_134291_p2            |     |        | sub_ln313_149  | sub | fabric    | 0       |
|   add_ln313_744_fu_134307_p2            |     |        | add_ln313_744  | add | fabric    | 0       |
|   mul_6s_5s_11_1_1_U458                 |     |        | mul_ln313_125  | mul | auto      | 0       |
|   add_ln313_746_fu_163551_p2            |     |        | add_ln313_746  | add | fabric    | 0       |
|   add_ln313_747_fu_163559_p2            |     |        | add_ln313_747  | add | fabric    | 0       |
|   add_ln313_1069_fu_163568_p2           |     |        | add_ln313_1069 | add | fabric    | 0       |
|   Tp_239_fu_163574_p2                   |     |        | Tp_239         | add | fabric    | 0       |
|   sub_ln313_150_fu_134346_p2            |     |        | sub_ln313_150  | sub | fabric    | 0       |
|   add_ln313_750_fu_134362_p2            |     |        | add_ln313_750  | add | fabric    | 0       |
|   mul_6s_5s_11_1_1_U459                 |     |        | mul_ln313_126  | mul | auto      | 0       |
|   add_ln313_752_fu_163583_p2            |     |        | add_ln313_752  | add | fabric    | 0       |
|   add_ln313_753_fu_163591_p2            |     |        | add_ln313_753  | add | fabric    | 0       |
|   add_ln313_1078_fu_163600_p2           |     |        | add_ln313_1078 | add | fabric    | 0       |
|   Tp_241_fu_163606_p2                   |     |        | Tp_241         | add | fabric    | 0       |
|   sub_ln313_151_fu_134401_p2            |     |        | sub_ln313_151  | sub | fabric    | 0       |
|   add_ln313_756_fu_134417_p2            |     |        | add_ln313_756  | add | fabric    | 0       |
|   mul_6s_5s_11_1_1_U460                 |     |        | mul_ln313_127  | mul | auto      | 0       |
|   add_ln313_758_fu_163615_p2            |     |        | add_ln313_758  | add | fabric    | 0       |
|   add_ln313_759_fu_163623_p2            |     |        | add_ln313_759  | add | fabric    | 0       |
|   add_ln313_1094_fu_163632_p2           |     |        | add_ln313_1094 | add | fabric    | 0       |
|   Tp_243_fu_163638_p2                   |     |        | Tp_243         | add | fabric    | 0       |
|   sub_ln313_152_fu_134456_p2            |     |        | sub_ln313_152  | sub | fabric    | 0       |
|   add_ln313_762_fu_134472_p2            |     |        | add_ln313_762  | add | fabric    | 0       |
|   mul_6s_5s_11_1_1_U461                 |     |        | mul_ln313_128  | mul | auto      | 0       |
|   add_ln313_764_fu_163647_p2            |     |        | add_ln313_764  | add | fabric    | 0       |
|   add_ln313_765_fu_163655_p2            |     |        | add_ln313_765  | add | fabric    | 0       |
|   add_ln313_1103_fu_163664_p2           |     |        | add_ln313_1103 | add | fabric    | 0       |
|   Tp_245_fu_163670_p2                   |     |        | Tp_245         | add | fabric    | 0       |
|   sub_ln313_153_fu_134511_p2            |     |        | sub_ln313_153  | sub | fabric    | 0       |
|   add_ln313_768_fu_134527_p2            |     |        | add_ln313_768  | add | fabric    | 0       |
|   mul_6s_5s_11_1_1_U462                 |     |        | mul_ln313_129  | mul | auto      | 0       |
|   add_ln313_770_fu_163679_p2            |     |        | add_ln313_770  | add | fabric    | 0       |
|   add_ln313_771_fu_163687_p2            |     |        | add_ln313_771  | add | fabric    | 0       |
|   add_ln313_1112_fu_163696_p2           |     |        | add_ln313_1112 | add | fabric    | 0       |
|   Tp_247_fu_163702_p2                   |     |        | Tp_247         | add | fabric    | 0       |
|   sub_ln313_154_fu_134566_p2            |     |        | sub_ln313_154  | sub | fabric    | 0       |
|   add_ln313_774_fu_134582_p2            |     |        | add_ln313_774  | add | fabric    | 0       |
|   sub_ln313_155_fu_134601_p2            |     |        | sub_ln313_155  | sub | fabric    | 0       |
|   add_ln313_776_fu_163708_p2            |     |        | add_ln313_776  | add | fabric    | 0       |
|   add_ln313_777_fu_163716_p2            |     |        | add_ln313_777  | add | fabric    | 0       |
|   Tp_249_fu_163724_p2                   |     |        | Tp_249         | add | fabric    | 0       |
|   add_ln313_779_fu_163734_p2            |     |        | add_ln313_779  | add | fabric    | 0       |
|   add_ln313_780_fu_163742_p2            |     |        | add_ln313_780  | add | fabric    | 0       |
|   Tp_250_fu_163750_p2                   |     |        | Tp_250         | add | fabric    | 0       |
|   add_ln313_782_fu_163760_p2            |     |        | add_ln313_782  | add | fabric    | 0       |
|   add_ln313_783_fu_163768_p2            |     |        | add_ln313_783  | add | fabric    | 0       |
|   Tp_251_fu_163776_p2                   |     |        | Tp_251         | add | fabric    | 0       |
|   add_ln313_785_fu_163786_p2            |     |        | add_ln313_785  | add | fabric    | 0       |
|   add_ln313_786_fu_163794_p2            |     |        | add_ln313_786  | add | fabric    | 0       |
|   Tp_252_fu_163802_p2                   |     |        | Tp_252         | add | fabric    | 0       |
|   add_ln313_788_fu_163812_p2            |     |        | add_ln313_788  | add | fabric    | 0       |
|   add_ln313_789_fu_163820_p2            |     |        | add_ln313_789  | add | fabric    | 0       |
|   Tp_253_fu_163828_p2                   |     |        | Tp_253         | add | fabric    | 0       |
|   add_ln313_791_fu_163838_p2            |     |        | add_ln313_791  | add | fabric    | 0       |
|   add_ln313_792_fu_163846_p2            |     |        | add_ln313_792  | add | fabric    | 0       |
|   Tp_254_fu_163854_p2                   |     |        | Tp_254         | add | fabric    | 0       |
|   add_ln313_794_fu_163864_p2            |     |        | add_ln313_794  | add | fabric    | 0       |
|   add_ln313_795_fu_163872_p2            |     |        | add_ln313_795  | add | fabric    | 0       |
|   Tp_255_fu_163880_p2                   |     |        | Tp_255         | add | fabric    | 0       |
|   mac_muladd_6s_5s_12s_12_1_1_U1076     | 1   |        | mul_ln313_130  | mul | dsp_slice | 0       |
|   sub_ln313_156_fu_134635_p2            |     |        | sub_ln313_156  | sub | fabric    | 0       |
|   add_ln313_799_fu_134665_p2            |     |        | add_ln313_799  | add | fabric    | 0       |
|   mac_muladd_6s_5s_12s_12_1_1_U1076     | 1   |        | add_ln313_800  | add | dsp_slice | 0       |
|   add_ln313_801_fu_134678_p2            |     |        | add_ln313_801  | add | fabric    | 0       |
|   add_ln313_1142_fu_134688_p2           |     |        | add_ln313_1142 | add | fabric    | 0       |
|   Tp_256_fu_134694_p2                   |     |        | Tp_256         | add | fabric    | 0       |
|   sub_ln313_157_fu_134711_p2            |     |        | sub_ln313_157  | sub | fabric    | 0       |
|   mac_muladd_6s_5s_11s_11_1_1_U1077     | 1   |        | mul_ln313_131  | mul | dsp_slice | 0       |
|   add_ln313_803_fu_134733_p2            |     |        | add_ln313_803  | add | fabric    | 0       |
|   mac_muladd_6s_5ns_5s_11_1_1_U1078     | 1   |        | factor7516     | mul | dsp_slice | 0       |
|   mac_muladd_6s_5ns_5s_11_1_1_U1078     | 1   |        | add_ln313_804  | add | dsp_slice | 0       |
|   add_ln313_805_fu_134739_p2            |     |        | add_ln313_805  | add | fabric    | 0       |
|   mac_muladd_6s_5s_11s_11_1_1_U1077     | 1   |        | add_ln313_806  | add | dsp_slice | 0       |
|   add_ln313_807_fu_134751_p2            |     |        | add_ln313_807  | add | fabric    | 0       |
|   mul_6s_5s_11_1_1_U463                 |     |        | mul_ln313_132  | mul | auto      | 0       |
|   add_ln313_810_fu_163893_p2            |     |        | add_ln313_810  | add | fabric    | 0       |
|   add_ln313_811_fu_163901_p2            |     |        | add_ln313_811  | add | fabric    | 0       |
|   add_ln313_1151_fu_163910_p2           |     |        | add_ln313_1151 | add | fabric    | 0       |
|   Tp_258_fu_163916_p2                   |     |        | Tp_258         | add | fabric    | 0       |
|   sub_ln313_158_fu_134797_p2            |     |        | sub_ln313_158  | sub | fabric    | 0       |
|   add_ln313_814_fu_134813_p2            |     |        | add_ln313_814  | add | fabric    | 0       |
|   mul_6s_5s_11_1_1_U464                 |     |        | mul_ln313_133  | mul | auto      | 0       |
|   add_ln313_816_fu_163925_p2            |     |        | add_ln313_816  | add | fabric    | 0       |
|   add_ln313_817_fu_163933_p2            |     |        | add_ln313_817  | add | fabric    | 0       |
|   add_ln313_1160_fu_163942_p2           |     |        | add_ln313_1160 | add | fabric    | 0       |
|   Tp_260_fu_163948_p2                   |     |        | Tp_260         | add | fabric    | 0       |
|   sub_ln313_159_fu_134852_p2            |     |        | sub_ln313_159  | sub | fabric    | 0       |
|   add_ln313_820_fu_134868_p2            |     |        | add_ln313_820  | add | fabric    | 0       |
|   mul_6s_5s_11_1_1_U465                 |     |        | mul_ln313_134  | mul | auto      | 0       |
|   add_ln313_822_fu_163957_p2            |     |        | add_ln313_822  | add | fabric    | 0       |
|   add_ln313_823_fu_163965_p2            |     |        | add_ln313_823  | add | fabric    | 0       |
|   add_ln313_1172_fu_163974_p2           |     |        | add_ln313_1172 | add | fabric    | 0       |
|   Tp_262_fu_163980_p2                   |     |        | Tp_262         | add | fabric    | 0       |
|   sub_ln313_160_fu_134907_p2            |     |        | sub_ln313_160  | sub | fabric    | 0       |
|   add_ln313_826_fu_134923_p2            |     |        | add_ln313_826  | add | fabric    | 0       |
|   mul_6s_5s_11_1_1_U466                 |     |        | mul_ln313_135  | mul | auto      | 0       |
|   add_ln313_828_fu_163989_p2            |     |        | add_ln313_828  | add | fabric    | 0       |
|   add_ln313_829_fu_163997_p2            |     |        | add_ln313_829  | add | fabric    | 0       |
|   add_ln313_1185_fu_164006_p2           |     |        | add_ln313_1185 | add | fabric    | 0       |
|   Tp_264_fu_164012_p2                   |     |        | Tp_264         | add | fabric    | 0       |
|   sub_ln313_161_fu_134962_p2            |     |        | sub_ln313_161  | sub | fabric    | 0       |
|   add_ln313_832_fu_134978_p2            |     |        | add_ln313_832  | add | fabric    | 0       |
|   mul_6s_5s_11_1_1_U467                 |     |        | mul_ln313_136  | mul | auto      | 0       |
|   add_ln313_834_fu_164021_p2            |     |        | add_ln313_834  | add | fabric    | 0       |
|   add_ln313_835_fu_164029_p2            |     |        | add_ln313_835  | add | fabric    | 0       |
|   add_ln313_1194_fu_164038_p2           |     |        | add_ln313_1194 | add | fabric    | 0       |
|   Tp_266_fu_164044_p2                   |     |        | Tp_266         | add | fabric    | 0       |
|   sub_ln313_162_fu_135017_p2            |     |        | sub_ln313_162  | sub | fabric    | 0       |
|   add_ln313_838_fu_135033_p2            |     |        | add_ln313_838  | add | fabric    | 0       |
|   mul_6s_5s_11_1_1_U468                 |     |        | mul_ln313_137  | mul | auto      | 0       |
|   add_ln313_840_fu_164053_p2            |     |        | add_ln313_840  | add | fabric    | 0       |
|   add_ln313_841_fu_164061_p2            |     |        | add_ln313_841  | add | fabric    | 0       |
|   add_ln313_1203_fu_164070_p2           |     |        | add_ln313_1203 | add | fabric    | 0       |
|   Tp_268_fu_164076_p2                   |     |        | Tp_268         | add | fabric    | 0       |
|   sub_ln313_163_fu_135072_p2            |     |        | sub_ln313_163  | sub | fabric    | 0       |
|   add_ln313_844_fu_135088_p2            |     |        | add_ln313_844  | add | fabric    | 0       |
|   mul_6s_5s_11_1_1_U469                 |     |        | mul_ln313_138  | mul | auto      | 0       |
|   add_ln313_846_fu_164085_p2            |     |        | add_ln313_846  | add | fabric    | 0       |
|   add_ln313_847_fu_164093_p2            |     |        | add_ln313_847  | add | fabric    | 0       |
|   add_ln313_1212_fu_164102_p2           |     |        | add_ln313_1212 | add | fabric    | 0       |
|   Tp_270_fu_164108_p2                   |     |        | Tp_270         | add | fabric    | 0       |
|   sub_ln313_164_fu_135127_p2            |     |        | sub_ln313_164  | sub | fabric    | 0       |
|   add_ln313_850_fu_135143_p2            |     |        | add_ln313_850  | add | fabric    | 0       |
|   mul_6s_5s_11_1_1_U470                 |     |        | mul_ln313_139  | mul | auto      | 0       |
|   add_ln313_852_fu_164117_p2            |     |        | add_ln313_852  | add | fabric    | 0       |
|   add_ln313_853_fu_164125_p2            |     |        | add_ln313_853  | add | fabric    | 0       |
|   add_ln313_1221_fu_164134_p2           |     |        | add_ln313_1221 | add | fabric    | 0       |
|   Tp_272_fu_164140_p2                   |     |        | Tp_272         | add | fabric    | 0       |
|   sub_ln313_165_fu_135182_p2            |     |        | sub_ln313_165  | sub | fabric    | 0       |
|   add_ln313_856_fu_135198_p2            |     |        | add_ln313_856  | add | fabric    | 0       |
|   mul_6s_5s_11_1_1_U471                 |     |        | mul_ln313_140  | mul | auto      | 0       |
|   add_ln313_858_fu_164149_p2            |     |        | add_ln313_858  | add | fabric    | 0       |
|   add_ln313_859_fu_164157_p2            |     |        | add_ln313_859  | add | fabric    | 0       |
|   add_ln313_1230_fu_164166_p2           |     |        | add_ln313_1230 | add | fabric    | 0       |
|   Tp_274_fu_164172_p2                   |     |        | Tp_274         | add | fabric    | 0       |
|   sub_ln313_166_fu_135237_p2            |     |        | sub_ln313_166  | sub | fabric    | 0       |
|   add_ln313_862_fu_135253_p2            |     |        | add_ln313_862  | add | fabric    | 0       |
|   mul_6s_5s_11_1_1_U472                 |     |        | mul_ln313_141  | mul | auto      | 0       |
|   add_ln313_864_fu_164181_p2            |     |        | add_ln313_864  | add | fabric    | 0       |
|   add_ln313_865_fu_164189_p2            |     |        | add_ln313_865  | add | fabric    | 0       |
|   add_ln313_1239_fu_164198_p2           |     |        | add_ln313_1239 | add | fabric    | 0       |
|   Tp_276_fu_164204_p2                   |     |        | Tp_276         | add | fabric    | 0       |
|   sub_ln313_167_fu_135292_p2            |     |        | sub_ln313_167  | sub | fabric    | 0       |
|   add_ln313_868_fu_135308_p2            |     |        | add_ln313_868  | add | fabric    | 0       |
|   sub_ln313_168_fu_135327_p2            |     |        | sub_ln313_168  | sub | fabric    | 0       |
|   add_ln313_870_fu_164210_p2            |     |        | add_ln313_870  | add | fabric    | 0       |
|   add_ln313_871_fu_164218_p2            |     |        | add_ln313_871  | add | fabric    | 0       |
|   Tp_278_fu_164226_p2                   |     |        | Tp_278         | add | fabric    | 0       |
|   add_ln313_873_fu_164236_p2            |     |        | add_ln313_873  | add | fabric    | 0       |
|   add_ln313_874_fu_164244_p2            |     |        | add_ln313_874  | add | fabric    | 0       |
|   Tp_279_fu_164252_p2                   |     |        | Tp_279         | add | fabric    | 0       |
|   add_ln313_876_fu_164262_p2            |     |        | add_ln313_876  | add | fabric    | 0       |
|   add_ln313_877_fu_164270_p2            |     |        | add_ln313_877  | add | fabric    | 0       |
|   Tp_280_fu_164278_p2                   |     |        | Tp_280         | add | fabric    | 0       |
|   add_ln313_879_fu_164288_p2            |     |        | add_ln313_879  | add | fabric    | 0       |
|   add_ln313_880_fu_164296_p2            |     |        | add_ln313_880  | add | fabric    | 0       |
|   Tp_281_fu_164304_p2                   |     |        | Tp_281         | add | fabric    | 0       |
|   add_ln313_882_fu_164314_p2            |     |        | add_ln313_882  | add | fabric    | 0       |
|   add_ln313_883_fu_164322_p2            |     |        | add_ln313_883  | add | fabric    | 0       |
|   Tp_282_fu_164330_p2                   |     |        | Tp_282         | add | fabric    | 0       |
|   add_ln313_885_fu_164340_p2            |     |        | add_ln313_885  | add | fabric    | 0       |
|   add_ln313_886_fu_164348_p2            |     |        | add_ln313_886  | add | fabric    | 0       |
|   Tp_283_fu_164356_p2                   |     |        | Tp_283         | add | fabric    | 0       |
|   add_ln313_888_fu_164366_p2            |     |        | add_ln313_888  | add | fabric    | 0       |
|   add_ln313_889_fu_164374_p2            |     |        | add_ln313_889  | add | fabric    | 0       |
|   Tp_284_fu_164382_p2                   |     |        | Tp_284         | add | fabric    | 0       |
|   add_ln313_891_fu_164392_p2            |     |        | add_ln313_891  | add | fabric    | 0       |
|   add_ln313_892_fu_164400_p2            |     |        | add_ln313_892  | add | fabric    | 0       |
|   Tp_285_fu_164408_p2                   |     |        | Tp_285         | add | fabric    | 0       |
|   mac_muladd_6s_5s_12s_12_1_1_U1079     | 1   |        | mul_ln313_142  | mul | dsp_slice | 0       |
|   sub_ln313_169_fu_135361_p2            |     |        | sub_ln313_169  | sub | fabric    | 0       |
|   add_ln313_896_fu_135391_p2            |     |        | add_ln313_896  | add | fabric    | 0       |
|   mac_muladd_6s_5s_12s_12_1_1_U1079     | 1   |        | add_ln313_897  | add | dsp_slice | 0       |
|   add_ln313_898_fu_135404_p2            |     |        | add_ln313_898  | add | fabric    | 0       |
|   add_ln313_1279_fu_135414_p2           |     |        | add_ln313_1279 | add | fabric    | 0       |
|   Tp_286_fu_135420_p2                   |     |        | Tp_286         | add | fabric    | 0       |
|   sub_ln313_170_fu_135437_p2            |     |        | sub_ln313_170  | sub | fabric    | 0       |
|   mac_muladd_6s_5s_11s_11_1_1_U1080     | 1   |        | mul_ln313_143  | mul | dsp_slice | 0       |
|   add_ln313_900_fu_135459_p2            |     |        | add_ln313_900  | add | fabric    | 0       |
|   mac_muladd_6s_5ns_5s_11_1_1_U1081     | 1   |        | factor7518     | mul | dsp_slice | 0       |
|   mac_muladd_6s_5ns_5s_11_1_1_U1081     | 1   |        | add_ln313_901  | add | dsp_slice | 0       |
|   add_ln313_902_fu_135465_p2            |     |        | add_ln313_902  | add | fabric    | 0       |
|   mac_muladd_6s_5s_11s_11_1_1_U1080     | 1   |        | add_ln313_903  | add | dsp_slice | 0       |
|   add_ln313_904_fu_135477_p2            |     |        | add_ln313_904  | add | fabric    | 0       |
|   mul_6s_5s_11_1_1_U473                 |     |        | mul_ln313_144  | mul | auto      | 0       |
|   add_ln313_907_fu_164421_p2            |     |        | add_ln313_907  | add | fabric    | 0       |
|   add_ln313_908_fu_164429_p2            |     |        | add_ln313_908  | add | fabric    | 0       |
|   add_ln313_1288_fu_164438_p2           |     |        | add_ln313_1288 | add | fabric    | 0       |
|   Tp_288_fu_164444_p2                   |     |        | Tp_288         | add | fabric    | 0       |
|   sub_ln313_171_fu_135523_p2            |     |        | sub_ln313_171  | sub | fabric    | 0       |
|   add_ln313_911_fu_135539_p2            |     |        | add_ln313_911  | add | fabric    | 0       |
|   mul_6s_5s_11_1_1_U474                 |     |        | mul_ln313_145  | mul | auto      | 0       |
|   add_ln313_913_fu_164453_p2            |     |        | add_ln313_913  | add | fabric    | 0       |
|   add_ln313_914_fu_164461_p2            |     |        | add_ln313_914  | add | fabric    | 0       |
|   add_ln313_1297_fu_164470_p2           |     |        | add_ln313_1297 | add | fabric    | 0       |
|   Tp_290_fu_164476_p2                   |     |        | Tp_290         | add | fabric    | 0       |
|   sub_ln313_172_fu_135578_p2            |     |        | sub_ln313_172  | sub | fabric    | 0       |
|   add_ln313_917_fu_135594_p2            |     |        | add_ln313_917  | add | fabric    | 0       |
|   mul_6s_5s_11_1_1_U475                 |     |        | mul_ln313_146  | mul | auto      | 0       |
|   add_ln313_919_fu_164485_p2            |     |        | add_ln313_919  | add | fabric    | 0       |
|   add_ln313_920_fu_164493_p2            |     |        | add_ln313_920  | add | fabric    | 0       |
|   add_ln313_1306_fu_164502_p2           |     |        | add_ln313_1306 | add | fabric    | 0       |
|   Tp_292_fu_164508_p2                   |     |        | Tp_292         | add | fabric    | 0       |
|   sub_ln313_173_fu_135633_p2            |     |        | sub_ln313_173  | sub | fabric    | 0       |
|   add_ln313_923_fu_135649_p2            |     |        | add_ln313_923  | add | fabric    | 0       |
|   mul_6s_5s_11_1_1_U476                 |     |        | mul_ln313_147  | mul | auto      | 0       |
|   add_ln313_925_fu_164517_p2            |     |        | add_ln313_925  | add | fabric    | 0       |
|   add_ln313_926_fu_164525_p2            |     |        | add_ln313_926  | add | fabric    | 0       |
|   add_ln313_1315_fu_164534_p2           |     |        | add_ln313_1315 | add | fabric    | 0       |
|   Tp_294_fu_164540_p2                   |     |        | Tp_294         | add | fabric    | 0       |
|   sub_ln313_174_fu_135688_p2            |     |        | sub_ln313_174  | sub | fabric    | 0       |
|   add_ln313_929_fu_135704_p2            |     |        | add_ln313_929  | add | fabric    | 0       |
|   mul_6s_5s_11_1_1_U477                 |     |        | mul_ln313_148  | mul | auto      | 0       |
|   add_ln313_931_fu_164549_p2            |     |        | add_ln313_931  | add | fabric    | 0       |
|   add_ln313_932_fu_164557_p2            |     |        | add_ln313_932  | add | fabric    | 0       |
|   add_ln313_1324_fu_164566_p2           |     |        | add_ln313_1324 | add | fabric    | 0       |
|   Tp_296_fu_164572_p2                   |     |        | Tp_296         | add | fabric    | 0       |
|   sub_ln313_175_fu_135743_p2            |     |        | sub_ln313_175  | sub | fabric    | 0       |
|   add_ln313_935_fu_135759_p2            |     |        | add_ln313_935  | add | fabric    | 0       |
|   mul_6s_5s_11_1_1_U478                 |     |        | mul_ln313_149  | mul | auto      | 0       |
|   add_ln313_937_fu_164581_p2            |     |        | add_ln313_937  | add | fabric    | 0       |
|   add_ln313_938_fu_164589_p2            |     |        | add_ln313_938  | add | fabric    | 0       |
|   add_ln313_1333_fu_164598_p2           |     |        | add_ln313_1333 | add | fabric    | 0       |
|   Tp_298_fu_164604_p2                   |     |        | Tp_298         | add | fabric    | 0       |
|   sub_ln313_176_fu_135798_p2            |     |        | sub_ln313_176  | sub | fabric    | 0       |
|   add_ln313_941_fu_135814_p2            |     |        | add_ln313_941  | add | fabric    | 0       |
|   mul_6s_5s_11_1_1_U479                 |     |        | mul_ln313_150  | mul | auto      | 0       |
|   add_ln313_943_fu_164613_p2            |     |        | add_ln313_943  | add | fabric    | 0       |
|   add_ln313_944_fu_164621_p2            |     |        | add_ln313_944  | add | fabric    | 0       |
|   add_ln313_1349_fu_164630_p2           |     |        | add_ln313_1349 | add | fabric    | 0       |
|   Tp_300_fu_164636_p2                   |     |        | Tp_300         | add | fabric    | 0       |
|   sub_ln313_177_fu_135853_p2            |     |        | sub_ln313_177  | sub | fabric    | 0       |
|   add_ln313_947_fu_135869_p2            |     |        | add_ln313_947  | add | fabric    | 0       |
|   mul_6s_5s_11_1_1_U480                 |     |        | mul_ln313_151  | mul | auto      | 0       |
|   add_ln313_949_fu_164645_p2            |     |        | add_ln313_949  | add | fabric    | 0       |
|   add_ln313_950_fu_164653_p2            |     |        | add_ln313_950  | add | fabric    | 0       |
|   add_ln313_1358_fu_164662_p2           |     |        | add_ln313_1358 | add | fabric    | 0       |
|   Tp_302_fu_164668_p2                   |     |        | Tp_302         | add | fabric    | 0       |
|   sub_ln313_178_fu_135908_p2            |     |        | sub_ln313_178  | sub | fabric    | 0       |
|   add_ln313_953_fu_135924_p2            |     |        | add_ln313_953  | add | fabric    | 0       |
|   mul_6s_5s_11_1_1_U481                 |     |        | mul_ln313_152  | mul | auto      | 0       |
|   add_ln313_955_fu_164677_p2            |     |        | add_ln313_955  | add | fabric    | 0       |
|   add_ln313_956_fu_164685_p2            |     |        | add_ln313_956  | add | fabric    | 0       |
|   add_ln313_1367_fu_164694_p2           |     |        | add_ln313_1367 | add | fabric    | 0       |
|   Tp_304_fu_164700_p2                   |     |        | Tp_304         | add | fabric    | 0       |
|   sub_ln313_179_fu_135963_p2            |     |        | sub_ln313_179  | sub | fabric    | 0       |
|   add_ln313_959_fu_135979_p2            |     |        | add_ln313_959  | add | fabric    | 0       |
|   sub_ln313_180_fu_135998_p2            |     |        | sub_ln313_180  | sub | fabric    | 0       |
|   add_ln313_961_fu_164706_p2            |     |        | add_ln313_961  | add | fabric    | 0       |
|   add_ln313_962_fu_164714_p2            |     |        | add_ln313_962  | add | fabric    | 0       |
|   Tp_306_fu_164722_p2                   |     |        | Tp_306         | add | fabric    | 0       |
|   add_ln313_964_fu_164732_p2            |     |        | add_ln313_964  | add | fabric    | 0       |
|   add_ln313_965_fu_164740_p2            |     |        | add_ln313_965  | add | fabric    | 0       |
|   Tp_307_fu_164748_p2                   |     |        | Tp_307         | add | fabric    | 0       |
|   add_ln313_967_fu_164758_p2            |     |        | add_ln313_967  | add | fabric    | 0       |
|   add_ln313_968_fu_164766_p2            |     |        | add_ln313_968  | add | fabric    | 0       |
|   Tp_308_fu_164774_p2                   |     |        | Tp_308         | add | fabric    | 0       |
|   add_ln313_970_fu_164784_p2            |     |        | add_ln313_970  | add | fabric    | 0       |
|   add_ln313_971_fu_164792_p2            |     |        | add_ln313_971  | add | fabric    | 0       |
|   Tp_309_fu_164800_p2                   |     |        | Tp_309         | add | fabric    | 0       |
|   add_ln313_973_fu_164810_p2            |     |        | add_ln313_973  | add | fabric    | 0       |
|   add_ln313_974_fu_164818_p2            |     |        | add_ln313_974  | add | fabric    | 0       |
|   Tp_310_fu_164826_p2                   |     |        | Tp_310         | add | fabric    | 0       |
|   add_ln313_976_fu_164836_p2            |     |        | add_ln313_976  | add | fabric    | 0       |
|   add_ln313_977_fu_164844_p2            |     |        | add_ln313_977  | add | fabric    | 0       |
|   Tp_311_fu_164852_p2                   |     |        | Tp_311         | add | fabric    | 0       |
|   add_ln313_979_fu_164862_p2            |     |        | add_ln313_979  | add | fabric    | 0       |
|   add_ln313_980_fu_164870_p2            |     |        | add_ln313_980  | add | fabric    | 0       |
|   Tp_312_fu_164878_p2                   |     |        | Tp_312         | add | fabric    | 0       |
|   add_ln313_982_fu_164888_p2            |     |        | add_ln313_982  | add | fabric    | 0       |
|   add_ln313_983_fu_164896_p2            |     |        | add_ln313_983  | add | fabric    | 0       |
|   Tp_313_fu_164904_p2                   |     |        | Tp_313         | add | fabric    | 0       |
|   add_ln313_985_fu_164914_p2            |     |        | add_ln313_985  | add | fabric    | 0       |
|   add_ln313_986_fu_164922_p2            |     |        | add_ln313_986  | add | fabric    | 0       |
|   Tp_314_fu_164930_p2                   |     |        | Tp_314         | add | fabric    | 0       |
|   mac_muladd_6s_5s_12s_12_1_1_U1082     | 1   |        | mul_ln313_153  | mul | dsp_slice | 0       |
|   sub_ln313_181_fu_136032_p2            |     |        | sub_ln313_181  | sub | fabric    | 0       |
|   add_ln313_990_fu_136062_p2            |     |        | add_ln313_990  | add | fabric    | 0       |
|   mac_muladd_6s_5s_12s_12_1_1_U1082     | 1   |        | add_ln313_991  | add | dsp_slice | 0       |
|   add_ln313_992_fu_136075_p2            |     |        | add_ln313_992  | add | fabric    | 0       |
|   add_ln313_1403_fu_136085_p2           |     |        | add_ln313_1403 | add | fabric    | 0       |
|   Tp_315_fu_136091_p2                   |     |        | Tp_315         | add | fabric    | 0       |
|   sub_ln313_182_fu_136108_p2            |     |        | sub_ln313_182  | sub | fabric    | 0       |
|   mac_muladd_6s_5s_11s_11_1_1_U1083     | 1   |        | mul_ln313_154  | mul | dsp_slice | 0       |
|   add_ln313_994_fu_136130_p2            |     |        | add_ln313_994  | add | fabric    | 0       |
|   mac_muladd_6s_5ns_5s_11_1_1_U1084     | 1   |        | factor7520     | mul | dsp_slice | 0       |
|   mac_muladd_6s_5ns_5s_11_1_1_U1084     | 1   |        | add_ln313_995  | add | dsp_slice | 0       |
|   add_ln313_996_fu_136136_p2            |     |        | add_ln313_996  | add | fabric    | 0       |
|   mac_muladd_6s_5s_11s_11_1_1_U1083     | 1   |        | add_ln313_997  | add | dsp_slice | 0       |
|   add_ln313_998_fu_136148_p2            |     |        | add_ln313_998  | add | fabric    | 0       |
|   mul_6s_5s_11_1_1_U482                 |     |        | mul_ln313_155  | mul | auto      | 0       |
|   add_ln313_1001_fu_164943_p2           |     |        | add_ln313_1001 | add | fabric    | 0       |
|   add_ln313_1002_fu_164951_p2           |     |        | add_ln313_1002 | add | fabric    | 0       |
|   add_ln313_1412_fu_164960_p2           |     |        | add_ln313_1412 | add | fabric    | 0       |
|   Tp_317_fu_164966_p2                   |     |        | Tp_317         | add | fabric    | 0       |
|   sub_ln313_183_fu_136194_p2            |     |        | sub_ln313_183  | sub | fabric    | 0       |
|   add_ln313_1005_fu_136210_p2           |     |        | add_ln313_1005 | add | fabric    | 0       |
|   mul_6s_5s_11_1_1_U483                 |     |        | mul_ln313_156  | mul | auto      | 0       |
|   add_ln313_1007_fu_164975_p2           |     |        | add_ln313_1007 | add | fabric    | 0       |
|   add_ln313_1008_fu_164983_p2           |     |        | add_ln313_1008 | add | fabric    | 0       |
|   add_ln313_1428_fu_164992_p2           |     |        | add_ln313_1428 | add | fabric    | 0       |
|   Tp_319_fu_164998_p2                   |     |        | Tp_319         | add | fabric    | 0       |
|   sub_ln313_184_fu_136249_p2            |     |        | sub_ln313_184  | sub | fabric    | 0       |
|   add_ln313_1011_fu_136265_p2           |     |        | add_ln313_1011 | add | fabric    | 0       |
|   mul_6s_5s_11_1_1_U484                 |     |        | mul_ln313_157  | mul | auto      | 0       |
|   add_ln313_1013_fu_165007_p2           |     |        | add_ln313_1013 | add | fabric    | 0       |
|   add_ln313_1014_fu_165015_p2           |     |        | add_ln313_1014 | add | fabric    | 0       |
|   add_ln313_1437_fu_165024_p2           |     |        | add_ln313_1437 | add | fabric    | 0       |
|   Tp_321_fu_165030_p2                   |     |        | Tp_321         | add | fabric    | 0       |
|   sub_ln313_185_fu_136304_p2            |     |        | sub_ln313_185  | sub | fabric    | 0       |
|   add_ln313_1017_fu_136320_p2           |     |        | add_ln313_1017 | add | fabric    | 0       |
|   mul_6s_5s_11_1_1_U485                 |     |        | mul_ln313_158  | mul | auto      | 0       |
|   add_ln313_1019_fu_165039_p2           |     |        | add_ln313_1019 | add | fabric    | 0       |
|   add_ln313_1020_fu_165047_p2           |     |        | add_ln313_1020 | add | fabric    | 0       |
|   add_ln313_1446_fu_165056_p2           |     |        | add_ln313_1446 | add | fabric    | 0       |
|   Tp_323_fu_165062_p2                   |     |        | Tp_323         | add | fabric    | 0       |
|   sub_ln313_186_fu_136359_p2            |     |        | sub_ln313_186  | sub | fabric    | 0       |
|   add_ln313_1023_fu_136375_p2           |     |        | add_ln313_1023 | add | fabric    | 0       |
|   mul_6s_5s_11_1_1_U486                 |     |        | mul_ln313_159  | mul | auto      | 0       |
|   add_ln313_1025_fu_165071_p2           |     |        | add_ln313_1025 | add | fabric    | 0       |
|   add_ln313_1026_fu_165079_p2           |     |        | add_ln313_1026 | add | fabric    | 0       |
|   add_ln313_1455_fu_165088_p2           |     |        | add_ln313_1455 | add | fabric    | 0       |
|   Tp_325_fu_165094_p2                   |     |        | Tp_325         | add | fabric    | 0       |
|   sub_ln313_187_fu_136414_p2            |     |        | sub_ln313_187  | sub | fabric    | 0       |
|   add_ln313_1029_fu_136430_p2           |     |        | add_ln313_1029 | add | fabric    | 0       |
|   mul_6s_5s_11_1_1_U487                 |     |        | mul_ln313_160  | mul | auto      | 0       |
|   add_ln313_1031_fu_165103_p2           |     |        | add_ln313_1031 | add | fabric    | 0       |
|   add_ln313_1032_fu_165111_p2           |     |        | add_ln313_1032 | add | fabric    | 0       |
|   add_ln313_1464_fu_165120_p2           |     |        | add_ln313_1464 | add | fabric    | 0       |
|   Tp_327_fu_165126_p2                   |     |        | Tp_327         | add | fabric    | 0       |
|   sub_ln313_188_fu_136469_p2            |     |        | sub_ln313_188  | sub | fabric    | 0       |
|   add_ln313_1035_fu_136485_p2           |     |        | add_ln313_1035 | add | fabric    | 0       |
|   mul_6s_5s_11_1_1_U488                 |     |        | mul_ln313_161  | mul | auto      | 0       |
|   add_ln313_1037_fu_165135_p2           |     |        | add_ln313_1037 | add | fabric    | 0       |
|   add_ln313_1038_fu_165143_p2           |     |        | add_ln313_1038 | add | fabric    | 0       |
|   add_ln313_1473_fu_165152_p2           |     |        | add_ln313_1473 | add | fabric    | 0       |
|   Tp_329_fu_165158_p2                   |     |        | Tp_329         | add | fabric    | 0       |
|   sub_ln313_189_fu_136524_p2            |     |        | sub_ln313_189  | sub | fabric    | 0       |
|   add_ln313_1041_fu_136540_p2           |     |        | add_ln313_1041 | add | fabric    | 0       |
|   mul_6s_5s_11_1_1_U489                 |     |        | mul_ln313_162  | mul | auto      | 0       |
|   add_ln313_1043_fu_165167_p2           |     |        | add_ln313_1043 | add | fabric    | 0       |
|   add_ln313_1044_fu_165175_p2           |     |        | add_ln313_1044 | add | fabric    | 0       |
|   add_ln313_1482_fu_165184_p2           |     |        | add_ln313_1482 | add | fabric    | 0       |
|   Tp_331_fu_165190_p2                   |     |        | Tp_331         | add | fabric    | 0       |
|   sub_ln313_190_fu_136579_p2            |     |        | sub_ln313_190  | sub | fabric    | 0       |
|   add_ln313_1047_fu_136595_p2           |     |        | add_ln313_1047 | add | fabric    | 0       |
|   sub_ln313_191_fu_136614_p2            |     |        | sub_ln313_191  | sub | fabric    | 0       |
|   add_ln313_1049_fu_165196_p2           |     |        | add_ln313_1049 | add | fabric    | 0       |
|   add_ln313_1050_fu_165204_p2           |     |        | add_ln313_1050 | add | fabric    | 0       |
|   Tp_333_fu_165212_p2                   |     |        | Tp_333         | add | fabric    | 0       |
|   add_ln313_1052_fu_165222_p2           |     |        | add_ln313_1052 | add | fabric    | 0       |
|   add_ln313_1053_fu_165230_p2           |     |        | add_ln313_1053 | add | fabric    | 0       |
|   Tp_334_fu_165238_p2                   |     |        | Tp_334         | add | fabric    | 0       |
|   add_ln313_1055_fu_165248_p2           |     |        | add_ln313_1055 | add | fabric    | 0       |
|   add_ln313_1056_fu_165256_p2           |     |        | add_ln313_1056 | add | fabric    | 0       |
|   Tp_335_fu_165264_p2                   |     |        | Tp_335         | add | fabric    | 0       |
|   add_ln313_1058_fu_165274_p2           |     |        | add_ln313_1058 | add | fabric    | 0       |
|   add_ln313_1059_fu_165282_p2           |     |        | add_ln313_1059 | add | fabric    | 0       |
|   Tp_336_fu_165290_p2                   |     |        | Tp_336         | add | fabric    | 0       |
|   add_ln313_1061_fu_165300_p2           |     |        | add_ln313_1061 | add | fabric    | 0       |
|   add_ln313_1062_fu_165308_p2           |     |        | add_ln313_1062 | add | fabric    | 0       |
|   Tp_337_fu_165316_p2                   |     |        | Tp_337         | add | fabric    | 0       |
|   add_ln313_1064_fu_165326_p2           |     |        | add_ln313_1064 | add | fabric    | 0       |
|   add_ln313_1065_fu_165334_p2           |     |        | add_ln313_1065 | add | fabric    | 0       |
|   Tp_338_fu_165342_p2                   |     |        | Tp_338         | add | fabric    | 0       |
|   add_ln313_1067_fu_165352_p2           |     |        | add_ln313_1067 | add | fabric    | 0       |
|   add_ln313_1068_fu_165360_p2           |     |        | add_ln313_1068 | add | fabric    | 0       |
|   Tp_339_fu_165368_p2                   |     |        | Tp_339         | add | fabric    | 0       |
|   add_ln313_1070_fu_165378_p2           |     |        | add_ln313_1070 | add | fabric    | 0       |
|   add_ln313_1071_fu_165386_p2           |     |        | add_ln313_1071 | add | fabric    | 0       |
|   Tp_340_fu_165394_p2                   |     |        | Tp_340         | add | fabric    | 0       |
|   add_ln313_1073_fu_165404_p2           |     |        | add_ln313_1073 | add | fabric    | 0       |
|   add_ln313_1074_fu_165412_p2           |     |        | add_ln313_1074 | add | fabric    | 0       |
|   Tp_341_fu_165420_p2                   |     |        | Tp_341         | add | fabric    | 0       |
|   add_ln313_1076_fu_165430_p2           |     |        | add_ln313_1076 | add | fabric    | 0       |
|   add_ln313_1077_fu_165438_p2           |     |        | add_ln313_1077 | add | fabric    | 0       |
|   Tp_342_fu_165446_p2                   |     |        | Tp_342         | add | fabric    | 0       |
|   mac_muladd_6s_5s_12s_12_1_1_U1085     | 1   |        | mul_ln313_163  | mul | dsp_slice | 0       |
|   sub_ln313_192_fu_136648_p2            |     |        | sub_ln313_192  | sub | fabric    | 0       |
|   add_ln313_1081_fu_136678_p2           |     |        | add_ln313_1081 | add | fabric    | 0       |
|   mac_muladd_6s_5s_12s_12_1_1_U1085     | 1   |        | add_ln313_1082 | add | dsp_slice | 0       |
|   add_ln313_1083_fu_136691_p2           |     |        | add_ln313_1083 | add | fabric    | 0       |
|   add_ln313_1528_fu_136701_p2           |     |        | add_ln313_1528 | add | fabric    | 0       |
|   Tp_343_fu_136707_p2                   |     |        | Tp_343         | add | fabric    | 0       |
|   sub_ln313_193_fu_136724_p2            |     |        | sub_ln313_193  | sub | fabric    | 0       |
|   mac_muladd_6s_5s_11s_11_1_1_U1086     | 1   |        | mul_ln313_164  | mul | dsp_slice | 0       |
|   add_ln313_1085_fu_136746_p2           |     |        | add_ln313_1085 | add | fabric    | 0       |
|   mac_muladd_6s_5ns_5s_11_1_1_U1087     | 1   |        | factor7522     | mul | dsp_slice | 0       |
|   mac_muladd_6s_5ns_5s_11_1_1_U1087     | 1   |        | add_ln313_1086 | add | dsp_slice | 0       |
|   add_ln313_1087_fu_136752_p2           |     |        | add_ln313_1087 | add | fabric    | 0       |
|   mac_muladd_6s_5s_11s_11_1_1_U1086     | 1   |        | add_ln313_1088 | add | dsp_slice | 0       |
|   add_ln313_1089_fu_136764_p2           |     |        | add_ln313_1089 | add | fabric    | 0       |
|   mul_6s_5s_11_1_1_U490                 |     |        | mul_ln313_165  | mul | auto      | 0       |
|   add_ln313_1092_fu_165459_p2           |     |        | add_ln313_1092 | add | fabric    | 0       |
|   add_ln313_1093_fu_165467_p2           |     |        | add_ln313_1093 | add | fabric    | 0       |
|   add_ln313_1537_fu_165476_p2           |     |        | add_ln313_1537 | add | fabric    | 0       |
|   Tp_345_fu_165482_p2                   |     |        | Tp_345         | add | fabric    | 0       |
|   sub_ln313_194_fu_136810_p2            |     |        | sub_ln313_194  | sub | fabric    | 0       |
|   add_ln313_1096_fu_136826_p2           |     |        | add_ln313_1096 | add | fabric    | 0       |
|   mul_6s_5s_11_1_1_U491                 |     |        | mul_ln313_166  | mul | auto      | 0       |
|   add_ln313_1098_fu_165491_p2           |     |        | add_ln313_1098 | add | fabric    | 0       |
|   add_ln313_1099_fu_165499_p2           |     |        | add_ln313_1099 | add | fabric    | 0       |
|   add_ln313_1546_fu_165508_p2           |     |        | add_ln313_1546 | add | fabric    | 0       |
|   Tp_347_fu_165514_p2                   |     |        | Tp_347         | add | fabric    | 0       |
|   sub_ln313_195_fu_136865_p2            |     |        | sub_ln313_195  | sub | fabric    | 0       |
|   add_ln313_1102_fu_136881_p2           |     |        | add_ln313_1102 | add | fabric    | 0       |
|   mul_6s_5s_11_1_1_U492                 |     |        | mul_ln313_167  | mul | auto      | 0       |
|   add_ln313_1104_fu_165523_p2           |     |        | add_ln313_1104 | add | fabric    | 0       |
|   add_ln313_1105_fu_165531_p2           |     |        | add_ln313_1105 | add | fabric    | 0       |
|   add_ln313_1555_fu_165540_p2           |     |        | add_ln313_1555 | add | fabric    | 0       |
|   Tp_349_fu_165546_p2                   |     |        | Tp_349         | add | fabric    | 0       |
|   sub_ln313_196_fu_136920_p2            |     |        | sub_ln313_196  | sub | fabric    | 0       |
|   add_ln313_1108_fu_136936_p2           |     |        | add_ln313_1108 | add | fabric    | 0       |
|   mul_6s_5s_11_1_1_U493                 |     |        | mul_ln313_168  | mul | auto      | 0       |
|   add_ln313_1110_fu_165555_p2           |     |        | add_ln313_1110 | add | fabric    | 0       |
|   add_ln313_1111_fu_165563_p2           |     |        | add_ln313_1111 | add | fabric    | 0       |
|   add_ln313_1567_fu_165572_p2           |     |        | add_ln313_1567 | add | fabric    | 0       |
|   Tp_351_fu_165578_p2                   |     |        | Tp_351         | add | fabric    | 0       |
|   sub_ln313_197_fu_136975_p2            |     |        | sub_ln313_197  | sub | fabric    | 0       |
|   add_ln313_1114_fu_136991_p2           |     |        | add_ln313_1114 | add | fabric    | 0       |
|   mul_6s_5s_11_1_1_U494                 |     |        | mul_ln313_169  | mul | auto      | 0       |
|   add_ln313_1116_fu_165587_p2           |     |        | add_ln313_1116 | add | fabric    | 0       |
|   add_ln313_1117_fu_165595_p2           |     |        | add_ln313_1117 | add | fabric    | 0       |
|   add_ln313_1580_fu_165604_p2           |     |        | add_ln313_1580 | add | fabric    | 0       |
|   Tp_353_fu_165610_p2                   |     |        | Tp_353         | add | fabric    | 0       |
|   sub_ln313_198_fu_137030_p2            |     |        | sub_ln313_198  | sub | fabric    | 0       |
|   add_ln313_1120_fu_137046_p2           |     |        | add_ln313_1120 | add | fabric    | 0       |
|   mul_6s_5s_11_1_1_U495                 |     |        | mul_ln313_170  | mul | auto      | 0       |
|   add_ln313_1122_fu_165619_p2           |     |        | add_ln313_1122 | add | fabric    | 0       |
|   add_ln313_1123_fu_165627_p2           |     |        | add_ln313_1123 | add | fabric    | 0       |
|   add_ln313_1589_fu_165636_p2           |     |        | add_ln313_1589 | add | fabric    | 0       |
|   Tp_355_fu_165642_p2                   |     |        | Tp_355         | add | fabric    | 0       |
|   sub_ln313_199_fu_137085_p2            |     |        | sub_ln313_199  | sub | fabric    | 0       |
|   add_ln313_1126_fu_137101_p2           |     |        | add_ln313_1126 | add | fabric    | 0       |
|   mul_6s_5s_11_1_1_U496                 |     |        | mul_ln313_171  | mul | auto      | 0       |
|   add_ln313_1128_fu_165651_p2           |     |        | add_ln313_1128 | add | fabric    | 0       |
|   add_ln313_1129_fu_165659_p2           |     |        | add_ln313_1129 | add | fabric    | 0       |
|   add_ln313_1598_fu_165668_p2           |     |        | add_ln313_1598 | add | fabric    | 0       |
|   Tp_357_fu_165674_p2                   |     |        | Tp_357         | add | fabric    | 0       |
|   sub_ln313_200_fu_137140_p2            |     |        | sub_ln313_200  | sub | fabric    | 0       |
|   add_ln313_1132_fu_137156_p2           |     |        | add_ln313_1132 | add | fabric    | 0       |
|   sub_ln313_201_fu_137175_p2            |     |        | sub_ln313_201  | sub | fabric    | 0       |
|   add_ln313_1134_fu_165680_p2           |     |        | add_ln313_1134 | add | fabric    | 0       |
|   add_ln313_1135_fu_165688_p2           |     |        | add_ln313_1135 | add | fabric    | 0       |
|   Tp_359_fu_165696_p2                   |     |        | Tp_359         | add | fabric    | 0       |
|   add_ln313_1137_fu_165706_p2           |     |        | add_ln313_1137 | add | fabric    | 0       |
|   add_ln313_1138_fu_165714_p2           |     |        | add_ln313_1138 | add | fabric    | 0       |
|   Tp_360_fu_165722_p2                   |     |        | Tp_360         | add | fabric    | 0       |
|   add_ln313_1140_fu_165732_p2           |     |        | add_ln313_1140 | add | fabric    | 0       |
|   add_ln313_1141_fu_165740_p2           |     |        | add_ln313_1141 | add | fabric    | 0       |
|   Tp_361_fu_165748_p2                   |     |        | Tp_361         | add | fabric    | 0       |
|   add_ln313_1143_fu_165758_p2           |     |        | add_ln313_1143 | add | fabric    | 0       |
|   add_ln313_1144_fu_165766_p2           |     |        | add_ln313_1144 | add | fabric    | 0       |
|   Tp_362_fu_165774_p2                   |     |        | Tp_362         | add | fabric    | 0       |
|   add_ln313_1146_fu_165784_p2           |     |        | add_ln313_1146 | add | fabric    | 0       |
|   add_ln313_1147_fu_165792_p2           |     |        | add_ln313_1147 | add | fabric    | 0       |
|   Tp_363_fu_165800_p2                   |     |        | Tp_363         | add | fabric    | 0       |
|   add_ln313_1149_fu_165810_p2           |     |        | add_ln313_1149 | add | fabric    | 0       |
|   add_ln313_1150_fu_165818_p2           |     |        | add_ln313_1150 | add | fabric    | 0       |
|   Tp_364_fu_165826_p2                   |     |        | Tp_364         | add | fabric    | 0       |
|   add_ln313_1152_fu_165836_p2           |     |        | add_ln313_1152 | add | fabric    | 0       |
|   add_ln313_1153_fu_165844_p2           |     |        | add_ln313_1153 | add | fabric    | 0       |
|   Tp_365_fu_165852_p2                   |     |        | Tp_365         | add | fabric    | 0       |
|   add_ln313_1155_fu_165862_p2           |     |        | add_ln313_1155 | add | fabric    | 0       |
|   add_ln313_1156_fu_165870_p2           |     |        | add_ln313_1156 | add | fabric    | 0       |
|   Tp_366_fu_165878_p2                   |     |        | Tp_366         | add | fabric    | 0       |
|   add_ln313_1158_fu_165888_p2           |     |        | add_ln313_1158 | add | fabric    | 0       |
|   add_ln313_1159_fu_165896_p2           |     |        | add_ln313_1159 | add | fabric    | 0       |
|   Tp_367_fu_165904_p2                   |     |        | Tp_367         | add | fabric    | 0       |
|   add_ln313_1161_fu_165914_p2           |     |        | add_ln313_1161 | add | fabric    | 0       |
|   add_ln313_1162_fu_165922_p2           |     |        | add_ln313_1162 | add | fabric    | 0       |
|   Tp_368_fu_165930_p2                   |     |        | Tp_368         | add | fabric    | 0       |
|   add_ln313_1164_fu_165940_p2           |     |        | add_ln313_1164 | add | fabric    | 0       |
|   add_ln313_1165_fu_165948_p2           |     |        | add_ln313_1165 | add | fabric    | 0       |
|   Tp_369_fu_165956_p2                   |     |        | Tp_369         | add | fabric    | 0       |
|   mac_muladd_6s_5s_12s_12_1_1_U1088     | 1   |        | mul_ln313_172  | mul | dsp_slice | 0       |
|   sub_ln313_202_fu_137209_p2            |     |        | sub_ln313_202  | sub | fabric    | 0       |
|   add_ln313_1169_fu_137239_p2           |     |        | add_ln313_1169 | add | fabric    | 0       |
|   mac_muladd_6s_5s_12s_12_1_1_U1088     | 1   |        | add_ln313_1170 | add | dsp_slice | 0       |
|   add_ln313_1171_fu_137252_p2           |     |        | add_ln313_1171 | add | fabric    | 0       |
|   add_ln313_1645_fu_137262_p2           |     |        | add_ln313_1645 | add | fabric    | 0       |
|   Tp_370_fu_137268_p2                   |     |        | Tp_370         | add | fabric    | 0       |
|   sub_ln313_203_fu_137285_p2            |     |        | sub_ln313_203  | sub | fabric    | 0       |
|   mac_muladd_6s_5s_11s_11_1_1_U1089     | 1   |        | mul_ln313_173  | mul | dsp_slice | 0       |
|   add_ln313_1173_fu_137307_p2           |     |        | add_ln313_1173 | add | fabric    | 0       |
|   mac_muladd_6s_5ns_5s_11_1_1_U1090     | 1   |        | factor7524     | mul | dsp_slice | 0       |
|   mac_muladd_6s_5ns_5s_11_1_1_U1090     | 1   |        | add_ln313_1174 | add | dsp_slice | 0       |
|   add_ln313_1175_fu_137313_p2           |     |        | add_ln313_1175 | add | fabric    | 0       |
|   mac_muladd_6s_5s_11s_11_1_1_U1089     | 1   |        | add_ln313_1176 | add | dsp_slice | 0       |
|   add_ln313_1177_fu_137325_p2           |     |        | add_ln313_1177 | add | fabric    | 0       |
|   mul_6s_5s_11_1_1_U497                 |     |        | mul_ln313_174  | mul | auto      | 0       |
|   add_ln313_1180_fu_165969_p2           |     |        | add_ln313_1180 | add | fabric    | 0       |
|   add_ln313_1181_fu_165977_p2           |     |        | add_ln313_1181 | add | fabric    | 0       |
|   add_ln313_1648_fu_165986_p2           |     |        | add_ln313_1648 | add | fabric    | 0       |
|   Tp_372_fu_165992_p2                   |     |        | Tp_372         | add | fabric    | 0       |
|   sub_ln313_204_fu_137371_p2            |     |        | sub_ln313_204  | sub | fabric    | 0       |
|   add_ln313_1184_fu_137387_p2           |     |        | add_ln313_1184 | add | fabric    | 0       |
|   mul_6s_5s_11_1_1_U498                 |     |        | mul_ln313_175  | mul | auto      | 0       |
|   add_ln313_1186_fu_166001_p2           |     |        | add_ln313_1186 | add | fabric    | 0       |
|   add_ln313_1187_fu_166009_p2           |     |        | add_ln313_1187 | add | fabric    | 0       |
|   add_ln313_1651_fu_166018_p2           |     |        | add_ln313_1651 | add | fabric    | 0       |
|   Tp_374_fu_166024_p2                   |     |        | Tp_374         | add | fabric    | 0       |
|   sub_ln313_205_fu_137426_p2            |     |        | sub_ln313_205  | sub | fabric    | 0       |
|   add_ln313_1190_fu_137442_p2           |     |        | add_ln313_1190 | add | fabric    | 0       |
|   mul_6s_5s_11_1_1_U499                 |     |        | mul_ln313_176  | mul | auto      | 0       |
|   add_ln313_1192_fu_166033_p2           |     |        | add_ln313_1192 | add | fabric    | 0       |
|   add_ln313_1193_fu_166041_p2           |     |        | add_ln313_1193 | add | fabric    | 0       |
|   add_ln313_1654_fu_166050_p2           |     |        | add_ln313_1654 | add | fabric    | 0       |
|   Tp_376_fu_166056_p2                   |     |        | Tp_376         | add | fabric    | 0       |
|   sub_ln313_206_fu_137481_p2            |     |        | sub_ln313_206  | sub | fabric    | 0       |
|   add_ln313_1196_fu_137497_p2           |     |        | add_ln313_1196 | add | fabric    | 0       |
|   mul_6s_5s_11_1_1_U500                 |     |        | mul_ln313_177  | mul | auto      | 0       |
|   add_ln313_1198_fu_166065_p2           |     |        | add_ln313_1198 | add | fabric    | 0       |
|   add_ln313_1199_fu_166073_p2           |     |        | add_ln313_1199 | add | fabric    | 0       |
|   add_ln313_1657_fu_166082_p2           |     |        | add_ln313_1657 | add | fabric    | 0       |
|   Tp_378_fu_166088_p2                   |     |        | Tp_378         | add | fabric    | 0       |
|   sub_ln313_207_fu_137536_p2            |     |        | sub_ln313_207  | sub | fabric    | 0       |
|   add_ln313_1202_fu_137552_p2           |     |        | add_ln313_1202 | add | fabric    | 0       |
|   mul_6s_5s_11_1_1_U501                 |     |        | mul_ln313_178  | mul | auto      | 0       |
|   add_ln313_1204_fu_166097_p2           |     |        | add_ln313_1204 | add | fabric    | 0       |
|   add_ln313_1205_fu_166105_p2           |     |        | add_ln313_1205 | add | fabric    | 0       |
|   add_ln313_1660_fu_166114_p2           |     |        | add_ln313_1660 | add | fabric    | 0       |
|   Tp_380_fu_166120_p2                   |     |        | Tp_380         | add | fabric    | 0       |
|   sub_ln313_208_fu_137591_p2            |     |        | sub_ln313_208  | sub | fabric    | 0       |
|   add_ln313_1208_fu_137607_p2           |     |        | add_ln313_1208 | add | fabric    | 0       |
|   mul_6s_5s_11_1_1_U502                 |     |        | mul_ln313_179  | mul | auto      | 0       |
|   add_ln313_1210_fu_166129_p2           |     |        | add_ln313_1210 | add | fabric    | 0       |
|   add_ln313_1211_fu_166137_p2           |     |        | add_ln313_1211 | add | fabric    | 0       |
|   add_ln313_1663_fu_166146_p2           |     |        | add_ln313_1663 | add | fabric    | 0       |
|   Tp_382_fu_166152_p2                   |     |        | Tp_382         | add | fabric    | 0       |
|   sub_ln313_209_fu_137646_p2            |     |        | sub_ln313_209  | sub | fabric    | 0       |
|   add_ln313_1214_fu_137662_p2           |     |        | add_ln313_1214 | add | fabric    | 0       |
|   sub_ln313_210_fu_137681_p2            |     |        | sub_ln313_210  | sub | fabric    | 0       |
|   add_ln313_1216_fu_166158_p2           |     |        | add_ln313_1216 | add | fabric    | 0       |
|   add_ln313_1217_fu_166166_p2           |     |        | add_ln313_1217 | add | fabric    | 0       |
|   Tp_384_fu_166174_p2                   |     |        | Tp_384         | add | fabric    | 0       |
|   add_ln313_1219_fu_166184_p2           |     |        | add_ln313_1219 | add | fabric    | 0       |
|   add_ln313_1220_fu_166192_p2           |     |        | add_ln313_1220 | add | fabric    | 0       |
|   Tp_385_fu_166200_p2                   |     |        | Tp_385         | add | fabric    | 0       |
|   add_ln313_1222_fu_166210_p2           |     |        | add_ln313_1222 | add | fabric    | 0       |
|   add_ln313_1223_fu_166218_p2           |     |        | add_ln313_1223 | add | fabric    | 0       |
|   Tp_386_fu_166226_p2                   |     |        | Tp_386         | add | fabric    | 0       |
|   add_ln313_1225_fu_166236_p2           |     |        | add_ln313_1225 | add | fabric    | 0       |
|   add_ln313_1226_fu_166244_p2           |     |        | add_ln313_1226 | add | fabric    | 0       |
|   Tp_387_fu_166252_p2                   |     |        | Tp_387         | add | fabric    | 0       |
|   add_ln313_1228_fu_166262_p2           |     |        | add_ln313_1228 | add | fabric    | 0       |
|   add_ln313_1229_fu_166270_p2           |     |        | add_ln313_1229 | add | fabric    | 0       |
|   Tp_388_fu_166278_p2                   |     |        | Tp_388         | add | fabric    | 0       |
|   add_ln313_1231_fu_166288_p2           |     |        | add_ln313_1231 | add | fabric    | 0       |
|   add_ln313_1232_fu_166296_p2           |     |        | add_ln313_1232 | add | fabric    | 0       |
|   Tp_389_fu_166304_p2                   |     |        | Tp_389         | add | fabric    | 0       |
|   add_ln313_1234_fu_166314_p2           |     |        | add_ln313_1234 | add | fabric    | 0       |
|   add_ln313_1235_fu_166322_p2           |     |        | add_ln313_1235 | add | fabric    | 0       |
|   Tp_390_fu_166330_p2                   |     |        | Tp_390         | add | fabric    | 0       |
|   add_ln313_1237_fu_166340_p2           |     |        | add_ln313_1237 | add | fabric    | 0       |
|   add_ln313_1238_fu_166348_p2           |     |        | add_ln313_1238 | add | fabric    | 0       |
|   Tp_391_fu_166356_p2                   |     |        | Tp_391         | add | fabric    | 0       |
|   add_ln313_1240_fu_166366_p2           |     |        | add_ln313_1240 | add | fabric    | 0       |
|   add_ln313_1241_fu_166374_p2           |     |        | add_ln313_1241 | add | fabric    | 0       |
|   Tp_392_fu_166382_p2                   |     |        | Tp_392         | add | fabric    | 0       |
|   add_ln313_1243_fu_166392_p2           |     |        | add_ln313_1243 | add | fabric    | 0       |
|   add_ln313_1244_fu_166400_p2           |     |        | add_ln313_1244 | add | fabric    | 0       |
|   Tp_393_fu_166408_p2                   |     |        | Tp_393         | add | fabric    | 0       |
|   add_ln313_1246_fu_166418_p2           |     |        | add_ln313_1246 | add | fabric    | 0       |
|   add_ln313_1247_fu_166426_p2           |     |        | add_ln313_1247 | add | fabric    | 0       |
|   Tp_394_fu_166434_p2                   |     |        | Tp_394         | add | fabric    | 0       |
|   add_ln313_1249_fu_166444_p2           |     |        | add_ln313_1249 | add | fabric    | 0       |
|   add_ln313_1250_fu_166452_p2           |     |        | add_ln313_1250 | add | fabric    | 0       |
|   Tp_395_fu_166460_p2                   |     |        | Tp_395         | add | fabric    | 0       |
|   mac_muladd_6s_5s_12s_12_1_1_U1091     | 1   |        | mul_ln313_180  | mul | dsp_slice | 0       |
|   sub_ln313_211_fu_137715_p2            |     |        | sub_ln313_211  | sub | fabric    | 0       |
|   add_ln313_1254_fu_137745_p2           |     |        | add_ln313_1254 | add | fabric    | 0       |
|   mac_muladd_6s_5s_12s_12_1_1_U1091     | 1   |        | add_ln313_1255 | add | dsp_slice | 0       |
|   add_ln313_1256_fu_137758_p2           |     |        | add_ln313_1256 | add | fabric    | 0       |
|   add_ln313_1678_fu_137768_p2           |     |        | add_ln313_1678 | add | fabric    | 0       |
|   Tp_396_fu_137774_p2                   |     |        | Tp_396         | add | fabric    | 0       |
|   sub_ln313_212_fu_137791_p2            |     |        | sub_ln313_212  | sub | fabric    | 0       |
|   mac_muladd_6s_5s_11s_11_1_1_U1092     | 1   |        | mul_ln313_181  | mul | dsp_slice | 0       |
|   add_ln313_1258_fu_137813_p2           |     |        | add_ln313_1258 | add | fabric    | 0       |
|   mac_muladd_6s_5ns_5s_11_1_1_U1093     | 1   |        | factor7526     | mul | dsp_slice | 0       |
|   mac_muladd_6s_5ns_5s_11_1_1_U1093     | 1   |        | add_ln313_1259 | add | dsp_slice | 0       |
|   add_ln313_1260_fu_137819_p2           |     |        | add_ln313_1260 | add | fabric    | 0       |
|   mac_muladd_6s_5s_11s_11_1_1_U1092     | 1   |        | add_ln313_1261 | add | dsp_slice | 0       |
|   add_ln313_1262_fu_137831_p2           |     |        | add_ln313_1262 | add | fabric    | 0       |
|   mul_6s_5s_11_1_1_U503                 |     |        | mul_ln313_182  | mul | auto      | 0       |
|   add_ln313_1265_fu_166473_p2           |     |        | add_ln313_1265 | add | fabric    | 0       |
|   add_ln313_1266_fu_166481_p2           |     |        | add_ln313_1266 | add | fabric    | 0       |
|   add_ln313_1681_fu_166490_p2           |     |        | add_ln313_1681 | add | fabric    | 0       |
|   Tp_398_fu_166496_p2                   |     |        | Tp_398         | add | fabric    | 0       |
|   sub_ln313_213_fu_137877_p2            |     |        | sub_ln313_213  | sub | fabric    | 0       |
|   add_ln313_1269_fu_137893_p2           |     |        | add_ln313_1269 | add | fabric    | 0       |
|   mul_6s_5s_11_1_1_U504                 |     |        | mul_ln313_183  | mul | auto      | 0       |
|   add_ln313_1271_fu_166505_p2           |     |        | add_ln313_1271 | add | fabric    | 0       |
|   add_ln313_1272_fu_166513_p2           |     |        | add_ln313_1272 | add | fabric    | 0       |
|   add_ln313_1684_fu_166522_p2           |     |        | add_ln313_1684 | add | fabric    | 0       |
|   Tp_400_fu_166528_p2                   |     |        | Tp_400         | add | fabric    | 0       |
|   sub_ln313_214_fu_137932_p2            |     |        | sub_ln313_214  | sub | fabric    | 0       |
|   add_ln313_1275_fu_137948_p2           |     |        | add_ln313_1275 | add | fabric    | 0       |
|   mul_6s_5s_11_1_1_U505                 |     |        | mul_ln313_184  | mul | auto      | 0       |
|   add_ln313_1277_fu_166537_p2           |     |        | add_ln313_1277 | add | fabric    | 0       |
|   add_ln313_1278_fu_166545_p2           |     |        | add_ln313_1278 | add | fabric    | 0       |
|   add_ln313_1687_fu_166554_p2           |     |        | add_ln313_1687 | add | fabric    | 0       |
|   Tp_402_fu_166560_p2                   |     |        | Tp_402         | add | fabric    | 0       |
|   sub_ln313_215_fu_137987_p2            |     |        | sub_ln313_215  | sub | fabric    | 0       |
|   add_ln313_1281_fu_138003_p2           |     |        | add_ln313_1281 | add | fabric    | 0       |
|   mul_6s_5s_11_1_1_U506                 |     |        | mul_ln313_185  | mul | auto      | 0       |
|   add_ln313_1283_fu_166569_p2           |     |        | add_ln313_1283 | add | fabric    | 0       |
|   add_ln313_1284_fu_166577_p2           |     |        | add_ln313_1284 | add | fabric    | 0       |
|   add_ln313_1690_fu_166586_p2           |     |        | add_ln313_1690 | add | fabric    | 0       |
|   Tp_404_fu_166592_p2                   |     |        | Tp_404         | add | fabric    | 0       |
|   sub_ln313_216_fu_138042_p2            |     |        | sub_ln313_216  | sub | fabric    | 0       |
|   add_ln313_1287_fu_138058_p2           |     |        | add_ln313_1287 | add | fabric    | 0       |
|   mul_6s_5s_11_1_1_U507                 |     |        | mul_ln313_186  | mul | auto      | 0       |
|   add_ln313_1289_fu_166601_p2           |     |        | add_ln313_1289 | add | fabric    | 0       |
|   add_ln313_1290_fu_166609_p2           |     |        | add_ln313_1290 | add | fabric    | 0       |
|   add_ln313_1693_fu_166618_p2           |     |        | add_ln313_1693 | add | fabric    | 0       |
|   Tp_406_fu_166624_p2                   |     |        | Tp_406         | add | fabric    | 0       |
|   sub_ln313_217_fu_138097_p2            |     |        | sub_ln313_217  | sub | fabric    | 0       |
|   add_ln313_1293_fu_138113_p2           |     |        | add_ln313_1293 | add | fabric    | 0       |
|   sub_ln313_218_fu_138132_p2            |     |        | sub_ln313_218  | sub | fabric    | 0       |
|   add_ln313_1295_fu_166630_p2           |     |        | add_ln313_1295 | add | fabric    | 0       |
|   add_ln313_1296_fu_166638_p2           |     |        | add_ln313_1296 | add | fabric    | 0       |
|   Tp_408_fu_166646_p2                   |     |        | Tp_408         | add | fabric    | 0       |
|   add_ln313_1298_fu_166656_p2           |     |        | add_ln313_1298 | add | fabric    | 0       |
|   add_ln313_1299_fu_166664_p2           |     |        | add_ln313_1299 | add | fabric    | 0       |
|   Tp_409_fu_166672_p2                   |     |        | Tp_409         | add | fabric    | 0       |
|   add_ln313_1301_fu_166682_p2           |     |        | add_ln313_1301 | add | fabric    | 0       |
|   add_ln313_1302_fu_166690_p2           |     |        | add_ln313_1302 | add | fabric    | 0       |
|   Tp_410_fu_166698_p2                   |     |        | Tp_410         | add | fabric    | 0       |
|   add_ln313_1304_fu_166708_p2           |     |        | add_ln313_1304 | add | fabric    | 0       |
|   add_ln313_1305_fu_166716_p2           |     |        | add_ln313_1305 | add | fabric    | 0       |
|   Tp_411_fu_166724_p2                   |     |        | Tp_411         | add | fabric    | 0       |
|   add_ln313_1307_fu_166734_p2           |     |        | add_ln313_1307 | add | fabric    | 0       |
|   add_ln313_1308_fu_166742_p2           |     |        | add_ln313_1308 | add | fabric    | 0       |
|   Tp_412_fu_166750_p2                   |     |        | Tp_412         | add | fabric    | 0       |
|   add_ln313_1310_fu_166760_p2           |     |        | add_ln313_1310 | add | fabric    | 0       |
|   add_ln313_1311_fu_166768_p2           |     |        | add_ln313_1311 | add | fabric    | 0       |
|   Tp_413_fu_166776_p2                   |     |        | Tp_413         | add | fabric    | 0       |
|   add_ln313_1313_fu_166786_p2           |     |        | add_ln313_1313 | add | fabric    | 0       |
|   add_ln313_1314_fu_166794_p2           |     |        | add_ln313_1314 | add | fabric    | 0       |
|   Tp_414_fu_166802_p2                   |     |        | Tp_414         | add | fabric    | 0       |
|   add_ln313_1316_fu_166812_p2           |     |        | add_ln313_1316 | add | fabric    | 0       |
|   add_ln313_1317_fu_166820_p2           |     |        | add_ln313_1317 | add | fabric    | 0       |
|   Tp_415_fu_166828_p2                   |     |        | Tp_415         | add | fabric    | 0       |
|   add_ln313_1319_fu_166838_p2           |     |        | add_ln313_1319 | add | fabric    | 0       |
|   add_ln313_1320_fu_166846_p2           |     |        | add_ln313_1320 | add | fabric    | 0       |
|   Tp_416_fu_166854_p2                   |     |        | Tp_416         | add | fabric    | 0       |
|   add_ln313_1322_fu_166864_p2           |     |        | add_ln313_1322 | add | fabric    | 0       |
|   add_ln313_1323_fu_166872_p2           |     |        | add_ln313_1323 | add | fabric    | 0       |
|   Tp_417_fu_166880_p2                   |     |        | Tp_417         | add | fabric    | 0       |
|   add_ln313_1325_fu_166890_p2           |     |        | add_ln313_1325 | add | fabric    | 0       |
|   add_ln313_1326_fu_166898_p2           |     |        | add_ln313_1326 | add | fabric    | 0       |
|   Tp_418_fu_166906_p2                   |     |        | Tp_418         | add | fabric    | 0       |
|   add_ln313_1328_fu_166916_p2           |     |        | add_ln313_1328 | add | fabric    | 0       |
|   add_ln313_1329_fu_166924_p2           |     |        | add_ln313_1329 | add | fabric    | 0       |
|   Tp_419_fu_166932_p2                   |     |        | Tp_419         | add | fabric    | 0       |
|   add_ln313_1331_fu_166942_p2           |     |        | add_ln313_1331 | add | fabric    | 0       |
|   add_ln313_1332_fu_166950_p2           |     |        | add_ln313_1332 | add | fabric    | 0       |
|   Tp_420_fu_166958_p2                   |     |        | Tp_420         | add | fabric    | 0       |
|   mac_muladd_6s_5s_12s_12_1_1_U1094     | 1   |        | mul_ln313_187  | mul | dsp_slice | 0       |
|   sub_ln313_219_fu_138166_p2            |     |        | sub_ln313_219  | sub | fabric    | 0       |
|   add_ln313_1336_fu_138196_p2           |     |        | add_ln313_1336 | add | fabric    | 0       |
|   mac_muladd_6s_5s_12s_12_1_1_U1094     | 1   |        | add_ln313_1337 | add | dsp_slice | 0       |
|   add_ln313_1338_fu_138209_p2           |     |        | add_ln313_1338 | add | fabric    | 0       |
|   add_ln313_1709_fu_138219_p2           |     |        | add_ln313_1709 | add | fabric    | 0       |
|   Tp_421_fu_138225_p2                   |     |        | Tp_421         | add | fabric    | 0       |
|   sub_ln313_220_fu_138242_p2            |     |        | sub_ln313_220  | sub | fabric    | 0       |
|   mac_muladd_6s_5s_11s_11_1_1_U1095     | 1   |        | mul_ln313_188  | mul | dsp_slice | 0       |
|   add_ln313_1340_fu_138264_p2           |     |        | add_ln313_1340 | add | fabric    | 0       |
|   mac_muladd_6s_5ns_5s_11_1_1_U1096     | 1   |        | factor7528     | mul | dsp_slice | 0       |
|   mac_muladd_6s_5ns_5s_11_1_1_U1096     | 1   |        | add_ln313_1341 | add | dsp_slice | 0       |
|   add_ln313_1342_fu_138270_p2           |     |        | add_ln313_1342 | add | fabric    | 0       |
|   mac_muladd_6s_5s_11s_11_1_1_U1095     | 1   |        | add_ln313_1343 | add | dsp_slice | 0       |
|   add_ln313_1344_fu_138282_p2           |     |        | add_ln313_1344 | add | fabric    | 0       |
|   mul_6s_5s_11_1_1_U508                 |     |        | mul_ln313_189  | mul | auto      | 0       |
|   add_ln313_1347_fu_166971_p2           |     |        | add_ln313_1347 | add | fabric    | 0       |
|   add_ln313_1348_fu_166979_p2           |     |        | add_ln313_1348 | add | fabric    | 0       |
|   add_ln313_1712_fu_166988_p2           |     |        | add_ln313_1712 | add | fabric    | 0       |
|   Tp_423_fu_166994_p2                   |     |        | Tp_423         | add | fabric    | 0       |
|   sub_ln313_221_fu_138328_p2            |     |        | sub_ln313_221  | sub | fabric    | 0       |
|   add_ln313_1351_fu_138344_p2           |     |        | add_ln313_1351 | add | fabric    | 0       |
|   mul_6s_5s_11_1_1_U509                 |     |        | mul_ln313_190  | mul | auto      | 0       |
|   add_ln313_1353_fu_167003_p2           |     |        | add_ln313_1353 | add | fabric    | 0       |
|   add_ln313_1354_fu_167011_p2           |     |        | add_ln313_1354 | add | fabric    | 0       |
|   add_ln313_1715_fu_167020_p2           |     |        | add_ln313_1715 | add | fabric    | 0       |
|   Tp_425_fu_167026_p2                   |     |        | Tp_425         | add | fabric    | 0       |
|   sub_ln313_222_fu_138383_p2            |     |        | sub_ln313_222  | sub | fabric    | 0       |
|   add_ln313_1357_fu_138399_p2           |     |        | add_ln313_1357 | add | fabric    | 0       |
|   mul_6s_5s_11_1_1_U510                 |     |        | mul_ln313_191  | mul | auto      | 0       |
|   add_ln313_1359_fu_167035_p2           |     |        | add_ln313_1359 | add | fabric    | 0       |
|   add_ln313_1360_fu_167043_p2           |     |        | add_ln313_1360 | add | fabric    | 0       |
|   add_ln313_1718_fu_167052_p2           |     |        | add_ln313_1718 | add | fabric    | 0       |
|   Tp_427_fu_167058_p2                   |     |        | Tp_427         | add | fabric    | 0       |
|   sub_ln313_223_fu_138438_p2            |     |        | sub_ln313_223  | sub | fabric    | 0       |
|   add_ln313_1363_fu_138454_p2           |     |        | add_ln313_1363 | add | fabric    | 0       |
|   mul_6s_5s_11_1_1_U511                 |     |        | mul_ln313_192  | mul | auto      | 0       |
|   add_ln313_1365_fu_167067_p2           |     |        | add_ln313_1365 | add | fabric    | 0       |
|   add_ln313_1366_fu_167075_p2           |     |        | add_ln313_1366 | add | fabric    | 0       |
|   add_ln313_1721_fu_167084_p2           |     |        | add_ln313_1721 | add | fabric    | 0       |
|   Tp_429_fu_167090_p2                   |     |        | Tp_429         | add | fabric    | 0       |
|   sub_ln313_224_fu_138493_p2            |     |        | sub_ln313_224  | sub | fabric    | 0       |
|   add_ln313_1369_fu_138509_p2           |     |        | add_ln313_1369 | add | fabric    | 0       |
|   sub_ln313_225_fu_138528_p2            |     |        | sub_ln313_225  | sub | fabric    | 0       |
|   add_ln313_1371_fu_167096_p2           |     |        | add_ln313_1371 | add | fabric    | 0       |
|   add_ln313_1372_fu_167104_p2           |     |        | add_ln313_1372 | add | fabric    | 0       |
|   Tp_431_fu_167112_p2                   |     |        | Tp_431         | add | fabric    | 0       |
|   add_ln313_1374_fu_167122_p2           |     |        | add_ln313_1374 | add | fabric    | 0       |
|   add_ln313_1375_fu_167130_p2           |     |        | add_ln313_1375 | add | fabric    | 0       |
|   Tp_432_fu_167138_p2                   |     |        | Tp_432         | add | fabric    | 0       |
|   add_ln313_1377_fu_167148_p2           |     |        | add_ln313_1377 | add | fabric    | 0       |
|   add_ln313_1378_fu_167156_p2           |     |        | add_ln313_1378 | add | fabric    | 0       |
|   Tp_433_fu_167164_p2                   |     |        | Tp_433         | add | fabric    | 0       |
|   add_ln313_1380_fu_167174_p2           |     |        | add_ln313_1380 | add | fabric    | 0       |
|   add_ln313_1381_fu_167182_p2           |     |        | add_ln313_1381 | add | fabric    | 0       |
|   Tp_434_fu_167190_p2                   |     |        | Tp_434         | add | fabric    | 0       |
|   add_ln313_1383_fu_167200_p2           |     |        | add_ln313_1383 | add | fabric    | 0       |
|   add_ln313_1384_fu_167208_p2           |     |        | add_ln313_1384 | add | fabric    | 0       |
|   Tp_435_fu_167216_p2                   |     |        | Tp_435         | add | fabric    | 0       |
|   add_ln313_1386_fu_167226_p2           |     |        | add_ln313_1386 | add | fabric    | 0       |
|   add_ln313_1387_fu_167234_p2           |     |        | add_ln313_1387 | add | fabric    | 0       |
|   Tp_436_fu_167242_p2                   |     |        | Tp_436         | add | fabric    | 0       |
|   add_ln313_1389_fu_167252_p2           |     |        | add_ln313_1389 | add | fabric    | 0       |
|   add_ln313_1390_fu_167260_p2           |     |        | add_ln313_1390 | add | fabric    | 0       |
|   Tp_437_fu_167268_p2                   |     |        | Tp_437         | add | fabric    | 0       |
|   add_ln313_1392_fu_167278_p2           |     |        | add_ln313_1392 | add | fabric    | 0       |
|   add_ln313_1393_fu_167286_p2           |     |        | add_ln313_1393 | add | fabric    | 0       |
|   Tp_438_fu_167294_p2                   |     |        | Tp_438         | add | fabric    | 0       |
|   add_ln313_1395_fu_167304_p2           |     |        | add_ln313_1395 | add | fabric    | 0       |
|   add_ln313_1396_fu_167312_p2           |     |        | add_ln313_1396 | add | fabric    | 0       |
|   Tp_439_fu_167320_p2                   |     |        | Tp_439         | add | fabric    | 0       |
|   add_ln313_1398_fu_167330_p2           |     |        | add_ln313_1398 | add | fabric    | 0       |
|   add_ln313_1399_fu_167338_p2           |     |        | add_ln313_1399 | add | fabric    | 0       |
|   Tp_440_fu_167346_p2                   |     |        | Tp_440         | add | fabric    | 0       |
|   add_ln313_1401_fu_167356_p2           |     |        | add_ln313_1401 | add | fabric    | 0       |
|   add_ln313_1402_fu_167364_p2           |     |        | add_ln313_1402 | add | fabric    | 0       |
|   Tp_441_fu_167372_p2                   |     |        | Tp_441         | add | fabric    | 0       |
|   add_ln313_1404_fu_167382_p2           |     |        | add_ln313_1404 | add | fabric    | 0       |
|   add_ln313_1405_fu_167390_p2           |     |        | add_ln313_1405 | add | fabric    | 0       |
|   Tp_442_fu_167398_p2                   |     |        | Tp_442         | add | fabric    | 0       |
|   add_ln313_1407_fu_167408_p2           |     |        | add_ln313_1407 | add | fabric    | 0       |
|   add_ln313_1408_fu_167416_p2           |     |        | add_ln313_1408 | add | fabric    | 0       |
|   Tp_443_fu_167424_p2                   |     |        | Tp_443         | add | fabric    | 0       |
|   add_ln313_1410_fu_167434_p2           |     |        | add_ln313_1410 | add | fabric    | 0       |
|   add_ln313_1411_fu_167442_p2           |     |        | add_ln313_1411 | add | fabric    | 0       |
|   Tp_444_fu_167450_p2                   |     |        | Tp_444         | add | fabric    | 0       |
|   mac_muladd_6s_5s_12s_12_1_1_U1097     | 1   |        | mul_ln313_193  | mul | dsp_slice | 0       |
|   sub_ln313_226_fu_138562_p2            |     |        | sub_ln313_226  | sub | fabric    | 0       |
|   add_ln313_1415_fu_138592_p2           |     |        | add_ln313_1415 | add | fabric    | 0       |
|   mac_muladd_6s_5s_12s_12_1_1_U1097     | 1   |        | add_ln313_1416 | add | dsp_slice | 0       |
|   add_ln313_1417_fu_138605_p2           |     |        | add_ln313_1417 | add | fabric    | 0       |
|   add_ln313_1738_fu_138615_p2           |     |        | add_ln313_1738 | add | fabric    | 0       |
|   Tp_445_fu_138621_p2                   |     |        | Tp_445         | add | fabric    | 0       |
|   sub_ln313_227_fu_138638_p2            |     |        | sub_ln313_227  | sub | fabric    | 0       |
|   mac_muladd_6s_5s_11s_11_1_1_U1098     | 1   |        | mul_ln313_194  | mul | dsp_slice | 0       |
|   add_ln313_1419_fu_138660_p2           |     |        | add_ln313_1419 | add | fabric    | 0       |
|   mac_muladd_6s_5ns_5s_11_1_1_U1099     | 1   |        | factor7530     | mul | dsp_slice | 0       |
|   mac_muladd_6s_5ns_5s_11_1_1_U1099     | 1   |        | add_ln313_1420 | add | dsp_slice | 0       |
|   add_ln313_1421_fu_138666_p2           |     |        | add_ln313_1421 | add | fabric    | 0       |
|   mac_muladd_6s_5s_11s_11_1_1_U1098     | 1   |        | add_ln313_1422 | add | dsp_slice | 0       |
|   add_ln313_1423_fu_138678_p2           |     |        | add_ln313_1423 | add | fabric    | 0       |
|   mul_6s_5s_11_1_1_U512                 |     |        | mul_ln313_195  | mul | auto      | 0       |
|   add_ln313_1426_fu_167463_p2           |     |        | add_ln313_1426 | add | fabric    | 0       |
|   add_ln313_1427_fu_167471_p2           |     |        | add_ln313_1427 | add | fabric    | 0       |
|   add_ln313_1741_fu_167480_p2           |     |        | add_ln313_1741 | add | fabric    | 0       |
|   Tp_447_fu_167486_p2                   |     |        | Tp_447         | add | fabric    | 0       |
|   sub_ln313_228_fu_138724_p2            |     |        | sub_ln313_228  | sub | fabric    | 0       |
|   add_ln313_1430_fu_138740_p2           |     |        | add_ln313_1430 | add | fabric    | 0       |
|   mul_6s_5s_11_1_1_U513                 |     |        | mul_ln313_196  | mul | auto      | 0       |
|   add_ln313_1432_fu_167495_p2           |     |        | add_ln313_1432 | add | fabric    | 0       |
|   add_ln313_1433_fu_167503_p2           |     |        | add_ln313_1433 | add | fabric    | 0       |
|   add_ln313_1744_fu_167512_p2           |     |        | add_ln313_1744 | add | fabric    | 0       |
|   Tp_449_fu_167518_p2                   |     |        | Tp_449         | add | fabric    | 0       |
|   sub_ln313_229_fu_138779_p2            |     |        | sub_ln313_229  | sub | fabric    | 0       |
|   add_ln313_1436_fu_138795_p2           |     |        | add_ln313_1436 | add | fabric    | 0       |
|   mul_6s_5s_11_1_1_U514                 |     |        | mul_ln313_197  | mul | auto      | 0       |
|   add_ln313_1438_fu_167527_p2           |     |        | add_ln313_1438 | add | fabric    | 0       |
|   add_ln313_1439_fu_167535_p2           |     |        | add_ln313_1439 | add | fabric    | 0       |
|   add_ln313_1747_fu_167544_p2           |     |        | add_ln313_1747 | add | fabric    | 0       |
|   Tp_451_fu_167550_p2                   |     |        | Tp_451         | add | fabric    | 0       |
|   sub_ln313_230_fu_138834_p2            |     |        | sub_ln313_230  | sub | fabric    | 0       |
|   add_ln313_1442_fu_138850_p2           |     |        | add_ln313_1442 | add | fabric    | 0       |
|   sub_ln313_231_fu_138869_p2            |     |        | sub_ln313_231  | sub | fabric    | 0       |
|   add_ln313_1444_fu_167556_p2           |     |        | add_ln313_1444 | add | fabric    | 0       |
|   add_ln313_1445_fu_167564_p2           |     |        | add_ln313_1445 | add | fabric    | 0       |
|   Tp_453_fu_167572_p2                   |     |        | Tp_453         | add | fabric    | 0       |
|   add_ln313_1447_fu_167582_p2           |     |        | add_ln313_1447 | add | fabric    | 0       |
|   add_ln313_1448_fu_167590_p2           |     |        | add_ln313_1448 | add | fabric    | 0       |
|   Tp_454_fu_167598_p2                   |     |        | Tp_454         | add | fabric    | 0       |
|   add_ln313_1450_fu_167608_p2           |     |        | add_ln313_1450 | add | fabric    | 0       |
|   add_ln313_1451_fu_167616_p2           |     |        | add_ln313_1451 | add | fabric    | 0       |
|   Tp_455_fu_167624_p2                   |     |        | Tp_455         | add | fabric    | 0       |
|   add_ln313_1453_fu_167634_p2           |     |        | add_ln313_1453 | add | fabric    | 0       |
|   add_ln313_1454_fu_167642_p2           |     |        | add_ln313_1454 | add | fabric    | 0       |
|   Tp_456_fu_167650_p2                   |     |        | Tp_456         | add | fabric    | 0       |
|   add_ln313_1456_fu_167660_p2           |     |        | add_ln313_1456 | add | fabric    | 0       |
|   add_ln313_1457_fu_167668_p2           |     |        | add_ln313_1457 | add | fabric    | 0       |
|   Tp_457_fu_167676_p2                   |     |        | Tp_457         | add | fabric    | 0       |
|   add_ln313_1459_fu_167686_p2           |     |        | add_ln313_1459 | add | fabric    | 0       |
|   add_ln313_1460_fu_167694_p2           |     |        | add_ln313_1460 | add | fabric    | 0       |
|   Tp_458_fu_167702_p2                   |     |        | Tp_458         | add | fabric    | 0       |
|   add_ln313_1462_fu_167712_p2           |     |        | add_ln313_1462 | add | fabric    | 0       |
|   add_ln313_1463_fu_167720_p2           |     |        | add_ln313_1463 | add | fabric    | 0       |
|   Tp_459_fu_167728_p2                   |     |        | Tp_459         | add | fabric    | 0       |
|   add_ln313_1465_fu_167738_p2           |     |        | add_ln313_1465 | add | fabric    | 0       |
|   add_ln313_1466_fu_167746_p2           |     |        | add_ln313_1466 | add | fabric    | 0       |
|   Tp_460_fu_167754_p2                   |     |        | Tp_460         | add | fabric    | 0       |
|   add_ln313_1468_fu_167764_p2           |     |        | add_ln313_1468 | add | fabric    | 0       |
|   add_ln313_1469_fu_167772_p2           |     |        | add_ln313_1469 | add | fabric    | 0       |
|   Tp_461_fu_167780_p2                   |     |        | Tp_461         | add | fabric    | 0       |
|   add_ln313_1471_fu_167790_p2           |     |        | add_ln313_1471 | add | fabric    | 0       |
|   add_ln313_1472_fu_167798_p2           |     |        | add_ln313_1472 | add | fabric    | 0       |
|   Tp_462_fu_167806_p2                   |     |        | Tp_462         | add | fabric    | 0       |
|   add_ln313_1474_fu_167816_p2           |     |        | add_ln313_1474 | add | fabric    | 0       |
|   add_ln313_1475_fu_167824_p2           |     |        | add_ln313_1475 | add | fabric    | 0       |
|   Tp_463_fu_167832_p2                   |     |        | Tp_463         | add | fabric    | 0       |
|   add_ln313_1477_fu_167842_p2           |     |        | add_ln313_1477 | add | fabric    | 0       |
|   add_ln313_1478_fu_167850_p2           |     |        | add_ln313_1478 | add | fabric    | 0       |
|   Tp_464_fu_167858_p2                   |     |        | Tp_464         | add | fabric    | 0       |
|   add_ln313_1480_fu_167868_p2           |     |        | add_ln313_1480 | add | fabric    | 0       |
|   add_ln313_1481_fu_167876_p2           |     |        | add_ln313_1481 | add | fabric    | 0       |
|   Tp_465_fu_167884_p2                   |     |        | Tp_465         | add | fabric    | 0       |
|   add_ln313_1483_fu_167894_p2           |     |        | add_ln313_1483 | add | fabric    | 0       |
|   add_ln313_1484_fu_167902_p2           |     |        | add_ln313_1484 | add | fabric    | 0       |
|   Tp_466_fu_167910_p2                   |     |        | Tp_466         | add | fabric    | 0       |
|   add_ln313_1486_fu_167920_p2           |     |        | add_ln313_1486 | add | fabric    | 0       |
|   add_ln313_1487_fu_167928_p2           |     |        | add_ln313_1487 | add | fabric    | 0       |
|   Tp_467_fu_167936_p2                   |     |        | Tp_467         | add | fabric    | 0       |
|   mac_muladd_6s_5s_12s_12_1_1_U1100     | 1   |        | mul_ln313_198  | mul | dsp_slice | 0       |
|   sub_ln313_232_fu_138903_p2            |     |        | sub_ln313_232  | sub | fabric    | 0       |
|   add_ln313_1491_fu_138933_p2           |     |        | add_ln313_1491 | add | fabric    | 0       |
|   mac_muladd_6s_5s_12s_12_1_1_U1100     | 1   |        | add_ln313_1492 | add | dsp_slice | 0       |
|   add_ln313_1493_fu_138946_p2           |     |        | add_ln313_1493 | add | fabric    | 0       |
|   add_ln313_1765_fu_138956_p2           |     |        | add_ln313_1765 | add | fabric    | 0       |
|   Tp_468_fu_138962_p2                   |     |        | Tp_468         | add | fabric    | 0       |
|   sub_ln313_233_fu_138979_p2            |     |        | sub_ln313_233  | sub | fabric    | 0       |
|   mac_muladd_6s_5s_11s_11_1_1_U1101     | 1   |        | mul_ln313_199  | mul | dsp_slice | 0       |
|   add_ln313_1495_fu_139001_p2           |     |        | add_ln313_1495 | add | fabric    | 0       |
|   mac_muladd_6s_5ns_5s_11_1_1_U1102     | 1   |        | factor7532     | mul | dsp_slice | 0       |
|   mac_muladd_6s_5ns_5s_11_1_1_U1102     | 1   |        | add_ln313_1496 | add | dsp_slice | 0       |
|   add_ln313_1497_fu_139007_p2           |     |        | add_ln313_1497 | add | fabric    | 0       |
|   mac_muladd_6s_5s_11s_11_1_1_U1101     | 1   |        | add_ln313_1498 | add | dsp_slice | 0       |
|   add_ln313_1499_fu_139019_p2           |     |        | add_ln313_1499 | add | fabric    | 0       |
|   mul_6s_5s_11_1_1_U515                 |     |        | mul_ln313_200  | mul | auto      | 0       |
|   add_ln313_1502_fu_167949_p2           |     |        | add_ln313_1502 | add | fabric    | 0       |
|   add_ln313_1503_fu_167957_p2           |     |        | add_ln313_1503 | add | fabric    | 0       |
|   add_ln313_1768_fu_167966_p2           |     |        | add_ln313_1768 | add | fabric    | 0       |
|   Tp_470_fu_167972_p2                   |     |        | Tp_470         | add | fabric    | 0       |
|   sub_ln313_234_fu_139065_p2            |     |        | sub_ln313_234  | sub | fabric    | 0       |
|   add_ln313_1506_fu_139081_p2           |     |        | add_ln313_1506 | add | fabric    | 0       |
|   mul_6s_5s_11_1_1_U516                 |     |        | mul_ln313_201  | mul | auto      | 0       |
|   add_ln313_1508_fu_167981_p2           |     |        | add_ln313_1508 | add | fabric    | 0       |
|   add_ln313_1509_fu_167989_p2           |     |        | add_ln313_1509 | add | fabric    | 0       |
|   add_ln313_1771_fu_167998_p2           |     |        | add_ln313_1771 | add | fabric    | 0       |
|   Tp_472_fu_168004_p2                   |     |        | Tp_472         | add | fabric    | 0       |
|   sub_ln313_235_fu_139120_p2            |     |        | sub_ln313_235  | sub | fabric    | 0       |
|   add_ln313_1512_fu_139136_p2           |     |        | add_ln313_1512 | add | fabric    | 0       |
|   sub_ln313_236_fu_139155_p2            |     |        | sub_ln313_236  | sub | fabric    | 0       |
|   add_ln313_1514_fu_168010_p2           |     |        | add_ln313_1514 | add | fabric    | 0       |
|   add_ln313_1515_fu_168018_p2           |     |        | add_ln313_1515 | add | fabric    | 0       |
|   Tp_474_fu_168026_p2                   |     |        | Tp_474         | add | fabric    | 0       |
|   add_ln313_1517_fu_168036_p2           |     |        | add_ln313_1517 | add | fabric    | 0       |
|   add_ln313_1518_fu_168044_p2           |     |        | add_ln313_1518 | add | fabric    | 0       |
|   Tp_475_fu_168052_p2                   |     |        | Tp_475         | add | fabric    | 0       |
|   add_ln313_1520_fu_168062_p2           |     |        | add_ln313_1520 | add | fabric    | 0       |
|   add_ln313_1521_fu_168070_p2           |     |        | add_ln313_1521 | add | fabric    | 0       |
|   Tp_476_fu_168078_p2                   |     |        | Tp_476         | add | fabric    | 0       |
|   add_ln313_1523_fu_168088_p2           |     |        | add_ln313_1523 | add | fabric    | 0       |
|   add_ln313_1524_fu_168096_p2           |     |        | add_ln313_1524 | add | fabric    | 0       |
|   Tp_477_fu_168104_p2                   |     |        | Tp_477         | add | fabric    | 0       |
|   add_ln313_1526_fu_168114_p2           |     |        | add_ln313_1526 | add | fabric    | 0       |
|   add_ln313_1527_fu_168122_p2           |     |        | add_ln313_1527 | add | fabric    | 0       |
|   Tp_478_fu_168130_p2                   |     |        | Tp_478         | add | fabric    | 0       |
|   add_ln313_1529_fu_168140_p2           |     |        | add_ln313_1529 | add | fabric    | 0       |
|   add_ln313_1530_fu_168148_p2           |     |        | add_ln313_1530 | add | fabric    | 0       |
|   Tp_479_fu_168156_p2                   |     |        | Tp_479         | add | fabric    | 0       |
|   add_ln313_1532_fu_168166_p2           |     |        | add_ln313_1532 | add | fabric    | 0       |
|   add_ln313_1533_fu_168174_p2           |     |        | add_ln313_1533 | add | fabric    | 0       |
|   Tp_480_fu_168182_p2                   |     |        | Tp_480         | add | fabric    | 0       |
|   add_ln313_1535_fu_168192_p2           |     |        | add_ln313_1535 | add | fabric    | 0       |
|   add_ln313_1536_fu_168200_p2           |     |        | add_ln313_1536 | add | fabric    | 0       |
|   Tp_481_fu_168208_p2                   |     |        | Tp_481         | add | fabric    | 0       |
|   add_ln313_1538_fu_168218_p2           |     |        | add_ln313_1538 | add | fabric    | 0       |
|   add_ln313_1539_fu_168226_p2           |     |        | add_ln313_1539 | add | fabric    | 0       |
|   Tp_482_fu_168234_p2                   |     |        | Tp_482         | add | fabric    | 0       |
|   add_ln313_1541_fu_168244_p2           |     |        | add_ln313_1541 | add | fabric    | 0       |
|   add_ln313_1542_fu_168252_p2           |     |        | add_ln313_1542 | add | fabric    | 0       |
|   Tp_483_fu_168260_p2                   |     |        | Tp_483         | add | fabric    | 0       |
|   add_ln313_1544_fu_168270_p2           |     |        | add_ln313_1544 | add | fabric    | 0       |
|   add_ln313_1545_fu_168278_p2           |     |        | add_ln313_1545 | add | fabric    | 0       |
|   Tp_484_fu_168286_p2                   |     |        | Tp_484         | add | fabric    | 0       |
|   add_ln313_1547_fu_168296_p2           |     |        | add_ln313_1547 | add | fabric    | 0       |
|   add_ln313_1548_fu_168304_p2           |     |        | add_ln313_1548 | add | fabric    | 0       |
|   Tp_485_fu_168312_p2                   |     |        | Tp_485         | add | fabric    | 0       |
|   add_ln313_1550_fu_168322_p2           |     |        | add_ln313_1550 | add | fabric    | 0       |
|   add_ln313_1551_fu_168330_p2           |     |        | add_ln313_1551 | add | fabric    | 0       |
|   Tp_486_fu_168338_p2                   |     |        | Tp_486         | add | fabric    | 0       |
|   add_ln313_1553_fu_168348_p2           |     |        | add_ln313_1553 | add | fabric    | 0       |
|   add_ln313_1554_fu_168356_p2           |     |        | add_ln313_1554 | add | fabric    | 0       |
|   Tp_487_fu_168364_p2                   |     |        | Tp_487         | add | fabric    | 0       |
|   add_ln313_1556_fu_168374_p2           |     |        | add_ln313_1556 | add | fabric    | 0       |
|   add_ln313_1557_fu_168382_p2           |     |        | add_ln313_1557 | add | fabric    | 0       |
|   Tp_488_fu_168390_p2                   |     |        | Tp_488         | add | fabric    | 0       |
|   add_ln313_1559_fu_168400_p2           |     |        | add_ln313_1559 | add | fabric    | 0       |
|   add_ln313_1560_fu_168408_p2           |     |        | add_ln313_1560 | add | fabric    | 0       |
|   Tp_489_fu_168416_p2                   |     |        | Tp_489         | add | fabric    | 0       |
|   mac_muladd_6s_5s_12s_12_1_1_U1103     | 1   |        | mul_ln313_202  | mul | dsp_slice | 0       |
|   sub_ln313_237_fu_139189_p2            |     |        | sub_ln313_237  | sub | fabric    | 0       |
|   add_ln313_1564_fu_139219_p2           |     |        | add_ln313_1564 | add | fabric    | 0       |
|   mac_muladd_6s_5s_12s_12_1_1_U1103     | 1   |        | add_ln313_1565 | add | dsp_slice | 0       |
|   add_ln313_1566_fu_139232_p2           |     |        | add_ln313_1566 | add | fabric    | 0       |
|   add_ln313_1790_fu_139242_p2           |     |        | add_ln313_1790 | add | fabric    | 0       |
|   Tp_490_fu_139248_p2                   |     |        | Tp_490         | add | fabric    | 0       |
|   sub_ln313_238_fu_139265_p2            |     |        | sub_ln313_238  | sub | fabric    | 0       |
|   mac_muladd_6s_5s_11s_11_1_1_U1104     | 1   |        | mul_ln313_203  | mul | dsp_slice | 0       |
|   add_ln313_1568_fu_139287_p2           |     |        | add_ln313_1568 | add | fabric    | 0       |
|   mac_muladd_6s_5ns_5s_11_1_1_U1105     | 1   |        | factor7534     | mul | dsp_slice | 0       |
|   mac_muladd_6s_5ns_5s_11_1_1_U1105     | 1   |        | add_ln313_1569 | add | dsp_slice | 0       |
|   add_ln313_1570_fu_139293_p2           |     |        | add_ln313_1570 | add | fabric    | 0       |
|   mac_muladd_6s_5s_11s_11_1_1_U1104     | 1   |        | add_ln313_1571 | add | dsp_slice | 0       |
|   add_ln313_1572_fu_139305_p2           |     |        | add_ln313_1572 | add | fabric    | 0       |
|   mul_6s_5s_11_1_1_U517                 |     |        | mul_ln313_204  | mul | auto      | 0       |
|   add_ln313_1575_fu_139344_p2           |     |        | add_ln313_1575 | add | fabric    | 0       |
|   add_ln313_1576_fu_139354_p2           |     |        | add_ln313_1576 | add | fabric    | 0       |
|   add_ln313_1793_fu_139364_p2           |     |        | add_ln313_1793 | add | fabric    | 0       |
|   Tp_492_fu_139370_p2                   |     |        | Tp_492         | add | fabric    | 0       |
|   sub_ln313_239_fu_139387_p2            |     |        | sub_ln313_239  | sub | fabric    | 0       |
|   add_ln313_1579_fu_139403_p2           |     |        | add_ln313_1579 | add | fabric    | 0       |
|   sub_ln313_240_fu_139422_p2            |     |        | sub_ln313_240  | sub | fabric    | 0       |
|   add_ln313_1581_fu_168426_p2           |     |        | add_ln313_1581 | add | fabric    | 0       |
|   add_ln313_1582_fu_168434_p2           |     |        | add_ln313_1582 | add | fabric    | 0       |
|   Tp_494_fu_168442_p2                   |     |        | Tp_494         | add | fabric    | 0       |
|   add_ln313_1584_fu_168452_p2           |     |        | add_ln313_1584 | add | fabric    | 0       |
|   add_ln313_1585_fu_168460_p2           |     |        | add_ln313_1585 | add | fabric    | 0       |
|   Tp_495_fu_168468_p2                   |     |        | Tp_495         | add | fabric    | 0       |
|   add_ln313_1587_fu_168478_p2           |     |        | add_ln313_1587 | add | fabric    | 0       |
|   add_ln313_1588_fu_168486_p2           |     |        | add_ln313_1588 | add | fabric    | 0       |
|   Tp_496_fu_168494_p2                   |     |        | Tp_496         | add | fabric    | 0       |
|   add_ln313_1590_fu_168504_p2           |     |        | add_ln313_1590 | add | fabric    | 0       |
|   add_ln313_1591_fu_168512_p2           |     |        | add_ln313_1591 | add | fabric    | 0       |
|   Tp_497_fu_168520_p2                   |     |        | Tp_497         | add | fabric    | 0       |
|   add_ln313_1593_fu_168530_p2           |     |        | add_ln313_1593 | add | fabric    | 0       |
|   add_ln313_1594_fu_168538_p2           |     |        | add_ln313_1594 | add | fabric    | 0       |
|   Tp_498_fu_168546_p2                   |     |        | Tp_498         | add | fabric    | 0       |
|   add_ln313_1596_fu_168556_p2           |     |        | add_ln313_1596 | add | fabric    | 0       |
|   add_ln313_1597_fu_168564_p2           |     |        | add_ln313_1597 | add | fabric    | 0       |
|   Tp_499_fu_168572_p2                   |     |        | Tp_499         | add | fabric    | 0       |
|   add_ln313_1599_fu_168582_p2           |     |        | add_ln313_1599 | add | fabric    | 0       |
|   add_ln313_1600_fu_168590_p2           |     |        | add_ln313_1600 | add | fabric    | 0       |
|   Tp_500_fu_168598_p2                   |     |        | Tp_500         | add | fabric    | 0       |
|   add_ln313_1602_fu_168608_p2           |     |        | add_ln313_1602 | add | fabric    | 0       |
|   add_ln313_1603_fu_168616_p2           |     |        | add_ln313_1603 | add | fabric    | 0       |
|   Tp_501_fu_168624_p2                   |     |        | Tp_501         | add | fabric    | 0       |
|   add_ln313_1605_fu_168634_p2           |     |        | add_ln313_1605 | add | fabric    | 0       |
|   add_ln313_1606_fu_168642_p2           |     |        | add_ln313_1606 | add | fabric    | 0       |
|   Tp_502_fu_168650_p2                   |     |        | Tp_502         | add | fabric    | 0       |
|   add_ln313_1608_fu_168660_p2           |     |        | add_ln313_1608 | add | fabric    | 0       |
|   add_ln313_1609_fu_168668_p2           |     |        | add_ln313_1609 | add | fabric    | 0       |
|   Tp_503_fu_168676_p2                   |     |        | Tp_503         | add | fabric    | 0       |
|   add_ln313_1611_fu_168686_p2           |     |        | add_ln313_1611 | add | fabric    | 0       |
|   add_ln313_1612_fu_168694_p2           |     |        | add_ln313_1612 | add | fabric    | 0       |
|   Tp_504_fu_168702_p2                   |     |        | Tp_504         | add | fabric    | 0       |
|   add_ln313_1614_fu_168712_p2           |     |        | add_ln313_1614 | add | fabric    | 0       |
|   add_ln313_1615_fu_168720_p2           |     |        | add_ln313_1615 | add | fabric    | 0       |
|   Tp_505_fu_168728_p2                   |     |        | Tp_505         | add | fabric    | 0       |
|   add_ln313_1617_fu_168738_p2           |     |        | add_ln313_1617 | add | fabric    | 0       |
|   add_ln313_1618_fu_168746_p2           |     |        | add_ln313_1618 | add | fabric    | 0       |
|   Tp_506_fu_168754_p2                   |     |        | Tp_506         | add | fabric    | 0       |
|   add_ln313_1620_fu_168764_p2           |     |        | add_ln313_1620 | add | fabric    | 0       |
|   add_ln313_1621_fu_168772_p2           |     |        | add_ln313_1621 | add | fabric    | 0       |
|   Tp_507_fu_168780_p2                   |     |        | Tp_507         | add | fabric    | 0       |
|   add_ln313_1623_fu_168790_p2           |     |        | add_ln313_1623 | add | fabric    | 0       |
|   add_ln313_1624_fu_168798_p2           |     |        | add_ln313_1624 | add | fabric    | 0       |
|   Tp_508_fu_168806_p2                   |     |        | Tp_508         | add | fabric    | 0       |
|   add_ln313_1626_fu_168816_p2           |     |        | add_ln313_1626 | add | fabric    | 0       |
|   add_ln313_1627_fu_168824_p2           |     |        | add_ln313_1627 | add | fabric    | 0       |
|   Tp_509_fu_168832_p2                   |     |        | Tp_509         | add | fabric    | 0       |
|   add_ln313_1629_fu_139432_p2           |     |        | add_ln313_1629 | add | fabric    | 0       |
|   add_ln313_1630_fu_139442_p2           |     |        | add_ln313_1630 | add | fabric    | 0       |
|   Tp_510_fu_139452_p2                   |     |        | Tp_510         | add | fabric    | 0       |
|   mac_muladd_6s_5s_12s_12_1_1_U1106     | 1   |        | mul_ln313_205  | mul | dsp_slice | 0       |
|   sub_ln313_241_fu_139487_p2            |     |        | sub_ln313_241  | sub | fabric    | 0       |
|   add_ln313_1634_fu_139517_p2           |     |        | add_ln313_1634 | add | fabric    | 0       |
|   mac_muladd_6s_5s_12s_12_1_1_U1106     | 1   |        | add_ln313_1635 | add | dsp_slice | 0       |
|   add_ln313_1636_fu_139530_p2           |     |        | add_ln313_1636 | add | fabric    | 0       |
|   add_ln313_1813_fu_139540_p2           |     |        | add_ln313_1813 | add | fabric    | 0       |
|   Tp_511_fu_139546_p2                   |     |        | Tp_511         | add | fabric    | 0       |
|   sub_ln313_242_fu_139563_p2            |     |        | sub_ln313_242  | sub | fabric    | 0       |
|   mac_muladd_6s_5s_11s_11_1_1_U1107     | 1   |        | mul_ln313_206  | mul | dsp_slice | 0       |
|   add_ln313_1638_fu_139585_p2           |     |        | add_ln313_1638 | add | fabric    | 0       |
|   mac_muladd_6s_5ns_5s_11_1_1_U1108     | 1   |        | factor7536     | mul | dsp_slice | 0       |
|   mac_muladd_6s_5ns_5s_11_1_1_U1108     | 1   |        | add_ln313_1639 | add | dsp_slice | 0       |
|   add_ln313_1640_fu_139591_p2           |     |        | add_ln313_1640 | add | fabric    | 0       |
|   mac_muladd_6s_5s_11s_11_1_1_U1107     | 1   |        | add_ln313_1641 | add | dsp_slice | 0       |
|   add_ln313_1642_fu_139603_p2           |     |        | add_ln313_1642 | add | fabric    | 0       |
|   add_ln333_fu_168900_p2                |     |        | add_ln333      | add | fabric    | 0       |
|   add_ln333_1_fu_169038_p2              |     |        | add_ln333_1    | add | fabric    | 0       |
|   add_ln333_2_fu_169176_p2              |     |        | add_ln333_2    | add | fabric    | 0       |
|   add_ln333_3_fu_169322_p2              |     |        | add_ln333_3    | add | fabric    | 0       |
|   add_ln333_4_fu_169448_p2              |     |        | add_ln333_4    | add | fabric    | 0       |
|   add_ln333_5_fu_169594_p2              |     |        | add_ln333_5    | add | fabric    | 0       |
|   add_ln333_6_fu_169720_p2              |     |        | add_ln333_6    | add | fabric    | 0       |
|   add_ln333_7_fu_169866_p2              |     |        | add_ln333_7    | add | fabric    | 0       |
|   add_ln333_8_fu_169992_p2              |     |        | add_ln333_8    | add | fabric    | 0       |
|   add_ln333_9_fu_170138_p2              |     |        | add_ln333_9    | add | fabric    | 0       |
|   add_ln333_10_fu_170264_p2             |     |        | add_ln333_10   | add | fabric    | 0       |
|   add_ln333_11_fu_139761_p2             |     |        | add_ln333_11   | add | fabric    | 0       |
|   add_ln333_12_fu_170412_p2             |     |        | add_ln333_12   | add | fabric    | 0       |
|   add_ln333_13_fu_139895_p2             |     |        | add_ln333_13   | add | fabric    | 0       |
|   add_ln333_14_fu_170560_p2             |     |        | add_ln333_14   | add | fabric    | 0       |
|   add_ln333_15_fu_140029_p2             |     |        | add_ln333_15   | add | fabric    | 0       |
|   add_ln333_16_fu_170708_p2             |     |        | add_ln333_16   | add | fabric    | 0       |
|   add_ln333_17_fu_140163_p2             |     |        | add_ln333_17   | add | fabric    | 0       |
|   add_ln333_18_fu_170856_p2             |     |        | add_ln333_18   | add | fabric    | 0       |
|   add_ln333_19_fu_140297_p2             |     |        | add_ln333_19   | add | fabric    | 0       |
|   add_ln333_20_fu_171004_p2             |     |        | add_ln333_20   | add | fabric    | 0       |
|   add_ln333_21_fu_140431_p2             |     |        | add_ln333_21   | add | fabric    | 0       |
|   add_ln333_22_fu_171152_p2             |     |        | add_ln333_22   | add | fabric    | 0       |
|   add_ln333_23_fu_140565_p2             |     |        | add_ln333_23   | add | fabric    | 0       |
|   add_ln333_24_fu_171300_p2             |     |        | add_ln333_24   | add | fabric    | 0       |
|   add_ln333_25_fu_140699_p2             |     |        | add_ln333_25   | add | fabric    | 0       |
|   add_ln333_26_fu_171448_p2             |     |        | add_ln333_26   | add | fabric    | 0       |
|   add_ln333_27_fu_140833_p2             |     |        | add_ln333_27   | add | fabric    | 0       |
|   add_ln333_28_fu_171596_p2             |     |        | add_ln333_28   | add | fabric    | 0       |
|   add_ln333_29_fu_140967_p2             |     |        | add_ln333_29   | add | fabric    | 0       |
|   add_ln333_30_fu_171744_p2             |     |        | add_ln333_30   | add | fabric    | 0       |
|   add_ln333_31_fu_141101_p2             |     |        | add_ln333_31   | add | fabric    | 0       |
|   add_ln333_32_fu_171892_p2             |     |        | add_ln333_32   | add | fabric    | 0       |
|   add_ln333_33_fu_141235_p2             |     |        | add_ln333_33   | add | fabric    | 0       |
|   add_ln333_34_fu_172040_p2             |     |        | add_ln333_34   | add | fabric    | 0       |
|   add_ln333_35_fu_141369_p2             |     |        | add_ln333_35   | add | fabric    | 0       |
|   add_ln333_36_fu_172178_p2             |     |        | add_ln333_36   | add | fabric    | 0       |
|   add_ln333_37_fu_172316_p2             |     |        | add_ln333_37   | add | fabric    | 0       |
|   add_ln333_38_fu_172454_p2             |     |        | add_ln333_38   | add | fabric    | 0       |
|   add_ln333_39_fu_172602_p2             |     |        | add_ln333_39   | add | fabric    | 0       |
|   add_ln333_40_fu_172748_p2             |     |        | add_ln333_40   | add | fabric    | 0       |
|   add_ln333_41_fu_172874_p2             |     |        | add_ln333_41   | add | fabric    | 0       |
|   add_ln333_42_fu_173020_p2             |     |        | add_ln333_42   | add | fabric    | 0       |
|   add_ln333_43_fu_173146_p2             |     |        | add_ln333_43   | add | fabric    | 0       |
|   add_ln333_44_fu_173292_p2             |     |        | add_ln333_44   | add | fabric    | 0       |
|   add_ln333_45_fu_173418_p2             |     |        | add_ln333_45   | add | fabric    | 0       |
|   add_ln333_46_fu_141551_p2             |     |        | add_ln333_46   | add | fabric    | 0       |
|   add_ln333_47_fu_173566_p2             |     |        | add_ln333_47   | add | fabric    | 0       |
|   add_ln333_48_fu_141685_p2             |     |        | add_ln333_48   | add | fabric    | 0       |
|   add_ln333_49_fu_173714_p2             |     |        | add_ln333_49   | add | fabric    | 0       |
|   add_ln333_50_fu_141819_p2             |     |        | add_ln333_50   | add | fabric    | 0       |
|   add_ln333_51_fu_173862_p2             |     |        | add_ln333_51   | add | fabric    | 0       |
|   add_ln333_52_fu_141953_p2             |     |        | add_ln333_52   | add | fabric    | 0       |
|   add_ln333_53_fu_174010_p2             |     |        | add_ln333_53   | add | fabric    | 0       |
|   add_ln333_54_fu_142087_p2             |     |        | add_ln333_54   | add | fabric    | 0       |
|   add_ln333_55_fu_174158_p2             |     |        | add_ln333_55   | add | fabric    | 0       |
|   add_ln333_56_fu_142221_p2             |     |        | add_ln333_56   | add | fabric    | 0       |
|   add_ln333_57_fu_174306_p2             |     |        | add_ln333_57   | add | fabric    | 0       |
|   add_ln333_58_fu_142355_p2             |     |        | add_ln333_58   | add | fabric    | 0       |
|   add_ln333_59_fu_174454_p2             |     |        | add_ln333_59   | add | fabric    | 0       |
|   add_ln333_60_fu_142489_p2             |     |        | add_ln333_60   | add | fabric    | 0       |
|   add_ln333_61_fu_174602_p2             |     |        | add_ln333_61   | add | fabric    | 0       |
|   add_ln333_62_fu_142623_p2             |     |        | add_ln333_62   | add | fabric    | 0       |
|   add_ln333_63_fu_174750_p2             |     |        | add_ln333_63   | add | fabric    | 0       |
|   add_ln333_64_fu_142757_p2             |     |        | add_ln333_64   | add | fabric    | 0       |
|   add_ln333_65_fu_174898_p2             |     |        | add_ln333_65   | add | fabric    | 0       |
|   add_ln333_66_fu_142891_p2             |     |        | add_ln333_66   | add | fabric    | 0       |
|   add_ln333_67_fu_175046_p2             |     |        | add_ln333_67   | add | fabric    | 0       |
|   add_ln333_68_fu_143025_p2             |     |        | add_ln333_68   | add | fabric    | 0       |
|   add_ln333_69_fu_175194_p2             |     |        | add_ln333_69   | add | fabric    | 0       |
|   add_ln333_70_fu_143159_p2             |     |        | add_ln333_70   | add | fabric    | 0       |
|   add_ln333_71_fu_175342_p2             |     |        | add_ln333_71   | add | fabric    | 0       |
|   add_ln333_72_fu_175490_p2             |     |        | add_ln333_72   | add | fabric    | 0       |
|   add_ln333_73_fu_175628_p2             |     |        | add_ln333_73   | add | fabric    | 0       |
|   add_ln333_74_fu_175766_p2             |     |        | add_ln333_74   | add | fabric    | 0       |
|   add_ln333_75_fu_175914_p2             |     |        | add_ln333_75   | add | fabric    | 0       |
|   add_ln333_76_fu_176060_p2             |     |        | add_ln333_76   | add | fabric    | 0       |
|   add_ln333_77_fu_176186_p2             |     |        | add_ln333_77   | add | fabric    | 0       |
|   add_ln333_78_fu_176332_p2             |     |        | add_ln333_78   | add | fabric    | 0       |
|   add_ln333_79_fu_176458_p2             |     |        | add_ln333_79   | add | fabric    | 0       |
|   add_ln333_80_fu_143325_p2             |     |        | add_ln333_80   | add | fabric    | 0       |
|   add_ln333_81_fu_176606_p2             |     |        | add_ln333_81   | add | fabric    | 0       |
|   add_ln333_82_fu_143459_p2             |     |        | add_ln333_82   | add | fabric    | 0       |
|   add_ln333_83_fu_176754_p2             |     |        | add_ln333_83   | add | fabric    | 0       |
|   add_ln333_84_fu_143593_p2             |     |        | add_ln333_84   | add | fabric    | 0       |
|   add_ln333_85_fu_176902_p2             |     |        | add_ln333_85   | add | fabric    | 0       |
|   add_ln333_86_fu_143727_p2             |     |        | add_ln333_86   | add | fabric    | 0       |
|   add_ln333_87_fu_177050_p2             |     |        | add_ln333_87   | add | fabric    | 0       |
|   add_ln333_88_fu_143861_p2             |     |        | add_ln333_88   | add | fabric    | 0       |
|   add_ln333_89_fu_177198_p2             |     |        | add_ln333_89   | add | fabric    | 0       |
|   add_ln333_90_fu_143995_p2             |     |        | add_ln333_90   | add | fabric    | 0       |
|   add_ln333_91_fu_177346_p2             |     |        | add_ln333_91   | add | fabric    | 0       |
|   add_ln333_92_fu_144129_p2             |     |        | add_ln333_92   | add | fabric    | 0       |
|   add_ln333_93_fu_177494_p2             |     |        | add_ln333_93   | add | fabric    | 0       |
|   add_ln333_94_fu_144263_p2             |     |        | add_ln333_94   | add | fabric    | 0       |
|   add_ln333_95_fu_177642_p2             |     |        | add_ln333_95   | add | fabric    | 0       |
|   add_ln333_96_fu_144397_p2             |     |        | add_ln333_96   | add | fabric    | 0       |
|   add_ln333_97_fu_177790_p2             |     |        | add_ln333_97   | add | fabric    | 0       |
|   add_ln333_98_fu_144531_p2             |     |        | add_ln333_98   | add | fabric    | 0       |
|   add_ln333_99_fu_177938_p2             |     |        | add_ln333_99   | add | fabric    | 0       |
|   add_ln333_100_fu_144665_p2            |     |        | add_ln333_100  | add | fabric    | 0       |
|   add_ln333_101_fu_178086_p2            |     |        | add_ln333_101  | add | fabric    | 0       |
|   add_ln333_102_fu_144799_p2            |     |        | add_ln333_102  | add | fabric    | 0       |
|   add_ln333_103_fu_178234_p2            |     |        | add_ln333_103  | add | fabric    | 0       |
|   add_ln333_104_fu_144933_p2            |     |        | add_ln333_104  | add | fabric    | 0       |
|   add_ln333_105_fu_178382_p2            |     |        | add_ln333_105  | add | fabric    | 0       |
|   add_ln333_106_fu_178530_p2            |     |        | add_ln333_106  | add | fabric    | 0       |
|   add_ln333_107_fu_178678_p2            |     |        | add_ln333_107  | add | fabric    | 0       |
|   add_ln333_108_fu_178816_p2            |     |        | add_ln333_108  | add | fabric    | 0       |
|   add_ln333_109_fu_178954_p2            |     |        | add_ln333_109  | add | fabric    | 0       |
|   add_ln333_110_fu_179102_p2            |     |        | add_ln333_110  | add | fabric    | 0       |
|   add_ln333_111_fu_179248_p2            |     |        | add_ln333_111  | add | fabric    | 0       |
|   add_ln333_112_fu_179374_p2            |     |        | add_ln333_112  | add | fabric    | 0       |
|   add_ln333_113_fu_145091_p2            |     |        | add_ln333_113  | add | fabric    | 0       |
|   add_ln333_114_fu_179522_p2            |     |        | add_ln333_114  | add | fabric    | 0       |
|   add_ln333_115_fu_145225_p2            |     |        | add_ln333_115  | add | fabric    | 0       |
|   add_ln333_116_fu_179670_p2            |     |        | add_ln333_116  | add | fabric    | 0       |
|   add_ln333_117_fu_145359_p2            |     |        | add_ln333_117  | add | fabric    | 0       |
|   add_ln333_118_fu_179818_p2            |     |        | add_ln333_118  | add | fabric    | 0       |
|   add_ln333_119_fu_145493_p2            |     |        | add_ln333_119  | add | fabric    | 0       |
|   add_ln333_120_fu_179966_p2            |     |        | add_ln333_120  | add | fabric    | 0       |
|   add_ln333_121_fu_145627_p2            |     |        | add_ln333_121  | add | fabric    | 0       |
|   add_ln333_122_fu_180114_p2            |     |        | add_ln333_122  | add | fabric    | 0       |
|   add_ln333_123_fu_145761_p2            |     |        | add_ln333_123  | add | fabric    | 0       |
|   add_ln333_124_fu_180262_p2            |     |        | add_ln333_124  | add | fabric    | 0       |
|   add_ln333_125_fu_145895_p2            |     |        | add_ln333_125  | add | fabric    | 0       |
|   add_ln333_126_fu_180410_p2            |     |        | add_ln333_126  | add | fabric    | 0       |
|   add_ln333_127_fu_146029_p2            |     |        | add_ln333_127  | add | fabric    | 0       |
|   add_ln333_128_fu_180558_p2            |     |        | add_ln333_128  | add | fabric    | 0       |
|   add_ln333_129_fu_146163_p2            |     |        | add_ln333_129  | add | fabric    | 0       |
|   add_ln333_130_fu_180706_p2            |     |        | add_ln333_130  | add | fabric    | 0       |
|   add_ln333_131_fu_146297_p2            |     |        | add_ln333_131  | add | fabric    | 0       |
|   add_ln333_132_fu_180854_p2            |     |        | add_ln333_132  | add | fabric    | 0       |
|   add_ln333_133_fu_146431_p2            |     |        | add_ln333_133  | add | fabric    | 0       |
|   add_ln333_134_fu_181002_p2            |     |        | add_ln333_134  | add | fabric    | 0       |
|   add_ln333_135_fu_146565_p2            |     |        | add_ln333_135  | add | fabric    | 0       |
|   add_ln333_136_fu_181150_p2            |     |        | add_ln333_136  | add | fabric    | 0       |
|   add_ln333_137_fu_146699_p2            |     |        | add_ln333_137  | add | fabric    | 0       |
|   add_ln333_138_fu_181298_p2            |     |        | add_ln333_138  | add | fabric    | 0       |
|   add_ln333_139_fu_181446_p2            |     |        | add_ln333_139  | add | fabric    | 0       |
|   add_ln333_140_fu_181594_p2            |     |        | add_ln333_140  | add | fabric    | 0       |
|   add_ln333_141_fu_181742_p2            |     |        | add_ln333_141  | add | fabric    | 0       |
|   add_ln333_142_fu_181880_p2            |     |        | add_ln333_142  | add | fabric    | 0       |
|   add_ln333_143_fu_182018_p2            |     |        | add_ln333_143  | add | fabric    | 0       |
|   add_ln333_144_fu_182166_p2            |     |        | add_ln333_144  | add | fabric    | 0       |
|   add_ln333_145_fu_146849_p2            |     |        | add_ln333_145  | add | fabric    | 0       |
|   add_ln333_146_fu_182314_p2            |     |        | add_ln333_146  | add | fabric    | 0       |
|   add_ln333_147_fu_146983_p2            |     |        | add_ln333_147  | add | fabric    | 0       |
|   add_ln333_148_fu_182462_p2            |     |        | add_ln333_148  | add | fabric    | 0       |
|   add_ln333_149_fu_147117_p2            |     |        | add_ln333_149  | add | fabric    | 0       |
|   add_ln333_150_fu_182610_p2            |     |        | add_ln333_150  | add | fabric    | 0       |
|   add_ln333_151_fu_147251_p2            |     |        | add_ln333_151  | add | fabric    | 0       |
|   add_ln333_152_fu_182758_p2            |     |        | add_ln333_152  | add | fabric    | 0       |
|   add_ln333_153_fu_147385_p2            |     |        | add_ln333_153  | add | fabric    | 0       |
|   add_ln333_154_fu_182906_p2            |     |        | add_ln333_154  | add | fabric    | 0       |
|   add_ln333_155_fu_147519_p2            |     |        | add_ln333_155  | add | fabric    | 0       |
|   add_ln333_156_fu_183054_p2            |     |        | add_ln333_156  | add | fabric    | 0       |
|   add_ln333_157_fu_147653_p2            |     |        | add_ln333_157  | add | fabric    | 0       |
|   add_ln333_158_fu_183202_p2            |     |        | add_ln333_158  | add | fabric    | 0       |
|   add_ln333_159_fu_147787_p2            |     |        | add_ln333_159  | add | fabric    | 0       |
|   add_ln333_160_fu_183350_p2            |     |        | add_ln333_160  | add | fabric    | 0       |
|   add_ln333_161_fu_147921_p2            |     |        | add_ln333_161  | add | fabric    | 0       |
|   add_ln333_162_fu_183498_p2            |     |        | add_ln333_162  | add | fabric    | 0       |
|   add_ln333_163_fu_148055_p2            |     |        | add_ln333_163  | add | fabric    | 0       |
|   add_ln333_164_fu_183646_p2            |     |        | add_ln333_164  | add | fabric    | 0       |
|   add_ln333_165_fu_148189_p2            |     |        | add_ln333_165  | add | fabric    | 0       |
|   add_ln333_166_fu_183794_p2            |     |        | add_ln333_166  | add | fabric    | 0       |
|   add_ln333_167_fu_148323_p2            |     |        | add_ln333_167  | add | fabric    | 0       |
|   add_ln333_168_fu_183942_p2            |     |        | add_ln333_168  | add | fabric    | 0       |
|   add_ln333_169_fu_148457_p2            |     |        | add_ln333_169  | add | fabric    | 0       |
|   add_ln333_170_fu_184090_p2            |     |        | add_ln333_170  | add | fabric    | 0       |
|   add_ln333_171_fu_184238_p2            |     |        | add_ln333_171  | add | fabric    | 0       |
|   add_ln333_172_fu_184386_p2            |     |        | add_ln333_172  | add | fabric    | 0       |
|   add_ln333_173_fu_184534_p2            |     |        | add_ln333_173  | add | fabric    | 0       |
|   add_ln333_174_fu_184682_p2            |     |        | add_ln333_174  | add | fabric    | 0       |
|   add_ln333_175_fu_184820_p2            |     |        | add_ln333_175  | add | fabric    | 0       |
|   add_ln333_176_fu_184958_p2            |     |        | add_ln333_176  | add | fabric    | 0       |
|   add_ln333_177_fu_185106_p2            |     |        | add_ln333_177  | add | fabric    | 0       |
|   add_ln333_178_fu_148607_p2            |     |        | add_ln333_178  | add | fabric    | 0       |
|   add_ln333_179_fu_185254_p2            |     |        | add_ln333_179  | add | fabric    | 0       |
|   add_ln333_180_fu_148741_p2            |     |        | add_ln333_180  | add | fabric    | 0       |
|   add_ln333_181_fu_185402_p2            |     |        | add_ln333_181  | add | fabric    | 0       |
|   add_ln333_182_fu_148875_p2            |     |        | add_ln333_182  | add | fabric    | 0       |
|   add_ln333_183_fu_185550_p2            |     |        | add_ln333_183  | add | fabric    | 0       |
|   add_ln333_184_fu_149009_p2            |     |        | add_ln333_184  | add | fabric    | 0       |
|   add_ln333_185_fu_185698_p2            |     |        | add_ln333_185  | add | fabric    | 0       |
|   add_ln333_186_fu_149143_p2            |     |        | add_ln333_186  | add | fabric    | 0       |
|   add_ln333_187_fu_185846_p2            |     |        | add_ln333_187  | add | fabric    | 0       |
|   add_ln333_188_fu_149277_p2            |     |        | add_ln333_188  | add | fabric    | 0       |
|   add_ln333_189_fu_185994_p2            |     |        | add_ln333_189  | add | fabric    | 0       |
|   add_ln333_190_fu_149411_p2            |     |        | add_ln333_190  | add | fabric    | 0       |
|   add_ln333_191_fu_186142_p2            |     |        | add_ln333_191  | add | fabric    | 0       |
|   add_ln333_192_fu_149545_p2            |     |        | add_ln333_192  | add | fabric    | 0       |
|   add_ln333_193_fu_186290_p2            |     |        | add_ln333_193  | add | fabric    | 0       |
|   add_ln333_194_fu_149679_p2            |     |        | add_ln333_194  | add | fabric    | 0       |
|   add_ln333_195_fu_186438_p2            |     |        | add_ln333_195  | add | fabric    | 0       |
|   add_ln333_196_fu_149813_p2            |     |        | add_ln333_196  | add | fabric    | 0       |
|   add_ln333_197_fu_186586_p2            |     |        | add_ln333_197  | add | fabric    | 0       |
|   add_ln333_198_fu_149947_p2            |     |        | add_ln333_198  | add | fabric    | 0       |
|   add_ln333_199_fu_186734_p2            |     |        | add_ln333_199  | add | fabric    | 0       |
|   add_ln333_200_fu_150081_p2            |     |        | add_ln333_200  | add | fabric    | 0       |
|   add_ln333_201_fu_186882_p2            |     |        | add_ln333_201  | add | fabric    | 0       |
|   add_ln333_202_fu_187030_p2            |     |        | add_ln333_202  | add | fabric    | 0       |
|   add_ln333_203_fu_187178_p2            |     |        | add_ln333_203  | add | fabric    | 0       |
|   add_ln333_204_fu_187326_p2            |     |        | add_ln333_204  | add | fabric    | 0       |
|   add_ln333_205_fu_187474_p2            |     |        | add_ln333_205  | add | fabric    | 0       |
|   add_ln333_206_fu_187622_p2            |     |        | add_ln333_206  | add | fabric    | 0       |
|   add_ln333_207_fu_187760_p2            |     |        | add_ln333_207  | add | fabric    | 0       |
|   add_ln333_208_fu_187898_p2            |     |        | add_ln333_208  | add | fabric    | 0       |
|   add_ln333_209_fu_188046_p2            |     |        | add_ln333_209  | add | fabric    | 0       |
|   add_ln333_210_fu_150231_p2            |     |        | add_ln333_210  | add | fabric    | 0       |
|   add_ln333_211_fu_188194_p2            |     |        | add_ln333_211  | add | fabric    | 0       |
|   add_ln333_212_fu_150365_p2            |     |        | add_ln333_212  | add | fabric    | 0       |
|   add_ln333_213_fu_188342_p2            |     |        | add_ln333_213  | add | fabric    | 0       |
|   add_ln333_214_fu_150499_p2            |     |        | add_ln333_214  | add | fabric    | 0       |
|   add_ln333_215_fu_188490_p2            |     |        | add_ln333_215  | add | fabric    | 0       |
|   add_ln333_216_fu_150633_p2            |     |        | add_ln333_216  | add | fabric    | 0       |
|   add_ln333_217_fu_188638_p2            |     |        | add_ln333_217  | add | fabric    | 0       |
|   add_ln333_218_fu_150767_p2            |     |        | add_ln333_218  | add | fabric    | 0       |
|   add_ln333_219_fu_188786_p2            |     |        | add_ln333_219  | add | fabric    | 0       |
|   add_ln333_220_fu_150901_p2            |     |        | add_ln333_220  | add | fabric    | 0       |
|   add_ln333_221_fu_188934_p2            |     |        | add_ln333_221  | add | fabric    | 0       |
|   add_ln333_222_fu_151035_p2            |     |        | add_ln333_222  | add | fabric    | 0       |
|   add_ln333_223_fu_189082_p2            |     |        | add_ln333_223  | add | fabric    | 0       |
|   add_ln333_224_fu_151169_p2            |     |        | add_ln333_224  | add | fabric    | 0       |
|   add_ln333_225_fu_189230_p2            |     |        | add_ln333_225  | add | fabric    | 0       |
|   add_ln333_226_fu_151303_p2            |     |        | add_ln333_226  | add | fabric    | 0       |
|   add_ln333_227_fu_189378_p2            |     |        | add_ln333_227  | add | fabric    | 0       |
|   add_ln333_228_fu_151437_p2            |     |        | add_ln333_228  | add | fabric    | 0       |
|   add_ln333_229_fu_189526_p2            |     |        | add_ln333_229  | add | fabric    | 0       |
|   add_ln333_230_fu_151571_p2            |     |        | add_ln333_230  | add | fabric    | 0       |
|   add_ln333_231_fu_189674_p2            |     |        | add_ln333_231  | add | fabric    | 0       |
|   add_ln333_232_fu_189822_p2            |     |        | add_ln333_232  | add | fabric    | 0       |
|   add_ln333_233_fu_189970_p2            |     |        | add_ln333_233  | add | fabric    | 0       |
|   add_ln333_234_fu_190118_p2            |     |        | add_ln333_234  | add | fabric    | 0       |
|   add_ln333_235_fu_190266_p2            |     |        | add_ln333_235  | add | fabric    | 0       |
|   add_ln333_236_fu_190414_p2            |     |        | add_ln333_236  | add | fabric    | 0       |
|   add_ln333_237_fu_190562_p2            |     |        | add_ln333_237  | add | fabric    | 0       |
|   add_ln333_238_fu_190700_p2            |     |        | add_ln333_238  | add | fabric    | 0       |
|   add_ln333_239_fu_190838_p2            |     |        | add_ln333_239  | add | fabric    | 0       |
|   add_ln333_240_fu_190986_p2            |     |        | add_ln333_240  | add | fabric    | 0       |
|   add_ln333_241_fu_151721_p2            |     |        | add_ln333_241  | add | fabric    | 0       |
|   add_ln333_242_fu_191134_p2            |     |        | add_ln333_242  | add | fabric    | 0       |
|   add_ln333_243_fu_151855_p2            |     |        | add_ln333_243  | add | fabric    | 0       |
|   add_ln333_244_fu_191282_p2            |     |        | add_ln333_244  | add | fabric    | 0       |
|   add_ln333_245_fu_151989_p2            |     |        | add_ln333_245  | add | fabric    | 0       |
|   add_ln333_246_fu_191430_p2            |     |        | add_ln333_246  | add | fabric    | 0       |
|   add_ln333_247_fu_152123_p2            |     |        | add_ln333_247  | add | fabric    | 0       |
|   add_ln333_248_fu_191578_p2            |     |        | add_ln333_248  | add | fabric    | 0       |
|   add_ln333_249_fu_152257_p2            |     |        | add_ln333_249  | add | fabric    | 0       |
|   add_ln333_250_fu_191726_p2            |     |        | add_ln333_250  | add | fabric    | 0       |
|   add_ln333_251_fu_152391_p2            |     |        | add_ln333_251  | add | fabric    | 0       |
|   add_ln333_252_fu_191874_p2            |     |        | add_ln333_252  | add | fabric    | 0       |
|   add_ln333_253_fu_152525_p2            |     |        | add_ln333_253  | add | fabric    | 0       |
|   add_ln333_254_fu_192022_p2            |     |        | add_ln333_254  | add | fabric    | 0       |
|   add_ln333_255_fu_152659_p2            |     |        | add_ln333_255  | add | fabric    | 0       |
|   add_ln333_256_fu_192170_p2            |     |        | add_ln333_256  | add | fabric    | 0       |
|   add_ln333_257_fu_152793_p2            |     |        | add_ln333_257  | add | fabric    | 0       |
|   add_ln333_258_fu_192318_p2            |     |        | add_ln333_258  | add | fabric    | 0       |
|   add_ln333_259_fu_152927_p2            |     |        | add_ln333_259  | add | fabric    | 0       |
|   add_ln333_260_fu_192466_p2            |     |        | add_ln333_260  | add | fabric    | 0       |
|   add_ln333_261_fu_192614_p2            |     |        | add_ln333_261  | add | fabric    | 0       |
|   add_ln333_262_fu_192762_p2            |     |        | add_ln333_262  | add | fabric    | 0       |
|   add_ln333_263_fu_192910_p2            |     |        | add_ln333_263  | add | fabric    | 0       |
|   add_ln333_264_fu_193058_p2            |     |        | add_ln333_264  | add | fabric    | 0       |
|   add_ln333_265_fu_193206_p2            |     |        | add_ln333_265  | add | fabric    | 0       |
|   add_ln333_266_fu_193354_p2            |     |        | add_ln333_266  | add | fabric    | 0       |
|   add_ln333_267_fu_193502_p2            |     |        | add_ln333_267  | add | fabric    | 0       |
|   add_ln333_268_fu_193640_p2            |     |        | add_ln333_268  | add | fabric    | 0       |
|   add_ln333_269_fu_193778_p2            |     |        | add_ln333_269  | add | fabric    | 0       |
|   add_ln333_270_fu_193926_p2            |     |        | add_ln333_270  | add | fabric    | 0       |
|   add_ln333_271_fu_153077_p2            |     |        | add_ln333_271  | add | fabric    | 0       |
|   add_ln333_272_fu_194074_p2            |     |        | add_ln333_272  | add | fabric    | 0       |
|   add_ln333_273_fu_153211_p2            |     |        | add_ln333_273  | add | fabric    | 0       |
|   add_ln333_274_fu_194222_p2            |     |        | add_ln333_274  | add | fabric    | 0       |
|   add_ln333_275_fu_153345_p2            |     |        | add_ln333_275  | add | fabric    | 0       |
|   add_ln333_276_fu_194370_p2            |     |        | add_ln333_276  | add | fabric    | 0       |
|   add_ln333_277_fu_153479_p2            |     |        | add_ln333_277  | add | fabric    | 0       |
|   add_ln333_278_fu_194518_p2            |     |        | add_ln333_278  | add | fabric    | 0       |
|   add_ln333_279_fu_153613_p2            |     |        | add_ln333_279  | add | fabric    | 0       |
|   add_ln333_280_fu_194666_p2            |     |        | add_ln333_280  | add | fabric    | 0       |
|   add_ln333_281_fu_153747_p2            |     |        | add_ln333_281  | add | fabric    | 0       |
|   add_ln333_282_fu_194814_p2            |     |        | add_ln333_282  | add | fabric    | 0       |
|   add_ln333_283_fu_153881_p2            |     |        | add_ln333_283  | add | fabric    | 0       |
|   add_ln333_284_fu_194962_p2            |     |        | add_ln333_284  | add | fabric    | 0       |
|   add_ln333_285_fu_154015_p2            |     |        | add_ln333_285  | add | fabric    | 0       |
|   add_ln333_286_fu_195110_p2            |     |        | add_ln333_286  | add | fabric    | 0       |
|   add_ln333_287_fu_154149_p2            |     |        | add_ln333_287  | add | fabric    | 0       |
|   add_ln333_288_fu_195258_p2            |     |        | add_ln333_288  | add | fabric    | 0       |
|   add_ln333_289_fu_195406_p2            |     |        | add_ln333_289  | add | fabric    | 0       |
|   add_ln333_290_fu_195554_p2            |     |        | add_ln333_290  | add | fabric    | 0       |
|   add_ln333_291_fu_195702_p2            |     |        | add_ln333_291  | add | fabric    | 0       |
|   add_ln333_292_fu_195850_p2            |     |        | add_ln333_292  | add | fabric    | 0       |
|   add_ln333_293_fu_195998_p2            |     |        | add_ln333_293  | add | fabric    | 0       |
|   add_ln333_294_fu_196146_p2            |     |        | add_ln333_294  | add | fabric    | 0       |
|   add_ln333_295_fu_196294_p2            |     |        | add_ln333_295  | add | fabric    | 0       |
|   add_ln333_296_fu_196442_p2            |     |        | add_ln333_296  | add | fabric    | 0       |
|   add_ln333_297_fu_196580_p2            |     |        | add_ln333_297  | add | fabric    | 0       |
|   add_ln333_298_fu_196718_p2            |     |        | add_ln333_298  | add | fabric    | 0       |
|   add_ln333_299_fu_196866_p2            |     |        | add_ln333_299  | add | fabric    | 0       |
|   add_ln333_300_fu_154299_p2            |     |        | add_ln333_300  | add | fabric    | 0       |
|   add_ln333_301_fu_197014_p2            |     |        | add_ln333_301  | add | fabric    | 0       |
|   add_ln333_302_fu_154433_p2            |     |        | add_ln333_302  | add | fabric    | 0       |
|   add_ln333_303_fu_197162_p2            |     |        | add_ln333_303  | add | fabric    | 0       |
|   add_ln333_304_fu_154567_p2            |     |        | add_ln333_304  | add | fabric    | 0       |
|   add_ln333_305_fu_197310_p2            |     |        | add_ln333_305  | add | fabric    | 0       |
|   add_ln333_306_fu_154701_p2            |     |        | add_ln333_306  | add | fabric    | 0       |
|   add_ln333_307_fu_197458_p2            |     |        | add_ln333_307  | add | fabric    | 0       |
|   add_ln333_308_fu_154835_p2            |     |        | add_ln333_308  | add | fabric    | 0       |
|   add_ln333_309_fu_197606_p2            |     |        | add_ln333_309  | add | fabric    | 0       |
|   add_ln333_310_fu_154969_p2            |     |        | add_ln333_310  | add | fabric    | 0       |
|   add_ln333_311_fu_197754_p2            |     |        | add_ln333_311  | add | fabric    | 0       |
|   add_ln333_312_fu_155103_p2            |     |        | add_ln333_312  | add | fabric    | 0       |
|   add_ln333_313_fu_197902_p2            |     |        | add_ln333_313  | add | fabric    | 0       |
|   add_ln333_314_fu_155237_p2            |     |        | add_ln333_314  | add | fabric    | 0       |
|   add_ln333_315_fu_198050_p2            |     |        | add_ln333_315  | add | fabric    | 0       |
|   add_ln333_316_fu_198198_p2            |     |        | add_ln333_316  | add | fabric    | 0       |
|   add_ln333_317_fu_198346_p2            |     |        | add_ln333_317  | add | fabric    | 0       |
|   add_ln333_318_fu_198494_p2            |     |        | add_ln333_318  | add | fabric    | 0       |
|   add_ln333_319_fu_198642_p2            |     |        | add_ln333_319  | add | fabric    | 0       |
|   add_ln333_320_fu_198790_p2            |     |        | add_ln333_320  | add | fabric    | 0       |
|   add_ln333_321_fu_198938_p2            |     |        | add_ln333_321  | add | fabric    | 0       |
|   add_ln333_322_fu_199086_p2            |     |        | add_ln333_322  | add | fabric    | 0       |
|   add_ln333_323_fu_199234_p2            |     |        | add_ln333_323  | add | fabric    | 0       |
|   add_ln333_324_fu_199382_p2            |     |        | add_ln333_324  | add | fabric    | 0       |
|   add_ln333_325_fu_199520_p2            |     |        | add_ln333_325  | add | fabric    | 0       |
|   add_ln333_326_fu_199658_p2            |     |        | add_ln333_326  | add | fabric    | 0       |
|   add_ln333_327_fu_199806_p2            |     |        | add_ln333_327  | add | fabric    | 0       |
|   add_ln333_328_fu_155387_p2            |     |        | add_ln333_328  | add | fabric    | 0       |
|   add_ln333_329_fu_199954_p2            |     |        | add_ln333_329  | add | fabric    | 0       |
|   add_ln333_330_fu_155521_p2            |     |        | add_ln333_330  | add | fabric    | 0       |
|   add_ln333_331_fu_200102_p2            |     |        | add_ln333_331  | add | fabric    | 0       |
|   add_ln333_332_fu_155655_p2            |     |        | add_ln333_332  | add | fabric    | 0       |
|   add_ln333_333_fu_200250_p2            |     |        | add_ln333_333  | add | fabric    | 0       |
|   add_ln333_334_fu_155789_p2            |     |        | add_ln333_334  | add | fabric    | 0       |
|   add_ln333_335_fu_200398_p2            |     |        | add_ln333_335  | add | fabric    | 0       |
|   add_ln333_336_fu_155923_p2            |     |        | add_ln333_336  | add | fabric    | 0       |
|   add_ln333_337_fu_200546_p2            |     |        | add_ln333_337  | add | fabric    | 0       |
|   add_ln333_338_fu_156057_p2            |     |        | add_ln333_338  | add | fabric    | 0       |
|   add_ln333_339_fu_200694_p2            |     |        | add_ln333_339  | add | fabric    | 0       |
|   add_ln333_340_fu_156191_p2            |     |        | add_ln333_340  | add | fabric    | 0       |
|   add_ln333_341_fu_200842_p2            |     |        | add_ln333_341  | add | fabric    | 0       |
|   add_ln333_342_fu_200990_p2            |     |        | add_ln333_342  | add | fabric    | 0       |
|   add_ln333_343_fu_201138_p2            |     |        | add_ln333_343  | add | fabric    | 0       |
|   add_ln333_344_fu_201286_p2            |     |        | add_ln333_344  | add | fabric    | 0       |
|   add_ln333_345_fu_201434_p2            |     |        | add_ln333_345  | add | fabric    | 0       |
|   add_ln333_346_fu_201582_p2            |     |        | add_ln333_346  | add | fabric    | 0       |
|   add_ln333_347_fu_201730_p2            |     |        | add_ln333_347  | add | fabric    | 0       |
|   add_ln333_348_fu_201878_p2            |     |        | add_ln333_348  | add | fabric    | 0       |
|   add_ln333_349_fu_202026_p2            |     |        | add_ln333_349  | add | fabric    | 0       |
|   add_ln333_350_fu_202174_p2            |     |        | add_ln333_350  | add | fabric    | 0       |
|   add_ln333_351_fu_202322_p2            |     |        | add_ln333_351  | add | fabric    | 0       |
|   add_ln333_352_fu_202460_p2            |     |        | add_ln333_352  | add | fabric    | 0       |
|   add_ln333_353_fu_202598_p2            |     |        | add_ln333_353  | add | fabric    | 0       |
|   add_ln333_354_fu_202746_p2            |     |        | add_ln333_354  | add | fabric    | 0       |
|   add_ln333_355_fu_156341_p2            |     |        | add_ln333_355  | add | fabric    | 0       |
|   add_ln333_356_fu_202894_p2            |     |        | add_ln333_356  | add | fabric    | 0       |
|   add_ln333_357_fu_156475_p2            |     |        | add_ln333_357  | add | fabric    | 0       |
|   add_ln333_358_fu_203042_p2            |     |        | add_ln333_358  | add | fabric    | 0       |
|   add_ln333_359_fu_156609_p2            |     |        | add_ln333_359  | add | fabric    | 0       |
|   add_ln333_360_fu_203190_p2            |     |        | add_ln333_360  | add | fabric    | 0       |
|   add_ln333_361_fu_156743_p2            |     |        | add_ln333_361  | add | fabric    | 0       |
|   add_ln333_362_fu_203338_p2            |     |        | add_ln333_362  | add | fabric    | 0       |
|   add_ln333_363_fu_156877_p2            |     |        | add_ln333_363  | add | fabric    | 0       |
|   add_ln333_364_fu_203486_p2            |     |        | add_ln333_364  | add | fabric    | 0       |
|   add_ln333_365_fu_157011_p2            |     |        | add_ln333_365  | add | fabric    | 0       |
|   add_ln333_366_fu_203634_p2            |     |        | add_ln333_366  | add | fabric    | 0       |
|   add_ln333_367_fu_203782_p2            |     |        | add_ln333_367  | add | fabric    | 0       |
|   add_ln333_368_fu_203930_p2            |     |        | add_ln333_368  | add | fabric    | 0       |
|   add_ln333_369_fu_204078_p2            |     |        | add_ln333_369  | add | fabric    | 0       |
|   add_ln333_370_fu_204226_p2            |     |        | add_ln333_370  | add | fabric    | 0       |
|   add_ln333_371_fu_204374_p2            |     |        | add_ln333_371  | add | fabric    | 0       |
|   add_ln333_372_fu_204522_p2            |     |        | add_ln333_372  | add | fabric    | 0       |
|   add_ln333_373_fu_204670_p2            |     |        | add_ln333_373  | add | fabric    | 0       |
|   add_ln333_374_fu_204818_p2            |     |        | add_ln333_374  | add | fabric    | 0       |
|   add_ln333_375_fu_204966_p2            |     |        | add_ln333_375  | add | fabric    | 0       |
|   add_ln333_376_fu_205114_p2            |     |        | add_ln333_376  | add | fabric    | 0       |
|   add_ln333_377_fu_205262_p2            |     |        | add_ln333_377  | add | fabric    | 0       |
|   add_ln333_378_fu_205400_p2            |     |        | add_ln333_378  | add | fabric    | 0       |
|   add_ln333_379_fu_205538_p2            |     |        | add_ln333_379  | add | fabric    | 0       |
|   add_ln333_380_fu_205686_p2            |     |        | add_ln333_380  | add | fabric    | 0       |
|   add_ln333_381_fu_157161_p2            |     |        | add_ln333_381  | add | fabric    | 0       |
|   add_ln333_382_fu_205834_p2            |     |        | add_ln333_382  | add | fabric    | 0       |
|   add_ln333_383_fu_157295_p2            |     |        | add_ln333_383  | add | fabric    | 0       |
|   add_ln333_384_fu_205982_p2            |     |        | add_ln333_384  | add | fabric    | 0       |
|   add_ln333_385_fu_157429_p2            |     |        | add_ln333_385  | add | fabric    | 0       |
|   add_ln333_386_fu_206130_p2            |     |        | add_ln333_386  | add | fabric    | 0       |
|   add_ln333_387_fu_157563_p2            |     |        | add_ln333_387  | add | fabric    | 0       |
|   add_ln333_388_fu_206278_p2            |     |        | add_ln333_388  | add | fabric    | 0       |
|   add_ln333_389_fu_157697_p2            |     |        | add_ln333_389  | add | fabric    | 0       |
|   add_ln333_390_fu_206426_p2            |     |        | add_ln333_390  | add | fabric    | 0       |
|   add_ln333_391_fu_206574_p2            |     |        | add_ln333_391  | add | fabric    | 0       |
|   add_ln333_392_fu_206722_p2            |     |        | add_ln333_392  | add | fabric    | 0       |
|   add_ln333_393_fu_206870_p2            |     |        | add_ln333_393  | add | fabric    | 0       |
|   add_ln333_394_fu_207018_p2            |     |        | add_ln333_394  | add | fabric    | 0       |
|   add_ln333_395_fu_207166_p2            |     |        | add_ln333_395  | add | fabric    | 0       |
|   add_ln333_396_fu_207314_p2            |     |        | add_ln333_396  | add | fabric    | 0       |
|   add_ln333_397_fu_207462_p2            |     |        | add_ln333_397  | add | fabric    | 0       |
|   add_ln333_398_fu_207610_p2            |     |        | add_ln333_398  | add | fabric    | 0       |
|   add_ln333_399_fu_207758_p2            |     |        | add_ln333_399  | add | fabric    | 0       |
|   add_ln333_400_fu_207906_p2            |     |        | add_ln333_400  | add | fabric    | 0       |
|   add_ln333_401_fu_208054_p2            |     |        | add_ln333_401  | add | fabric    | 0       |
|   add_ln333_402_fu_208202_p2            |     |        | add_ln333_402  | add | fabric    | 0       |
|   add_ln333_403_fu_208340_p2            |     |        | add_ln333_403  | add | fabric    | 0       |
|   add_ln333_404_fu_208478_p2            |     |        | add_ln333_404  | add | fabric    | 0       |
|   add_ln333_405_fu_208626_p2            |     |        | add_ln333_405  | add | fabric    | 0       |
|   add_ln333_406_fu_157847_p2            |     |        | add_ln333_406  | add | fabric    | 0       |
|   add_ln333_407_fu_208774_p2            |     |        | add_ln333_407  | add | fabric    | 0       |
|   add_ln333_408_fu_157981_p2            |     |        | add_ln333_408  | add | fabric    | 0       |
|   add_ln333_409_fu_208922_p2            |     |        | add_ln333_409  | add | fabric    | 0       |
|   add_ln333_410_fu_158115_p2            |     |        | add_ln333_410  | add | fabric    | 0       |
|   add_ln333_411_fu_209070_p2            |     |        | add_ln333_411  | add | fabric    | 0       |
|   add_ln333_412_fu_158249_p2            |     |        | add_ln333_412  | add | fabric    | 0       |
|   add_ln333_413_fu_209218_p2            |     |        | add_ln333_413  | add | fabric    | 0       |
|   add_ln333_414_fu_209366_p2            |     |        | add_ln333_414  | add | fabric    | 0       |
|   add_ln333_415_fu_209514_p2            |     |        | add_ln333_415  | add | fabric    | 0       |
|   add_ln333_416_fu_209662_p2            |     |        | add_ln333_416  | add | fabric    | 0       |
|   add_ln333_417_fu_209810_p2            |     |        | add_ln333_417  | add | fabric    | 0       |
|   add_ln333_418_fu_209958_p2            |     |        | add_ln333_418  | add | fabric    | 0       |
|   add_ln333_419_fu_210106_p2            |     |        | add_ln333_419  | add | fabric    | 0       |
|   add_ln333_420_fu_210254_p2            |     |        | add_ln333_420  | add | fabric    | 0       |
|   add_ln333_421_fu_210402_p2            |     |        | add_ln333_421  | add | fabric    | 0       |
|   add_ln333_422_fu_210550_p2            |     |        | add_ln333_422  | add | fabric    | 0       |
|   add_ln333_423_fu_210698_p2            |     |        | add_ln333_423  | add | fabric    | 0       |
|   add_ln333_424_fu_210846_p2            |     |        | add_ln333_424  | add | fabric    | 0       |
|   add_ln333_425_fu_210994_p2            |     |        | add_ln333_425  | add | fabric    | 0       |
|   add_ln333_426_fu_211142_p2            |     |        | add_ln333_426  | add | fabric    | 0       |
|   add_ln333_427_fu_211280_p2            |     |        | add_ln333_427  | add | fabric    | 0       |
|   add_ln333_428_fu_211418_p2            |     |        | add_ln333_428  | add | fabric    | 0       |
|   add_ln333_429_fu_211566_p2            |     |        | add_ln333_429  | add | fabric    | 0       |
|   add_ln333_430_fu_158399_p2            |     |        | add_ln333_430  | add | fabric    | 0       |
|   add_ln333_431_fu_211714_p2            |     |        | add_ln333_431  | add | fabric    | 0       |
|   add_ln333_432_fu_158533_p2            |     |        | add_ln333_432  | add | fabric    | 0       |
|   add_ln333_433_fu_211862_p2            |     |        | add_ln333_433  | add | fabric    | 0       |
|   add_ln333_434_fu_158667_p2            |     |        | add_ln333_434  | add | fabric    | 0       |
|   add_ln333_435_fu_212010_p2            |     |        | add_ln333_435  | add | fabric    | 0       |
|   add_ln333_436_fu_212158_p2            |     |        | add_ln333_436  | add | fabric    | 0       |
|   add_ln333_437_fu_212306_p2            |     |        | add_ln333_437  | add | fabric    | 0       |
|   add_ln333_438_fu_212454_p2            |     |        | add_ln333_438  | add | fabric    | 0       |
|   add_ln333_439_fu_212602_p2            |     |        | add_ln333_439  | add | fabric    | 0       |
|   add_ln333_440_fu_212750_p2            |     |        | add_ln333_440  | add | fabric    | 0       |
|   add_ln333_441_fu_212898_p2            |     |        | add_ln333_441  | add | fabric    | 0       |
|   add_ln333_442_fu_213046_p2            |     |        | add_ln333_442  | add | fabric    | 0       |
|   add_ln333_443_fu_213194_p2            |     |        | add_ln333_443  | add | fabric    | 0       |
|   add_ln333_444_fu_213342_p2            |     |        | add_ln333_444  | add | fabric    | 0       |
|   add_ln333_445_fu_213490_p2            |     |        | add_ln333_445  | add | fabric    | 0       |
|   add_ln333_446_fu_213638_p2            |     |        | add_ln333_446  | add | fabric    | 0       |
|   add_ln333_447_fu_213786_p2            |     |        | add_ln333_447  | add | fabric    | 0       |
|   add_ln333_448_fu_213934_p2            |     |        | add_ln333_448  | add | fabric    | 0       |
|   add_ln333_449_fu_214082_p2            |     |        | add_ln333_449  | add | fabric    | 0       |
|   add_ln333_450_fu_214220_p2            |     |        | add_ln333_450  | add | fabric    | 0       |
|   add_ln333_451_fu_214358_p2            |     |        | add_ln333_451  | add | fabric    | 0       |
|   add_ln333_452_fu_214506_p2            |     |        | add_ln333_452  | add | fabric    | 0       |
|   add_ln333_453_fu_158817_p2            |     |        | add_ln333_453  | add | fabric    | 0       |
|   add_ln333_454_fu_214654_p2            |     |        | add_ln333_454  | add | fabric    | 0       |
|   add_ln333_455_fu_158951_p2            |     |        | add_ln333_455  | add | fabric    | 0       |
|   add_ln333_456_fu_214802_p2            |     |        | add_ln333_456  | add | fabric    | 0       |
|   add_ln333_457_fu_214950_p2            |     |        | add_ln333_457  | add | fabric    | 0       |
|   add_ln333_458_fu_215098_p2            |     |        | add_ln333_458  | add | fabric    | 0       |
|   add_ln333_459_fu_215246_p2            |     |        | add_ln333_459  | add | fabric    | 0       |
|   add_ln333_460_fu_215394_p2            |     |        | add_ln333_460  | add | fabric    | 0       |
|   add_ln333_461_fu_215542_p2            |     |        | add_ln333_461  | add | fabric    | 0       |
|   add_ln333_462_fu_215690_p2            |     |        | add_ln333_462  | add | fabric    | 0       |
|   add_ln333_463_fu_215838_p2            |     |        | add_ln333_463  | add | fabric    | 0       |
|   add_ln333_464_fu_215986_p2            |     |        | add_ln333_464  | add | fabric    | 0       |
|   add_ln333_465_fu_216134_p2            |     |        | add_ln333_465  | add | fabric    | 0       |
|   add_ln333_466_fu_216282_p2            |     |        | add_ln333_466  | add | fabric    | 0       |
|   add_ln333_467_fu_216430_p2            |     |        | add_ln333_467  | add | fabric    | 0       |
|   add_ln333_468_fu_216578_p2            |     |        | add_ln333_468  | add | fabric    | 0       |
|   add_ln333_469_fu_216726_p2            |     |        | add_ln333_469  | add | fabric    | 0       |
|   add_ln333_470_fu_216874_p2            |     |        | add_ln333_470  | add | fabric    | 0       |
|   add_ln333_471_fu_217022_p2            |     |        | add_ln333_471  | add | fabric    | 0       |
|   add_ln333_472_fu_217160_p2            |     |        | add_ln333_472  | add | fabric    | 0       |
|   add_ln333_473_fu_217298_p2            |     |        | add_ln333_473  | add | fabric    | 0       |
|   add_ln333_474_fu_217436_p2            |     |        | add_ln333_474  | add | fabric    | 0       |
|   add_ln333_475_fu_159109_p2            |     |        | add_ln333_475  | add | fabric    | 0       |
|   add_ln333_476_fu_217584_p2            |     |        | add_ln333_476  | add | fabric    | 0       |
|   add_ln333_477_fu_217732_p2            |     |        | add_ln333_477  | add | fabric    | 0       |
|   add_ln333_478_fu_217880_p2            |     |        | add_ln333_478  | add | fabric    | 0       |
|   add_ln333_479_fu_218028_p2            |     |        | add_ln333_479  | add | fabric    | 0       |
|   add_ln333_480_fu_218176_p2            |     |        | add_ln333_480  | add | fabric    | 0       |
|   add_ln333_481_fu_218324_p2            |     |        | add_ln333_481  | add | fabric    | 0       |
|   add_ln333_482_fu_218472_p2            |     |        | add_ln333_482  | add | fabric    | 0       |
|   add_ln333_483_fu_218620_p2            |     |        | add_ln333_483  | add | fabric    | 0       |
|   add_ln333_484_fu_218768_p2            |     |        | add_ln333_484  | add | fabric    | 0       |
|   add_ln333_485_fu_218916_p2            |     |        | add_ln333_485  | add | fabric    | 0       |
|   add_ln333_486_fu_219064_p2            |     |        | add_ln333_486  | add | fabric    | 0       |
|   add_ln333_487_fu_219212_p2            |     |        | add_ln333_487  | add | fabric    | 0       |
|   add_ln333_488_fu_219360_p2            |     |        | add_ln333_488  | add | fabric    | 0       |
|   add_ln333_489_fu_219508_p2            |     |        | add_ln333_489  | add | fabric    | 0       |
|   add_ln333_490_fu_219656_p2            |     |        | add_ln333_490  | add | fabric    | 0       |
|   add_ln333_491_fu_219804_p2            |     |        | add_ln333_491  | add | fabric    | 0       |
|   add_ln333_492_fu_219942_p2            |     |        | add_ln333_492  | add | fabric    | 0       |
|   add_ln333_493_fu_220080_p2            |     |        | add_ln333_493  | add | fabric    | 0       |
|   add_ln333_494_fu_220218_p2            |     |        | add_ln333_494  | add | fabric    | 0       |
|   add_ln379_fu_220318_p2                |     |        | add_ln379      | add | fabric    | 0       |
|   add_ln379_1_fu_222993_p2              |     |        | add_ln379_1    | add | fabric    | 0       |
|   add_ln379_2_fu_222999_p2              |     |        | add_ln379_2    | add | fabric    | 0       |
|   add_ln379_3_fu_227720_p2              |     |        | add_ln379_3    | add | fabric    | 0       |
|   add_ln379_4_fu_227730_p2              |     |        | add_ln379_4    | add | fabric    | 0       |
|   add_ln379_5_fu_223005_p2              |     |        | add_ln379_5    | add | fabric    | 0       |
|   add_ln379_6_fu_223011_p2              |     |        | add_ln379_6    | add | fabric    | 0       |
|   add_ln379_7_fu_227746_p2              |     |        | add_ln379_7    | add | fabric    | 0       |
|   add_ln379_8_fu_227756_p2              |     |        | add_ln379_8    | add | fabric    | 0       |
|   add_ln379_9_fu_227766_p2              |     |        | add_ln379_9    | add | fabric    | 0       |
|   add_ln379_10_fu_223017_p2             |     |        | add_ln379_10   | add | fabric    | 0       |
|   add_ln379_11_fu_223023_p2             |     |        | add_ln379_11   | add | fabric    | 0       |
|   add_ln379_12_fu_227782_p2             |     |        | add_ln379_12   | add | fabric    | 0       |
|   add_ln379_13_fu_227792_p2             |     |        | add_ln379_13   | add | fabric    | 0       |
|   add_ln379_14_fu_223029_p2             |     |        | add_ln379_14   | add | fabric    | 0       |
|   add_ln379_15_fu_223035_p2             |     |        | add_ln379_15   | add | fabric    | 0       |
|   add_ln379_16_fu_227808_p2             |     |        | add_ln379_16   | add | fabric    | 0       |
|   add_ln379_17_fu_227818_p2             |     |        | add_ln379_17   | add | fabric    | 0       |
|   add_ln379_18_fu_227828_p2             |     |        | add_ln379_18   | add | fabric    | 0       |
|   add_ln379_19_fu_227838_p2             |     |        | add_ln379_19   | add | fabric    | 0       |
|   add_ln379_20_fu_223041_p2             |     |        | add_ln379_20   | add | fabric    | 0       |
|   add_ln379_21_fu_223047_p2             |     |        | add_ln379_21   | add | fabric    | 0       |
|   add_ln379_22_fu_227854_p2             |     |        | add_ln379_22   | add | fabric    | 0       |
|   add_ln379_23_fu_227864_p2             |     |        | add_ln379_23   | add | fabric    | 0       |
|   add_ln379_24_fu_223053_p2             |     |        | add_ln379_24   | add | fabric    | 0       |
|   add_ln379_25_fu_223059_p2             |     |        | add_ln379_25   | add | fabric    | 0       |
|   add_ln379_26_fu_227880_p2             |     |        | add_ln379_26   | add | fabric    | 0       |
|   add_ln379_27_fu_227890_p2             |     |        | add_ln379_27   | add | fabric    | 0       |
|   add_ln379_28_fu_227900_p2             |     |        | add_ln379_28   | add | fabric    | 0       |
|   add_ln379_29_fu_223065_p2             |     |        | add_ln379_29   | add | fabric    | 0       |
|   add_ln379_30_fu_223071_p2             |     |        | add_ln379_30   | add | fabric    | 0       |
|   add_ln379_31_fu_227916_p2             |     |        | add_ln379_31   | add | fabric    | 0       |
|   add_ln379_32_fu_227926_p2             |     |        | add_ln379_32   | add | fabric    | 0       |
|   add_ln379_33_fu_223077_p2             |     |        | add_ln379_33   | add | fabric    | 0       |
|   add_ln379_34_fu_223083_p2             |     |        | add_ln379_34   | add | fabric    | 0       |
|   add_ln379_35_fu_227942_p2             |     |        | add_ln379_35   | add | fabric    | 0       |
|   add_ln379_36_fu_227951_p2             |     |        | add_ln379_36   | add | fabric    | 0       |
|   add_ln379_37_fu_227961_p2             |     |        | add_ln379_37   | add | fabric    | 0       |
|   add_ln379_38_fu_227971_p2             |     |        | add_ln379_38   | add | fabric    | 0       |
|   add_ln379_39_fu_227981_p2             |     |        | add_ln379_39   | add | fabric    | 0       |
|   add_ln379_40_fu_223089_p2             |     |        | add_ln379_40   | add | fabric    | 0       |
|   add_ln379_41_fu_223095_p2             |     |        | add_ln379_41   | add | fabric    | 0       |
|   add_ln379_42_fu_227997_p2             |     |        | add_ln379_42   | add | fabric    | 0       |
|   add_ln379_43_fu_228007_p2             |     |        | add_ln379_43   | add | fabric    | 0       |
|   add_ln379_44_fu_223101_p2             |     |        | add_ln379_44   | add | fabric    | 0       |
|   add_ln379_45_fu_223107_p2             |     |        | add_ln379_45   | add | fabric    | 0       |
|   add_ln379_46_fu_228023_p2             |     |        | add_ln379_46   | add | fabric    | 0       |
|   add_ln379_47_fu_228033_p2             |     |        | add_ln379_47   | add | fabric    | 0       |
|   add_ln379_48_fu_228043_p2             |     |        | add_ln379_48   | add | fabric    | 0       |
|   add_ln379_49_fu_223113_p2             |     |        | add_ln379_49   | add | fabric    | 0       |
|   add_ln379_50_fu_223119_p2             |     |        | add_ln379_50   | add | fabric    | 0       |
|   add_ln379_51_fu_228059_p2             |     |        | add_ln379_51   | add | fabric    | 0       |
|   add_ln379_52_fu_228069_p2             |     |        | add_ln379_52   | add | fabric    | 0       |
|   add_ln379_53_fu_223125_p2             |     |        | add_ln379_53   | add | fabric    | 0       |
|   add_ln379_54_fu_223131_p2             |     |        | add_ln379_54   | add | fabric    | 0       |
|   add_ln379_55_fu_228085_p2             |     |        | add_ln379_55   | add | fabric    | 0       |
|   add_ln379_56_fu_228095_p2             |     |        | add_ln379_56   | add | fabric    | 0       |
|   add_ln379_57_fu_228105_p2             |     |        | add_ln379_57   | add | fabric    | 0       |
|   add_ln379_58_fu_228115_p2             |     |        | add_ln379_58   | add | fabric    | 0       |
|   add_ln379_59_fu_223137_p2             |     |        | add_ln379_59   | add | fabric    | 0       |
|   add_ln379_60_fu_223143_p2             |     |        | add_ln379_60   | add | fabric    | 0       |
|   add_ln379_61_fu_228131_p2             |     |        | add_ln379_61   | add | fabric    | 0       |
|   add_ln379_62_fu_228141_p2             |     |        | add_ln379_62   | add | fabric    | 0       |
|   add_ln379_63_fu_223149_p2             |     |        | add_ln379_63   | add | fabric    | 0       |
|   add_ln379_64_fu_223155_p2             |     |        | add_ln379_64   | add | fabric    | 0       |
|   add_ln379_65_fu_228157_p2             |     |        | add_ln379_65   | add | fabric    | 0       |
|   add_ln379_66_fu_228167_p2             |     |        | add_ln379_66   | add | fabric    | 0       |
|   add_ln379_67_fu_228177_p2             |     |        | add_ln379_67   | add | fabric    | 0       |
|   add_ln379_68_fu_223161_p2             |     |        | add_ln379_68   | add | fabric    | 0       |
|   add_ln379_69_fu_223167_p2             |     |        | add_ln379_69   | add | fabric    | 0       |
|   add_ln379_70_fu_228193_p2             |     |        | add_ln379_70   | add | fabric    | 0       |
|   add_ln379_71_fu_228203_p2             |     |        | add_ln379_71   | add | fabric    | 0       |
|   add_ln379_72_fu_223173_p2             |     |        | add_ln379_72   | add | fabric    | 0       |
|   add_ln379_73_fu_223179_p2             |     |        | add_ln379_73   | add | fabric    | 0       |
|   add_ln379_74_fu_228219_p2             |     |        | add_ln379_74   | add | fabric    | 0       |
|   add_ln379_75_fu_228229_p2             |     |        | add_ln379_75   | add | fabric    | 0       |
|   add_ln379_76_fu_228239_p2             |     |        | add_ln379_76   | add | fabric    | 0       |
|   add_ln379_77_fu_228249_p2             |     |        | add_ln379_77   | add | fabric    | 0       |
|   add_ln379_78_fu_228259_p2             |     |        | add_ln379_78   | add | fabric    | 0       |
|   add_ln379_79_fu_228269_p2             |     |        | add_ln379_79   | add | fabric    | 0       |
|   add_ln379_80_fu_223185_p2             |     |        | add_ln379_80   | add | fabric    | 0       |
|   add_ln379_81_fu_223191_p2             |     |        | add_ln379_81   | add | fabric    | 0       |
|   add_ln379_82_fu_228281_p2             |     |        | add_ln379_82   | add | fabric    | 0       |
|   add_ln379_83_fu_228291_p2             |     |        | add_ln379_83   | add | fabric    | 0       |
|   add_ln379_84_fu_223197_p2             |     |        | add_ln379_84   | add | fabric    | 0       |
|   add_ln379_85_fu_223203_p2             |     |        | add_ln379_85   | add | fabric    | 0       |
|   add_ln379_86_fu_228307_p2             |     |        | add_ln379_86   | add | fabric    | 0       |
|   add_ln379_87_fu_228317_p2             |     |        | add_ln379_87   | add | fabric    | 0       |
|   add_ln379_88_fu_228327_p2             |     |        | add_ln379_88   | add | fabric    | 0       |
|   add_ln379_89_fu_223209_p2             |     |        | add_ln379_89   | add | fabric    | 0       |
|   add_ln379_90_fu_223215_p2             |     |        | add_ln379_90   | add | fabric    | 0       |
|   add_ln379_91_fu_228343_p2             |     |        | add_ln379_91   | add | fabric    | 0       |
|   add_ln379_92_fu_228353_p2             |     |        | add_ln379_92   | add | fabric    | 0       |
|   add_ln379_93_fu_223221_p2             |     |        | add_ln379_93   | add | fabric    | 0       |
|   add_ln379_94_fu_223227_p2             |     |        | add_ln379_94   | add | fabric    | 0       |
|   add_ln379_95_fu_228369_p2             |     |        | add_ln379_95   | add | fabric    | 0       |
|   add_ln379_96_fu_228379_p2             |     |        | add_ln379_96   | add | fabric    | 0       |
|   add_ln379_97_fu_228389_p2             |     |        | add_ln379_97   | add | fabric    | 0       |
|   add_ln379_98_fu_228399_p2             |     |        | add_ln379_98   | add | fabric    | 0       |
|   add_ln379_99_fu_223233_p2             |     |        | add_ln379_99   | add | fabric    | 0       |
|   add_ln379_100_fu_223239_p2            |     |        | add_ln379_100  | add | fabric    | 0       |
|   add_ln379_101_fu_228415_p2            |     |        | add_ln379_101  | add | fabric    | 0       |
|   add_ln379_102_fu_228425_p2            |     |        | add_ln379_102  | add | fabric    | 0       |
|   add_ln379_103_fu_223245_p2            |     |        | add_ln379_103  | add | fabric    | 0       |
|   add_ln379_104_fu_223251_p2            |     |        | add_ln379_104  | add | fabric    | 0       |
|   add_ln379_105_fu_228441_p2            |     |        | add_ln379_105  | add | fabric    | 0       |
|   add_ln379_106_fu_228451_p2            |     |        | add_ln379_106  | add | fabric    | 0       |
|   add_ln379_107_fu_228461_p2            |     |        | add_ln379_107  | add | fabric    | 0       |
|   add_ln379_108_fu_223257_p2            |     |        | add_ln379_108  | add | fabric    | 0       |
|   add_ln379_109_fu_223263_p2            |     |        | add_ln379_109  | add | fabric    | 0       |
|   add_ln379_110_fu_228477_p2            |     |        | add_ln379_110  | add | fabric    | 0       |
|   add_ln379_111_fu_228487_p2            |     |        | add_ln379_111  | add | fabric    | 0       |
|   add_ln379_112_fu_223269_p2            |     |        | add_ln379_112  | add | fabric    | 0       |
|   add_ln379_113_fu_223275_p2            |     |        | add_ln379_113  | add | fabric    | 0       |
|   add_ln379_114_fu_228503_p2            |     |        | add_ln379_114  | add | fabric    | 0       |
|   add_ln379_115_fu_228513_p2            |     |        | add_ln379_115  | add | fabric    | 0       |
|   add_ln379_116_fu_228523_p2            |     |        | add_ln379_116  | add | fabric    | 0       |
|   add_ln379_117_fu_228533_p2            |     |        | add_ln379_117  | add | fabric    | 0       |
|   add_ln379_118_fu_228543_p2            |     |        | add_ln379_118  | add | fabric    | 0       |
|   add_ln379_119_fu_223281_p2            |     |        | add_ln379_119  | add | fabric    | 0       |
|   add_ln379_120_fu_223287_p2            |     |        | add_ln379_120  | add | fabric    | 0       |
|   add_ln379_121_fu_228559_p2            |     |        | add_ln379_121  | add | fabric    | 0       |
|   add_ln379_122_fu_228569_p2            |     |        | add_ln379_122  | add | fabric    | 0       |
|   add_ln379_123_fu_223293_p2            |     |        | add_ln379_123  | add | fabric    | 0       |
|   add_ln379_124_fu_223299_p2            |     |        | add_ln379_124  | add | fabric    | 0       |
|   add_ln379_125_fu_228585_p2            |     |        | add_ln379_125  | add | fabric    | 0       |
|   add_ln379_126_fu_228595_p2            |     |        | add_ln379_126  | add | fabric    | 0       |
|   add_ln379_127_fu_228605_p2            |     |        | add_ln379_127  | add | fabric    | 0       |
|   add_ln379_128_fu_223305_p2            |     |        | add_ln379_128  | add | fabric    | 0       |
|   add_ln379_129_fu_223311_p2            |     |        | add_ln379_129  | add | fabric    | 0       |
|   add_ln379_130_fu_228621_p2            |     |        | add_ln379_130  | add | fabric    | 0       |
|   add_ln379_131_fu_228631_p2            |     |        | add_ln379_131  | add | fabric    | 0       |
|   add_ln379_132_fu_223317_p2            |     |        | add_ln379_132  | add | fabric    | 0       |
|   add_ln379_133_fu_223323_p2            |     |        | add_ln379_133  | add | fabric    | 0       |
|   add_ln379_134_fu_228647_p2            |     |        | add_ln379_134  | add | fabric    | 0       |
|   add_ln379_135_fu_228657_p2            |     |        | add_ln379_135  | add | fabric    | 0       |
|   add_ln379_136_fu_228667_p2            |     |        | add_ln379_136  | add | fabric    | 0       |
|   add_ln379_137_fu_228677_p2            |     |        | add_ln379_137  | add | fabric    | 0       |
|   add_ln379_138_fu_223329_p2            |     |        | add_ln379_138  | add | fabric    | 0       |
|   add_ln379_139_fu_223335_p2            |     |        | add_ln379_139  | add | fabric    | 0       |
|   add_ln379_140_fu_228693_p2            |     |        | add_ln379_140  | add | fabric    | 0       |
|   add_ln379_141_fu_228703_p2            |     |        | add_ln379_141  | add | fabric    | 0       |
|   add_ln379_142_fu_223341_p2            |     |        | add_ln379_142  | add | fabric    | 0       |
|   add_ln379_143_fu_223347_p2            |     |        | add_ln379_143  | add | fabric    | 0       |
|   add_ln379_144_fu_228719_p2            |     |        | add_ln379_144  | add | fabric    | 0       |
|   add_ln379_145_fu_228729_p2            |     |        | add_ln379_145  | add | fabric    | 0       |
|   add_ln379_146_fu_228739_p2            |     |        | add_ln379_146  | add | fabric    | 0       |
|   add_ln379_147_fu_223353_p2            |     |        | add_ln379_147  | add | fabric    | 0       |
|   add_ln379_148_fu_223359_p2            |     |        | add_ln379_148  | add | fabric    | 0       |
|   add_ln379_149_fu_228755_p2            |     |        | add_ln379_149  | add | fabric    | 0       |
|   add_ln379_150_fu_228765_p2            |     |        | add_ln379_150  | add | fabric    | 0       |
|   add_ln379_151_fu_223365_p2            |     |        | add_ln379_151  | add | fabric    | 0       |
|   add_ln379_152_fu_228778_p2            |     |        | add_ln379_152  | add | fabric    | 0       |
|   add_ln379_153_fu_223371_p2            |     |        | add_ln379_153  | add | fabric    | 0       |
|   add_ln379_154_fu_228791_p2            |     |        | add_ln379_154  | add | fabric    | 0       |
|   add_ln379_155_fu_228801_p2            |     |        | add_ln379_155  | add | fabric    | 0       |
|   add_ln379_156_fu_228811_p2            |     |        | add_ln379_156  | add | fabric    | 0       |
|   add_ln379_157_fu_228821_p2            |     |        | add_ln379_157  | add | fabric    | 0       |
|   add_ln379_158_fu_228831_p2            |     |        | add_ln379_158  | add | fabric    | 0       |
|   add_ln379_159_fu_228841_p2            |     |        | add_ln379_159  | add | fabric    | 0       |
|   add_ln379_160_fu_230665_p2            |     |        | add_ln379_160  | add | fabric    | 0       |
|   add_ln379_161_fu_223377_p2            |     |        | add_ln379_161  | add | fabric    | 0       |
|   add_ln379_162_fu_223383_p2            |     |        | add_ln379_162  | add | fabric    | 0       |
|   add_ln379_163_fu_228853_p2            |     |        | add_ln379_163  | add | fabric    | 0       |
|   add_ln379_164_fu_228863_p2            |     |        | add_ln379_164  | add | fabric    | 0       |
|   add_ln379_165_fu_223389_p2            |     |        | add_ln379_165  | add | fabric    | 0       |
|   add_ln379_166_fu_223395_p2            |     |        | add_ln379_166  | add | fabric    | 0       |
|   add_ln379_167_fu_228879_p2            |     |        | add_ln379_167  | add | fabric    | 0       |
|   add_ln379_168_fu_228889_p2            |     |        | add_ln379_168  | add | fabric    | 0       |
|   add_ln379_169_fu_228899_p2            |     |        | add_ln379_169  | add | fabric    | 0       |
|   add_ln379_170_fu_223401_p2            |     |        | add_ln379_170  | add | fabric    | 0       |
|   add_ln379_171_fu_223407_p2            |     |        | add_ln379_171  | add | fabric    | 0       |
|   add_ln379_172_fu_228915_p2            |     |        | add_ln379_172  | add | fabric    | 0       |
|   add_ln379_173_fu_228925_p2            |     |        | add_ln379_173  | add | fabric    | 0       |
|   add_ln379_174_fu_223413_p2            |     |        | add_ln379_174  | add | fabric    | 0       |
|   add_ln379_175_fu_223419_p2            |     |        | add_ln379_175  | add | fabric    | 0       |
|   add_ln379_176_fu_228941_p2            |     |        | add_ln379_176  | add | fabric    | 0       |
|   add_ln379_177_fu_228951_p2            |     |        | add_ln379_177  | add | fabric    | 0       |
|   add_ln379_178_fu_228961_p2            |     |        | add_ln379_178  | add | fabric    | 0       |
|   add_ln379_179_fu_228971_p2            |     |        | add_ln379_179  | add | fabric    | 0       |
|   add_ln379_180_fu_223425_p2            |     |        | add_ln379_180  | add | fabric    | 0       |
|   add_ln379_181_fu_223431_p2            |     |        | add_ln379_181  | add | fabric    | 0       |
|   add_ln379_182_fu_228987_p2            |     |        | add_ln379_182  | add | fabric    | 0       |
|   add_ln379_183_fu_228997_p2            |     |        | add_ln379_183  | add | fabric    | 0       |
|   add_ln379_184_fu_223437_p2            |     |        | add_ln379_184  | add | fabric    | 0       |
|   add_ln379_185_fu_223443_p2            |     |        | add_ln379_185  | add | fabric    | 0       |
|   add_ln379_186_fu_229013_p2            |     |        | add_ln379_186  | add | fabric    | 0       |
|   add_ln379_187_fu_229023_p2            |     |        | add_ln379_187  | add | fabric    | 0       |
|   add_ln379_188_fu_229033_p2            |     |        | add_ln379_188  | add | fabric    | 0       |
|   add_ln379_189_fu_223449_p2            |     |        | add_ln379_189  | add | fabric    | 0       |
|   add_ln379_190_fu_223455_p2            |     |        | add_ln379_190  | add | fabric    | 0       |
|   add_ln379_191_fu_229049_p2            |     |        | add_ln379_191  | add | fabric    | 0       |
|   add_ln379_192_fu_229059_p2            |     |        | add_ln379_192  | add | fabric    | 0       |
|   add_ln379_193_fu_223461_p2            |     |        | add_ln379_193  | add | fabric    | 0       |
|   add_ln379_194_fu_223467_p2            |     |        | add_ln379_194  | add | fabric    | 0       |
|   add_ln379_195_fu_229075_p2            |     |        | add_ln379_195  | add | fabric    | 0       |
|   add_ln379_196_fu_229085_p2            |     |        | add_ln379_196  | add | fabric    | 0       |
|   add_ln379_197_fu_229095_p2            |     |        | add_ln379_197  | add | fabric    | 0       |
|   add_ln379_198_fu_229105_p2            |     |        | add_ln379_198  | add | fabric    | 0       |
|   add_ln379_199_fu_229115_p2            |     |        | add_ln379_199  | add | fabric    | 0       |
|   add_ln379_200_fu_223473_p2            |     |        | add_ln379_200  | add | fabric    | 0       |
|   add_ln379_201_fu_223479_p2            |     |        | add_ln379_201  | add | fabric    | 0       |
|   add_ln379_202_fu_229131_p2            |     |        | add_ln379_202  | add | fabric    | 0       |
|   add_ln379_203_fu_229141_p2            |     |        | add_ln379_203  | add | fabric    | 0       |
|   add_ln379_204_fu_223485_p2            |     |        | add_ln379_204  | add | fabric    | 0       |
|   add_ln379_205_fu_223491_p2            |     |        | add_ln379_205  | add | fabric    | 0       |
|   add_ln379_206_fu_229157_p2            |     |        | add_ln379_206  | add | fabric    | 0       |
|   add_ln379_207_fu_229167_p2            |     |        | add_ln379_207  | add | fabric    | 0       |
|   add_ln379_208_fu_229177_p2            |     |        | add_ln379_208  | add | fabric    | 0       |
|   add_ln379_209_fu_223497_p2            |     |        | add_ln379_209  | add | fabric    | 0       |
|   add_ln379_210_fu_223503_p2            |     |        | add_ln379_210  | add | fabric    | 0       |
|   add_ln379_211_fu_229193_p2            |     |        | add_ln379_211  | add | fabric    | 0       |
|   add_ln379_212_fu_229203_p2            |     |        | add_ln379_212  | add | fabric    | 0       |
|   add_ln379_213_fu_223509_p2            |     |        | add_ln379_213  | add | fabric    | 0       |
|   add_ln379_214_fu_223515_p2            |     |        | add_ln379_214  | add | fabric    | 0       |
|   add_ln379_215_fu_229219_p2            |     |        | add_ln379_215  | add | fabric    | 0       |
|   add_ln379_216_fu_229229_p2            |     |        | add_ln379_216  | add | fabric    | 0       |
|   add_ln379_217_fu_229239_p2            |     |        | add_ln379_217  | add | fabric    | 0       |
|   add_ln379_218_fu_229249_p2            |     |        | add_ln379_218  | add | fabric    | 0       |
|   add_ln379_219_fu_223521_p2            |     |        | add_ln379_219  | add | fabric    | 0       |
|   add_ln379_220_fu_223527_p2            |     |        | add_ln379_220  | add | fabric    | 0       |
|   add_ln379_221_fu_229265_p2            |     |        | add_ln379_221  | add | fabric    | 0       |
|   add_ln379_222_fu_229275_p2            |     |        | add_ln379_222  | add | fabric    | 0       |
|   add_ln379_223_fu_223533_p2            |     |        | add_ln379_223  | add | fabric    | 0       |
|   add_ln379_224_fu_223539_p2            |     |        | add_ln379_224  | add | fabric    | 0       |
|   add_ln379_225_fu_229291_p2            |     |        | add_ln379_225  | add | fabric    | 0       |
|   add_ln379_226_fu_229301_p2            |     |        | add_ln379_226  | add | fabric    | 0       |
|   add_ln379_227_fu_229311_p2            |     |        | add_ln379_227  | add | fabric    | 0       |
|   add_ln379_228_fu_223545_p2            |     |        | add_ln379_228  | add | fabric    | 0       |
|   add_ln379_229_fu_223551_p2            |     |        | add_ln379_229  | add | fabric    | 0       |
|   add_ln379_230_fu_229327_p2            |     |        | add_ln379_230  | add | fabric    | 0       |
|   add_ln379_231_fu_229337_p2            |     |        | add_ln379_231  | add | fabric    | 0       |
|   add_ln379_232_fu_223557_p2            |     |        | add_ln379_232  | add | fabric    | 0       |
|   add_ln379_233_fu_229350_p2            |     |        | add_ln379_233  | add | fabric    | 0       |
|   add_ln379_234_fu_223563_p2            |     |        | add_ln379_234  | add | fabric    | 0       |
|   add_ln379_235_fu_229363_p2            |     |        | add_ln379_235  | add | fabric    | 0       |
|   add_ln379_236_fu_229373_p2            |     |        | add_ln379_236  | add | fabric    | 0       |
|   add_ln379_237_fu_229383_p2            |     |        | add_ln379_237  | add | fabric    | 0       |
|   add_ln379_238_fu_229393_p2            |     |        | add_ln379_238  | add | fabric    | 0       |
|   add_ln379_239_fu_229403_p2            |     |        | add_ln379_239  | add | fabric    | 0       |
|   add_ln379_240_fu_229413_p2            |     |        | add_ln379_240  | add | fabric    | 0       |
|   add_ln379_241_fu_223569_p2            |     |        | add_ln379_241  | add | fabric    | 0       |
|   add_ln379_242_fu_223575_p2            |     |        | add_ln379_242  | add | fabric    | 0       |
|   add_ln379_243_fu_229425_p2            |     |        | add_ln379_243  | add | fabric    | 0       |
|   add_ln379_244_fu_229435_p2            |     |        | add_ln379_244  | add | fabric    | 0       |
|   add_ln379_245_fu_223581_p2            |     |        | add_ln379_245  | add | fabric    | 0       |
|   add_ln379_246_fu_223587_p2            |     |        | add_ln379_246  | add | fabric    | 0       |
|   add_ln379_247_fu_229451_p2            |     |        | add_ln379_247  | add | fabric    | 0       |
|   add_ln379_248_fu_229461_p2            |     |        | add_ln379_248  | add | fabric    | 0       |
|   add_ln379_249_fu_229471_p2            |     |        | add_ln379_249  | add | fabric    | 0       |
|   add_ln379_250_fu_223593_p2            |     |        | add_ln379_250  | add | fabric    | 0       |
|   add_ln379_251_fu_223599_p2            |     |        | add_ln379_251  | add | fabric    | 0       |
|   add_ln379_252_fu_229487_p2            |     |        | add_ln379_252  | add | fabric    | 0       |
|   add_ln379_253_fu_229497_p2            |     |        | add_ln379_253  | add | fabric    | 0       |
|   add_ln379_254_fu_223605_p2            |     |        | add_ln379_254  | add | fabric    | 0       |
|   add_ln379_255_fu_223611_p2            |     |        | add_ln379_255  | add | fabric    | 0       |
|   add_ln379_256_fu_229513_p2            |     |        | add_ln379_256  | add | fabric    | 0       |
|   add_ln379_257_fu_229523_p2            |     |        | add_ln379_257  | add | fabric    | 0       |
|   add_ln379_258_fu_229533_p2            |     |        | add_ln379_258  | add | fabric    | 0       |
|   add_ln379_259_fu_229543_p2            |     |        | add_ln379_259  | add | fabric    | 0       |
|   add_ln379_260_fu_223617_p2            |     |        | add_ln379_260  | add | fabric    | 0       |
|   add_ln379_261_fu_223623_p2            |     |        | add_ln379_261  | add | fabric    | 0       |
|   add_ln379_262_fu_229559_p2            |     |        | add_ln379_262  | add | fabric    | 0       |
|   add_ln379_263_fu_229569_p2            |     |        | add_ln379_263  | add | fabric    | 0       |
|   add_ln379_264_fu_223629_p2            |     |        | add_ln379_264  | add | fabric    | 0       |
|   add_ln379_265_fu_223635_p2            |     |        | add_ln379_265  | add | fabric    | 0       |
|   add_ln379_266_fu_229585_p2            |     |        | add_ln379_266  | add | fabric    | 0       |
|   add_ln379_267_fu_229595_p2            |     |        | add_ln379_267  | add | fabric    | 0       |
|   add_ln379_268_fu_229605_p2            |     |        | add_ln379_268  | add | fabric    | 0       |
|   add_ln379_269_fu_223641_p2            |     |        | add_ln379_269  | add | fabric    | 0       |
|   add_ln379_270_fu_223647_p2            |     |        | add_ln379_270  | add | fabric    | 0       |
|   add_ln379_271_fu_229621_p2            |     |        | add_ln379_271  | add | fabric    | 0       |
|   add_ln379_272_fu_229631_p2            |     |        | add_ln379_272  | add | fabric    | 0       |
|   add_ln379_273_fu_223653_p2            |     |        | add_ln379_273  | add | fabric    | 0       |
|   add_ln379_274_fu_223659_p2            |     |        | add_ln379_274  | add | fabric    | 0       |
|   add_ln379_275_fu_229647_p2            |     |        | add_ln379_275  | add | fabric    | 0       |
|   add_ln379_276_fu_229657_p2            |     |        | add_ln379_276  | add | fabric    | 0       |
|   add_ln379_277_fu_229667_p2            |     |        | add_ln379_277  | add | fabric    | 0       |
|   add_ln379_278_fu_229677_p2            |     |        | add_ln379_278  | add | fabric    | 0       |
|   add_ln379_279_fu_229687_p2            |     |        | add_ln379_279  | add | fabric    | 0       |
|   add_ln379_280_fu_223665_p2            |     |        | add_ln379_280  | add | fabric    | 0       |
|   add_ln379_281_fu_223671_p2            |     |        | add_ln379_281  | add | fabric    | 0       |
|   add_ln379_282_fu_229703_p2            |     |        | add_ln379_282  | add | fabric    | 0       |
|   add_ln379_283_fu_229712_p2            |     |        | add_ln379_283  | add | fabric    | 0       |
|   add_ln379_284_fu_223677_p2            |     |        | add_ln379_284  | add | fabric    | 0       |
|   add_ln379_285_fu_223683_p2            |     |        | add_ln379_285  | add | fabric    | 0       |
|   add_ln379_286_fu_229728_p2            |     |        | add_ln379_286  | add | fabric    | 0       |
|   add_ln379_287_fu_229738_p2            |     |        | add_ln379_287  | add | fabric    | 0       |
|   add_ln379_288_fu_229748_p2            |     |        | add_ln379_288  | add | fabric    | 0       |
|   add_ln379_289_fu_223689_p2            |     |        | add_ln379_289  | add | fabric    | 0       |
|   add_ln379_290_fu_223695_p2            |     |        | add_ln379_290  | add | fabric    | 0       |
|   add_ln379_291_fu_229764_p2            |     |        | add_ln379_291  | add | fabric    | 0       |
|   add_ln379_292_fu_229774_p2            |     |        | add_ln379_292  | add | fabric    | 0       |
|   add_ln379_293_fu_223701_p2            |     |        | add_ln379_293  | add | fabric    | 0       |
|   add_ln379_294_fu_223707_p2            |     |        | add_ln379_294  | add | fabric    | 0       |
|   add_ln379_295_fu_229790_p2            |     |        | add_ln379_295  | add | fabric    | 0       |
|   add_ln379_296_fu_229800_p2            |     |        | add_ln379_296  | add | fabric    | 0       |
|   add_ln379_297_fu_229810_p2            |     |        | add_ln379_297  | add | fabric    | 0       |
|   add_ln379_298_fu_229820_p2            |     |        | add_ln379_298  | add | fabric    | 0       |
|   add_ln379_299_fu_223713_p2            |     |        | add_ln379_299  | add | fabric    | 0       |
|   add_ln379_300_fu_223719_p2            |     |        | add_ln379_300  | add | fabric    | 0       |
|   add_ln379_301_fu_229836_p2            |     |        | add_ln379_301  | add | fabric    | 0       |
|   add_ln379_302_fu_229846_p2            |     |        | add_ln379_302  | add | fabric    | 0       |
|   add_ln379_303_fu_223725_p2            |     |        | add_ln379_303  | add | fabric    | 0       |
|   add_ln379_304_fu_223731_p2            |     |        | add_ln379_304  | add | fabric    | 0       |
|   add_ln379_305_fu_229862_p2            |     |        | add_ln379_305  | add | fabric    | 0       |
|   add_ln379_306_fu_229872_p2            |     |        | add_ln379_306  | add | fabric    | 0       |
|   add_ln379_307_fu_229882_p2            |     |        | add_ln379_307  | add | fabric    | 0       |
|   add_ln379_308_fu_223737_p2            |     |        | add_ln379_308  | add | fabric    | 0       |
|   add_ln379_309_fu_223743_p2            |     |        | add_ln379_309  | add | fabric    | 0       |
|   add_ln379_310_fu_229898_p2            |     |        | add_ln379_310  | add | fabric    | 0       |
|   add_ln379_311_fu_229908_p2            |     |        | add_ln379_311  | add | fabric    | 0       |
|   add_ln379_312_fu_223749_p2            |     |        | add_ln379_312  | add | fabric    | 0       |
|   add_ln379_313_fu_229921_p2            |     |        | add_ln379_313  | add | fabric    | 0       |
|   add_ln379_314_fu_223755_p2            |     |        | add_ln379_314  | add | fabric    | 0       |
|   add_ln379_315_fu_223765_p2            |     |        | add_ln379_315  | add | fabric    | 0       |
|   add_ln379_316_fu_229934_p2            |     |        | add_ln379_316  | add | fabric    | 0       |
|   add_ln379_317_fu_229944_p2            |     |        | add_ln379_317  | add | fabric    | 0       |
|   add_ln379_318_fu_229954_p2            |     |        | add_ln379_318  | add | fabric    | 0       |
|   add_ln379_319_fu_229964_p2            |     |        | add_ln379_319  | add | fabric    | 0       |
|   add_ln379_320_fu_229974_p2            |     |        | add_ln379_320  | add | fabric    | 0       |
|   add_ln379_321_fu_230681_p2            |     |        | add_ln379_321  | add | fabric    | 0       |
|   A_sum_fu_230691_p2                    |     |        | A_sum          | add | fabric    | 0       |
|   add_ln379_323_fu_223791_p2            |     |        | add_ln379_323  | add | fabric    | 0       |
|   add_ln379_324_fu_224644_p2            |     |        | add_ln379_324  | add | fabric    | 0       |
|   add_ln379_325_fu_224654_p2            |     |        | add_ln379_325  | add | fabric    | 0       |
|   add_ln379_326_fu_224664_p2            |     |        | add_ln379_326  | add | fabric    | 0       |
|   add_ln379_327_fu_224674_p2            |     |        | add_ln379_327  | add | fabric    | 0       |
|   add_ln379_328_fu_224680_p2            |     |        | add_ln379_328  | add | fabric    | 0       |
|   add_ln379_329_fu_224690_p2            |     |        | add_ln379_329  | add | fabric    | 0       |
|   add_ln379_330_fu_224700_p2            |     |        | add_ln379_330  | add | fabric    | 0       |
|   add_ln379_331_fu_224710_p2            |     |        | add_ln379_331  | add | fabric    | 0       |
|   add_ln379_332_fu_229986_p2            |     |        | add_ln379_332  | add | fabric    | 0       |
|   add_ln379_333_fu_224716_p2            |     |        | add_ln379_333  | add | fabric    | 0       |
|   add_ln379_334_fu_224726_p2            |     |        | add_ln379_334  | add | fabric    | 0       |
|   add_ln379_335_fu_224736_p2            |     |        | add_ln379_335  | add | fabric    | 0       |
|   add_ln379_336_fu_224746_p2            |     |        | add_ln379_336  | add | fabric    | 0       |
|   add_ln379_337_fu_224752_p2            |     |        | add_ln379_337  | add | fabric    | 0       |
|   add_ln379_338_fu_224762_p2            |     |        | add_ln379_338  | add | fabric    | 0       |
|   add_ln379_339_fu_224772_p2            |     |        | add_ln379_339  | add | fabric    | 0       |
|   add_ln379_340_fu_224782_p2            |     |        | add_ln379_340  | add | fabric    | 0       |
|   add_ln379_341_fu_230002_p2            |     |        | add_ln379_341  | add | fabric    | 0       |
|   add_ln379_342_fu_230012_p2            |     |        | add_ln379_342  | add | fabric    | 0       |
|   add_ln379_343_fu_224788_p2            |     |        | add_ln379_343  | add | fabric    | 0       |
|   add_ln379_344_fu_224798_p2            |     |        | add_ln379_344  | add | fabric    | 0       |
|   add_ln379_345_fu_224808_p2            |     |        | add_ln379_345  | add | fabric    | 0       |
|   add_ln379_346_fu_224818_p2            |     |        | add_ln379_346  | add | fabric    | 0       |
|   add_ln379_347_fu_224828_p2            |     |        | add_ln379_347  | add | fabric    | 0       |
|   add_ln379_348_fu_224838_p2            |     |        | add_ln379_348  | add | fabric    | 0       |
|   add_ln379_349_fu_224848_p2            |     |        | add_ln379_349  | add | fabric    | 0       |
|   add_ln379_350_fu_224858_p2            |     |        | add_ln379_350  | add | fabric    | 0       |
|   add_ln379_351_fu_224868_p2            |     |        | add_ln379_351  | add | fabric    | 0       |
|   add_ln379_352_fu_224874_p2            |     |        | add_ln379_352  | add | fabric    | 0       |
|   add_ln379_353_fu_224884_p2            |     |        | add_ln379_353  | add | fabric    | 0       |
|   add_ln379_354_fu_224894_p2            |     |        | add_ln379_354  | add | fabric    | 0       |
|   add_ln379_355_fu_224904_p2            |     |        | add_ln379_355  | add | fabric    | 0       |
|   add_ln379_356_fu_224910_p2            |     |        | add_ln379_356  | add | fabric    | 0       |
|   add_ln379_357_fu_224920_p2            |     |        | add_ln379_357  | add | fabric    | 0       |
|   add_ln379_358_fu_224930_p2            |     |        | add_ln379_358  | add | fabric    | 0       |
|   add_ln379_359_fu_224940_p2            |     |        | add_ln379_359  | add | fabric    | 0       |
|   add_ln379_360_fu_230031_p2            |     |        | add_ln379_360  | add | fabric    | 0       |
|   add_ln379_361_fu_230041_p2            |     |        | add_ln379_361  | add | fabric    | 0       |
|   add_ln379_362_fu_230051_p2            |     |        | add_ln379_362  | add | fabric    | 0       |
|   add_ln379_363_fu_224946_p2            |     |        | add_ln379_363  | add | fabric    | 0       |
|   add_ln379_364_fu_224956_p2            |     |        | add_ln379_364  | add | fabric    | 0       |
|   add_ln379_365_fu_224966_p2            |     |        | add_ln379_365  | add | fabric    | 0       |
|   add_ln379_366_fu_224976_p2            |     |        | add_ln379_366  | add | fabric    | 0       |
|   add_ln379_367_fu_224986_p2            |     |        | add_ln379_367  | add | fabric    | 0       |
|   add_ln379_368_fu_224996_p2            |     |        | add_ln379_368  | add | fabric    | 0       |
|   add_ln379_369_fu_225006_p2            |     |        | add_ln379_369  | add | fabric    | 0       |
|   add_ln379_370_fu_225016_p2            |     |        | add_ln379_370  | add | fabric    | 0       |
|   add_ln379_371_fu_225026_p2            |     |        | add_ln379_371  | add | fabric    | 0       |
|   add_ln379_372_fu_225032_p2            |     |        | add_ln379_372  | add | fabric    | 0       |
|   add_ln379_373_fu_225042_p2            |     |        | add_ln379_373  | add | fabric    | 0       |
|   add_ln379_374_fu_225052_p2            |     |        | add_ln379_374  | add | fabric    | 0       |
|   add_ln379_375_fu_225062_p2            |     |        | add_ln379_375  | add | fabric    | 0       |
|   add_ln379_376_fu_225068_p2            |     |        | add_ln379_376  | add | fabric    | 0       |
|   add_ln379_377_fu_225078_p2            |     |        | add_ln379_377  | add | fabric    | 0       |
|   add_ln379_378_fu_225088_p2            |     |        | add_ln379_378  | add | fabric    | 0       |
|   add_ln379_379_fu_225098_p2            |     |        | add_ln379_379  | add | fabric    | 0       |
|   add_ln379_380_fu_230070_p2            |     |        | add_ln379_380  | add | fabric    | 0       |
|   add_ln379_381_fu_230080_p2            |     |        | add_ln379_381  | add | fabric    | 0       |
|   add_ln379_382_fu_225104_p2            |     |        | add_ln379_382  | add | fabric    | 0       |
|   add_ln379_383_fu_225114_p2            |     |        | add_ln379_383  | add | fabric    | 0       |
|   add_ln379_384_fu_225124_p2            |     |        | add_ln379_384  | add | fabric    | 0       |
|   add_ln379_385_fu_225134_p2            |     |        | add_ln379_385  | add | fabric    | 0       |
|   add_ln379_386_fu_225144_p2            |     |        | add_ln379_386  | add | fabric    | 0       |
|   add_ln379_387_fu_225154_p2            |     |        | add_ln379_387  | add | fabric    | 0       |
|   add_ln379_388_fu_225164_p2            |     |        | add_ln379_388  | add | fabric    | 0       |
|   add_ln379_389_fu_225174_p2            |     |        | add_ln379_389  | add | fabric    | 0       |
|   add_ln379_390_fu_225184_p2            |     |        | add_ln379_390  | add | fabric    | 0       |
|   add_ln379_391_fu_225190_p2            |     |        | add_ln379_391  | add | fabric    | 0       |
|   add_ln379_392_fu_225200_p2            |     |        | add_ln379_392  | add | fabric    | 0       |
|   add_ln379_393_fu_225210_p2            |     |        | add_ln379_393  | add | fabric    | 0       |
|   add_ln379_394_fu_225220_p2            |     |        | add_ln379_394  | add | fabric    | 0       |
|   add_ln379_395_fu_225226_p2            |     |        | add_ln379_395  | add | fabric    | 0       |
|   add_ln379_396_fu_225236_p2            |     |        | add_ln379_396  | add | fabric    | 0       |
|   add_ln379_397_fu_225246_p2            |     |        | add_ln379_397  | add | fabric    | 0       |
|   add_ln379_398_fu_225256_p2            |     |        | add_ln379_398  | add | fabric    | 0       |
|   add_ln379_399_fu_230099_p2            |     |        | add_ln379_399  | add | fabric    | 0       |
|   add_ln379_400_fu_230109_p2            |     |        | add_ln379_400  | add | fabric    | 0       |
|   add_ln379_401_fu_230119_p2            |     |        | add_ln379_401  | add | fabric    | 0       |
|   add_ln379_402_fu_230129_p2            |     |        | add_ln379_402  | add | fabric    | 0       |
|   add_ln379_403_fu_225262_p2            |     |        | add_ln379_403  | add | fabric    | 0       |
|   add_ln379_404_fu_225272_p2            |     |        | add_ln379_404  | add | fabric    | 0       |
|   add_ln379_405_fu_225282_p2            |     |        | add_ln379_405  | add | fabric    | 0       |
|   add_ln379_406_fu_225292_p2            |     |        | add_ln379_406  | add | fabric    | 0       |
|   add_ln379_407_fu_225302_p2            |     |        | add_ln379_407  | add | fabric    | 0       |
|   add_ln379_408_fu_225312_p2            |     |        | add_ln379_408  | add | fabric    | 0       |
|   add_ln379_409_fu_225322_p2            |     |        | add_ln379_409  | add | fabric    | 0       |
|   add_ln379_410_fu_225332_p2            |     |        | add_ln379_410  | add | fabric    | 0       |
|   add_ln379_411_fu_225342_p2            |     |        | add_ln379_411  | add | fabric    | 0       |
|   add_ln379_412_fu_225348_p2            |     |        | add_ln379_412  | add | fabric    | 0       |
|   add_ln379_413_fu_225358_p2            |     |        | add_ln379_413  | add | fabric    | 0       |
|   add_ln379_414_fu_225368_p2            |     |        | add_ln379_414  | add | fabric    | 0       |
|   add_ln379_415_fu_225378_p2            |     |        | add_ln379_415  | add | fabric    | 0       |
|   add_ln379_416_fu_225384_p2            |     |        | add_ln379_416  | add | fabric    | 0       |
|   add_ln379_417_fu_225394_p2            |     |        | add_ln379_417  | add | fabric    | 0       |
|   add_ln379_418_fu_225404_p2            |     |        | add_ln379_418  | add | fabric    | 0       |
|   add_ln379_419_fu_225414_p2            |     |        | add_ln379_419  | add | fabric    | 0       |
|   add_ln379_420_fu_230148_p2            |     |        | add_ln379_420  | add | fabric    | 0       |
|   add_ln379_421_fu_230158_p2            |     |        | add_ln379_421  | add | fabric    | 0       |
|   add_ln379_422_fu_225420_p2            |     |        | add_ln379_422  | add | fabric    | 0       |
|   add_ln379_423_fu_225430_p2            |     |        | add_ln379_423  | add | fabric    | 0       |
|   add_ln379_424_fu_225440_p2            |     |        | add_ln379_424  | add | fabric    | 0       |
|   add_ln379_425_fu_225450_p2            |     |        | add_ln379_425  | add | fabric    | 0       |
|   add_ln379_426_fu_225460_p2            |     |        | add_ln379_426  | add | fabric    | 0       |
|   add_ln379_427_fu_225470_p2            |     |        | add_ln379_427  | add | fabric    | 0       |
|   add_ln379_428_fu_225480_p2            |     |        | add_ln379_428  | add | fabric    | 0       |
|   add_ln379_429_fu_225490_p2            |     |        | add_ln379_429  | add | fabric    | 0       |
|   add_ln379_430_fu_225500_p2            |     |        | add_ln379_430  | add | fabric    | 0       |
|   add_ln379_431_fu_225506_p2            |     |        | add_ln379_431  | add | fabric    | 0       |
|   add_ln379_432_fu_225516_p2            |     |        | add_ln379_432  | add | fabric    | 0       |
|   add_ln379_433_fu_225526_p2            |     |        | add_ln379_433  | add | fabric    | 0       |
|   add_ln379_434_fu_225536_p2            |     |        | add_ln379_434  | add | fabric    | 0       |
|   add_ln379_435_fu_225542_p2            |     |        | add_ln379_435  | add | fabric    | 0       |
|   add_ln379_436_fu_225552_p2            |     |        | add_ln379_436  | add | fabric    | 0       |
|   add_ln379_437_fu_225562_p2            |     |        | add_ln379_437  | add | fabric    | 0       |
|   add_ln379_438_fu_225572_p2            |     |        | add_ln379_438  | add | fabric    | 0       |
|   add_ln379_439_fu_230177_p2            |     |        | add_ln379_439  | add | fabric    | 0       |
|   add_ln379_440_fu_230187_p2            |     |        | add_ln379_440  | add | fabric    | 0       |
|   add_ln379_441_fu_230197_p2            |     |        | add_ln379_441  | add | fabric    | 0       |
|   add_ln379_442_fu_225578_p2            |     |        | add_ln379_442  | add | fabric    | 0       |
|   add_ln379_443_fu_225588_p2            |     |        | add_ln379_443  | add | fabric    | 0       |
|   add_ln379_444_fu_225598_p2            |     |        | add_ln379_444  | add | fabric    | 0       |
|   add_ln379_445_fu_225608_p2            |     |        | add_ln379_445  | add | fabric    | 0       |
|   add_ln379_446_fu_225618_p2            |     |        | add_ln379_446  | add | fabric    | 0       |
|   add_ln379_447_fu_225628_p2            |     |        | add_ln379_447  | add | fabric    | 0       |
|   add_ln379_448_fu_225638_p2            |     |        | add_ln379_448  | add | fabric    | 0       |
|   add_ln379_449_fu_225648_p2            |     |        | add_ln379_449  | add | fabric    | 0       |
|   add_ln379_450_fu_225658_p2            |     |        | add_ln379_450  | add | fabric    | 0       |
|   add_ln379_451_fu_225664_p2            |     |        | add_ln379_451  | add | fabric    | 0       |
|   add_ln379_452_fu_225674_p2            |     |        | add_ln379_452  | add | fabric    | 0       |
|   add_ln379_453_fu_225684_p2            |     |        | add_ln379_453  | add | fabric    | 0       |
|   add_ln379_454_fu_225694_p2            |     |        | add_ln379_454  | add | fabric    | 0       |
|   add_ln379_455_fu_225704_p2            |     |        | add_ln379_455  | add | fabric    | 0       |
|   add_ln379_456_fu_225714_p2            |     |        | add_ln379_456  | add | fabric    | 0       |
|   add_ln379_457_fu_225724_p2            |     |        | add_ln379_457  | add | fabric    | 0       |
|   add_ln379_458_fu_225734_p2            |     |        | add_ln379_458  | add | fabric    | 0       |
|   add_ln379_459_fu_225744_p2            |     |        | add_ln379_459  | add | fabric    | 0       |
|   add_ln379_460_fu_230213_p2            |     |        | add_ln379_460  | add | fabric    | 0       |
|   add_ln379_461_fu_225750_p2            |     |        | add_ln379_461  | add | fabric    | 0       |
|   add_ln379_462_fu_225760_p2            |     |        | add_ln379_462  | add | fabric    | 0       |
|   add_ln379_463_fu_225770_p2            |     |        | add_ln379_463  | add | fabric    | 0       |
|   add_ln379_464_fu_225780_p2            |     |        | add_ln379_464  | add | fabric    | 0       |
|   add_ln379_465_fu_225790_p2            |     |        | add_ln379_465  | add | fabric    | 0       |
|   add_ln379_466_fu_225800_p2            |     |        | add_ln379_466  | add | fabric    | 0       |
|   add_ln379_467_fu_225810_p2            |     |        | add_ln379_467  | add | fabric    | 0       |
|   add_ln379_468_fu_225820_p2            |     |        | add_ln379_468  | add | fabric    | 0       |
|   add_ln379_469_fu_225830_p2            |     |        | add_ln379_469  | add | fabric    | 0       |
|   add_ln379_470_fu_225836_p2            |     |        | add_ln379_470  | add | fabric    | 0       |
|   add_ln379_471_fu_225846_p2            |     |        | add_ln379_471  | add | fabric    | 0       |
|   add_ln379_472_fu_225856_p2            |     |        | add_ln379_472  | add | fabric    | 0       |
|   add_ln379_473_fu_225866_p2            |     |        | add_ln379_473  | add | fabric    | 0       |
|   add_ln379_474_fu_225876_p2            |     |        | add_ln379_474  | add | fabric    | 0       |
|   add_ln379_475_fu_225886_p2            |     |        | add_ln379_475  | add | fabric    | 0       |
|   add_ln379_476_fu_225896_p2            |     |        | add_ln379_476  | add | fabric    | 0       |
|   add_ln379_477_fu_225906_p2            |     |        | add_ln379_477  | add | fabric    | 0       |
|   add_ln379_478_fu_225916_p2            |     |        | add_ln379_478  | add | fabric    | 0       |
|   add_ln379_479_fu_225926_p2            |     |        | add_ln379_479  | add | fabric    | 0       |
|   add_ln379_480_fu_230229_p2            |     |        | add_ln379_480  | add | fabric    | 0       |
|   add_ln379_481_fu_230239_p2            |     |        | add_ln379_481  | add | fabric    | 0       |
|   add_ln379_482_fu_230249_p2            |     |        | add_ln379_482  | add | fabric    | 0       |
|   add_ln379_483_fu_230259_p2            |     |        | add_ln379_483  | add | fabric    | 0       |
|   add_ln379_484_fu_225932_p2            |     |        | add_ln379_484  | add | fabric    | 0       |
|   add_ln379_485_fu_225942_p2            |     |        | add_ln379_485  | add | fabric    | 0       |
|   add_ln379_486_fu_225952_p2            |     |        | add_ln379_486  | add | fabric    | 0       |
|   add_ln379_487_fu_225962_p2            |     |        | add_ln379_487  | add | fabric    | 0       |
|   add_ln379_488_fu_225968_p2            |     |        | add_ln379_488  | add | fabric    | 0       |
|   add_ln379_489_fu_225978_p2            |     |        | add_ln379_489  | add | fabric    | 0       |
|   add_ln379_490_fu_225988_p2            |     |        | add_ln379_490  | add | fabric    | 0       |
|   add_ln379_491_fu_225998_p2            |     |        | add_ln379_491  | add | fabric    | 0       |
|   add_ln379_492_fu_230271_p2            |     |        | add_ln379_492  | add | fabric    | 0       |
|   add_ln379_493_fu_226004_p2            |     |        | add_ln379_493  | add | fabric    | 0       |
|   add_ln379_494_fu_226014_p2            |     |        | add_ln379_494  | add | fabric    | 0       |
|   add_ln379_495_fu_226024_p2            |     |        | add_ln379_495  | add | fabric    | 0       |
|   add_ln379_496_fu_226034_p2            |     |        | add_ln379_496  | add | fabric    | 0       |
|   add_ln379_497_fu_226044_p2            |     |        | add_ln379_497  | add | fabric    | 0       |
|   add_ln379_498_fu_226054_p2            |     |        | add_ln379_498  | add | fabric    | 0       |
|   add_ln379_499_fu_226064_p2            |     |        | add_ln379_499  | add | fabric    | 0       |
|   add_ln379_500_fu_226074_p2            |     |        | add_ln379_500  | add | fabric    | 0       |
|   add_ln379_501_fu_226084_p2            |     |        | add_ln379_501  | add | fabric    | 0       |
|   add_ln379_502_fu_230284_p2            |     |        | add_ln379_502  | add | fabric    | 0       |
|   add_ln379_503_fu_226090_p2            |     |        | add_ln379_503  | add | fabric    | 0       |
|   add_ln379_504_fu_226100_p2            |     |        | add_ln379_504  | add | fabric    | 0       |
|   add_ln379_505_fu_226110_p2            |     |        | add_ln379_505  | add | fabric    | 0       |
|   add_ln379_506_fu_226120_p2            |     |        | add_ln379_506  | add | fabric    | 0       |
|   add_ln379_507_fu_226126_p2            |     |        | add_ln379_507  | add | fabric    | 0       |
|   add_ln379_508_fu_226136_p2            |     |        | add_ln379_508  | add | fabric    | 0       |
|   add_ln379_509_fu_226146_p2            |     |        | add_ln379_509  | add | fabric    | 0       |
|   add_ln379_510_fu_226156_p2            |     |        | add_ln379_510  | add | fabric    | 0       |
|   add_ln379_511_fu_230300_p2            |     |        | add_ln379_511  | add | fabric    | 0       |
|   add_ln379_512_fu_226162_p2            |     |        | add_ln379_512  | add | fabric    | 0       |
|   add_ln379_513_fu_226172_p2            |     |        | add_ln379_513  | add | fabric    | 0       |
|   add_ln379_514_fu_226182_p2            |     |        | add_ln379_514  | add | fabric    | 0       |
|   add_ln379_515_fu_226192_p2            |     |        | add_ln379_515  | add | fabric    | 0       |
|   add_ln379_516_fu_226202_p2            |     |        | add_ln379_516  | add | fabric    | 0       |
|   add_ln379_517_fu_226212_p2            |     |        | add_ln379_517  | add | fabric    | 0       |
|   add_ln379_518_fu_226222_p2            |     |        | add_ln379_518  | add | fabric    | 0       |
|   add_ln379_519_fu_226232_p2            |     |        | add_ln379_519  | add | fabric    | 0       |
|   add_ln379_520_fu_226242_p2            |     |        | add_ln379_520  | add | fabric    | 0       |
|   add_ln379_521_fu_230313_p2            |     |        | add_ln379_521  | add | fabric    | 0       |
|   add_ln379_522_fu_230323_p2            |     |        | add_ln379_522  | add | fabric    | 0       |
|   add_ln379_523_fu_226248_p2            |     |        | add_ln379_523  | add | fabric    | 0       |
|   add_ln379_524_fu_226258_p2            |     |        | add_ln379_524  | add | fabric    | 0       |
|   add_ln379_525_fu_226268_p2            |     |        | add_ln379_525  | add | fabric    | 0       |
|   add_ln379_526_fu_226278_p2            |     |        | add_ln379_526  | add | fabric    | 0       |
|   add_ln379_527_fu_226288_p2            |     |        | add_ln379_527  | add | fabric    | 0       |
|   add_ln379_528_fu_226298_p2            |     |        | add_ln379_528  | add | fabric    | 0       |
|   add_ln379_529_fu_226308_p2            |     |        | add_ln379_529  | add | fabric    | 0       |
|   add_ln379_530_fu_226318_p2            |     |        | add_ln379_530  | add | fabric    | 0       |
|   add_ln379_531_fu_226328_p2            |     |        | add_ln379_531  | add | fabric    | 0       |
|   add_ln379_532_fu_226334_p2            |     |        | add_ln379_532  | add | fabric    | 0       |
|   add_ln379_533_fu_226344_p2            |     |        | add_ln379_533  | add | fabric    | 0       |
|   add_ln379_534_fu_226354_p2            |     |        | add_ln379_534  | add | fabric    | 0       |
|   add_ln379_535_fu_226364_p2            |     |        | add_ln379_535  | add | fabric    | 0       |
|   add_ln379_536_fu_226374_p2            |     |        | add_ln379_536  | add | fabric    | 0       |
|   add_ln379_537_fu_226384_p2            |     |        | add_ln379_537  | add | fabric    | 0       |
|   add_ln379_538_fu_226394_p2            |     |        | add_ln379_538  | add | fabric    | 0       |
|   add_ln379_539_fu_226404_p2            |     |        | add_ln379_539  | add | fabric    | 0       |
|   add_ln379_540_fu_226414_p2            |     |        | add_ln379_540  | add | fabric    | 0       |
|   add_ln379_541_fu_230339_p2            |     |        | add_ln379_541  | add | fabric    | 0       |
|   add_ln379_542_fu_226420_p2            |     |        | add_ln379_542  | add | fabric    | 0       |
|   add_ln379_543_fu_226430_p2            |     |        | add_ln379_543  | add | fabric    | 0       |
|   add_ln379_544_fu_226440_p2            |     |        | add_ln379_544  | add | fabric    | 0       |
|   add_ln379_545_fu_226450_p2            |     |        | add_ln379_545  | add | fabric    | 0       |
|   add_ln379_546_fu_226460_p2            |     |        | add_ln379_546  | add | fabric    | 0       |
|   add_ln379_547_fu_226470_p2            |     |        | add_ln379_547  | add | fabric    | 0       |
|   add_ln379_548_fu_226480_p2            |     |        | add_ln379_548  | add | fabric    | 0       |
|   add_ln379_549_fu_226490_p2            |     |        | add_ln379_549  | add | fabric    | 0       |
|   add_ln379_550_fu_226500_p2            |     |        | add_ln379_550  | add | fabric    | 0       |
|   add_ln379_551_fu_226506_p2            |     |        | add_ln379_551  | add | fabric    | 0       |
|   add_ln379_552_fu_226516_p2            |     |        | add_ln379_552  | add | fabric    | 0       |
|   add_ln379_553_fu_226526_p2            |     |        | add_ln379_553  | add | fabric    | 0       |
|   add_ln379_554_fu_226536_p2            |     |        | add_ln379_554  | add | fabric    | 0       |
|   add_ln379_555_fu_226546_p2            |     |        | add_ln379_555  | add | fabric    | 0       |
|   add_ln379_556_fu_226556_p2            |     |        | add_ln379_556  | add | fabric    | 0       |
|   add_ln379_557_fu_226566_p2            |     |        | add_ln379_557  | add | fabric    | 0       |
|   add_ln379_558_fu_226576_p2            |     |        | add_ln379_558  | add | fabric    | 0       |
|   add_ln379_559_fu_226586_p2            |     |        | add_ln379_559  | add | fabric    | 0       |
|   add_ln379_560_fu_226596_p2            |     |        | add_ln379_560  | add | fabric    | 0       |
|   add_ln379_561_fu_230355_p2            |     |        | add_ln379_561  | add | fabric    | 0       |
|   add_ln379_562_fu_230365_p2            |     |        | add_ln379_562  | add | fabric    | 0       |
|   add_ln379_563_fu_230375_p2            |     |        | add_ln379_563  | add | fabric    | 0       |
|   add_ln379_564_fu_226602_p2            |     |        | add_ln379_564  | add | fabric    | 0       |
|   add_ln379_565_fu_226612_p2            |     |        | add_ln379_565  | add | fabric    | 0       |
|   add_ln379_566_fu_226622_p2            |     |        | add_ln379_566  | add | fabric    | 0       |
|   add_ln379_567_fu_226632_p2            |     |        | add_ln379_567  | add | fabric    | 0       |
|   add_ln379_568_fu_226638_p2            |     |        | add_ln379_568  | add | fabric    | 0       |
|   add_ln379_569_fu_226648_p2            |     |        | add_ln379_569  | add | fabric    | 0       |
|   add_ln379_570_fu_226658_p2            |     |        | add_ln379_570  | add | fabric    | 0       |
|   add_ln379_571_fu_226668_p2            |     |        | add_ln379_571  | add | fabric    | 0       |
|   add_ln379_572_fu_230391_p2            |     |        | add_ln379_572  | add | fabric    | 0       |
|   add_ln379_573_fu_226674_p2            |     |        | add_ln379_573  | add | fabric    | 0       |
|   add_ln379_574_fu_226684_p2            |     |        | add_ln379_574  | add | fabric    | 0       |
|   add_ln379_575_fu_226694_p2            |     |        | add_ln379_575  | add | fabric    | 0       |
|   add_ln379_576_fu_226704_p2            |     |        | add_ln379_576  | add | fabric    | 0       |
|   add_ln379_577_fu_226714_p2            |     |        | add_ln379_577  | add | fabric    | 0       |
|   add_ln379_578_fu_226724_p2            |     |        | add_ln379_578  | add | fabric    | 0       |
|   add_ln379_579_fu_226734_p2            |     |        | add_ln379_579  | add | fabric    | 0       |
|   add_ln379_580_fu_226744_p2            |     |        | add_ln379_580  | add | fabric    | 0       |
|   add_ln379_581_fu_226754_p2            |     |        | add_ln379_581  | add | fabric    | 0       |
|   add_ln379_582_fu_230404_p2            |     |        | add_ln379_582  | add | fabric    | 0       |
|   add_ln379_583_fu_226760_p2            |     |        | add_ln379_583  | add | fabric    | 0       |
|   add_ln379_584_fu_226770_p2            |     |        | add_ln379_584  | add | fabric    | 0       |
|   add_ln379_585_fu_226780_p2            |     |        | add_ln379_585  | add | fabric    | 0       |
|   add_ln379_586_fu_226790_p2            |     |        | add_ln379_586  | add | fabric    | 0       |
|   add_ln379_587_fu_226796_p2            |     |        | add_ln379_587  | add | fabric    | 0       |
|   add_ln379_588_fu_226806_p2            |     |        | add_ln379_588  | add | fabric    | 0       |
|   add_ln379_589_fu_226816_p2            |     |        | add_ln379_589  | add | fabric    | 0       |
|   add_ln379_590_fu_226826_p2            |     |        | add_ln379_590  | add | fabric    | 0       |
|   add_ln379_591_fu_230420_p2            |     |        | add_ln379_591  | add | fabric    | 0       |
|   add_ln379_592_fu_226832_p2            |     |        | add_ln379_592  | add | fabric    | 0       |
|   add_ln379_593_fu_226842_p2            |     |        | add_ln379_593  | add | fabric    | 0       |
|   add_ln379_594_fu_226852_p2            |     |        | add_ln379_594  | add | fabric    | 0       |
|   add_ln379_595_fu_226862_p2            |     |        | add_ln379_595  | add | fabric    | 0       |
|   add_ln379_596_fu_226872_p2            |     |        | add_ln379_596  | add | fabric    | 0       |
|   add_ln379_597_fu_226882_p2            |     |        | add_ln379_597  | add | fabric    | 0       |
|   add_ln379_598_fu_226892_p2            |     |        | add_ln379_598  | add | fabric    | 0       |
|   add_ln379_599_fu_226902_p2            |     |        | add_ln379_599  | add | fabric    | 0       |
|   add_ln379_600_fu_226912_p2            |     |        | add_ln379_600  | add | fabric    | 0       |
|   add_ln379_601_fu_230433_p2            |     |        | add_ln379_601  | add | fabric    | 0       |
|   add_ln379_602_fu_230443_p2            |     |        | add_ln379_602  | add | fabric    | 0       |
|   add_ln379_603_fu_226918_p2            |     |        | add_ln379_603  | add | fabric    | 0       |
|   add_ln379_604_fu_226928_p2            |     |        | add_ln379_604  | add | fabric    | 0       |
|   add_ln379_605_fu_226938_p2            |     |        | add_ln379_605  | add | fabric    | 0       |
|   add_ln379_606_fu_226948_p2            |     |        | add_ln379_606  | add | fabric    | 0       |
|   add_ln379_607_fu_226958_p2            |     |        | add_ln379_607  | add | fabric    | 0       |
|   add_ln379_608_fu_226968_p2            |     |        | add_ln379_608  | add | fabric    | 0       |
|   add_ln379_609_fu_226978_p2            |     |        | add_ln379_609  | add | fabric    | 0       |
|   add_ln379_610_fu_226988_p2            |     |        | add_ln379_610  | add | fabric    | 0       |
|   add_ln379_611_fu_226998_p2            |     |        | add_ln379_611  | add | fabric    | 0       |
|   add_ln379_612_fu_227004_p2            |     |        | add_ln379_612  | add | fabric    | 0       |
|   add_ln379_613_fu_227014_p2            |     |        | add_ln379_613  | add | fabric    | 0       |
|   add_ln379_614_fu_227024_p2            |     |        | add_ln379_614  | add | fabric    | 0       |
|   add_ln379_615_fu_227034_p2            |     |        | add_ln379_615  | add | fabric    | 0       |
|   add_ln379_616_fu_227044_p2            |     |        | add_ln379_616  | add | fabric    | 0       |
|   add_ln379_617_fu_227054_p2            |     |        | add_ln379_617  | add | fabric    | 0       |
|   add_ln379_618_fu_227064_p2            |     |        | add_ln379_618  | add | fabric    | 0       |
|   add_ln379_619_fu_227074_p2            |     |        | add_ln379_619  | add | fabric    | 0       |
|   add_ln379_620_fu_227084_p2            |     |        | add_ln379_620  | add | fabric    | 0       |
|   add_ln379_621_fu_230459_p2            |     |        | add_ln379_621  | add | fabric    | 0       |
|   add_ln379_622_fu_227090_p2            |     |        | add_ln379_622  | add | fabric    | 0       |
|   add_ln379_623_fu_227100_p2            |     |        | add_ln379_623  | add | fabric    | 0       |
|   add_ln379_624_fu_227110_p2            |     |        | add_ln379_624  | add | fabric    | 0       |
|   add_ln379_625_fu_227120_p2            |     |        | add_ln379_625  | add | fabric    | 0       |
|   add_ln379_626_fu_227130_p2            |     |        | add_ln379_626  | add | fabric    | 0       |
|   add_ln379_627_fu_227140_p2            |     |        | add_ln379_627  | add | fabric    | 0       |
|   add_ln379_628_fu_227150_p2            |     |        | add_ln379_628  | add | fabric    | 0       |
|   add_ln379_629_fu_227160_p2            |     |        | add_ln379_629  | add | fabric    | 0       |
|   add_ln379_630_fu_227170_p2            |     |        | add_ln379_630  | add | fabric    | 0       |
|   add_ln379_631_fu_227176_p2            |     |        | add_ln379_631  | add | fabric    | 0       |
|   add_ln379_632_fu_227186_p2            |     |        | add_ln379_632  | add | fabric    | 0       |
|   add_ln379_633_fu_227196_p2            |     |        | add_ln379_633  | add | fabric    | 0       |
|   add_ln379_634_fu_227206_p2            |     |        | add_ln379_634  | add | fabric    | 0       |
|   add_ln379_635_fu_227212_p2            |     |        | add_ln379_635  | add | fabric    | 0       |
|   add_ln379_636_fu_227222_p2            |     |        | add_ln379_636  | add | fabric    | 0       |
|   add_ln379_637_fu_227232_p2            |     |        | add_ln379_637  | add | fabric    | 0       |
|   add_ln379_638_fu_227242_p2            |     |        | add_ln379_638  | add | fabric    | 0       |
|   add_ln379_639_fu_227252_p2            |     |        | add_ln379_639  | add | fabric    | 0       |
|   add_ln379_640_fu_230478_p2            |     |        | add_ln379_640  | add | fabric    | 0       |
|   add_ln379_641_fu_230488_p2            |     |        | add_ln379_641  | add | fabric    | 0       |
|   add_ln379_642_fu_230498_p2            |     |        | add_ln379_642  | add | fabric    | 0       |
|   add_ln379_643_fu_230508_p2            |     |        | add_ln379_643  | add | fabric    | 0       |
|   add_ln379_644_fu_230518_p2            |     |        | add_ln379_644  | add | fabric    | 0       |
|   A_sum_1_fu_230703_p2                  |     |        | A_sum_1        | add | fabric    | 0       |
|   add_ln389_fu_227258_p2                |     |        | add_ln389      | add | fabric    | 0       |
|   add_ln389_1_fu_227276_p2              |     |        | add_ln389_1    | add | fabric    | 0       |
|   add_ln389_2_fu_227286_p2              |     |        | add_ln389_2    | add | fabric    | 0       |
|   add_ln389_3_fu_227296_p2              |     |        | add_ln389_3    | add | fabric    | 0       |
|   add_ln389_4_fu_227302_p2              |     |        | add_ln389_4    | add | fabric    | 0       |
|   add_ln389_5_fu_227312_p2              |     |        | add_ln389_5    | add | fabric    | 0       |
|   add_ln389_6_fu_227322_p2              |     |        | add_ln389_6    | add | fabric    | 0       |
|   add_ln389_7_fu_230530_p2              |     |        | add_ln389_7    | add | fabric    | 0       |
|   add_ln389_8_fu_227328_p2              |     |        | add_ln389_8    | add | fabric    | 0       |
|   add_ln389_9_fu_227338_p2              |     |        | add_ln389_9    | add | fabric    | 0       |
|   add_ln389_10_fu_227348_p2             |     |        | add_ln389_10   | add | fabric    | 0       |
|   add_ln389_11_fu_227354_p2             |     |        | add_ln389_11   | add | fabric    | 0       |
|   add_ln389_12_fu_227364_p2             |     |        | add_ln389_12   | add | fabric    | 0       |
|   add_ln389_13_fu_227374_p2             |     |        | add_ln389_13   | add | fabric    | 0       |
|   add_ln389_14_fu_227384_p2             |     |        | add_ln389_14   | add | fabric    | 0       |
|   add_ln389_15_fu_230546_p2             |     |        | add_ln389_15   | add | fabric    | 0       |
|   A_trace_fu_230556_p2                  |     |        | A_trace        | add | fabric    | 0       |
|   add_ln389_17_fu_227390_p2             |     |        | add_ln389_17   | add | fabric    | 0       |
|   add_ln389_18_fu_227408_p2             |     |        | add_ln389_18   | add | fabric    | 0       |
|   add_ln389_19_fu_227418_p2             |     |        | add_ln389_19   | add | fabric    | 0       |
|   add_ln389_20_fu_227428_p2             |     |        | add_ln389_20   | add | fabric    | 0       |
|   add_ln389_21_fu_227434_p2             |     |        | add_ln389_21   | add | fabric    | 0       |
|   add_ln389_22_fu_227444_p2             |     |        | add_ln389_22   | add | fabric    | 0       |
|   add_ln389_23_fu_227454_p2             |     |        | add_ln389_23   | add | fabric    | 0       |
|   add_ln389_24_fu_230568_p2             |     |        | add_ln389_24   | add | fabric    | 0       |
|   add_ln389_25_fu_227460_p2             |     |        | add_ln389_25   | add | fabric    | 0       |
|   add_ln389_26_fu_227470_p2             |     |        | add_ln389_26   | add | fabric    | 0       |
|   add_ln389_27_fu_227480_p2             |     |        | add_ln389_27   | add | fabric    | 0       |
|   add_ln389_28_fu_227486_p2             |     |        | add_ln389_28   | add | fabric    | 0       |
|   add_ln389_29_fu_227496_p2             |     |        | add_ln389_29   | add | fabric    | 0       |
|   add_ln389_30_fu_227506_p2             |     |        | add_ln389_30   | add | fabric    | 0       |
|   add_ln389_31_fu_227516_p2             |     |        | add_ln389_31   | add | fabric    | 0       |
|   add_ln389_32_fu_230584_p2             |     |        | add_ln389_32   | add | fabric    | 0       |
|   A_trace_1_fu_230594_p2                |     |        | A_trace_1      | add | fabric    | 0       |
|   mul_5ns_5ns_9_1_1_U518                |     |        | ncount2        | mul | auto      | 0       |
|   mac_muladd_14ns_19ns_31s_34_1_1_U1111 | 1   |        | mul_ln404      | mul | dsp_slice | 0       |
|   mul_9ns_18s_26_1_1_U521               | 1   |        | mul_ln404_1    | mul | auto      | 0       |
|   mac_muladd_14ns_19ns_31s_34_1_1_U1111 | 1   |        | add_ln404      | add | dsp_slice | 0       |
|   mul_34s_13ns_47_1_1_U3                | 2   |        | mul_ln404_2    | mul | auto      | 0       |
|   add_ln404_1_fu_231394_p2              |     |        | add_ln404_1    | add | fabric    | 0       |
|   mac_muladd_10ns_19ns_27s_29_1_1_U1109 | 1   |        | mul_ln405      | mul | dsp_slice | 0       |
|   mul_5ns_18s_22_1_1_U519               | 1   |        | mul_ln405_1    | mul | auto      | 0       |
|   mac_muladd_10ns_19ns_27s_29_1_1_U1109 | 1   |        | add_ln405      | add | dsp_slice | 0       |
|   mul_29s_19ns_48_1_1_U1                | 2   |        | mul_ln405_2    | mul | auto      | 0       |
|   add_ln405_1_fu_230984_p2              |     |        | add_ln405_1    | add | fabric    | 0       |
|   mac_muladd_14ns_20ns_30s_34_1_1_U1112 | 1   |        | mul_ln404_3    | mul | dsp_slice | 0       |
|   mul_9ns_17s_25_1_1_U522               | 1   |        | mul_ln404_4    | mul | auto      | 0       |
|   mac_muladd_14ns_20ns_30s_34_1_1_U1112 | 1   |        | add_ln404_2    | add | dsp_slice | 0       |
|   mul_34s_13ns_47_1_1_U4                | 2   |        | mul_ln404_5    | mul | auto      | 0       |
|   add_ln404_3_fu_231569_p2              |     |        | add_ln404_3    | add | fabric    | 0       |
|   mac_muladd_10ns_20ns_26s_30_1_1_U1110 | 1   |        | mul_ln405_3    | mul | dsp_slice | 0       |
|   mul_5ns_17s_21_1_1_U520               | 1   |        | mul_ln405_4    | mul | auto      | 0       |
|   mac_muladd_10ns_20ns_26s_30_1_1_U1110 | 1   |        | add_ln405_2    | add | dsp_slice | 0       |
|   mul_30s_19ns_49_1_1_U2                | 2   |        | mul_ln405_5    | mul | auto      | 0       |
|   add_ln405_3_fu_231203_p2              |     |        | add_ln405_3    | add | fabric    | 0       |
|   mac_muladd_6s_5ns_7s_11_1_1_U1113     | 1   |        | mul_ln426      | mul | dsp_slice | 0       |
|   add_ln426_fu_231750_p2                |     |        | add_ln426      | add | fabric    | 0       |
|   mac_muladd_6s_5ns_7s_11_1_1_U1113     | 1   |        | add_ln426_1    | add | dsp_slice | 0       |
|   add_ln426_2_fu_231760_p2              |     |        | add_ln426_2    | add | fabric    | 0       |
|   add_ln426_3_fu_231782_p2              |     |        | add_ln426_3    | add | fabric    | 0       |
|   add_ln503_fu_231856_p2                |     |        | add_ln503      | add | fabric    | 0       |
+-----------------------------------------+-----+--------+----------------+-----+-----------+---------+


================================================================
== Storage Report
================================================================
  No bind storage info in design

================================================================
== Pragma Report
================================================================
* Valid Pragma Syntax
+-----------------+----------------------------------------------+------------------------------------------------------------------------+
| Type            | Options                                      | Location                                                               |
+-----------------+----------------------------------------------+------------------------------------------------------------------------+
| array_reshape   | variable=model_input complete dim=0          | firmware/nPELICAN.cpp:50 in npelican, model_input                      |
| array_reshape   | variable=beam_input complete dim=0           | firmware/nPELICAN.cpp:51 in npelican, beam_input                       |
| array_partition | variable=model_out complete dim=0            | firmware/nPELICAN.cpp:52 in npelican, model_out                        |
| interface       | ap_vld port=model_input,beam_input,model_out | firmware/nPELICAN.cpp:53 in npelican, model_input,beam_input,model_out |
| pipeline        | II=1                                         | firmware/nPELICAN.cpp:55 in npelican                                   |
| array_partition | variable=batch1_2to2 complete dim=0          | firmware/nPELICAN.cpp:58 in npelican, batch1_2to2                      |
| array_partition | variable=w1_2to2 complete dim=0              | firmware/nPELICAN.cpp:59 in npelican, w1_2to2                          |
| array_partition | variable=b1_2to2 complete dim=0              | firmware/nPELICAN.cpp:60 in npelican, b1_2to2                          |
| array_partition | variable=b1_diag_2to2 complete dim=0         | firmware/nPELICAN.cpp:61 in npelican, b1_diag_2to2                     |
| array_partition | variable=batch2_2to0 complete dim=0          | firmware/nPELICAN.cpp:62 in npelican, batch2_2to0                      |
| array_partition | variable=w2_2to0 complete dim=0              | firmware/nPELICAN.cpp:63 in npelican, w2_2to0                          |
| array_partition | variable=b2_2to0 complete dim=0              | firmware/nPELICAN.cpp:64 in npelican, b2_2to0                          |
| array_partition | variable=nobjmask complete dim=0             | firmware/nPELICAN.cpp:79 in npelican, nobjmask                         |
| array_partition | variable=dots complete dim=0                 | firmware/nPELICAN.cpp:92 in npelican, dots                             |
| array_partition | variable=p1 complete dim=0                   | firmware/nPELICAN.cpp:94 in npelican, p1                               |
| unroll          |                                              | firmware/nPELICAN.cpp:96 in npelican                                   |
| unroll          |                                              | firmware/nPELICAN.cpp:98 in npelican                                   |
| unroll          |                                              | firmware/nPELICAN.cpp:123 in npelican                                  |
| unroll          |                                              | firmware/nPELICAN.cpp:125 in npelican                                  |
| unroll          |                                              | firmware/nPELICAN.cpp:148 in npelican                                  |
| unroll          |                                              | firmware/nPELICAN.cpp:150 in npelican                                  |
| array_partition | variable=batch1 complete dim=0               | firmware/nPELICAN.cpp:191 in npelican, batch1                          |
| unroll          |                                              | firmware/nPELICAN.cpp:199 in npelican                                  |
| unroll          |                                              | firmware/nPELICAN.cpp:201 in npelican                                  |
| array_partition | variable=jdotp_acc complete dim=0            | firmware/nPELICAN.cpp:212 in npelican, jdotp_acc                       |
| unroll          |                                              | firmware/nPELICAN.cpp:214 in npelican                                  |
| unroll          |                                              | firmware/nPELICAN.cpp:221 in npelican                                  |
| unroll          |                                              | firmware/nPELICAN.cpp:223 in npelican                                  |
| array_partition | variable=jdotp complete dim=0                | firmware/nPELICAN.cpp:232 in npelican, jdotp                           |
| unroll          |                                              | firmware/nPELICAN.cpp:234 in npelican                                  |
| array_partition | variable=T complete dim=0                    | firmware/nPELICAN.cpp:242 in npelican, T                               |
| unroll          |                                              | firmware/nPELICAN.cpp:244 in npelican                                  |
| unroll          |                                              | firmware/nPELICAN.cpp:246 in npelican                                  |
| unroll          |                                              | firmware/nPELICAN.cpp:248 in npelican                                  |
| unroll          |                                              | firmware/nPELICAN.cpp:257 in npelican                                  |
| unroll          |                                              | firmware/nPELICAN.cpp:259 in npelican                                  |
| unroll          |                                              | firmware/nPELICAN.cpp:268 in npelican                                  |
| array_partition | variable=Tp complete dim=0                   | firmware/nPELICAN.cpp:276 in npelican, Tp                              |
| unroll          |                                              | firmware/nPELICAN.cpp:286 in npelican                                  |
| unroll          |                                              | firmware/nPELICAN.cpp:288 in npelican                                  |
| unroll          |                                              | firmware/nPELICAN.cpp:290 in npelican                                  |
| unroll          |                                              | firmware/nPELICAN.cpp:297 in npelican                                  |
| unroll          |                                              | firmware/nPELICAN.cpp:299 in npelican                                  |
| unroll          |                                              | firmware/nPELICAN.cpp:306 in npelican                                  |
| unroll          |                                              | firmware/nPELICAN.cpp:308 in npelican                                  |
| unroll          |                                              | firmware/nPELICAN.cpp:310 in npelican                                  |
| unroll          |                                              | firmware/nPELICAN.cpp:312 in npelican                                  |
| array_partition | variable=Tp_q complete dim=0                 | firmware/nPELICAN.cpp:323 in npelican, Tp_q                            |
| unroll          |                                              | firmware/nPELICAN.cpp:325 in npelican                                  |
| unroll          |                                              | firmware/nPELICAN.cpp:327 in npelican                                  |
| unroll          |                                              | firmware/nPELICAN.cpp:329 in npelican                                  |
| array_partition | variable=bn2_beta complete dim=0             | firmware/nPELICAN.cpp:355 in npelican, bn2_beta                        |
| unroll          |                                              | firmware/nPELICAN.cpp:357 in npelican                                  |
| array_partition | variable=A_sum complete dim=0                | firmware/nPELICAN.cpp:364 in npelican, A_sum                           |
| array_partition | variable=A_trace complete dim=0              | firmware/nPELICAN.cpp:365 in npelican, A_trace                         |
| unroll          |                                              | firmware/nPELICAN.cpp:367 in npelican                                  |
| unroll          |                                              | firmware/nPELICAN.cpp:374 in npelican                                  |
| unroll          |                                              | firmware/nPELICAN.cpp:376 in npelican                                  |
| unroll          |                                              | firmware/nPELICAN.cpp:378 in npelican                                  |
| unroll          |                                              | firmware/nPELICAN.cpp:386 in npelican                                  |
| unroll          |                                              | firmware/nPELICAN.cpp:388 in npelican                                  |
| array_partition | variable=R complete dim=0                    | firmware/nPELICAN.cpp:401 in npelican, R                               |
| unroll          |                                              | firmware/nPELICAN.cpp:403 in npelican                                  |
| array_partition | variable=Rp complete dim=0                   | firmware/nPELICAN.cpp:411 in npelican, Rp                              |
| unroll          |                                              | firmware/nPELICAN.cpp:415 in npelican                                  |
| unroll          |                                              | firmware/nPELICAN.cpp:421 in npelican                                  |
| unroll          |                                              | firmware/nPELICAN.cpp:423 in npelican                                  |
| unroll          |                                              | firmware/nPELICAN.cpp:425 in npelican                                  |
+-----------------+----------------------------------------------+------------------------------------------------------------------------+


