

================================================================
== Synthesis Summary Report of 'nPELICAN'
================================================================
+ General Information: 
    * Date:           Thu Sep 24 21:28:39 2026
    * Version:        2023.2 (Build 4023990 on Oct 11 2023)
    * Project:        nPELICAN_prj
    * Solution:       solution (Vivado IP Flow Target)
    * Product family: virtexuplus
    * Target device:  xcu250-figd2104-2L-e
    

+ Performance & Resource Estimates: 
    
    PS: '+' for module; 'o' for loop; '*' for dataflow
    +------------+--------+-------+---------+--------+----------+---------+------+----------+------+----------+------------+--------------+-----+
    |   Modules  |  Issue |       | Latency | Latency| Iteration|         | Trip |          |      |          |            |              |     |
    |   & Loops  |  Type  | Slack | (cycles)|  (ns)  |  Latency | Interval| Count| Pipelined| BRAM |    DSP   |     FF     |      LUT     | URAM|
    +------------+--------+-------+---------+--------+----------+---------+------+----------+------+----------+------------+--------------+-----+
    |+ nPELICAN  |  Timing|  -0.08|       16|  80.000|         -|        1|     -|       yes|     -|  736 (5%)|  37591 (1%)|  205884 (11%)|    -|
    +------------+--------+-------+---------+--------+----------+---------+------+----------+------+----------+------------+--------------+-----+


================================================================
== HW Interfaces
================================================================
* Other Ports
+-------------+---------+-----------+----------+
| Port        | Mode    | Direction | Bitwidth |
+-------------+---------+-----------+----------+
| beam_input  | ap_vld  | in        | 96       |
| model_input | ap_vld  | in        | 768      |
| model_out   | ap_vld  | out       | 6        |
| nobj        | ap_none | in        | 5        |
+-------------+---------+-----------+----------+

* TOP LEVEL CONTROL
+-----------+------------+-----------------------------------+
| Interface | Type       | Ports                             |
+-----------+------------+-----------------------------------+
| ap_clk    | clock      | ap_clk                            |
| ap_rst    | reset      | ap_rst                            |
| ap_ctrl   | ap_ctrl_hs | ap_done ap_idle ap_ready ap_start |
+-----------+------------+-----------------------------------+


================================================================
== SW I/O Information
================================================================
* Top Function Arguments
+-------------+-----------+-------------------------------------------+
| Argument    | Direction | Datatype                                  |
+-------------+-----------+-------------------------------------------+
| model_input | in        | ap_fixed<12, 11, AP_RND_CONV, AP_SAT, 0>* |
| beam_input  | in        | ap_fixed<12, 11, AP_RND_CONV, AP_SAT, 0>* |
| nobj        | in        | ap_uint<5>                                |
| model_out   | out       | ap_fixed<6, 2, AP_RND_CONV, AP_SAT, 0>*   |
+-------------+-----------+-------------------------------------------+

* SW-to-HW Mapping
+-------------+--------------------+---------+
| Argument    | HW Interface       | HW Type |
+-------------+--------------------+---------+
| model_input | model_input_ap_vld | port    |
| model_input | model_input        | port    |
| beam_input  | beam_input_ap_vld  | port    |
| beam_input  | beam_input         | port    |
| nobj        | nobj               | port    |
| model_out   | model_out          | port    |
| model_out   | model_out_ap_vld   | port    |
+-------------+--------------------+---------+


================================================================
== Bind Op Report
================================================================
+--------------------------------------+-----+--------+-------------------+-----+-----------+---------+
| Name                                 | DSP | Pragma | Variable          | Op  | Impl      | Latency |
+--------------------------------------+-----+--------+-------------------+-----+-----------+---------+
| + nPELICAN                           | 736 |        |                   |     |           |         |
|   nobj_1_fu_819_p2                   |     |        | nobj_1            | add | fabric    | 0       |
|   mul_12s_12s_24_1_1_U11             | 1   |        | mul_ln46          | mul | auto      | 0       |
|   mac_mulsub_12s_12s_24s_24_1_1_U394 | 1   |        | mul_ln46_1        | mul | dsp_slice | 0       |
|   mac_mulsub_12s_12s_24s_24_1_1_U394 | 1   |        | sub_ln46          | sub | dsp_slice | 0       |
|   mac_mulsub_12s_12s_24s_25_1_1_U565 | 1   |        | mul_ln46_2        | mul | dsp_slice | 0       |
|   mac_mulsub_12s_12s_24s_25_1_1_U565 | 1   |        | sub_ln46_1        | sub | dsp_slice | 0       |
|   mac_mulsub_12s_12s_25s_25_1_1_U736 | 1   |        | mul_ln46_3        | mul | dsp_slice | 0       |
|   mac_mulsub_12s_12s_25s_25_1_1_U736 | 1   |        | sub_ln46_2        | sub | dsp_slice | 0       |
|   add_ln46_fu_3971_p2                |     |        | add_ln46          | add | fabric    | 0       |
|   mul_12s_12s_24_1_1_U12             | 1   |        | mul_ln46_4        | mul | auto      | 0       |
|   mac_mulsub_12s_12s_24s_24_1_1_U395 | 1   |        | mul_ln46_5        | mul | dsp_slice | 0       |
|   mac_mulsub_12s_12s_24s_24_1_1_U395 | 1   |        | sub_ln46_3        | sub | dsp_slice | 0       |
|   mac_mulsub_12s_12s_24s_25_1_1_U566 | 1   |        | mul_ln46_6        | mul | dsp_slice | 0       |
|   mac_mulsub_12s_12s_24s_25_1_1_U566 | 1   |        | sub_ln46_4        | sub | dsp_slice | 0       |
|   mac_mulsub_12s_12s_25s_25_1_1_U737 | 1   |        | mul_ln46_7        | mul | dsp_slice | 0       |
|   mac_mulsub_12s_12s_25s_25_1_1_U737 | 1   |        | sub_ln46_5        | sub | dsp_slice | 0       |
|   add_ln46_1_fu_4163_p2              |     |        | add_ln46_1        | add | fabric    | 0       |
|   mul_12s_12s_24_1_1_U13             | 1   |        | mul_ln46_8        | mul | auto      | 0       |
|   mac_mulsub_12s_12s_24s_24_1_1_U396 | 1   |        | mul_ln46_9        | mul | dsp_slice | 0       |
|   mac_mulsub_12s_12s_24s_24_1_1_U396 | 1   |        | sub_ln46_6        | sub | dsp_slice | 0       |
|   mac_mulsub_12s_12s_24s_25_1_1_U567 | 1   |        | mul_ln46_10       | mul | dsp_slice | 0       |
|   mac_mulsub_12s_12s_24s_25_1_1_U567 | 1   |        | sub_ln46_7        | sub | dsp_slice | 0       |
|   mac_mulsub_12s_12s_25s_25_1_1_U738 | 1   |        | mul_ln46_11       | mul | dsp_slice | 0       |
|   mac_mulsub_12s_12s_25s_25_1_1_U738 | 1   |        | sub_ln46_8        | sub | dsp_slice | 0       |
|   add_ln46_2_fu_4355_p2              |     |        | add_ln46_2        | add | fabric    | 0       |
|   mul_12s_12s_24_1_1_U14             | 1   |        | mul_ln46_12       | mul | auto      | 0       |
|   mac_mulsub_12s_12s_24s_24_1_1_U397 | 1   |        | mul_ln46_13       | mul | dsp_slice | 0       |
|   mac_mulsub_12s_12s_24s_24_1_1_U397 | 1   |        | sub_ln46_9        | sub | dsp_slice | 0       |
|   mac_mulsub_12s_12s_24s_25_1_1_U568 | 1   |        | mul_ln46_14       | mul | dsp_slice | 0       |
|   mac_mulsub_12s_12s_24s_25_1_1_U568 | 1   |        | sub_ln46_10       | sub | dsp_slice | 0       |
|   mac_mulsub_12s_12s_25s_25_1_1_U739 | 1   |        | mul_ln46_15       | mul | dsp_slice | 0       |
|   mac_mulsub_12s_12s_25s_25_1_1_U739 | 1   |        | sub_ln46_11       | sub | dsp_slice | 0       |
|   add_ln46_3_fu_4547_p2              |     |        | add_ln46_3        | add | fabric    | 0       |
|   mul_12s_12s_24_1_1_U15             | 1   |        | mul_ln46_16       | mul | auto      | 0       |
|   mac_mulsub_12s_12s_24s_24_1_1_U398 | 1   |        | mul_ln46_17       | mul | dsp_slice | 0       |
|   mac_mulsub_12s_12s_24s_24_1_1_U398 | 1   |        | sub_ln46_12       | sub | dsp_slice | 0       |
|   mac_mulsub_12s_12s_24s_25_1_1_U569 | 1   |        | mul_ln46_18       | mul | dsp_slice | 0       |
|   mac_mulsub_12s_12s_24s_25_1_1_U569 | 1   |        | sub_ln46_13       | sub | dsp_slice | 0       |
|   mac_mulsub_12s_12s_25s_25_1_1_U740 | 1   |        | mul_ln46_19       | mul | dsp_slice | 0       |
|   mac_mulsub_12s_12s_25s_25_1_1_U740 | 1   |        | sub_ln46_14       | sub | dsp_slice | 0       |
|   add_ln46_4_fu_4739_p2              |     |        | add_ln46_4        | add | fabric    | 0       |
|   mul_12s_12s_24_1_1_U16             | 1   |        | mul_ln46_20       | mul | auto      | 0       |
|   mac_mulsub_12s_12s_24s_24_1_1_U399 | 1   |        | mul_ln46_21       | mul | dsp_slice | 0       |
|   mac_mulsub_12s_12s_24s_24_1_1_U399 | 1   |        | sub_ln46_15       | sub | dsp_slice | 0       |
|   mac_mulsub_12s_12s_24s_25_1_1_U570 | 1   |        | mul_ln46_22       | mul | dsp_slice | 0       |
|   mac_mulsub_12s_12s_24s_25_1_1_U570 | 1   |        | sub_ln46_16       | sub | dsp_slice | 0       |
|   mac_mulsub_12s_12s_25s_25_1_1_U741 | 1   |        | mul_ln46_23       | mul | dsp_slice | 0       |
|   mac_mulsub_12s_12s_25s_25_1_1_U741 | 1   |        | sub_ln46_17       | sub | dsp_slice | 0       |
|   add_ln46_5_fu_4931_p2              |     |        | add_ln46_5        | add | fabric    | 0       |
|   mul_12s_12s_24_1_1_U17             | 1   |        | mul_ln46_24       | mul | auto      | 0       |
|   mac_mulsub_12s_12s_24s_24_1_1_U400 | 1   |        | mul_ln46_25       | mul | dsp_slice | 0       |
|   mac_mulsub_12s_12s_24s_24_1_1_U400 | 1   |        | sub_ln46_18       | sub | dsp_slice | 0       |
|   mac_mulsub_12s_12s_24s_25_1_1_U571 | 1   |        | mul_ln46_26       | mul | dsp_slice | 0       |
|   mac_mulsub_12s_12s_24s_25_1_1_U571 | 1   |        | sub_ln46_19       | sub | dsp_slice | 0       |
|   mac_mulsub_12s_12s_25s_25_1_1_U742 | 1   |        | mul_ln46_27       | mul | dsp_slice | 0       |
|   mac_mulsub_12s_12s_25s_25_1_1_U742 | 1   |        | sub_ln46_20       | sub | dsp_slice | 0       |
|   add_ln46_6_fu_5123_p2              |     |        | add_ln46_6        | add | fabric    | 0       |
|   mul_12s_12s_24_1_1_U18             | 1   |        | mul_ln46_28       | mul | auto      | 0       |
|   mac_mulsub_12s_12s_24s_24_1_1_U401 | 1   |        | mul_ln46_29       | mul | dsp_slice | 0       |
|   mac_mulsub_12s_12s_24s_24_1_1_U401 | 1   |        | sub_ln46_21       | sub | dsp_slice | 0       |
|   mac_mulsub_12s_12s_24s_25_1_1_U572 | 1   |        | mul_ln46_30       | mul | dsp_slice | 0       |
|   mac_mulsub_12s_12s_24s_25_1_1_U572 | 1   |        | sub_ln46_22       | sub | dsp_slice | 0       |
|   mac_mulsub_12s_12s_25s_25_1_1_U743 | 1   |        | mul_ln46_31       | mul | dsp_slice | 0       |
|   mac_mulsub_12s_12s_25s_25_1_1_U743 | 1   |        | sub_ln46_23       | sub | dsp_slice | 0       |
|   add_ln46_7_fu_5315_p2              |     |        | add_ln46_7        | add | fabric    | 0       |
|   mul_12s_12s_24_1_1_U19             | 1   |        | mul_ln46_32       | mul | auto      | 0       |
|   mac_mulsub_12s_12s_24s_24_1_1_U402 | 1   |        | mul_ln46_33       | mul | dsp_slice | 0       |
|   mac_mulsub_12s_12s_24s_24_1_1_U402 | 1   |        | sub_ln46_24       | sub | dsp_slice | 0       |
|   mac_mulsub_12s_12s_24s_25_1_1_U573 | 1   |        | mul_ln46_34       | mul | dsp_slice | 0       |
|   mac_mulsub_12s_12s_24s_25_1_1_U573 | 1   |        | sub_ln46_25       | sub | dsp_slice | 0       |
|   mac_mulsub_12s_12s_25s_25_1_1_U744 | 1   |        | mul_ln46_35       | mul | dsp_slice | 0       |
|   mac_mulsub_12s_12s_25s_25_1_1_U744 | 1   |        | sub_ln46_26       | sub | dsp_slice | 0       |
|   add_ln46_8_fu_5507_p2              |     |        | add_ln46_8        | add | fabric    | 0       |
|   mul_12s_12s_24_1_1_U20             | 1   |        | mul_ln46_36       | mul | auto      | 0       |
|   mac_mulsub_12s_12s_24s_24_1_1_U403 | 1   |        | mul_ln46_37       | mul | dsp_slice | 0       |
|   mac_mulsub_12s_12s_24s_24_1_1_U403 | 1   |        | sub_ln46_27       | sub | dsp_slice | 0       |
|   mac_mulsub_12s_12s_24s_25_1_1_U574 | 1   |        | mul_ln46_38       | mul | dsp_slice | 0       |
|   mac_mulsub_12s_12s_24s_25_1_1_U574 | 1   |        | sub_ln46_28       | sub | dsp_slice | 0       |
|   mac_mulsub_12s_12s_25s_25_1_1_U745 | 1   |        | mul_ln46_39       | mul | dsp_slice | 0       |
|   mac_mulsub_12s_12s_25s_25_1_1_U745 | 1   |        | sub_ln46_29       | sub | dsp_slice | 0       |
|   add_ln46_9_fu_5699_p2              |     |        | add_ln46_9        | add | fabric    | 0       |
|   mul_12s_12s_24_1_1_U21             | 1   |        | mul_ln46_40       | mul | auto      | 0       |
|   mac_mulsub_12s_12s_24s_24_1_1_U404 | 1   |        | mul_ln46_41       | mul | dsp_slice | 0       |
|   mac_mulsub_12s_12s_24s_24_1_1_U404 | 1   |        | sub_ln46_30       | sub | dsp_slice | 0       |
|   mac_mulsub_12s_12s_24s_25_1_1_U575 | 1   |        | mul_ln46_42       | mul | dsp_slice | 0       |
|   mac_mulsub_12s_12s_24s_25_1_1_U575 | 1   |        | sub_ln46_31       | sub | dsp_slice | 0       |
|   mac_mulsub_12s_12s_25s_25_1_1_U746 | 1   |        | mul_ln46_43       | mul | dsp_slice | 0       |
|   mac_mulsub_12s_12s_25s_25_1_1_U746 | 1   |        | sub_ln46_32       | sub | dsp_slice | 0       |
|   add_ln46_10_fu_5891_p2             |     |        | add_ln46_10       | add | fabric    | 0       |
|   mul_12s_12s_24_1_1_U22             | 1   |        | mul_ln46_44       | mul | auto      | 0       |
|   mac_mulsub_12s_12s_24s_24_1_1_U405 | 1   |        | mul_ln46_45       | mul | dsp_slice | 0       |
|   mac_mulsub_12s_12s_24s_24_1_1_U405 | 1   |        | sub_ln46_33       | sub | dsp_slice | 0       |
|   mac_mulsub_12s_12s_24s_25_1_1_U576 | 1   |        | mul_ln46_46       | mul | dsp_slice | 0       |
|   mac_mulsub_12s_12s_24s_25_1_1_U576 | 1   |        | sub_ln46_34       | sub | dsp_slice | 0       |
|   mac_mulsub_12s_12s_25s_25_1_1_U747 | 1   |        | mul_ln46_47       | mul | dsp_slice | 0       |
|   mac_mulsub_12s_12s_25s_25_1_1_U747 | 1   |        | sub_ln46_35       | sub | dsp_slice | 0       |
|   add_ln46_11_fu_6083_p2             |     |        | add_ln46_11       | add | fabric    | 0       |
|   mul_12s_12s_24_1_1_U23             | 1   |        | mul_ln46_48       | mul | auto      | 0       |
|   mac_mulsub_12s_12s_24s_24_1_1_U406 | 1   |        | mul_ln46_49       | mul | dsp_slice | 0       |
|   mac_mulsub_12s_12s_24s_24_1_1_U406 | 1   |        | sub_ln46_36       | sub | dsp_slice | 0       |
|   mac_mulsub_12s_12s_24s_25_1_1_U577 | 1   |        | mul_ln46_50       | mul | dsp_slice | 0       |
|   mac_mulsub_12s_12s_24s_25_1_1_U577 | 1   |        | sub_ln46_37       | sub | dsp_slice | 0       |
|   mac_mulsub_12s_12s_25s_25_1_1_U748 | 1   |        | mul_ln46_51       | mul | dsp_slice | 0       |
|   mac_mulsub_12s_12s_25s_25_1_1_U748 | 1   |        | sub_ln46_38       | sub | dsp_slice | 0       |
|   add_ln46_12_fu_6275_p2             |     |        | add_ln46_12       | add | fabric    | 0       |
|   mul_12s_12s_24_1_1_U24             | 1   |        | mul_ln46_52       | mul | auto      | 0       |
|   mac_mulsub_12s_12s_24s_24_1_1_U407 | 1   |        | mul_ln46_53       | mul | dsp_slice | 0       |
|   mac_mulsub_12s_12s_24s_24_1_1_U407 | 1   |        | sub_ln46_39       | sub | dsp_slice | 0       |
|   mac_mulsub_12s_12s_24s_25_1_1_U578 | 1   |        | mul_ln46_54       | mul | dsp_slice | 0       |
|   mac_mulsub_12s_12s_24s_25_1_1_U578 | 1   |        | sub_ln46_40       | sub | dsp_slice | 0       |
|   mac_mulsub_12s_12s_25s_25_1_1_U749 | 1   |        | mul_ln46_55       | mul | dsp_slice | 0       |
|   mac_mulsub_12s_12s_25s_25_1_1_U749 | 1   |        | sub_ln46_41       | sub | dsp_slice | 0       |
|   add_ln46_13_fu_6467_p2             |     |        | add_ln46_13       | add | fabric    | 0       |
|   mul_12s_12s_24_1_1_U25             | 1   |        | mul_ln46_56       | mul | auto      | 0       |
|   mac_mulsub_12s_12s_24s_24_1_1_U408 | 1   |        | mul_ln46_57       | mul | dsp_slice | 0       |
|   mac_mulsub_12s_12s_24s_24_1_1_U408 | 1   |        | sub_ln46_42       | sub | dsp_slice | 0       |
|   mac_mulsub_12s_12s_24s_25_1_1_U579 | 1   |        | mul_ln46_58       | mul | dsp_slice | 0       |
|   mac_mulsub_12s_12s_24s_25_1_1_U579 | 1   |        | sub_ln46_43       | sub | dsp_slice | 0       |
|   mac_mulsub_12s_12s_25s_25_1_1_U750 | 1   |        | mul_ln46_59       | mul | dsp_slice | 0       |
|   mac_mulsub_12s_12s_25s_25_1_1_U750 | 1   |        | sub_ln46_44       | sub | dsp_slice | 0       |
|   add_ln46_14_fu_6659_p2             |     |        | add_ln46_14       | add | fabric    | 0       |
|   mul_12s_12s_24_1_1_U26             | 1   |        | mul_ln46_60       | mul | auto      | 0       |
|   mac_mulsub_12s_12s_24s_24_1_1_U409 | 1   |        | mul_ln46_61       | mul | dsp_slice | 0       |
|   mac_mulsub_12s_12s_24s_24_1_1_U409 | 1   |        | sub_ln46_45       | sub | dsp_slice | 0       |
|   mac_mulsub_12s_12s_24s_25_1_1_U580 | 1   |        | mul_ln46_62       | mul | dsp_slice | 0       |
|   mac_mulsub_12s_12s_24s_25_1_1_U580 | 1   |        | sub_ln46_46       | sub | dsp_slice | 0       |
|   mac_mulsub_12s_12s_25s_25_1_1_U751 | 1   |        | mul_ln46_63       | mul | dsp_slice | 0       |
|   mac_mulsub_12s_12s_25s_25_1_1_U751 | 1   |        | sub_ln46_47       | sub | dsp_slice | 0       |
|   add_ln46_15_fu_6851_p2             |     |        | add_ln46_15       | add | fabric    | 0       |
|   mul_12s_12s_24_1_1_U27             | 1   |        | mul_ln46_64       | mul | auto      | 0       |
|   mac_mulsub_12s_12s_24s_24_1_1_U410 | 1   |        | mul_ln46_65       | mul | dsp_slice | 0       |
|   mac_mulsub_12s_12s_24s_24_1_1_U410 | 1   |        | sub_ln46_48       | sub | dsp_slice | 0       |
|   mac_mulsub_12s_12s_24s_25_1_1_U581 | 1   |        | mul_ln46_66       | mul | dsp_slice | 0       |
|   mac_mulsub_12s_12s_24s_25_1_1_U581 | 1   |        | sub_ln46_49       | sub | dsp_slice | 0       |
|   mac_mulsub_12s_12s_25s_25_1_1_U752 | 1   |        | mul_ln46_67       | mul | dsp_slice | 0       |
|   mac_mulsub_12s_12s_25s_25_1_1_U752 | 1   |        | sub_ln46_50       | sub | dsp_slice | 0       |
|   add_ln46_16_fu_7043_p2             |     |        | add_ln46_16       | add | fabric    | 0       |
|   mul_12s_12s_24_1_1_U28             | 1   |        | mul_ln46_68       | mul | auto      | 0       |
|   mac_mulsub_12s_12s_24s_24_1_1_U411 | 1   |        | mul_ln46_69       | mul | dsp_slice | 0       |
|   mac_mulsub_12s_12s_24s_24_1_1_U411 | 1   |        | sub_ln46_51       | sub | dsp_slice | 0       |
|   mac_mulsub_12s_12s_24s_25_1_1_U582 | 1   |        | mul_ln46_70       | mul | dsp_slice | 0       |
|   mac_mulsub_12s_12s_24s_25_1_1_U582 | 1   |        | sub_ln46_52       | sub | dsp_slice | 0       |
|   mac_mulsub_12s_12s_25s_25_1_1_U753 | 1   |        | mul_ln46_71       | mul | dsp_slice | 0       |
|   mac_mulsub_12s_12s_25s_25_1_1_U753 | 1   |        | sub_ln46_53       | sub | dsp_slice | 0       |
|   add_ln46_17_fu_7235_p2             |     |        | add_ln46_17       | add | fabric    | 0       |
|   mul_12s_12s_24_1_1_U29             | 1   |        | mul_ln46_72       | mul | auto      | 0       |
|   mac_mulsub_12s_12s_24s_24_1_1_U412 | 1   |        | mul_ln46_73       | mul | dsp_slice | 0       |
|   mac_mulsub_12s_12s_24s_24_1_1_U412 | 1   |        | sub_ln46_54       | sub | dsp_slice | 0       |
|   mac_mulsub_12s_12s_24s_25_1_1_U583 | 1   |        | mul_ln46_74       | mul | dsp_slice | 0       |
|   mac_mulsub_12s_12s_24s_25_1_1_U583 | 1   |        | sub_ln46_55       | sub | dsp_slice | 0       |
|   mac_mulsub_12s_12s_25s_25_1_1_U754 | 1   |        | mul_ln46_75       | mul | dsp_slice | 0       |
|   mac_mulsub_12s_12s_25s_25_1_1_U754 | 1   |        | sub_ln46_56       | sub | dsp_slice | 0       |
|   add_ln46_18_fu_7424_p2             |     |        | add_ln46_18       | add | fabric    | 0       |
|   mul_12s_12s_24_1_1_U30             | 1   |        | mul_ln46_76       | mul | auto      | 0       |
|   mac_mulsub_12s_12s_24s_24_1_1_U413 | 1   |        | mul_ln46_77       | mul | dsp_slice | 0       |
|   mac_mulsub_12s_12s_24s_24_1_1_U413 | 1   |        | sub_ln46_57       | sub | dsp_slice | 0       |
|   mac_mulsub_12s_12s_24s_25_1_1_U584 | 1   |        | mul_ln46_78       | mul | dsp_slice | 0       |
|   mac_mulsub_12s_12s_24s_25_1_1_U584 | 1   |        | sub_ln46_58       | sub | dsp_slice | 0       |
|   mac_mulsub_12s_12s_25s_25_1_1_U755 | 1   |        | mul_ln46_79       | mul | dsp_slice | 0       |
|   mac_mulsub_12s_12s_25s_25_1_1_U755 | 1   |        | sub_ln46_59       | sub | dsp_slice | 0       |
|   add_ln46_19_fu_7613_p2             |     |        | add_ln46_19       | add | fabric    | 0       |
|   mul_12s_12s_24_1_1_U31             | 1   |        | mul_ln46_80       | mul | auto      | 0       |
|   mac_mulsub_12s_12s_24s_24_1_1_U414 | 1   |        | mul_ln46_81       | mul | dsp_slice | 0       |
|   mac_mulsub_12s_12s_24s_24_1_1_U414 | 1   |        | sub_ln46_60       | sub | dsp_slice | 0       |
|   mac_mulsub_12s_12s_24s_25_1_1_U585 | 1   |        | mul_ln46_82       | mul | dsp_slice | 0       |
|   mac_mulsub_12s_12s_24s_25_1_1_U585 | 1   |        | sub_ln46_61       | sub | dsp_slice | 0       |
|   mac_mulsub_12s_12s_25s_25_1_1_U756 | 1   |        | mul_ln46_83       | mul | dsp_slice | 0       |
|   mac_mulsub_12s_12s_25s_25_1_1_U756 | 1   |        | sub_ln46_62       | sub | dsp_slice | 0       |
|   add_ln46_20_fu_7802_p2             |     |        | add_ln46_20       | add | fabric    | 0       |
|   mul_12s_12s_24_1_1_U32             | 1   |        | mul_ln46_84       | mul | auto      | 0       |
|   mac_mulsub_12s_12s_24s_24_1_1_U415 | 1   |        | mul_ln46_85       | mul | dsp_slice | 0       |
|   mac_mulsub_12s_12s_24s_24_1_1_U415 | 1   |        | sub_ln46_63       | sub | dsp_slice | 0       |
|   mac_mulsub_12s_12s_24s_25_1_1_U586 | 1   |        | mul_ln46_86       | mul | dsp_slice | 0       |
|   mac_mulsub_12s_12s_24s_25_1_1_U586 | 1   |        | sub_ln46_64       | sub | dsp_slice | 0       |
|   mac_mulsub_12s_12s_25s_25_1_1_U757 | 1   |        | mul_ln46_87       | mul | dsp_slice | 0       |
|   mac_mulsub_12s_12s_25s_25_1_1_U757 | 1   |        | sub_ln46_65       | sub | dsp_slice | 0       |
|   add_ln46_21_fu_7991_p2             |     |        | add_ln46_21       | add | fabric    | 0       |
|   mul_12s_12s_24_1_1_U33             | 1   |        | mul_ln46_88       | mul | auto      | 0       |
|   mac_mulsub_12s_12s_24s_24_1_1_U416 | 1   |        | mul_ln46_89       | mul | dsp_slice | 0       |
|   mac_mulsub_12s_12s_24s_24_1_1_U416 | 1   |        | sub_ln46_66       | sub | dsp_slice | 0       |
|   mac_mulsub_12s_12s_24s_25_1_1_U587 | 1   |        | mul_ln46_90       | mul | dsp_slice | 0       |
|   mac_mulsub_12s_12s_24s_25_1_1_U587 | 1   |        | sub_ln46_67       | sub | dsp_slice | 0       |
|   mac_mulsub_12s_12s_25s_25_1_1_U758 | 1   |        | mul_ln46_91       | mul | dsp_slice | 0       |
|   mac_mulsub_12s_12s_25s_25_1_1_U758 | 1   |        | sub_ln46_68       | sub | dsp_slice | 0       |
|   add_ln46_22_fu_8180_p2             |     |        | add_ln46_22       | add | fabric    | 0       |
|   mul_12s_12s_24_1_1_U34             | 1   |        | mul_ln46_92       | mul | auto      | 0       |
|   mac_mulsub_12s_12s_24s_24_1_1_U417 | 1   |        | mul_ln46_93       | mul | dsp_slice | 0       |
|   mac_mulsub_12s_12s_24s_24_1_1_U417 | 1   |        | sub_ln46_69       | sub | dsp_slice | 0       |
|   mac_mulsub_12s_12s_24s_25_1_1_U588 | 1   |        | mul_ln46_94       | mul | dsp_slice | 0       |
|   mac_mulsub_12s_12s_24s_25_1_1_U588 | 1   |        | sub_ln46_70       | sub | dsp_slice | 0       |
|   mac_mulsub_12s_12s_25s_25_1_1_U759 | 1   |        | mul_ln46_95       | mul | dsp_slice | 0       |
|   mac_mulsub_12s_12s_25s_25_1_1_U759 | 1   |        | sub_ln46_71       | sub | dsp_slice | 0       |
|   add_ln46_23_fu_8369_p2             |     |        | add_ln46_23       | add | fabric    | 0       |
|   mul_12s_12s_24_1_1_U35             | 1   |        | mul_ln46_96       | mul | auto      | 0       |
|   mac_mulsub_12s_12s_24s_24_1_1_U418 | 1   |        | mul_ln46_97       | mul | dsp_slice | 0       |
|   mac_mulsub_12s_12s_24s_24_1_1_U418 | 1   |        | sub_ln46_72       | sub | dsp_slice | 0       |
|   mac_mulsub_12s_12s_24s_25_1_1_U589 | 1   |        | mul_ln46_98       | mul | dsp_slice | 0       |
|   mac_mulsub_12s_12s_24s_25_1_1_U589 | 1   |        | sub_ln46_73       | sub | dsp_slice | 0       |
|   mac_mulsub_12s_12s_25s_25_1_1_U760 | 1   |        | mul_ln46_99       | mul | dsp_slice | 0       |
|   mac_mulsub_12s_12s_25s_25_1_1_U760 | 1   |        | sub_ln46_74       | sub | dsp_slice | 0       |
|   add_ln46_24_fu_8558_p2             |     |        | add_ln46_24       | add | fabric    | 0       |
|   mul_12s_12s_24_1_1_U36             | 1   |        | mul_ln46_100      | mul | auto      | 0       |
|   mac_mulsub_12s_12s_24s_24_1_1_U419 | 1   |        | mul_ln46_101      | mul | dsp_slice | 0       |
|   mac_mulsub_12s_12s_24s_24_1_1_U419 | 1   |        | sub_ln46_75       | sub | dsp_slice | 0       |
|   mac_mulsub_12s_12s_24s_25_1_1_U590 | 1   |        | mul_ln46_102      | mul | dsp_slice | 0       |
|   mac_mulsub_12s_12s_24s_25_1_1_U590 | 1   |        | sub_ln46_76       | sub | dsp_slice | 0       |
|   mac_mulsub_12s_12s_25s_25_1_1_U761 | 1   |        | mul_ln46_103      | mul | dsp_slice | 0       |
|   mac_mulsub_12s_12s_25s_25_1_1_U761 | 1   |        | sub_ln46_77       | sub | dsp_slice | 0       |
|   add_ln46_25_fu_8747_p2             |     |        | add_ln46_25       | add | fabric    | 0       |
|   mul_12s_12s_24_1_1_U37             | 1   |        | mul_ln46_104      | mul | auto      | 0       |
|   mac_mulsub_12s_12s_24s_24_1_1_U420 | 1   |        | mul_ln46_105      | mul | dsp_slice | 0       |
|   mac_mulsub_12s_12s_24s_24_1_1_U420 | 1   |        | sub_ln46_78       | sub | dsp_slice | 0       |
|   mac_mulsub_12s_12s_24s_25_1_1_U591 | 1   |        | mul_ln46_106      | mul | dsp_slice | 0       |
|   mac_mulsub_12s_12s_24s_25_1_1_U591 | 1   |        | sub_ln46_79       | sub | dsp_slice | 0       |
|   mac_mulsub_12s_12s_25s_25_1_1_U762 | 1   |        | mul_ln46_107      | mul | dsp_slice | 0       |
|   mac_mulsub_12s_12s_25s_25_1_1_U762 | 1   |        | sub_ln46_80       | sub | dsp_slice | 0       |
|   add_ln46_26_fu_8936_p2             |     |        | add_ln46_26       | add | fabric    | 0       |
|   mul_12s_12s_24_1_1_U38             | 1   |        | mul_ln46_108      | mul | auto      | 0       |
|   mac_mulsub_12s_12s_24s_24_1_1_U421 | 1   |        | mul_ln46_109      | mul | dsp_slice | 0       |
|   mac_mulsub_12s_12s_24s_24_1_1_U421 | 1   |        | sub_ln46_81       | sub | dsp_slice | 0       |
|   mac_mulsub_12s_12s_24s_25_1_1_U592 | 1   |        | mul_ln46_110      | mul | dsp_slice | 0       |
|   mac_mulsub_12s_12s_24s_25_1_1_U592 | 1   |        | sub_ln46_82       | sub | dsp_slice | 0       |
|   mac_mulsub_12s_12s_25s_25_1_1_U763 | 1   |        | mul_ln46_111      | mul | dsp_slice | 0       |
|   mac_mulsub_12s_12s_25s_25_1_1_U763 | 1   |        | sub_ln46_83       | sub | dsp_slice | 0       |
|   add_ln46_27_fu_9125_p2             |     |        | add_ln46_27       | add | fabric    | 0       |
|   mul_12s_12s_24_1_1_U39             | 1   |        | mul_ln46_112      | mul | auto      | 0       |
|   mac_mulsub_12s_12s_24s_24_1_1_U422 | 1   |        | mul_ln46_113      | mul | dsp_slice | 0       |
|   mac_mulsub_12s_12s_24s_24_1_1_U422 | 1   |        | sub_ln46_84       | sub | dsp_slice | 0       |
|   mac_mulsub_12s_12s_24s_25_1_1_U593 | 1   |        | mul_ln46_114      | mul | dsp_slice | 0       |
|   mac_mulsub_12s_12s_24s_25_1_1_U593 | 1   |        | sub_ln46_85       | sub | dsp_slice | 0       |
|   mac_mulsub_12s_12s_25s_25_1_1_U764 | 1   |        | mul_ln46_115      | mul | dsp_slice | 0       |
|   mac_mulsub_12s_12s_25s_25_1_1_U764 | 1   |        | sub_ln46_86       | sub | dsp_slice | 0       |
|   add_ln46_28_fu_9314_p2             |     |        | add_ln46_28       | add | fabric    | 0       |
|   mul_12s_12s_24_1_1_U40             | 1   |        | mul_ln46_116      | mul | auto      | 0       |
|   mac_mulsub_12s_12s_24s_24_1_1_U423 | 1   |        | mul_ln46_117      | mul | dsp_slice | 0       |
|   mac_mulsub_12s_12s_24s_24_1_1_U423 | 1   |        | sub_ln46_87       | sub | dsp_slice | 0       |
|   mac_mulsub_12s_12s_24s_25_1_1_U594 | 1   |        | mul_ln46_118      | mul | dsp_slice | 0       |
|   mac_mulsub_12s_12s_24s_25_1_1_U594 | 1   |        | sub_ln46_88       | sub | dsp_slice | 0       |
|   mac_mulsub_12s_12s_25s_25_1_1_U765 | 1   |        | mul_ln46_119      | mul | dsp_slice | 0       |
|   mac_mulsub_12s_12s_25s_25_1_1_U765 | 1   |        | sub_ln46_89       | sub | dsp_slice | 0       |
|   add_ln46_29_fu_9503_p2             |     |        | add_ln46_29       | add | fabric    | 0       |
|   mul_12s_12s_24_1_1_U41             | 1   |        | mul_ln46_120      | mul | auto      | 0       |
|   mac_mulsub_12s_12s_24s_24_1_1_U424 | 1   |        | mul_ln46_121      | mul | dsp_slice | 0       |
|   mac_mulsub_12s_12s_24s_24_1_1_U424 | 1   |        | sub_ln46_90       | sub | dsp_slice | 0       |
|   mac_mulsub_12s_12s_24s_25_1_1_U595 | 1   |        | mul_ln46_122      | mul | dsp_slice | 0       |
|   mac_mulsub_12s_12s_24s_25_1_1_U595 | 1   |        | sub_ln46_91       | sub | dsp_slice | 0       |
|   mac_mulsub_12s_12s_25s_25_1_1_U766 | 1   |        | mul_ln46_123      | mul | dsp_slice | 0       |
|   mac_mulsub_12s_12s_25s_25_1_1_U766 | 1   |        | sub_ln46_92       | sub | dsp_slice | 0       |
|   add_ln46_30_fu_9692_p2             |     |        | add_ln46_30       | add | fabric    | 0       |
|   mul_12s_12s_24_1_1_U42             | 1   |        | mul_ln46_124      | mul | auto      | 0       |
|   mac_mulsub_12s_12s_24s_24_1_1_U425 | 1   |        | mul_ln46_125      | mul | dsp_slice | 0       |
|   mac_mulsub_12s_12s_24s_24_1_1_U425 | 1   |        | sub_ln46_93       | sub | dsp_slice | 0       |
|   mac_mulsub_12s_12s_24s_25_1_1_U596 | 1   |        | mul_ln46_126      | mul | dsp_slice | 0       |
|   mac_mulsub_12s_12s_24s_25_1_1_U596 | 1   |        | sub_ln46_94       | sub | dsp_slice | 0       |
|   mac_mulsub_12s_12s_25s_25_1_1_U767 | 1   |        | mul_ln46_127      | mul | dsp_slice | 0       |
|   mac_mulsub_12s_12s_25s_25_1_1_U767 | 1   |        | sub_ln46_95       | sub | dsp_slice | 0       |
|   add_ln46_31_fu_9881_p2             |     |        | add_ln46_31       | add | fabric    | 0       |
|   mul_12s_12s_24_1_1_U43             | 1   |        | mul_ln46_128      | mul | auto      | 0       |
|   mac_mulsub_12s_12s_24s_24_1_1_U426 | 1   |        | mul_ln46_129      | mul | dsp_slice | 0       |
|   mac_mulsub_12s_12s_24s_24_1_1_U426 | 1   |        | sub_ln46_96       | sub | dsp_slice | 0       |
|   mac_mulsub_12s_12s_24s_25_1_1_U597 | 1   |        | mul_ln46_130      | mul | dsp_slice | 0       |
|   mac_mulsub_12s_12s_24s_25_1_1_U597 | 1   |        | sub_ln46_97       | sub | dsp_slice | 0       |
|   mac_mulsub_12s_12s_25s_25_1_1_U768 | 1   |        | mul_ln46_131      | mul | dsp_slice | 0       |
|   mac_mulsub_12s_12s_25s_25_1_1_U768 | 1   |        | sub_ln46_98       | sub | dsp_slice | 0       |
|   add_ln46_32_fu_10070_p2            |     |        | add_ln46_32       | add | fabric    | 0       |
|   mul_12s_12s_24_1_1_U44             | 1   |        | mul_ln46_132      | mul | auto      | 0       |
|   mac_mulsub_12s_12s_24s_24_1_1_U427 | 1   |        | mul_ln46_133      | mul | dsp_slice | 0       |
|   mac_mulsub_12s_12s_24s_24_1_1_U427 | 1   |        | sub_ln46_99       | sub | dsp_slice | 0       |
|   mac_mulsub_12s_12s_24s_25_1_1_U598 | 1   |        | mul_ln46_134      | mul | dsp_slice | 0       |
|   mac_mulsub_12s_12s_24s_25_1_1_U598 | 1   |        | sub_ln46_100      | sub | dsp_slice | 0       |
|   mac_mulsub_12s_12s_25s_25_1_1_U769 | 1   |        | mul_ln46_135      | mul | dsp_slice | 0       |
|   mac_mulsub_12s_12s_25s_25_1_1_U769 | 1   |        | sub_ln46_101      | sub | dsp_slice | 0       |
|   add_ln46_33_fu_10259_p2            |     |        | add_ln46_33       | add | fabric    | 0       |
|   mul_12s_12s_24_1_1_U45             | 1   |        | mul_ln46_136      | mul | auto      | 0       |
|   mac_mulsub_12s_12s_24s_24_1_1_U428 | 1   |        | mul_ln46_137      | mul | dsp_slice | 0       |
|   mac_mulsub_12s_12s_24s_24_1_1_U428 | 1   |        | sub_ln46_102      | sub | dsp_slice | 0       |
|   mac_mulsub_12s_12s_24s_25_1_1_U599 | 1   |        | mul_ln46_138      | mul | dsp_slice | 0       |
|   mac_mulsub_12s_12s_24s_25_1_1_U599 | 1   |        | sub_ln46_103      | sub | dsp_slice | 0       |
|   mac_mulsub_12s_12s_25s_25_1_1_U770 | 1   |        | mul_ln46_139      | mul | dsp_slice | 0       |
|   mac_mulsub_12s_12s_25s_25_1_1_U770 | 1   |        | sub_ln46_104      | sub | dsp_slice | 0       |
|   add_ln46_34_fu_10448_p2            |     |        | add_ln46_34       | add | fabric    | 0       |
|   mul_12s_12s_24_1_1_U46             | 1   |        | mul_ln46_140      | mul | auto      | 0       |
|   mac_mulsub_12s_12s_24s_24_1_1_U429 | 1   |        | mul_ln46_141      | mul | dsp_slice | 0       |
|   mac_mulsub_12s_12s_24s_24_1_1_U429 | 1   |        | sub_ln46_105      | sub | dsp_slice | 0       |
|   mac_mulsub_12s_12s_24s_25_1_1_U600 | 1   |        | mul_ln46_142      | mul | dsp_slice | 0       |
|   mac_mulsub_12s_12s_24s_25_1_1_U600 | 1   |        | sub_ln46_106      | sub | dsp_slice | 0       |
|   mac_mulsub_12s_12s_25s_25_1_1_U771 | 1   |        | mul_ln46_143      | mul | dsp_slice | 0       |
|   mac_mulsub_12s_12s_25s_25_1_1_U771 | 1   |        | sub_ln46_107      | sub | dsp_slice | 0       |
|   add_ln46_35_fu_10637_p2            |     |        | add_ln46_35       | add | fabric    | 0       |
|   mul_12s_12s_24_1_1_U47             | 1   |        | mul_ln46_144      | mul | auto      | 0       |
|   mac_mulsub_12s_12s_24s_24_1_1_U430 | 1   |        | mul_ln46_145      | mul | dsp_slice | 0       |
|   mac_mulsub_12s_12s_24s_24_1_1_U430 | 1   |        | sub_ln46_108      | sub | dsp_slice | 0       |
|   mac_mulsub_12s_12s_24s_25_1_1_U601 | 1   |        | mul_ln46_146      | mul | dsp_slice | 0       |
|   mac_mulsub_12s_12s_24s_25_1_1_U601 | 1   |        | sub_ln46_109      | sub | dsp_slice | 0       |
|   mac_mulsub_12s_12s_25s_25_1_1_U772 | 1   |        | mul_ln46_147      | mul | dsp_slice | 0       |
|   mac_mulsub_12s_12s_25s_25_1_1_U772 | 1   |        | sub_ln46_110      | sub | dsp_slice | 0       |
|   add_ln46_36_fu_10826_p2            |     |        | add_ln46_36       | add | fabric    | 0       |
|   mul_12s_12s_24_1_1_U48             | 1   |        | mul_ln46_148      | mul | auto      | 0       |
|   mac_mulsub_12s_12s_24s_24_1_1_U431 | 1   |        | mul_ln46_149      | mul | dsp_slice | 0       |
|   mac_mulsub_12s_12s_24s_24_1_1_U431 | 1   |        | sub_ln46_111      | sub | dsp_slice | 0       |
|   mac_mulsub_12s_12s_24s_25_1_1_U602 | 1   |        | mul_ln46_150      | mul | dsp_slice | 0       |
|   mac_mulsub_12s_12s_24s_25_1_1_U602 | 1   |        | sub_ln46_112      | sub | dsp_slice | 0       |
|   mac_mulsub_12s_12s_25s_25_1_1_U773 | 1   |        | mul_ln46_151      | mul | dsp_slice | 0       |
|   mac_mulsub_12s_12s_25s_25_1_1_U773 | 1   |        | sub_ln46_113      | sub | dsp_slice | 0       |
|   add_ln46_37_fu_11015_p2            |     |        | add_ln46_37       | add | fabric    | 0       |
|   mul_12s_12s_24_1_1_U49             | 1   |        | mul_ln46_152      | mul | auto      | 0       |
|   mac_mulsub_12s_12s_24s_24_1_1_U432 | 1   |        | mul_ln46_153      | mul | dsp_slice | 0       |
|   mac_mulsub_12s_12s_24s_24_1_1_U432 | 1   |        | sub_ln46_114      | sub | dsp_slice | 0       |
|   mac_mulsub_12s_12s_24s_25_1_1_U603 | 1   |        | mul_ln46_154      | mul | dsp_slice | 0       |
|   mac_mulsub_12s_12s_24s_25_1_1_U603 | 1   |        | sub_ln46_115      | sub | dsp_slice | 0       |
|   mac_mulsub_12s_12s_25s_25_1_1_U774 | 1   |        | mul_ln46_155      | mul | dsp_slice | 0       |
|   mac_mulsub_12s_12s_25s_25_1_1_U774 | 1   |        | sub_ln46_116      | sub | dsp_slice | 0       |
|   add_ln46_38_fu_11204_p2            |     |        | add_ln46_38       | add | fabric    | 0       |
|   mul_12s_12s_24_1_1_U50             | 1   |        | mul_ln46_156      | mul | auto      | 0       |
|   mac_mulsub_12s_12s_24s_24_1_1_U433 | 1   |        | mul_ln46_157      | mul | dsp_slice | 0       |
|   mac_mulsub_12s_12s_24s_24_1_1_U433 | 1   |        | sub_ln46_117      | sub | dsp_slice | 0       |
|   mac_mulsub_12s_12s_24s_25_1_1_U604 | 1   |        | mul_ln46_158      | mul | dsp_slice | 0       |
|   mac_mulsub_12s_12s_24s_25_1_1_U604 | 1   |        | sub_ln46_118      | sub | dsp_slice | 0       |
|   mac_mulsub_12s_12s_25s_25_1_1_U775 | 1   |        | mul_ln46_159      | mul | dsp_slice | 0       |
|   mac_mulsub_12s_12s_25s_25_1_1_U775 | 1   |        | sub_ln46_119      | sub | dsp_slice | 0       |
|   add_ln46_39_fu_11393_p2            |     |        | add_ln46_39       | add | fabric    | 0       |
|   mul_12s_12s_24_1_1_U51             | 1   |        | mul_ln46_160      | mul | auto      | 0       |
|   mac_mulsub_12s_12s_24s_24_1_1_U434 | 1   |        | mul_ln46_161      | mul | dsp_slice | 0       |
|   mac_mulsub_12s_12s_24s_24_1_1_U434 | 1   |        | sub_ln46_120      | sub | dsp_slice | 0       |
|   mac_mulsub_12s_12s_24s_25_1_1_U605 | 1   |        | mul_ln46_162      | mul | dsp_slice | 0       |
|   mac_mulsub_12s_12s_24s_25_1_1_U605 | 1   |        | sub_ln46_121      | sub | dsp_slice | 0       |
|   mac_mulsub_12s_12s_25s_25_1_1_U776 | 1   |        | mul_ln46_163      | mul | dsp_slice | 0       |
|   mac_mulsub_12s_12s_25s_25_1_1_U776 | 1   |        | sub_ln46_122      | sub | dsp_slice | 0       |
|   add_ln46_40_fu_11582_p2            |     |        | add_ln46_40       | add | fabric    | 0       |
|   mul_12s_12s_24_1_1_U52             | 1   |        | mul_ln46_164      | mul | auto      | 0       |
|   mac_mulsub_12s_12s_24s_24_1_1_U435 | 1   |        | mul_ln46_165      | mul | dsp_slice | 0       |
|   mac_mulsub_12s_12s_24s_24_1_1_U435 | 1   |        | sub_ln46_123      | sub | dsp_slice | 0       |
|   mac_mulsub_12s_12s_24s_25_1_1_U606 | 1   |        | mul_ln46_166      | mul | dsp_slice | 0       |
|   mac_mulsub_12s_12s_24s_25_1_1_U606 | 1   |        | sub_ln46_124      | sub | dsp_slice | 0       |
|   mac_mulsub_12s_12s_25s_25_1_1_U777 | 1   |        | mul_ln46_167      | mul | dsp_slice | 0       |
|   mac_mulsub_12s_12s_25s_25_1_1_U777 | 1   |        | sub_ln46_125      | sub | dsp_slice | 0       |
|   add_ln46_41_fu_11771_p2            |     |        | add_ln46_41       | add | fabric    | 0       |
|   mul_12s_12s_24_1_1_U53             | 1   |        | mul_ln46_168      | mul | auto      | 0       |
|   mac_mulsub_12s_12s_24s_24_1_1_U436 | 1   |        | mul_ln46_169      | mul | dsp_slice | 0       |
|   mac_mulsub_12s_12s_24s_24_1_1_U436 | 1   |        | sub_ln46_126      | sub | dsp_slice | 0       |
|   mac_mulsub_12s_12s_24s_25_1_1_U607 | 1   |        | mul_ln46_170      | mul | dsp_slice | 0       |
|   mac_mulsub_12s_12s_24s_25_1_1_U607 | 1   |        | sub_ln46_127      | sub | dsp_slice | 0       |
|   mac_mulsub_12s_12s_25s_25_1_1_U778 | 1   |        | mul_ln46_171      | mul | dsp_slice | 0       |
|   mac_mulsub_12s_12s_25s_25_1_1_U778 | 1   |        | sub_ln46_128      | sub | dsp_slice | 0       |
|   add_ln46_42_fu_11960_p2            |     |        | add_ln46_42       | add | fabric    | 0       |
|   mul_12s_12s_24_1_1_U54             | 1   |        | mul_ln46_172      | mul | auto      | 0       |
|   mac_mulsub_12s_12s_24s_24_1_1_U437 | 1   |        | mul_ln46_173      | mul | dsp_slice | 0       |
|   mac_mulsub_12s_12s_24s_24_1_1_U437 | 1   |        | sub_ln46_129      | sub | dsp_slice | 0       |
|   mac_mulsub_12s_12s_24s_25_1_1_U608 | 1   |        | mul_ln46_174      | mul | dsp_slice | 0       |
|   mac_mulsub_12s_12s_24s_25_1_1_U608 | 1   |        | sub_ln46_130      | sub | dsp_slice | 0       |
|   mac_mulsub_12s_12s_25s_25_1_1_U779 | 1   |        | mul_ln46_175      | mul | dsp_slice | 0       |
|   mac_mulsub_12s_12s_25s_25_1_1_U779 | 1   |        | sub_ln46_131      | sub | dsp_slice | 0       |
|   add_ln46_43_fu_12149_p2            |     |        | add_ln46_43       | add | fabric    | 0       |
|   mul_12s_12s_24_1_1_U55             | 1   |        | mul_ln46_176      | mul | auto      | 0       |
|   mac_mulsub_12s_12s_24s_24_1_1_U438 | 1   |        | mul_ln46_177      | mul | dsp_slice | 0       |
|   mac_mulsub_12s_12s_24s_24_1_1_U438 | 1   |        | sub_ln46_132      | sub | dsp_slice | 0       |
|   mac_mulsub_12s_12s_24s_25_1_1_U609 | 1   |        | mul_ln46_178      | mul | dsp_slice | 0       |
|   mac_mulsub_12s_12s_24s_25_1_1_U609 | 1   |        | sub_ln46_133      | sub | dsp_slice | 0       |
|   mac_mulsub_12s_12s_25s_25_1_1_U780 | 1   |        | mul_ln46_179      | mul | dsp_slice | 0       |
|   mac_mulsub_12s_12s_25s_25_1_1_U780 | 1   |        | sub_ln46_134      | sub | dsp_slice | 0       |
|   add_ln46_44_fu_12338_p2            |     |        | add_ln46_44       | add | fabric    | 0       |
|   mul_12s_12s_24_1_1_U56             | 1   |        | mul_ln46_180      | mul | auto      | 0       |
|   mac_mulsub_12s_12s_24s_24_1_1_U439 | 1   |        | mul_ln46_181      | mul | dsp_slice | 0       |
|   mac_mulsub_12s_12s_24s_24_1_1_U439 | 1   |        | sub_ln46_135      | sub | dsp_slice | 0       |
|   mac_mulsub_12s_12s_24s_25_1_1_U610 | 1   |        | mul_ln46_182      | mul | dsp_slice | 0       |
|   mac_mulsub_12s_12s_24s_25_1_1_U610 | 1   |        | sub_ln46_136      | sub | dsp_slice | 0       |
|   mac_mulsub_12s_12s_25s_25_1_1_U781 | 1   |        | mul_ln46_183      | mul | dsp_slice | 0       |
|   mac_mulsub_12s_12s_25s_25_1_1_U781 | 1   |        | sub_ln46_137      | sub | dsp_slice | 0       |
|   add_ln46_45_fu_12527_p2            |     |        | add_ln46_45       | add | fabric    | 0       |
|   mul_12s_12s_24_1_1_U57             | 1   |        | mul_ln46_184      | mul | auto      | 0       |
|   mac_mulsub_12s_12s_24s_24_1_1_U440 | 1   |        | mul_ln46_185      | mul | dsp_slice | 0       |
|   mac_mulsub_12s_12s_24s_24_1_1_U440 | 1   |        | sub_ln46_138      | sub | dsp_slice | 0       |
|   mac_mulsub_12s_12s_24s_25_1_1_U611 | 1   |        | mul_ln46_186      | mul | dsp_slice | 0       |
|   mac_mulsub_12s_12s_24s_25_1_1_U611 | 1   |        | sub_ln46_139      | sub | dsp_slice | 0       |
|   mac_mulsub_12s_12s_25s_25_1_1_U782 | 1   |        | mul_ln46_187      | mul | dsp_slice | 0       |
|   mac_mulsub_12s_12s_25s_25_1_1_U782 | 1   |        | sub_ln46_140      | sub | dsp_slice | 0       |
|   add_ln46_46_fu_12716_p2            |     |        | add_ln46_46       | add | fabric    | 0       |
|   mul_12s_12s_24_1_1_U58             | 1   |        | mul_ln46_188      | mul | auto      | 0       |
|   mac_mulsub_12s_12s_24s_24_1_1_U441 | 1   |        | mul_ln46_189      | mul | dsp_slice | 0       |
|   mac_mulsub_12s_12s_24s_24_1_1_U441 | 1   |        | sub_ln46_141      | sub | dsp_slice | 0       |
|   mac_mulsub_12s_12s_24s_25_1_1_U612 | 1   |        | mul_ln46_190      | mul | dsp_slice | 0       |
|   mac_mulsub_12s_12s_24s_25_1_1_U612 | 1   |        | sub_ln46_142      | sub | dsp_slice | 0       |
|   mac_mulsub_12s_12s_25s_25_1_1_U783 | 1   |        | mul_ln46_191      | mul | dsp_slice | 0       |
|   mac_mulsub_12s_12s_25s_25_1_1_U783 | 1   |        | sub_ln46_143      | sub | dsp_slice | 0       |
|   add_ln46_47_fu_12905_p2            |     |        | add_ln46_47       | add | fabric    | 0       |
|   mul_12s_12s_24_1_1_U59             | 1   |        | mul_ln46_192      | mul | auto      | 0       |
|   mac_mulsub_12s_12s_24s_24_1_1_U442 | 1   |        | mul_ln46_193      | mul | dsp_slice | 0       |
|   mac_mulsub_12s_12s_24s_24_1_1_U442 | 1   |        | sub_ln46_144      | sub | dsp_slice | 0       |
|   mac_mulsub_12s_12s_24s_25_1_1_U613 | 1   |        | mul_ln46_194      | mul | dsp_slice | 0       |
|   mac_mulsub_12s_12s_24s_25_1_1_U613 | 1   |        | sub_ln46_145      | sub | dsp_slice | 0       |
|   mac_mulsub_12s_12s_25s_25_1_1_U784 | 1   |        | mul_ln46_195      | mul | dsp_slice | 0       |
|   mac_mulsub_12s_12s_25s_25_1_1_U784 | 1   |        | sub_ln46_146      | sub | dsp_slice | 0       |
|   add_ln46_48_fu_13094_p2            |     |        | add_ln46_48       | add | fabric    | 0       |
|   mul_12s_12s_24_1_1_U60             | 1   |        | mul_ln46_196      | mul | auto      | 0       |
|   mac_mulsub_12s_12s_24s_24_1_1_U443 | 1   |        | mul_ln46_197      | mul | dsp_slice | 0       |
|   mac_mulsub_12s_12s_24s_24_1_1_U443 | 1   |        | sub_ln46_147      | sub | dsp_slice | 0       |
|   mac_mulsub_12s_12s_24s_25_1_1_U614 | 1   |        | mul_ln46_198      | mul | dsp_slice | 0       |
|   mac_mulsub_12s_12s_24s_25_1_1_U614 | 1   |        | sub_ln46_148      | sub | dsp_slice | 0       |
|   mac_mulsub_12s_12s_25s_25_1_1_U785 | 1   |        | mul_ln46_199      | mul | dsp_slice | 0       |
|   mac_mulsub_12s_12s_25s_25_1_1_U785 | 1   |        | sub_ln46_149      | sub | dsp_slice | 0       |
|   add_ln46_49_fu_13283_p2            |     |        | add_ln46_49       | add | fabric    | 0       |
|   mul_12s_12s_24_1_1_U61             | 1   |        | mul_ln46_200      | mul | auto      | 0       |
|   mac_mulsub_12s_12s_24s_24_1_1_U444 | 1   |        | mul_ln46_201      | mul | dsp_slice | 0       |
|   mac_mulsub_12s_12s_24s_24_1_1_U444 | 1   |        | sub_ln46_150      | sub | dsp_slice | 0       |
|   mac_mulsub_12s_12s_24s_25_1_1_U615 | 1   |        | mul_ln46_202      | mul | dsp_slice | 0       |
|   mac_mulsub_12s_12s_24s_25_1_1_U615 | 1   |        | sub_ln46_151      | sub | dsp_slice | 0       |
|   mac_mulsub_12s_12s_25s_25_1_1_U786 | 1   |        | mul_ln46_203      | mul | dsp_slice | 0       |
|   mac_mulsub_12s_12s_25s_25_1_1_U786 | 1   |        | sub_ln46_152      | sub | dsp_slice | 0       |
|   add_ln46_50_fu_13472_p2            |     |        | add_ln46_50       | add | fabric    | 0       |
|   mul_12s_12s_24_1_1_U62             | 1   |        | mul_ln46_204      | mul | auto      | 0       |
|   mac_mulsub_12s_12s_24s_24_1_1_U445 | 1   |        | mul_ln46_205      | mul | dsp_slice | 0       |
|   mac_mulsub_12s_12s_24s_24_1_1_U445 | 1   |        | sub_ln46_153      | sub | dsp_slice | 0       |
|   mac_mulsub_12s_12s_24s_25_1_1_U616 | 1   |        | mul_ln46_206      | mul | dsp_slice | 0       |
|   mac_mulsub_12s_12s_24s_25_1_1_U616 | 1   |        | sub_ln46_154      | sub | dsp_slice | 0       |
|   mac_mulsub_12s_12s_25s_25_1_1_U787 | 1   |        | mul_ln46_207      | mul | dsp_slice | 0       |
|   mac_mulsub_12s_12s_25s_25_1_1_U787 | 1   |        | sub_ln46_155      | sub | dsp_slice | 0       |
|   add_ln46_51_fu_13661_p2            |     |        | add_ln46_51       | add | fabric    | 0       |
|   mul_12s_12s_24_1_1_U63             | 1   |        | mul_ln46_208      | mul | auto      | 0       |
|   mac_mulsub_12s_12s_24s_24_1_1_U446 | 1   |        | mul_ln46_209      | mul | dsp_slice | 0       |
|   mac_mulsub_12s_12s_24s_24_1_1_U446 | 1   |        | sub_ln46_156      | sub | dsp_slice | 0       |
|   mac_mulsub_12s_12s_24s_25_1_1_U617 | 1   |        | mul_ln46_210      | mul | dsp_slice | 0       |
|   mac_mulsub_12s_12s_24s_25_1_1_U617 | 1   |        | sub_ln46_157      | sub | dsp_slice | 0       |
|   mac_mulsub_12s_12s_25s_25_1_1_U788 | 1   |        | mul_ln46_211      | mul | dsp_slice | 0       |
|   mac_mulsub_12s_12s_25s_25_1_1_U788 | 1   |        | sub_ln46_158      | sub | dsp_slice | 0       |
|   add_ln46_52_fu_13850_p2            |     |        | add_ln46_52       | add | fabric    | 0       |
|   mul_12s_12s_24_1_1_U64             | 1   |        | mul_ln46_212      | mul | auto      | 0       |
|   mac_mulsub_12s_12s_24s_24_1_1_U447 | 1   |        | mul_ln46_213      | mul | dsp_slice | 0       |
|   mac_mulsub_12s_12s_24s_24_1_1_U447 | 1   |        | sub_ln46_159      | sub | dsp_slice | 0       |
|   mac_mulsub_12s_12s_24s_25_1_1_U618 | 1   |        | mul_ln46_214      | mul | dsp_slice | 0       |
|   mac_mulsub_12s_12s_24s_25_1_1_U618 | 1   |        | sub_ln46_160      | sub | dsp_slice | 0       |
|   mac_mulsub_12s_12s_25s_25_1_1_U789 | 1   |        | mul_ln46_215      | mul | dsp_slice | 0       |
|   mac_mulsub_12s_12s_25s_25_1_1_U789 | 1   |        | sub_ln46_161      | sub | dsp_slice | 0       |
|   add_ln46_53_fu_14039_p2            |     |        | add_ln46_53       | add | fabric    | 0       |
|   mul_12s_12s_24_1_1_U65             | 1   |        | mul_ln46_216      | mul | auto      | 0       |
|   mac_mulsub_12s_12s_24s_24_1_1_U448 | 1   |        | mul_ln46_217      | mul | dsp_slice | 0       |
|   mac_mulsub_12s_12s_24s_24_1_1_U448 | 1   |        | sub_ln46_162      | sub | dsp_slice | 0       |
|   mac_mulsub_12s_12s_24s_25_1_1_U619 | 1   |        | mul_ln46_218      | mul | dsp_slice | 0       |
|   mac_mulsub_12s_12s_24s_25_1_1_U619 | 1   |        | sub_ln46_163      | sub | dsp_slice | 0       |
|   mac_mulsub_12s_12s_25s_25_1_1_U790 | 1   |        | mul_ln46_219      | mul | dsp_slice | 0       |
|   mac_mulsub_12s_12s_25s_25_1_1_U790 | 1   |        | sub_ln46_164      | sub | dsp_slice | 0       |
|   add_ln46_54_fu_14228_p2            |     |        | add_ln46_54       | add | fabric    | 0       |
|   mul_12s_12s_24_1_1_U66             | 1   |        | mul_ln46_220      | mul | auto      | 0       |
|   mac_mulsub_12s_12s_24s_24_1_1_U449 | 1   |        | mul_ln46_221      | mul | dsp_slice | 0       |
|   mac_mulsub_12s_12s_24s_24_1_1_U449 | 1   |        | sub_ln46_165      | sub | dsp_slice | 0       |
|   mac_mulsub_12s_12s_24s_25_1_1_U620 | 1   |        | mul_ln46_222      | mul | dsp_slice | 0       |
|   mac_mulsub_12s_12s_24s_25_1_1_U620 | 1   |        | sub_ln46_166      | sub | dsp_slice | 0       |
|   mac_mulsub_12s_12s_25s_25_1_1_U791 | 1   |        | mul_ln46_223      | mul | dsp_slice | 0       |
|   mac_mulsub_12s_12s_25s_25_1_1_U791 | 1   |        | sub_ln46_167      | sub | dsp_slice | 0       |
|   add_ln46_55_fu_14417_p2            |     |        | add_ln46_55       | add | fabric    | 0       |
|   mul_12s_12s_24_1_1_U67             | 1   |        | mul_ln46_224      | mul | auto      | 0       |
|   mac_mulsub_12s_12s_24s_24_1_1_U450 | 1   |        | mul_ln46_225      | mul | dsp_slice | 0       |
|   mac_mulsub_12s_12s_24s_24_1_1_U450 | 1   |        | sub_ln46_168      | sub | dsp_slice | 0       |
|   mac_mulsub_12s_12s_24s_25_1_1_U621 | 1   |        | mul_ln46_226      | mul | dsp_slice | 0       |
|   mac_mulsub_12s_12s_24s_25_1_1_U621 | 1   |        | sub_ln46_169      | sub | dsp_slice | 0       |
|   mac_mulsub_12s_12s_25s_25_1_1_U792 | 1   |        | mul_ln46_227      | mul | dsp_slice | 0       |
|   mac_mulsub_12s_12s_25s_25_1_1_U792 | 1   |        | sub_ln46_170      | sub | dsp_slice | 0       |
|   add_ln46_56_fu_14606_p2            |     |        | add_ln46_56       | add | fabric    | 0       |
|   mul_12s_12s_24_1_1_U68             | 1   |        | mul_ln46_228      | mul | auto      | 0       |
|   mac_mulsub_12s_12s_24s_24_1_1_U451 | 1   |        | mul_ln46_229      | mul | dsp_slice | 0       |
|   mac_mulsub_12s_12s_24s_24_1_1_U451 | 1   |        | sub_ln46_171      | sub | dsp_slice | 0       |
|   mac_mulsub_12s_12s_24s_25_1_1_U622 | 1   |        | mul_ln46_230      | mul | dsp_slice | 0       |
|   mac_mulsub_12s_12s_24s_25_1_1_U622 | 1   |        | sub_ln46_172      | sub | dsp_slice | 0       |
|   mac_mulsub_12s_12s_25s_25_1_1_U793 | 1   |        | mul_ln46_231      | mul | dsp_slice | 0       |
|   mac_mulsub_12s_12s_25s_25_1_1_U793 | 1   |        | sub_ln46_173      | sub | dsp_slice | 0       |
|   add_ln46_57_fu_14795_p2            |     |        | add_ln46_57       | add | fabric    | 0       |
|   mul_12s_12s_24_1_1_U69             | 1   |        | mul_ln46_232      | mul | auto      | 0       |
|   mac_mulsub_12s_12s_24s_24_1_1_U452 | 1   |        | mul_ln46_233      | mul | dsp_slice | 0       |
|   mac_mulsub_12s_12s_24s_24_1_1_U452 | 1   |        | sub_ln46_174      | sub | dsp_slice | 0       |
|   mac_mulsub_12s_12s_24s_25_1_1_U623 | 1   |        | mul_ln46_234      | mul | dsp_slice | 0       |
|   mac_mulsub_12s_12s_24s_25_1_1_U623 | 1   |        | sub_ln46_175      | sub | dsp_slice | 0       |
|   mac_mulsub_12s_12s_25s_25_1_1_U794 | 1   |        | mul_ln46_235      | mul | dsp_slice | 0       |
|   mac_mulsub_12s_12s_25s_25_1_1_U794 | 1   |        | sub_ln46_176      | sub | dsp_slice | 0       |
|   add_ln46_58_fu_14984_p2            |     |        | add_ln46_58       | add | fabric    | 0       |
|   mul_12s_12s_24_1_1_U70             | 1   |        | mul_ln46_236      | mul | auto      | 0       |
|   mac_mulsub_12s_12s_24s_24_1_1_U453 | 1   |        | mul_ln46_237      | mul | dsp_slice | 0       |
|   mac_mulsub_12s_12s_24s_24_1_1_U453 | 1   |        | sub_ln46_177      | sub | dsp_slice | 0       |
|   mac_mulsub_12s_12s_24s_25_1_1_U624 | 1   |        | mul_ln46_238      | mul | dsp_slice | 0       |
|   mac_mulsub_12s_12s_24s_25_1_1_U624 | 1   |        | sub_ln46_178      | sub | dsp_slice | 0       |
|   mac_mulsub_12s_12s_25s_25_1_1_U795 | 1   |        | mul_ln46_239      | mul | dsp_slice | 0       |
|   mac_mulsub_12s_12s_25s_25_1_1_U795 | 1   |        | sub_ln46_179      | sub | dsp_slice | 0       |
|   add_ln46_59_fu_15173_p2            |     |        | add_ln46_59       | add | fabric    | 0       |
|   mul_12s_12s_24_1_1_U71             | 1   |        | mul_ln46_240      | mul | auto      | 0       |
|   mac_mulsub_12s_12s_24s_24_1_1_U454 | 1   |        | mul_ln46_241      | mul | dsp_slice | 0       |
|   mac_mulsub_12s_12s_24s_24_1_1_U454 | 1   |        | sub_ln46_180      | sub | dsp_slice | 0       |
|   mac_mulsub_12s_12s_24s_25_1_1_U625 | 1   |        | mul_ln46_242      | mul | dsp_slice | 0       |
|   mac_mulsub_12s_12s_24s_25_1_1_U625 | 1   |        | sub_ln46_181      | sub | dsp_slice | 0       |
|   mac_mulsub_12s_12s_25s_25_1_1_U796 | 1   |        | mul_ln46_243      | mul | dsp_slice | 0       |
|   mac_mulsub_12s_12s_25s_25_1_1_U796 | 1   |        | sub_ln46_182      | sub | dsp_slice | 0       |
|   add_ln46_60_fu_15362_p2            |     |        | add_ln46_60       | add | fabric    | 0       |
|   mul_12s_12s_24_1_1_U72             | 1   |        | mul_ln46_244      | mul | auto      | 0       |
|   mac_mulsub_12s_12s_24s_24_1_1_U455 | 1   |        | mul_ln46_245      | mul | dsp_slice | 0       |
|   mac_mulsub_12s_12s_24s_24_1_1_U455 | 1   |        | sub_ln46_183      | sub | dsp_slice | 0       |
|   mac_mulsub_12s_12s_24s_25_1_1_U626 | 1   |        | mul_ln46_246      | mul | dsp_slice | 0       |
|   mac_mulsub_12s_12s_24s_25_1_1_U626 | 1   |        | sub_ln46_184      | sub | dsp_slice | 0       |
|   mac_mulsub_12s_12s_25s_25_1_1_U797 | 1   |        | mul_ln46_247      | mul | dsp_slice | 0       |
|   mac_mulsub_12s_12s_25s_25_1_1_U797 | 1   |        | sub_ln46_185      | sub | dsp_slice | 0       |
|   add_ln46_61_fu_15551_p2            |     |        | add_ln46_61       | add | fabric    | 0       |
|   mul_12s_12s_24_1_1_U73             | 1   |        | mul_ln46_248      | mul | auto      | 0       |
|   mac_mulsub_12s_12s_24s_24_1_1_U456 | 1   |        | mul_ln46_249      | mul | dsp_slice | 0       |
|   mac_mulsub_12s_12s_24s_24_1_1_U456 | 1   |        | sub_ln46_186      | sub | dsp_slice | 0       |
|   mac_mulsub_12s_12s_24s_25_1_1_U627 | 1   |        | mul_ln46_250      | mul | dsp_slice | 0       |
|   mac_mulsub_12s_12s_24s_25_1_1_U627 | 1   |        | sub_ln46_187      | sub | dsp_slice | 0       |
|   mac_mulsub_12s_12s_25s_25_1_1_U798 | 1   |        | mul_ln46_251      | mul | dsp_slice | 0       |
|   mac_mulsub_12s_12s_25s_25_1_1_U798 | 1   |        | sub_ln46_188      | sub | dsp_slice | 0       |
|   add_ln46_62_fu_15740_p2            |     |        | add_ln46_62       | add | fabric    | 0       |
|   mul_12s_12s_24_1_1_U74             | 1   |        | mul_ln46_252      | mul | auto      | 0       |
|   mac_mulsub_12s_12s_24s_24_1_1_U457 | 1   |        | mul_ln46_253      | mul | dsp_slice | 0       |
|   mac_mulsub_12s_12s_24s_24_1_1_U457 | 1   |        | sub_ln46_189      | sub | dsp_slice | 0       |
|   mac_mulsub_12s_12s_24s_25_1_1_U628 | 1   |        | mul_ln46_254      | mul | dsp_slice | 0       |
|   mac_mulsub_12s_12s_24s_25_1_1_U628 | 1   |        | sub_ln46_190      | sub | dsp_slice | 0       |
|   mac_mulsub_12s_12s_25s_25_1_1_U799 | 1   |        | mul_ln46_255      | mul | dsp_slice | 0       |
|   mac_mulsub_12s_12s_25s_25_1_1_U799 | 1   |        | sub_ln46_191      | sub | dsp_slice | 0       |
|   add_ln46_63_fu_15929_p2            |     |        | add_ln46_63       | add | fabric    | 0       |
|   mul_12s_12s_24_1_1_U75             | 1   |        | mul_ln46_256      | mul | auto      | 0       |
|   mac_mulsub_12s_12s_24s_24_1_1_U458 | 1   |        | mul_ln46_257      | mul | dsp_slice | 0       |
|   mac_mulsub_12s_12s_24s_24_1_1_U458 | 1   |        | sub_ln46_192      | sub | dsp_slice | 0       |
|   mac_mulsub_12s_12s_24s_25_1_1_U629 | 1   |        | mul_ln46_258      | mul | dsp_slice | 0       |
|   mac_mulsub_12s_12s_24s_25_1_1_U629 | 1   |        | sub_ln46_193      | sub | dsp_slice | 0       |
|   mac_mulsub_12s_12s_25s_25_1_1_U800 | 1   |        | mul_ln46_259      | mul | dsp_slice | 0       |
|   mac_mulsub_12s_12s_25s_25_1_1_U800 | 1   |        | sub_ln46_194      | sub | dsp_slice | 0       |
|   add_ln46_64_fu_16118_p2            |     |        | add_ln46_64       | add | fabric    | 0       |
|   mul_12s_12s_24_1_1_U76             | 1   |        | mul_ln46_260      | mul | auto      | 0       |
|   mac_mulsub_12s_12s_24s_24_1_1_U459 | 1   |        | mul_ln46_261      | mul | dsp_slice | 0       |
|   mac_mulsub_12s_12s_24s_24_1_1_U459 | 1   |        | sub_ln46_195      | sub | dsp_slice | 0       |
|   mac_mulsub_12s_12s_24s_25_1_1_U630 | 1   |        | mul_ln46_262      | mul | dsp_slice | 0       |
|   mac_mulsub_12s_12s_24s_25_1_1_U630 | 1   |        | sub_ln46_196      | sub | dsp_slice | 0       |
|   mac_mulsub_12s_12s_25s_25_1_1_U801 | 1   |        | mul_ln46_263      | mul | dsp_slice | 0       |
|   mac_mulsub_12s_12s_25s_25_1_1_U801 | 1   |        | sub_ln46_197      | sub | dsp_slice | 0       |
|   add_ln46_65_fu_16307_p2            |     |        | add_ln46_65       | add | fabric    | 0       |
|   mul_12s_12s_24_1_1_U77             | 1   |        | mul_ln46_264      | mul | auto      | 0       |
|   mac_mulsub_12s_12s_24s_24_1_1_U460 | 1   |        | mul_ln46_265      | mul | dsp_slice | 0       |
|   mac_mulsub_12s_12s_24s_24_1_1_U460 | 1   |        | sub_ln46_198      | sub | dsp_slice | 0       |
|   mac_mulsub_12s_12s_24s_25_1_1_U631 | 1   |        | mul_ln46_266      | mul | dsp_slice | 0       |
|   mac_mulsub_12s_12s_24s_25_1_1_U631 | 1   |        | sub_ln46_199      | sub | dsp_slice | 0       |
|   mac_mulsub_12s_12s_25s_25_1_1_U802 | 1   |        | mul_ln46_267      | mul | dsp_slice | 0       |
|   mac_mulsub_12s_12s_25s_25_1_1_U802 | 1   |        | sub_ln46_200      | sub | dsp_slice | 0       |
|   add_ln46_66_fu_16496_p2            |     |        | add_ln46_66       | add | fabric    | 0       |
|   mul_12s_12s_24_1_1_U78             | 1   |        | mul_ln46_268      | mul | auto      | 0       |
|   mac_mulsub_12s_12s_24s_24_1_1_U461 | 1   |        | mul_ln46_269      | mul | dsp_slice | 0       |
|   mac_mulsub_12s_12s_24s_24_1_1_U461 | 1   |        | sub_ln46_201      | sub | dsp_slice | 0       |
|   mac_mulsub_12s_12s_24s_25_1_1_U632 | 1   |        | mul_ln46_270      | mul | dsp_slice | 0       |
|   mac_mulsub_12s_12s_24s_25_1_1_U632 | 1   |        | sub_ln46_202      | sub | dsp_slice | 0       |
|   mac_mulsub_12s_12s_25s_25_1_1_U803 | 1   |        | mul_ln46_271      | mul | dsp_slice | 0       |
|   mac_mulsub_12s_12s_25s_25_1_1_U803 | 1   |        | sub_ln46_203      | sub | dsp_slice | 0       |
|   add_ln46_67_fu_16685_p2            |     |        | add_ln46_67       | add | fabric    | 0       |
|   mul_12s_12s_24_1_1_U79             | 1   |        | mul_ln46_272      | mul | auto      | 0       |
|   mac_mulsub_12s_12s_24s_24_1_1_U462 | 1   |        | mul_ln46_273      | mul | dsp_slice | 0       |
|   mac_mulsub_12s_12s_24s_24_1_1_U462 | 1   |        | sub_ln46_204      | sub | dsp_slice | 0       |
|   mac_mulsub_12s_12s_24s_25_1_1_U633 | 1   |        | mul_ln46_274      | mul | dsp_slice | 0       |
|   mac_mulsub_12s_12s_24s_25_1_1_U633 | 1   |        | sub_ln46_205      | sub | dsp_slice | 0       |
|   mac_mulsub_12s_12s_25s_25_1_1_U804 | 1   |        | mul_ln46_275      | mul | dsp_slice | 0       |
|   mac_mulsub_12s_12s_25s_25_1_1_U804 | 1   |        | sub_ln46_206      | sub | dsp_slice | 0       |
|   add_ln46_68_fu_16874_p2            |     |        | add_ln46_68       | add | fabric    | 0       |
|   mul_12s_12s_24_1_1_U80             | 1   |        | mul_ln46_276      | mul | auto      | 0       |
|   mac_mulsub_12s_12s_24s_24_1_1_U463 | 1   |        | mul_ln46_277      | mul | dsp_slice | 0       |
|   mac_mulsub_12s_12s_24s_24_1_1_U463 | 1   |        | sub_ln46_207      | sub | dsp_slice | 0       |
|   mac_mulsub_12s_12s_24s_25_1_1_U634 | 1   |        | mul_ln46_278      | mul | dsp_slice | 0       |
|   mac_mulsub_12s_12s_24s_25_1_1_U634 | 1   |        | sub_ln46_208      | sub | dsp_slice | 0       |
|   mac_mulsub_12s_12s_25s_25_1_1_U805 | 1   |        | mul_ln46_279      | mul | dsp_slice | 0       |
|   mac_mulsub_12s_12s_25s_25_1_1_U805 | 1   |        | sub_ln46_209      | sub | dsp_slice | 0       |
|   add_ln46_69_fu_17063_p2            |     |        | add_ln46_69       | add | fabric    | 0       |
|   mul_12s_12s_24_1_1_U81             | 1   |        | mul_ln46_280      | mul | auto      | 0       |
|   mac_mulsub_12s_12s_24s_24_1_1_U464 | 1   |        | mul_ln46_281      | mul | dsp_slice | 0       |
|   mac_mulsub_12s_12s_24s_24_1_1_U464 | 1   |        | sub_ln46_210      | sub | dsp_slice | 0       |
|   mac_mulsub_12s_12s_24s_25_1_1_U635 | 1   |        | mul_ln46_282      | mul | dsp_slice | 0       |
|   mac_mulsub_12s_12s_24s_25_1_1_U635 | 1   |        | sub_ln46_211      | sub | dsp_slice | 0       |
|   mac_mulsub_12s_12s_25s_25_1_1_U806 | 1   |        | mul_ln46_283      | mul | dsp_slice | 0       |
|   mac_mulsub_12s_12s_25s_25_1_1_U806 | 1   |        | sub_ln46_212      | sub | dsp_slice | 0       |
|   add_ln46_70_fu_17252_p2            |     |        | add_ln46_70       | add | fabric    | 0       |
|   mul_12s_12s_24_1_1_U82             | 1   |        | mul_ln46_284      | mul | auto      | 0       |
|   mac_mulsub_12s_12s_24s_24_1_1_U465 | 1   |        | mul_ln46_285      | mul | dsp_slice | 0       |
|   mac_mulsub_12s_12s_24s_24_1_1_U465 | 1   |        | sub_ln46_213      | sub | dsp_slice | 0       |
|   mac_mulsub_12s_12s_24s_25_1_1_U636 | 1   |        | mul_ln46_286      | mul | dsp_slice | 0       |
|   mac_mulsub_12s_12s_24s_25_1_1_U636 | 1   |        | sub_ln46_214      | sub | dsp_slice | 0       |
|   mac_mulsub_12s_12s_25s_25_1_1_U807 | 1   |        | mul_ln46_287      | mul | dsp_slice | 0       |
|   mac_mulsub_12s_12s_25s_25_1_1_U807 | 1   |        | sub_ln46_215      | sub | dsp_slice | 0       |
|   add_ln46_71_fu_17441_p2            |     |        | add_ln46_71       | add | fabric    | 0       |
|   mul_12s_12s_24_1_1_U83             | 1   |        | mul_ln46_288      | mul | auto      | 0       |
|   mac_mulsub_12s_12s_24s_24_1_1_U466 | 1   |        | mul_ln46_289      | mul | dsp_slice | 0       |
|   mac_mulsub_12s_12s_24s_24_1_1_U466 | 1   |        | sub_ln46_216      | sub | dsp_slice | 0       |
|   mac_mulsub_12s_12s_24s_25_1_1_U637 | 1   |        | mul_ln46_290      | mul | dsp_slice | 0       |
|   mac_mulsub_12s_12s_24s_25_1_1_U637 | 1   |        | sub_ln46_217      | sub | dsp_slice | 0       |
|   mac_mulsub_12s_12s_25s_25_1_1_U808 | 1   |        | mul_ln46_291      | mul | dsp_slice | 0       |
|   mac_mulsub_12s_12s_25s_25_1_1_U808 | 1   |        | sub_ln46_218      | sub | dsp_slice | 0       |
|   add_ln46_72_fu_17630_p2            |     |        | add_ln46_72       | add | fabric    | 0       |
|   mul_12s_12s_24_1_1_U84             | 1   |        | mul_ln46_292      | mul | auto      | 0       |
|   mac_mulsub_12s_12s_24s_24_1_1_U467 | 1   |        | mul_ln46_293      | mul | dsp_slice | 0       |
|   mac_mulsub_12s_12s_24s_24_1_1_U467 | 1   |        | sub_ln46_219      | sub | dsp_slice | 0       |
|   mac_mulsub_12s_12s_24s_25_1_1_U638 | 1   |        | mul_ln46_294      | mul | dsp_slice | 0       |
|   mac_mulsub_12s_12s_24s_25_1_1_U638 | 1   |        | sub_ln46_220      | sub | dsp_slice | 0       |
|   mac_mulsub_12s_12s_25s_25_1_1_U809 | 1   |        | mul_ln46_295      | mul | dsp_slice | 0       |
|   mac_mulsub_12s_12s_25s_25_1_1_U809 | 1   |        | sub_ln46_221      | sub | dsp_slice | 0       |
|   add_ln46_73_fu_17819_p2            |     |        | add_ln46_73       | add | fabric    | 0       |
|   mul_12s_12s_24_1_1_U85             | 1   |        | mul_ln46_296      | mul | auto      | 0       |
|   mac_mulsub_12s_12s_24s_24_1_1_U468 | 1   |        | mul_ln46_297      | mul | dsp_slice | 0       |
|   mac_mulsub_12s_12s_24s_24_1_1_U468 | 1   |        | sub_ln46_222      | sub | dsp_slice | 0       |
|   mac_mulsub_12s_12s_24s_25_1_1_U639 | 1   |        | mul_ln46_298      | mul | dsp_slice | 0       |
|   mac_mulsub_12s_12s_24s_25_1_1_U639 | 1   |        | sub_ln46_223      | sub | dsp_slice | 0       |
|   mac_mulsub_12s_12s_25s_25_1_1_U810 | 1   |        | mul_ln46_299      | mul | dsp_slice | 0       |
|   mac_mulsub_12s_12s_25s_25_1_1_U810 | 1   |        | sub_ln46_224      | sub | dsp_slice | 0       |
|   add_ln46_74_fu_18008_p2            |     |        | add_ln46_74       | add | fabric    | 0       |
|   mul_12s_12s_24_1_1_U86             | 1   |        | mul_ln46_300      | mul | auto      | 0       |
|   mac_mulsub_12s_12s_24s_24_1_1_U469 | 1   |        | mul_ln46_301      | mul | dsp_slice | 0       |
|   mac_mulsub_12s_12s_24s_24_1_1_U469 | 1   |        | sub_ln46_225      | sub | dsp_slice | 0       |
|   mac_mulsub_12s_12s_24s_25_1_1_U640 | 1   |        | mul_ln46_302      | mul | dsp_slice | 0       |
|   mac_mulsub_12s_12s_24s_25_1_1_U640 | 1   |        | sub_ln46_226      | sub | dsp_slice | 0       |
|   mac_mulsub_12s_12s_25s_25_1_1_U811 | 1   |        | mul_ln46_303      | mul | dsp_slice | 0       |
|   mac_mulsub_12s_12s_25s_25_1_1_U811 | 1   |        | sub_ln46_227      | sub | dsp_slice | 0       |
|   add_ln46_75_fu_18197_p2            |     |        | add_ln46_75       | add | fabric    | 0       |
|   mul_12s_12s_24_1_1_U87             | 1   |        | mul_ln46_304      | mul | auto      | 0       |
|   mac_mulsub_12s_12s_24s_24_1_1_U470 | 1   |        | mul_ln46_305      | mul | dsp_slice | 0       |
|   mac_mulsub_12s_12s_24s_24_1_1_U470 | 1   |        | sub_ln46_228      | sub | dsp_slice | 0       |
|   mac_mulsub_12s_12s_24s_25_1_1_U641 | 1   |        | mul_ln46_306      | mul | dsp_slice | 0       |
|   mac_mulsub_12s_12s_24s_25_1_1_U641 | 1   |        | sub_ln46_229      | sub | dsp_slice | 0       |
|   mac_mulsub_12s_12s_25s_25_1_1_U812 | 1   |        | mul_ln46_307      | mul | dsp_slice | 0       |
|   mac_mulsub_12s_12s_25s_25_1_1_U812 | 1   |        | sub_ln46_230      | sub | dsp_slice | 0       |
|   add_ln46_76_fu_18386_p2            |     |        | add_ln46_76       | add | fabric    | 0       |
|   mul_12s_12s_24_1_1_U88             | 1   |        | mul_ln46_308      | mul | auto      | 0       |
|   mac_mulsub_12s_12s_24s_24_1_1_U471 | 1   |        | mul_ln46_309      | mul | dsp_slice | 0       |
|   mac_mulsub_12s_12s_24s_24_1_1_U471 | 1   |        | sub_ln46_231      | sub | dsp_slice | 0       |
|   mac_mulsub_12s_12s_24s_25_1_1_U642 | 1   |        | mul_ln46_310      | mul | dsp_slice | 0       |
|   mac_mulsub_12s_12s_24s_25_1_1_U642 | 1   |        | sub_ln46_232      | sub | dsp_slice | 0       |
|   mac_mulsub_12s_12s_25s_25_1_1_U813 | 1   |        | mul_ln46_311      | mul | dsp_slice | 0       |
|   mac_mulsub_12s_12s_25s_25_1_1_U813 | 1   |        | sub_ln46_233      | sub | dsp_slice | 0       |
|   add_ln46_77_fu_18575_p2            |     |        | add_ln46_77       | add | fabric    | 0       |
|   mul_12s_12s_24_1_1_U89             | 1   |        | mul_ln46_312      | mul | auto      | 0       |
|   mac_mulsub_12s_12s_24s_24_1_1_U472 | 1   |        | mul_ln46_313      | mul | dsp_slice | 0       |
|   mac_mulsub_12s_12s_24s_24_1_1_U472 | 1   |        | sub_ln46_234      | sub | dsp_slice | 0       |
|   mac_mulsub_12s_12s_24s_25_1_1_U643 | 1   |        | mul_ln46_314      | mul | dsp_slice | 0       |
|   mac_mulsub_12s_12s_24s_25_1_1_U643 | 1   |        | sub_ln46_235      | sub | dsp_slice | 0       |
|   mac_mulsub_12s_12s_25s_25_1_1_U814 | 1   |        | mul_ln46_315      | mul | dsp_slice | 0       |
|   mac_mulsub_12s_12s_25s_25_1_1_U814 | 1   |        | sub_ln46_236      | sub | dsp_slice | 0       |
|   add_ln46_78_fu_18764_p2            |     |        | add_ln46_78       | add | fabric    | 0       |
|   mul_12s_12s_24_1_1_U90             | 1   |        | mul_ln46_316      | mul | auto      | 0       |
|   mac_mulsub_12s_12s_24s_24_1_1_U473 | 1   |        | mul_ln46_317      | mul | dsp_slice | 0       |
|   mac_mulsub_12s_12s_24s_24_1_1_U473 | 1   |        | sub_ln46_237      | sub | dsp_slice | 0       |
|   mac_mulsub_12s_12s_24s_25_1_1_U644 | 1   |        | mul_ln46_318      | mul | dsp_slice | 0       |
|   mac_mulsub_12s_12s_24s_25_1_1_U644 | 1   |        | sub_ln46_238      | sub | dsp_slice | 0       |
|   mac_mulsub_12s_12s_25s_25_1_1_U815 | 1   |        | mul_ln46_319      | mul | dsp_slice | 0       |
|   mac_mulsub_12s_12s_25s_25_1_1_U815 | 1   |        | sub_ln46_239      | sub | dsp_slice | 0       |
|   add_ln46_79_fu_18953_p2            |     |        | add_ln46_79       | add | fabric    | 0       |
|   mul_12s_12s_24_1_1_U91             | 1   |        | mul_ln46_320      | mul | auto      | 0       |
|   mac_mulsub_12s_12s_24s_24_1_1_U474 | 1   |        | mul_ln46_321      | mul | dsp_slice | 0       |
|   mac_mulsub_12s_12s_24s_24_1_1_U474 | 1   |        | sub_ln46_240      | sub | dsp_slice | 0       |
|   mac_mulsub_12s_12s_24s_25_1_1_U645 | 1   |        | mul_ln46_322      | mul | dsp_slice | 0       |
|   mac_mulsub_12s_12s_24s_25_1_1_U645 | 1   |        | sub_ln46_241      | sub | dsp_slice | 0       |
|   mac_mulsub_12s_12s_25s_25_1_1_U816 | 1   |        | mul_ln46_323      | mul | dsp_slice | 0       |
|   mac_mulsub_12s_12s_25s_25_1_1_U816 | 1   |        | sub_ln46_242      | sub | dsp_slice | 0       |
|   add_ln46_80_fu_19142_p2            |     |        | add_ln46_80       | add | fabric    | 0       |
|   mul_12s_12s_24_1_1_U92             | 1   |        | mul_ln46_324      | mul | auto      | 0       |
|   mac_mulsub_12s_12s_24s_24_1_1_U475 | 1   |        | mul_ln46_325      | mul | dsp_slice | 0       |
|   mac_mulsub_12s_12s_24s_24_1_1_U475 | 1   |        | sub_ln46_243      | sub | dsp_slice | 0       |
|   mac_mulsub_12s_12s_24s_25_1_1_U646 | 1   |        | mul_ln46_326      | mul | dsp_slice | 0       |
|   mac_mulsub_12s_12s_24s_25_1_1_U646 | 1   |        | sub_ln46_244      | sub | dsp_slice | 0       |
|   mac_mulsub_12s_12s_25s_25_1_1_U817 | 1   |        | mul_ln46_327      | mul | dsp_slice | 0       |
|   mac_mulsub_12s_12s_25s_25_1_1_U817 | 1   |        | sub_ln46_245      | sub | dsp_slice | 0       |
|   add_ln46_81_fu_19331_p2            |     |        | add_ln46_81       | add | fabric    | 0       |
|   mul_12s_12s_24_1_1_U93             | 1   |        | mul_ln46_328      | mul | auto      | 0       |
|   mac_mulsub_12s_12s_24s_24_1_1_U476 | 1   |        | mul_ln46_329      | mul | dsp_slice | 0       |
|   mac_mulsub_12s_12s_24s_24_1_1_U476 | 1   |        | sub_ln46_246      | sub | dsp_slice | 0       |
|   mac_mulsub_12s_12s_24s_25_1_1_U647 | 1   |        | mul_ln46_330      | mul | dsp_slice | 0       |
|   mac_mulsub_12s_12s_24s_25_1_1_U647 | 1   |        | sub_ln46_247      | sub | dsp_slice | 0       |
|   mac_mulsub_12s_12s_25s_25_1_1_U818 | 1   |        | mul_ln46_331      | mul | dsp_slice | 0       |
|   mac_mulsub_12s_12s_25s_25_1_1_U818 | 1   |        | sub_ln46_248      | sub | dsp_slice | 0       |
|   add_ln46_82_fu_19520_p2            |     |        | add_ln46_82       | add | fabric    | 0       |
|   mul_12s_12s_24_1_1_U94             | 1   |        | mul_ln46_332      | mul | auto      | 0       |
|   mac_mulsub_12s_12s_24s_24_1_1_U477 | 1   |        | mul_ln46_333      | mul | dsp_slice | 0       |
|   mac_mulsub_12s_12s_24s_24_1_1_U477 | 1   |        | sub_ln46_249      | sub | dsp_slice | 0       |
|   mac_mulsub_12s_12s_24s_25_1_1_U648 | 1   |        | mul_ln46_334      | mul | dsp_slice | 0       |
|   mac_mulsub_12s_12s_24s_25_1_1_U648 | 1   |        | sub_ln46_250      | sub | dsp_slice | 0       |
|   mac_mulsub_12s_12s_25s_25_1_1_U819 | 1   |        | mul_ln46_335      | mul | dsp_slice | 0       |
|   mac_mulsub_12s_12s_25s_25_1_1_U819 | 1   |        | sub_ln46_251      | sub | dsp_slice | 0       |
|   add_ln46_83_fu_19709_p2            |     |        | add_ln46_83       | add | fabric    | 0       |
|   mul_12s_12s_24_1_1_U95             | 1   |        | mul_ln46_336      | mul | auto      | 0       |
|   mac_mulsub_12s_12s_24s_24_1_1_U478 | 1   |        | mul_ln46_337      | mul | dsp_slice | 0       |
|   mac_mulsub_12s_12s_24s_24_1_1_U478 | 1   |        | sub_ln46_252      | sub | dsp_slice | 0       |
|   mac_mulsub_12s_12s_24s_25_1_1_U649 | 1   |        | mul_ln46_338      | mul | dsp_slice | 0       |
|   mac_mulsub_12s_12s_24s_25_1_1_U649 | 1   |        | sub_ln46_253      | sub | dsp_slice | 0       |
|   mac_mulsub_12s_12s_25s_25_1_1_U820 | 1   |        | mul_ln46_339      | mul | dsp_slice | 0       |
|   mac_mulsub_12s_12s_25s_25_1_1_U820 | 1   |        | sub_ln46_254      | sub | dsp_slice | 0       |
|   add_ln46_84_fu_19898_p2            |     |        | add_ln46_84       | add | fabric    | 0       |
|   mul_12s_12s_24_1_1_U96             | 1   |        | mul_ln46_340      | mul | auto      | 0       |
|   mac_mulsub_12s_12s_24s_24_1_1_U479 | 1   |        | mul_ln46_341      | mul | dsp_slice | 0       |
|   mac_mulsub_12s_12s_24s_24_1_1_U479 | 1   |        | sub_ln46_255      | sub | dsp_slice | 0       |
|   mac_mulsub_12s_12s_24s_25_1_1_U650 | 1   |        | mul_ln46_342      | mul | dsp_slice | 0       |
|   mac_mulsub_12s_12s_24s_25_1_1_U650 | 1   |        | sub_ln46_256      | sub | dsp_slice | 0       |
|   mac_mulsub_12s_12s_25s_25_1_1_U821 | 1   |        | mul_ln46_343      | mul | dsp_slice | 0       |
|   mac_mulsub_12s_12s_25s_25_1_1_U821 | 1   |        | sub_ln46_257      | sub | dsp_slice | 0       |
|   add_ln46_85_fu_20087_p2            |     |        | add_ln46_85       | add | fabric    | 0       |
|   mul_12s_12s_24_1_1_U97             | 1   |        | mul_ln46_344      | mul | auto      | 0       |
|   mac_mulsub_12s_12s_24s_24_1_1_U480 | 1   |        | mul_ln46_345      | mul | dsp_slice | 0       |
|   mac_mulsub_12s_12s_24s_24_1_1_U480 | 1   |        | sub_ln46_258      | sub | dsp_slice | 0       |
|   mac_mulsub_12s_12s_24s_25_1_1_U651 | 1   |        | mul_ln46_346      | mul | dsp_slice | 0       |
|   mac_mulsub_12s_12s_24s_25_1_1_U651 | 1   |        | sub_ln46_259      | sub | dsp_slice | 0       |
|   mac_mulsub_12s_12s_25s_25_1_1_U822 | 1   |        | mul_ln46_347      | mul | dsp_slice | 0       |
|   mac_mulsub_12s_12s_25s_25_1_1_U822 | 1   |        | sub_ln46_260      | sub | dsp_slice | 0       |
|   add_ln46_86_fu_20276_p2            |     |        | add_ln46_86       | add | fabric    | 0       |
|   mul_12s_12s_24_1_1_U98             | 1   |        | mul_ln46_348      | mul | auto      | 0       |
|   mac_mulsub_12s_12s_24s_24_1_1_U481 | 1   |        | mul_ln46_349      | mul | dsp_slice | 0       |
|   mac_mulsub_12s_12s_24s_24_1_1_U481 | 1   |        | sub_ln46_261      | sub | dsp_slice | 0       |
|   mac_mulsub_12s_12s_24s_25_1_1_U652 | 1   |        | mul_ln46_350      | mul | dsp_slice | 0       |
|   mac_mulsub_12s_12s_24s_25_1_1_U652 | 1   |        | sub_ln46_262      | sub | dsp_slice | 0       |
|   mac_mulsub_12s_12s_25s_25_1_1_U823 | 1   |        | mul_ln46_351      | mul | dsp_slice | 0       |
|   mac_mulsub_12s_12s_25s_25_1_1_U823 | 1   |        | sub_ln46_263      | sub | dsp_slice | 0       |
|   add_ln46_87_fu_20465_p2            |     |        | add_ln46_87       | add | fabric    | 0       |
|   mul_12s_12s_24_1_1_U99             | 1   |        | mul_ln46_352      | mul | auto      | 0       |
|   mac_mulsub_12s_12s_24s_24_1_1_U482 | 1   |        | mul_ln46_353      | mul | dsp_slice | 0       |
|   mac_mulsub_12s_12s_24s_24_1_1_U482 | 1   |        | sub_ln46_264      | sub | dsp_slice | 0       |
|   mac_mulsub_12s_12s_24s_25_1_1_U653 | 1   |        | mul_ln46_354      | mul | dsp_slice | 0       |
|   mac_mulsub_12s_12s_24s_25_1_1_U653 | 1   |        | sub_ln46_265      | sub | dsp_slice | 0       |
|   mac_mulsub_12s_12s_25s_25_1_1_U824 | 1   |        | mul_ln46_355      | mul | dsp_slice | 0       |
|   mac_mulsub_12s_12s_25s_25_1_1_U824 | 1   |        | sub_ln46_266      | sub | dsp_slice | 0       |
|   add_ln46_88_fu_20654_p2            |     |        | add_ln46_88       | add | fabric    | 0       |
|   mul_12s_12s_24_1_1_U100            | 1   |        | mul_ln46_356      | mul | auto      | 0       |
|   mac_mulsub_12s_12s_24s_24_1_1_U483 | 1   |        | mul_ln46_357      | mul | dsp_slice | 0       |
|   mac_mulsub_12s_12s_24s_24_1_1_U483 | 1   |        | sub_ln46_267      | sub | dsp_slice | 0       |
|   mac_mulsub_12s_12s_24s_25_1_1_U654 | 1   |        | mul_ln46_358      | mul | dsp_slice | 0       |
|   mac_mulsub_12s_12s_24s_25_1_1_U654 | 1   |        | sub_ln46_268      | sub | dsp_slice | 0       |
|   mac_mulsub_12s_12s_25s_25_1_1_U825 | 1   |        | mul_ln46_359      | mul | dsp_slice | 0       |
|   mac_mulsub_12s_12s_25s_25_1_1_U825 | 1   |        | sub_ln46_269      | sub | dsp_slice | 0       |
|   add_ln46_89_fu_20843_p2            |     |        | add_ln46_89       | add | fabric    | 0       |
|   mul_12s_12s_24_1_1_U101            | 1   |        | mul_ln46_360      | mul | auto      | 0       |
|   mac_mulsub_12s_12s_24s_24_1_1_U484 | 1   |        | mul_ln46_361      | mul | dsp_slice | 0       |
|   mac_mulsub_12s_12s_24s_24_1_1_U484 | 1   |        | sub_ln46_270      | sub | dsp_slice | 0       |
|   mac_mulsub_12s_12s_24s_25_1_1_U655 | 1   |        | mul_ln46_362      | mul | dsp_slice | 0       |
|   mac_mulsub_12s_12s_24s_25_1_1_U655 | 1   |        | sub_ln46_271      | sub | dsp_slice | 0       |
|   mac_mulsub_12s_12s_25s_25_1_1_U826 | 1   |        | mul_ln46_363      | mul | dsp_slice | 0       |
|   mac_mulsub_12s_12s_25s_25_1_1_U826 | 1   |        | sub_ln46_272      | sub | dsp_slice | 0       |
|   add_ln46_90_fu_21032_p2            |     |        | add_ln46_90       | add | fabric    | 0       |
|   mul_12s_12s_24_1_1_U102            | 1   |        | mul_ln46_364      | mul | auto      | 0       |
|   mac_mulsub_12s_12s_24s_24_1_1_U485 | 1   |        | mul_ln46_365      | mul | dsp_slice | 0       |
|   mac_mulsub_12s_12s_24s_24_1_1_U485 | 1   |        | sub_ln46_273      | sub | dsp_slice | 0       |
|   mac_mulsub_12s_12s_24s_25_1_1_U656 | 1   |        | mul_ln46_366      | mul | dsp_slice | 0       |
|   mac_mulsub_12s_12s_24s_25_1_1_U656 | 1   |        | sub_ln46_274      | sub | dsp_slice | 0       |
|   mac_mulsub_12s_12s_25s_25_1_1_U827 | 1   |        | mul_ln46_367      | mul | dsp_slice | 0       |
|   mac_mulsub_12s_12s_25s_25_1_1_U827 | 1   |        | sub_ln46_275      | sub | dsp_slice | 0       |
|   add_ln46_91_fu_21221_p2            |     |        | add_ln46_91       | add | fabric    | 0       |
|   mul_12s_12s_24_1_1_U103            | 1   |        | mul_ln46_368      | mul | auto      | 0       |
|   mac_mulsub_12s_12s_24s_24_1_1_U486 | 1   |        | mul_ln46_369      | mul | dsp_slice | 0       |
|   mac_mulsub_12s_12s_24s_24_1_1_U486 | 1   |        | sub_ln46_276      | sub | dsp_slice | 0       |
|   mac_mulsub_12s_12s_24s_25_1_1_U657 | 1   |        | mul_ln46_370      | mul | dsp_slice | 0       |
|   mac_mulsub_12s_12s_24s_25_1_1_U657 | 1   |        | sub_ln46_277      | sub | dsp_slice | 0       |
|   mac_mulsub_12s_12s_25s_25_1_1_U828 | 1   |        | mul_ln46_371      | mul | dsp_slice | 0       |
|   mac_mulsub_12s_12s_25s_25_1_1_U828 | 1   |        | sub_ln46_278      | sub | dsp_slice | 0       |
|   add_ln46_92_fu_21410_p2            |     |        | add_ln46_92       | add | fabric    | 0       |
|   mul_12s_12s_24_1_1_U104            | 1   |        | mul_ln46_372      | mul | auto      | 0       |
|   mac_mulsub_12s_12s_24s_24_1_1_U487 | 1   |        | mul_ln46_373      | mul | dsp_slice | 0       |
|   mac_mulsub_12s_12s_24s_24_1_1_U487 | 1   |        | sub_ln46_279      | sub | dsp_slice | 0       |
|   mac_mulsub_12s_12s_24s_25_1_1_U658 | 1   |        | mul_ln46_374      | mul | dsp_slice | 0       |
|   mac_mulsub_12s_12s_24s_25_1_1_U658 | 1   |        | sub_ln46_280      | sub | dsp_slice | 0       |
|   mac_mulsub_12s_12s_25s_25_1_1_U829 | 1   |        | mul_ln46_375      | mul | dsp_slice | 0       |
|   mac_mulsub_12s_12s_25s_25_1_1_U829 | 1   |        | sub_ln46_281      | sub | dsp_slice | 0       |
|   add_ln46_93_fu_21599_p2            |     |        | add_ln46_93       | add | fabric    | 0       |
|   mul_12s_12s_24_1_1_U105            | 1   |        | mul_ln46_376      | mul | auto      | 0       |
|   mac_mulsub_12s_12s_24s_24_1_1_U488 | 1   |        | mul_ln46_377      | mul | dsp_slice | 0       |
|   mac_mulsub_12s_12s_24s_24_1_1_U488 | 1   |        | sub_ln46_282      | sub | dsp_slice | 0       |
|   mac_mulsub_12s_12s_24s_25_1_1_U659 | 1   |        | mul_ln46_378      | mul | dsp_slice | 0       |
|   mac_mulsub_12s_12s_24s_25_1_1_U659 | 1   |        | sub_ln46_283      | sub | dsp_slice | 0       |
|   mac_mulsub_12s_12s_25s_25_1_1_U830 | 1   |        | mul_ln46_379      | mul | dsp_slice | 0       |
|   mac_mulsub_12s_12s_25s_25_1_1_U830 | 1   |        | sub_ln46_284      | sub | dsp_slice | 0       |
|   add_ln46_94_fu_21788_p2            |     |        | add_ln46_94       | add | fabric    | 0       |
|   mul_12s_12s_24_1_1_U106            | 1   |        | mul_ln46_380      | mul | auto      | 0       |
|   mac_mulsub_12s_12s_24s_24_1_1_U489 | 1   |        | mul_ln46_381      | mul | dsp_slice | 0       |
|   mac_mulsub_12s_12s_24s_24_1_1_U489 | 1   |        | sub_ln46_285      | sub | dsp_slice | 0       |
|   mac_mulsub_12s_12s_24s_25_1_1_U660 | 1   |        | mul_ln46_382      | mul | dsp_slice | 0       |
|   mac_mulsub_12s_12s_24s_25_1_1_U660 | 1   |        | sub_ln46_286      | sub | dsp_slice | 0       |
|   mac_mulsub_12s_12s_25s_25_1_1_U831 | 1   |        | mul_ln46_383      | mul | dsp_slice | 0       |
|   mac_mulsub_12s_12s_25s_25_1_1_U831 | 1   |        | sub_ln46_287      | sub | dsp_slice | 0       |
|   add_ln46_95_fu_21977_p2            |     |        | add_ln46_95       | add | fabric    | 0       |
|   mul_12s_12s_24_1_1_U107            | 1   |        | mul_ln46_384      | mul | auto      | 0       |
|   mac_mulsub_12s_12s_24s_24_1_1_U490 | 1   |        | mul_ln46_385      | mul | dsp_slice | 0       |
|   mac_mulsub_12s_12s_24s_24_1_1_U490 | 1   |        | sub_ln46_288      | sub | dsp_slice | 0       |
|   mac_mulsub_12s_12s_24s_25_1_1_U661 | 1   |        | mul_ln46_386      | mul | dsp_slice | 0       |
|   mac_mulsub_12s_12s_24s_25_1_1_U661 | 1   |        | sub_ln46_289      | sub | dsp_slice | 0       |
|   mac_mulsub_12s_12s_25s_25_1_1_U832 | 1   |        | mul_ln46_387      | mul | dsp_slice | 0       |
|   mac_mulsub_12s_12s_25s_25_1_1_U832 | 1   |        | sub_ln46_290      | sub | dsp_slice | 0       |
|   add_ln46_96_fu_22166_p2            |     |        | add_ln46_96       | add | fabric    | 0       |
|   mul_12s_12s_24_1_1_U108            | 1   |        | mul_ln46_388      | mul | auto      | 0       |
|   mac_mulsub_12s_12s_24s_24_1_1_U491 | 1   |        | mul_ln46_389      | mul | dsp_slice | 0       |
|   mac_mulsub_12s_12s_24s_24_1_1_U491 | 1   |        | sub_ln46_291      | sub | dsp_slice | 0       |
|   mac_mulsub_12s_12s_24s_25_1_1_U662 | 1   |        | mul_ln46_390      | mul | dsp_slice | 0       |
|   mac_mulsub_12s_12s_24s_25_1_1_U662 | 1   |        | sub_ln46_292      | sub | dsp_slice | 0       |
|   mac_mulsub_12s_12s_25s_25_1_1_U833 | 1   |        | mul_ln46_391      | mul | dsp_slice | 0       |
|   mac_mulsub_12s_12s_25s_25_1_1_U833 | 1   |        | sub_ln46_293      | sub | dsp_slice | 0       |
|   add_ln46_97_fu_22355_p2            |     |        | add_ln46_97       | add | fabric    | 0       |
|   mul_12s_12s_24_1_1_U109            | 1   |        | mul_ln46_392      | mul | auto      | 0       |
|   mac_mulsub_12s_12s_24s_24_1_1_U492 | 1   |        | mul_ln46_393      | mul | dsp_slice | 0       |
|   mac_mulsub_12s_12s_24s_24_1_1_U492 | 1   |        | sub_ln46_294      | sub | dsp_slice | 0       |
|   mac_mulsub_12s_12s_24s_25_1_1_U663 | 1   |        | mul_ln46_394      | mul | dsp_slice | 0       |
|   mac_mulsub_12s_12s_24s_25_1_1_U663 | 1   |        | sub_ln46_295      | sub | dsp_slice | 0       |
|   mac_mulsub_12s_12s_25s_25_1_1_U834 | 1   |        | mul_ln46_395      | mul | dsp_slice | 0       |
|   mac_mulsub_12s_12s_25s_25_1_1_U834 | 1   |        | sub_ln46_296      | sub | dsp_slice | 0       |
|   add_ln46_98_fu_22544_p2            |     |        | add_ln46_98       | add | fabric    | 0       |
|   mul_12s_12s_24_1_1_U110            | 1   |        | mul_ln46_396      | mul | auto      | 0       |
|   mac_mulsub_12s_12s_24s_24_1_1_U493 | 1   |        | mul_ln46_397      | mul | dsp_slice | 0       |
|   mac_mulsub_12s_12s_24s_24_1_1_U493 | 1   |        | sub_ln46_297      | sub | dsp_slice | 0       |
|   mac_mulsub_12s_12s_24s_25_1_1_U664 | 1   |        | mul_ln46_398      | mul | dsp_slice | 0       |
|   mac_mulsub_12s_12s_24s_25_1_1_U664 | 1   |        | sub_ln46_298      | sub | dsp_slice | 0       |
|   mac_mulsub_12s_12s_25s_25_1_1_U835 | 1   |        | mul_ln46_399      | mul | dsp_slice | 0       |
|   mac_mulsub_12s_12s_25s_25_1_1_U835 | 1   |        | sub_ln46_299      | sub | dsp_slice | 0       |
|   add_ln46_99_fu_22733_p2            |     |        | add_ln46_99       | add | fabric    | 0       |
|   mul_12s_12s_24_1_1_U111            | 1   |        | mul_ln46_400      | mul | auto      | 0       |
|   mac_mulsub_12s_12s_24s_24_1_1_U494 | 1   |        | mul_ln46_401      | mul | dsp_slice | 0       |
|   mac_mulsub_12s_12s_24s_24_1_1_U494 | 1   |        | sub_ln46_300      | sub | dsp_slice | 0       |
|   mac_mulsub_12s_12s_24s_25_1_1_U665 | 1   |        | mul_ln46_402      | mul | dsp_slice | 0       |
|   mac_mulsub_12s_12s_24s_25_1_1_U665 | 1   |        | sub_ln46_301      | sub | dsp_slice | 0       |
|   mac_mulsub_12s_12s_25s_25_1_1_U836 | 1   |        | mul_ln46_403      | mul | dsp_slice | 0       |
|   mac_mulsub_12s_12s_25s_25_1_1_U836 | 1   |        | sub_ln46_302      | sub | dsp_slice | 0       |
|   add_ln46_100_fu_22922_p2           |     |        | add_ln46_100      | add | fabric    | 0       |
|   mul_12s_12s_24_1_1_U112            | 1   |        | mul_ln46_404      | mul | auto      | 0       |
|   mac_mulsub_12s_12s_24s_24_1_1_U495 | 1   |        | mul_ln46_405      | mul | dsp_slice | 0       |
|   mac_mulsub_12s_12s_24s_24_1_1_U495 | 1   |        | sub_ln46_303      | sub | dsp_slice | 0       |
|   mac_mulsub_12s_12s_24s_25_1_1_U666 | 1   |        | mul_ln46_406      | mul | dsp_slice | 0       |
|   mac_mulsub_12s_12s_24s_25_1_1_U666 | 1   |        | sub_ln46_304      | sub | dsp_slice | 0       |
|   mac_mulsub_12s_12s_25s_25_1_1_U837 | 1   |        | mul_ln46_407      | mul | dsp_slice | 0       |
|   mac_mulsub_12s_12s_25s_25_1_1_U837 | 1   |        | sub_ln46_305      | sub | dsp_slice | 0       |
|   add_ln46_101_fu_23111_p2           |     |        | add_ln46_101      | add | fabric    | 0       |
|   mul_12s_12s_24_1_1_U113            | 1   |        | mul_ln46_408      | mul | auto      | 0       |
|   mac_mulsub_12s_12s_24s_24_1_1_U496 | 1   |        | mul_ln46_409      | mul | dsp_slice | 0       |
|   mac_mulsub_12s_12s_24s_24_1_1_U496 | 1   |        | sub_ln46_306      | sub | dsp_slice | 0       |
|   mac_mulsub_12s_12s_24s_25_1_1_U667 | 1   |        | mul_ln46_410      | mul | dsp_slice | 0       |
|   mac_mulsub_12s_12s_24s_25_1_1_U667 | 1   |        | sub_ln46_307      | sub | dsp_slice | 0       |
|   mac_mulsub_12s_12s_25s_25_1_1_U838 | 1   |        | mul_ln46_411      | mul | dsp_slice | 0       |
|   mac_mulsub_12s_12s_25s_25_1_1_U838 | 1   |        | sub_ln46_308      | sub | dsp_slice | 0       |
|   add_ln46_102_fu_23300_p2           |     |        | add_ln46_102      | add | fabric    | 0       |
|   mul_12s_12s_24_1_1_U114            | 1   |        | mul_ln46_412      | mul | auto      | 0       |
|   mac_mulsub_12s_12s_24s_24_1_1_U497 | 1   |        | mul_ln46_413      | mul | dsp_slice | 0       |
|   mac_mulsub_12s_12s_24s_24_1_1_U497 | 1   |        | sub_ln46_309      | sub | dsp_slice | 0       |
|   mac_mulsub_12s_12s_24s_25_1_1_U668 | 1   |        | mul_ln46_414      | mul | dsp_slice | 0       |
|   mac_mulsub_12s_12s_24s_25_1_1_U668 | 1   |        | sub_ln46_310      | sub | dsp_slice | 0       |
|   mac_mulsub_12s_12s_25s_25_1_1_U839 | 1   |        | mul_ln46_415      | mul | dsp_slice | 0       |
|   mac_mulsub_12s_12s_25s_25_1_1_U839 | 1   |        | sub_ln46_311      | sub | dsp_slice | 0       |
|   add_ln46_103_fu_23489_p2           |     |        | add_ln46_103      | add | fabric    | 0       |
|   mul_12s_12s_24_1_1_U115            | 1   |        | mul_ln46_416      | mul | auto      | 0       |
|   mac_mulsub_12s_12s_24s_24_1_1_U498 | 1   |        | mul_ln46_417      | mul | dsp_slice | 0       |
|   mac_mulsub_12s_12s_24s_24_1_1_U498 | 1   |        | sub_ln46_312      | sub | dsp_slice | 0       |
|   mac_mulsub_12s_12s_24s_25_1_1_U669 | 1   |        | mul_ln46_418      | mul | dsp_slice | 0       |
|   mac_mulsub_12s_12s_24s_25_1_1_U669 | 1   |        | sub_ln46_313      | sub | dsp_slice | 0       |
|   mac_mulsub_12s_12s_25s_25_1_1_U840 | 1   |        | mul_ln46_419      | mul | dsp_slice | 0       |
|   mac_mulsub_12s_12s_25s_25_1_1_U840 | 1   |        | sub_ln46_314      | sub | dsp_slice | 0       |
|   add_ln46_104_fu_23678_p2           |     |        | add_ln46_104      | add | fabric    | 0       |
|   mul_12s_12s_24_1_1_U116            | 1   |        | mul_ln46_420      | mul | auto      | 0       |
|   mac_mulsub_12s_12s_24s_24_1_1_U499 | 1   |        | mul_ln46_421      | mul | dsp_slice | 0       |
|   mac_mulsub_12s_12s_24s_24_1_1_U499 | 1   |        | sub_ln46_315      | sub | dsp_slice | 0       |
|   mac_mulsub_12s_12s_24s_25_1_1_U670 | 1   |        | mul_ln46_422      | mul | dsp_slice | 0       |
|   mac_mulsub_12s_12s_24s_25_1_1_U670 | 1   |        | sub_ln46_316      | sub | dsp_slice | 0       |
|   mac_mulsub_12s_12s_25s_25_1_1_U841 | 1   |        | mul_ln46_423      | mul | dsp_slice | 0       |
|   mac_mulsub_12s_12s_25s_25_1_1_U841 | 1   |        | sub_ln46_317      | sub | dsp_slice | 0       |
|   add_ln46_105_fu_23867_p2           |     |        | add_ln46_105      | add | fabric    | 0       |
|   mul_12s_12s_24_1_1_U117            | 1   |        | mul_ln46_424      | mul | auto      | 0       |
|   mac_mulsub_12s_12s_24s_24_1_1_U500 | 1   |        | mul_ln46_425      | mul | dsp_slice | 0       |
|   mac_mulsub_12s_12s_24s_24_1_1_U500 | 1   |        | sub_ln46_318      | sub | dsp_slice | 0       |
|   mac_mulsub_12s_12s_24s_25_1_1_U671 | 1   |        | mul_ln46_426      | mul | dsp_slice | 0       |
|   mac_mulsub_12s_12s_24s_25_1_1_U671 | 1   |        | sub_ln46_319      | sub | dsp_slice | 0       |
|   mac_mulsub_12s_12s_25s_25_1_1_U842 | 1   |        | mul_ln46_427      | mul | dsp_slice | 0       |
|   mac_mulsub_12s_12s_25s_25_1_1_U842 | 1   |        | sub_ln46_320      | sub | dsp_slice | 0       |
|   add_ln46_106_fu_24056_p2           |     |        | add_ln46_106      | add | fabric    | 0       |
|   mul_12s_12s_24_1_1_U118            | 1   |        | mul_ln46_428      | mul | auto      | 0       |
|   mac_mulsub_12s_12s_24s_24_1_1_U501 | 1   |        | mul_ln46_429      | mul | dsp_slice | 0       |
|   mac_mulsub_12s_12s_24s_24_1_1_U501 | 1   |        | sub_ln46_321      | sub | dsp_slice | 0       |
|   mac_mulsub_12s_12s_24s_25_1_1_U672 | 1   |        | mul_ln46_430      | mul | dsp_slice | 0       |
|   mac_mulsub_12s_12s_24s_25_1_1_U672 | 1   |        | sub_ln46_322      | sub | dsp_slice | 0       |
|   mac_mulsub_12s_12s_25s_25_1_1_U843 | 1   |        | mul_ln46_431      | mul | dsp_slice | 0       |
|   mac_mulsub_12s_12s_25s_25_1_1_U843 | 1   |        | sub_ln46_323      | sub | dsp_slice | 0       |
|   add_ln46_107_fu_24245_p2           |     |        | add_ln46_107      | add | fabric    | 0       |
|   mul_12s_12s_24_1_1_U119            | 1   |        | mul_ln46_432      | mul | auto      | 0       |
|   mac_mulsub_12s_12s_24s_24_1_1_U502 | 1   |        | mul_ln46_433      | mul | dsp_slice | 0       |
|   mac_mulsub_12s_12s_24s_24_1_1_U502 | 1   |        | sub_ln46_324      | sub | dsp_slice | 0       |
|   mac_mulsub_12s_12s_24s_25_1_1_U673 | 1   |        | mul_ln46_434      | mul | dsp_slice | 0       |
|   mac_mulsub_12s_12s_24s_25_1_1_U673 | 1   |        | sub_ln46_325      | sub | dsp_slice | 0       |
|   mac_mulsub_12s_12s_25s_25_1_1_U844 | 1   |        | mul_ln46_435      | mul | dsp_slice | 0       |
|   mac_mulsub_12s_12s_25s_25_1_1_U844 | 1   |        | sub_ln46_326      | sub | dsp_slice | 0       |
|   add_ln46_108_fu_24434_p2           |     |        | add_ln46_108      | add | fabric    | 0       |
|   mul_12s_12s_24_1_1_U120            | 1   |        | mul_ln46_436      | mul | auto      | 0       |
|   mac_mulsub_12s_12s_24s_24_1_1_U503 | 1   |        | mul_ln46_437      | mul | dsp_slice | 0       |
|   mac_mulsub_12s_12s_24s_24_1_1_U503 | 1   |        | sub_ln46_327      | sub | dsp_slice | 0       |
|   mac_mulsub_12s_12s_24s_25_1_1_U674 | 1   |        | mul_ln46_438      | mul | dsp_slice | 0       |
|   mac_mulsub_12s_12s_24s_25_1_1_U674 | 1   |        | sub_ln46_328      | sub | dsp_slice | 0       |
|   mac_mulsub_12s_12s_25s_25_1_1_U845 | 1   |        | mul_ln46_439      | mul | dsp_slice | 0       |
|   mac_mulsub_12s_12s_25s_25_1_1_U845 | 1   |        | sub_ln46_329      | sub | dsp_slice | 0       |
|   add_ln46_109_fu_24623_p2           |     |        | add_ln46_109      | add | fabric    | 0       |
|   mul_12s_12s_24_1_1_U121            | 1   |        | mul_ln46_440      | mul | auto      | 0       |
|   mac_mulsub_12s_12s_24s_24_1_1_U504 | 1   |        | mul_ln46_441      | mul | dsp_slice | 0       |
|   mac_mulsub_12s_12s_24s_24_1_1_U504 | 1   |        | sub_ln46_330      | sub | dsp_slice | 0       |
|   mac_mulsub_12s_12s_24s_25_1_1_U675 | 1   |        | mul_ln46_442      | mul | dsp_slice | 0       |
|   mac_mulsub_12s_12s_24s_25_1_1_U675 | 1   |        | sub_ln46_331      | sub | dsp_slice | 0       |
|   mac_mulsub_12s_12s_25s_25_1_1_U846 | 1   |        | mul_ln46_443      | mul | dsp_slice | 0       |
|   mac_mulsub_12s_12s_25s_25_1_1_U846 | 1   |        | sub_ln46_332      | sub | dsp_slice | 0       |
|   add_ln46_110_fu_24812_p2           |     |        | add_ln46_110      | add | fabric    | 0       |
|   mul_12s_12s_24_1_1_U122            | 1   |        | mul_ln46_444      | mul | auto      | 0       |
|   mac_mulsub_12s_12s_24s_24_1_1_U505 | 1   |        | mul_ln46_445      | mul | dsp_slice | 0       |
|   mac_mulsub_12s_12s_24s_24_1_1_U505 | 1   |        | sub_ln46_333      | sub | dsp_slice | 0       |
|   mac_mulsub_12s_12s_24s_25_1_1_U676 | 1   |        | mul_ln46_446      | mul | dsp_slice | 0       |
|   mac_mulsub_12s_12s_24s_25_1_1_U676 | 1   |        | sub_ln46_334      | sub | dsp_slice | 0       |
|   mac_mulsub_12s_12s_25s_25_1_1_U847 | 1   |        | mul_ln46_447      | mul | dsp_slice | 0       |
|   mac_mulsub_12s_12s_25s_25_1_1_U847 | 1   |        | sub_ln46_335      | sub | dsp_slice | 0       |
|   add_ln46_111_fu_25001_p2           |     |        | add_ln46_111      | add | fabric    | 0       |
|   mul_12s_12s_24_1_1_U123            | 1   |        | mul_ln46_448      | mul | auto      | 0       |
|   mac_mulsub_12s_12s_24s_24_1_1_U506 | 1   |        | mul_ln46_449      | mul | dsp_slice | 0       |
|   mac_mulsub_12s_12s_24s_24_1_1_U506 | 1   |        | sub_ln46_336      | sub | dsp_slice | 0       |
|   mac_mulsub_12s_12s_24s_25_1_1_U677 | 1   |        | mul_ln46_450      | mul | dsp_slice | 0       |
|   mac_mulsub_12s_12s_24s_25_1_1_U677 | 1   |        | sub_ln46_337      | sub | dsp_slice | 0       |
|   mac_mulsub_12s_12s_25s_25_1_1_U848 | 1   |        | mul_ln46_451      | mul | dsp_slice | 0       |
|   mac_mulsub_12s_12s_25s_25_1_1_U848 | 1   |        | sub_ln46_338      | sub | dsp_slice | 0       |
|   add_ln46_112_fu_25190_p2           |     |        | add_ln46_112      | add | fabric    | 0       |
|   mul_12s_12s_24_1_1_U124            | 1   |        | mul_ln46_452      | mul | auto      | 0       |
|   mac_mulsub_12s_12s_24s_24_1_1_U507 | 1   |        | mul_ln46_453      | mul | dsp_slice | 0       |
|   mac_mulsub_12s_12s_24s_24_1_1_U507 | 1   |        | sub_ln46_339      | sub | dsp_slice | 0       |
|   mac_mulsub_12s_12s_24s_25_1_1_U678 | 1   |        | mul_ln46_454      | mul | dsp_slice | 0       |
|   mac_mulsub_12s_12s_24s_25_1_1_U678 | 1   |        | sub_ln46_340      | sub | dsp_slice | 0       |
|   mac_mulsub_12s_12s_25s_25_1_1_U849 | 1   |        | mul_ln46_455      | mul | dsp_slice | 0       |
|   mac_mulsub_12s_12s_25s_25_1_1_U849 | 1   |        | sub_ln46_341      | sub | dsp_slice | 0       |
|   add_ln46_113_fu_25379_p2           |     |        | add_ln46_113      | add | fabric    | 0       |
|   mul_12s_12s_24_1_1_U125            | 1   |        | mul_ln46_456      | mul | auto      | 0       |
|   mac_mulsub_12s_12s_24s_24_1_1_U508 | 1   |        | mul_ln46_457      | mul | dsp_slice | 0       |
|   mac_mulsub_12s_12s_24s_24_1_1_U508 | 1   |        | sub_ln46_342      | sub | dsp_slice | 0       |
|   mac_mulsub_12s_12s_24s_25_1_1_U679 | 1   |        | mul_ln46_458      | mul | dsp_slice | 0       |
|   mac_mulsub_12s_12s_24s_25_1_1_U679 | 1   |        | sub_ln46_343      | sub | dsp_slice | 0       |
|   mac_mulsub_12s_12s_25s_25_1_1_U850 | 1   |        | mul_ln46_459      | mul | dsp_slice | 0       |
|   mac_mulsub_12s_12s_25s_25_1_1_U850 | 1   |        | sub_ln46_344      | sub | dsp_slice | 0       |
|   add_ln46_114_fu_25568_p2           |     |        | add_ln46_114      | add | fabric    | 0       |
|   mul_12s_12s_24_1_1_U126            | 1   |        | mul_ln46_460      | mul | auto      | 0       |
|   mac_mulsub_12s_12s_24s_24_1_1_U509 | 1   |        | mul_ln46_461      | mul | dsp_slice | 0       |
|   mac_mulsub_12s_12s_24s_24_1_1_U509 | 1   |        | sub_ln46_345      | sub | dsp_slice | 0       |
|   mac_mulsub_12s_12s_24s_25_1_1_U680 | 1   |        | mul_ln46_462      | mul | dsp_slice | 0       |
|   mac_mulsub_12s_12s_24s_25_1_1_U680 | 1   |        | sub_ln46_346      | sub | dsp_slice | 0       |
|   mac_mulsub_12s_12s_25s_25_1_1_U851 | 1   |        | mul_ln46_463      | mul | dsp_slice | 0       |
|   mac_mulsub_12s_12s_25s_25_1_1_U851 | 1   |        | sub_ln46_347      | sub | dsp_slice | 0       |
|   add_ln46_115_fu_25757_p2           |     |        | add_ln46_115      | add | fabric    | 0       |
|   mul_12s_12s_24_1_1_U127            | 1   |        | mul_ln46_464      | mul | auto      | 0       |
|   mac_mulsub_12s_12s_24s_24_1_1_U510 | 1   |        | mul_ln46_465      | mul | dsp_slice | 0       |
|   mac_mulsub_12s_12s_24s_24_1_1_U510 | 1   |        | sub_ln46_348      | sub | dsp_slice | 0       |
|   mac_mulsub_12s_12s_24s_25_1_1_U681 | 1   |        | mul_ln46_466      | mul | dsp_slice | 0       |
|   mac_mulsub_12s_12s_24s_25_1_1_U681 | 1   |        | sub_ln46_349      | sub | dsp_slice | 0       |
|   mac_mulsub_12s_12s_25s_25_1_1_U852 | 1   |        | mul_ln46_467      | mul | dsp_slice | 0       |
|   mac_mulsub_12s_12s_25s_25_1_1_U852 | 1   |        | sub_ln46_350      | sub | dsp_slice | 0       |
|   add_ln46_116_fu_25946_p2           |     |        | add_ln46_116      | add | fabric    | 0       |
|   mul_12s_12s_24_1_1_U128            | 1   |        | mul_ln46_468      | mul | auto      | 0       |
|   mac_mulsub_12s_12s_24s_24_1_1_U511 | 1   |        | mul_ln46_469      | mul | dsp_slice | 0       |
|   mac_mulsub_12s_12s_24s_24_1_1_U511 | 1   |        | sub_ln46_351      | sub | dsp_slice | 0       |
|   mac_mulsub_12s_12s_24s_25_1_1_U682 | 1   |        | mul_ln46_470      | mul | dsp_slice | 0       |
|   mac_mulsub_12s_12s_24s_25_1_1_U682 | 1   |        | sub_ln46_352      | sub | dsp_slice | 0       |
|   mac_mulsub_12s_12s_25s_25_1_1_U853 | 1   |        | mul_ln46_471      | mul | dsp_slice | 0       |
|   mac_mulsub_12s_12s_25s_25_1_1_U853 | 1   |        | sub_ln46_353      | sub | dsp_slice | 0       |
|   add_ln46_117_fu_26135_p2           |     |        | add_ln46_117      | add | fabric    | 0       |
|   mul_12s_12s_24_1_1_U129            | 1   |        | mul_ln46_472      | mul | auto      | 0       |
|   mac_mulsub_12s_12s_24s_24_1_1_U512 | 1   |        | mul_ln46_473      | mul | dsp_slice | 0       |
|   mac_mulsub_12s_12s_24s_24_1_1_U512 | 1   |        | sub_ln46_354      | sub | dsp_slice | 0       |
|   mac_mulsub_12s_12s_24s_25_1_1_U683 | 1   |        | mul_ln46_474      | mul | dsp_slice | 0       |
|   mac_mulsub_12s_12s_24s_25_1_1_U683 | 1   |        | sub_ln46_355      | sub | dsp_slice | 0       |
|   mac_mulsub_12s_12s_25s_25_1_1_U854 | 1   |        | mul_ln46_475      | mul | dsp_slice | 0       |
|   mac_mulsub_12s_12s_25s_25_1_1_U854 | 1   |        | sub_ln46_356      | sub | dsp_slice | 0       |
|   add_ln46_118_fu_26324_p2           |     |        | add_ln46_118      | add | fabric    | 0       |
|   mul_12s_12s_24_1_1_U130            | 1   |        | mul_ln46_476      | mul | auto      | 0       |
|   mac_mulsub_12s_12s_24s_24_1_1_U513 | 1   |        | mul_ln46_477      | mul | dsp_slice | 0       |
|   mac_mulsub_12s_12s_24s_24_1_1_U513 | 1   |        | sub_ln46_357      | sub | dsp_slice | 0       |
|   mac_mulsub_12s_12s_24s_25_1_1_U684 | 1   |        | mul_ln46_478      | mul | dsp_slice | 0       |
|   mac_mulsub_12s_12s_24s_25_1_1_U684 | 1   |        | sub_ln46_358      | sub | dsp_slice | 0       |
|   mac_mulsub_12s_12s_25s_25_1_1_U855 | 1   |        | mul_ln46_479      | mul | dsp_slice | 0       |
|   mac_mulsub_12s_12s_25s_25_1_1_U855 | 1   |        | sub_ln46_359      | sub | dsp_slice | 0       |
|   add_ln46_119_fu_26513_p2           |     |        | add_ln46_119      | add | fabric    | 0       |
|   mul_12s_12s_24_1_1_U131            | 1   |        | mul_ln46_480      | mul | auto      | 0       |
|   mac_mulsub_12s_12s_24s_24_1_1_U514 | 1   |        | mul_ln46_481      | mul | dsp_slice | 0       |
|   mac_mulsub_12s_12s_24s_24_1_1_U514 | 1   |        | sub_ln46_360      | sub | dsp_slice | 0       |
|   mac_mulsub_12s_12s_24s_25_1_1_U685 | 1   |        | mul_ln46_482      | mul | dsp_slice | 0       |
|   mac_mulsub_12s_12s_24s_25_1_1_U685 | 1   |        | sub_ln46_361      | sub | dsp_slice | 0       |
|   mac_mulsub_12s_12s_25s_25_1_1_U856 | 1   |        | mul_ln46_483      | mul | dsp_slice | 0       |
|   mac_mulsub_12s_12s_25s_25_1_1_U856 | 1   |        | sub_ln46_362      | sub | dsp_slice | 0       |
|   add_ln46_120_fu_26702_p2           |     |        | add_ln46_120      | add | fabric    | 0       |
|   mul_12s_12s_24_1_1_U132            | 1   |        | mul_ln46_484      | mul | auto      | 0       |
|   mac_mulsub_12s_12s_24s_24_1_1_U515 | 1   |        | mul_ln46_485      | mul | dsp_slice | 0       |
|   mac_mulsub_12s_12s_24s_24_1_1_U515 | 1   |        | sub_ln46_363      | sub | dsp_slice | 0       |
|   mac_mulsub_12s_12s_24s_25_1_1_U686 | 1   |        | mul_ln46_486      | mul | dsp_slice | 0       |
|   mac_mulsub_12s_12s_24s_25_1_1_U686 | 1   |        | sub_ln46_364      | sub | dsp_slice | 0       |
|   mac_mulsub_12s_12s_25s_25_1_1_U857 | 1   |        | mul_ln46_487      | mul | dsp_slice | 0       |
|   mac_mulsub_12s_12s_25s_25_1_1_U857 | 1   |        | sub_ln46_365      | sub | dsp_slice | 0       |
|   add_ln46_121_fu_26891_p2           |     |        | add_ln46_121      | add | fabric    | 0       |
|   mul_12s_12s_24_1_1_U133            | 1   |        | mul_ln46_488      | mul | auto      | 0       |
|   mac_mulsub_12s_12s_24s_24_1_1_U516 | 1   |        | mul_ln46_489      | mul | dsp_slice | 0       |
|   mac_mulsub_12s_12s_24s_24_1_1_U516 | 1   |        | sub_ln46_366      | sub | dsp_slice | 0       |
|   mac_mulsub_12s_12s_24s_25_1_1_U687 | 1   |        | mul_ln46_490      | mul | dsp_slice | 0       |
|   mac_mulsub_12s_12s_24s_25_1_1_U687 | 1   |        | sub_ln46_367      | sub | dsp_slice | 0       |
|   mac_mulsub_12s_12s_25s_25_1_1_U858 | 1   |        | mul_ln46_491      | mul | dsp_slice | 0       |
|   mac_mulsub_12s_12s_25s_25_1_1_U858 | 1   |        | sub_ln46_368      | sub | dsp_slice | 0       |
|   add_ln46_122_fu_27080_p2           |     |        | add_ln46_122      | add | fabric    | 0       |
|   mul_12s_12s_24_1_1_U134            | 1   |        | mul_ln46_492      | mul | auto      | 0       |
|   mac_mulsub_12s_12s_24s_24_1_1_U517 | 1   |        | mul_ln46_493      | mul | dsp_slice | 0       |
|   mac_mulsub_12s_12s_24s_24_1_1_U517 | 1   |        | sub_ln46_369      | sub | dsp_slice | 0       |
|   mac_mulsub_12s_12s_24s_25_1_1_U688 | 1   |        | mul_ln46_494      | mul | dsp_slice | 0       |
|   mac_mulsub_12s_12s_24s_25_1_1_U688 | 1   |        | sub_ln46_370      | sub | dsp_slice | 0       |
|   mac_mulsub_12s_12s_25s_25_1_1_U859 | 1   |        | mul_ln46_495      | mul | dsp_slice | 0       |
|   mac_mulsub_12s_12s_25s_25_1_1_U859 | 1   |        | sub_ln46_371      | sub | dsp_slice | 0       |
|   add_ln46_123_fu_27269_p2           |     |        | add_ln46_123      | add | fabric    | 0       |
|   mul_12s_12s_24_1_1_U135            | 1   |        | mul_ln46_496      | mul | auto      | 0       |
|   mac_mulsub_12s_12s_24s_24_1_1_U518 | 1   |        | mul_ln46_497      | mul | dsp_slice | 0       |
|   mac_mulsub_12s_12s_24s_24_1_1_U518 | 1   |        | sub_ln46_372      | sub | dsp_slice | 0       |
|   mac_mulsub_12s_12s_24s_25_1_1_U689 | 1   |        | mul_ln46_498      | mul | dsp_slice | 0       |
|   mac_mulsub_12s_12s_24s_25_1_1_U689 | 1   |        | sub_ln46_373      | sub | dsp_slice | 0       |
|   mac_mulsub_12s_12s_25s_25_1_1_U860 | 1   |        | mul_ln46_499      | mul | dsp_slice | 0       |
|   mac_mulsub_12s_12s_25s_25_1_1_U860 | 1   |        | sub_ln46_374      | sub | dsp_slice | 0       |
|   add_ln46_124_fu_27458_p2           |     |        | add_ln46_124      | add | fabric    | 0       |
|   mul_12s_12s_24_1_1_U136            | 1   |        | mul_ln46_500      | mul | auto      | 0       |
|   mac_mulsub_12s_12s_24s_24_1_1_U519 | 1   |        | mul_ln46_501      | mul | dsp_slice | 0       |
|   mac_mulsub_12s_12s_24s_24_1_1_U519 | 1   |        | sub_ln46_375      | sub | dsp_slice | 0       |
|   mac_mulsub_12s_12s_24s_25_1_1_U690 | 1   |        | mul_ln46_502      | mul | dsp_slice | 0       |
|   mac_mulsub_12s_12s_24s_25_1_1_U690 | 1   |        | sub_ln46_376      | sub | dsp_slice | 0       |
|   mac_mulsub_12s_12s_25s_25_1_1_U861 | 1   |        | mul_ln46_503      | mul | dsp_slice | 0       |
|   mac_mulsub_12s_12s_25s_25_1_1_U861 | 1   |        | sub_ln46_377      | sub | dsp_slice | 0       |
|   add_ln46_125_fu_27647_p2           |     |        | add_ln46_125      | add | fabric    | 0       |
|   mul_12s_12s_24_1_1_U137            | 1   |        | mul_ln46_504      | mul | auto      | 0       |
|   mac_mulsub_12s_12s_24s_24_1_1_U520 | 1   |        | mul_ln46_505      | mul | dsp_slice | 0       |
|   mac_mulsub_12s_12s_24s_24_1_1_U520 | 1   |        | sub_ln46_378      | sub | dsp_slice | 0       |
|   mac_mulsub_12s_12s_24s_25_1_1_U691 | 1   |        | mul_ln46_506      | mul | dsp_slice | 0       |
|   mac_mulsub_12s_12s_24s_25_1_1_U691 | 1   |        | sub_ln46_379      | sub | dsp_slice | 0       |
|   mac_mulsub_12s_12s_25s_25_1_1_U862 | 1   |        | mul_ln46_507      | mul | dsp_slice | 0       |
|   mac_mulsub_12s_12s_25s_25_1_1_U862 | 1   |        | sub_ln46_380      | sub | dsp_slice | 0       |
|   add_ln46_126_fu_27836_p2           |     |        | add_ln46_126      | add | fabric    | 0       |
|   mul_12s_12s_24_1_1_U138            | 1   |        | mul_ln46_508      | mul | auto      | 0       |
|   mac_mulsub_12s_12s_24s_24_1_1_U521 | 1   |        | mul_ln46_509      | mul | dsp_slice | 0       |
|   mac_mulsub_12s_12s_24s_24_1_1_U521 | 1   |        | sub_ln46_381      | sub | dsp_slice | 0       |
|   mac_mulsub_12s_12s_24s_25_1_1_U692 | 1   |        | mul_ln46_510      | mul | dsp_slice | 0       |
|   mac_mulsub_12s_12s_24s_25_1_1_U692 | 1   |        | sub_ln46_382      | sub | dsp_slice | 0       |
|   mac_mulsub_12s_12s_25s_25_1_1_U863 | 1   |        | mul_ln46_511      | mul | dsp_slice | 0       |
|   mac_mulsub_12s_12s_25s_25_1_1_U863 | 1   |        | sub_ln46_383      | sub | dsp_slice | 0       |
|   add_ln46_127_fu_28025_p2           |     |        | add_ln46_127      | add | fabric    | 0       |
|   mul_12s_12s_24_1_1_U139            | 1   |        | mul_ln46_512      | mul | auto      | 0       |
|   mac_mulsub_12s_12s_24s_24_1_1_U522 | 1   |        | mul_ln46_513      | mul | dsp_slice | 0       |
|   mac_mulsub_12s_12s_24s_24_1_1_U522 | 1   |        | sub_ln46_384      | sub | dsp_slice | 0       |
|   mac_mulsub_12s_12s_24s_25_1_1_U693 | 1   |        | mul_ln46_514      | mul | dsp_slice | 0       |
|   mac_mulsub_12s_12s_24s_25_1_1_U693 | 1   |        | sub_ln46_385      | sub | dsp_slice | 0       |
|   mac_mulsub_12s_12s_25s_25_1_1_U864 | 1   |        | mul_ln46_515      | mul | dsp_slice | 0       |
|   mac_mulsub_12s_12s_25s_25_1_1_U864 | 1   |        | sub_ln46_386      | sub | dsp_slice | 0       |
|   add_ln46_128_fu_28214_p2           |     |        | add_ln46_128      | add | fabric    | 0       |
|   mul_12s_12s_24_1_1_U140            | 1   |        | mul_ln46_516      | mul | auto      | 0       |
|   mac_mulsub_12s_12s_24s_24_1_1_U523 | 1   |        | mul_ln46_517      | mul | dsp_slice | 0       |
|   mac_mulsub_12s_12s_24s_24_1_1_U523 | 1   |        | sub_ln46_387      | sub | dsp_slice | 0       |
|   mac_mulsub_12s_12s_24s_25_1_1_U694 | 1   |        | mul_ln46_518      | mul | dsp_slice | 0       |
|   mac_mulsub_12s_12s_24s_25_1_1_U694 | 1   |        | sub_ln46_388      | sub | dsp_slice | 0       |
|   mac_mulsub_12s_12s_25s_25_1_1_U865 | 1   |        | mul_ln46_519      | mul | dsp_slice | 0       |
|   mac_mulsub_12s_12s_25s_25_1_1_U865 | 1   |        | sub_ln46_389      | sub | dsp_slice | 0       |
|   add_ln46_129_fu_28403_p2           |     |        | add_ln46_129      | add | fabric    | 0       |
|   mul_12s_12s_24_1_1_U141            | 1   |        | mul_ln46_520      | mul | auto      | 0       |
|   mac_mulsub_12s_12s_24s_24_1_1_U524 | 1   |        | mul_ln46_521      | mul | dsp_slice | 0       |
|   mac_mulsub_12s_12s_24s_24_1_1_U524 | 1   |        | sub_ln46_390      | sub | dsp_slice | 0       |
|   mac_mulsub_12s_12s_24s_25_1_1_U695 | 1   |        | mul_ln46_522      | mul | dsp_slice | 0       |
|   mac_mulsub_12s_12s_24s_25_1_1_U695 | 1   |        | sub_ln46_391      | sub | dsp_slice | 0       |
|   mac_mulsub_12s_12s_25s_25_1_1_U866 | 1   |        | mul_ln46_523      | mul | dsp_slice | 0       |
|   mac_mulsub_12s_12s_25s_25_1_1_U866 | 1   |        | sub_ln46_392      | sub | dsp_slice | 0       |
|   add_ln46_130_fu_28592_p2           |     |        | add_ln46_130      | add | fabric    | 0       |
|   mul_12s_12s_24_1_1_U142            | 1   |        | mul_ln46_524      | mul | auto      | 0       |
|   mac_mulsub_12s_12s_24s_24_1_1_U525 | 1   |        | mul_ln46_525      | mul | dsp_slice | 0       |
|   mac_mulsub_12s_12s_24s_24_1_1_U525 | 1   |        | sub_ln46_393      | sub | dsp_slice | 0       |
|   mac_mulsub_12s_12s_24s_25_1_1_U696 | 1   |        | mul_ln46_526      | mul | dsp_slice | 0       |
|   mac_mulsub_12s_12s_24s_25_1_1_U696 | 1   |        | sub_ln46_394      | sub | dsp_slice | 0       |
|   mac_mulsub_12s_12s_25s_25_1_1_U867 | 1   |        | mul_ln46_527      | mul | dsp_slice | 0       |
|   mac_mulsub_12s_12s_25s_25_1_1_U867 | 1   |        | sub_ln46_395      | sub | dsp_slice | 0       |
|   add_ln46_131_fu_28781_p2           |     |        | add_ln46_131      | add | fabric    | 0       |
|   mul_12s_12s_24_1_1_U143            | 1   |        | mul_ln46_528      | mul | auto      | 0       |
|   mac_mulsub_12s_12s_24s_24_1_1_U526 | 1   |        | mul_ln46_529      | mul | dsp_slice | 0       |
|   mac_mulsub_12s_12s_24s_24_1_1_U526 | 1   |        | sub_ln46_396      | sub | dsp_slice | 0       |
|   mac_mulsub_12s_12s_24s_25_1_1_U697 | 1   |        | mul_ln46_530      | mul | dsp_slice | 0       |
|   mac_mulsub_12s_12s_24s_25_1_1_U697 | 1   |        | sub_ln46_397      | sub | dsp_slice | 0       |
|   mac_mulsub_12s_12s_25s_25_1_1_U868 | 1   |        | mul_ln46_531      | mul | dsp_slice | 0       |
|   mac_mulsub_12s_12s_25s_25_1_1_U868 | 1   |        | sub_ln46_398      | sub | dsp_slice | 0       |
|   add_ln46_132_fu_28970_p2           |     |        | add_ln46_132      | add | fabric    | 0       |
|   mul_12s_12s_24_1_1_U144            | 1   |        | mul_ln46_532      | mul | auto      | 0       |
|   mac_mulsub_12s_12s_24s_24_1_1_U527 | 1   |        | mul_ln46_533      | mul | dsp_slice | 0       |
|   mac_mulsub_12s_12s_24s_24_1_1_U527 | 1   |        | sub_ln46_399      | sub | dsp_slice | 0       |
|   mac_mulsub_12s_12s_24s_25_1_1_U698 | 1   |        | mul_ln46_534      | mul | dsp_slice | 0       |
|   mac_mulsub_12s_12s_24s_25_1_1_U698 | 1   |        | sub_ln46_400      | sub | dsp_slice | 0       |
|   mac_mulsub_12s_12s_25s_25_1_1_U869 | 1   |        | mul_ln46_535      | mul | dsp_slice | 0       |
|   mac_mulsub_12s_12s_25s_25_1_1_U869 | 1   |        | sub_ln46_401      | sub | dsp_slice | 0       |
|   add_ln46_133_fu_29159_p2           |     |        | add_ln46_133      | add | fabric    | 0       |
|   mul_12s_12s_24_1_1_U145            | 1   |        | mul_ln46_536      | mul | auto      | 0       |
|   mac_mulsub_12s_12s_24s_24_1_1_U528 | 1   |        | mul_ln46_537      | mul | dsp_slice | 0       |
|   mac_mulsub_12s_12s_24s_24_1_1_U528 | 1   |        | sub_ln46_402      | sub | dsp_slice | 0       |
|   mac_mulsub_12s_12s_24s_25_1_1_U699 | 1   |        | mul_ln46_538      | mul | dsp_slice | 0       |
|   mac_mulsub_12s_12s_24s_25_1_1_U699 | 1   |        | sub_ln46_403      | sub | dsp_slice | 0       |
|   mac_mulsub_12s_12s_25s_25_1_1_U870 | 1   |        | mul_ln46_539      | mul | dsp_slice | 0       |
|   mac_mulsub_12s_12s_25s_25_1_1_U870 | 1   |        | sub_ln46_404      | sub | dsp_slice | 0       |
|   add_ln46_134_fu_29348_p2           |     |        | add_ln46_134      | add | fabric    | 0       |
|   mul_12s_12s_24_1_1_U146            | 1   |        | mul_ln46_540      | mul | auto      | 0       |
|   mac_mulsub_12s_12s_24s_24_1_1_U529 | 1   |        | mul_ln46_541      | mul | dsp_slice | 0       |
|   mac_mulsub_12s_12s_24s_24_1_1_U529 | 1   |        | sub_ln46_405      | sub | dsp_slice | 0       |
|   mac_mulsub_12s_12s_24s_25_1_1_U700 | 1   |        | mul_ln46_542      | mul | dsp_slice | 0       |
|   mac_mulsub_12s_12s_24s_25_1_1_U700 | 1   |        | sub_ln46_406      | sub | dsp_slice | 0       |
|   mac_mulsub_12s_12s_25s_25_1_1_U871 | 1   |        | mul_ln46_543      | mul | dsp_slice | 0       |
|   mac_mulsub_12s_12s_25s_25_1_1_U871 | 1   |        | sub_ln46_407      | sub | dsp_slice | 0       |
|   add_ln46_135_fu_29537_p2           |     |        | add_ln46_135      | add | fabric    | 0       |
|   mul_12s_12s_24_1_1_U147            | 1   |        | mul_ln46_544      | mul | auto      | 0       |
|   mac_mulsub_12s_12s_24s_24_1_1_U530 | 1   |        | mul_ln46_545      | mul | dsp_slice | 0       |
|   mac_mulsub_12s_12s_24s_24_1_1_U530 | 1   |        | sub_ln46_408      | sub | dsp_slice | 0       |
|   mac_mulsub_12s_12s_24s_25_1_1_U701 | 1   |        | mul_ln46_546      | mul | dsp_slice | 0       |
|   mac_mulsub_12s_12s_24s_25_1_1_U701 | 1   |        | sub_ln46_409      | sub | dsp_slice | 0       |
|   mac_mulsub_12s_12s_25s_25_1_1_U872 | 1   |        | mul_ln46_547      | mul | dsp_slice | 0       |
|   mac_mulsub_12s_12s_25s_25_1_1_U872 | 1   |        | sub_ln46_410      | sub | dsp_slice | 0       |
|   add_ln46_136_fu_29726_p2           |     |        | add_ln46_136      | add | fabric    | 0       |
|   mul_12s_12s_24_1_1_U148            | 1   |        | mul_ln46_548      | mul | auto      | 0       |
|   mac_mulsub_12s_12s_24s_24_1_1_U531 | 1   |        | mul_ln46_549      | mul | dsp_slice | 0       |
|   mac_mulsub_12s_12s_24s_24_1_1_U531 | 1   |        | sub_ln46_411      | sub | dsp_slice | 0       |
|   mac_mulsub_12s_12s_24s_25_1_1_U702 | 1   |        | mul_ln46_550      | mul | dsp_slice | 0       |
|   mac_mulsub_12s_12s_24s_25_1_1_U702 | 1   |        | sub_ln46_412      | sub | dsp_slice | 0       |
|   mac_mulsub_12s_12s_25s_25_1_1_U873 | 1   |        | mul_ln46_551      | mul | dsp_slice | 0       |
|   mac_mulsub_12s_12s_25s_25_1_1_U873 | 1   |        | sub_ln46_413      | sub | dsp_slice | 0       |
|   add_ln46_137_fu_29915_p2           |     |        | add_ln46_137      | add | fabric    | 0       |
|   mul_12s_12s_24_1_1_U149            | 1   |        | mul_ln46_552      | mul | auto      | 0       |
|   mac_mulsub_12s_12s_24s_24_1_1_U532 | 1   |        | mul_ln46_553      | mul | dsp_slice | 0       |
|   mac_mulsub_12s_12s_24s_24_1_1_U532 | 1   |        | sub_ln46_414      | sub | dsp_slice | 0       |
|   mac_mulsub_12s_12s_24s_25_1_1_U703 | 1   |        | mul_ln46_554      | mul | dsp_slice | 0       |
|   mac_mulsub_12s_12s_24s_25_1_1_U703 | 1   |        | sub_ln46_415      | sub | dsp_slice | 0       |
|   mac_mulsub_12s_12s_25s_25_1_1_U874 | 1   |        | mul_ln46_555      | mul | dsp_slice | 0       |
|   mac_mulsub_12s_12s_25s_25_1_1_U874 | 1   |        | sub_ln46_416      | sub | dsp_slice | 0       |
|   add_ln46_138_fu_30104_p2           |     |        | add_ln46_138      | add | fabric    | 0       |
|   mul_12s_12s_24_1_1_U150            | 1   |        | mul_ln46_556      | mul | auto      | 0       |
|   mac_mulsub_12s_12s_24s_24_1_1_U533 | 1   |        | mul_ln46_557      | mul | dsp_slice | 0       |
|   mac_mulsub_12s_12s_24s_24_1_1_U533 | 1   |        | sub_ln46_417      | sub | dsp_slice | 0       |
|   mac_mulsub_12s_12s_24s_25_1_1_U704 | 1   |        | mul_ln46_558      | mul | dsp_slice | 0       |
|   mac_mulsub_12s_12s_24s_25_1_1_U704 | 1   |        | sub_ln46_418      | sub | dsp_slice | 0       |
|   mac_mulsub_12s_12s_25s_25_1_1_U875 | 1   |        | mul_ln46_559      | mul | dsp_slice | 0       |
|   mac_mulsub_12s_12s_25s_25_1_1_U875 | 1   |        | sub_ln46_419      | sub | dsp_slice | 0       |
|   add_ln46_139_fu_30293_p2           |     |        | add_ln46_139      | add | fabric    | 0       |
|   mul_12s_12s_24_1_1_U151            | 1   |        | mul_ln46_560      | mul | auto      | 0       |
|   mac_mulsub_12s_12s_24s_24_1_1_U534 | 1   |        | mul_ln46_561      | mul | dsp_slice | 0       |
|   mac_mulsub_12s_12s_24s_24_1_1_U534 | 1   |        | sub_ln46_420      | sub | dsp_slice | 0       |
|   mac_mulsub_12s_12s_24s_25_1_1_U705 | 1   |        | mul_ln46_562      | mul | dsp_slice | 0       |
|   mac_mulsub_12s_12s_24s_25_1_1_U705 | 1   |        | sub_ln46_421      | sub | dsp_slice | 0       |
|   mac_mulsub_12s_12s_25s_25_1_1_U876 | 1   |        | mul_ln46_563      | mul | dsp_slice | 0       |
|   mac_mulsub_12s_12s_25s_25_1_1_U876 | 1   |        | sub_ln46_422      | sub | dsp_slice | 0       |
|   add_ln46_140_fu_30482_p2           |     |        | add_ln46_140      | add | fabric    | 0       |
|   mul_12s_12s_24_1_1_U152            | 1   |        | mul_ln46_564      | mul | auto      | 0       |
|   mac_mulsub_12s_12s_24s_24_1_1_U535 | 1   |        | mul_ln46_565      | mul | dsp_slice | 0       |
|   mac_mulsub_12s_12s_24s_24_1_1_U535 | 1   |        | sub_ln46_423      | sub | dsp_slice | 0       |
|   mac_mulsub_12s_12s_24s_25_1_1_U706 | 1   |        | mul_ln46_566      | mul | dsp_slice | 0       |
|   mac_mulsub_12s_12s_24s_25_1_1_U706 | 1   |        | sub_ln46_424      | sub | dsp_slice | 0       |
|   mac_mulsub_12s_12s_25s_25_1_1_U877 | 1   |        | mul_ln46_567      | mul | dsp_slice | 0       |
|   mac_mulsub_12s_12s_25s_25_1_1_U877 | 1   |        | sub_ln46_425      | sub | dsp_slice | 0       |
|   add_ln46_141_fu_30671_p2           |     |        | add_ln46_141      | add | fabric    | 0       |
|   mul_12s_12s_24_1_1_U153            | 1   |        | mul_ln46_568      | mul | auto      | 0       |
|   mac_mulsub_12s_12s_24s_24_1_1_U536 | 1   |        | mul_ln46_569      | mul | dsp_slice | 0       |
|   mac_mulsub_12s_12s_24s_24_1_1_U536 | 1   |        | sub_ln46_426      | sub | dsp_slice | 0       |
|   mac_mulsub_12s_12s_24s_25_1_1_U707 | 1   |        | mul_ln46_570      | mul | dsp_slice | 0       |
|   mac_mulsub_12s_12s_24s_25_1_1_U707 | 1   |        | sub_ln46_427      | sub | dsp_slice | 0       |
|   mac_mulsub_12s_12s_25s_25_1_1_U878 | 1   |        | mul_ln46_571      | mul | dsp_slice | 0       |
|   mac_mulsub_12s_12s_25s_25_1_1_U878 | 1   |        | sub_ln46_428      | sub | dsp_slice | 0       |
|   add_ln46_142_fu_30860_p2           |     |        | add_ln46_142      | add | fabric    | 0       |
|   mul_12s_12s_24_1_1_U154            | 1   |        | mul_ln46_572      | mul | auto      | 0       |
|   mac_mulsub_12s_12s_24s_24_1_1_U537 | 1   |        | mul_ln46_573      | mul | dsp_slice | 0       |
|   mac_mulsub_12s_12s_24s_24_1_1_U537 | 1   |        | sub_ln46_429      | sub | dsp_slice | 0       |
|   mac_mulsub_12s_12s_24s_25_1_1_U708 | 1   |        | mul_ln46_574      | mul | dsp_slice | 0       |
|   mac_mulsub_12s_12s_24s_25_1_1_U708 | 1   |        | sub_ln46_430      | sub | dsp_slice | 0       |
|   mac_mulsub_12s_12s_25s_25_1_1_U879 | 1   |        | mul_ln46_575      | mul | dsp_slice | 0       |
|   mac_mulsub_12s_12s_25s_25_1_1_U879 | 1   |        | sub_ln46_431      | sub | dsp_slice | 0       |
|   add_ln46_143_fu_31049_p2           |     |        | add_ln46_143      | add | fabric    | 0       |
|   mul_12s_12s_24_1_1_U155            | 1   |        | mul_ln46_576      | mul | auto      | 0       |
|   mac_mulsub_12s_12s_24s_24_1_1_U538 | 1   |        | mul_ln46_577      | mul | dsp_slice | 0       |
|   mac_mulsub_12s_12s_24s_24_1_1_U538 | 1   |        | sub_ln46_432      | sub | dsp_slice | 0       |
|   mac_mulsub_12s_12s_24s_25_1_1_U709 | 1   |        | mul_ln46_578      | mul | dsp_slice | 0       |
|   mac_mulsub_12s_12s_24s_25_1_1_U709 | 1   |        | sub_ln46_433      | sub | dsp_slice | 0       |
|   mac_mulsub_12s_12s_25s_25_1_1_U880 | 1   |        | mul_ln46_579      | mul | dsp_slice | 0       |
|   mac_mulsub_12s_12s_25s_25_1_1_U880 | 1   |        | sub_ln46_434      | sub | dsp_slice | 0       |
|   add_ln46_144_fu_31238_p2           |     |        | add_ln46_144      | add | fabric    | 0       |
|   mul_12s_12s_24_1_1_U156            | 1   |        | mul_ln46_580      | mul | auto      | 0       |
|   mac_mulsub_12s_12s_24s_24_1_1_U539 | 1   |        | mul_ln46_581      | mul | dsp_slice | 0       |
|   mac_mulsub_12s_12s_24s_24_1_1_U539 | 1   |        | sub_ln46_435      | sub | dsp_slice | 0       |
|   mac_mulsub_12s_12s_24s_25_1_1_U710 | 1   |        | mul_ln46_582      | mul | dsp_slice | 0       |
|   mac_mulsub_12s_12s_24s_25_1_1_U710 | 1   |        | sub_ln46_436      | sub | dsp_slice | 0       |
|   mac_mulsub_12s_12s_25s_25_1_1_U881 | 1   |        | mul_ln46_583      | mul | dsp_slice | 0       |
|   mac_mulsub_12s_12s_25s_25_1_1_U881 | 1   |        | sub_ln46_437      | sub | dsp_slice | 0       |
|   add_ln46_145_fu_31427_p2           |     |        | add_ln46_145      | add | fabric    | 0       |
|   mul_12s_12s_24_1_1_U157            | 1   |        | mul_ln46_584      | mul | auto      | 0       |
|   mac_mulsub_12s_12s_24s_24_1_1_U540 | 1   |        | mul_ln46_585      | mul | dsp_slice | 0       |
|   mac_mulsub_12s_12s_24s_24_1_1_U540 | 1   |        | sub_ln46_438      | sub | dsp_slice | 0       |
|   mac_mulsub_12s_12s_24s_25_1_1_U711 | 1   |        | mul_ln46_586      | mul | dsp_slice | 0       |
|   mac_mulsub_12s_12s_24s_25_1_1_U711 | 1   |        | sub_ln46_439      | sub | dsp_slice | 0       |
|   mac_mulsub_12s_12s_25s_25_1_1_U882 | 1   |        | mul_ln46_587      | mul | dsp_slice | 0       |
|   mac_mulsub_12s_12s_25s_25_1_1_U882 | 1   |        | sub_ln46_440      | sub | dsp_slice | 0       |
|   add_ln46_146_fu_31616_p2           |     |        | add_ln46_146      | add | fabric    | 0       |
|   mul_12s_12s_24_1_1_U158            | 1   |        | mul_ln46_588      | mul | auto      | 0       |
|   mac_mulsub_12s_12s_24s_24_1_1_U541 | 1   |        | mul_ln46_589      | mul | dsp_slice | 0       |
|   mac_mulsub_12s_12s_24s_24_1_1_U541 | 1   |        | sub_ln46_441      | sub | dsp_slice | 0       |
|   mac_mulsub_12s_12s_24s_25_1_1_U712 | 1   |        | mul_ln46_590      | mul | dsp_slice | 0       |
|   mac_mulsub_12s_12s_24s_25_1_1_U712 | 1   |        | sub_ln46_442      | sub | dsp_slice | 0       |
|   mac_mulsub_12s_12s_25s_25_1_1_U883 | 1   |        | mul_ln46_591      | mul | dsp_slice | 0       |
|   mac_mulsub_12s_12s_25s_25_1_1_U883 | 1   |        | sub_ln46_443      | sub | dsp_slice | 0       |
|   add_ln46_147_fu_31805_p2           |     |        | add_ln46_147      | add | fabric    | 0       |
|   mul_12s_12s_24_1_1_U159            | 1   |        | mul_ln46_592      | mul | auto      | 0       |
|   mac_mulsub_12s_12s_24s_24_1_1_U542 | 1   |        | mul_ln46_593      | mul | dsp_slice | 0       |
|   mac_mulsub_12s_12s_24s_24_1_1_U542 | 1   |        | sub_ln46_444      | sub | dsp_slice | 0       |
|   mac_mulsub_12s_12s_24s_25_1_1_U713 | 1   |        | mul_ln46_594      | mul | dsp_slice | 0       |
|   mac_mulsub_12s_12s_24s_25_1_1_U713 | 1   |        | sub_ln46_445      | sub | dsp_slice | 0       |
|   mac_mulsub_12s_12s_25s_25_1_1_U884 | 1   |        | mul_ln46_595      | mul | dsp_slice | 0       |
|   mac_mulsub_12s_12s_25s_25_1_1_U884 | 1   |        | sub_ln46_446      | sub | dsp_slice | 0       |
|   add_ln46_148_fu_31994_p2           |     |        | add_ln46_148      | add | fabric    | 0       |
|   mul_12s_12s_24_1_1_U160            | 1   |        | mul_ln46_596      | mul | auto      | 0       |
|   mac_mulsub_12s_12s_24s_24_1_1_U543 | 1   |        | mul_ln46_597      | mul | dsp_slice | 0       |
|   mac_mulsub_12s_12s_24s_24_1_1_U543 | 1   |        | sub_ln46_447      | sub | dsp_slice | 0       |
|   mac_mulsub_12s_12s_24s_25_1_1_U714 | 1   |        | mul_ln46_598      | mul | dsp_slice | 0       |
|   mac_mulsub_12s_12s_24s_25_1_1_U714 | 1   |        | sub_ln46_448      | sub | dsp_slice | 0       |
|   mac_mulsub_12s_12s_25s_25_1_1_U885 | 1   |        | mul_ln46_599      | mul | dsp_slice | 0       |
|   mac_mulsub_12s_12s_25s_25_1_1_U885 | 1   |        | sub_ln46_449      | sub | dsp_slice | 0       |
|   add_ln46_149_fu_32183_p2           |     |        | add_ln46_149      | add | fabric    | 0       |
|   mul_12s_12s_24_1_1_U161            | 1   |        | mul_ln46_600      | mul | auto      | 0       |
|   mac_mulsub_12s_12s_24s_24_1_1_U544 | 1   |        | mul_ln46_601      | mul | dsp_slice | 0       |
|   mac_mulsub_12s_12s_24s_24_1_1_U544 | 1   |        | sub_ln46_450      | sub | dsp_slice | 0       |
|   mac_mulsub_12s_12s_24s_25_1_1_U715 | 1   |        | mul_ln46_602      | mul | dsp_slice | 0       |
|   mac_mulsub_12s_12s_24s_25_1_1_U715 | 1   |        | sub_ln46_451      | sub | dsp_slice | 0       |
|   mac_mulsub_12s_12s_25s_25_1_1_U886 | 1   |        | mul_ln46_603      | mul | dsp_slice | 0       |
|   mac_mulsub_12s_12s_25s_25_1_1_U886 | 1   |        | sub_ln46_452      | sub | dsp_slice | 0       |
|   add_ln46_150_fu_32372_p2           |     |        | add_ln46_150      | add | fabric    | 0       |
|   mul_12s_12s_24_1_1_U162            | 1   |        | mul_ln46_604      | mul | auto      | 0       |
|   mac_mulsub_12s_12s_24s_24_1_1_U545 | 1   |        | mul_ln46_605      | mul | dsp_slice | 0       |
|   mac_mulsub_12s_12s_24s_24_1_1_U545 | 1   |        | sub_ln46_453      | sub | dsp_slice | 0       |
|   mac_mulsub_12s_12s_24s_25_1_1_U716 | 1   |        | mul_ln46_606      | mul | dsp_slice | 0       |
|   mac_mulsub_12s_12s_24s_25_1_1_U716 | 1   |        | sub_ln46_454      | sub | dsp_slice | 0       |
|   mac_mulsub_12s_12s_25s_25_1_1_U887 | 1   |        | mul_ln46_607      | mul | dsp_slice | 0       |
|   mac_mulsub_12s_12s_25s_25_1_1_U887 | 1   |        | sub_ln46_455      | sub | dsp_slice | 0       |
|   add_ln46_151_fu_32561_p2           |     |        | add_ln46_151      | add | fabric    | 0       |
|   mul_12s_12s_24_1_1_U163            | 1   |        | mul_ln46_608      | mul | auto      | 0       |
|   mac_mulsub_12s_12s_24s_24_1_1_U546 | 1   |        | mul_ln46_609      | mul | dsp_slice | 0       |
|   mac_mulsub_12s_12s_24s_24_1_1_U546 | 1   |        | sub_ln46_456      | sub | dsp_slice | 0       |
|   mac_mulsub_12s_12s_24s_25_1_1_U717 | 1   |        | mul_ln46_610      | mul | dsp_slice | 0       |
|   mac_mulsub_12s_12s_24s_25_1_1_U717 | 1   |        | sub_ln46_457      | sub | dsp_slice | 0       |
|   mac_mulsub_12s_12s_25s_25_1_1_U888 | 1   |        | mul_ln46_611      | mul | dsp_slice | 0       |
|   mac_mulsub_12s_12s_25s_25_1_1_U888 | 1   |        | sub_ln46_458      | sub | dsp_slice | 0       |
|   add_ln46_152_fu_32750_p2           |     |        | add_ln46_152      | add | fabric    | 0       |
|   mul_12s_12s_24_1_1_U164            | 1   |        | mul_ln46_612      | mul | auto      | 0       |
|   mac_mulsub_12s_12s_24s_24_1_1_U547 | 1   |        | mul_ln46_613      | mul | dsp_slice | 0       |
|   mac_mulsub_12s_12s_24s_24_1_1_U547 | 1   |        | sub_ln46_459      | sub | dsp_slice | 0       |
|   mac_mulsub_12s_12s_24s_25_1_1_U718 | 1   |        | mul_ln46_614      | mul | dsp_slice | 0       |
|   mac_mulsub_12s_12s_24s_25_1_1_U718 | 1   |        | sub_ln46_460      | sub | dsp_slice | 0       |
|   mac_mulsub_12s_12s_25s_25_1_1_U889 | 1   |        | mul_ln46_615      | mul | dsp_slice | 0       |
|   mac_mulsub_12s_12s_25s_25_1_1_U889 | 1   |        | sub_ln46_461      | sub | dsp_slice | 0       |
|   add_ln46_153_fu_32939_p2           |     |        | add_ln46_153      | add | fabric    | 0       |
|   mul_12s_12s_24_1_1_U165            | 1   |        | mul_ln46_616      | mul | auto      | 0       |
|   mac_mulsub_12s_12s_24s_24_1_1_U548 | 1   |        | mul_ln46_617      | mul | dsp_slice | 0       |
|   mac_mulsub_12s_12s_24s_24_1_1_U548 | 1   |        | sub_ln46_462      | sub | dsp_slice | 0       |
|   mac_mulsub_12s_12s_24s_25_1_1_U719 | 1   |        | mul_ln46_618      | mul | dsp_slice | 0       |
|   mac_mulsub_12s_12s_24s_25_1_1_U719 | 1   |        | sub_ln46_463      | sub | dsp_slice | 0       |
|   mac_mulsub_12s_12s_25s_25_1_1_U890 | 1   |        | mul_ln46_619      | mul | dsp_slice | 0       |
|   mac_mulsub_12s_12s_25s_25_1_1_U890 | 1   |        | sub_ln46_464      | sub | dsp_slice | 0       |
|   add_ln46_154_fu_33128_p2           |     |        | add_ln46_154      | add | fabric    | 0       |
|   mul_12s_12s_24_1_1_U166            | 1   |        | mul_ln46_620      | mul | auto      | 0       |
|   mac_mulsub_12s_12s_24s_24_1_1_U549 | 1   |        | mul_ln46_621      | mul | dsp_slice | 0       |
|   mac_mulsub_12s_12s_24s_24_1_1_U549 | 1   |        | sub_ln46_465      | sub | dsp_slice | 0       |
|   mac_mulsub_12s_12s_24s_25_1_1_U720 | 1   |        | mul_ln46_622      | mul | dsp_slice | 0       |
|   mac_mulsub_12s_12s_24s_25_1_1_U720 | 1   |        | sub_ln46_466      | sub | dsp_slice | 0       |
|   mac_mulsub_12s_12s_25s_25_1_1_U891 | 1   |        | mul_ln46_623      | mul | dsp_slice | 0       |
|   mac_mulsub_12s_12s_25s_25_1_1_U891 | 1   |        | sub_ln46_467      | sub | dsp_slice | 0       |
|   add_ln46_155_fu_33317_p2           |     |        | add_ln46_155      | add | fabric    | 0       |
|   mul_12s_12s_24_1_1_U167            | 1   |        | mul_ln46_624      | mul | auto      | 0       |
|   mac_mulsub_12s_12s_24s_24_1_1_U550 | 1   |        | mul_ln46_625      | mul | dsp_slice | 0       |
|   mac_mulsub_12s_12s_24s_24_1_1_U550 | 1   |        | sub_ln46_468      | sub | dsp_slice | 0       |
|   mac_mulsub_12s_12s_24s_25_1_1_U721 | 1   |        | mul_ln46_626      | mul | dsp_slice | 0       |
|   mac_mulsub_12s_12s_24s_25_1_1_U721 | 1   |        | sub_ln46_469      | sub | dsp_slice | 0       |
|   mac_mulsub_12s_12s_25s_25_1_1_U892 | 1   |        | mul_ln46_627      | mul | dsp_slice | 0       |
|   mac_mulsub_12s_12s_25s_25_1_1_U892 | 1   |        | sub_ln46_470      | sub | dsp_slice | 0       |
|   add_ln46_156_fu_33506_p2           |     |        | add_ln46_156      | add | fabric    | 0       |
|   mul_12s_12s_24_1_1_U168            | 1   |        | mul_ln46_628      | mul | auto      | 0       |
|   mac_mulsub_12s_12s_24s_24_1_1_U551 | 1   |        | mul_ln46_629      | mul | dsp_slice | 0       |
|   mac_mulsub_12s_12s_24s_24_1_1_U551 | 1   |        | sub_ln46_471      | sub | dsp_slice | 0       |
|   mac_mulsub_12s_12s_24s_25_1_1_U722 | 1   |        | mul_ln46_630      | mul | dsp_slice | 0       |
|   mac_mulsub_12s_12s_24s_25_1_1_U722 | 1   |        | sub_ln46_472      | sub | dsp_slice | 0       |
|   mac_mulsub_12s_12s_25s_25_1_1_U893 | 1   |        | mul_ln46_631      | mul | dsp_slice | 0       |
|   mac_mulsub_12s_12s_25s_25_1_1_U893 | 1   |        | sub_ln46_473      | sub | dsp_slice | 0       |
|   add_ln46_157_fu_33695_p2           |     |        | add_ln46_157      | add | fabric    | 0       |
|   mul_12s_12s_24_1_1_U169            | 1   |        | mul_ln46_632      | mul | auto      | 0       |
|   mac_mulsub_12s_12s_24s_24_1_1_U552 | 1   |        | mul_ln46_633      | mul | dsp_slice | 0       |
|   mac_mulsub_12s_12s_24s_24_1_1_U552 | 1   |        | sub_ln46_474      | sub | dsp_slice | 0       |
|   mac_mulsub_12s_12s_24s_25_1_1_U723 | 1   |        | mul_ln46_634      | mul | dsp_slice | 0       |
|   mac_mulsub_12s_12s_24s_25_1_1_U723 | 1   |        | sub_ln46_475      | sub | dsp_slice | 0       |
|   mac_mulsub_12s_12s_25s_25_1_1_U894 | 1   |        | mul_ln46_635      | mul | dsp_slice | 0       |
|   mac_mulsub_12s_12s_25s_25_1_1_U894 | 1   |        | sub_ln46_476      | sub | dsp_slice | 0       |
|   add_ln46_158_fu_33884_p2           |     |        | add_ln46_158      | add | fabric    | 0       |
|   mul_12s_12s_24_1_1_U170            | 1   |        | mul_ln46_636      | mul | auto      | 0       |
|   mac_mulsub_12s_12s_24s_24_1_1_U553 | 1   |        | mul_ln46_637      | mul | dsp_slice | 0       |
|   mac_mulsub_12s_12s_24s_24_1_1_U553 | 1   |        | sub_ln46_477      | sub | dsp_slice | 0       |
|   mac_mulsub_12s_12s_24s_25_1_1_U724 | 1   |        | mul_ln46_638      | mul | dsp_slice | 0       |
|   mac_mulsub_12s_12s_24s_25_1_1_U724 | 1   |        | sub_ln46_478      | sub | dsp_slice | 0       |
|   mac_mulsub_12s_12s_25s_25_1_1_U895 | 1   |        | mul_ln46_639      | mul | dsp_slice | 0       |
|   mac_mulsub_12s_12s_25s_25_1_1_U895 | 1   |        | sub_ln46_479      | sub | dsp_slice | 0       |
|   add_ln46_159_fu_34073_p2           |     |        | add_ln46_159      | add | fabric    | 0       |
|   mul_12s_12s_24_1_1_U171            | 1   |        | mul_ln46_640      | mul | auto      | 0       |
|   mac_mulsub_12s_12s_24s_24_1_1_U554 | 1   |        | mul_ln46_641      | mul | dsp_slice | 0       |
|   mac_mulsub_12s_12s_24s_24_1_1_U554 | 1   |        | sub_ln46_480      | sub | dsp_slice | 0       |
|   mac_mulsub_12s_12s_24s_25_1_1_U725 | 1   |        | mul_ln46_642      | mul | dsp_slice | 0       |
|   mac_mulsub_12s_12s_24s_25_1_1_U725 | 1   |        | sub_ln46_481      | sub | dsp_slice | 0       |
|   mac_mulsub_12s_12s_25s_25_1_1_U896 | 1   |        | mul_ln46_643      | mul | dsp_slice | 0       |
|   mac_mulsub_12s_12s_25s_25_1_1_U896 | 1   |        | sub_ln46_482      | sub | dsp_slice | 0       |
|   add_ln46_160_fu_34262_p2           |     |        | add_ln46_160      | add | fabric    | 0       |
|   mul_12s_12s_24_1_1_U172            | 1   |        | mul_ln46_644      | mul | auto      | 0       |
|   mac_mulsub_12s_12s_24s_24_1_1_U555 | 1   |        | mul_ln46_645      | mul | dsp_slice | 0       |
|   mac_mulsub_12s_12s_24s_24_1_1_U555 | 1   |        | sub_ln46_483      | sub | dsp_slice | 0       |
|   mac_mulsub_12s_12s_24s_25_1_1_U726 | 1   |        | mul_ln46_646      | mul | dsp_slice | 0       |
|   mac_mulsub_12s_12s_24s_25_1_1_U726 | 1   |        | sub_ln46_484      | sub | dsp_slice | 0       |
|   mac_mulsub_12s_12s_25s_25_1_1_U897 | 1   |        | mul_ln46_647      | mul | dsp_slice | 0       |
|   mac_mulsub_12s_12s_25s_25_1_1_U897 | 1   |        | sub_ln46_485      | sub | dsp_slice | 0       |
|   add_ln46_161_fu_34451_p2           |     |        | add_ln46_161      | add | fabric    | 0       |
|   mul_12s_12s_24_1_1_U173            | 1   |        | mul_ln46_648      | mul | auto      | 0       |
|   mac_mulsub_12s_12s_24s_24_1_1_U556 | 1   |        | mul_ln46_649      | mul | dsp_slice | 0       |
|   mac_mulsub_12s_12s_24s_24_1_1_U556 | 1   |        | sub_ln46_486      | sub | dsp_slice | 0       |
|   mac_mulsub_12s_12s_24s_25_1_1_U727 | 1   |        | mul_ln46_650      | mul | dsp_slice | 0       |
|   mac_mulsub_12s_12s_24s_25_1_1_U727 | 1   |        | sub_ln46_487      | sub | dsp_slice | 0       |
|   mac_mulsub_12s_12s_25s_25_1_1_U898 | 1   |        | mul_ln46_651      | mul | dsp_slice | 0       |
|   mac_mulsub_12s_12s_25s_25_1_1_U898 | 1   |        | sub_ln46_488      | sub | dsp_slice | 0       |
|   add_ln46_162_fu_34640_p2           |     |        | add_ln46_162      | add | fabric    | 0       |
|   mul_12s_12s_24_1_1_U174            | 1   |        | mul_ln46_652      | mul | auto      | 0       |
|   mac_mulsub_12s_12s_24s_24_1_1_U557 | 1   |        | mul_ln46_653      | mul | dsp_slice | 0       |
|   mac_mulsub_12s_12s_24s_24_1_1_U557 | 1   |        | sub_ln46_489      | sub | dsp_slice | 0       |
|   mac_mulsub_12s_12s_24s_25_1_1_U728 | 1   |        | mul_ln46_654      | mul | dsp_slice | 0       |
|   mac_mulsub_12s_12s_24s_25_1_1_U728 | 1   |        | sub_ln46_490      | sub | dsp_slice | 0       |
|   mac_mulsub_12s_12s_25s_25_1_1_U899 | 1   |        | mul_ln46_655      | mul | dsp_slice | 0       |
|   mac_mulsub_12s_12s_25s_25_1_1_U899 | 1   |        | sub_ln46_491      | sub | dsp_slice | 0       |
|   add_ln46_163_fu_34829_p2           |     |        | add_ln46_163      | add | fabric    | 0       |
|   mul_12s_12s_24_1_1_U175            | 1   |        | mul_ln46_656      | mul | auto      | 0       |
|   mac_mulsub_12s_12s_24s_24_1_1_U558 | 1   |        | mul_ln46_657      | mul | dsp_slice | 0       |
|   mac_mulsub_12s_12s_24s_24_1_1_U558 | 1   |        | sub_ln46_492      | sub | dsp_slice | 0       |
|   mac_mulsub_12s_12s_24s_25_1_1_U729 | 1   |        | mul_ln46_658      | mul | dsp_slice | 0       |
|   mac_mulsub_12s_12s_24s_25_1_1_U729 | 1   |        | sub_ln46_493      | sub | dsp_slice | 0       |
|   mac_mulsub_12s_12s_25s_25_1_1_U900 | 1   |        | mul_ln46_659      | mul | dsp_slice | 0       |
|   mac_mulsub_12s_12s_25s_25_1_1_U900 | 1   |        | sub_ln46_494      | sub | dsp_slice | 0       |
|   add_ln46_164_fu_35018_p2           |     |        | add_ln46_164      | add | fabric    | 0       |
|   mul_12s_12s_24_1_1_U176            | 1   |        | mul_ln46_660      | mul | auto      | 0       |
|   mac_mulsub_12s_12s_24s_24_1_1_U559 | 1   |        | mul_ln46_661      | mul | dsp_slice | 0       |
|   mac_mulsub_12s_12s_24s_24_1_1_U559 | 1   |        | sub_ln46_495      | sub | dsp_slice | 0       |
|   mac_mulsub_12s_12s_24s_25_1_1_U730 | 1   |        | mul_ln46_662      | mul | dsp_slice | 0       |
|   mac_mulsub_12s_12s_24s_25_1_1_U730 | 1   |        | sub_ln46_496      | sub | dsp_slice | 0       |
|   mac_mulsub_12s_12s_25s_25_1_1_U901 | 1   |        | mul_ln46_663      | mul | dsp_slice | 0       |
|   mac_mulsub_12s_12s_25s_25_1_1_U901 | 1   |        | sub_ln46_497      | sub | dsp_slice | 0       |
|   add_ln46_165_fu_35207_p2           |     |        | add_ln46_165      | add | fabric    | 0       |
|   mul_12s_12s_24_1_1_U177            | 1   |        | mul_ln46_664      | mul | auto      | 0       |
|   mac_mulsub_12s_12s_24s_24_1_1_U560 | 1   |        | mul_ln46_665      | mul | dsp_slice | 0       |
|   mac_mulsub_12s_12s_24s_24_1_1_U560 | 1   |        | sub_ln46_498      | sub | dsp_slice | 0       |
|   mac_mulsub_12s_12s_24s_25_1_1_U731 | 1   |        | mul_ln46_666      | mul | dsp_slice | 0       |
|   mac_mulsub_12s_12s_24s_25_1_1_U731 | 1   |        | sub_ln46_499      | sub | dsp_slice | 0       |
|   mac_mulsub_12s_12s_25s_25_1_1_U902 | 1   |        | mul_ln46_667      | mul | dsp_slice | 0       |
|   mac_mulsub_12s_12s_25s_25_1_1_U902 | 1   |        | sub_ln46_500      | sub | dsp_slice | 0       |
|   add_ln46_166_fu_35396_p2           |     |        | add_ln46_166      | add | fabric    | 0       |
|   mul_12s_12s_24_1_1_U178            | 1   |        | mul_ln46_668      | mul | auto      | 0       |
|   mac_mulsub_12s_12s_24s_24_1_1_U561 | 1   |        | mul_ln46_669      | mul | dsp_slice | 0       |
|   mac_mulsub_12s_12s_24s_24_1_1_U561 | 1   |        | sub_ln46_501      | sub | dsp_slice | 0       |
|   mac_mulsub_12s_12s_24s_25_1_1_U732 | 1   |        | mul_ln46_670      | mul | dsp_slice | 0       |
|   mac_mulsub_12s_12s_24s_25_1_1_U732 | 1   |        | sub_ln46_502      | sub | dsp_slice | 0       |
|   mac_mulsub_12s_12s_25s_25_1_1_U903 | 1   |        | mul_ln46_671      | mul | dsp_slice | 0       |
|   mac_mulsub_12s_12s_25s_25_1_1_U903 | 1   |        | sub_ln46_503      | sub | dsp_slice | 0       |
|   add_ln46_167_fu_35585_p2           |     |        | add_ln46_167      | add | fabric    | 0       |
|   mul_12s_12s_24_1_1_U179            | 1   |        | mul_ln46_672      | mul | auto      | 0       |
|   mac_mulsub_12s_12s_24s_24_1_1_U562 | 1   |        | mul_ln46_673      | mul | dsp_slice | 0       |
|   mac_mulsub_12s_12s_24s_24_1_1_U562 | 1   |        | sub_ln46_504      | sub | dsp_slice | 0       |
|   mac_mulsub_12s_12s_24s_25_1_1_U733 | 1   |        | mul_ln46_674      | mul | dsp_slice | 0       |
|   mac_mulsub_12s_12s_24s_25_1_1_U733 | 1   |        | sub_ln46_505      | sub | dsp_slice | 0       |
|   mac_mulsub_12s_12s_25s_25_1_1_U904 | 1   |        | mul_ln46_675      | mul | dsp_slice | 0       |
|   mac_mulsub_12s_12s_25s_25_1_1_U904 | 1   |        | sub_ln46_506      | sub | dsp_slice | 0       |
|   add_ln46_168_fu_35774_p2           |     |        | add_ln46_168      | add | fabric    | 0       |
|   mul_12s_12s_24_1_1_U180            | 1   |        | mul_ln46_676      | mul | auto      | 0       |
|   mac_mulsub_12s_12s_24s_24_1_1_U563 | 1   |        | mul_ln46_677      | mul | dsp_slice | 0       |
|   mac_mulsub_12s_12s_24s_24_1_1_U563 | 1   |        | sub_ln46_507      | sub | dsp_slice | 0       |
|   mac_mulsub_12s_12s_24s_25_1_1_U734 | 1   |        | mul_ln46_678      | mul | dsp_slice | 0       |
|   mac_mulsub_12s_12s_24s_25_1_1_U734 | 1   |        | sub_ln46_508      | sub | dsp_slice | 0       |
|   mac_mulsub_12s_12s_25s_25_1_1_U905 | 1   |        | mul_ln46_679      | mul | dsp_slice | 0       |
|   mac_mulsub_12s_12s_25s_25_1_1_U905 | 1   |        | sub_ln46_509      | sub | dsp_slice | 0       |
|   add_ln46_169_fu_35963_p2           |     |        | add_ln46_169      | add | fabric    | 0       |
|   mul_12s_12s_24_1_1_U181            | 1   |        | mul_ln46_680      | mul | auto      | 0       |
|   mac_mulsub_12s_12s_24s_24_1_1_U564 | 1   |        | mul_ln46_681      | mul | dsp_slice | 0       |
|   mac_mulsub_12s_12s_24s_24_1_1_U564 | 1   |        | sub_ln46_510      | sub | dsp_slice | 0       |
|   mac_mulsub_12s_12s_24s_25_1_1_U735 | 1   |        | mul_ln46_682      | mul | dsp_slice | 0       |
|   mac_mulsub_12s_12s_24s_25_1_1_U735 | 1   |        | sub_ln46_511      | sub | dsp_slice | 0       |
|   mac_mulsub_12s_12s_25s_25_1_1_U906 | 1   |        | mul_ln46_683      | mul | dsp_slice | 0       |
|   mac_mulsub_12s_12s_25s_25_1_1_U906 | 1   |        | sub_ln46_512      | sub | dsp_slice | 0       |
|   add_ln46_170_fu_36152_p2           |     |        | add_ln46_170      | add | fabric    | 0       |
|   mul_5ns_5ns_9_1_1_U205             |     |        | ncount2           | mul | auto      | 0       |
|   add_ln234_fu_43262_p2              |     |        | add_ln234         | add | fabric    | 0       |
|   add_ln234_1_fu_43278_p2            |     |        | add_ln234_1       | add | fabric    | 0       |
|   add_ln234_2_fu_43294_p2            |     |        | add_ln234_2       | add | fabric    | 0       |
|   add_ln234_3_fu_43310_p2            |     |        | add_ln234_3       | add | fabric    | 0       |
|   add_ln234_4_fu_43326_p2            |     |        | add_ln234_4       | add | fabric    | 0       |
|   add_ln234_5_fu_43342_p2            |     |        | add_ln234_5       | add | fabric    | 0       |
|   add_ln234_6_fu_43358_p2            |     |        | add_ln234_6       | add | fabric    | 0       |
|   add_ln234_7_fu_43374_p2            |     |        | add_ln234_7       | add | fabric    | 0       |
|   add_ln234_8_fu_43394_p2            |     |        | add_ln234_8       | add | fabric    | 0       |
|   add_ln234_9_fu_43410_p2            |     |        | add_ln234_9       | add | fabric    | 0       |
|   add_ln234_10_fu_43426_p2           |     |        | add_ln234_10      | add | fabric    | 0       |
|   add_ln234_11_fu_43442_p2           |     |        | add_ln234_11      | add | fabric    | 0       |
|   add_ln234_12_fu_43458_p2           |     |        | add_ln234_12      | add | fabric    | 0       |
|   add_ln234_13_fu_43474_p2           |     |        | add_ln234_13      | add | fabric    | 0       |
|   add_ln234_14_fu_43490_p2           |     |        | add_ln234_14      | add | fabric    | 0       |
|   add_ln234_15_fu_43506_p2           |     |        | add_ln234_15      | add | fabric    | 0       |
|   add_ln234_16_fu_43526_p2           |     |        | add_ln234_16      | add | fabric    | 0       |
|   add_ln234_17_fu_43542_p2           |     |        | add_ln234_17      | add | fabric    | 0       |
|   add_ln234_18_fu_45082_p2           |     |        | add_ln234_18      | add | fabric    | 0       |
|   add_ln234_19_fu_45092_p2           |     |        | add_ln234_19      | add | fabric    | 0       |
|   add_ln234_20_fu_45102_p2           |     |        | add_ln234_20      | add | fabric    | 0       |
|   add_ln234_21_fu_45112_p2           |     |        | add_ln234_21      | add | fabric    | 0       |
|   add_ln234_22_fu_45122_p2           |     |        | add_ln234_22      | add | fabric    | 0       |
|   add_ln234_23_fu_45132_p2           |     |        | add_ln234_23      | add | fabric    | 0       |
|   add_ln234_24_fu_45142_p2           |     |        | add_ln234_24      | add | fabric    | 0       |
|   add_ln234_25_fu_45152_p2           |     |        | add_ln234_25      | add | fabric    | 0       |
|   add_ln234_26_fu_45162_p2           |     |        | add_ln234_26      | add | fabric    | 0       |
|   add_ln234_27_fu_45172_p2           |     |        | add_ln234_27      | add | fabric    | 0       |
|   add_ln234_28_fu_45182_p2           |     |        | add_ln234_28      | add | fabric    | 0       |
|   add_ln234_29_fu_45192_p2           |     |        | add_ln234_29      | add | fabric    | 0       |
|   add_ln234_30_fu_45202_p2           |     |        | add_ln234_30      | add | fabric    | 0       |
|   add_ln234_31_fu_45212_p2           |     |        | add_ln234_31      | add | fabric    | 0       |
|   add_ln234_32_fu_45222_p2           |     |        | add_ln234_32      | add | fabric    | 0       |
|   add_ln234_33_fu_45232_p2           |     |        | add_ln234_33      | add | fabric    | 0       |
|   add_ln234_34_fu_45238_p2           |     |        | add_ln234_34      | add | fabric    | 0       |
|   add_ln234_35_fu_45248_p2           |     |        | add_ln234_35      | add | fabric    | 0       |
|   add_ln234_36_fu_45258_p2           |     |        | add_ln234_36      | add | fabric    | 0       |
|   add_ln234_37_fu_45268_p2           |     |        | add_ln234_37      | add | fabric    | 0       |
|   add_ln234_38_fu_45278_p2           |     |        | add_ln234_38      | add | fabric    | 0       |
|   add_ln234_39_fu_45288_p2           |     |        | add_ln234_39      | add | fabric    | 0       |
|   add_ln234_40_fu_45298_p2           |     |        | add_ln234_40      | add | fabric    | 0       |
|   add_ln234_41_fu_45308_p2           |     |        | add_ln234_41      | add | fabric    | 0       |
|   add_ln234_42_fu_45318_p2           |     |        | add_ln234_42      | add | fabric    | 0       |
|   add_ln234_43_fu_45328_p2           |     |        | add_ln234_43      | add | fabric    | 0       |
|   add_ln234_44_fu_45338_p2           |     |        | add_ln234_44      | add | fabric    | 0       |
|   add_ln234_45_fu_45348_p2           |     |        | add_ln234_45      | add | fabric    | 0       |
|   add_ln234_46_fu_45358_p2           |     |        | add_ln234_46      | add | fabric    | 0       |
|   add_ln234_47_fu_45368_p2           |     |        | add_ln234_47      | add | fabric    | 0       |
|   add_ln234_48_fu_45378_p2           |     |        | add_ln234_48      | add | fabric    | 0       |
|   add_ln234_49_fu_45388_p2           |     |        | add_ln234_49      | add | fabric    | 0       |
|   add_ln234_50_fu_45394_p2           |     |        | add_ln234_50      | add | fabric    | 0       |
|   add_ln234_51_fu_45404_p2           |     |        | add_ln234_51      | add | fabric    | 0       |
|   add_ln234_52_fu_45414_p2           |     |        | add_ln234_52      | add | fabric    | 0       |
|   add_ln234_53_fu_45424_p2           |     |        | add_ln234_53      | add | fabric    | 0       |
|   add_ln234_54_fu_45434_p2           |     |        | add_ln234_54      | add | fabric    | 0       |
|   add_ln234_55_fu_45444_p2           |     |        | add_ln234_55      | add | fabric    | 0       |
|   add_ln234_56_fu_45454_p2           |     |        | add_ln234_56      | add | fabric    | 0       |
|   add_ln234_57_fu_45464_p2           |     |        | add_ln234_57      | add | fabric    | 0       |
|   add_ln234_58_fu_45474_p2           |     |        | add_ln234_58      | add | fabric    | 0       |
|   add_ln234_59_fu_45484_p2           |     |        | add_ln234_59      | add | fabric    | 0       |
|   add_ln234_60_fu_45494_p2           |     |        | add_ln234_60      | add | fabric    | 0       |
|   add_ln234_61_fu_45504_p2           |     |        | add_ln234_61      | add | fabric    | 0       |
|   add_ln234_62_fu_45514_p2           |     |        | add_ln234_62      | add | fabric    | 0       |
|   add_ln234_63_fu_45524_p2           |     |        | add_ln234_63      | add | fabric    | 0       |
|   add_ln234_64_fu_45534_p2           |     |        | add_ln234_64      | add | fabric    | 0       |
|   add_ln234_65_fu_45544_p2           |     |        | add_ln234_65      | add | fabric    | 0       |
|   add_ln234_66_fu_45550_p2           |     |        | add_ln234_66      | add | fabric    | 0       |
|   add_ln234_67_fu_45560_p2           |     |        | add_ln234_67      | add | fabric    | 0       |
|   add_ln234_68_fu_45570_p2           |     |        | add_ln234_68      | add | fabric    | 0       |
|   add_ln234_69_fu_45580_p2           |     |        | add_ln234_69      | add | fabric    | 0       |
|   add_ln234_70_fu_45590_p2           |     |        | add_ln234_70      | add | fabric    | 0       |
|   add_ln234_71_fu_45600_p2           |     |        | add_ln234_71      | add | fabric    | 0       |
|   add_ln234_72_fu_45610_p2           |     |        | add_ln234_72      | add | fabric    | 0       |
|   add_ln234_73_fu_45620_p2           |     |        | add_ln234_73      | add | fabric    | 0       |
|   add_ln234_74_fu_45630_p2           |     |        | add_ln234_74      | add | fabric    | 0       |
|   add_ln234_75_fu_45640_p2           |     |        | add_ln234_75      | add | fabric    | 0       |
|   add_ln234_76_fu_45650_p2           |     |        | add_ln234_76      | add | fabric    | 0       |
|   add_ln234_77_fu_45660_p2           |     |        | add_ln234_77      | add | fabric    | 0       |
|   add_ln234_78_fu_45670_p2           |     |        | add_ln234_78      | add | fabric    | 0       |
|   add_ln234_79_fu_45680_p2           |     |        | add_ln234_79      | add | fabric    | 0       |
|   add_ln234_80_fu_45690_p2           |     |        | add_ln234_80      | add | fabric    | 0       |
|   add_ln234_81_fu_45700_p2           |     |        | add_ln234_81      | add | fabric    | 0       |
|   add_ln234_82_fu_45706_p2           |     |        | add_ln234_82      | add | fabric    | 0       |
|   add_ln234_83_fu_45716_p2           |     |        | add_ln234_83      | add | fabric    | 0       |
|   add_ln234_84_fu_45726_p2           |     |        | add_ln234_84      | add | fabric    | 0       |
|   add_ln234_85_fu_45736_p2           |     |        | add_ln234_85      | add | fabric    | 0       |
|   add_ln234_86_fu_45746_p2           |     |        | add_ln234_86      | add | fabric    | 0       |
|   add_ln234_87_fu_45756_p2           |     |        | add_ln234_87      | add | fabric    | 0       |
|   add_ln234_88_fu_45766_p2           |     |        | add_ln234_88      | add | fabric    | 0       |
|   add_ln234_89_fu_45776_p2           |     |        | add_ln234_89      | add | fabric    | 0       |
|   add_ln234_90_fu_45786_p2           |     |        | add_ln234_90      | add | fabric    | 0       |
|   add_ln234_91_fu_45796_p2           |     |        | add_ln234_91      | add | fabric    | 0       |
|   add_ln234_92_fu_45806_p2           |     |        | add_ln234_92      | add | fabric    | 0       |
|   add_ln234_93_fu_45816_p2           |     |        | add_ln234_93      | add | fabric    | 0       |
|   add_ln234_94_fu_45826_p2           |     |        | add_ln234_94      | add | fabric    | 0       |
|   add_ln234_95_fu_45836_p2           |     |        | add_ln234_95      | add | fabric    | 0       |
|   add_ln234_96_fu_45846_p2           |     |        | add_ln234_96      | add | fabric    | 0       |
|   add_ln234_97_fu_45856_p2           |     |        | add_ln234_97      | add | fabric    | 0       |
|   add_ln234_98_fu_45862_p2           |     |        | add_ln234_98      | add | fabric    | 0       |
|   add_ln234_99_fu_45872_p2           |     |        | add_ln234_99      | add | fabric    | 0       |
|   add_ln234_100_fu_45882_p2          |     |        | add_ln234_100     | add | fabric    | 0       |
|   add_ln234_101_fu_45892_p2          |     |        | add_ln234_101     | add | fabric    | 0       |
|   add_ln234_102_fu_45902_p2          |     |        | add_ln234_102     | add | fabric    | 0       |
|   add_ln234_103_fu_45912_p2          |     |        | add_ln234_103     | add | fabric    | 0       |
|   add_ln234_104_fu_45922_p2          |     |        | add_ln234_104     | add | fabric    | 0       |
|   add_ln234_105_fu_45932_p2          |     |        | add_ln234_105     | add | fabric    | 0       |
|   add_ln234_106_fu_45942_p2          |     |        | add_ln234_106     | add | fabric    | 0       |
|   add_ln234_107_fu_45952_p2          |     |        | add_ln234_107     | add | fabric    | 0       |
|   add_ln234_108_fu_45962_p2          |     |        | add_ln234_108     | add | fabric    | 0       |
|   add_ln234_109_fu_45972_p2          |     |        | add_ln234_109     | add | fabric    | 0       |
|   add_ln234_110_fu_45982_p2          |     |        | add_ln234_110     | add | fabric    | 0       |
|   add_ln234_111_fu_45992_p2          |     |        | add_ln234_111     | add | fabric    | 0       |
|   add_ln234_112_fu_46002_p2          |     |        | add_ln234_112     | add | fabric    | 0       |
|   add_ln234_113_fu_46012_p2          |     |        | add_ln234_113     | add | fabric    | 0       |
|   add_ln234_114_fu_46018_p2          |     |        | add_ln234_114     | add | fabric    | 0       |
|   add_ln234_115_fu_46028_p2          |     |        | add_ln234_115     | add | fabric    | 0       |
|   add_ln234_116_fu_46038_p2          |     |        | add_ln234_116     | add | fabric    | 0       |
|   add_ln234_117_fu_46048_p2          |     |        | add_ln234_117     | add | fabric    | 0       |
|   add_ln234_118_fu_46058_p2          |     |        | add_ln234_118     | add | fabric    | 0       |
|   add_ln234_119_fu_46068_p2          |     |        | add_ln234_119     | add | fabric    | 0       |
|   add_ln234_120_fu_46078_p2          |     |        | add_ln234_120     | add | fabric    | 0       |
|   add_ln234_121_fu_46088_p2          |     |        | add_ln234_121     | add | fabric    | 0       |
|   add_ln234_122_fu_46098_p2          |     |        | add_ln234_122     | add | fabric    | 0       |
|   add_ln234_123_fu_46108_p2          |     |        | add_ln234_123     | add | fabric    | 0       |
|   add_ln234_124_fu_46118_p2          |     |        | add_ln234_124     | add | fabric    | 0       |
|   add_ln234_125_fu_46128_p2          |     |        | add_ln234_125     | add | fabric    | 0       |
|   add_ln234_126_fu_46138_p2          |     |        | add_ln234_126     | add | fabric    | 0       |
|   add_ln234_127_fu_46148_p2          |     |        | add_ln234_127     | add | fabric    | 0       |
|   add_ln234_128_fu_46158_p2          |     |        | add_ln234_128     | add | fabric    | 0       |
|   add_ln234_129_fu_46168_p2          |     |        | add_ln234_129     | add | fabric    | 0       |
|   add_ln234_130_fu_46174_p2          |     |        | add_ln234_130     | add | fabric    | 0       |
|   add_ln234_131_fu_46184_p2          |     |        | add_ln234_131     | add | fabric    | 0       |
|   add_ln234_132_fu_46194_p2          |     |        | add_ln234_132     | add | fabric    | 0       |
|   add_ln234_133_fu_46204_p2          |     |        | add_ln234_133     | add | fabric    | 0       |
|   add_ln234_134_fu_46214_p2          |     |        | add_ln234_134     | add | fabric    | 0       |
|   add_ln234_135_fu_46224_p2          |     |        | add_ln234_135     | add | fabric    | 0       |
|   add_ln234_136_fu_46234_p2          |     |        | add_ln234_136     | add | fabric    | 0       |
|   add_ln234_137_fu_46244_p2          |     |        | add_ln234_137     | add | fabric    | 0       |
|   add_ln234_138_fu_46254_p2          |     |        | add_ln234_138     | add | fabric    | 0       |
|   add_ln234_139_fu_46264_p2          |     |        | add_ln234_139     | add | fabric    | 0       |
|   add_ln234_140_fu_46274_p2          |     |        | add_ln234_140     | add | fabric    | 0       |
|   add_ln234_141_fu_46284_p2          |     |        | add_ln234_141     | add | fabric    | 0       |
|   add_ln234_142_fu_46294_p2          |     |        | add_ln234_142     | add | fabric    | 0       |
|   add_ln234_143_fu_46304_p2          |     |        | add_ln234_143     | add | fabric    | 0       |
|   add_ln234_144_fu_46314_p2          |     |        | add_ln234_144     | add | fabric    | 0       |
|   add_ln234_145_fu_46324_p2          |     |        | add_ln234_145     | add | fabric    | 0       |
|   add_ln234_146_fu_46330_p2          |     |        | add_ln234_146     | add | fabric    | 0       |
|   add_ln234_147_fu_46340_p2          |     |        | add_ln234_147     | add | fabric    | 0       |
|   add_ln234_148_fu_46350_p2          |     |        | add_ln234_148     | add | fabric    | 0       |
|   add_ln234_149_fu_46360_p2          |     |        | add_ln234_149     | add | fabric    | 0       |
|   add_ln234_150_fu_46370_p2          |     |        | add_ln234_150     | add | fabric    | 0       |
|   add_ln234_151_fu_46380_p2          |     |        | add_ln234_151     | add | fabric    | 0       |
|   add_ln234_152_fu_46390_p2          |     |        | add_ln234_152     | add | fabric    | 0       |
|   add_ln234_153_fu_46400_p2          |     |        | add_ln234_153     | add | fabric    | 0       |
|   add_ln234_154_fu_46410_p2          |     |        | add_ln234_154     | add | fabric    | 0       |
|   add_ln234_155_fu_46420_p2          |     |        | add_ln234_155     | add | fabric    | 0       |
|   add_ln234_156_fu_46430_p2          |     |        | add_ln234_156     | add | fabric    | 0       |
|   add_ln234_157_fu_46440_p2          |     |        | add_ln234_157     | add | fabric    | 0       |
|   add_ln234_158_fu_46450_p2          |     |        | add_ln234_158     | add | fabric    | 0       |
|   add_ln234_159_fu_46460_p2          |     |        | add_ln234_159     | add | fabric    | 0       |
|   add_ln234_160_fu_46470_p2          |     |        | add_ln234_160     | add | fabric    | 0       |
|   add_ln234_161_fu_46480_p2          |     |        | add_ln234_161     | add | fabric    | 0       |
|   add_ln234_162_fu_46486_p2          |     |        | add_ln234_162     | add | fabric    | 0       |
|   add_ln234_163_fu_46496_p2          |     |        | add_ln234_163     | add | fabric    | 0       |
|   add_ln234_164_fu_46506_p2          |     |        | add_ln234_164     | add | fabric    | 0       |
|   add_ln234_165_fu_46516_p2          |     |        | add_ln234_165     | add | fabric    | 0       |
|   add_ln234_166_fu_46526_p2          |     |        | add_ln234_166     | add | fabric    | 0       |
|   add_ln234_167_fu_46536_p2          |     |        | add_ln234_167     | add | fabric    | 0       |
|   add_ln234_168_fu_46546_p2          |     |        | add_ln234_168     | add | fabric    | 0       |
|   add_ln234_169_fu_46556_p2          |     |        | add_ln234_169     | add | fabric    | 0       |
|   add_ln234_170_fu_46566_p2          |     |        | add_ln234_170     | add | fabric    | 0       |
|   add_ln234_171_fu_46576_p2          |     |        | add_ln234_171     | add | fabric    | 0       |
|   add_ln234_172_fu_46586_p2          |     |        | add_ln234_172     | add | fabric    | 0       |
|   add_ln234_173_fu_46596_p2          |     |        | add_ln234_173     | add | fabric    | 0       |
|   add_ln234_174_fu_46606_p2          |     |        | add_ln234_174     | add | fabric    | 0       |
|   add_ln234_175_fu_46616_p2          |     |        | add_ln234_175     | add | fabric    | 0       |
|   add_ln234_176_fu_46626_p2          |     |        | add_ln234_176     | add | fabric    | 0       |
|   add_ln234_177_fu_46636_p2          |     |        | add_ln234_177     | add | fabric    | 0       |
|   add_ln234_178_fu_46642_p2          |     |        | add_ln234_178     | add | fabric    | 0       |
|   add_ln234_179_fu_46652_p2          |     |        | add_ln234_179     | add | fabric    | 0       |
|   add_ln234_180_fu_46662_p2          |     |        | add_ln234_180     | add | fabric    | 0       |
|   add_ln234_181_fu_46672_p2          |     |        | add_ln234_181     | add | fabric    | 0       |
|   add_ln234_182_fu_46682_p2          |     |        | add_ln234_182     | add | fabric    | 0       |
|   add_ln234_183_fu_46692_p2          |     |        | add_ln234_183     | add | fabric    | 0       |
|   add_ln234_184_fu_46702_p2          |     |        | add_ln234_184     | add | fabric    | 0       |
|   add_ln234_185_fu_46712_p2          |     |        | add_ln234_185     | add | fabric    | 0       |
|   add_ln234_186_fu_46722_p2          |     |        | add_ln234_186     | add | fabric    | 0       |
|   add_ln234_187_fu_46732_p2          |     |        | add_ln234_187     | add | fabric    | 0       |
|   add_ln234_188_fu_46742_p2          |     |        | add_ln234_188     | add | fabric    | 0       |
|   add_ln234_189_fu_46752_p2          |     |        | add_ln234_189     | add | fabric    | 0       |
|   add_ln234_190_fu_46762_p2          |     |        | add_ln234_190     | add | fabric    | 0       |
|   add_ln234_191_fu_46772_p2          |     |        | add_ln234_191     | add | fabric    | 0       |
|   add_ln234_192_fu_46782_p2          |     |        | add_ln234_192     | add | fabric    | 0       |
|   add_ln234_193_fu_46792_p2          |     |        | add_ln234_193     | add | fabric    | 0       |
|   add_ln234_194_fu_46798_p2          |     |        | add_ln234_194     | add | fabric    | 0       |
|   add_ln234_195_fu_46808_p2          |     |        | add_ln234_195     | add | fabric    | 0       |
|   add_ln234_196_fu_46818_p2          |     |        | add_ln234_196     | add | fabric    | 0       |
|   add_ln234_197_fu_46828_p2          |     |        | add_ln234_197     | add | fabric    | 0       |
|   add_ln234_198_fu_46838_p2          |     |        | add_ln234_198     | add | fabric    | 0       |
|   add_ln234_199_fu_46848_p2          |     |        | add_ln234_199     | add | fabric    | 0       |
|   add_ln234_200_fu_46858_p2          |     |        | add_ln234_200     | add | fabric    | 0       |
|   add_ln234_201_fu_46868_p2          |     |        | add_ln234_201     | add | fabric    | 0       |
|   add_ln234_202_fu_46878_p2          |     |        | add_ln234_202     | add | fabric    | 0       |
|   add_ln234_203_fu_46888_p2          |     |        | add_ln234_203     | add | fabric    | 0       |
|   add_ln234_204_fu_46898_p2          |     |        | add_ln234_204     | add | fabric    | 0       |
|   add_ln234_205_fu_46908_p2          |     |        | add_ln234_205     | add | fabric    | 0       |
|   add_ln234_206_fu_46918_p2          |     |        | add_ln234_206     | add | fabric    | 0       |
|   add_ln234_207_fu_46928_p2          |     |        | add_ln234_207     | add | fabric    | 0       |
|   add_ln234_208_fu_46938_p2          |     |        | add_ln234_208     | add | fabric    | 0       |
|   add_ln234_209_fu_46948_p2          |     |        | add_ln234_209     | add | fabric    | 0       |
|   add_ln234_210_fu_46954_p2          |     |        | add_ln234_210     | add | fabric    | 0       |
|   add_ln234_211_fu_46964_p2          |     |        | add_ln234_211     | add | fabric    | 0       |
|   add_ln234_212_fu_46974_p2          |     |        | add_ln234_212     | add | fabric    | 0       |
|   add_ln234_213_fu_46984_p2          |     |        | add_ln234_213     | add | fabric    | 0       |
|   add_ln234_214_fu_46994_p2          |     |        | add_ln234_214     | add | fabric    | 0       |
|   add_ln234_215_fu_47004_p2          |     |        | add_ln234_215     | add | fabric    | 0       |
|   add_ln234_216_fu_47014_p2          |     |        | add_ln234_216     | add | fabric    | 0       |
|   add_ln234_217_fu_47024_p2          |     |        | add_ln234_217     | add | fabric    | 0       |
|   add_ln234_218_fu_47034_p2          |     |        | add_ln234_218     | add | fabric    | 0       |
|   add_ln234_219_fu_47044_p2          |     |        | add_ln234_219     | add | fabric    | 0       |
|   add_ln234_220_fu_47054_p2          |     |        | add_ln234_220     | add | fabric    | 0       |
|   add_ln234_221_fu_47064_p2          |     |        | add_ln234_221     | add | fabric    | 0       |
|   add_ln234_222_fu_47074_p2          |     |        | add_ln234_222     | add | fabric    | 0       |
|   add_ln234_223_fu_47084_p2          |     |        | add_ln234_223     | add | fabric    | 0       |
|   add_ln234_224_fu_47094_p2          |     |        | add_ln234_224     | add | fabric    | 0       |
|   add_ln234_225_fu_47104_p2          |     |        | add_ln234_225     | add | fabric    | 0       |
|   add_ln234_226_fu_47110_p2          |     |        | add_ln234_226     | add | fabric    | 0       |
|   add_ln234_227_fu_47120_p2          |     |        | add_ln234_227     | add | fabric    | 0       |
|   add_ln234_228_fu_47130_p2          |     |        | add_ln234_228     | add | fabric    | 0       |
|   add_ln234_229_fu_47140_p2          |     |        | add_ln234_229     | add | fabric    | 0       |
|   add_ln234_230_fu_47150_p2          |     |        | add_ln234_230     | add | fabric    | 0       |
|   add_ln234_231_fu_47160_p2          |     |        | add_ln234_231     | add | fabric    | 0       |
|   add_ln234_232_fu_47170_p2          |     |        | add_ln234_232     | add | fabric    | 0       |
|   add_ln234_233_fu_47180_p2          |     |        | add_ln234_233     | add | fabric    | 0       |
|   add_ln234_234_fu_47190_p2          |     |        | add_ln234_234     | add | fabric    | 0       |
|   add_ln234_235_fu_47200_p2          |     |        | add_ln234_235     | add | fabric    | 0       |
|   add_ln234_236_fu_47210_p2          |     |        | add_ln234_236     | add | fabric    | 0       |
|   add_ln234_237_fu_47220_p2          |     |        | add_ln234_237     | add | fabric    | 0       |
|   add_ln234_238_fu_47230_p2          |     |        | add_ln234_238     | add | fabric    | 0       |
|   add_ln234_239_fu_47240_p2          |     |        | add_ln234_239     | add | fabric    | 0       |
|   add_ln234_240_fu_47250_p2          |     |        | add_ln234_240     | add | fabric    | 0       |
|   add_ln234_241_fu_47260_p2          |     |        | add_ln234_241     | add | fabric    | 0       |
|   add_ln234_242_fu_47266_p2          |     |        | add_ln234_242     | add | fabric    | 0       |
|   add_ln234_243_fu_47276_p2          |     |        | add_ln234_243     | add | fabric    | 0       |
|   add_ln234_244_fu_47286_p2          |     |        | add_ln234_244     | add | fabric    | 0       |
|   add_ln234_245_fu_47296_p2          |     |        | add_ln234_245     | add | fabric    | 0       |
|   add_ln234_246_fu_47306_p2          |     |        | add_ln234_246     | add | fabric    | 0       |
|   add_ln234_247_fu_47316_p2          |     |        | add_ln234_247     | add | fabric    | 0       |
|   add_ln234_248_fu_47326_p2          |     |        | add_ln234_248     | add | fabric    | 0       |
|   add_ln234_249_fu_47336_p2          |     |        | add_ln234_249     | add | fabric    | 0       |
|   add_ln234_250_fu_47346_p2          |     |        | add_ln234_250     | add | fabric    | 0       |
|   add_ln234_251_fu_47356_p2          |     |        | add_ln234_251     | add | fabric    | 0       |
|   add_ln234_252_fu_47366_p2          |     |        | add_ln234_252     | add | fabric    | 0       |
|   add_ln234_253_fu_47376_p2          |     |        | add_ln234_253     | add | fabric    | 0       |
|   add_ln234_254_fu_47386_p2          |     |        | add_ln234_254     | add | fabric    | 0       |
|   add_ln234_255_fu_47396_p2          |     |        | add_ln234_255     | add | fabric    | 0       |
|   add_ln234_256_fu_47406_p2          |     |        | add_ln234_256     | add | fabric    | 0       |
|   add_ln234_257_fu_47416_p2          |     |        | add_ln234_257     | add | fabric    | 0       |
|   add_ln234_258_fu_47422_p2          |     |        | add_ln234_258     | add | fabric    | 0       |
|   add_ln234_259_fu_47432_p2          |     |        | add_ln234_259     | add | fabric    | 0       |
|   add_ln234_260_fu_47442_p2          |     |        | add_ln234_260     | add | fabric    | 0       |
|   add_ln234_261_fu_47452_p2          |     |        | add_ln234_261     | add | fabric    | 0       |
|   add_ln234_262_fu_47462_p2          |     |        | add_ln234_262     | add | fabric    | 0       |
|   add_ln234_263_fu_47472_p2          |     |        | add_ln234_263     | add | fabric    | 0       |
|   add_ln234_264_fu_47482_p2          |     |        | add_ln234_264     | add | fabric    | 0       |
|   add_ln234_265_fu_47492_p2          |     |        | add_ln234_265     | add | fabric    | 0       |
|   add_ln234_266_fu_47502_p2          |     |        | add_ln234_266     | add | fabric    | 0       |
|   add_ln234_267_fu_47512_p2          |     |        | add_ln234_267     | add | fabric    | 0       |
|   add_ln234_268_fu_47522_p2          |     |        | add_ln234_268     | add | fabric    | 0       |
|   add_ln234_269_fu_47532_p2          |     |        | add_ln234_269     | add | fabric    | 0       |
|   add_ln234_270_fu_47542_p2          |     |        | add_ln234_270     | add | fabric    | 0       |
|   add_ln234_271_fu_47552_p2          |     |        | add_ln234_271     | add | fabric    | 0       |
|   add_ln234_272_fu_47562_p2          |     |        | add_ln234_272     | add | fabric    | 0       |
|   add_ln234_273_fu_47572_p2          |     |        | add_ln234_273     | add | fabric    | 0       |
|   add_ln234_274_fu_47578_p2          |     |        | add_ln234_274     | add | fabric    | 0       |
|   add_ln234_275_fu_47588_p2          |     |        | add_ln234_275     | add | fabric    | 0       |
|   add_ln234_276_fu_47598_p2          |     |        | add_ln234_276     | add | fabric    | 0       |
|   add_ln234_277_fu_47608_p2          |     |        | add_ln234_277     | add | fabric    | 0       |
|   add_ln234_278_fu_47618_p2          |     |        | add_ln234_278     | add | fabric    | 0       |
|   add_ln234_279_fu_47628_p2          |     |        | add_ln234_279     | add | fabric    | 0       |
|   add_ln234_280_fu_47638_p2          |     |        | add_ln234_280     | add | fabric    | 0       |
|   add_ln234_281_fu_47648_p2          |     |        | add_ln234_281     | add | fabric    | 0       |
|   add_ln234_282_fu_47658_p2          |     |        | add_ln234_282     | add | fabric    | 0       |
|   add_ln234_283_fu_47668_p2          |     |        | add_ln234_283     | add | fabric    | 0       |
|   add_ln234_284_fu_47678_p2          |     |        | add_ln234_284     | add | fabric    | 0       |
|   add_ln234_285_fu_47688_p2          |     |        | add_ln234_285     | add | fabric    | 0       |
|   add_ln234_286_fu_47698_p2          |     |        | add_ln234_286     | add | fabric    | 0       |
|   add_ln234_287_fu_47708_p2          |     |        | add_ln234_287     | add | fabric    | 0       |
|   add_ln234_288_fu_47718_p2          |     |        | add_ln234_288     | add | fabric    | 0       |
|   add_ln234_289_fu_47728_p2          |     |        | add_ln234_289     | add | fabric    | 0       |
|   add_ln234_290_fu_47744_p2          |     |        | add_ln234_290     | add | fabric    | 0       |
|   add_ln234_291_fu_47754_p2          |     |        | add_ln234_291     | add | fabric    | 0       |
|   add_ln234_292_fu_47764_p2          |     |        | add_ln234_292     | add | fabric    | 0       |
|   add_ln234_293_fu_47774_p2          |     |        | add_ln234_293     | add | fabric    | 0       |
|   add_ln234_294_fu_47784_p2          |     |        | add_ln234_294     | add | fabric    | 0       |
|   add_ln234_295_fu_47794_p2          |     |        | add_ln234_295     | add | fabric    | 0       |
|   add_ln234_296_fu_47804_p2          |     |        | add_ln234_296     | add | fabric    | 0       |
|   add_ln234_297_fu_47814_p2          |     |        | add_ln234_297     | add | fabric    | 0       |
|   add_ln234_298_fu_47824_p2          |     |        | add_ln234_298     | add | fabric    | 0       |
|   add_ln234_299_fu_47834_p2          |     |        | add_ln234_299     | add | fabric    | 0       |
|   add_ln234_300_fu_47844_p2          |     |        | add_ln234_300     | add | fabric    | 0       |
|   add_ln234_301_fu_47854_p2          |     |        | add_ln234_301     | add | fabric    | 0       |
|   add_ln234_302_fu_47864_p2          |     |        | add_ln234_302     | add | fabric    | 0       |
|   add_ln234_303_fu_47874_p2          |     |        | add_ln234_303     | add | fabric    | 0       |
|   add_ln234_304_fu_47884_p2          |     |        | add_ln234_304     | add | fabric    | 0       |
|   add_ln234_305_fu_47894_p2          |     |        | add_ln234_305     | add | fabric    | 0       |
|   add_ln239_1_fu_49041_p2            |     |        | add_ln239_1       | add | fabric    | 0       |
|   add_ln239_2_fu_49051_p2            |     |        | add_ln239_2       | add | fabric    | 0       |
|   add_ln239_3_fu_49061_p2            |     |        | add_ln239_3       | add | fabric    | 0       |
|   add_ln239_4_fu_49071_p2            |     |        | add_ln239_4       | add | fabric    | 0       |
|   add_ln239_7_fu_49097_p2            |     |        | add_ln239_7       | add | fabric    | 0       |
|   add_ln239_8_fu_49107_p2            |     |        | add_ln239_8       | add | fabric    | 0       |
|   add_ln239_9_fu_49113_p2            |     |        | add_ln239_9       | add | fabric    | 0       |
|   add_ln239_10_fu_49123_p2           |     |        | add_ln239_10      | add | fabric    | 0       |
|   add_ln239_11_fu_49133_p2           |     |        | add_ln239_11      | add | fabric    | 0       |
|   add_ln239_12_fu_49143_p2           |     |        | add_ln239_12      | add | fabric    | 0       |
|   add_ln239_15_fu_49169_p2           |     |        | add_ln239_15      | add | fabric    | 0       |
|   add_ln239_16_fu_49179_p2           |     |        | add_ln239_16      | add | fabric    | 0       |
|   am_addmul_14s_14s_11ns_26_1_1_U907 | 1   |        | add_ln239         | add | dsp_slice | 0       |
|   am_addmul_14s_14s_11ns_26_1_1_U907 | 1   |        | mul_ln243         | mul | dsp_slice | 0       |
|   mac_muladd_9ns_16s_29s_29_1_1_U908 | 1   |        | mul_ln243_1       | mul | dsp_slice | 0       |
|   mac_muladd_9ns_16s_29s_29_1_1_U908 | 1   |        | add_ln243         | add | dsp_slice | 0       |
|   jmass_1_fu_55221_p2                |     |        | jmass_1           | add | fabric    | 0       |
|   mul_5ns_21s_26_1_1_U186            | 1   |        | mul_i_i2162       | mul | auto      | 0       |
|   mul_11s_18ns_27_1_1_U187           | 1   |        | mul_ln248         | mul | auto      | 0       |
|   add_ln248_fu_49378_p2              |     |        | add_ln248         | add | fabric    | 0       |
|   add_ln248_1_fu_49516_p2            |     |        | add_ln248_1       | add | fabric    | 0       |
|   mul_11s_18ns_27_1_1_U188           | 1   |        | mul_ln248_1       | mul | auto      | 0       |
|   add_ln248_2_fu_49699_p2            |     |        | add_ln248_2       | add | fabric    | 0       |
|   add_ln248_3_fu_49837_p2            |     |        | add_ln248_3       | add | fabric    | 0       |
|   mul_11s_18ns_27_1_1_U189           | 1   |        | mul_ln248_2       | mul | auto      | 0       |
|   add_ln248_4_fu_50020_p2            |     |        | add_ln248_4       | add | fabric    | 0       |
|   add_ln248_5_fu_50158_p2            |     |        | add_ln248_5       | add | fabric    | 0       |
|   mul_11s_18ns_27_1_1_U190           | 1   |        | mul_ln248_3       | mul | auto      | 0       |
|   add_ln248_6_fu_50341_p2            |     |        | add_ln248_6       | add | fabric    | 0       |
|   add_ln248_7_fu_50479_p2            |     |        | add_ln248_7       | add | fabric    | 0       |
|   mul_11s_18ns_27_1_1_U191           | 1   |        | mul_ln248_4       | mul | auto      | 0       |
|   add_ln248_8_fu_50662_p2            |     |        | add_ln248_8       | add | fabric    | 0       |
|   add_ln248_9_fu_50800_p2            |     |        | add_ln248_9       | add | fabric    | 0       |
|   mul_11s_18ns_27_1_1_U192           | 1   |        | mul_ln248_5       | mul | auto      | 0       |
|   add_ln248_10_fu_50983_p2           |     |        | add_ln248_10      | add | fabric    | 0       |
|   add_ln248_11_fu_51121_p2           |     |        | add_ln248_11      | add | fabric    | 0       |
|   mul_11s_18ns_27_1_1_U193           | 1   |        | mul_ln248_6       | mul | auto      | 0       |
|   add_ln248_12_fu_51304_p2           |     |        | add_ln248_12      | add | fabric    | 0       |
|   add_ln248_13_fu_51442_p2           |     |        | add_ln248_13      | add | fabric    | 0       |
|   mul_11s_18ns_27_1_1_U194           | 1   |        | mul_ln248_7       | mul | auto      | 0       |
|   add_ln248_14_fu_51625_p2           |     |        | add_ln248_14      | add | fabric    | 0       |
|   add_ln248_15_fu_51763_p2           |     |        | add_ln248_15      | add | fabric    | 0       |
|   mul_11s_18ns_27_1_1_U195           | 1   |        | mul_ln248_8       | mul | auto      | 0       |
|   add_ln248_16_fu_51946_p2           |     |        | add_ln248_16      | add | fabric    | 0       |
|   add_ln248_17_fu_52084_p2           |     |        | add_ln248_17      | add | fabric    | 0       |
|   mul_11s_18ns_27_1_1_U196           | 1   |        | mul_ln248_9       | mul | auto      | 0       |
|   add_ln248_18_fu_52267_p2           |     |        | add_ln248_18      | add | fabric    | 0       |
|   add_ln248_19_fu_52405_p2           |     |        | add_ln248_19      | add | fabric    | 0       |
|   mul_11s_18ns_27_1_1_U197           | 1   |        | mul_ln248_10      | mul | auto      | 0       |
|   add_ln248_20_fu_52588_p2           |     |        | add_ln248_20      | add | fabric    | 0       |
|   add_ln248_21_fu_52726_p2           |     |        | add_ln248_21      | add | fabric    | 0       |
|   mul_11s_18ns_27_1_1_U198           | 1   |        | mul_ln248_11      | mul | auto      | 0       |
|   add_ln248_22_fu_52909_p2           |     |        | add_ln248_22      | add | fabric    | 0       |
|   add_ln248_23_fu_53047_p2           |     |        | add_ln248_23      | add | fabric    | 0       |
|   mul_11s_18ns_27_1_1_U199           | 1   |        | mul_ln248_12      | mul | auto      | 0       |
|   add_ln248_24_fu_53230_p2           |     |        | add_ln248_24      | add | fabric    | 0       |
|   add_ln248_25_fu_53368_p2           |     |        | add_ln248_25      | add | fabric    | 0       |
|   mul_11s_18ns_27_1_1_U200           | 1   |        | mul_ln248_13      | mul | auto      | 0       |
|   add_ln248_26_fu_53551_p2           |     |        | add_ln248_26      | add | fabric    | 0       |
|   add_ln248_27_fu_53689_p2           |     |        | add_ln248_27      | add | fabric    | 0       |
|   mul_11s_18ns_27_1_1_U201           | 1   |        | mul_ln248_14      | mul | auto      | 0       |
|   add_ln248_28_fu_53872_p2           |     |        | add_ln248_28      | add | fabric    | 0       |
|   add_ln248_29_fu_54010_p2           |     |        | add_ln248_29      | add | fabric    | 0       |
|   mul_11s_18ns_27_1_1_U202           | 1   |        | mul_ln248_15      | mul | auto      | 0       |
|   add_ln248_30_fu_54193_p2           |     |        | add_ln248_30      | add | fabric    | 0       |
|   add_ln248_31_fu_54331_p2           |     |        | add_ln248_31      | add | fabric    | 0       |
|   mul_11s_18ns_27_1_1_U203           | 1   |        | mul_ln248_16      | mul | auto      | 0       |
|   add_ln248_32_fu_54514_p2           |     |        | add_ln248_32      | add | fabric    | 0       |
|   add_ln248_33_fu_54652_p2           |     |        | add_ln248_33      | add | fabric    | 0       |
|   mul_11s_18ns_27_1_1_U204           | 1   |        | mul_ln248_17      | mul | auto      | 0       |
|   add_ln248_34_fu_54835_p2           |     |        | add_ln248_34      | add | fabric    | 0       |
|   add_ln248_35_fu_54973_p2           |     |        | add_ln248_35      | add | fabric    | 0       |
|   sub_ln339_fu_100572_p2             |     |        | sub_ln339         | sub | fabric    | 0       |
|   sub_ln339_3_fu_100637_p2           |     |        | sub_ln339_3       | sub | fabric    | 0       |
|   sub_ln339_4_fu_100643_p2           |     |        | sub_ln339_4       | sub | fabric    | 0       |
|   sub_ln339_5_fu_100713_p2           |     |        | sub_ln339_5       | sub | fabric    | 0       |
|   add_ln339_fu_103649_p2             |     |        | add_ln339         | add | fabric    | 0       |
|   Tp_fu_103662_p2                    |     |        | Tp                | add | fabric    | 0       |
|   sub_ln339_6_fu_100754_p2           |     |        | sub_ln339_6       | sub | fabric    | 0       |
|   mul_6s_6s_11_1_1_U373              |     |        | mul_ln339         | mul | auto      | 0       |
|   sub_ln339_7_fu_100770_p2           |     |        | sub_ln339_7       | sub | fabric    | 0       |
|   addconv_fu_100788_p2               |     |        | addconv           | add | fabric    | 0       |
|   mul_ln339_117854_fu_100806_p2      |     |        | mul_ln339_117854  | sub | fabric    | 0       |
|   add_ln339_4_fu_103697_p2           |     |        | add_ln339_4       | add | fabric    | 0       |
|   add_ln339_5_fu_100824_p2           |     |        | add_ln339_5       | add | fabric    | 0       |
|   add_ln339_8_fu_103767_p2           |     |        | add_ln339_8       | add | fabric    | 0       |
|   sub_ln339_10_fu_100859_p2          |     |        | sub_ln339_10      | sub | fabric    | 0       |
|   add_ln339_9_fu_103799_p2           |     |        | add_ln339_9       | add | fabric    | 0       |
|   add_ln339_12_fu_103839_p2          |     |        | add_ln339_12      | add | fabric    | 0       |
|   mul_6s_6s_11_1_1_U374              |     |        | mul_ln339_1       | mul | auto      | 0       |
|   sub_ln339_450_fu_103876_p2         |     |        | sub_ln339_450     | sub | fabric    | 0       |
|   add_ln339_13_fu_103886_p2          |     |        | add_ln339_13      | add | fabric    | 0       |
|   add_ln339_14_fu_103896_p2          |     |        | add_ln339_14      | add | fabric    | 0       |
|   add_ln339_15_fu_103906_p2          |     |        | add_ln339_15      | add | fabric    | 0       |
|   Tp_3_fu_103912_p2                  |     |        | Tp_3              | add | fabric    | 0       |
|   add_ln339_16_fu_103959_p2          |     |        | add_ln339_16      | add | fabric    | 0       |
|   sub_ln339_13_fu_100900_p2          |     |        | sub_ln339_13      | sub | fabric    | 0       |
|   add_ln339_18_fu_103991_p2          |     |        | add_ln339_18      | add | fabric    | 0       |
|   add_ln339_20_fu_104031_p2          |     |        | add_ln339_20      | add | fabric    | 0       |
|   mul_6s_6s_11_1_1_U375              |     |        | mul_ln339_2       | mul | auto      | 0       |
|   sub_ln339_451_fu_104068_p2         |     |        | sub_ln339_451     | sub | fabric    | 0       |
|   add_ln339_22_fu_104078_p2          |     |        | add_ln339_22      | add | fabric    | 0       |
|   add_ln339_23_fu_104092_p2          |     |        | add_ln339_23      | add | fabric    | 0       |
|   Tp_5_fu_104106_p2                  |     |        | Tp_5              | add | fabric    | 0       |
|   add_ln339_24_fu_104153_p2          |     |        | add_ln339_24      | add | fabric    | 0       |
|   sub_ln339_16_fu_100941_p2          |     |        | sub_ln339_16      | sub | fabric    | 0       |
|   add_ln339_27_fu_104185_p2          |     |        | add_ln339_27      | add | fabric    | 0       |
|   add_ln339_28_fu_104225_p2          |     |        | add_ln339_28      | add | fabric    | 0       |
|   mul_6s_6s_11_1_1_U376              |     |        | mul_ln339_3       | mul | auto      | 0       |
|   sub_ln339_452_fu_104262_p2         |     |        | sub_ln339_452     | sub | fabric    | 0       |
|   add_ln339_31_fu_104272_p2          |     |        | add_ln339_31      | add | fabric    | 0       |
|   add_ln339_33_fu_104286_p2          |     |        | add_ln339_33      | add | fabric    | 0       |
|   Tp_7_fu_104300_p2                  |     |        | Tp_7              | add | fabric    | 0       |
|   add_ln339_32_fu_104347_p2          |     |        | add_ln339_32      | add | fabric    | 0       |
|   sub_ln339_19_fu_100982_p2          |     |        | sub_ln339_19      | sub | fabric    | 0       |
|   add_ln339_37_fu_104379_p2          |     |        | add_ln339_37      | add | fabric    | 0       |
|   add_ln339_36_fu_104419_p2          |     |        | add_ln339_36      | add | fabric    | 0       |
|   mul_6s_6s_11_1_1_U377              |     |        | mul_ln339_4       | mul | auto      | 0       |
|   sub_ln339_453_fu_104456_p2         |     |        | sub_ln339_453     | sub | fabric    | 0       |
|   add_ln339_41_fu_104466_p2          |     |        | add_ln339_41      | add | fabric    | 0       |
|   add_ln339_42_fu_104480_p2          |     |        | add_ln339_42      | add | fabric    | 0       |
|   Tp_9_fu_104494_p2                  |     |        | Tp_9              | add | fabric    | 0       |
|   add_ln339_40_fu_104541_p2          |     |        | add_ln339_40      | add | fabric    | 0       |
|   sub_ln339_22_fu_101023_p2          |     |        | sub_ln339_22      | sub | fabric    | 0       |
|   add_ln339_46_fu_104573_p2          |     |        | add_ln339_46      | add | fabric    | 0       |
|   add_ln339_44_fu_104613_p2          |     |        | add_ln339_44      | add | fabric    | 0       |
|   mul_6s_6s_11_1_1_U378              |     |        | mul_ln339_5       | mul | auto      | 0       |
|   sub_ln339_454_fu_104650_p2         |     |        | sub_ln339_454     | sub | fabric    | 0       |
|   add_ln339_50_fu_104660_p2          |     |        | add_ln339_50      | add | fabric    | 0       |
|   add_ln339_51_fu_104674_p2          |     |        | add_ln339_51      | add | fabric    | 0       |
|   Tp_11_fu_104688_p2                 |     |        | Tp_11             | add | fabric    | 0       |
|   add_ln339_48_fu_104735_p2          |     |        | add_ln339_48      | add | fabric    | 0       |
|   sub_ln339_25_fu_101064_p2          |     |        | sub_ln339_25      | sub | fabric    | 0       |
|   add_ln339_55_fu_104767_p2          |     |        | add_ln339_55      | add | fabric    | 0       |
|   add_ln339_52_fu_104807_p2          |     |        | add_ln339_52      | add | fabric    | 0       |
|   mul_6s_6s_11_1_1_U379              |     |        | mul_ln339_6       | mul | auto      | 0       |
|   sub_ln339_455_fu_104844_p2         |     |        | sub_ln339_455     | sub | fabric    | 0       |
|   add_ln339_59_fu_104854_p2          |     |        | add_ln339_59      | add | fabric    | 0       |
|   add_ln339_61_fu_104868_p2          |     |        | add_ln339_61      | add | fabric    | 0       |
|   Tp_13_fu_104882_p2                 |     |        | Tp_13             | add | fabric    | 0       |
|   add_ln339_56_fu_104929_p2          |     |        | add_ln339_56      | add | fabric    | 0       |
|   sub_ln339_28_fu_101105_p2          |     |        | sub_ln339_28      | sub | fabric    | 0       |
|   add_ln339_65_fu_104961_p2          |     |        | add_ln339_65      | add | fabric    | 0       |
|   add_ln339_60_fu_105001_p2          |     |        | add_ln339_60      | add | fabric    | 0       |
|   mul_6s_6s_11_1_1_U380              |     |        | mul_ln339_7       | mul | auto      | 0       |
|   sub_ln339_456_fu_105038_p2         |     |        | sub_ln339_456     | sub | fabric    | 0       |
|   add_ln339_69_fu_105048_p2          |     |        | add_ln339_69      | add | fabric    | 0       |
|   add_ln339_70_fu_105062_p2          |     |        | add_ln339_70      | add | fabric    | 0       |
|   Tp_15_fu_105076_p2                 |     |        | Tp_15             | add | fabric    | 0       |
|   add_ln339_64_fu_105123_p2          |     |        | add_ln339_64      | add | fabric    | 0       |
|   sub_ln339_31_fu_101146_p2          |     |        | sub_ln339_31      | sub | fabric    | 0       |
|   add_ln339_74_fu_105155_p2          |     |        | add_ln339_74      | add | fabric    | 0       |
|   add_ln339_68_fu_105195_p2          |     |        | add_ln339_68      | add | fabric    | 0       |
|   mul_6s_6s_11_1_1_U381              |     |        | mul_ln339_8       | mul | auto      | 0       |
|   sub_ln339_457_fu_105232_p2         |     |        | sub_ln339_457     | sub | fabric    | 0       |
|   add_ln339_78_fu_105242_p2          |     |        | add_ln339_78      | add | fabric    | 0       |
|   add_ln339_79_fu_105256_p2          |     |        | add_ln339_79      | add | fabric    | 0       |
|   Tp_17_fu_105270_p2                 |     |        | Tp_17             | add | fabric    | 0       |
|   add_ln339_72_fu_105317_p2          |     |        | add_ln339_72      | add | fabric    | 0       |
|   sub_ln339_34_fu_101187_p2          |     |        | sub_ln339_34      | sub | fabric    | 0       |
|   add_ln339_83_fu_105349_p2          |     |        | add_ln339_83      | add | fabric    | 0       |
|   add_ln339_76_fu_105389_p2          |     |        | add_ln339_76      | add | fabric    | 0       |
|   mul_6s_6s_11_1_1_U382              |     |        | mul_ln339_9       | mul | auto      | 0       |
|   sub_ln339_458_fu_105426_p2         |     |        | sub_ln339_458     | sub | fabric    | 0       |
|   add_ln339_87_fu_105436_p2          |     |        | add_ln339_87      | add | fabric    | 0       |
|   add_ln339_89_fu_105450_p2          |     |        | add_ln339_89      | add | fabric    | 0       |
|   Tp_19_fu_105464_p2                 |     |        | Tp_19             | add | fabric    | 0       |
|   add_ln339_80_fu_105511_p2          |     |        | add_ln339_80      | add | fabric    | 0       |
|   sub_ln339_37_fu_101228_p2          |     |        | sub_ln339_37      | sub | fabric    | 0       |
|   add_ln339_93_fu_105543_p2          |     |        | add_ln339_93      | add | fabric    | 0       |
|   add_ln339_84_fu_105583_p2          |     |        | add_ln339_84      | add | fabric    | 0       |
|   mul_6s_6s_11_1_1_U383              |     |        | mul_ln339_10      | mul | auto      | 0       |
|   sub_ln339_459_fu_105620_p2         |     |        | sub_ln339_459     | sub | fabric    | 0       |
|   add_ln339_97_fu_105630_p2          |     |        | add_ln339_97      | add | fabric    | 0       |
|   add_ln339_98_fu_105644_p2          |     |        | add_ln339_98      | add | fabric    | 0       |
|   Tp_21_fu_105658_p2                 |     |        | Tp_21             | add | fabric    | 0       |
|   add_ln339_88_fu_105705_p2          |     |        | add_ln339_88      | add | fabric    | 0       |
|   sub_ln339_40_fu_101269_p2          |     |        | sub_ln339_40      | sub | fabric    | 0       |
|   add_ln339_102_fu_105737_p2         |     |        | add_ln339_102     | add | fabric    | 0       |
|   add_ln339_92_fu_105777_p2          |     |        | add_ln339_92      | add | fabric    | 0       |
|   mul_6s_6s_11_1_1_U384              |     |        | mul_ln339_11      | mul | auto      | 0       |
|   sub_ln339_460_fu_105814_p2         |     |        | sub_ln339_460     | sub | fabric    | 0       |
|   add_ln339_106_fu_105824_p2         |     |        | add_ln339_106     | add | fabric    | 0       |
|   add_ln339_107_fu_105838_p2         |     |        | add_ln339_107     | add | fabric    | 0       |
|   Tp_23_fu_105852_p2                 |     |        | Tp_23             | add | fabric    | 0       |
|   add_ln339_96_fu_105899_p2          |     |        | add_ln339_96      | add | fabric    | 0       |
|   sub_ln339_43_fu_101310_p2          |     |        | sub_ln339_43      | sub | fabric    | 0       |
|   add_ln339_111_fu_105931_p2         |     |        | add_ln339_111     | add | fabric    | 0       |
|   add_ln339_100_fu_105971_p2         |     |        | add_ln339_100     | add | fabric    | 0       |
|   mul_6s_6s_11_1_1_U385              |     |        | mul_ln339_12      | mul | auto      | 0       |
|   sub_ln339_461_fu_106008_p2         |     |        | sub_ln339_461     | sub | fabric    | 0       |
|   add_ln339_115_fu_106018_p2         |     |        | add_ln339_115     | add | fabric    | 0       |
|   add_ln339_117_fu_106032_p2         |     |        | add_ln339_117     | add | fabric    | 0       |
|   Tp_25_fu_106046_p2                 |     |        | Tp_25             | add | fabric    | 0       |
|   add_ln339_104_fu_106093_p2         |     |        | add_ln339_104     | add | fabric    | 0       |
|   sub_ln339_46_fu_101351_p2          |     |        | sub_ln339_46      | sub | fabric    | 0       |
|   add_ln339_121_fu_106125_p2         |     |        | add_ln339_121     | add | fabric    | 0       |
|   add_ln339_108_fu_106165_p2         |     |        | add_ln339_108     | add | fabric    | 0       |
|   mul_6s_6s_11_1_1_U386              |     |        | mul_ln339_13      | mul | auto      | 0       |
|   sub_ln339_462_fu_106202_p2         |     |        | sub_ln339_462     | sub | fabric    | 0       |
|   add_ln339_125_fu_106212_p2         |     |        | add_ln339_125     | add | fabric    | 0       |
|   add_ln339_126_fu_106226_p2         |     |        | add_ln339_126     | add | fabric    | 0       |
|   Tp_27_fu_106240_p2                 |     |        | Tp_27             | add | fabric    | 0       |
|   add_ln339_112_fu_106287_p2         |     |        | add_ln339_112     | add | fabric    | 0       |
|   sub_ln339_49_fu_101392_p2          |     |        | sub_ln339_49      | sub | fabric    | 0       |
|   add_ln339_130_fu_106319_p2         |     |        | add_ln339_130     | add | fabric    | 0       |
|   add_ln339_116_fu_106359_p2         |     |        | add_ln339_116     | add | fabric    | 0       |
|   mul_6s_6s_11_1_1_U387              |     |        | mul_ln339_14      | mul | auto      | 0       |
|   sub_ln339_463_fu_106396_p2         |     |        | sub_ln339_463     | sub | fabric    | 0       |
|   add_ln339_134_fu_106406_p2         |     |        | add_ln339_134     | add | fabric    | 0       |
|   add_ln339_135_fu_106420_p2         |     |        | add_ln339_135     | add | fabric    | 0       |
|   Tp_29_fu_106434_p2                 |     |        | Tp_29             | add | fabric    | 0       |
|   add_ln339_120_fu_106451_p2         |     |        | add_ln339_120     | add | fabric    | 0       |
|   sub_ln339_52_fu_101468_p2          |     |        | sub_ln339_52      | sub | fabric    | 0       |
|   add_ln339_139_fu_106478_p2         |     |        | add_ln339_139     | add | fabric    | 0       |
|   add_ln339_141_fu_106488_p2         |     |        | add_ln339_141     | add | fabric    | 0       |
|   Tp_30_fu_106498_p2                 |     |        | Tp_30             | add | fabric    | 0       |
|   add_ln339_124_fu_106522_p2         |     |        | add_ln339_124     | add | fabric    | 0       |
|   mul_6s_6s_11_1_1_U388              |     |        | mul_ln339_15      | mul | auto      | 0       |
|   sub_ln339_464_fu_106563_p2         |     |        | sub_ln339_464     | sub | fabric    | 0       |
|   add_ln339_143_fu_106573_p2         |     |        | add_ln339_143     | add | fabric    | 0       |
|   add_ln339_128_fu_106636_p2         |     |        | add_ln339_128     | add | fabric    | 0       |
|   sub_ln339_55_fu_101509_p2          |     |        | sub_ln339_55      | sub | fabric    | 0       |
|   add_ln339_146_fu_106668_p2         |     |        | add_ln339_146     | add | fabric    | 0       |
|   add_ln339_132_fu_106708_p2         |     |        | add_ln339_132     | add | fabric    | 0       |
|   mul_6s_6s_11_1_1_U389              |     |        | mul_ln339_16      | mul | auto      | 0       |
|   sub_ln339_465_fu_106745_p2         |     |        | sub_ln339_465     | sub | fabric    | 0       |
|   add_ln339_149_fu_106755_p2         |     |        | add_ln339_149     | add | fabric    | 0       |
|   add_ln339_150_fu_106769_p2         |     |        | add_ln339_150     | add | fabric    | 0       |
|   Tp_33_fu_106783_p2                 |     |        | Tp_33             | add | fabric    | 0       |
|   add_ln339_136_fu_106830_p2         |     |        | add_ln339_136     | add | fabric    | 0       |
|   sub_ln339_58_fu_101550_p2          |     |        | sub_ln339_58      | sub | fabric    | 0       |
|   add_ln339_153_fu_106862_p2         |     |        | add_ln339_153     | add | fabric    | 0       |
|   add_ln339_140_fu_106902_p2         |     |        | add_ln339_140     | add | fabric    | 0       |
|   mul_6s_6s_11_1_1_U390              |     |        | mul_ln339_17      | mul | auto      | 0       |
|   sub_ln339_466_fu_106939_p2         |     |        | sub_ln339_466     | sub | fabric    | 0       |
|   add_ln339_156_fu_106949_p2         |     |        | add_ln339_156     | add | fabric    | 0       |
|   add_ln339_157_fu_106963_p2         |     |        | add_ln339_157     | add | fabric    | 0       |
|   Tp_35_fu_106977_p2                 |     |        | Tp_35             | add | fabric    | 0       |
|   sub_ln339_59_fu_101562_p2          |     |        | sub_ln339_59      | sub | fabric    | 0       |
|   add_ln339_161_fu_106994_p2         |     |        | add_ln339_161     | add | fabric    | 0       |
|   sub_ln339_60_fu_101579_p2          |     |        | sub_ln339_60      | sub | fabric    | 0       |
|   add_ln339_165_fu_107031_p2         |     |        | add_ln339_165     | add | fabric    | 0       |
|   add_ln339_166_fu_107041_p2         |     |        | add_ln339_166     | add | fabric    | 0       |
|   add_ln339_168_fu_107051_p2         |     |        | add_ln339_168     | add | fabric    | 0       |
|   Tp_37_fu_107057_p2                 |     |        | Tp_37             | add | fabric    | 0       |
|   sub_ln339_64_fu_107096_p2          |     |        | sub_ln339_64      | sub | fabric    | 0       |
|   add_ln339_170_fu_107114_p2         |     |        | add_ln339_170     | add | fabric    | 0       |
|   Tp_38_fu_107140_p2                 |     |        | Tp_38             | add | fabric    | 0       |
|   sub_ln339_65_fu_101644_p2          |     |        | sub_ln339_65      | sub | fabric    | 0       |
|   addconv688_fu_101654_p2            |     |        | addconv688        | add | fabric    | 0       |
|   mul_ln339_317769_fu_107168_p2      |     |        | mul_ln339_317769  | sub | fabric    | 0       |
|   add_ln339_176_fu_107186_p2         |     |        | add_ln339_176     | add | fabric    | 0       |
|   add_ln339_177_fu_107196_p2         |     |        | add_ln339_177     | add | fabric    | 0       |
|   add_ln339_159_fu_107256_p2         |     |        | add_ln339_159     | add | fabric    | 0       |
|   add_ln339_163_fu_107289_p2         |     |        | add_ln339_163     | add | fabric    | 0       |
|   add_ln339_184_fu_107295_p2         |     |        | add_ln339_184     | add | fabric    | 0       |
|   Tp_41_fu_107309_p2                 |     |        | Tp_41             | add | fabric    | 0       |
|   add_ln339_167_fu_107349_p2         |     |        | add_ln339_167     | add | fabric    | 0       |
|   add_ln339_171_fu_107382_p2         |     |        | add_ln339_171     | add | fabric    | 0       |
|   add_ln339_189_fu_107388_p2         |     |        | add_ln339_189     | add | fabric    | 0       |
|   Tp_43_fu_107402_p2                 |     |        | Tp_43             | add | fabric    | 0       |
|   add_ln339_175_fu_107442_p2         |     |        | add_ln339_175     | add | fabric    | 0       |
|   add_ln339_179_fu_107475_p2         |     |        | add_ln339_179     | add | fabric    | 0       |
|   add_ln339_194_fu_107481_p2         |     |        | add_ln339_194     | add | fabric    | 0       |
|   Tp_45_fu_107495_p2                 |     |        | Tp_45             | add | fabric    | 0       |
|   add_ln339_183_fu_107535_p2         |     |        | add_ln339_183     | add | fabric    | 0       |
|   add_ln339_187_fu_107568_p2         |     |        | add_ln339_187     | add | fabric    | 0       |
|   add_ln339_200_fu_107574_p2         |     |        | add_ln339_200     | add | fabric    | 0       |
|   Tp_47_fu_107588_p2                 |     |        | Tp_47             | add | fabric    | 0       |
|   add_ln339_191_fu_107628_p2         |     |        | add_ln339_191     | add | fabric    | 0       |
|   add_ln339_195_fu_107661_p2         |     |        | add_ln339_195     | add | fabric    | 0       |
|   add_ln339_205_fu_107667_p2         |     |        | add_ln339_205     | add | fabric    | 0       |
|   Tp_49_fu_107681_p2                 |     |        | Tp_49             | add | fabric    | 0       |
|   add_ln339_199_fu_107721_p2         |     |        | add_ln339_199     | add | fabric    | 0       |
|   add_ln339_203_fu_107754_p2         |     |        | add_ln339_203     | add | fabric    | 0       |
|   add_ln339_210_fu_107760_p2         |     |        | add_ln339_210     | add | fabric    | 0       |
|   Tp_51_fu_107774_p2                 |     |        | Tp_51             | add | fabric    | 0       |
|   add_ln339_207_fu_107814_p2         |     |        | add_ln339_207     | add | fabric    | 0       |
|   add_ln339_211_fu_107847_p2         |     |        | add_ln339_211     | add | fabric    | 0       |
|   add_ln339_216_fu_107853_p2         |     |        | add_ln339_216     | add | fabric    | 0       |
|   Tp_53_fu_107867_p2                 |     |        | Tp_53             | add | fabric    | 0       |
|   add_ln339_215_fu_107907_p2         |     |        | add_ln339_215     | add | fabric    | 0       |
|   add_ln339_219_fu_107940_p2         |     |        | add_ln339_219     | add | fabric    | 0       |
|   add_ln339_221_fu_107946_p2         |     |        | add_ln339_221     | add | fabric    | 0       |
|   Tp_55_fu_107960_p2                 |     |        | Tp_55             | add | fabric    | 0       |
|   add_ln339_223_fu_108000_p2         |     |        | add_ln339_223     | add | fabric    | 0       |
|   add_ln339_226_fu_108033_p2         |     |        | add_ln339_226     | add | fabric    | 0       |
|   add_ln339_227_fu_108039_p2         |     |        | add_ln339_227     | add | fabric    | 0       |
|   Tp_57_fu_108053_p2                 |     |        | Tp_57             | add | fabric    | 0       |
|   add_ln339_229_fu_108093_p2         |     |        | add_ln339_229     | add | fabric    | 0       |
|   add_ln339_232_fu_108126_p2         |     |        | add_ln339_232     | add | fabric    | 0       |
|   add_ln339_233_fu_108132_p2         |     |        | add_ln339_233     | add | fabric    | 0       |
|   Tp_59_fu_108146_p2                 |     |        | Tp_59             | add | fabric    | 0       |
|   add_ln339_235_fu_108186_p2         |     |        | add_ln339_235     | add | fabric    | 0       |
|   add_ln339_238_fu_108219_p2         |     |        | add_ln339_238     | add | fabric    | 0       |
|   add_ln339_239_fu_108225_p2         |     |        | add_ln339_239     | add | fabric    | 0       |
|   Tp_61_fu_108239_p2                 |     |        | Tp_61             | add | fabric    | 0       |
|   add_ln339_241_fu_108279_p2         |     |        | add_ln339_241     | add | fabric    | 0       |
|   add_ln339_244_fu_108312_p2         |     |        | add_ln339_244     | add | fabric    | 0       |
|   add_ln339_245_fu_108318_p2         |     |        | add_ln339_245     | add | fabric    | 0       |
|   Tp_63_fu_108332_p2                 |     |        | Tp_63             | add | fabric    | 0       |
|   add_ln339_247_fu_108372_p2         |     |        | add_ln339_247     | add | fabric    | 0       |
|   add_ln339_250_fu_108405_p2         |     |        | add_ln339_250     | add | fabric    | 0       |
|   add_ln339_251_fu_108411_p2         |     |        | add_ln339_251     | add | fabric    | 0       |
|   Tp_65_fu_108425_p2                 |     |        | Tp_65             | add | fabric    | 0       |
|   add_ln339_253_fu_108442_p2         |     |        | add_ln339_253     | add | fabric    | 0       |
|   add_ln339_254_fu_108447_p2         |     |        | add_ln339_254     | add | fabric    | 0       |
|   Tp_66_fu_108457_p2                 |     |        | Tp_66             | add | fabric    | 0       |
|   add_ln339_256_fu_108474_p2         |     |        | add_ln339_256     | add | fabric    | 0       |
|   add_ln339_259_fu_108530_p2         |     |        | add_ln339_259     | add | fabric    | 0       |
|   add_ln339_262_fu_108563_p2         |     |        | add_ln339_262     | add | fabric    | 0       |
|   add_ln339_263_fu_108569_p2         |     |        | add_ln339_263     | add | fabric    | 0       |
|   Tp_69_fu_108583_p2                 |     |        | Tp_69             | add | fabric    | 0       |
|   add_ln339_265_fu_108623_p2         |     |        | add_ln339_265     | add | fabric    | 0       |
|   add_ln339_268_fu_108656_p2         |     |        | add_ln339_268     | add | fabric    | 0       |
|   add_ln339_269_fu_108662_p2         |     |        | add_ln339_269     | add | fabric    | 0       |
|   Tp_71_fu_108676_p2                 |     |        | Tp_71             | add | fabric    | 0       |
|   sub_ln339_98_fu_101688_p2          |     |        | sub_ln339_98      | sub | fabric    | 0       |
|   add_ln339_271_fu_108693_p2         |     |        | add_ln339_271     | add | fabric    | 0       |
|   sub_ln339_99_fu_101705_p2          |     |        | sub_ln339_99      | sub | fabric    | 0       |
|   add_ln339_274_fu_108730_p2         |     |        | add_ln339_274     | add | fabric    | 0       |
|   add_ln339_275_fu_108744_p2         |     |        | add_ln339_275     | add | fabric    | 0       |
|   Tp_73_fu_108758_p2                 |     |        | Tp_73             | add | fabric    | 0       |
|   add_ln339_279_fu_108776_p2         |     |        | add_ln339_279     | add | fabric    | 0       |
|   Tp_75_fu_108790_p2                 |     |        | Tp_75             | add | fabric    | 0       |
|   sub_ln339_103_fu_108829_p2         |     |        | sub_ln339_103     | sub | fabric    | 0       |
|   add_ln339_281_fu_108847_p2         |     |        | add_ln339_281     | add | fabric    | 0       |
|   Tp_76_fu_108873_p2                 |     |        | Tp_76             | add | fabric    | 0       |
|   sub_ln339_104_fu_101770_p2         |     |        | sub_ln339_104     | sub | fabric    | 0       |
|   addconv689_fu_101780_p2            |     |        | addconv689        | add | fabric    | 0       |
|   mul_ln339_517767_fu_108901_p2      |     |        | mul_ln339_517767  | sub | fabric    | 0       |
|   add_ln339_285_fu_108919_p2         |     |        | add_ln339_285     | add | fabric    | 0       |
|   add_ln339_286_fu_108929_p2         |     |        | add_ln339_286     | add | fabric    | 0       |
|   add_ln339_289_fu_108989_p2         |     |        | add_ln339_289     | add | fabric    | 0       |
|   add_ln339_292_fu_109022_p2         |     |        | add_ln339_292     | add | fabric    | 0       |
|   add_ln339_293_fu_109028_p2         |     |        | add_ln339_293     | add | fabric    | 0       |
|   Tp_79_fu_109042_p2                 |     |        | Tp_79             | add | fabric    | 0       |
|   add_ln339_295_fu_109082_p2         |     |        | add_ln339_295     | add | fabric    | 0       |
|   add_ln339_299_fu_109115_p2         |     |        | add_ln339_299     | add | fabric    | 0       |
|   add_ln339_300_fu_109121_p2         |     |        | add_ln339_300     | add | fabric    | 0       |
|   Tp_81_fu_109135_p2                 |     |        | Tp_81             | add | fabric    | 0       |
|   add_ln339_302_fu_109175_p2         |     |        | add_ln339_302     | add | fabric    | 0       |
|   add_ln339_305_fu_109208_p2         |     |        | add_ln339_305     | add | fabric    | 0       |
|   add_ln339_306_fu_109214_p2         |     |        | add_ln339_306     | add | fabric    | 0       |
|   Tp_83_fu_109228_p2                 |     |        | Tp_83             | add | fabric    | 0       |
|   add_ln339_308_fu_109268_p2         |     |        | add_ln339_308     | add | fabric    | 0       |
|   add_ln339_311_fu_109301_p2         |     |        | add_ln339_311     | add | fabric    | 0       |
|   add_ln339_312_fu_109307_p2         |     |        | add_ln339_312     | add | fabric    | 0       |
|   Tp_85_fu_109321_p2                 |     |        | Tp_85             | add | fabric    | 0       |
|   add_ln339_314_fu_109361_p2         |     |        | add_ln339_314     | add | fabric    | 0       |
|   add_ln339_317_fu_109394_p2         |     |        | add_ln339_317     | add | fabric    | 0       |
|   add_ln339_318_fu_109400_p2         |     |        | add_ln339_318     | add | fabric    | 0       |
|   Tp_87_fu_109414_p2                 |     |        | Tp_87             | add | fabric    | 0       |
|   add_ln339_320_fu_109454_p2         |     |        | add_ln339_320     | add | fabric    | 0       |
|   add_ln339_323_fu_109487_p2         |     |        | add_ln339_323     | add | fabric    | 0       |
|   add_ln339_324_fu_109493_p2         |     |        | add_ln339_324     | add | fabric    | 0       |
|   Tp_89_fu_109507_p2                 |     |        | Tp_89             | add | fabric    | 0       |
|   add_ln339_326_fu_109547_p2         |     |        | add_ln339_326     | add | fabric    | 0       |
|   add_ln339_329_fu_109580_p2         |     |        | add_ln339_329     | add | fabric    | 0       |
|   add_ln339_330_fu_109586_p2         |     |        | add_ln339_330     | add | fabric    | 0       |
|   Tp_91_fu_109600_p2                 |     |        | Tp_91             | add | fabric    | 0       |
|   add_ln339_332_fu_109640_p2         |     |        | add_ln339_332     | add | fabric    | 0       |
|   add_ln339_335_fu_109673_p2         |     |        | add_ln339_335     | add | fabric    | 0       |
|   add_ln339_336_fu_109679_p2         |     |        | add_ln339_336     | add | fabric    | 0       |
|   Tp_93_fu_109693_p2                 |     |        | Tp_93             | add | fabric    | 0       |
|   add_ln339_338_fu_109733_p2         |     |        | add_ln339_338     | add | fabric    | 0       |
|   add_ln339_341_fu_109766_p2         |     |        | add_ln339_341     | add | fabric    | 0       |
|   add_ln339_342_fu_109772_p2         |     |        | add_ln339_342     | add | fabric    | 0       |
|   Tp_95_fu_109786_p2                 |     |        | Tp_95             | add | fabric    | 0       |
|   add_ln339_344_fu_109826_p2         |     |        | add_ln339_344     | add | fabric    | 0       |
|   add_ln339_347_fu_109859_p2         |     |        | add_ln339_347     | add | fabric    | 0       |
|   add_ln339_348_fu_109865_p2         |     |        | add_ln339_348     | add | fabric    | 0       |
|   Tp_97_fu_109879_p2                 |     |        | Tp_97             | add | fabric    | 0       |
|   add_ln339_350_fu_109919_p2         |     |        | add_ln339_350     | add | fabric    | 0       |
|   add_ln339_353_fu_109952_p2         |     |        | add_ln339_353     | add | fabric    | 0       |
|   add_ln339_354_fu_109958_p2         |     |        | add_ln339_354     | add | fabric    | 0       |
|   Tp_99_fu_109972_p2                 |     |        | Tp_99             | add | fabric    | 0       |
|   add_ln339_356_fu_110012_p2         |     |        | add_ln339_356     | add | fabric    | 0       |
|   add_ln339_359_fu_110045_p2         |     |        | add_ln339_359     | add | fabric    | 0       |
|   add_ln339_360_fu_110051_p2         |     |        | add_ln339_360     | add | fabric    | 0       |
|   Tp_101_fu_110065_p2                |     |        | Tp_101            | add | fabric    | 0       |
|   add_ln339_362_fu_110082_p2         |     |        | add_ln339_362     | add | fabric    | 0       |
|   add_ln339_363_fu_110087_p2         |     |        | add_ln339_363     | add | fabric    | 0       |
|   Tp_102_fu_110097_p2                |     |        | Tp_102            | add | fabric    | 0       |
|   add_ln339_365_fu_110114_p2         |     |        | add_ln339_365     | add | fabric    | 0       |
|   add_ln339_368_fu_110170_p2         |     |        | add_ln339_368     | add | fabric    | 0       |
|   add_ln339_371_fu_110203_p2         |     |        | add_ln339_371     | add | fabric    | 0       |
|   add_ln339_372_fu_110209_p2         |     |        | add_ln339_372     | add | fabric    | 0       |
|   Tp_105_fu_110223_p2                |     |        | Tp_105            | add | fabric    | 0       |
|   add_ln339_374_fu_110263_p2         |     |        | add_ln339_374     | add | fabric    | 0       |
|   add_ln339_377_fu_110296_p2         |     |        | add_ln339_377     | add | fabric    | 0       |
|   add_ln339_378_fu_110302_p2         |     |        | add_ln339_378     | add | fabric    | 0       |
|   Tp_107_fu_110316_p2                |     |        | Tp_107            | add | fabric    | 0       |
|   sub_ln339_135_fu_101814_p2         |     |        | sub_ln339_135     | sub | fabric    | 0       |
|   add_ln339_380_fu_110333_p2         |     |        | add_ln339_380     | add | fabric    | 0       |
|   sub_ln339_136_fu_101831_p2         |     |        | sub_ln339_136     | sub | fabric    | 0       |
|   add_ln339_383_fu_110370_p2         |     |        | add_ln339_383     | add | fabric    | 0       |
|   add_ln339_384_fu_110384_p2         |     |        | add_ln339_384     | add | fabric    | 0       |
|   Tp_109_fu_110398_p2                |     |        | Tp_109            | add | fabric    | 0       |
|   add_ln339_388_fu_110416_p2         |     |        | add_ln339_388     | add | fabric    | 0       |
|   Tp_111_fu_110430_p2                |     |        | Tp_111            | add | fabric    | 0       |
|   add_ln339_392_fu_110448_p2         |     |        | add_ln339_392     | add | fabric    | 0       |
|   Tp_113_fu_110462_p2                |     |        | Tp_113            | add | fabric    | 0       |
|   sub_ln339_140_fu_110501_p2         |     |        | sub_ln339_140     | sub | fabric    | 0       |
|   add_ln339_394_fu_110519_p2         |     |        | add_ln339_394     | add | fabric    | 0       |
|   Tp_114_fu_110545_p2                |     |        | Tp_114            | add | fabric    | 0       |
|   sub_ln339_141_fu_101896_p2         |     |        | sub_ln339_141     | sub | fabric    | 0       |
|   addconv690_fu_101906_p2            |     |        | addconv690        | add | fabric    | 0       |
|   mul_ln339_717765_fu_110573_p2      |     |        | mul_ln339_717765  | sub | fabric    | 0       |
|   add_ln339_398_fu_110591_p2         |     |        | add_ln339_398     | add | fabric    | 0       |
|   add_ln339_399_fu_110601_p2         |     |        | add_ln339_399     | add | fabric    | 0       |
|   add_ln339_402_fu_110661_p2         |     |        | add_ln339_402     | add | fabric    | 0       |
|   add_ln339_405_fu_110694_p2         |     |        | add_ln339_405     | add | fabric    | 0       |
|   add_ln339_406_fu_110700_p2         |     |        | add_ln339_406     | add | fabric    | 0       |
|   Tp_117_fu_110714_p2                |     |        | Tp_117            | add | fabric    | 0       |
|   add_ln339_408_fu_110754_p2         |     |        | add_ln339_408     | add | fabric    | 0       |
|   add_ln339_411_fu_110787_p2         |     |        | add_ln339_411     | add | fabric    | 0       |
|   add_ln339_412_fu_110793_p2         |     |        | add_ln339_412     | add | fabric    | 0       |
|   Tp_119_fu_110807_p2                |     |        | Tp_119            | add | fabric    | 0       |
|   add_ln339_414_fu_110847_p2         |     |        | add_ln339_414     | add | fabric    | 0       |
|   add_ln339_417_fu_110880_p2         |     |        | add_ln339_417     | add | fabric    | 0       |
|   add_ln339_418_fu_110886_p2         |     |        | add_ln339_418     | add | fabric    | 0       |
|   Tp_121_fu_110900_p2                |     |        | Tp_121            | add | fabric    | 0       |
|   add_ln339_420_fu_110940_p2         |     |        | add_ln339_420     | add | fabric    | 0       |
|   add_ln339_424_fu_110973_p2         |     |        | add_ln339_424     | add | fabric    | 0       |
|   add_ln339_425_fu_110979_p2         |     |        | add_ln339_425     | add | fabric    | 0       |
|   Tp_123_fu_110993_p2                |     |        | Tp_123            | add | fabric    | 0       |
|   add_ln339_427_fu_111033_p2         |     |        | add_ln339_427     | add | fabric    | 0       |
|   add_ln339_430_fu_111066_p2         |     |        | add_ln339_430     | add | fabric    | 0       |
|   add_ln339_431_fu_111072_p2         |     |        | add_ln339_431     | add | fabric    | 0       |
|   Tp_125_fu_111086_p2                |     |        | Tp_125            | add | fabric    | 0       |
|   add_ln339_433_fu_111126_p2         |     |        | add_ln339_433     | add | fabric    | 0       |
|   add_ln339_436_fu_111159_p2         |     |        | add_ln339_436     | add | fabric    | 0       |
|   add_ln339_437_fu_111165_p2         |     |        | add_ln339_437     | add | fabric    | 0       |
|   Tp_127_fu_111179_p2                |     |        | Tp_127            | add | fabric    | 0       |
|   add_ln339_439_fu_111219_p2         |     |        | add_ln339_439     | add | fabric    | 0       |
|   add_ln339_442_fu_111252_p2         |     |        | add_ln339_442     | add | fabric    | 0       |
|   add_ln339_443_fu_111258_p2         |     |        | add_ln339_443     | add | fabric    | 0       |
|   Tp_129_fu_111272_p2                |     |        | Tp_129            | add | fabric    | 0       |
|   add_ln339_445_fu_111312_p2         |     |        | add_ln339_445     | add | fabric    | 0       |
|   add_ln339_448_fu_111345_p2         |     |        | add_ln339_448     | add | fabric    | 0       |
|   add_ln339_449_fu_111351_p2         |     |        | add_ln339_449     | add | fabric    | 0       |
|   Tp_131_fu_111365_p2                |     |        | Tp_131            | add | fabric    | 0       |
|   add_ln339_451_fu_111405_p2         |     |        | add_ln339_451     | add | fabric    | 0       |
|   add_ln339_454_fu_111438_p2         |     |        | add_ln339_454     | add | fabric    | 0       |
|   add_ln339_455_fu_111444_p2         |     |        | add_ln339_455     | add | fabric    | 0       |
|   Tp_133_fu_111458_p2                |     |        | Tp_133            | add | fabric    | 0       |
|   add_ln339_457_fu_111498_p2         |     |        | add_ln339_457     | add | fabric    | 0       |
|   add_ln339_460_fu_111531_p2         |     |        | add_ln339_460     | add | fabric    | 0       |
|   add_ln339_461_fu_111537_p2         |     |        | add_ln339_461     | add | fabric    | 0       |
|   Tp_135_fu_111551_p2                |     |        | Tp_135            | add | fabric    | 0       |
|   add_ln339_463_fu_111591_p2         |     |        | add_ln339_463     | add | fabric    | 0       |
|   add_ln339_466_fu_111624_p2         |     |        | add_ln339_466     | add | fabric    | 0       |
|   add_ln339_467_fu_111630_p2         |     |        | add_ln339_467     | add | fabric    | 0       |
|   Tp_137_fu_111644_p2                |     |        | Tp_137            | add | fabric    | 0       |
|   add_ln339_469_fu_111661_p2         |     |        | add_ln339_469     | add | fabric    | 0       |
|   add_ln339_470_fu_111666_p2         |     |        | add_ln339_470     | add | fabric    | 0       |
|   Tp_138_fu_111676_p2                |     |        | Tp_138            | add | fabric    | 0       |
|   add_ln339_472_fu_111693_p2         |     |        | add_ln339_472     | add | fabric    | 0       |
|   add_ln339_475_fu_111749_p2         |     |        | add_ln339_475     | add | fabric    | 0       |
|   add_ln339_478_fu_111782_p2         |     |        | add_ln339_478     | add | fabric    | 0       |
|   add_ln339_479_fu_111788_p2         |     |        | add_ln339_479     | add | fabric    | 0       |
|   Tp_141_fu_111802_p2                |     |        | Tp_141            | add | fabric    | 0       |
|   add_ln339_481_fu_111842_p2         |     |        | add_ln339_481     | add | fabric    | 0       |
|   add_ln339_484_fu_111875_p2         |     |        | add_ln339_484     | add | fabric    | 0       |
|   add_ln339_485_fu_111881_p2         |     |        | add_ln339_485     | add | fabric    | 0       |
|   Tp_143_fu_111895_p2                |     |        | Tp_143            | add | fabric    | 0       |
|   sub_ln339_170_fu_101940_p2         |     |        | sub_ln339_170     | sub | fabric    | 0       |
|   add_ln339_487_fu_111912_p2         |     |        | add_ln339_487     | add | fabric    | 0       |
|   sub_ln339_171_fu_101957_p2         |     |        | sub_ln339_171     | sub | fabric    | 0       |
|   add_ln339_490_fu_111949_p2         |     |        | add_ln339_490     | add | fabric    | 0       |
|   add_ln339_491_fu_111963_p2         |     |        | add_ln339_491     | add | fabric    | 0       |
|   Tp_145_fu_111977_p2                |     |        | Tp_145            | add | fabric    | 0       |
|   add_ln339_495_fu_111995_p2         |     |        | add_ln339_495     | add | fabric    | 0       |
|   Tp_147_fu_112009_p2                |     |        | Tp_147            | add | fabric    | 0       |
|   add_ln339_499_fu_112027_p2         |     |        | add_ln339_499     | add | fabric    | 0       |
|   Tp_149_fu_112041_p2                |     |        | Tp_149            | add | fabric    | 0       |
|   add_ln339_503_fu_112059_p2         |     |        | add_ln339_503     | add | fabric    | 0       |
|   Tp_151_fu_112073_p2                |     |        | Tp_151            | add | fabric    | 0       |
|   sub_ln339_175_fu_112112_p2         |     |        | sub_ln339_175     | sub | fabric    | 0       |
|   add_ln339_505_fu_112130_p2         |     |        | add_ln339_505     | add | fabric    | 0       |
|   Tp_152_fu_112156_p2                |     |        | Tp_152            | add | fabric    | 0       |
|   sub_ln339_176_fu_102022_p2         |     |        | sub_ln339_176     | sub | fabric    | 0       |
|   addconv691_fu_102032_p2            |     |        | addconv691        | add | fabric    | 0       |
|   mul_ln339_917763_fu_112184_p2      |     |        | mul_ln339_917763  | sub | fabric    | 0       |
|   add_ln339_509_fu_112202_p2         |     |        | add_ln339_509     | add | fabric    | 0       |
|   add_ln339_510_fu_112212_p2         |     |        | add_ln339_510     | add | fabric    | 0       |
|   add_ln339_513_fu_112272_p2         |     |        | add_ln339_513     | add | fabric    | 0       |
|   add_ln339_516_fu_112305_p2         |     |        | add_ln339_516     | add | fabric    | 0       |
|   add_ln339_517_fu_112311_p2         |     |        | add_ln339_517     | add | fabric    | 0       |
|   Tp_155_fu_112325_p2                |     |        | Tp_155            | add | fabric    | 0       |
|   add_ln339_519_fu_112365_p2         |     |        | add_ln339_519     | add | fabric    | 0       |
|   add_ln339_522_fu_112398_p2         |     |        | add_ln339_522     | add | fabric    | 0       |
|   add_ln339_523_fu_112404_p2         |     |        | add_ln339_523     | add | fabric    | 0       |
|   Tp_157_fu_112418_p2                |     |        | Tp_157            | add | fabric    | 0       |
|   add_ln339_525_fu_112458_p2         |     |        | add_ln339_525     | add | fabric    | 0       |
|   add_ln339_528_fu_112491_p2         |     |        | add_ln339_528     | add | fabric    | 0       |
|   add_ln339_529_fu_112497_p2         |     |        | add_ln339_529     | add | fabric    | 0       |
|   Tp_159_fu_112511_p2                |     |        | Tp_159            | add | fabric    | 0       |
|   add_ln339_531_fu_112551_p2         |     |        | add_ln339_531     | add | fabric    | 0       |
|   add_ln339_534_fu_112584_p2         |     |        | add_ln339_534     | add | fabric    | 0       |
|   add_ln339_535_fu_112590_p2         |     |        | add_ln339_535     | add | fabric    | 0       |
|   Tp_161_fu_112604_p2                |     |        | Tp_161            | add | fabric    | 0       |
|   add_ln339_537_fu_112644_p2         |     |        | add_ln339_537     | add | fabric    | 0       |
|   add_ln339_540_fu_112677_p2         |     |        | add_ln339_540     | add | fabric    | 0       |
|   add_ln339_541_fu_112683_p2         |     |        | add_ln339_541     | add | fabric    | 0       |
|   Tp_163_fu_112697_p2                |     |        | Tp_163            | add | fabric    | 0       |
|   add_ln339_544_fu_112737_p2         |     |        | add_ln339_544     | add | fabric    | 0       |
|   add_ln339_547_fu_112770_p2         |     |        | add_ln339_547     | add | fabric    | 0       |
|   add_ln339_548_fu_112776_p2         |     |        | add_ln339_548     | add | fabric    | 0       |
|   Tp_165_fu_112790_p2                |     |        | Tp_165            | add | fabric    | 0       |
|   add_ln339_550_fu_112830_p2         |     |        | add_ln339_550     | add | fabric    | 0       |
|   add_ln339_553_fu_112863_p2         |     |        | add_ln339_553     | add | fabric    | 0       |
|   add_ln339_554_fu_112869_p2         |     |        | add_ln339_554     | add | fabric    | 0       |
|   Tp_167_fu_112883_p2                |     |        | Tp_167            | add | fabric    | 0       |
|   add_ln339_556_fu_112923_p2         |     |        | add_ln339_556     | add | fabric    | 0       |
|   add_ln339_559_fu_112956_p2         |     |        | add_ln339_559     | add | fabric    | 0       |
|   add_ln339_560_fu_112962_p2         |     |        | add_ln339_560     | add | fabric    | 0       |
|   Tp_169_fu_112976_p2                |     |        | Tp_169            | add | fabric    | 0       |
|   add_ln339_562_fu_113016_p2         |     |        | add_ln339_562     | add | fabric    | 0       |
|   add_ln339_565_fu_113049_p2         |     |        | add_ln339_565     | add | fabric    | 0       |
|   add_ln339_566_fu_113055_p2         |     |        | add_ln339_566     | add | fabric    | 0       |
|   Tp_171_fu_113069_p2                |     |        | Tp_171            | add | fabric    | 0       |
|   add_ln339_568_fu_113109_p2         |     |        | add_ln339_568     | add | fabric    | 0       |
|   add_ln339_571_fu_113142_p2         |     |        | add_ln339_571     | add | fabric    | 0       |
|   add_ln339_572_fu_113148_p2         |     |        | add_ln339_572     | add | fabric    | 0       |
|   Tp_173_fu_113162_p2                |     |        | Tp_173            | add | fabric    | 0       |
|   add_ln339_574_fu_113179_p2         |     |        | add_ln339_574     | add | fabric    | 0       |
|   add_ln339_575_fu_113184_p2         |     |        | add_ln339_575     | add | fabric    | 0       |
|   Tp_174_fu_113194_p2                |     |        | Tp_174            | add | fabric    | 0       |
|   add_ln339_577_fu_113211_p2         |     |        | add_ln339_577     | add | fabric    | 0       |
|   add_ln339_580_fu_113267_p2         |     |        | add_ln339_580     | add | fabric    | 0       |
|   add_ln339_583_fu_113300_p2         |     |        | add_ln339_583     | add | fabric    | 0       |
|   add_ln339_584_fu_113306_p2         |     |        | add_ln339_584     | add | fabric    | 0       |
|   Tp_177_fu_113320_p2                |     |        | Tp_177            | add | fabric    | 0       |
|   add_ln339_586_fu_113360_p2         |     |        | add_ln339_586     | add | fabric    | 0       |
|   add_ln339_589_fu_113393_p2         |     |        | add_ln339_589     | add | fabric    | 0       |
|   add_ln339_590_fu_113399_p2         |     |        | add_ln339_590     | add | fabric    | 0       |
|   Tp_179_fu_113413_p2                |     |        | Tp_179            | add | fabric    | 0       |
|   sub_ln339_203_fu_102066_p2         |     |        | sub_ln339_203     | sub | fabric    | 0       |
|   add_ln339_592_fu_113430_p2         |     |        | add_ln339_592     | add | fabric    | 0       |
|   sub_ln339_204_fu_102083_p2         |     |        | sub_ln339_204     | sub | fabric    | 0       |
|   add_ln339_595_fu_113467_p2         |     |        | add_ln339_595     | add | fabric    | 0       |
|   add_ln339_596_fu_113481_p2         |     |        | add_ln339_596     | add | fabric    | 0       |
|   Tp_181_fu_113495_p2                |     |        | Tp_181            | add | fabric    | 0       |
|   add_ln339_600_fu_113513_p2         |     |        | add_ln339_600     | add | fabric    | 0       |
|   Tp_183_fu_113527_p2                |     |        | Tp_183            | add | fabric    | 0       |
|   add_ln339_604_fu_113545_p2         |     |        | add_ln339_604     | add | fabric    | 0       |
|   Tp_185_fu_113559_p2                |     |        | Tp_185            | add | fabric    | 0       |
|   add_ln339_608_fu_113577_p2         |     |        | add_ln339_608     | add | fabric    | 0       |
|   Tp_187_fu_113591_p2                |     |        | Tp_187            | add | fabric    | 0       |
|   add_ln339_612_fu_113609_p2         |     |        | add_ln339_612     | add | fabric    | 0       |
|   Tp_189_fu_113623_p2                |     |        | Tp_189            | add | fabric    | 0       |
|   sub_ln339_208_fu_113662_p2         |     |        | sub_ln339_208     | sub | fabric    | 0       |
|   add_ln339_614_fu_113680_p2         |     |        | add_ln339_614     | add | fabric    | 0       |
|   Tp_190_fu_113706_p2                |     |        | Tp_190            | add | fabric    | 0       |
|   sub_ln339_209_fu_102148_p2         |     |        | sub_ln339_209     | sub | fabric    | 0       |
|   addconv692_fu_102158_p2            |     |        | addconv692        | add | fabric    | 0       |
|   mul_ln339_1117761_fu_113734_p2     |     |        | mul_ln339_1117761 | sub | fabric    | 0       |
|   add_ln339_618_fu_113752_p2         |     |        | add_ln339_618     | add | fabric    | 0       |
|   add_ln339_619_fu_113762_p2         |     |        | add_ln339_619     | add | fabric    | 0       |
|   add_ln339_622_fu_113822_p2         |     |        | add_ln339_622     | add | fabric    | 0       |
|   add_ln339_625_fu_113855_p2         |     |        | add_ln339_625     | add | fabric    | 0       |
|   add_ln339_626_fu_113861_p2         |     |        | add_ln339_626     | add | fabric    | 0       |
|   Tp_193_fu_113875_p2                |     |        | Tp_193            | add | fabric    | 0       |
|   add_ln339_628_fu_113915_p2         |     |        | add_ln339_628     | add | fabric    | 0       |
|   add_ln339_631_fu_113948_p2         |     |        | add_ln339_631     | add | fabric    | 0       |
|   add_ln339_632_fu_113954_p2         |     |        | add_ln339_632     | add | fabric    | 0       |
|   Tp_195_fu_113968_p2                |     |        | Tp_195            | add | fabric    | 0       |
|   add_ln339_634_fu_114008_p2         |     |        | add_ln339_634     | add | fabric    | 0       |
|   add_ln339_637_fu_114041_p2         |     |        | add_ln339_637     | add | fabric    | 0       |
|   add_ln339_638_fu_114047_p2         |     |        | add_ln339_638     | add | fabric    | 0       |
|   Tp_197_fu_114061_p2                |     |        | Tp_197            | add | fabric    | 0       |
|   add_ln339_640_fu_114101_p2         |     |        | add_ln339_640     | add | fabric    | 0       |
|   add_ln339_643_fu_114134_p2         |     |        | add_ln339_643     | add | fabric    | 0       |
|   add_ln339_644_fu_114140_p2         |     |        | add_ln339_644     | add | fabric    | 0       |
|   Tp_199_fu_114154_p2                |     |        | Tp_199            | add | fabric    | 0       |
|   add_ln339_646_fu_114194_p2         |     |        | add_ln339_646     | add | fabric    | 0       |
|   add_ln339_649_fu_114227_p2         |     |        | add_ln339_649     | add | fabric    | 0       |
|   add_ln339_650_fu_114233_p2         |     |        | add_ln339_650     | add | fabric    | 0       |
|   Tp_201_fu_114247_p2                |     |        | Tp_201            | add | fabric    | 0       |
|   add_ln339_652_fu_114287_p2         |     |        | add_ln339_652     | add | fabric    | 0       |
|   add_ln339_655_fu_114320_p2         |     |        | add_ln339_655     | add | fabric    | 0       |
|   add_ln339_656_fu_114326_p2         |     |        | add_ln339_656     | add | fabric    | 0       |
|   Tp_203_fu_114340_p2                |     |        | Tp_203            | add | fabric    | 0       |
|   add_ln339_658_fu_114380_p2         |     |        | add_ln339_658     | add | fabric    | 0       |
|   add_ln339_661_fu_114413_p2         |     |        | add_ln339_661     | add | fabric    | 0       |
|   add_ln339_662_fu_114419_p2         |     |        | add_ln339_662     | add | fabric    | 0       |
|   Tp_205_fu_114433_p2                |     |        | Tp_205            | add | fabric    | 0       |
|   add_ln339_665_fu_114473_p2         |     |        | add_ln339_665     | add | fabric    | 0       |
|   add_ln339_668_fu_114506_p2         |     |        | add_ln339_668     | add | fabric    | 0       |
|   add_ln339_669_fu_114512_p2         |     |        | add_ln339_669     | add | fabric    | 0       |
|   Tp_207_fu_114526_p2                |     |        | Tp_207            | add | fabric    | 0       |
|   add_ln339_671_fu_114566_p2         |     |        | add_ln339_671     | add | fabric    | 0       |
|   add_ln339_674_fu_114599_p2         |     |        | add_ln339_674     | add | fabric    | 0       |
|   add_ln339_675_fu_114605_p2         |     |        | add_ln339_675     | add | fabric    | 0       |
|   Tp_209_fu_114619_p2                |     |        | Tp_209            | add | fabric    | 0       |
|   add_ln339_677_fu_114636_p2         |     |        | add_ln339_677     | add | fabric    | 0       |
|   add_ln339_678_fu_114641_p2         |     |        | add_ln339_678     | add | fabric    | 0       |
|   Tp_210_fu_114651_p2                |     |        | Tp_210            | add | fabric    | 0       |
|   add_ln339_680_fu_114668_p2         |     |        | add_ln339_680     | add | fabric    | 0       |
|   add_ln339_683_fu_114724_p2         |     |        | add_ln339_683     | add | fabric    | 0       |
|   add_ln339_686_fu_114757_p2         |     |        | add_ln339_686     | add | fabric    | 0       |
|   add_ln339_687_fu_114763_p2         |     |        | add_ln339_687     | add | fabric    | 0       |
|   Tp_213_fu_114777_p2                |     |        | Tp_213            | add | fabric    | 0       |
|   add_ln339_689_fu_114817_p2         |     |        | add_ln339_689     | add | fabric    | 0       |
|   add_ln339_692_fu_114850_p2         |     |        | add_ln339_692     | add | fabric    | 0       |
|   add_ln339_693_fu_114856_p2         |     |        | add_ln339_693     | add | fabric    | 0       |
|   Tp_215_fu_114870_p2                |     |        | Tp_215            | add | fabric    | 0       |
|   sub_ln339_234_fu_102192_p2         |     |        | sub_ln339_234     | sub | fabric    | 0       |
|   add_ln339_695_fu_114887_p2         |     |        | add_ln339_695     | add | fabric    | 0       |
|   sub_ln339_235_fu_102209_p2         |     |        | sub_ln339_235     | sub | fabric    | 0       |
|   add_ln339_698_fu_114924_p2         |     |        | add_ln339_698     | add | fabric    | 0       |
|   add_ln339_699_fu_114938_p2         |     |        | add_ln339_699     | add | fabric    | 0       |
|   Tp_217_fu_114952_p2                |     |        | Tp_217            | add | fabric    | 0       |
|   add_ln339_703_fu_114970_p2         |     |        | add_ln339_703     | add | fabric    | 0       |
|   Tp_219_fu_114984_p2                |     |        | Tp_219            | add | fabric    | 0       |
|   add_ln339_707_fu_115002_p2         |     |        | add_ln339_707     | add | fabric    | 0       |
|   Tp_221_fu_115016_p2                |     |        | Tp_221            | add | fabric    | 0       |
|   add_ln339_711_fu_115034_p2         |     |        | add_ln339_711     | add | fabric    | 0       |
|   Tp_223_fu_115048_p2                |     |        | Tp_223            | add | fabric    | 0       |
|   add_ln339_715_fu_115066_p2         |     |        | add_ln339_715     | add | fabric    | 0       |
|   Tp_225_fu_115080_p2                |     |        | Tp_225            | add | fabric    | 0       |
|   add_ln339_719_fu_115098_p2         |     |        | add_ln339_719     | add | fabric    | 0       |
|   Tp_227_fu_115112_p2                |     |        | Tp_227            | add | fabric    | 0       |
|   sub_ln339_239_fu_115151_p2         |     |        | sub_ln339_239     | sub | fabric    | 0       |
|   add_ln339_721_fu_115169_p2         |     |        | add_ln339_721     | add | fabric    | 0       |
|   Tp_228_fu_115195_p2                |     |        | Tp_228            | add | fabric    | 0       |
|   sub_ln339_240_fu_102274_p2         |     |        | sub_ln339_240     | sub | fabric    | 0       |
|   addconv693_fu_102284_p2            |     |        | addconv693        | add | fabric    | 0       |
|   mul_ln339_1317759_fu_115223_p2     |     |        | mul_ln339_1317759 | sub | fabric    | 0       |
|   add_ln339_725_fu_115241_p2         |     |        | add_ln339_725     | add | fabric    | 0       |
|   add_ln339_726_fu_115251_p2         |     |        | add_ln339_726     | add | fabric    | 0       |
|   add_ln339_729_fu_115311_p2         |     |        | add_ln339_729     | add | fabric    | 0       |
|   add_ln339_732_fu_115344_p2         |     |        | add_ln339_732     | add | fabric    | 0       |
|   add_ln339_733_fu_115350_p2         |     |        | add_ln339_733     | add | fabric    | 0       |
|   Tp_231_fu_115364_p2                |     |        | Tp_231            | add | fabric    | 0       |
|   add_ln339_735_fu_115404_p2         |     |        | add_ln339_735     | add | fabric    | 0       |
|   add_ln339_738_fu_115437_p2         |     |        | add_ln339_738     | add | fabric    | 0       |
|   add_ln339_739_fu_115443_p2         |     |        | add_ln339_739     | add | fabric    | 0       |
|   Tp_233_fu_115457_p2                |     |        | Tp_233            | add | fabric    | 0       |
|   add_ln339_741_fu_115497_p2         |     |        | add_ln339_741     | add | fabric    | 0       |
|   add_ln339_744_fu_115530_p2         |     |        | add_ln339_744     | add | fabric    | 0       |
|   add_ln339_745_fu_115536_p2         |     |        | add_ln339_745     | add | fabric    | 0       |
|   Tp_235_fu_115550_p2                |     |        | Tp_235            | add | fabric    | 0       |
|   add_ln339_747_fu_115590_p2         |     |        | add_ln339_747     | add | fabric    | 0       |
|   add_ln339_750_fu_115623_p2         |     |        | add_ln339_750     | add | fabric    | 0       |
|   add_ln339_751_fu_115629_p2         |     |        | add_ln339_751     | add | fabric    | 0       |
|   Tp_237_fu_115643_p2                |     |        | Tp_237            | add | fabric    | 0       |
|   add_ln339_753_fu_115683_p2         |     |        | add_ln339_753     | add | fabric    | 0       |
|   add_ln339_756_fu_115716_p2         |     |        | add_ln339_756     | add | fabric    | 0       |
|   add_ln339_757_fu_115722_p2         |     |        | add_ln339_757     | add | fabric    | 0       |
|   Tp_239_fu_115736_p2                |     |        | Tp_239            | add | fabric    | 0       |
|   add_ln339_759_fu_115776_p2         |     |        | add_ln339_759     | add | fabric    | 0       |
|   add_ln339_762_fu_115809_p2         |     |        | add_ln339_762     | add | fabric    | 0       |
|   add_ln339_763_fu_115815_p2         |     |        | add_ln339_763     | add | fabric    | 0       |
|   Tp_241_fu_115829_p2                |     |        | Tp_241            | add | fabric    | 0       |
|   add_ln339_765_fu_115869_p2         |     |        | add_ln339_765     | add | fabric    | 0       |
|   add_ln339_768_fu_115902_p2         |     |        | add_ln339_768     | add | fabric    | 0       |
|   add_ln339_769_fu_115908_p2         |     |        | add_ln339_769     | add | fabric    | 0       |
|   Tp_243_fu_115922_p2                |     |        | Tp_243            | add | fabric    | 0       |
|   add_ln339_771_fu_115962_p2         |     |        | add_ln339_771     | add | fabric    | 0       |
|   add_ln339_774_fu_115995_p2         |     |        | add_ln339_774     | add | fabric    | 0       |
|   add_ln339_775_fu_116001_p2         |     |        | add_ln339_775     | add | fabric    | 0       |
|   Tp_245_fu_116015_p2                |     |        | Tp_245            | add | fabric    | 0       |
|   add_ln339_777_fu_116032_p2         |     |        | add_ln339_777     | add | fabric    | 0       |
|   add_ln339_778_fu_116037_p2         |     |        | add_ln339_778     | add | fabric    | 0       |
|   Tp_246_fu_116047_p2                |     |        | Tp_246            | add | fabric    | 0       |
|   add_ln339_780_fu_116064_p2         |     |        | add_ln339_780     | add | fabric    | 0       |
|   add_ln339_784_fu_116120_p2         |     |        | add_ln339_784     | add | fabric    | 0       |
|   add_ln339_787_fu_116153_p2         |     |        | add_ln339_787     | add | fabric    | 0       |
|   add_ln339_788_fu_116159_p2         |     |        | add_ln339_788     | add | fabric    | 0       |
|   Tp_249_fu_116173_p2                |     |        | Tp_249            | add | fabric    | 0       |
|   add_ln339_790_fu_116213_p2         |     |        | add_ln339_790     | add | fabric    | 0       |
|   add_ln339_793_fu_116246_p2         |     |        | add_ln339_793     | add | fabric    | 0       |
|   add_ln339_794_fu_116252_p2         |     |        | add_ln339_794     | add | fabric    | 0       |
|   Tp_251_fu_116266_p2                |     |        | Tp_251            | add | fabric    | 0       |
|   sub_ln339_263_fu_102318_p2         |     |        | sub_ln339_263     | sub | fabric    | 0       |
|   add_ln339_796_fu_116283_p2         |     |        | add_ln339_796     | add | fabric    | 0       |
|   sub_ln339_264_fu_102335_p2         |     |        | sub_ln339_264     | sub | fabric    | 0       |
|   add_ln339_799_fu_116320_p2         |     |        | add_ln339_799     | add | fabric    | 0       |
|   add_ln339_800_fu_116334_p2         |     |        | add_ln339_800     | add | fabric    | 0       |
|   Tp_253_fu_116348_p2                |     |        | Tp_253            | add | fabric    | 0       |
|   add_ln339_804_fu_116366_p2         |     |        | add_ln339_804     | add | fabric    | 0       |
|   Tp_255_fu_116380_p2                |     |        | Tp_255            | add | fabric    | 0       |
|   add_ln339_808_fu_116398_p2         |     |        | add_ln339_808     | add | fabric    | 0       |
|   Tp_257_fu_116412_p2                |     |        | Tp_257            | add | fabric    | 0       |
|   add_ln339_812_fu_116430_p2         |     |        | add_ln339_812     | add | fabric    | 0       |
|   Tp_259_fu_116444_p2                |     |        | Tp_259            | add | fabric    | 0       |
|   add_ln339_816_fu_116462_p2         |     |        | add_ln339_816     | add | fabric    | 0       |
|   Tp_261_fu_116476_p2                |     |        | Tp_261            | add | fabric    | 0       |
|   add_ln339_820_fu_116494_p2         |     |        | add_ln339_820     | add | fabric    | 0       |
|   Tp_263_fu_116508_p2                |     |        | Tp_263            | add | fabric    | 0       |
|   add_ln339_824_fu_116526_p2         |     |        | add_ln339_824     | add | fabric    | 0       |
|   Tp_265_fu_116540_p2                |     |        | Tp_265            | add | fabric    | 0       |
|   sub_ln339_268_fu_116579_p2         |     |        | sub_ln339_268     | sub | fabric    | 0       |
|   add_ln339_826_fu_116597_p2         |     |        | add_ln339_826     | add | fabric    | 0       |
|   Tp_266_fu_116623_p2                |     |        | Tp_266            | add | fabric    | 0       |
|   sub_ln339_269_fu_102400_p2         |     |        | sub_ln339_269     | sub | fabric    | 0       |
|   addconv694_fu_102410_p2            |     |        | addconv694        | add | fabric    | 0       |
|   mul_ln339_1517757_fu_116651_p2     |     |        | mul_ln339_1517757 | sub | fabric    | 0       |
|   add_ln339_830_fu_116669_p2         |     |        | add_ln339_830     | add | fabric    | 0       |
|   add_ln339_831_fu_116679_p2         |     |        | add_ln339_831     | add | fabric    | 0       |
|   add_ln339_834_fu_116739_p2         |     |        | add_ln339_834     | add | fabric    | 0       |
|   add_ln339_837_fu_116772_p2         |     |        | add_ln339_837     | add | fabric    | 0       |
|   add_ln339_838_fu_116778_p2         |     |        | add_ln339_838     | add | fabric    | 0       |
|   Tp_269_fu_116792_p2                |     |        | Tp_269            | add | fabric    | 0       |
|   add_ln339_840_fu_116832_p2         |     |        | add_ln339_840     | add | fabric    | 0       |
|   add_ln339_843_fu_116865_p2         |     |        | add_ln339_843     | add | fabric    | 0       |
|   add_ln339_844_fu_116871_p2         |     |        | add_ln339_844     | add | fabric    | 0       |
|   Tp_271_fu_116885_p2                |     |        | Tp_271            | add | fabric    | 0       |
|   add_ln339_846_fu_116925_p2         |     |        | add_ln339_846     | add | fabric    | 0       |
|   add_ln339_849_fu_116958_p2         |     |        | add_ln339_849     | add | fabric    | 0       |
|   add_ln339_850_fu_116964_p2         |     |        | add_ln339_850     | add | fabric    | 0       |
|   Tp_273_fu_116978_p2                |     |        | Tp_273            | add | fabric    | 0       |
|   add_ln339_852_fu_117018_p2         |     |        | add_ln339_852     | add | fabric    | 0       |
|   add_ln339_855_fu_117051_p2         |     |        | add_ln339_855     | add | fabric    | 0       |
|   add_ln339_856_fu_117057_p2         |     |        | add_ln339_856     | add | fabric    | 0       |
|   Tp_275_fu_117071_p2                |     |        | Tp_275            | add | fabric    | 0       |
|   add_ln339_858_fu_117111_p2         |     |        | add_ln339_858     | add | fabric    | 0       |
|   add_ln339_861_fu_117144_p2         |     |        | add_ln339_861     | add | fabric    | 0       |
|   add_ln339_862_fu_117150_p2         |     |        | add_ln339_862     | add | fabric    | 0       |
|   Tp_277_fu_117164_p2                |     |        | Tp_277            | add | fabric    | 0       |
|   add_ln339_864_fu_117204_p2         |     |        | add_ln339_864     | add | fabric    | 0       |
|   add_ln339_867_fu_117237_p2         |     |        | add_ln339_867     | add | fabric    | 0       |
|   add_ln339_868_fu_117243_p2         |     |        | add_ln339_868     | add | fabric    | 0       |
|   Tp_279_fu_117257_p2                |     |        | Tp_279            | add | fabric    | 0       |
|   add_ln339_870_fu_117297_p2         |     |        | add_ln339_870     | add | fabric    | 0       |
|   add_ln339_873_fu_117330_p2         |     |        | add_ln339_873     | add | fabric    | 0       |
|   add_ln339_874_fu_117336_p2         |     |        | add_ln339_874     | add | fabric    | 0       |
|   Tp_281_fu_117350_p2                |     |        | Tp_281            | add | fabric    | 0       |
|   add_ln339_876_fu_117367_p2         |     |        | add_ln339_876     | add | fabric    | 0       |
|   add_ln339_877_fu_117372_p2         |     |        | add_ln339_877     | add | fabric    | 0       |
|   Tp_282_fu_117382_p2                |     |        | Tp_282            | add | fabric    | 0       |
|   add_ln339_879_fu_117399_p2         |     |        | add_ln339_879     | add | fabric    | 0       |
|   add_ln339_882_fu_117455_p2         |     |        | add_ln339_882     | add | fabric    | 0       |
|   add_ln339_885_fu_117488_p2         |     |        | add_ln339_885     | add | fabric    | 0       |
|   add_ln339_886_fu_117494_p2         |     |        | add_ln339_886     | add | fabric    | 0       |
|   Tp_285_fu_117508_p2                |     |        | Tp_285            | add | fabric    | 0       |
|   add_ln339_888_fu_117548_p2         |     |        | add_ln339_888     | add | fabric    | 0       |
|   add_ln339_891_fu_117581_p2         |     |        | add_ln339_891     | add | fabric    | 0       |
|   add_ln339_892_fu_117587_p2         |     |        | add_ln339_892     | add | fabric    | 0       |
|   Tp_287_fu_117601_p2                |     |        | Tp_287            | add | fabric    | 0       |
|   sub_ln339_290_fu_102444_p2         |     |        | sub_ln339_290     | sub | fabric    | 0       |
|   add_ln339_894_fu_117618_p2         |     |        | add_ln339_894     | add | fabric    | 0       |
|   sub_ln339_291_fu_102461_p2         |     |        | sub_ln339_291     | sub | fabric    | 0       |
|   add_ln339_898_fu_117655_p2         |     |        | add_ln339_898     | add | fabric    | 0       |
|   add_ln339_899_fu_117669_p2         |     |        | add_ln339_899     | add | fabric    | 0       |
|   Tp_289_fu_117683_p2                |     |        | Tp_289            | add | fabric    | 0       |
|   add_ln339_903_fu_117701_p2         |     |        | add_ln339_903     | add | fabric    | 0       |
|   Tp_291_fu_117715_p2                |     |        | Tp_291            | add | fabric    | 0       |
|   add_ln339_907_fu_117733_p2         |     |        | add_ln339_907     | add | fabric    | 0       |
|   Tp_293_fu_117747_p2                |     |        | Tp_293            | add | fabric    | 0       |
|   add_ln339_911_fu_117765_p2         |     |        | add_ln339_911     | add | fabric    | 0       |
|   Tp_295_fu_117779_p2                |     |        | Tp_295            | add | fabric    | 0       |
|   add_ln339_915_fu_117797_p2         |     |        | add_ln339_915     | add | fabric    | 0       |
|   Tp_297_fu_117811_p2                |     |        | Tp_297            | add | fabric    | 0       |
|   add_ln339_919_fu_117829_p2         |     |        | add_ln339_919     | add | fabric    | 0       |
|   Tp_299_fu_117843_p2                |     |        | Tp_299            | add | fabric    | 0       |
|   add_ln339_923_fu_117861_p2         |     |        | add_ln339_923     | add | fabric    | 0       |
|   Tp_301_fu_117875_p2                |     |        | Tp_301            | add | fabric    | 0       |
|   add_ln339_927_fu_117893_p2         |     |        | add_ln339_927     | add | fabric    | 0       |
|   Tp_303_fu_117907_p2                |     |        | Tp_303            | add | fabric    | 0       |
|   sub_ln339_295_fu_117946_p2         |     |        | sub_ln339_295     | sub | fabric    | 0       |
|   add_ln339_929_fu_117964_p2         |     |        | add_ln339_929     | add | fabric    | 0       |
|   Tp_304_fu_117990_p2                |     |        | Tp_304            | add | fabric    | 0       |
|   sub_ln339_296_fu_102526_p2         |     |        | sub_ln339_296     | sub | fabric    | 0       |
|   addconv695_fu_102536_p2            |     |        | addconv695        | add | fabric    | 0       |
|   mul_ln339_1717755_fu_118018_p2     |     |        | mul_ln339_1717755 | sub | fabric    | 0       |
|   add_ln339_933_fu_118036_p2         |     |        | add_ln339_933     | add | fabric    | 0       |
|   add_ln339_934_fu_118046_p2         |     |        | add_ln339_934     | add | fabric    | 0       |
|   add_ln339_937_fu_118106_p2         |     |        | add_ln339_937     | add | fabric    | 0       |
|   add_ln339_940_fu_118139_p2         |     |        | add_ln339_940     | add | fabric    | 0       |
|   add_ln339_941_fu_118145_p2         |     |        | add_ln339_941     | add | fabric    | 0       |
|   Tp_307_fu_118159_p2                |     |        | Tp_307            | add | fabric    | 0       |
|   add_ln339_943_fu_118199_p2         |     |        | add_ln339_943     | add | fabric    | 0       |
|   add_ln339_946_fu_118232_p2         |     |        | add_ln339_946     | add | fabric    | 0       |
|   add_ln339_947_fu_118238_p2         |     |        | add_ln339_947     | add | fabric    | 0       |
|   Tp_309_fu_118252_p2                |     |        | Tp_309            | add | fabric    | 0       |
|   add_ln339_949_fu_118292_p2         |     |        | add_ln339_949     | add | fabric    | 0       |
|   add_ln339_952_fu_118325_p2         |     |        | add_ln339_952     | add | fabric    | 0       |
|   add_ln339_953_fu_118331_p2         |     |        | add_ln339_953     | add | fabric    | 0       |
|   Tp_311_fu_118345_p2                |     |        | Tp_311            | add | fabric    | 0       |
|   add_ln339_955_fu_118385_p2         |     |        | add_ln339_955     | add | fabric    | 0       |
|   add_ln339_958_fu_118418_p2         |     |        | add_ln339_958     | add | fabric    | 0       |
|   add_ln339_959_fu_118424_p2         |     |        | add_ln339_959     | add | fabric    | 0       |
|   Tp_313_fu_118438_p2                |     |        | Tp_313            | add | fabric    | 0       |
|   add_ln339_961_fu_118478_p2         |     |        | add_ln339_961     | add | fabric    | 0       |
|   add_ln339_964_fu_118511_p2         |     |        | add_ln339_964     | add | fabric    | 0       |
|   add_ln339_965_fu_118517_p2         |     |        | add_ln339_965     | add | fabric    | 0       |
|   Tp_315_fu_118531_p2                |     |        | Tp_315            | add | fabric    | 0       |
|   add_ln339_967_fu_118571_p2         |     |        | add_ln339_967     | add | fabric    | 0       |
|   add_ln339_970_fu_118604_p2         |     |        | add_ln339_970     | add | fabric    | 0       |
|   add_ln339_971_fu_118610_p2         |     |        | add_ln339_971     | add | fabric    | 0       |
|   Tp_317_fu_118624_p2                |     |        | Tp_317            | add | fabric    | 0       |
|   add_ln339_973_fu_118641_p2         |     |        | add_ln339_973     | add | fabric    | 0       |
|   add_ln339_974_fu_118646_p2         |     |        | add_ln339_974     | add | fabric    | 0       |
|   Tp_318_fu_118656_p2                |     |        | Tp_318            | add | fabric    | 0       |
|   add_ln339_976_fu_118673_p2         |     |        | add_ln339_976     | add | fabric    | 0       |
|   add_ln339_979_fu_118729_p2         |     |        | add_ln339_979     | add | fabric    | 0       |
|   add_ln339_982_fu_118762_p2         |     |        | add_ln339_982     | add | fabric    | 0       |
|   add_ln339_983_fu_118768_p2         |     |        | add_ln339_983     | add | fabric    | 0       |
|   Tp_321_fu_118782_p2                |     |        | Tp_321            | add | fabric    | 0       |
|   add_ln339_985_fu_118822_p2         |     |        | add_ln339_985     | add | fabric    | 0       |
|   add_ln339_988_fu_118855_p2         |     |        | add_ln339_988     | add | fabric    | 0       |
|   add_ln339_989_fu_118861_p2         |     |        | add_ln339_989     | add | fabric    | 0       |
|   Tp_323_fu_118875_p2                |     |        | Tp_323            | add | fabric    | 0       |
|   sub_ln339_315_fu_102570_p2         |     |        | sub_ln339_315     | sub | fabric    | 0       |
|   add_ln339_991_fu_118892_p2         |     |        | add_ln339_991     | add | fabric    | 0       |
|   sub_ln339_316_fu_102587_p2         |     |        | sub_ln339_316     | sub | fabric    | 0       |
|   add_ln339_994_fu_118929_p2         |     |        | add_ln339_994     | add | fabric    | 0       |
|   add_ln339_995_fu_118943_p2         |     |        | add_ln339_995     | add | fabric    | 0       |
|   Tp_325_fu_118957_p2                |     |        | Tp_325            | add | fabric    | 0       |
|   add_ln339_999_fu_118975_p2         |     |        | add_ln339_999     | add | fabric    | 0       |
|   Tp_327_fu_118989_p2                |     |        | Tp_327            | add | fabric    | 0       |
|   add_ln339_1003_fu_119007_p2        |     |        | add_ln339_1003    | add | fabric    | 0       |
|   Tp_329_fu_119021_p2                |     |        | Tp_329            | add | fabric    | 0       |
|   add_ln339_1007_fu_119039_p2        |     |        | add_ln339_1007    | add | fabric    | 0       |
|   Tp_331_fu_119053_p2                |     |        | Tp_331            | add | fabric    | 0       |
|   add_ln339_1012_fu_119071_p2        |     |        | add_ln339_1012    | add | fabric    | 0       |
|   Tp_333_fu_119085_p2                |     |        | Tp_333            | add | fabric    | 0       |
|   add_ln339_1016_fu_119103_p2        |     |        | add_ln339_1016    | add | fabric    | 0       |
|   Tp_335_fu_119117_p2                |     |        | Tp_335            | add | fabric    | 0       |
|   add_ln339_1020_fu_119135_p2        |     |        | add_ln339_1020    | add | fabric    | 0       |
|   Tp_337_fu_119149_p2                |     |        | Tp_337            | add | fabric    | 0       |
|   add_ln339_1024_fu_119167_p2        |     |        | add_ln339_1024    | add | fabric    | 0       |
|   Tp_339_fu_119181_p2                |     |        | Tp_339            | add | fabric    | 0       |
|   add_ln339_1028_fu_119199_p2        |     |        | add_ln339_1028    | add | fabric    | 0       |
|   Tp_341_fu_119213_p2                |     |        | Tp_341            | add | fabric    | 0       |
|   sub_ln339_320_fu_119252_p2         |     |        | sub_ln339_320     | sub | fabric    | 0       |
|   add_ln339_1030_fu_119270_p2        |     |        | add_ln339_1030    | add | fabric    | 0       |
|   Tp_342_fu_119296_p2                |     |        | Tp_342            | add | fabric    | 0       |
|   sub_ln339_321_fu_102652_p2         |     |        | sub_ln339_321     | sub | fabric    | 0       |
|   addconv696_fu_102662_p2            |     |        | addconv696        | add | fabric    | 0       |
|   mul_ln339_1917753_fu_119324_p2     |     |        | mul_ln339_1917753 | sub | fabric    | 0       |
|   add_ln339_1034_fu_119342_p2        |     |        | add_ln339_1034    | add | fabric    | 0       |
|   add_ln339_1035_fu_119352_p2        |     |        | add_ln339_1035    | add | fabric    | 0       |
|   add_ln339_1038_fu_119412_p2        |     |        | add_ln339_1038    | add | fabric    | 0       |
|   add_ln339_1041_fu_119445_p2        |     |        | add_ln339_1041    | add | fabric    | 0       |
|   add_ln339_1042_fu_119451_p2        |     |        | add_ln339_1042    | add | fabric    | 0       |
|   Tp_345_fu_119465_p2                |     |        | Tp_345            | add | fabric    | 0       |
|   add_ln339_1044_fu_119505_p2        |     |        | add_ln339_1044    | add | fabric    | 0       |
|   add_ln339_1047_fu_119538_p2        |     |        | add_ln339_1047    | add | fabric    | 0       |
|   add_ln339_1048_fu_119544_p2        |     |        | add_ln339_1048    | add | fabric    | 0       |
|   Tp_347_fu_119558_p2                |     |        | Tp_347            | add | fabric    | 0       |
|   add_ln339_1050_fu_119598_p2        |     |        | add_ln339_1050    | add | fabric    | 0       |
|   add_ln339_1053_fu_119631_p2        |     |        | add_ln339_1053    | add | fabric    | 0       |
|   add_ln339_1054_fu_119637_p2        |     |        | add_ln339_1054    | add | fabric    | 0       |
|   Tp_349_fu_119651_p2                |     |        | Tp_349            | add | fabric    | 0       |
|   add_ln339_1056_fu_119691_p2        |     |        | add_ln339_1056    | add | fabric    | 0       |
|   add_ln339_1059_fu_119724_p2        |     |        | add_ln339_1059    | add | fabric    | 0       |
|   add_ln339_1060_fu_119730_p2        |     |        | add_ln339_1060    | add | fabric    | 0       |
|   Tp_351_fu_119744_p2                |     |        | Tp_351            | add | fabric    | 0       |
|   add_ln339_1062_fu_119784_p2        |     |        | add_ln339_1062    | add | fabric    | 0       |
|   add_ln339_1065_fu_119817_p2        |     |        | add_ln339_1065    | add | fabric    | 0       |
|   add_ln339_1066_fu_119823_p2        |     |        | add_ln339_1066    | add | fabric    | 0       |
|   Tp_353_fu_119837_p2                |     |        | Tp_353            | add | fabric    | 0       |
|   add_ln339_1068_fu_119854_p2        |     |        | add_ln339_1068    | add | fabric    | 0       |
|   add_ln339_1069_fu_119859_p2        |     |        | add_ln339_1069    | add | fabric    | 0       |
|   Tp_354_fu_119869_p2                |     |        | Tp_354            | add | fabric    | 0       |
|   add_ln339_1071_fu_119886_p2        |     |        | add_ln339_1071    | add | fabric    | 0       |
|   add_ln339_1074_fu_119942_p2        |     |        | add_ln339_1074    | add | fabric    | 0       |
|   add_ln339_1077_fu_119975_p2        |     |        | add_ln339_1077    | add | fabric    | 0       |
|   add_ln339_1078_fu_119981_p2        |     |        | add_ln339_1078    | add | fabric    | 0       |
|   Tp_357_fu_119995_p2                |     |        | Tp_357            | add | fabric    | 0       |
|   add_ln339_1080_fu_120035_p2        |     |        | add_ln339_1080    | add | fabric    | 0       |
|   add_ln339_1083_fu_120068_p2        |     |        | add_ln339_1083    | add | fabric    | 0       |
|   add_ln339_1084_fu_120074_p2        |     |        | add_ln339_1084    | add | fabric    | 0       |
|   Tp_359_fu_120088_p2                |     |        | Tp_359            | add | fabric    | 0       |
|   sub_ln339_338_fu_102696_p2         |     |        | sub_ln339_338     | sub | fabric    | 0       |
|   add_ln339_1086_fu_120105_p2        |     |        | add_ln339_1086    | add | fabric    | 0       |
|   sub_ln339_339_fu_102713_p2         |     |        | sub_ln339_339     | sub | fabric    | 0       |
|   add_ln339_1089_fu_120142_p2        |     |        | add_ln339_1089    | add | fabric    | 0       |
|   add_ln339_1090_fu_120156_p2        |     |        | add_ln339_1090    | add | fabric    | 0       |
|   Tp_361_fu_120170_p2                |     |        | Tp_361            | add | fabric    | 0       |
|   add_ln339_1094_fu_120188_p2        |     |        | add_ln339_1094    | add | fabric    | 0       |
|   Tp_363_fu_120202_p2                |     |        | Tp_363            | add | fabric    | 0       |
|   add_ln339_1098_fu_120220_p2        |     |        | add_ln339_1098    | add | fabric    | 0       |
|   Tp_365_fu_120234_p2                |     |        | Tp_365            | add | fabric    | 0       |
|   add_ln339_1102_fu_120252_p2        |     |        | add_ln339_1102    | add | fabric    | 0       |
|   Tp_367_fu_120266_p2                |     |        | Tp_367            | add | fabric    | 0       |
|   add_ln339_1106_fu_120284_p2        |     |        | add_ln339_1106    | add | fabric    | 0       |
|   Tp_369_fu_120298_p2                |     |        | Tp_369            | add | fabric    | 0       |
|   add_ln339_1110_fu_120316_p2        |     |        | add_ln339_1110    | add | fabric    | 0       |
|   Tp_371_fu_120330_p2                |     |        | Tp_371            | add | fabric    | 0       |
|   add_ln339_1114_fu_120348_p2        |     |        | add_ln339_1114    | add | fabric    | 0       |
|   Tp_373_fu_120362_p2                |     |        | Tp_373            | add | fabric    | 0       |
|   add_ln339_1118_fu_120380_p2        |     |        | add_ln339_1118    | add | fabric    | 0       |
|   Tp_375_fu_120394_p2                |     |        | Tp_375            | add | fabric    | 0       |
|   add_ln339_1122_fu_120412_p2        |     |        | add_ln339_1122    | add | fabric    | 0       |
|   Tp_377_fu_120426_p2                |     |        | Tp_377            | add | fabric    | 0       |
|   add_ln339_1127_fu_120444_p2        |     |        | add_ln339_1127    | add | fabric    | 0       |
|   Tp_379_fu_120458_p2                |     |        | Tp_379            | add | fabric    | 0       |
|   sub_ln339_343_fu_120497_p2         |     |        | sub_ln339_343     | sub | fabric    | 0       |
|   add_ln339_1129_fu_120515_p2        |     |        | add_ln339_1129    | add | fabric    | 0       |
|   Tp_380_fu_120541_p2                |     |        | Tp_380            | add | fabric    | 0       |
|   sub_ln339_344_fu_102778_p2         |     |        | sub_ln339_344     | sub | fabric    | 0       |
|   addconv697_fu_102788_p2            |     |        | addconv697        | add | fabric    | 0       |
|   mul_ln339_2117751_fu_120569_p2     |     |        | mul_ln339_2117751 | sub | fabric    | 0       |
|   add_ln339_1133_fu_120587_p2        |     |        | add_ln339_1133    | add | fabric    | 0       |
|   add_ln339_1134_fu_120597_p2        |     |        | add_ln339_1134    | add | fabric    | 0       |
|   add_ln339_1137_fu_120657_p2        |     |        | add_ln339_1137    | add | fabric    | 0       |
|   add_ln339_1140_fu_120690_p2        |     |        | add_ln339_1140    | add | fabric    | 0       |
|   add_ln339_1141_fu_120696_p2        |     |        | add_ln339_1141    | add | fabric    | 0       |
|   Tp_383_fu_120710_p2                |     |        | Tp_383            | add | fabric    | 0       |
|   add_ln339_1143_fu_120750_p2        |     |        | add_ln339_1143    | add | fabric    | 0       |
|   add_ln339_1146_fu_120783_p2        |     |        | add_ln339_1146    | add | fabric    | 0       |
|   add_ln339_1147_fu_120789_p2        |     |        | add_ln339_1147    | add | fabric    | 0       |
|   Tp_385_fu_120803_p2                |     |        | Tp_385            | add | fabric    | 0       |
|   add_ln339_1149_fu_120843_p2        |     |        | add_ln339_1149    | add | fabric    | 0       |
|   add_ln339_1152_fu_120876_p2        |     |        | add_ln339_1152    | add | fabric    | 0       |
|   add_ln339_1153_fu_120882_p2        |     |        | add_ln339_1153    | add | fabric    | 0       |
|   Tp_387_fu_120896_p2                |     |        | Tp_387            | add | fabric    | 0       |
|   add_ln339_1155_fu_120936_p2        |     |        | add_ln339_1155    | add | fabric    | 0       |
|   add_ln339_1158_fu_120969_p2        |     |        | add_ln339_1158    | add | fabric    | 0       |
|   add_ln339_1159_fu_120975_p2        |     |        | add_ln339_1159    | add | fabric    | 0       |
|   Tp_389_fu_120989_p2                |     |        | Tp_389            | add | fabric    | 0       |
|   add_ln339_1161_fu_121006_p2        |     |        | add_ln339_1161    | add | fabric    | 0       |
|   add_ln339_1162_fu_121011_p2        |     |        | add_ln339_1162    | add | fabric    | 0       |
|   Tp_390_fu_121021_p2                |     |        | Tp_390            | add | fabric    | 0       |
|   add_ln339_1164_fu_121038_p2        |     |        | add_ln339_1164    | add | fabric    | 0       |
|   add_ln339_1167_fu_121094_p2        |     |        | add_ln339_1167    | add | fabric    | 0       |
|   add_ln339_1170_fu_121127_p2        |     |        | add_ln339_1170    | add | fabric    | 0       |
|   add_ln339_1171_fu_121133_p2        |     |        | add_ln339_1171    | add | fabric    | 0       |
|   Tp_393_fu_121147_p2                |     |        | Tp_393            | add | fabric    | 0       |
|   add_ln339_1173_fu_121187_p2        |     |        | add_ln339_1173    | add | fabric    | 0       |
|   add_ln339_1176_fu_121220_p2        |     |        | add_ln339_1176    | add | fabric    | 0       |
|   add_ln339_1177_fu_121226_p2        |     |        | add_ln339_1177    | add | fabric    | 0       |
|   Tp_395_fu_121240_p2                |     |        | Tp_395            | add | fabric    | 0       |
|   sub_ln339_359_fu_102822_p2         |     |        | sub_ln339_359     | sub | fabric    | 0       |
|   add_ln339_1179_fu_121257_p2        |     |        | add_ln339_1179    | add | fabric    | 0       |
|   sub_ln339_360_fu_102839_p2         |     |        | sub_ln339_360     | sub | fabric    | 0       |
|   add_ln339_1182_fu_121294_p2        |     |        | add_ln339_1182    | add | fabric    | 0       |
|   add_ln339_1183_fu_121308_p2        |     |        | add_ln339_1183    | add | fabric    | 0       |
|   Tp_397_fu_121322_p2                |     |        | Tp_397            | add | fabric    | 0       |
|   add_ln339_1187_fu_121340_p2        |     |        | add_ln339_1187    | add | fabric    | 0       |
|   Tp_399_fu_121354_p2                |     |        | Tp_399            | add | fabric    | 0       |
|   add_ln339_1191_fu_121372_p2        |     |        | add_ln339_1191    | add | fabric    | 0       |
|   Tp_401_fu_121386_p2                |     |        | Tp_401            | add | fabric    | 0       |
|   add_ln339_1195_fu_121404_p2        |     |        | add_ln339_1195    | add | fabric    | 0       |
|   Tp_403_fu_121418_p2                |     |        | Tp_403            | add | fabric    | 0       |
|   add_ln339_1199_fu_121436_p2        |     |        | add_ln339_1199    | add | fabric    | 0       |
|   Tp_405_fu_121450_p2                |     |        | Tp_405            | add | fabric    | 0       |
|   add_ln339_1203_fu_121468_p2        |     |        | add_ln339_1203    | add | fabric    | 0       |
|   Tp_407_fu_121482_p2                |     |        | Tp_407            | add | fabric    | 0       |
|   add_ln339_1207_fu_121500_p2        |     |        | add_ln339_1207    | add | fabric    | 0       |
|   Tp_409_fu_121514_p2                |     |        | Tp_409            | add | fabric    | 0       |
|   add_ln339_1211_fu_121532_p2        |     |        | add_ln339_1211    | add | fabric    | 0       |
|   Tp_411_fu_121546_p2                |     |        | Tp_411            | add | fabric    | 0       |
|   add_ln339_1215_fu_121564_p2        |     |        | add_ln339_1215    | add | fabric    | 0       |
|   Tp_413_fu_121578_p2                |     |        | Tp_413            | add | fabric    | 0       |
|   add_ln339_1219_fu_121596_p2        |     |        | add_ln339_1219    | add | fabric    | 0       |
|   Tp_415_fu_121610_p2                |     |        | Tp_415            | add | fabric    | 0       |
|   add_ln339_1223_fu_121628_p2        |     |        | add_ln339_1223    | add | fabric    | 0       |
|   Tp_417_fu_121642_p2                |     |        | Tp_417            | add | fabric    | 0       |
|   sub_ln339_364_fu_121681_p2         |     |        | sub_ln339_364     | sub | fabric    | 0       |
|   add_ln339_1225_fu_121699_p2        |     |        | add_ln339_1225    | add | fabric    | 0       |
|   Tp_418_fu_121725_p2                |     |        | Tp_418            | add | fabric    | 0       |
|   sub_ln339_365_fu_102904_p2         |     |        | sub_ln339_365     | sub | fabric    | 0       |
|   addconv698_fu_102914_p2            |     |        | addconv698        | add | fabric    | 0       |
|   mul_ln339_2317749_fu_121753_p2     |     |        | mul_ln339_2317749 | sub | fabric    | 0       |
|   add_ln339_1229_fu_121771_p2        |     |        | add_ln339_1229    | add | fabric    | 0       |
|   add_ln339_1230_fu_121781_p2        |     |        | add_ln339_1230    | add | fabric    | 0       |
|   add_ln339_1234_fu_121841_p2        |     |        | add_ln339_1234    | add | fabric    | 0       |
|   add_ln339_1237_fu_121874_p2        |     |        | add_ln339_1237    | add | fabric    | 0       |
|   add_ln339_1238_fu_121880_p2        |     |        | add_ln339_1238    | add | fabric    | 0       |
|   Tp_421_fu_121894_p2                |     |        | Tp_421            | add | fabric    | 0       |
|   add_ln339_1240_fu_121934_p2        |     |        | add_ln339_1240    | add | fabric    | 0       |
|   add_ln339_1243_fu_121967_p2        |     |        | add_ln339_1243    | add | fabric    | 0       |
|   add_ln339_1244_fu_121973_p2        |     |        | add_ln339_1244    | add | fabric    | 0       |
|   Tp_423_fu_121987_p2                |     |        | Tp_423            | add | fabric    | 0       |
|   add_ln339_1246_fu_122027_p2        |     |        | add_ln339_1246    | add | fabric    | 0       |
|   add_ln339_1249_fu_122060_p2        |     |        | add_ln339_1249    | add | fabric    | 0       |
|   add_ln339_1250_fu_122066_p2        |     |        | add_ln339_1250    | add | fabric    | 0       |
|   Tp_425_fu_122080_p2                |     |        | Tp_425            | add | fabric    | 0       |
|   add_ln339_1252_fu_122097_p2        |     |        | add_ln339_1252    | add | fabric    | 0       |
|   add_ln339_1253_fu_122102_p2        |     |        | add_ln339_1253    | add | fabric    | 0       |
|   Tp_426_fu_122112_p2                |     |        | Tp_426            | add | fabric    | 0       |
|   add_ln339_1255_fu_122129_p2        |     |        | add_ln339_1255    | add | fabric    | 0       |
|   add_ln339_1258_fu_122185_p2        |     |        | add_ln339_1258    | add | fabric    | 0       |
|   add_ln339_1261_fu_122218_p2        |     |        | add_ln339_1261    | add | fabric    | 0       |
|   add_ln339_1262_fu_122224_p2        |     |        | add_ln339_1262    | add | fabric    | 0       |
|   Tp_429_fu_122238_p2                |     |        | Tp_429            | add | fabric    | 0       |
|   add_ln339_1264_fu_122278_p2        |     |        | add_ln339_1264    | add | fabric    | 0       |
|   add_ln339_1267_fu_122311_p2        |     |        | add_ln339_1267    | add | fabric    | 0       |
|   add_ln339_1268_fu_122317_p2        |     |        | add_ln339_1268    | add | fabric    | 0       |
|   Tp_431_fu_122331_p2                |     |        | Tp_431            | add | fabric    | 0       |
|   sub_ln339_378_fu_102948_p2         |     |        | sub_ln339_378     | sub | fabric    | 0       |
|   add_ln339_1270_fu_122348_p2        |     |        | add_ln339_1270    | add | fabric    | 0       |
|   sub_ln339_379_fu_102965_p2         |     |        | sub_ln339_379     | sub | fabric    | 0       |
|   add_ln339_1273_fu_122385_p2        |     |        | add_ln339_1273    | add | fabric    | 0       |
|   add_ln339_1274_fu_122399_p2        |     |        | add_ln339_1274    | add | fabric    | 0       |
|   Tp_433_fu_122413_p2                |     |        | Tp_433            | add | fabric    | 0       |
|   add_ln339_1278_fu_122431_p2        |     |        | add_ln339_1278    | add | fabric    | 0       |
|   Tp_435_fu_122445_p2                |     |        | Tp_435            | add | fabric    | 0       |
|   add_ln339_1282_fu_122463_p2        |     |        | add_ln339_1282    | add | fabric    | 0       |
|   Tp_437_fu_122477_p2                |     |        | Tp_437            | add | fabric    | 0       |
|   add_ln339_1286_fu_122495_p2        |     |        | add_ln339_1286    | add | fabric    | 0       |
|   Tp_439_fu_122509_p2                |     |        | Tp_439            | add | fabric    | 0       |
|   add_ln339_1290_fu_122527_p2        |     |        | add_ln339_1290    | add | fabric    | 0       |
|   Tp_441_fu_122541_p2                |     |        | Tp_441            | add | fabric    | 0       |
|   add_ln339_1294_fu_122559_p2        |     |        | add_ln339_1294    | add | fabric    | 0       |
|   Tp_443_fu_122573_p2                |     |        | Tp_443            | add | fabric    | 0       |
|   add_ln339_1298_fu_122591_p2        |     |        | add_ln339_1298    | add | fabric    | 0       |
|   Tp_445_fu_122605_p2                |     |        | Tp_445            | add | fabric    | 0       |
|   add_ln339_1302_fu_122623_p2        |     |        | add_ln339_1302    | add | fabric    | 0       |
|   Tp_447_fu_122637_p2                |     |        | Tp_447            | add | fabric    | 0       |
|   add_ln339_1306_fu_122655_p2        |     |        | add_ln339_1306    | add | fabric    | 0       |
|   Tp_449_fu_122669_p2                |     |        | Tp_449            | add | fabric    | 0       |
|   add_ln339_1310_fu_122687_p2        |     |        | add_ln339_1310    | add | fabric    | 0       |
|   Tp_451_fu_122701_p2                |     |        | Tp_451            | add | fabric    | 0       |
|   add_ln339_1314_fu_122719_p2        |     |        | add_ln339_1314    | add | fabric    | 0       |
|   Tp_453_fu_122733_p2                |     |        | Tp_453            | add | fabric    | 0       |
|   add_ln339_1318_fu_122751_p2        |     |        | add_ln339_1318    | add | fabric    | 0       |
|   Tp_455_fu_122765_p2                |     |        | Tp_455            | add | fabric    | 0       |
|   sub_ln339_383_fu_122804_p2         |     |        | sub_ln339_383     | sub | fabric    | 0       |
|   add_ln339_1320_fu_122822_p2        |     |        | add_ln339_1320    | add | fabric    | 0       |
|   Tp_456_fu_122848_p2                |     |        | Tp_456            | add | fabric    | 0       |
|   sub_ln339_384_fu_103030_p2         |     |        | sub_ln339_384     | sub | fabric    | 0       |
|   addconv699_fu_103040_p2            |     |        | addconv699        | add | fabric    | 0       |
|   mul_ln339_2517747_fu_122876_p2     |     |        | mul_ln339_2517747 | sub | fabric    | 0       |
|   add_ln339_1324_fu_122894_p2        |     |        | add_ln339_1324    | add | fabric    | 0       |
|   add_ln339_1325_fu_122904_p2        |     |        | add_ln339_1325    | add | fabric    | 0       |
|   add_ln339_1328_fu_122964_p2        |     |        | add_ln339_1328    | add | fabric    | 0       |
|   add_ln339_1331_fu_122997_p2        |     |        | add_ln339_1331    | add | fabric    | 0       |
|   add_ln339_1332_fu_123003_p2        |     |        | add_ln339_1332    | add | fabric    | 0       |
|   Tp_459_fu_123017_p2                |     |        | Tp_459            | add | fabric    | 0       |
|   add_ln339_1334_fu_123057_p2        |     |        | add_ln339_1334    | add | fabric    | 0       |
|   add_ln339_1337_fu_123090_p2        |     |        | add_ln339_1337    | add | fabric    | 0       |
|   add_ln339_1338_fu_123096_p2        |     |        | add_ln339_1338    | add | fabric    | 0       |
|   Tp_461_fu_123110_p2                |     |        | Tp_461            | add | fabric    | 0       |
|   add_ln339_1340_fu_123127_p2        |     |        | add_ln339_1340    | add | fabric    | 0       |
|   add_ln339_1342_fu_123132_p2        |     |        | add_ln339_1342    | add | fabric    | 0       |
|   Tp_462_fu_123142_p2                |     |        | Tp_462            | add | fabric    | 0       |
|   add_ln339_1344_fu_123159_p2        |     |        | add_ln339_1344    | add | fabric    | 0       |
|   add_ln339_1347_fu_123215_p2        |     |        | add_ln339_1347    | add | fabric    | 0       |
|   add_ln339_1350_fu_123248_p2        |     |        | add_ln339_1350    | add | fabric    | 0       |
|   add_ln339_1351_fu_123254_p2        |     |        | add_ln339_1351    | add | fabric    | 0       |
|   Tp_465_fu_123268_p2                |     |        | Tp_465            | add | fabric    | 0       |
|   add_ln339_1353_fu_123308_p2        |     |        | add_ln339_1353    | add | fabric    | 0       |
|   add_ln339_1356_fu_123341_p2        |     |        | add_ln339_1356    | add | fabric    | 0       |
|   add_ln339_1357_fu_123347_p2        |     |        | add_ln339_1357    | add | fabric    | 0       |
|   Tp_467_fu_123361_p2                |     |        | Tp_467            | add | fabric    | 0       |
|   sub_ln339_395_fu_103074_p2         |     |        | sub_ln339_395     | sub | fabric    | 0       |
|   add_ln339_1359_fu_123378_p2        |     |        | add_ln339_1359    | add | fabric    | 0       |
|   sub_ln339_396_fu_103091_p2         |     |        | sub_ln339_396     | sub | fabric    | 0       |
|   add_ln339_1362_fu_123415_p2        |     |        | add_ln339_1362    | add | fabric    | 0       |
|   add_ln339_1363_fu_123429_p2        |     |        | add_ln339_1363    | add | fabric    | 0       |
|   Tp_469_fu_123443_p2                |     |        | Tp_469            | add | fabric    | 0       |
|   add_ln339_1367_fu_123461_p2        |     |        | add_ln339_1367    | add | fabric    | 0       |
|   Tp_471_fu_123475_p2                |     |        | Tp_471            | add | fabric    | 0       |
|   add_ln339_1371_fu_123493_p2        |     |        | add_ln339_1371    | add | fabric    | 0       |
|   Tp_473_fu_123507_p2                |     |        | Tp_473            | add | fabric    | 0       |
|   add_ln339_1375_fu_123525_p2        |     |        | add_ln339_1375    | add | fabric    | 0       |
|   Tp_475_fu_123539_p2                |     |        | Tp_475            | add | fabric    | 0       |
|   add_ln339_1379_fu_123557_p2        |     |        | add_ln339_1379    | add | fabric    | 0       |
|   Tp_477_fu_123571_p2                |     |        | Tp_477            | add | fabric    | 0       |
|   add_ln339_1383_fu_123589_p2        |     |        | add_ln339_1383    | add | fabric    | 0       |
|   Tp_479_fu_123603_p2                |     |        | Tp_479            | add | fabric    | 0       |
|   add_ln339_1387_fu_123621_p2        |     |        | add_ln339_1387    | add | fabric    | 0       |
|   Tp_481_fu_123635_p2                |     |        | Tp_481            | add | fabric    | 0       |
|   add_ln339_1391_fu_123653_p2        |     |        | add_ln339_1391    | add | fabric    | 0       |
|   Tp_483_fu_123667_p2                |     |        | Tp_483            | add | fabric    | 0       |
|   add_ln339_1395_fu_123685_p2        |     |        | add_ln339_1395    | add | fabric    | 0       |
|   Tp_485_fu_123699_p2                |     |        | Tp_485            | add | fabric    | 0       |
|   add_ln339_1399_fu_123717_p2        |     |        | add_ln339_1399    | add | fabric    | 0       |
|   Tp_487_fu_123731_p2                |     |        | Tp_487            | add | fabric    | 0       |
|   add_ln339_1403_fu_123749_p2        |     |        | add_ln339_1403    | add | fabric    | 0       |
|   Tp_489_fu_123763_p2                |     |        | Tp_489            | add | fabric    | 0       |
|   add_ln339_1407_fu_123781_p2        |     |        | add_ln339_1407    | add | fabric    | 0       |
|   Tp_491_fu_123795_p2                |     |        | Tp_491            | add | fabric    | 0       |
|   add_ln339_1411_fu_123813_p2        |     |        | add_ln339_1411    | add | fabric    | 0       |
|   Tp_493_fu_123827_p2                |     |        | Tp_493            | add | fabric    | 0       |
|   sub_ln339_400_fu_123866_p2         |     |        | sub_ln339_400     | sub | fabric    | 0       |
|   add_ln339_1413_fu_123884_p2        |     |        | add_ln339_1413    | add | fabric    | 0       |
|   Tp_494_fu_123910_p2                |     |        | Tp_494            | add | fabric    | 0       |
|   sub_ln339_401_fu_103156_p2         |     |        | sub_ln339_401     | sub | fabric    | 0       |
|   addconv700_fu_103166_p2            |     |        | addconv700        | add | fabric    | 0       |
|   mul_ln339_2717745_fu_123938_p2     |     |        | mul_ln339_2717745 | sub | fabric    | 0       |
|   add_ln339_1417_fu_123956_p2        |     |        | add_ln339_1417    | add | fabric    | 0       |
|   add_ln339_1418_fu_123966_p2        |     |        | add_ln339_1418    | add | fabric    | 0       |
|   add_ln339_1421_fu_124026_p2        |     |        | add_ln339_1421    | add | fabric    | 0       |
|   add_ln339_1424_fu_124059_p2        |     |        | add_ln339_1424    | add | fabric    | 0       |
|   add_ln339_1425_fu_124065_p2        |     |        | add_ln339_1425    | add | fabric    | 0       |
|   Tp_497_fu_124079_p2                |     |        | Tp_497            | add | fabric    | 0       |
|   add_ln339_1427_fu_124096_p2        |     |        | add_ln339_1427    | add | fabric    | 0       |
|   add_ln339_1428_fu_124101_p2        |     |        | add_ln339_1428    | add | fabric    | 0       |
|   Tp_498_fu_124111_p2                |     |        | Tp_498            | add | fabric    | 0       |
|   add_ln339_1430_fu_124128_p2        |     |        | add_ln339_1430    | add | fabric    | 0       |
|   add_ln339_1433_fu_124184_p2        |     |        | add_ln339_1433    | add | fabric    | 0       |
|   add_ln339_1436_fu_124217_p2        |     |        | add_ln339_1436    | add | fabric    | 0       |
|   add_ln339_1437_fu_124223_p2        |     |        | add_ln339_1437    | add | fabric    | 0       |
|   Tp_501_fu_124237_p2                |     |        | Tp_501            | add | fabric    | 0       |
|   add_ln339_1439_fu_124277_p2        |     |        | add_ln339_1439    | add | fabric    | 0       |
|   add_ln339_1442_fu_124310_p2        |     |        | add_ln339_1442    | add | fabric    | 0       |
|   add_ln339_1443_fu_124316_p2        |     |        | add_ln339_1443    | add | fabric    | 0       |
|   Tp_503_fu_124330_p2                |     |        | Tp_503            | add | fabric    | 0       |
|   sub_ln339_410_fu_103200_p2         |     |        | sub_ln339_410     | sub | fabric    | 0       |
|   add_ln339_1445_fu_124347_p2        |     |        | add_ln339_1445    | add | fabric    | 0       |
|   sub_ln339_411_fu_103217_p2         |     |        | sub_ln339_411     | sub | fabric    | 0       |
|   add_ln339_1449_fu_124384_p2        |     |        | add_ln339_1449    | add | fabric    | 0       |
|   add_ln339_1450_fu_124398_p2        |     |        | add_ln339_1450    | add | fabric    | 0       |
|   Tp_505_fu_124412_p2                |     |        | Tp_505            | add | fabric    | 0       |
|   add_ln339_1454_fu_124430_p2        |     |        | add_ln339_1454    | add | fabric    | 0       |
|   Tp_507_fu_124444_p2                |     |        | Tp_507            | add | fabric    | 0       |
|   add_ln339_1458_fu_124462_p2        |     |        | add_ln339_1458    | add | fabric    | 0       |
|   Tp_509_fu_124476_p2                |     |        | Tp_509            | add | fabric    | 0       |
|   add_ln339_1462_fu_124494_p2        |     |        | add_ln339_1462    | add | fabric    | 0       |
|   Tp_511_fu_124508_p2                |     |        | Tp_511            | add | fabric    | 0       |
|   add_ln339_1466_fu_124526_p2        |     |        | add_ln339_1466    | add | fabric    | 0       |
|   Tp_513_fu_124540_p2                |     |        | Tp_513            | add | fabric    | 0       |
|   add_ln339_1470_fu_124558_p2        |     |        | add_ln339_1470    | add | fabric    | 0       |
|   Tp_515_fu_124572_p2                |     |        | Tp_515            | add | fabric    | 0       |
|   add_ln339_1474_fu_124590_p2        |     |        | add_ln339_1474    | add | fabric    | 0       |
|   Tp_517_fu_124604_p2                |     |        | Tp_517            | add | fabric    | 0       |
|   add_ln339_1478_fu_124622_p2        |     |        | add_ln339_1478    | add | fabric    | 0       |
|   Tp_519_fu_124636_p2                |     |        | Tp_519            | add | fabric    | 0       |
|   add_ln339_1482_fu_124654_p2        |     |        | add_ln339_1482    | add | fabric    | 0       |
|   Tp_521_fu_124668_p2                |     |        | Tp_521            | add | fabric    | 0       |
|   add_ln339_1486_fu_124686_p2        |     |        | add_ln339_1486    | add | fabric    | 0       |
|   Tp_523_fu_124700_p2                |     |        | Tp_523            | add | fabric    | 0       |
|   add_ln339_1490_fu_124718_p2        |     |        | add_ln339_1490    | add | fabric    | 0       |
|   Tp_525_fu_124732_p2                |     |        | Tp_525            | add | fabric    | 0       |
|   add_ln339_1494_fu_124750_p2        |     |        | add_ln339_1494    | add | fabric    | 0       |
|   Tp_527_fu_124764_p2                |     |        | Tp_527            | add | fabric    | 0       |
|   add_ln339_1498_fu_124782_p2        |     |        | add_ln339_1498    | add | fabric    | 0       |
|   Tp_529_fu_124796_p2                |     |        | Tp_529            | add | fabric    | 0       |
|   add_ln339_1502_fu_124814_p2        |     |        | add_ln339_1502    | add | fabric    | 0       |
|   Tp_531_fu_124828_p2                |     |        | Tp_531            | add | fabric    | 0       |
|   sub_ln339_415_fu_124867_p2         |     |        | sub_ln339_415     | sub | fabric    | 0       |
|   add_ln339_1504_fu_124885_p2        |     |        | add_ln339_1504    | add | fabric    | 0       |
|   Tp_532_fu_124911_p2                |     |        | Tp_532            | add | fabric    | 0       |
|   sub_ln339_416_fu_103282_p2         |     |        | sub_ln339_416     | sub | fabric    | 0       |
|   addconv701_fu_103292_p2            |     |        | addconv701        | add | fabric    | 0       |
|   mul_ln339_2917743_fu_124939_p2     |     |        | mul_ln339_2917743 | sub | fabric    | 0       |
|   add_ln339_1508_fu_124957_p2        |     |        | add_ln339_1508    | add | fabric    | 0       |
|   add_ln339_1509_fu_124967_p2        |     |        | add_ln339_1509    | add | fabric    | 0       |
|   add_ln339_1512_fu_125004_p2        |     |        | add_ln339_1512    | add | fabric    | 0       |
|   add_ln339_1513_fu_125009_p2        |     |        | add_ln339_1513    | add | fabric    | 0       |
|   Tp_534_fu_125019_p2                |     |        | Tp_534            | add | fabric    | 0       |
|   add_ln339_1515_fu_125036_p2        |     |        | add_ln339_1515    | add | fabric    | 0       |
|   add_ln339_1518_fu_125092_p2        |     |        | add_ln339_1518    | add | fabric    | 0       |
|   add_ln339_1521_fu_125125_p2        |     |        | add_ln339_1521    | add | fabric    | 0       |
|   add_ln339_1522_fu_125131_p2        |     |        | add_ln339_1522    | add | fabric    | 0       |
|   Tp_537_fu_125145_p2                |     |        | Tp_537            | add | fabric    | 0       |
|   add_ln339_1524_fu_125185_p2        |     |        | add_ln339_1524    | add | fabric    | 0       |
|   add_ln339_1527_fu_125218_p2        |     |        | add_ln339_1527    | add | fabric    | 0       |
|   add_ln339_1528_fu_125224_p2        |     |        | add_ln339_1528    | add | fabric    | 0       |
|   Tp_539_fu_125238_p2                |     |        | Tp_539            | add | fabric    | 0       |
|   sub_ln339_423_fu_103326_p2         |     |        | sub_ln339_423     | sub | fabric    | 0       |
|   add_ln339_1530_fu_125255_p2        |     |        | add_ln339_1530    | add | fabric    | 0       |
|   add_ln339_1531_fu_125265_p2        |     |        | add_ln339_1531    | add | fabric    | 0       |
|   Tp_540_fu_125275_p2                |     |        | Tp_540            | add | fabric    | 0       |
|   sub_ln339_424_fu_103343_p2         |     |        | sub_ln339_424     | sub | fabric    | 0       |
|   add_ln339_1533_fu_125292_p2        |     |        | add_ln339_1533    | add | fabric    | 0       |
|   add_ln339_1534_fu_125306_p2        |     |        | add_ln339_1534    | add | fabric    | 0       |
|   Tp_541_fu_125320_p2                |     |        | Tp_541            | add | fabric    | 0       |
|   add_ln339_1536_fu_125326_p2        |     |        | add_ln339_1536    | add | fabric    | 0       |
|   Tp_542_fu_125336_p2                |     |        | Tp_542            | add | fabric    | 0       |
|   add_ln339_1538_fu_125342_p2        |     |        | add_ln339_1538    | add | fabric    | 0       |
|   Tp_543_fu_125356_p2                |     |        | Tp_543            | add | fabric    | 0       |
|   add_ln339_1540_fu_125362_p2        |     |        | add_ln339_1540    | add | fabric    | 0       |
|   Tp_544_fu_125372_p2                |     |        | Tp_544            | add | fabric    | 0       |
|   add_ln339_1542_fu_125378_p2        |     |        | add_ln339_1542    | add | fabric    | 0       |
|   Tp_545_fu_125392_p2                |     |        | Tp_545            | add | fabric    | 0       |
|   add_ln339_1544_fu_125398_p2        |     |        | add_ln339_1544    | add | fabric    | 0       |
|   Tp_546_fu_125408_p2                |     |        | Tp_546            | add | fabric    | 0       |
|   add_ln339_1546_fu_125414_p2        |     |        | add_ln339_1546    | add | fabric    | 0       |
|   Tp_547_fu_125428_p2                |     |        | Tp_547            | add | fabric    | 0       |
|   add_ln339_1548_fu_125434_p2        |     |        | add_ln339_1548    | add | fabric    | 0       |
|   Tp_548_fu_125444_p2                |     |        | Tp_548            | add | fabric    | 0       |
|   add_ln339_1550_fu_125450_p2        |     |        | add_ln339_1550    | add | fabric    | 0       |
|   Tp_549_fu_125464_p2                |     |        | Tp_549            | add | fabric    | 0       |
|   add_ln339_1553_fu_125470_p2        |     |        | add_ln339_1553    | add | fabric    | 0       |
|   Tp_550_fu_125480_p2                |     |        | Tp_550            | add | fabric    | 0       |
|   add_ln339_1555_fu_125486_p2        |     |        | add_ln339_1555    | add | fabric    | 0       |
|   Tp_551_fu_125500_p2                |     |        | Tp_551            | add | fabric    | 0       |
|   add_ln339_1557_fu_125506_p2        |     |        | add_ln339_1557    | add | fabric    | 0       |
|   Tp_552_fu_125516_p2                |     |        | Tp_552            | add | fabric    | 0       |
|   add_ln339_1559_fu_125522_p2        |     |        | add_ln339_1559    | add | fabric    | 0       |
|   Tp_553_fu_125536_p2                |     |        | Tp_553            | add | fabric    | 0       |
|   add_ln339_1561_fu_125542_p2        |     |        | add_ln339_1561    | add | fabric    | 0       |
|   Tp_554_fu_125552_p2                |     |        | Tp_554            | add | fabric    | 0       |
|   add_ln339_1563_fu_125558_p2        |     |        | add_ln339_1563    | add | fabric    | 0       |
|   Tp_555_fu_125572_p2                |     |        | Tp_555            | add | fabric    | 0       |
|   add_ln339_1565_fu_125578_p2        |     |        | add_ln339_1565    | add | fabric    | 0       |
|   Tp_556_fu_125588_p2                |     |        | Tp_556            | add | fabric    | 0       |
|   add_ln339_1567_fu_125594_p2        |     |        | add_ln339_1567    | add | fabric    | 0       |
|   Tp_557_fu_125608_p2                |     |        | Tp_557            | add | fabric    | 0       |
|   add_ln339_1569_fu_125614_p2        |     |        | add_ln339_1569    | add | fabric    | 0       |
|   Tp_558_fu_125624_p2                |     |        | Tp_558            | add | fabric    | 0       |
|   add_ln339_1571_fu_125630_p2        |     |        | add_ln339_1571    | add | fabric    | 0       |
|   Tp_559_fu_125644_p2                |     |        | Tp_559            | add | fabric    | 0       |
|   add_ln339_1573_fu_125650_p2        |     |        | add_ln339_1573    | add | fabric    | 0       |
|   Tp_560_fu_125660_p2                |     |        | Tp_560            | add | fabric    | 0       |
|   add_ln339_1575_fu_125666_p2        |     |        | add_ln339_1575    | add | fabric    | 0       |
|   Tp_561_fu_125680_p2                |     |        | Tp_561            | add | fabric    | 0       |
|   add_ln339_1577_fu_125686_p2        |     |        | add_ln339_1577    | add | fabric    | 0       |
|   Tp_562_fu_125696_p2                |     |        | Tp_562            | add | fabric    | 0       |
|   add_ln339_1579_fu_125702_p2        |     |        | add_ln339_1579    | add | fabric    | 0       |
|   Tp_563_fu_125716_p2                |     |        | Tp_563            | add | fabric    | 0       |
|   add_ln339_1581_fu_125722_p2        |     |        | add_ln339_1581    | add | fabric    | 0       |
|   Tp_564_fu_125732_p2                |     |        | Tp_564            | add | fabric    | 0       |
|   add_ln339_1583_fu_125738_p2        |     |        | add_ln339_1583    | add | fabric    | 0       |
|   Tp_565_fu_125752_p2                |     |        | Tp_565            | add | fabric    | 0       |
|   add_ln339_1585_fu_125758_p2        |     |        | add_ln339_1585    | add | fabric    | 0       |
|   Tp_566_fu_125768_p2                |     |        | Tp_566            | add | fabric    | 0       |
|   add_ln339_1587_fu_125774_p2        |     |        | add_ln339_1587    | add | fabric    | 0       |
|   Tp_567_fu_125788_p2                |     |        | Tp_567            | add | fabric    | 0       |
|   add_ln339_1589_fu_125794_p2        |     |        | add_ln339_1589    | add | fabric    | 0       |
|   Tp_568_fu_125804_p2                |     |        | Tp_568            | add | fabric    | 0       |
|   add_ln339_1591_fu_125810_p2        |     |        | add_ln339_1591    | add | fabric    | 0       |
|   Tp_569_fu_125824_p2                |     |        | Tp_569            | add | fabric    | 0       |
|   sub_ln339_428_fu_125863_p2         |     |        | sub_ln339_428     | sub | fabric    | 0       |
|   add_ln339_1593_fu_125885_p2        |     |        | add_ln339_1593    | add | fabric    | 0       |
|   Tp_570_fu_125911_p2                |     |        | Tp_570            | add | fabric    | 0       |
|   sub_ln339_429_fu_103408_p2         |     |        | sub_ln339_429     | sub | fabric    | 0       |
|   addconv702_fu_103418_p2            |     |        | addconv702        | add | fabric    | 0       |
|   mul_ln339_3117741_fu_125939_p2     |     |        | mul_ln339_3117741 | sub | fabric    | 0       |
|   add_ln339_1597_fu_125957_p2        |     |        | add_ln339_1597    | add | fabric    | 0       |
|   add_ln339_1598_fu_125967_p2        |     |        | add_ln339_1598    | add | fabric    | 0       |
|   add_ln339_1601_fu_126027_p2        |     |        | add_ln339_1601    | add | fabric    | 0       |
|   add_ln339_1604_fu_126060_p2        |     |        | add_ln339_1604    | add | fabric    | 0       |
|   add_ln339_1605_fu_126066_p2        |     |        | add_ln339_1605    | add | fabric    | 0       |
|   Tp_573_fu_126080_p2                |     |        | Tp_573            | add | fabric    | 0       |
|   add_ln339_1607_fu_126120_p2        |     |        | add_ln339_1607    | add | fabric    | 0       |
|   add_ln339_1610_fu_126153_p2        |     |        | add_ln339_1610    | add | fabric    | 0       |
|   add_ln339_1611_fu_126159_p2        |     |        | add_ln339_1611    | add | fabric    | 0       |
|   Tp_575_fu_126173_p2                |     |        | Tp_575            | add | fabric    | 0       |
|   sub_ln339_434_fu_103424_p2         |     |        | sub_ln339_434     | sub | fabric    | 0       |
|   add_ln339_1613_fu_126190_p2        |     |        | add_ln339_1613    | add | fabric    | 0       |
|   sub_ln339_435_fu_103441_p2         |     |        | sub_ln339_435     | sub | fabric    | 0       |
|   add_ln339_1616_fu_126223_p2        |     |        | add_ln339_1616    | add | fabric    | 0       |
|   add_ln339_1617_fu_126237_p2        |     |        | add_ln339_1617    | add | fabric    | 0       |
|   Tp_577_fu_126251_p2                |     |        | Tp_577            | add | fabric    | 0       |
|   add_ln339_1621_fu_126269_p2        |     |        | add_ln339_1621    | add | fabric    | 0       |
|   Tp_579_fu_126283_p2                |     |        | Tp_579            | add | fabric    | 0       |
|   add_ln339_1625_fu_126301_p2        |     |        | add_ln339_1625    | add | fabric    | 0       |
|   Tp_581_fu_126315_p2                |     |        | Tp_581            | add | fabric    | 0       |
|   add_ln339_1629_fu_126333_p2        |     |        | add_ln339_1629    | add | fabric    | 0       |
|   Tp_583_fu_126347_p2                |     |        | Tp_583            | add | fabric    | 0       |
|   add_ln339_1633_fu_126365_p2        |     |        | add_ln339_1633    | add | fabric    | 0       |
|   Tp_585_fu_126379_p2                |     |        | Tp_585            | add | fabric    | 0       |
|   add_ln339_1637_fu_126397_p2        |     |        | add_ln339_1637    | add | fabric    | 0       |
|   Tp_587_fu_126411_p2                |     |        | Tp_587            | add | fabric    | 0       |
|   add_ln339_1641_fu_126429_p2        |     |        | add_ln339_1641    | add | fabric    | 0       |
|   Tp_589_fu_126443_p2                |     |        | Tp_589            | add | fabric    | 0       |
|   add_ln339_1645_fu_126461_p2        |     |        | add_ln339_1645    | add | fabric    | 0       |
|   Tp_591_fu_126475_p2                |     |        | Tp_591            | add | fabric    | 0       |
|   add_ln339_1649_fu_126493_p2        |     |        | add_ln339_1649    | add | fabric    | 0       |
|   Tp_593_fu_126507_p2                |     |        | Tp_593            | add | fabric    | 0       |
|   add_ln339_1654_fu_126525_p2        |     |        | add_ln339_1654    | add | fabric    | 0       |
|   Tp_595_fu_126539_p2                |     |        | Tp_595            | add | fabric    | 0       |
|   add_ln339_1658_fu_126557_p2        |     |        | add_ln339_1658    | add | fabric    | 0       |
|   Tp_597_fu_126571_p2                |     |        | Tp_597            | add | fabric    | 0       |
|   add_ln339_1662_fu_126589_p2        |     |        | add_ln339_1662    | add | fabric    | 0       |
|   Tp_599_fu_126603_p2                |     |        | Tp_599            | add | fabric    | 0       |
|   add_ln339_1666_fu_126621_p2        |     |        | add_ln339_1666    | add | fabric    | 0       |
|   Tp_601_fu_126635_p2                |     |        | Tp_601            | add | fabric    | 0       |
|   add_ln339_1670_fu_126653_p2        |     |        | add_ln339_1670    | add | fabric    | 0       |
|   Tp_603_fu_126667_p2                |     |        | Tp_603            | add | fabric    | 0       |
|   add_ln339_1674_fu_126685_p2        |     |        | add_ln339_1674    | add | fabric    | 0       |
|   Tp_605_fu_126699_p2                |     |        | Tp_605            | add | fabric    | 0       |
|   add_ln339_1678_fu_126717_p2        |     |        | add_ln339_1678    | add | fabric    | 0       |
|   Tp_607_fu_126731_p2                |     |        | Tp_607            | add | fabric    | 0       |
|   sub_ln339_439_fu_126770_p2         |     |        | sub_ln339_439     | sub | fabric    | 0       |
|   add_ln339_1680_fu_126788_p2        |     |        | add_ln339_1680    | add | fabric    | 0       |
|   Tp_608_fu_126814_p2                |     |        | Tp_608            | add | fabric    | 0       |
|   sub_ln339_440_fu_103506_p2         |     |        | sub_ln339_440     | sub | fabric    | 0       |
|   addconv703_fu_103516_p2            |     |        | addconv703        | add | fabric    | 0       |
|   mul_ln339_3317739_fu_126842_p2     |     |        | mul_ln339_3317739 | sub | fabric    | 0       |
|   add_ln339_1684_fu_126860_p2        |     |        | add_ln339_1684    | add | fabric    | 0       |
|   add_ln339_1685_fu_126870_p2        |     |        | add_ln339_1685    | add | fabric    | 0       |
|   add_ln339_1688_fu_126930_p2        |     |        | add_ln339_1688    | add | fabric    | 0       |
|   add_ln339_1691_fu_126963_p2        |     |        | add_ln339_1691    | add | fabric    | 0       |
|   add_ln339_1692_fu_126969_p2        |     |        | add_ln339_1692    | add | fabric    | 0       |
|   Tp_611_fu_126983_p2                |     |        | Tp_611            | add | fabric    | 0       |
|   sub_ln339_443_fu_103522_p2         |     |        | sub_ln339_443     | sub | fabric    | 0       |
|   add_ln339_1694_fu_126996_p2        |     |        | add_ln339_1694    | add | fabric    | 0       |
|   sub_ln339_444_fu_103539_p2         |     |        | sub_ln339_444     | sub | fabric    | 0       |
|   add_ln339_1697_fu_127029_p2        |     |        | add_ln339_1697    | add | fabric    | 0       |
|   add_ln339_1698_fu_127043_p2        |     |        | add_ln339_1698    | add | fabric    | 0       |
|   Tp_613_fu_127057_p2                |     |        | Tp_613            | add | fabric    | 0       |
|   add_ln339_1702_fu_127075_p2        |     |        | add_ln339_1702    | add | fabric    | 0       |
|   Tp_615_fu_127089_p2                |     |        | Tp_615            | add | fabric    | 0       |
|   add_ln339_1706_fu_127107_p2        |     |        | add_ln339_1706    | add | fabric    | 0       |
|   Tp_617_fu_127121_p2                |     |        | Tp_617            | add | fabric    | 0       |
|   add_ln339_1710_fu_127139_p2        |     |        | add_ln339_1710    | add | fabric    | 0       |
|   Tp_619_fu_127153_p2                |     |        | Tp_619            | add | fabric    | 0       |
|   add_ln339_1714_fu_127171_p2        |     |        | add_ln339_1714    | add | fabric    | 0       |
|   Tp_621_fu_127185_p2                |     |        | Tp_621            | add | fabric    | 0       |
|   add_ln339_1718_fu_127203_p2        |     |        | add_ln339_1718    | add | fabric    | 0       |
|   Tp_623_fu_127217_p2                |     |        | Tp_623            | add | fabric    | 0       |
|   add_ln339_1722_fu_127235_p2        |     |        | add_ln339_1722    | add | fabric    | 0       |
|   Tp_625_fu_127249_p2                |     |        | Tp_625            | add | fabric    | 0       |
|   add_ln339_1726_fu_127267_p2        |     |        | add_ln339_1726    | add | fabric    | 0       |
|   Tp_627_fu_127281_p2                |     |        | Tp_627            | add | fabric    | 0       |
|   add_ln339_1730_fu_127299_p2        |     |        | add_ln339_1730    | add | fabric    | 0       |
|   Tp_629_fu_127313_p2                |     |        | Tp_629            | add | fabric    | 0       |
|   add_ln339_1734_fu_127331_p2        |     |        | add_ln339_1734    | add | fabric    | 0       |
|   Tp_631_fu_127345_p2                |     |        | Tp_631            | add | fabric    | 0       |
|   add_ln339_1738_fu_127363_p2        |     |        | add_ln339_1738    | add | fabric    | 0       |
|   Tp_633_fu_127377_p2                |     |        | Tp_633            | add | fabric    | 0       |
|   add_ln339_1742_fu_127395_p2        |     |        | add_ln339_1742    | add | fabric    | 0       |
|   Tp_635_fu_127409_p2                |     |        | Tp_635            | add | fabric    | 0       |
|   add_ln339_1746_fu_127427_p2        |     |        | add_ln339_1746    | add | fabric    | 0       |
|   Tp_637_fu_127441_p2                |     |        | Tp_637            | add | fabric    | 0       |
|   add_ln339_1750_fu_127459_p2        |     |        | add_ln339_1750    | add | fabric    | 0       |
|   Tp_639_fu_127473_p2                |     |        | Tp_639            | add | fabric    | 0       |
|   add_ln339_1755_fu_127491_p2        |     |        | add_ln339_1755    | add | fabric    | 0       |
|   Tp_641_fu_127505_p2                |     |        | Tp_641            | add | fabric    | 0       |
|   add_ln339_1759_fu_127523_p2        |     |        | add_ln339_1759    | add | fabric    | 0       |
|   Tp_643_fu_127537_p2                |     |        | Tp_643            | add | fabric    | 0       |
|   add_ln339_1763_fu_127555_p2        |     |        | add_ln339_1763    | add | fabric    | 0       |
|   Tp_645_fu_127569_p2                |     |        | Tp_645            | add | fabric    | 0       |
|   sub_ln339_448_fu_127608_p2         |     |        | sub_ln339_448     | sub | fabric    | 0       |
|   add_ln339_1765_fu_127626_p2        |     |        | add_ln339_1765    | add | fabric    | 0       |
|   Tp_646_fu_127652_p2                |     |        | Tp_646            | add | fabric    | 0       |
|   sub_ln339_449_fu_103604_p2         |     |        | sub_ln339_449     | sub | fabric    | 0       |
|   addconv704_fu_103614_p2            |     |        | addconv704        | add | fabric    | 0       |
|   mul_ln339_3517737_fu_127680_p2     |     |        | mul_ln339_3517737 | sub | fabric    | 0       |
|   add_ln339_1769_fu_127698_p2        |     |        | add_ln339_1769    | add | fabric    | 0       |
|   add_ln339_1770_fu_127708_p2        |     |        | add_ln339_1770    | add | fabric    | 0       |
|   q_1_fu_127802_p2                   |     |        | q_1               | add | fabric    | 0       |
|   q_5_fu_128066_p2                   |     |        | q_5               | add | fabric    | 0       |
|   q_9_fu_128330_p2                   |     |        | q_9               | add | fabric    | 0       |
|   q_13_fu_128490_p2                  |     |        | q_13              | add | fabric    | 0       |
|   q_17_fu_128702_p2                  |     |        | q_17              | add | fabric    | 0       |
|   sub_ln357_fu_128828_p2             |     |        | sub_ln357         | sub | fabric    | 0       |
|   q_21_fu_128864_p2                  |     |        | q_21              | add | fabric    | 0       |
|   q_25_fu_129076_p2                  |     |        | q_25              | add | fabric    | 0       |
|   sub_ln357_1_fu_129202_p2           |     |        | sub_ln357_1       | sub | fabric    | 0       |
|   q_29_fu_129238_p2                  |     |        | q_29              | add | fabric    | 0       |
|   q_33_fu_129450_p2                  |     |        | q_33              | add | fabric    | 0       |
|   sub_ln357_2_fu_129576_p2           |     |        | sub_ln357_2       | sub | fabric    | 0       |
|   q_37_fu_129612_p2                  |     |        | q_37              | add | fabric    | 0       |
|   q_41_fu_129824_p2                  |     |        | q_41              | add | fabric    | 0       |
|   sub_ln357_3_fu_129950_p2           |     |        | sub_ln357_3       | sub | fabric    | 0       |
|   q_45_fu_129986_p2                  |     |        | q_45              | add | fabric    | 0       |
|   q_49_fu_130198_p2                  |     |        | q_49              | add | fabric    | 0       |
|   sub_ln357_4_fu_130324_p2           |     |        | sub_ln357_4       | sub | fabric    | 0       |
|   q_53_fu_130360_p2                  |     |        | q_53              | add | fabric    | 0       |
|   q_57_fu_130572_p2                  |     |        | q_57              | add | fabric    | 0       |
|   sub_ln357_5_fu_130698_p2           |     |        | sub_ln357_5       | sub | fabric    | 0       |
|   q_61_fu_130734_p2                  |     |        | q_61              | add | fabric    | 0       |
|   q_65_fu_130946_p2                  |     |        | q_65              | add | fabric    | 0       |
|   sub_ln357_6_fu_131072_p2           |     |        | sub_ln357_6       | sub | fabric    | 0       |
|   q_69_fu_131108_p2                  |     |        | q_69              | add | fabric    | 0       |
|   q_73_fu_131320_p2                  |     |        | q_73              | add | fabric    | 0       |
|   sub_ln357_7_fu_131446_p2           |     |        | sub_ln357_7       | sub | fabric    | 0       |
|   q_77_fu_131482_p2                  |     |        | q_77              | add | fabric    | 0       |
|   q_81_fu_131694_p2                  |     |        | q_81              | add | fabric    | 0       |
|   sub_ln357_8_fu_131820_p2           |     |        | sub_ln357_8       | sub | fabric    | 0       |
|   q_85_fu_131856_p2                  |     |        | q_85              | add | fabric    | 0       |
|   q_89_fu_132068_p2                  |     |        | q_89              | add | fabric    | 0       |
|   sub_ln357_9_fu_132194_p2           |     |        | sub_ln357_9       | sub | fabric    | 0       |
|   q_93_fu_132230_p2                  |     |        | q_93              | add | fabric    | 0       |
|   q_97_fu_132442_p2                  |     |        | q_97              | add | fabric    | 0       |
|   sub_ln357_10_fu_132568_p2          |     |        | sub_ln357_10      | sub | fabric    | 0       |
|   q_101_fu_132604_p2                 |     |        | q_101             | add | fabric    | 0       |
|   q_105_fu_132816_p2                 |     |        | q_105             | add | fabric    | 0       |
|   sub_ln357_11_fu_132942_p2          |     |        | sub_ln357_11      | sub | fabric    | 0       |
|   q_109_fu_132978_p2                 |     |        | q_109             | add | fabric    | 0       |
|   q_113_fu_133190_p2                 |     |        | q_113             | add | fabric    | 0       |
|   sub_ln357_12_fu_133316_p2          |     |        | sub_ln357_12      | sub | fabric    | 0       |
|   q_117_fu_133352_p2                 |     |        | q_117             | add | fabric    | 0       |
|   q_121_fu_133564_p2                 |     |        | q_121             | add | fabric    | 0       |
|   q_125_fu_133776_p2                 |     |        | q_125             | add | fabric    | 0       |
|   q_129_fu_133988_p2                 |     |        | q_129             | add | fabric    | 0       |
|   sub_ln357_13_fu_134114_p2          |     |        | sub_ln357_13      | sub | fabric    | 0       |
|   q_133_fu_134150_p2                 |     |        | q_133             | add | fabric    | 0       |
|   q_137_fu_134362_p2                 |     |        | q_137             | add | fabric    | 0       |
|   sub_ln357_14_fu_134488_p2          |     |        | sub_ln357_14      | sub | fabric    | 0       |
|   q_141_fu_134524_p2                 |     |        | q_141             | add | fabric    | 0       |
|   q_145_fu_134736_p2                 |     |        | q_145             | add | fabric    | 0       |
|   q_149_fu_134896_p2                 |     |        | q_149             | add | fabric    | 0       |
|   q_153_fu_135108_p2                 |     |        | q_153             | add | fabric    | 0       |
|   q_157_fu_135336_p2                 |     |        | q_157             | add | fabric    | 0       |
|   q_161_fu_135564_p2                 |     |        | q_161             | add | fabric    | 0       |
|   q_165_fu_135720_p2                 |     |        | q_165             | add | fabric    | 0       |
|   q_169_fu_135932_p2                 |     |        | q_169             | add | fabric    | 0       |
|   q_173_fu_136088_p2                 |     |        | q_173             | add | fabric    | 0       |
|   q_177_fu_136300_p2                 |     |        | q_177             | add | fabric    | 0       |
|   q_181_fu_136456_p2                 |     |        | q_181             | add | fabric    | 0       |
|   q_185_fu_136668_p2                 |     |        | q_185             | add | fabric    | 0       |
|   q_189_fu_136824_p2                 |     |        | q_189             | add | fabric    | 0       |
|   q_193_fu_137036_p2                 |     |        | q_193             | add | fabric    | 0       |
|   q_197_fu_137192_p2                 |     |        | q_197             | add | fabric    | 0       |
|   q_201_fu_137404_p2                 |     |        | q_201             | add | fabric    | 0       |
|   q_205_fu_137560_p2                 |     |        | q_205             | add | fabric    | 0       |
|   q_209_fu_137772_p2                 |     |        | q_209             | add | fabric    | 0       |
|   q_213_fu_137928_p2                 |     |        | q_213             | add | fabric    | 0       |
|   q_217_fu_138140_p2                 |     |        | q_217             | add | fabric    | 0       |
|   q_221_fu_138296_p2                 |     |        | q_221             | add | fabric    | 0       |
|   q_225_fu_138508_p2                 |     |        | q_225             | add | fabric    | 0       |
|   q_229_fu_138664_p2                 |     |        | q_229             | add | fabric    | 0       |
|   q_233_fu_138876_p2                 |     |        | q_233             | add | fabric    | 0       |
|   q_237_fu_139032_p2                 |     |        | q_237             | add | fabric    | 0       |
|   q_241_fu_139244_p2                 |     |        | q_241             | add | fabric    | 0       |
|   q_245_fu_139400_p2                 |     |        | q_245             | add | fabric    | 0       |
|   q_249_fu_139612_p2                 |     |        | q_249             | add | fabric    | 0       |
|   q_253_fu_139768_p2                 |     |        | q_253             | add | fabric    | 0       |
|   q_257_fu_139980_p2                 |     |        | q_257             | add | fabric    | 0       |
|   q_261_fu_140136_p2                 |     |        | q_261             | add | fabric    | 0       |
|   q_265_fu_140348_p2                 |     |        | q_265             | add | fabric    | 0       |
|   q_269_fu_140560_p2                 |     |        | q_269             | add | fabric    | 0       |
|   q_273_fu_140772_p2                 |     |        | q_273             | add | fabric    | 0       |
|   q_277_fu_140928_p2                 |     |        | q_277             | add | fabric    | 0       |
|   q_281_fu_141140_p2                 |     |        | q_281             | add | fabric    | 0       |
|   q_285_fu_141296_p2                 |     |        | q_285             | add | fabric    | 0       |
|   q_289_fu_141508_p2                 |     |        | q_289             | add | fabric    | 0       |
|   sub_ln357_15_fu_141634_p2          |     |        | sub_ln357_15      | sub | fabric    | 0       |
|   q_293_fu_141670_p2                 |     |        | q_293             | add | fabric    | 0       |
|   q_297_fu_141882_p2                 |     |        | q_297             | add | fabric    | 0       |
|   q_301_fu_142038_p2                 |     |        | q_301             | add | fabric    | 0       |
|   q_305_fu_142250_p2                 |     |        | q_305             | add | fabric    | 0       |
|   q_309_fu_142478_p2                 |     |        | q_309             | add | fabric    | 0       |
|   q_313_fu_142706_p2                 |     |        | q_313             | add | fabric    | 0       |
|   q_317_fu_142862_p2                 |     |        | q_317             | add | fabric    | 0       |
|   q_321_fu_143074_p2                 |     |        | q_321             | add | fabric    | 0       |
|   q_325_fu_143230_p2                 |     |        | q_325             | add | fabric    | 0       |
|   q_329_fu_143442_p2                 |     |        | q_329             | add | fabric    | 0       |
|   q_333_fu_143598_p2                 |     |        | q_333             | add | fabric    | 0       |
|   q_337_fu_143810_p2                 |     |        | q_337             | add | fabric    | 0       |
|   q_341_fu_143966_p2                 |     |        | q_341             | add | fabric    | 0       |
|   q_345_fu_144178_p2                 |     |        | q_345             | add | fabric    | 0       |
|   q_349_fu_144334_p2                 |     |        | q_349             | add | fabric    | 0       |
|   q_353_fu_144546_p2                 |     |        | q_353             | add | fabric    | 0       |
|   q_357_fu_144702_p2                 |     |        | q_357             | add | fabric    | 0       |
|   q_361_fu_144914_p2                 |     |        | q_361             | add | fabric    | 0       |
|   q_365_fu_145070_p2                 |     |        | q_365             | add | fabric    | 0       |
|   q_369_fu_145282_p2                 |     |        | q_369             | add | fabric    | 0       |
|   q_373_fu_145438_p2                 |     |        | q_373             | add | fabric    | 0       |
|   q_377_fu_145650_p2                 |     |        | q_377             | add | fabric    | 0       |
|   q_381_fu_145806_p2                 |     |        | q_381             | add | fabric    | 0       |
|   q_385_fu_146018_p2                 |     |        | q_385             | add | fabric    | 0       |
|   q_389_fu_146174_p2                 |     |        | q_389             | add | fabric    | 0       |
|   q_393_fu_146386_p2                 |     |        | q_393             | add | fabric    | 0       |
|   q_397_fu_146542_p2                 |     |        | q_397             | add | fabric    | 0       |
|   q_401_fu_146754_p2                 |     |        | q_401             | add | fabric    | 0       |
|   q_405_fu_146910_p2                 |     |        | q_405             | add | fabric    | 0       |
|   q_409_fu_147122_p2                 |     |        | q_409             | add | fabric    | 0       |
|   q_413_fu_147334_p2                 |     |        | q_413             | add | fabric    | 0       |
|   q_417_fu_147546_p2                 |     |        | q_417             | add | fabric    | 0       |
|   q_421_fu_147702_p2                 |     |        | q_421             | add | fabric    | 0       |
|   q_425_fu_147914_p2                 |     |        | q_425             | add | fabric    | 0       |
|   q_429_fu_148070_p2                 |     |        | q_429             | add | fabric    | 0       |
|   q_433_fu_148282_p2                 |     |        | q_433             | add | fabric    | 0       |
|   sub_ln357_16_fu_148408_p2          |     |        | sub_ln357_16      | sub | fabric    | 0       |
|   q_437_fu_148444_p2                 |     |        | q_437             | add | fabric    | 0       |
|   q_441_fu_148656_p2                 |     |        | q_441             | add | fabric    | 0       |
|   q_445_fu_148812_p2                 |     |        | q_445             | add | fabric    | 0       |
|   q_449_fu_149024_p2                 |     |        | q_449             | add | fabric    | 0       |
|   q_453_fu_149180_p2                 |     |        | q_453             | add | fabric    | 0       |
|   q_457_fu_149392_p2                 |     |        | q_457             | add | fabric    | 0       |
|   q_461_fu_149620_p2                 |     |        | q_461             | add | fabric    | 0       |
|   q_465_fu_149848_p2                 |     |        | q_465             | add | fabric    | 0       |
|   q_469_fu_150004_p2                 |     |        | q_469             | add | fabric    | 0       |
|   q_473_fu_150216_p2                 |     |        | q_473             | add | fabric    | 0       |
|   q_477_fu_150372_p2                 |     |        | q_477             | add | fabric    | 0       |
|   q_481_fu_150584_p2                 |     |        | q_481             | add | fabric    | 0       |
|   q_485_fu_150740_p2                 |     |        | q_485             | add | fabric    | 0       |
|   q_489_fu_150952_p2                 |     |        | q_489             | add | fabric    | 0       |
|   q_493_fu_151108_p2                 |     |        | q_493             | add | fabric    | 0       |
|   q_497_fu_151320_p2                 |     |        | q_497             | add | fabric    | 0       |
|   q_501_fu_151476_p2                 |     |        | q_501             | add | fabric    | 0       |
|   q_505_fu_151688_p2                 |     |        | q_505             | add | fabric    | 0       |
|   q_509_fu_151844_p2                 |     |        | q_509             | add | fabric    | 0       |
|   q_513_fu_152056_p2                 |     |        | q_513             | add | fabric    | 0       |
|   q_517_fu_152212_p2                 |     |        | q_517             | add | fabric    | 0       |
|   q_521_fu_152424_p2                 |     |        | q_521             | add | fabric    | 0       |
|   q_525_fu_152580_p2                 |     |        | q_525             | add | fabric    | 0       |
|   q_529_fu_152792_p2                 |     |        | q_529             | add | fabric    | 0       |
|   q_533_fu_152948_p2                 |     |        | q_533             | add | fabric    | 0       |
|   q_537_fu_153160_p2                 |     |        | q_537             | add | fabric    | 0       |
|   q_541_fu_153316_p2                 |     |        | q_541             | add | fabric    | 0       |
|   q_545_fu_153528_p2                 |     |        | q_545             | add | fabric    | 0       |
|   q_549_fu_153684_p2                 |     |        | q_549             | add | fabric    | 0       |
|   q_553_fu_153896_p2                 |     |        | q_553             | add | fabric    | 0       |
|   q_557_fu_154108_p2                 |     |        | q_557             | add | fabric    | 0       |
|   q_561_fu_154320_p2                 |     |        | q_561             | add | fabric    | 0       |
|   q_565_fu_154476_p2                 |     |        | q_565             | add | fabric    | 0       |
|   q_569_fu_154688_p2                 |     |        | q_569             | add | fabric    | 0       |
|   q_573_fu_154844_p2                 |     |        | q_573             | add | fabric    | 0       |
|   q_577_fu_155056_p2                 |     |        | q_577             | add | fabric    | 0       |
|   sub_ln357_17_fu_155182_p2          |     |        | sub_ln357_17      | sub | fabric    | 0       |
|   q_581_fu_155218_p2                 |     |        | q_581             | add | fabric    | 0       |
|   q_585_fu_155430_p2                 |     |        | q_585             | add | fabric    | 0       |
|   q_589_fu_155586_p2                 |     |        | q_589             | add | fabric    | 0       |
|   q_593_fu_155798_p2                 |     |        | q_593             | add | fabric    | 0       |
|   q_597_fu_155954_p2                 |     |        | q_597             | add | fabric    | 0       |
|   q_601_fu_156166_p2                 |     |        | q_601             | add | fabric    | 0       |
|   q_605_fu_156322_p2                 |     |        | q_605             | add | fabric    | 0       |
|   q_609_fu_156534_p2                 |     |        | q_609             | add | fabric    | 0       |
|   q_613_fu_156762_p2                 |     |        | q_613             | add | fabric    | 0       |
|   q_617_fu_156990_p2                 |     |        | q_617             | add | fabric    | 0       |
|   q_621_fu_157146_p2                 |     |        | q_621             | add | fabric    | 0       |
|   q_625_fu_157358_p2                 |     |        | q_625             | add | fabric    | 0       |
|   q_629_fu_157514_p2                 |     |        | q_629             | add | fabric    | 0       |
|   q_633_fu_157726_p2                 |     |        | q_633             | add | fabric    | 0       |
|   q_637_fu_157882_p2                 |     |        | q_637             | add | fabric    | 0       |
|   q_641_fu_158094_p2                 |     |        | q_641             | add | fabric    | 0       |
|   q_645_fu_158250_p2                 |     |        | q_645             | add | fabric    | 0       |
|   q_649_fu_158462_p2                 |     |        | q_649             | add | fabric    | 0       |
|   q_653_fu_158618_p2                 |     |        | q_653             | add | fabric    | 0       |
|   q_657_fu_158830_p2                 |     |        | q_657             | add | fabric    | 0       |
|   q_661_fu_158986_p2                 |     |        | q_661             | add | fabric    | 0       |
|   q_665_fu_159198_p2                 |     |        | q_665             | add | fabric    | 0       |
|   q_669_fu_159354_p2                 |     |        | q_669             | add | fabric    | 0       |
|   q_673_fu_159566_p2                 |     |        | q_673             | add | fabric    | 0       |
|   q_677_fu_159722_p2                 |     |        | q_677             | add | fabric    | 0       |
|   q_681_fu_159934_p2                 |     |        | q_681             | add | fabric    | 0       |
|   q_685_fu_160090_p2                 |     |        | q_685             | add | fabric    | 0       |
|   q_689_fu_160302_p2                 |     |        | q_689             | add | fabric    | 0       |
|   q_693_fu_160458_p2                 |     |        | q_693             | add | fabric    | 0       |
|   q_697_fu_160670_p2                 |     |        | q_697             | add | fabric    | 0       |
|   q_701_fu_160882_p2                 |     |        | q_701             | add | fabric    | 0       |
|   q_705_fu_161094_p2                 |     |        | q_705             | add | fabric    | 0       |
|   q_709_fu_161250_p2                 |     |        | q_709             | add | fabric    | 0       |
|   q_713_fu_161462_p2                 |     |        | q_713             | add | fabric    | 0       |
|   q_717_fu_161618_p2                 |     |        | q_717             | add | fabric    | 0       |
|   q_721_fu_161830_p2                 |     |        | q_721             | add | fabric    | 0       |
|   sub_ln357_18_fu_161956_p2          |     |        | sub_ln357_18      | sub | fabric    | 0       |
|   q_725_fu_161992_p2                 |     |        | q_725             | add | fabric    | 0       |
|   q_729_fu_162204_p2                 |     |        | q_729             | add | fabric    | 0       |
|   q_733_fu_162360_p2                 |     |        | q_733             | add | fabric    | 0       |
|   q_737_fu_162572_p2                 |     |        | q_737             | add | fabric    | 0       |
|   q_741_fu_162728_p2                 |     |        | q_741             | add | fabric    | 0       |
|   q_745_fu_162940_p2                 |     |        | q_745             | add | fabric    | 0       |
|   q_749_fu_163096_p2                 |     |        | q_749             | add | fabric    | 0       |
|   q_753_fu_163308_p2                 |     |        | q_753             | add | fabric    | 0       |
|   q_757_fu_163464_p2                 |     |        | q_757             | add | fabric    | 0       |
|   q_761_fu_163676_p2                 |     |        | q_761             | add | fabric    | 0       |
|   q_765_fu_163904_p2                 |     |        | q_765             | add | fabric    | 0       |
|   q_769_fu_164132_p2                 |     |        | q_769             | add | fabric    | 0       |
|   q_773_fu_164288_p2                 |     |        | q_773             | add | fabric    | 0       |
|   q_777_fu_164500_p2                 |     |        | q_777             | add | fabric    | 0       |
|   q_781_fu_164656_p2                 |     |        | q_781             | add | fabric    | 0       |
|   q_785_fu_164868_p2                 |     |        | q_785             | add | fabric    | 0       |
|   q_789_fu_165024_p2                 |     |        | q_789             | add | fabric    | 0       |
|   q_793_fu_165236_p2                 |     |        | q_793             | add | fabric    | 0       |
|   q_797_fu_165392_p2                 |     |        | q_797             | add | fabric    | 0       |
|   q_801_fu_165604_p2                 |     |        | q_801             | add | fabric    | 0       |
|   q_805_fu_165760_p2                 |     |        | q_805             | add | fabric    | 0       |
|   q_809_fu_165972_p2                 |     |        | q_809             | add | fabric    | 0       |
|   q_813_fu_166128_p2                 |     |        | q_813             | add | fabric    | 0       |
|   q_817_fu_166340_p2                 |     |        | q_817             | add | fabric    | 0       |
|   q_821_fu_166496_p2                 |     |        | q_821             | add | fabric    | 0       |
|   q_825_fu_166708_p2                 |     |        | q_825             | add | fabric    | 0       |
|   q_829_fu_166864_p2                 |     |        | q_829             | add | fabric    | 0       |
|   q_833_fu_167076_p2                 |     |        | q_833             | add | fabric    | 0       |
|   q_837_fu_167232_p2                 |     |        | q_837             | add | fabric    | 0       |
|   q_841_fu_167444_p2                 |     |        | q_841             | add | fabric    | 0       |
|   q_845_fu_167656_p2                 |     |        | q_845             | add | fabric    | 0       |
|   q_849_fu_167868_p2                 |     |        | q_849             | add | fabric    | 0       |
|   q_853_fu_168024_p2                 |     |        | q_853             | add | fabric    | 0       |
|   q_857_fu_168236_p2                 |     |        | q_857             | add | fabric    | 0       |
|   q_861_fu_168392_p2                 |     |        | q_861             | add | fabric    | 0       |
|   q_865_fu_168604_p2                 |     |        | q_865             | add | fabric    | 0       |
|   sub_ln357_19_fu_168730_p2          |     |        | sub_ln357_19      | sub | fabric    | 0       |
|   q_869_fu_168766_p2                 |     |        | q_869             | add | fabric    | 0       |
|   q_873_fu_168978_p2                 |     |        | q_873             | add | fabric    | 0       |
|   q_877_fu_169134_p2                 |     |        | q_877             | add | fabric    | 0       |
|   q_881_fu_169346_p2                 |     |        | q_881             | add | fabric    | 0       |
|   q_885_fu_169502_p2                 |     |        | q_885             | add | fabric    | 0       |
|   q_889_fu_169714_p2                 |     |        | q_889             | add | fabric    | 0       |
|   q_893_fu_169870_p2                 |     |        | q_893             | add | fabric    | 0       |
|   q_897_fu_170082_p2                 |     |        | q_897             | add | fabric    | 0       |
|   q_901_fu_170238_p2                 |     |        | q_901             | add | fabric    | 0       |
|   q_905_fu_170450_p2                 |     |        | q_905             | add | fabric    | 0       |
|   q_909_fu_170606_p2                 |     |        | q_909             | add | fabric    | 0       |
|   q_913_fu_170818_p2                 |     |        | q_913             | add | fabric    | 0       |
|   q_917_fu_171046_p2                 |     |        | q_917             | add | fabric    | 0       |
|   q_921_fu_171274_p2                 |     |        | q_921             | add | fabric    | 0       |
|   q_925_fu_171430_p2                 |     |        | q_925             | add | fabric    | 0       |
|   q_929_fu_171642_p2                 |     |        | q_929             | add | fabric    | 0       |
|   q_933_fu_171798_p2                 |     |        | q_933             | add | fabric    | 0       |
|   q_937_fu_172010_p2                 |     |        | q_937             | add | fabric    | 0       |
|   q_941_fu_172166_p2                 |     |        | q_941             | add | fabric    | 0       |
|   q_945_fu_172378_p2                 |     |        | q_945             | add | fabric    | 0       |
|   q_949_fu_172534_p2                 |     |        | q_949             | add | fabric    | 0       |
|   q_953_fu_172746_p2                 |     |        | q_953             | add | fabric    | 0       |
|   q_957_fu_172902_p2                 |     |        | q_957             | add | fabric    | 0       |
|   q_961_fu_173114_p2                 |     |        | q_961             | add | fabric    | 0       |
|   q_965_fu_173270_p2                 |     |        | q_965             | add | fabric    | 0       |
|   q_969_fu_173482_p2                 |     |        | q_969             | add | fabric    | 0       |
|   q_973_fu_173638_p2                 |     |        | q_973             | add | fabric    | 0       |
|   q_977_fu_173850_p2                 |     |        | q_977             | add | fabric    | 0       |
|   q_981_fu_174006_p2                 |     |        | q_981             | add | fabric    | 0       |
|   q_985_fu_174218_p2                 |     |        | q_985             | add | fabric    | 0       |
|   q_989_fu_174430_p2                 |     |        | q_989             | add | fabric    | 0       |
|   q_993_fu_174642_p2                 |     |        | q_993             | add | fabric    | 0       |
|   q_997_fu_174798_p2                 |     |        | q_997             | add | fabric    | 0       |
|   q_1001_fu_175010_p2                |     |        | q_1001            | add | fabric    | 0       |
|   q_1005_fu_175166_p2                |     |        | q_1005            | add | fabric    | 0       |
|   q_1009_fu_175378_p2                |     |        | q_1009            | add | fabric    | 0       |
|   sub_ln357_20_fu_175504_p2          |     |        | sub_ln357_20      | sub | fabric    | 0       |
|   q_1013_fu_175540_p2                |     |        | q_1013            | add | fabric    | 0       |
|   q_1017_fu_175752_p2                |     |        | q_1017            | add | fabric    | 0       |
|   q_1021_fu_175908_p2                |     |        | q_1021            | add | fabric    | 0       |
|   q_1025_fu_176120_p2                |     |        | q_1025            | add | fabric    | 0       |
|   q_1029_fu_176276_p2                |     |        | q_1029            | add | fabric    | 0       |
|   q_1033_fu_176488_p2                |     |        | q_1033            | add | fabric    | 0       |
|   q_1037_fu_176644_p2                |     |        | q_1037            | add | fabric    | 0       |
|   q_1041_fu_176856_p2                |     |        | q_1041            | add | fabric    | 0       |
|   q_1045_fu_177012_p2                |     |        | q_1045            | add | fabric    | 0       |
|   q_1049_fu_177224_p2                |     |        | q_1049            | add | fabric    | 0       |
|   q_1053_fu_177380_p2                |     |        | q_1053            | add | fabric    | 0       |
|   q_1057_fu_177592_p2                |     |        | q_1057            | add | fabric    | 0       |
|   q_1061_fu_177748_p2                |     |        | q_1061            | add | fabric    | 0       |
|   q_1065_fu_177960_p2                |     |        | q_1065            | add | fabric    | 0       |
|   q_1069_fu_178188_p2                |     |        | q_1069            | add | fabric    | 0       |
|   q_1073_fu_178416_p2                |     |        | q_1073            | add | fabric    | 0       |
|   q_1077_fu_178572_p2                |     |        | q_1077            | add | fabric    | 0       |
|   q_1081_fu_178784_p2                |     |        | q_1081            | add | fabric    | 0       |
|   q_1085_fu_178940_p2                |     |        | q_1085            | add | fabric    | 0       |
|   q_1089_fu_179152_p2                |     |        | q_1089            | add | fabric    | 0       |
|   q_1093_fu_179308_p2                |     |        | q_1093            | add | fabric    | 0       |
|   q_1097_fu_179520_p2                |     |        | q_1097            | add | fabric    | 0       |
|   q_1101_fu_179676_p2                |     |        | q_1101            | add | fabric    | 0       |
|   q_1105_fu_179888_p2                |     |        | q_1105            | add | fabric    | 0       |
|   q_1109_fu_180044_p2                |     |        | q_1109            | add | fabric    | 0       |
|   q_1113_fu_180256_p2                |     |        | q_1113            | add | fabric    | 0       |
|   q_1117_fu_180412_p2                |     |        | q_1117            | add | fabric    | 0       |
|   q_1121_fu_180624_p2                |     |        | q_1121            | add | fabric    | 0       |
|   q_1125_fu_180780_p2                |     |        | q_1125            | add | fabric    | 0       |
|   q_1129_fu_180992_p2                |     |        | q_1129            | add | fabric    | 0       |
|   q_1133_fu_181204_p2                |     |        | q_1133            | add | fabric    | 0       |
|   q_1137_fu_181416_p2                |     |        | q_1137            | add | fabric    | 0       |
|   q_1141_fu_181572_p2                |     |        | q_1141            | add | fabric    | 0       |
|   q_1145_fu_181784_p2                |     |        | q_1145            | add | fabric    | 0       |
|   q_1149_fu_181940_p2                |     |        | q_1149            | add | fabric    | 0       |
|   q_1153_fu_182152_p2                |     |        | q_1153            | add | fabric    | 0       |
|   sub_ln357_21_fu_182278_p2          |     |        | sub_ln357_21      | sub | fabric    | 0       |
|   q_1157_fu_182314_p2                |     |        | q_1157            | add | fabric    | 0       |
|   q_1161_fu_182526_p2                |     |        | q_1161            | add | fabric    | 0       |
|   q_1165_fu_182682_p2                |     |        | q_1165            | add | fabric    | 0       |
|   q_1169_fu_182894_p2                |     |        | q_1169            | add | fabric    | 0       |
|   q_1173_fu_183050_p2                |     |        | q_1173            | add | fabric    | 0       |
|   q_1177_fu_183262_p2                |     |        | q_1177            | add | fabric    | 0       |
|   q_1181_fu_183418_p2                |     |        | q_1181            | add | fabric    | 0       |
|   q_1185_fu_183630_p2                |     |        | q_1185            | add | fabric    | 0       |
|   q_1189_fu_183786_p2                |     |        | q_1189            | add | fabric    | 0       |
|   q_1193_fu_183998_p2                |     |        | q_1193            | add | fabric    | 0       |
|   q_1197_fu_184154_p2                |     |        | q_1197            | add | fabric    | 0       |
|   q_1201_fu_184366_p2                |     |        | q_1201            | add | fabric    | 0       |
|   q_1205_fu_184522_p2                |     |        | q_1205            | add | fabric    | 0       |
|   q_1209_fu_184734_p2                |     |        | q_1209            | add | fabric    | 0       |
|   q_1213_fu_184890_p2                |     |        | q_1213            | add | fabric    | 0       |
|   q_1217_fu_185102_p2                |     |        | q_1217            | add | fabric    | 0       |
|   q_1221_fu_185330_p2                |     |        | q_1221            | add | fabric    | 0       |
|   q_1225_fu_185558_p2                |     |        | q_1225            | add | fabric    | 0       |
|   q_1229_fu_185714_p2                |     |        | q_1229            | add | fabric    | 0       |
|   q_1233_fu_185926_p2                |     |        | q_1233            | add | fabric    | 0       |
|   q_1237_fu_186082_p2                |     |        | q_1237            | add | fabric    | 0       |
|   q_1241_fu_186294_p2                |     |        | q_1241            | add | fabric    | 0       |
|   q_1245_fu_186450_p2                |     |        | q_1245            | add | fabric    | 0       |
|   q_1249_fu_186662_p2                |     |        | q_1249            | add | fabric    | 0       |
|   q_1253_fu_186818_p2                |     |        | q_1253            | add | fabric    | 0       |
|   q_1257_fu_187030_p2                |     |        | q_1257            | add | fabric    | 0       |
|   q_1261_fu_187186_p2                |     |        | q_1261            | add | fabric    | 0       |
|   q_1265_fu_187398_p2                |     |        | q_1265            | add | fabric    | 0       |
|   q_1269_fu_187554_p2                |     |        | q_1269            | add | fabric    | 0       |
|   q_1273_fu_187766_p2                |     |        | q_1273            | add | fabric    | 0       |
|   q_1277_fu_187978_p2                |     |        | q_1277            | add | fabric    | 0       |
|   q_1281_fu_188190_p2                |     |        | q_1281            | add | fabric    | 0       |
|   q_1285_fu_188346_p2                |     |        | q_1285            | add | fabric    | 0       |
|   q_1289_fu_188558_p2                |     |        | q_1289            | add | fabric    | 0       |
|   q_1293_fu_188714_p2                |     |        | q_1293            | add | fabric    | 0       |
|   q_1297_fu_188926_p2                |     |        | q_1297            | add | fabric    | 0       |
|   sub_ln357_22_fu_189052_p2          |     |        | sub_ln357_22      | sub | fabric    | 0       |
|   q_1301_fu_189088_p2                |     |        | q_1301            | add | fabric    | 0       |
|   q_1305_fu_189300_p2                |     |        | q_1305            | add | fabric    | 0       |
|   q_1309_fu_189456_p2                |     |        | q_1309            | add | fabric    | 0       |
|   q_1313_fu_189668_p2                |     |        | q_1313            | add | fabric    | 0       |
|   q_1317_fu_189824_p2                |     |        | q_1317            | add | fabric    | 0       |
|   q_1321_fu_190036_p2                |     |        | q_1321            | add | fabric    | 0       |
|   q_1325_fu_190192_p2                |     |        | q_1325            | add | fabric    | 0       |
|   q_1329_fu_190404_p2                |     |        | q_1329            | add | fabric    | 0       |
|   q_1333_fu_190560_p2                |     |        | q_1333            | add | fabric    | 0       |
|   q_1337_fu_190772_p2                |     |        | q_1337            | add | fabric    | 0       |
|   q_1341_fu_190928_p2                |     |        | q_1341            | add | fabric    | 0       |
|   q_1345_fu_191140_p2                |     |        | q_1345            | add | fabric    | 0       |
|   q_1349_fu_191296_p2                |     |        | q_1349            | add | fabric    | 0       |
|   q_1353_fu_191508_p2                |     |        | q_1353            | add | fabric    | 0       |
|   q_1357_fu_191664_p2                |     |        | q_1357            | add | fabric    | 0       |
|   q_1361_fu_191876_p2                |     |        | q_1361            | add | fabric    | 0       |
|   q_1365_fu_192032_p2                |     |        | q_1365            | add | fabric    | 0       |
|   q_1369_fu_192244_p2                |     |        | q_1369            | add | fabric    | 0       |
|   q_1373_fu_192472_p2                |     |        | q_1373            | add | fabric    | 0       |
|   q_1377_fu_192700_p2                |     |        | q_1377            | add | fabric    | 0       |
|   q_1381_fu_192856_p2                |     |        | q_1381            | add | fabric    | 0       |
|   q_1385_fu_193068_p2                |     |        | q_1385            | add | fabric    | 0       |
|   q_1389_fu_193224_p2                |     |        | q_1389            | add | fabric    | 0       |
|   q_1393_fu_193436_p2                |     |        | q_1393            | add | fabric    | 0       |
|   q_1397_fu_193592_p2                |     |        | q_1397            | add | fabric    | 0       |
|   q_1401_fu_193804_p2                |     |        | q_1401            | add | fabric    | 0       |
|   q_1405_fu_193960_p2                |     |        | q_1405            | add | fabric    | 0       |
|   q_1409_fu_194172_p2                |     |        | q_1409            | add | fabric    | 0       |
|   q_1413_fu_194328_p2                |     |        | q_1413            | add | fabric    | 0       |
|   q_1417_fu_194540_p2                |     |        | q_1417            | add | fabric    | 0       |
|   q_1421_fu_194752_p2                |     |        | q_1421            | add | fabric    | 0       |
|   q_1425_fu_194964_p2                |     |        | q_1425            | add | fabric    | 0       |
|   q_1429_fu_195120_p2                |     |        | q_1429            | add | fabric    | 0       |
|   q_1433_fu_195332_p2                |     |        | q_1433            | add | fabric    | 0       |
|   q_1437_fu_195488_p2                |     |        | q_1437            | add | fabric    | 0       |
|   q_1441_fu_195700_p2                |     |        | q_1441            | add | fabric    | 0       |
|   sub_ln357_23_fu_195826_p2          |     |        | sub_ln357_23      | sub | fabric    | 0       |
|   q_1445_fu_195862_p2                |     |        | q_1445            | add | fabric    | 0       |
|   q_1449_fu_196074_p2                |     |        | q_1449            | add | fabric    | 0       |
|   q_1453_fu_196230_p2                |     |        | q_1453            | add | fabric    | 0       |
|   q_1457_fu_196442_p2                |     |        | q_1457            | add | fabric    | 0       |
|   q_1461_fu_196598_p2                |     |        | q_1461            | add | fabric    | 0       |
|   q_1465_fu_196810_p2                |     |        | q_1465            | add | fabric    | 0       |
|   q_1469_fu_196966_p2                |     |        | q_1469            | add | fabric    | 0       |
|   q_1473_fu_197178_p2                |     |        | q_1473            | add | fabric    | 0       |
|   q_1477_fu_197334_p2                |     |        | q_1477            | add | fabric    | 0       |
|   q_1481_fu_197546_p2                |     |        | q_1481            | add | fabric    | 0       |
|   q_1485_fu_197702_p2                |     |        | q_1485            | add | fabric    | 0       |
|   q_1489_fu_197914_p2                |     |        | q_1489            | add | fabric    | 0       |
|   q_1493_fu_198070_p2                |     |        | q_1493            | add | fabric    | 0       |
|   q_1497_fu_198282_p2                |     |        | q_1497            | add | fabric    | 0       |
|   q_1501_fu_198438_p2                |     |        | q_1501            | add | fabric    | 0       |
|   q_1505_fu_198650_p2                |     |        | q_1505            | add | fabric    | 0       |
|   q_1509_fu_198806_p2                |     |        | q_1509            | add | fabric    | 0       |
|   q_1513_fu_199018_p2                |     |        | q_1513            | add | fabric    | 0       |
|   q_1517_fu_199174_p2                |     |        | q_1517            | add | fabric    | 0       |
|   q_1521_fu_199386_p2                |     |        | q_1521            | add | fabric    | 0       |
|   q_1525_fu_199614_p2                |     |        | q_1525            | add | fabric    | 0       |
|   q_1529_fu_199842_p2                |     |        | q_1529            | add | fabric    | 0       |
|   q_1533_fu_199998_p2                |     |        | q_1533            | add | fabric    | 0       |
|   q_1537_fu_200210_p2                |     |        | q_1537            | add | fabric    | 0       |
|   q_1541_fu_200366_p2                |     |        | q_1541            | add | fabric    | 0       |
|   q_1545_fu_200578_p2                |     |        | q_1545            | add | fabric    | 0       |
|   q_1549_fu_200734_p2                |     |        | q_1549            | add | fabric    | 0       |
|   q_1553_fu_200946_p2                |     |        | q_1553            | add | fabric    | 0       |
|   q_1557_fu_201102_p2                |     |        | q_1557            | add | fabric    | 0       |
|   q_1561_fu_201314_p2                |     |        | q_1561            | add | fabric    | 0       |
|   q_1565_fu_201526_p2                |     |        | q_1565            | add | fabric    | 0       |
|   q_1569_fu_201738_p2                |     |        | q_1569            | add | fabric    | 0       |
|   q_1573_fu_201894_p2                |     |        | q_1573            | add | fabric    | 0       |
|   q_1577_fu_202106_p2                |     |        | q_1577            | add | fabric    | 0       |
|   q_1581_fu_202262_p2                |     |        | q_1581            | add | fabric    | 0       |
|   q_1585_fu_202474_p2                |     |        | q_1585            | add | fabric    | 0       |
|   sub_ln357_24_fu_202600_p2          |     |        | sub_ln357_24      | sub | fabric    | 0       |
|   q_1589_fu_202636_p2                |     |        | q_1589            | add | fabric    | 0       |
|   q_1593_fu_202848_p2                |     |        | q_1593            | add | fabric    | 0       |
|   q_1597_fu_203004_p2                |     |        | q_1597            | add | fabric    | 0       |
|   q_1601_fu_203216_p2                |     |        | q_1601            | add | fabric    | 0       |
|   q_1605_fu_203372_p2                |     |        | q_1605            | add | fabric    | 0       |
|   q_1609_fu_203584_p2                |     |        | q_1609            | add | fabric    | 0       |
|   q_1613_fu_203740_p2                |     |        | q_1613            | add | fabric    | 0       |
|   q_1617_fu_203952_p2                |     |        | q_1617            | add | fabric    | 0       |
|   q_1621_fu_204108_p2                |     |        | q_1621            | add | fabric    | 0       |
|   q_1625_fu_204320_p2                |     |        | q_1625            | add | fabric    | 0       |
|   q_1629_fu_204476_p2                |     |        | q_1629            | add | fabric    | 0       |
|   q_1633_fu_204688_p2                |     |        | q_1633            | add | fabric    | 0       |
|   q_1637_fu_204844_p2                |     |        | q_1637            | add | fabric    | 0       |
|   q_1641_fu_205056_p2                |     |        | q_1641            | add | fabric    | 0       |
|   q_1645_fu_205212_p2                |     |        | q_1645            | add | fabric    | 0       |
|   q_1649_fu_205424_p2                |     |        | q_1649            | add | fabric    | 0       |
|   q_1653_fu_205580_p2                |     |        | q_1653            | add | fabric    | 0       |
|   q_1657_fu_205792_p2                |     |        | q_1657            | add | fabric    | 0       |
|   q_1661_fu_205948_p2                |     |        | q_1661            | add | fabric    | 0       |
|   q_1665_fu_206160_p2                |     |        | q_1665            | add | fabric    | 0       |
|   q_1669_fu_206316_p2                |     |        | q_1669            | add | fabric    | 0       |
|   q_1673_fu_206528_p2                |     |        | q_1673            | add | fabric    | 0       |
|   q_1677_fu_206756_p2                |     |        | q_1677            | add | fabric    | 0       |
|   q_1681_fu_206984_p2                |     |        | q_1681            | add | fabric    | 0       |
|   q_1685_fu_207140_p2                |     |        | q_1685            | add | fabric    | 0       |
|   q_1689_fu_207352_p2                |     |        | q_1689            | add | fabric    | 0       |
|   q_1693_fu_207508_p2                |     |        | q_1693            | add | fabric    | 0       |
|   q_1697_fu_207720_p2                |     |        | q_1697            | add | fabric    | 0       |
|   q_1701_fu_207876_p2                |     |        | q_1701            | add | fabric    | 0       |
|   q_1705_fu_208088_p2                |     |        | q_1705            | add | fabric    | 0       |
|   q_1709_fu_208300_p2                |     |        | q_1709            | add | fabric    | 0       |
|   q_1713_fu_208512_p2                |     |        | q_1713            | add | fabric    | 0       |
|   q_1717_fu_208668_p2                |     |        | q_1717            | add | fabric    | 0       |
|   q_1721_fu_208880_p2                |     |        | q_1721            | add | fabric    | 0       |
|   q_1725_fu_209036_p2                |     |        | q_1725            | add | fabric    | 0       |
|   q_1729_fu_209248_p2                |     |        | q_1729            | add | fabric    | 0       |
|   sub_ln357_25_fu_209374_p2          |     |        | sub_ln357_25      | sub | fabric    | 0       |
|   q_1733_fu_209410_p2                |     |        | q_1733            | add | fabric    | 0       |
|   q_1737_fu_209622_p2                |     |        | q_1737            | add | fabric    | 0       |
|   q_1741_fu_209778_p2                |     |        | q_1741            | add | fabric    | 0       |
|   q_1745_fu_209990_p2                |     |        | q_1745            | add | fabric    | 0       |
|   q_1749_fu_210146_p2                |     |        | q_1749            | add | fabric    | 0       |
|   q_1753_fu_210358_p2                |     |        | q_1753            | add | fabric    | 0       |
|   q_1757_fu_210514_p2                |     |        | q_1757            | add | fabric    | 0       |
|   q_1761_fu_210726_p2                |     |        | q_1761            | add | fabric    | 0       |
|   q_1765_fu_210882_p2                |     |        | q_1765            | add | fabric    | 0       |
|   q_1769_fu_211094_p2                |     |        | q_1769            | add | fabric    | 0       |
|   q_1773_fu_211250_p2                |     |        | q_1773            | add | fabric    | 0       |
|   q_1777_fu_211462_p2                |     |        | q_1777            | add | fabric    | 0       |
|   q_1781_fu_211618_p2                |     |        | q_1781            | add | fabric    | 0       |
|   q_1785_fu_211830_p2                |     |        | q_1785            | add | fabric    | 0       |
|   q_1789_fu_211986_p2                |     |        | q_1789            | add | fabric    | 0       |
|   q_1793_fu_212198_p2                |     |        | q_1793            | add | fabric    | 0       |
|   q_1797_fu_212354_p2                |     |        | q_1797            | add | fabric    | 0       |
|   q_1801_fu_212566_p2                |     |        | q_1801            | add | fabric    | 0       |
|   q_1805_fu_212722_p2                |     |        | q_1805            | add | fabric    | 0       |
|   q_1809_fu_212934_p2                |     |        | q_1809            | add | fabric    | 0       |
|   q_1813_fu_213090_p2                |     |        | q_1813            | add | fabric    | 0       |
|   q_1817_fu_213302_p2                |     |        | q_1817            | add | fabric    | 0       |
|   q_1821_fu_213458_p2                |     |        | q_1821            | add | fabric    | 0       |
|   q_1825_fu_213670_p2                |     |        | q_1825            | add | fabric    | 0       |
|   q_1829_fu_213898_p2                |     |        | q_1829            | add | fabric    | 0       |
|   q_1833_fu_214126_p2                |     |        | q_1833            | add | fabric    | 0       |
|   q_1837_fu_214282_p2                |     |        | q_1837            | add | fabric    | 0       |
|   q_1841_fu_214494_p2                |     |        | q_1841            | add | fabric    | 0       |
|   q_1845_fu_214650_p2                |     |        | q_1845            | add | fabric    | 0       |
|   q_1849_fu_214862_p2                |     |        | q_1849            | add | fabric    | 0       |
|   q_1853_fu_215074_p2                |     |        | q_1853            | add | fabric    | 0       |
|   q_1857_fu_215286_p2                |     |        | q_1857            | add | fabric    | 0       |
|   q_1861_fu_215442_p2                |     |        | q_1861            | add | fabric    | 0       |
|   q_1865_fu_215654_p2                |     |        | q_1865            | add | fabric    | 0       |
|   q_1869_fu_215810_p2                |     |        | q_1869            | add | fabric    | 0       |
|   q_1873_fu_216022_p2                |     |        | q_1873            | add | fabric    | 0       |
|   sub_ln357_26_fu_216148_p2          |     |        | sub_ln357_26      | sub | fabric    | 0       |
|   q_1877_fu_216184_p2                |     |        | q_1877            | add | fabric    | 0       |
|   q_1881_fu_216396_p2                |     |        | q_1881            | add | fabric    | 0       |
|   q_1885_fu_216552_p2                |     |        | q_1885            | add | fabric    | 0       |
|   q_1889_fu_216764_p2                |     |        | q_1889            | add | fabric    | 0       |
|   q_1893_fu_216920_p2                |     |        | q_1893            | add | fabric    | 0       |
|   q_1897_fu_217132_p2                |     |        | q_1897            | add | fabric    | 0       |
|   q_1901_fu_217288_p2                |     |        | q_1901            | add | fabric    | 0       |
|   q_1905_fu_217500_p2                |     |        | q_1905            | add | fabric    | 0       |
|   q_1909_fu_217656_p2                |     |        | q_1909            | add | fabric    | 0       |
|   q_1913_fu_217868_p2                |     |        | q_1913            | add | fabric    | 0       |
|   q_1917_fu_218024_p2                |     |        | q_1917            | add | fabric    | 0       |
|   q_1921_fu_218236_p2                |     |        | q_1921            | add | fabric    | 0       |
|   q_1925_fu_218392_p2                |     |        | q_1925            | add | fabric    | 0       |
|   q_1929_fu_218604_p2                |     |        | q_1929            | add | fabric    | 0       |
|   q_1933_fu_218760_p2                |     |        | q_1933            | add | fabric    | 0       |
|   q_1937_fu_218972_p2                |     |        | q_1937            | add | fabric    | 0       |
|   q_1941_fu_219128_p2                |     |        | q_1941            | add | fabric    | 0       |
|   q_1945_fu_219340_p2                |     |        | q_1945            | add | fabric    | 0       |
|   q_1949_fu_219496_p2                |     |        | q_1949            | add | fabric    | 0       |
|   q_1953_fu_219708_p2                |     |        | q_1953            | add | fabric    | 0       |
|   q_1957_fu_219864_p2                |     |        | q_1957            | add | fabric    | 0       |
|   q_1961_fu_220076_p2                |     |        | q_1961            | add | fabric    | 0       |
|   q_1965_fu_220232_p2                |     |        | q_1965            | add | fabric    | 0       |
|   q_1969_fu_220444_p2                |     |        | q_1969            | add | fabric    | 0       |
|   q_1973_fu_220600_p2                |     |        | q_1973            | add | fabric    | 0       |
|   q_1977_fu_220812_p2                |     |        | q_1977            | add | fabric    | 0       |
|   q_1981_fu_221040_p2                |     |        | q_1981            | add | fabric    | 0       |
|   q_1985_fu_221268_p2                |     |        | q_1985            | add | fabric    | 0       |
|   q_1989_fu_221424_p2                |     |        | q_1989            | add | fabric    | 0       |
|   q_1993_fu_221636_p2                |     |        | q_1993            | add | fabric    | 0       |
|   q_1997_fu_221848_p2                |     |        | q_1997            | add | fabric    | 0       |
|   q_2001_fu_222060_p2                |     |        | q_2001            | add | fabric    | 0       |
|   q_2005_fu_222216_p2                |     |        | q_2005            | add | fabric    | 0       |
|   q_2009_fu_222428_p2                |     |        | q_2009            | add | fabric    | 0       |
|   q_2013_fu_222584_p2                |     |        | q_2013            | add | fabric    | 0       |
|   q_2017_fu_222796_p2                |     |        | q_2017            | add | fabric    | 0       |
|   sub_ln357_27_fu_222922_p2          |     |        | sub_ln357_27      | sub | fabric    | 0       |
|   q_2021_fu_222958_p2                |     |        | q_2021            | add | fabric    | 0       |
|   q_2025_fu_223170_p2                |     |        | q_2025            | add | fabric    | 0       |
|   q_2029_fu_223326_p2                |     |        | q_2029            | add | fabric    | 0       |
|   q_2033_fu_223538_p2                |     |        | q_2033            | add | fabric    | 0       |
|   q_2037_fu_223694_p2                |     |        | q_2037            | add | fabric    | 0       |
|   q_2041_fu_223906_p2                |     |        | q_2041            | add | fabric    | 0       |
|   q_2045_fu_224062_p2                |     |        | q_2045            | add | fabric    | 0       |
|   q_2049_fu_224274_p2                |     |        | q_2049            | add | fabric    | 0       |
|   q_2053_fu_224430_p2                |     |        | q_2053            | add | fabric    | 0       |
|   q_2057_fu_224642_p2                |     |        | q_2057            | add | fabric    | 0       |
|   q_2061_fu_224798_p2                |     |        | q_2061            | add | fabric    | 0       |
|   q_2065_fu_225010_p2                |     |        | q_2065            | add | fabric    | 0       |
|   q_2069_fu_225166_p2                |     |        | q_2069            | add | fabric    | 0       |
|   q_2073_fu_225378_p2                |     |        | q_2073            | add | fabric    | 0       |
|   q_2077_fu_225534_p2                |     |        | q_2077            | add | fabric    | 0       |
|   q_2081_fu_225746_p2                |     |        | q_2081            | add | fabric    | 0       |
|   q_2085_fu_225902_p2                |     |        | q_2085            | add | fabric    | 0       |
|   q_2089_fu_226114_p2                |     |        | q_2089            | add | fabric    | 0       |
|   q_2093_fu_226270_p2                |     |        | q_2093            | add | fabric    | 0       |
|   q_2097_fu_226482_p2                |     |        | q_2097            | add | fabric    | 0       |
|   q_2101_fu_226638_p2                |     |        | q_2101            | add | fabric    | 0       |
|   q_2105_fu_226850_p2                |     |        | q_2105            | add | fabric    | 0       |
|   q_2109_fu_227006_p2                |     |        | q_2109            | add | fabric    | 0       |
|   q_2113_fu_227218_p2                |     |        | q_2113            | add | fabric    | 0       |
|   q_2117_fu_227374_p2                |     |        | q_2117            | add | fabric    | 0       |
|   q_2121_fu_227586_p2                |     |        | q_2121            | add | fabric    | 0       |
|   q_2125_fu_227742_p2                |     |        | q_2125            | add | fabric    | 0       |
|   q_2129_fu_227954_p2                |     |        | q_2129            | add | fabric    | 0       |
|   q_2133_fu_228182_p2                |     |        | q_2133            | add | fabric    | 0       |
|   q_2137_fu_228410_p2                |     |        | q_2137            | add | fabric    | 0       |
|   q_2141_fu_228622_p2                |     |        | q_2141            | add | fabric    | 0       |
|   q_2145_fu_228834_p2                |     |        | q_2145            | add | fabric    | 0       |
|   q_2149_fu_228990_p2                |     |        | q_2149            | add | fabric    | 0       |
|   q_2153_fu_229202_p2                |     |        | q_2153            | add | fabric    | 0       |
|   q_2157_fu_229358_p2                |     |        | q_2157            | add | fabric    | 0       |
|   q_2161_fu_229570_p2                |     |        | q_2161            | add | fabric    | 0       |
|   sub_ln357_28_fu_229748_p2          |     |        | sub_ln357_28      | sub | fabric    | 0       |
|   q_2165_fu_229784_p2                |     |        | q_2165            | add | fabric    | 0       |
|   q_2169_fu_229996_p2                |     |        | q_2169            | add | fabric    | 0       |
|   q_2173_fu_230204_p2                |     |        | q_2173            | add | fabric    | 0       |
|   q_2177_fu_230416_p2                |     |        | q_2177            | add | fabric    | 0       |
|   q_2181_fu_230624_p2                |     |        | q_2181            | add | fabric    | 0       |
|   q_2185_fu_230836_p2                |     |        | q_2185            | add | fabric    | 0       |
|   q_2189_fu_231044_p2                |     |        | q_2189            | add | fabric    | 0       |
|   q_2193_fu_231256_p2                |     |        | q_2193            | add | fabric    | 0       |
|   q_2197_fu_231464_p2                |     |        | q_2197            | add | fabric    | 0       |
|   q_2201_fu_231676_p2                |     |        | q_2201            | add | fabric    | 0       |
|   q_2205_fu_231884_p2                |     |        | q_2205            | add | fabric    | 0       |
|   q_2209_fu_232096_p2                |     |        | q_2209            | add | fabric    | 0       |
|   q_2213_fu_232304_p2                |     |        | q_2213            | add | fabric    | 0       |
|   q_2217_fu_232516_p2                |     |        | q_2217            | add | fabric    | 0       |
|   q_2221_fu_232724_p2                |     |        | q_2221            | add | fabric    | 0       |
|   q_2225_fu_232936_p2                |     |        | q_2225            | add | fabric    | 0       |
|   q_2229_fu_233144_p2                |     |        | q_2229            | add | fabric    | 0       |
|   q_2233_fu_233356_p2                |     |        | q_2233            | add | fabric    | 0       |
|   q_2237_fu_233564_p2                |     |        | q_2237            | add | fabric    | 0       |
|   q_2241_fu_233776_p2                |     |        | q_2241            | add | fabric    | 0       |
|   q_2245_fu_233984_p2                |     |        | q_2245            | add | fabric    | 0       |
|   q_2249_fu_234196_p2                |     |        | q_2249            | add | fabric    | 0       |
|   q_2253_fu_234404_p2                |     |        | q_2253            | add | fabric    | 0       |
|   q_2257_fu_234616_p2                |     |        | q_2257            | add | fabric    | 0       |
|   q_2261_fu_234824_p2                |     |        | q_2261            | add | fabric    | 0       |
|   q_2265_fu_235036_p2                |     |        | q_2265            | add | fabric    | 0       |
|   q_2269_fu_235244_p2                |     |        | q_2269            | add | fabric    | 0       |
|   q_2273_fu_235456_p2                |     |        | q_2273            | add | fabric    | 0       |
|   q_2277_fu_235664_p2                |     |        | q_2277            | add | fabric    | 0       |
|   q_2281_fu_235876_p2                |     |        | q_2281            | add | fabric    | 0       |
|   q_2285_fu_236104_p2                |     |        | q_2285            | add | fabric    | 0       |
|   q_2289_fu_236332_p2                |     |        | q_2289            | add | fabric    | 0       |
|   q_2293_fu_236488_p2                |     |        | q_2293            | add | fabric    | 0       |
|   q_2297_fu_236700_p2                |     |        | q_2297            | add | fabric    | 0       |
|   q_2301_fu_236856_p2                |     |        | q_2301            | add | fabric    | 0       |
|   q_2305_fu_237068_p2                |     |        | q_2305            | add | fabric    | 0       |
|   sub_ln357_29_fu_237194_p2          |     |        | sub_ln357_29      | sub | fabric    | 0       |
|   q_2309_fu_237230_p2                |     |        | q_2309            | add | fabric    | 0       |
|   q_2313_fu_237442_p2                |     |        | q_2313            | add | fabric    | 0       |
|   q_2317_fu_237598_p2                |     |        | q_2317            | add | fabric    | 0       |
|   q_2321_fu_237810_p2                |     |        | q_2321            | add | fabric    | 0       |
|   q_2325_fu_237966_p2                |     |        | q_2325            | add | fabric    | 0       |
|   q_2329_fu_238178_p2                |     |        | q_2329            | add | fabric    | 0       |
|   q_2333_fu_238334_p2                |     |        | q_2333            | add | fabric    | 0       |
|   q_2337_fu_238546_p2                |     |        | q_2337            | add | fabric    | 0       |
|   q_2341_fu_238702_p2                |     |        | q_2341            | add | fabric    | 0       |
|   q_2345_fu_238914_p2                |     |        | q_2345            | add | fabric    | 0       |
|   q_2349_fu_239070_p2                |     |        | q_2349            | add | fabric    | 0       |
|   q_2353_fu_239282_p2                |     |        | q_2353            | add | fabric    | 0       |
|   q_2357_fu_239438_p2                |     |        | q_2357            | add | fabric    | 0       |
|   q_2361_fu_239650_p2                |     |        | q_2361            | add | fabric    | 0       |
|   q_2365_fu_239806_p2                |     |        | q_2365            | add | fabric    | 0       |
|   q_2369_fu_240018_p2                |     |        | q_2369            | add | fabric    | 0       |
|   q_2373_fu_240174_p2                |     |        | q_2373            | add | fabric    | 0       |
|   q_2377_fu_240386_p2                |     |        | q_2377            | add | fabric    | 0       |
|   q_2381_fu_240542_p2                |     |        | q_2381            | add | fabric    | 0       |
|   q_2385_fu_240754_p2                |     |        | q_2385            | add | fabric    | 0       |
|   q_2389_fu_240910_p2                |     |        | q_2389            | add | fabric    | 0       |
|   q_2393_fu_241122_p2                |     |        | q_2393            | add | fabric    | 0       |
|   q_2397_fu_241278_p2                |     |        | q_2397            | add | fabric    | 0       |
|   q_2401_fu_241490_p2                |     |        | q_2401            | add | fabric    | 0       |
|   q_2405_fu_241646_p2                |     |        | q_2405            | add | fabric    | 0       |
|   q_2409_fu_241858_p2                |     |        | q_2409            | add | fabric    | 0       |
|   q_2413_fu_242014_p2                |     |        | q_2413            | add | fabric    | 0       |
|   q_2417_fu_242226_p2                |     |        | q_2417            | add | fabric    | 0       |
|   q_2421_fu_242382_p2                |     |        | q_2421            | add | fabric    | 0       |
|   q_2425_fu_242594_p2                |     |        | q_2425            | add | fabric    | 0       |
|   q_2429_fu_242750_p2                |     |        | q_2429            | add | fabric    | 0       |
|   q_2433_fu_242962_p2                |     |        | q_2433            | add | fabric    | 0       |
|   q_2437_fu_243190_p2                |     |        | q_2437            | add | fabric    | 0       |
|   q_2441_fu_243418_p2                |     |        | q_2441            | add | fabric    | 0       |
|   q_2445_fu_243574_p2                |     |        | q_2445            | add | fabric    | 0       |
|   q_2449_fu_243786_p2                |     |        | q_2449            | add | fabric    | 0       |
|   sub_ln357_30_fu_243912_p2          |     |        | sub_ln357_30      | sub | fabric    | 0       |
|   q_2453_fu_243948_p2                |     |        | q_2453            | add | fabric    | 0       |
|   q_2457_fu_244160_p2                |     |        | q_2457            | add | fabric    | 0       |
|   q_2461_fu_244316_p2                |     |        | q_2461            | add | fabric    | 0       |
|   q_2465_fu_244528_p2                |     |        | q_2465            | add | fabric    | 0       |
|   q_2469_fu_244684_p2                |     |        | q_2469            | add | fabric    | 0       |
|   q_2473_fu_244896_p2                |     |        | q_2473            | add | fabric    | 0       |
|   q_2477_fu_245052_p2                |     |        | q_2477            | add | fabric    | 0       |
|   q_2481_fu_245264_p2                |     |        | q_2481            | add | fabric    | 0       |
|   q_2485_fu_245420_p2                |     |        | q_2485            | add | fabric    | 0       |
|   q_2489_fu_245632_p2                |     |        | q_2489            | add | fabric    | 0       |
|   q_2493_fu_245788_p2                |     |        | q_2493            | add | fabric    | 0       |
|   q_2497_fu_246000_p2                |     |        | q_2497            | add | fabric    | 0       |
|   q_2501_fu_246156_p2                |     |        | q_2501            | add | fabric    | 0       |
|   q_2505_fu_246368_p2                |     |        | q_2505            | add | fabric    | 0       |
|   q_2509_fu_246524_p2                |     |        | q_2509            | add | fabric    | 0       |
|   q_2513_fu_246736_p2                |     |        | q_2513            | add | fabric    | 0       |
|   q_2517_fu_246892_p2                |     |        | q_2517            | add | fabric    | 0       |
|   q_2521_fu_247104_p2                |     |        | q_2521            | add | fabric    | 0       |
|   q_2525_fu_247260_p2                |     |        | q_2525            | add | fabric    | 0       |
|   q_2529_fu_247472_p2                |     |        | q_2529            | add | fabric    | 0       |
|   q_2533_fu_247628_p2                |     |        | q_2533            | add | fabric    | 0       |
|   q_2537_fu_247840_p2                |     |        | q_2537            | add | fabric    | 0       |
|   q_2541_fu_247996_p2                |     |        | q_2541            | add | fabric    | 0       |
|   q_2545_fu_248208_p2                |     |        | q_2545            | add | fabric    | 0       |
|   q_2549_fu_248364_p2                |     |        | q_2549            | add | fabric    | 0       |
|   q_2553_fu_248576_p2                |     |        | q_2553            | add | fabric    | 0       |
|   q_2557_fu_248732_p2                |     |        | q_2557            | add | fabric    | 0       |
|   q_2561_fu_248944_p2                |     |        | q_2561            | add | fabric    | 0       |
|   q_2565_fu_249100_p2                |     |        | q_2565            | add | fabric    | 0       |
|   q_2569_fu_249312_p2                |     |        | q_2569            | add | fabric    | 0       |
|   q_2573_fu_249468_p2                |     |        | q_2573            | add | fabric    | 0       |
|   q_2577_fu_249680_p2                |     |        | q_2577            | add | fabric    | 0       |
|   q_2581_fu_249836_p2                |     |        | q_2581            | add | fabric    | 0       |
|   q_2585_fu_250048_p2                |     |        | q_2585            | add | fabric    | 0       |
|   q_2589_fu_250276_p2                |     |        | q_2589            | add | fabric    | 0       |
|   add_ln405_fu_271898_p2             |     |        | add_ln405         | add | fabric    | 0       |
|   add_ln405_1_fu_275128_p2           |     |        | add_ln405_1       | add | fabric    | 0       |
|   add_ln405_2_fu_275138_p2           |     |        | add_ln405_2       | add | fabric    | 0       |
|   add_ln405_3_fu_275148_p2           |     |        | add_ln405_3       | add | fabric    | 0       |
|   add_ln405_4_fu_275158_p2           |     |        | add_ln405_4       | add | fabric    | 0       |
|   add_ln405_5_fu_275168_p2           |     |        | add_ln405_5       | add | fabric    | 0       |
|   add_ln405_6_fu_275178_p2           |     |        | add_ln405_6       | add | fabric    | 0       |
|   add_ln405_7_fu_275188_p2           |     |        | add_ln405_7       | add | fabric    | 0       |
|   add_ln405_8_fu_275198_p2           |     |        | add_ln405_8       | add | fabric    | 0       |
|   add_ln405_9_fu_275208_p2           |     |        | add_ln405_9       | add | fabric    | 0       |
|   add_ln405_10_fu_275218_p2          |     |        | add_ln405_10      | add | fabric    | 0       |
|   add_ln405_11_fu_275228_p2          |     |        | add_ln405_11      | add | fabric    | 0       |
|   add_ln405_12_fu_275238_p2          |     |        | add_ln405_12      | add | fabric    | 0       |
|   add_ln405_13_fu_275248_p2          |     |        | add_ln405_13      | add | fabric    | 0       |
|   add_ln405_14_fu_275258_p2          |     |        | add_ln405_14      | add | fabric    | 0       |
|   add_ln405_15_fu_275268_p2          |     |        | add_ln405_15      | add | fabric    | 0       |
|   add_ln405_16_fu_275278_p2          |     |        | add_ln405_16      | add | fabric    | 0       |
|   add_ln405_17_fu_275288_p2          |     |        | add_ln405_17      | add | fabric    | 0       |
|   add_ln405_18_fu_275298_p2          |     |        | add_ln405_18      | add | fabric    | 0       |
|   add_ln405_19_fu_275308_p2          |     |        | add_ln405_19      | add | fabric    | 0       |
|   add_ln405_20_fu_275314_p2          |     |        | add_ln405_20      | add | fabric    | 0       |
|   add_ln405_21_fu_275324_p2          |     |        | add_ln405_21      | add | fabric    | 0       |
|   add_ln405_22_fu_275334_p2          |     |        | add_ln405_22      | add | fabric    | 0       |
|   add_ln405_23_fu_275344_p2          |     |        | add_ln405_23      | add | fabric    | 0       |
|   add_ln405_24_fu_275354_p2          |     |        | add_ln405_24      | add | fabric    | 0       |
|   add_ln405_25_fu_275364_p2          |     |        | add_ln405_25      | add | fabric    | 0       |
|   add_ln405_26_fu_275374_p2          |     |        | add_ln405_26      | add | fabric    | 0       |
|   add_ln405_27_fu_275384_p2          |     |        | add_ln405_27      | add | fabric    | 0       |
|   add_ln405_28_fu_275394_p2          |     |        | add_ln405_28      | add | fabric    | 0       |
|   add_ln405_29_fu_275404_p2          |     |        | add_ln405_29      | add | fabric    | 0       |
|   add_ln405_30_fu_275414_p2          |     |        | add_ln405_30      | add | fabric    | 0       |
|   add_ln405_31_fu_275424_p2          |     |        | add_ln405_31      | add | fabric    | 0       |
|   add_ln405_32_fu_275434_p2          |     |        | add_ln405_32      | add | fabric    | 0       |
|   add_ln405_33_fu_275444_p2          |     |        | add_ln405_33      | add | fabric    | 0       |
|   add_ln405_34_fu_275454_p2          |     |        | add_ln405_34      | add | fabric    | 0       |
|   add_ln405_35_fu_275464_p2          |     |        | add_ln405_35      | add | fabric    | 0       |
|   add_ln405_36_fu_275474_p2          |     |        | add_ln405_36      | add | fabric    | 0       |
|   add_ln405_37_fu_275484_p2          |     |        | add_ln405_37      | add | fabric    | 0       |
|   add_ln405_38_fu_275494_p2          |     |        | add_ln405_38      | add | fabric    | 0       |
|   add_ln405_39_fu_284737_p2          |     |        | add_ln405_39      | add | fabric    | 0       |
|   add_ln405_40_fu_275500_p2          |     |        | add_ln405_40      | add | fabric    | 0       |
|   add_ln405_41_fu_275510_p2          |     |        | add_ln405_41      | add | fabric    | 0       |
|   add_ln405_42_fu_275520_p2          |     |        | add_ln405_42      | add | fabric    | 0       |
|   add_ln405_43_fu_275530_p2          |     |        | add_ln405_43      | add | fabric    | 0       |
|   add_ln405_44_fu_275540_p2          |     |        | add_ln405_44      | add | fabric    | 0       |
|   add_ln405_45_fu_275550_p2          |     |        | add_ln405_45      | add | fabric    | 0       |
|   add_ln405_46_fu_275560_p2          |     |        | add_ln405_46      | add | fabric    | 0       |
|   add_ln405_47_fu_275570_p2          |     |        | add_ln405_47      | add | fabric    | 0       |
|   add_ln405_48_fu_275580_p2          |     |        | add_ln405_48      | add | fabric    | 0       |
|   add_ln405_49_fu_275590_p2          |     |        | add_ln405_49      | add | fabric    | 0       |
|   add_ln405_50_fu_275600_p2          |     |        | add_ln405_50      | add | fabric    | 0       |
|   add_ln405_51_fu_275610_p2          |     |        | add_ln405_51      | add | fabric    | 0       |
|   add_ln405_52_fu_275620_p2          |     |        | add_ln405_52      | add | fabric    | 0       |
|   add_ln405_53_fu_275630_p2          |     |        | add_ln405_53      | add | fabric    | 0       |
|   add_ln405_54_fu_275640_p2          |     |        | add_ln405_54      | add | fabric    | 0       |
|   add_ln405_55_fu_275650_p2          |     |        | add_ln405_55      | add | fabric    | 0       |
|   add_ln405_56_fu_275660_p2          |     |        | add_ln405_56      | add | fabric    | 0       |
|   add_ln405_57_fu_275670_p2          |     |        | add_ln405_57      | add | fabric    | 0       |
|   add_ln405_58_fu_275680_p2          |     |        | add_ln405_58      | add | fabric    | 0       |
|   add_ln405_59_fu_275686_p2          |     |        | add_ln405_59      | add | fabric    | 0       |
|   add_ln405_60_fu_275696_p2          |     |        | add_ln405_60      | add | fabric    | 0       |
|   add_ln405_61_fu_275706_p2          |     |        | add_ln405_61      | add | fabric    | 0       |
|   add_ln405_62_fu_275716_p2          |     |        | add_ln405_62      | add | fabric    | 0       |
|   add_ln405_63_fu_275726_p2          |     |        | add_ln405_63      | add | fabric    | 0       |
|   add_ln405_64_fu_275736_p2          |     |        | add_ln405_64      | add | fabric    | 0       |
|   add_ln405_65_fu_275746_p2          |     |        | add_ln405_65      | add | fabric    | 0       |
|   add_ln405_66_fu_275756_p2          |     |        | add_ln405_66      | add | fabric    | 0       |
|   add_ln405_67_fu_275766_p2          |     |        | add_ln405_67      | add | fabric    | 0       |
|   add_ln405_68_fu_275776_p2          |     |        | add_ln405_68      | add | fabric    | 0       |
|   add_ln405_69_fu_275786_p2          |     |        | add_ln405_69      | add | fabric    | 0       |
|   add_ln405_70_fu_275796_p2          |     |        | add_ln405_70      | add | fabric    | 0       |
|   add_ln405_71_fu_275806_p2          |     |        | add_ln405_71      | add | fabric    | 0       |
|   add_ln405_72_fu_275816_p2          |     |        | add_ln405_72      | add | fabric    | 0       |
|   add_ln405_73_fu_275826_p2          |     |        | add_ln405_73      | add | fabric    | 0       |
|   add_ln405_74_fu_275836_p2          |     |        | add_ln405_74      | add | fabric    | 0       |
|   add_ln405_75_fu_275846_p2          |     |        | add_ln405_75      | add | fabric    | 0       |
|   add_ln405_76_fu_275856_p2          |     |        | add_ln405_76      | add | fabric    | 0       |
|   add_ln405_77_fu_275866_p2          |     |        | add_ln405_77      | add | fabric    | 0       |
|   add_ln405_78_fu_284753_p2          |     |        | add_ln405_78      | add | fabric    | 0       |
|   add_ln405_79_fu_284763_p2          |     |        | add_ln405_79      | add | fabric    | 0       |
|   add_ln405_80_fu_275872_p2          |     |        | add_ln405_80      | add | fabric    | 0       |
|   add_ln405_81_fu_275882_p2          |     |        | add_ln405_81      | add | fabric    | 0       |
|   add_ln405_82_fu_275892_p2          |     |        | add_ln405_82      | add | fabric    | 0       |
|   add_ln405_83_fu_275902_p2          |     |        | add_ln405_83      | add | fabric    | 0       |
|   add_ln405_84_fu_275912_p2          |     |        | add_ln405_84      | add | fabric    | 0       |
|   add_ln405_85_fu_275922_p2          |     |        | add_ln405_85      | add | fabric    | 0       |
|   add_ln405_86_fu_275932_p2          |     |        | add_ln405_86      | add | fabric    | 0       |
|   add_ln405_87_fu_275942_p2          |     |        | add_ln405_87      | add | fabric    | 0       |
|   add_ln405_88_fu_275952_p2          |     |        | add_ln405_88      | add | fabric    | 0       |
|   add_ln405_89_fu_275962_p2          |     |        | add_ln405_89      | add | fabric    | 0       |
|   add_ln405_90_fu_275972_p2          |     |        | add_ln405_90      | add | fabric    | 0       |
|   add_ln405_91_fu_275982_p2          |     |        | add_ln405_91      | add | fabric    | 0       |
|   add_ln405_92_fu_275992_p2          |     |        | add_ln405_92      | add | fabric    | 0       |
|   add_ln405_93_fu_276002_p2          |     |        | add_ln405_93      | add | fabric    | 0       |
|   add_ln405_94_fu_276012_p2          |     |        | add_ln405_94      | add | fabric    | 0       |
|   add_ln405_95_fu_276022_p2          |     |        | add_ln405_95      | add | fabric    | 0       |
|   add_ln405_96_fu_276032_p2          |     |        | add_ln405_96      | add | fabric    | 0       |
|   add_ln405_97_fu_276042_p2          |     |        | add_ln405_97      | add | fabric    | 0       |
|   add_ln405_98_fu_276052_p2          |     |        | add_ln405_98      | add | fabric    | 0       |
|   add_ln405_99_fu_276058_p2          |     |        | add_ln405_99      | add | fabric    | 0       |
|   add_ln405_100_fu_276068_p2         |     |        | add_ln405_100     | add | fabric    | 0       |
|   add_ln405_101_fu_276078_p2         |     |        | add_ln405_101     | add | fabric    | 0       |
|   add_ln405_102_fu_276088_p2         |     |        | add_ln405_102     | add | fabric    | 0       |
|   add_ln405_103_fu_276098_p2         |     |        | add_ln405_103     | add | fabric    | 0       |
|   add_ln405_104_fu_276108_p2         |     |        | add_ln405_104     | add | fabric    | 0       |
|   add_ln405_105_fu_276118_p2         |     |        | add_ln405_105     | add | fabric    | 0       |
|   add_ln405_106_fu_276128_p2         |     |        | add_ln405_106     | add | fabric    | 0       |
|   add_ln405_107_fu_276138_p2         |     |        | add_ln405_107     | add | fabric    | 0       |
|   add_ln405_108_fu_276148_p2         |     |        | add_ln405_108     | add | fabric    | 0       |
|   add_ln405_109_fu_276158_p2         |     |        | add_ln405_109     | add | fabric    | 0       |
|   add_ln405_110_fu_276168_p2         |     |        | add_ln405_110     | add | fabric    | 0       |
|   add_ln405_111_fu_276178_p2         |     |        | add_ln405_111     | add | fabric    | 0       |
|   add_ln405_112_fu_276188_p2         |     |        | add_ln405_112     | add | fabric    | 0       |
|   add_ln405_113_fu_276198_p2         |     |        | add_ln405_113     | add | fabric    | 0       |
|   add_ln405_114_fu_276208_p2         |     |        | add_ln405_114     | add | fabric    | 0       |
|   add_ln405_115_fu_276218_p2         |     |        | add_ln405_115     | add | fabric    | 0       |
|   add_ln405_116_fu_276228_p2         |     |        | add_ln405_116     | add | fabric    | 0       |
|   add_ln405_117_fu_276238_p2         |     |        | add_ln405_117     | add | fabric    | 0       |
|   add_ln405_118_fu_284779_p2         |     |        | add_ln405_118     | add | fabric    | 0       |
|   add_ln405_119_fu_276244_p2         |     |        | add_ln405_119     | add | fabric    | 0       |
|   add_ln405_120_fu_276254_p2         |     |        | add_ln405_120     | add | fabric    | 0       |
|   add_ln405_121_fu_276264_p2         |     |        | add_ln405_121     | add | fabric    | 0       |
|   add_ln405_122_fu_276274_p2         |     |        | add_ln405_122     | add | fabric    | 0       |
|   add_ln405_123_fu_276284_p2         |     |        | add_ln405_123     | add | fabric    | 0       |
|   add_ln405_124_fu_276294_p2         |     |        | add_ln405_124     | add | fabric    | 0       |
|   add_ln405_125_fu_276304_p2         |     |        | add_ln405_125     | add | fabric    | 0       |
|   add_ln405_126_fu_276314_p2         |     |        | add_ln405_126     | add | fabric    | 0       |
|   add_ln405_127_fu_276324_p2         |     |        | add_ln405_127     | add | fabric    | 0       |
|   add_ln405_128_fu_276334_p2         |     |        | add_ln405_128     | add | fabric    | 0       |
|   add_ln405_129_fu_276344_p2         |     |        | add_ln405_129     | add | fabric    | 0       |
|   add_ln405_130_fu_276354_p2         |     |        | add_ln405_130     | add | fabric    | 0       |
|   add_ln405_131_fu_276364_p2         |     |        | add_ln405_131     | add | fabric    | 0       |
|   add_ln405_132_fu_276374_p2         |     |        | add_ln405_132     | add | fabric    | 0       |
|   add_ln405_133_fu_276384_p2         |     |        | add_ln405_133     | add | fabric    | 0       |
|   add_ln405_134_fu_276394_p2         |     |        | add_ln405_134     | add | fabric    | 0       |
|   add_ln405_135_fu_276404_p2         |     |        | add_ln405_135     | add | fabric    | 0       |
|   add_ln405_136_fu_276414_p2         |     |        | add_ln405_136     | add | fabric    | 0       |
|   add_ln405_137_fu_276424_p2         |     |        | add_ln405_137     | add | fabric    | 0       |
|   add_ln405_138_fu_276430_p2         |     |        | add_ln405_138     | add | fabric    | 0       |
|   add_ln405_139_fu_276440_p2         |     |        | add_ln405_139     | add | fabric    | 0       |
|   add_ln405_140_fu_276450_p2         |     |        | add_ln405_140     | add | fabric    | 0       |
|   add_ln405_141_fu_276460_p2         |     |        | add_ln405_141     | add | fabric    | 0       |
|   add_ln405_142_fu_276470_p2         |     |        | add_ln405_142     | add | fabric    | 0       |
|   add_ln405_143_fu_276480_p2         |     |        | add_ln405_143     | add | fabric    | 0       |
|   add_ln405_144_fu_276490_p2         |     |        | add_ln405_144     | add | fabric    | 0       |
|   add_ln405_145_fu_276500_p2         |     |        | add_ln405_145     | add | fabric    | 0       |
|   add_ln405_146_fu_276510_p2         |     |        | add_ln405_146     | add | fabric    | 0       |
|   add_ln405_147_fu_276520_p2         |     |        | add_ln405_147     | add | fabric    | 0       |
|   add_ln405_148_fu_276530_p2         |     |        | add_ln405_148     | add | fabric    | 0       |
|   add_ln405_149_fu_276540_p2         |     |        | add_ln405_149     | add | fabric    | 0       |
|   add_ln405_150_fu_276550_p2         |     |        | add_ln405_150     | add | fabric    | 0       |
|   add_ln405_151_fu_276560_p2         |     |        | add_ln405_151     | add | fabric    | 0       |
|   add_ln405_152_fu_276570_p2         |     |        | add_ln405_152     | add | fabric    | 0       |
|   add_ln405_153_fu_276580_p2         |     |        | add_ln405_153     | add | fabric    | 0       |
|   add_ln405_154_fu_276590_p2         |     |        | add_ln405_154     | add | fabric    | 0       |
|   add_ln405_155_fu_276600_p2         |     |        | add_ln405_155     | add | fabric    | 0       |
|   add_ln405_156_fu_276610_p2         |     |        | add_ln405_156     | add | fabric    | 0       |
|   add_ln405_157_fu_276620_p2         |     |        | add_ln405_157     | add | fabric    | 0       |
|   add_ln405_158_fu_284795_p2         |     |        | add_ln405_158     | add | fabric    | 0       |
|   add_ln405_159_fu_284805_p2         |     |        | add_ln405_159     | add | fabric    | 0       |
|   add_ln405_160_fu_284815_p2         |     |        | add_ln405_160     | add | fabric    | 0       |
|   add_ln405_161_fu_276626_p2         |     |        | add_ln405_161     | add | fabric    | 0       |
|   add_ln405_162_fu_276636_p2         |     |        | add_ln405_162     | add | fabric    | 0       |
|   add_ln405_163_fu_276646_p2         |     |        | add_ln405_163     | add | fabric    | 0       |
|   add_ln405_164_fu_276656_p2         |     |        | add_ln405_164     | add | fabric    | 0       |
|   add_ln405_165_fu_276666_p2         |     |        | add_ln405_165     | add | fabric    | 0       |
|   add_ln405_166_fu_276676_p2         |     |        | add_ln405_166     | add | fabric    | 0       |
|   add_ln405_167_fu_276686_p2         |     |        | add_ln405_167     | add | fabric    | 0       |
|   add_ln405_168_fu_276696_p2         |     |        | add_ln405_168     | add | fabric    | 0       |
|   add_ln405_169_fu_276706_p2         |     |        | add_ln405_169     | add | fabric    | 0       |
|   add_ln405_170_fu_276716_p2         |     |        | add_ln405_170     | add | fabric    | 0       |
|   add_ln405_171_fu_276726_p2         |     |        | add_ln405_171     | add | fabric    | 0       |
|   add_ln405_172_fu_276736_p2         |     |        | add_ln405_172     | add | fabric    | 0       |
|   add_ln405_173_fu_276746_p2         |     |        | add_ln405_173     | add | fabric    | 0       |
|   add_ln405_174_fu_276756_p2         |     |        | add_ln405_174     | add | fabric    | 0       |
|   add_ln405_175_fu_276766_p2         |     |        | add_ln405_175     | add | fabric    | 0       |
|   add_ln405_176_fu_276776_p2         |     |        | add_ln405_176     | add | fabric    | 0       |
|   add_ln405_177_fu_276786_p2         |     |        | add_ln405_177     | add | fabric    | 0       |
|   add_ln405_178_fu_276796_p2         |     |        | add_ln405_178     | add | fabric    | 0       |
|   add_ln405_179_fu_276806_p2         |     |        | add_ln405_179     | add | fabric    | 0       |
|   add_ln405_180_fu_276812_p2         |     |        | add_ln405_180     | add | fabric    | 0       |
|   add_ln405_181_fu_276822_p2         |     |        | add_ln405_181     | add | fabric    | 0       |
|   add_ln405_182_fu_276832_p2         |     |        | add_ln405_182     | add | fabric    | 0       |
|   add_ln405_183_fu_276842_p2         |     |        | add_ln405_183     | add | fabric    | 0       |
|   add_ln405_184_fu_276852_p2         |     |        | add_ln405_184     | add | fabric    | 0       |
|   add_ln405_185_fu_276862_p2         |     |        | add_ln405_185     | add | fabric    | 0       |
|   add_ln405_186_fu_276872_p2         |     |        | add_ln405_186     | add | fabric    | 0       |
|   add_ln405_187_fu_276882_p2         |     |        | add_ln405_187     | add | fabric    | 0       |
|   add_ln405_188_fu_276892_p2         |     |        | add_ln405_188     | add | fabric    | 0       |
|   add_ln405_189_fu_276902_p2         |     |        | add_ln405_189     | add | fabric    | 0       |
|   add_ln405_190_fu_276912_p2         |     |        | add_ln405_190     | add | fabric    | 0       |
|   add_ln405_191_fu_276922_p2         |     |        | add_ln405_191     | add | fabric    | 0       |
|   add_ln405_192_fu_276932_p2         |     |        | add_ln405_192     | add | fabric    | 0       |
|   add_ln405_193_fu_276942_p2         |     |        | add_ln405_193     | add | fabric    | 0       |
|   add_ln405_194_fu_276952_p2         |     |        | add_ln405_194     | add | fabric    | 0       |
|   add_ln405_195_fu_276962_p2         |     |        | add_ln405_195     | add | fabric    | 0       |
|   add_ln405_196_fu_276972_p2         |     |        | add_ln405_196     | add | fabric    | 0       |
|   add_ln405_197_fu_276982_p2         |     |        | add_ln405_197     | add | fabric    | 0       |
|   add_ln405_198_fu_276992_p2         |     |        | add_ln405_198     | add | fabric    | 0       |
|   add_ln405_199_fu_284831_p2         |     |        | add_ln405_199     | add | fabric    | 0       |
|   add_ln405_200_fu_276998_p2         |     |        | add_ln405_200     | add | fabric    | 0       |
|   add_ln405_201_fu_277008_p2         |     |        | add_ln405_201     | add | fabric    | 0       |
|   add_ln405_202_fu_277018_p2         |     |        | add_ln405_202     | add | fabric    | 0       |
|   add_ln405_203_fu_277028_p2         |     |        | add_ln405_203     | add | fabric    | 0       |
|   add_ln405_204_fu_277038_p2         |     |        | add_ln405_204     | add | fabric    | 0       |
|   add_ln405_205_fu_277048_p2         |     |        | add_ln405_205     | add | fabric    | 0       |
|   add_ln405_206_fu_277058_p2         |     |        | add_ln405_206     | add | fabric    | 0       |
|   add_ln405_207_fu_277068_p2         |     |        | add_ln405_207     | add | fabric    | 0       |
|   add_ln405_208_fu_277078_p2         |     |        | add_ln405_208     | add | fabric    | 0       |
|   add_ln405_209_fu_277088_p2         |     |        | add_ln405_209     | add | fabric    | 0       |
|   add_ln405_210_fu_277098_p2         |     |        | add_ln405_210     | add | fabric    | 0       |
|   add_ln405_211_fu_277108_p2         |     |        | add_ln405_211     | add | fabric    | 0       |
|   add_ln405_212_fu_277118_p2         |     |        | add_ln405_212     | add | fabric    | 0       |
|   add_ln405_213_fu_277128_p2         |     |        | add_ln405_213     | add | fabric    | 0       |
|   add_ln405_214_fu_277138_p2         |     |        | add_ln405_214     | add | fabric    | 0       |
|   add_ln405_215_fu_277148_p2         |     |        | add_ln405_215     | add | fabric    | 0       |
|   add_ln405_216_fu_277158_p2         |     |        | add_ln405_216     | add | fabric    | 0       |
|   add_ln405_217_fu_277168_p2         |     |        | add_ln405_217     | add | fabric    | 0       |
|   add_ln405_218_fu_277178_p2         |     |        | add_ln405_218     | add | fabric    | 0       |
|   add_ln405_219_fu_277184_p2         |     |        | add_ln405_219     | add | fabric    | 0       |
|   add_ln405_220_fu_277194_p2         |     |        | add_ln405_220     | add | fabric    | 0       |
|   add_ln405_221_fu_277204_p2         |     |        | add_ln405_221     | add | fabric    | 0       |
|   add_ln405_222_fu_277214_p2         |     |        | add_ln405_222     | add | fabric    | 0       |
|   add_ln405_223_fu_277224_p2         |     |        | add_ln405_223     | add | fabric    | 0       |
|   add_ln405_224_fu_277234_p2         |     |        | add_ln405_224     | add | fabric    | 0       |
|   add_ln405_225_fu_277244_p2         |     |        | add_ln405_225     | add | fabric    | 0       |
|   add_ln405_226_fu_277254_p2         |     |        | add_ln405_226     | add | fabric    | 0       |
|   add_ln405_227_fu_277264_p2         |     |        | add_ln405_227     | add | fabric    | 0       |
|   add_ln405_228_fu_277274_p2         |     |        | add_ln405_228     | add | fabric    | 0       |
|   add_ln405_229_fu_277284_p2         |     |        | add_ln405_229     | add | fabric    | 0       |
|   add_ln405_230_fu_277294_p2         |     |        | add_ln405_230     | add | fabric    | 0       |
|   add_ln405_231_fu_277304_p2         |     |        | add_ln405_231     | add | fabric    | 0       |
|   add_ln405_232_fu_277314_p2         |     |        | add_ln405_232     | add | fabric    | 0       |
|   add_ln405_233_fu_277324_p2         |     |        | add_ln405_233     | add | fabric    | 0       |
|   add_ln405_234_fu_277334_p2         |     |        | add_ln405_234     | add | fabric    | 0       |
|   add_ln405_235_fu_277344_p2         |     |        | add_ln405_235     | add | fabric    | 0       |
|   add_ln405_236_fu_277354_p2         |     |        | add_ln405_236     | add | fabric    | 0       |
|   add_ln405_237_fu_277364_p2         |     |        | add_ln405_237     | add | fabric    | 0       |
|   add_ln405_238_fu_277374_p2         |     |        | add_ln405_238     | add | fabric    | 0       |
|   add_ln405_239_fu_284847_p2         |     |        | add_ln405_239     | add | fabric    | 0       |
|   add_ln405_240_fu_284857_p2         |     |        | add_ln405_240     | add | fabric    | 0       |
|   add_ln405_241_fu_277380_p2         |     |        | add_ln405_241     | add | fabric    | 0       |
|   add_ln405_242_fu_277390_p2         |     |        | add_ln405_242     | add | fabric    | 0       |
|   add_ln405_243_fu_277400_p2         |     |        | add_ln405_243     | add | fabric    | 0       |
|   add_ln405_244_fu_277410_p2         |     |        | add_ln405_244     | add | fabric    | 0       |
|   add_ln405_245_fu_277420_p2         |     |        | add_ln405_245     | add | fabric    | 0       |
|   add_ln405_246_fu_277430_p2         |     |        | add_ln405_246     | add | fabric    | 0       |
|   add_ln405_247_fu_277440_p2         |     |        | add_ln405_247     | add | fabric    | 0       |
|   add_ln405_248_fu_277450_p2         |     |        | add_ln405_248     | add | fabric    | 0       |
|   add_ln405_249_fu_277460_p2         |     |        | add_ln405_249     | add | fabric    | 0       |
|   add_ln405_250_fu_277470_p2         |     |        | add_ln405_250     | add | fabric    | 0       |
|   add_ln405_251_fu_277480_p2         |     |        | add_ln405_251     | add | fabric    | 0       |
|   add_ln405_252_fu_277490_p2         |     |        | add_ln405_252     | add | fabric    | 0       |
|   add_ln405_253_fu_277500_p2         |     |        | add_ln405_253     | add | fabric    | 0       |
|   add_ln405_254_fu_277510_p2         |     |        | add_ln405_254     | add | fabric    | 0       |
|   add_ln405_255_fu_277520_p2         |     |        | add_ln405_255     | add | fabric    | 0       |
|   add_ln405_256_fu_277530_p2         |     |        | add_ln405_256     | add | fabric    | 0       |
|   add_ln405_257_fu_277540_p2         |     |        | add_ln405_257     | add | fabric    | 0       |
|   add_ln405_258_fu_277550_p2         |     |        | add_ln405_258     | add | fabric    | 0       |
|   add_ln405_259_fu_277560_p2         |     |        | add_ln405_259     | add | fabric    | 0       |
|   add_ln405_260_fu_277566_p2         |     |        | add_ln405_260     | add | fabric    | 0       |
|   add_ln405_261_fu_277576_p2         |     |        | add_ln405_261     | add | fabric    | 0       |
|   add_ln405_262_fu_277586_p2         |     |        | add_ln405_262     | add | fabric    | 0       |
|   add_ln405_263_fu_277596_p2         |     |        | add_ln405_263     | add | fabric    | 0       |
|   add_ln405_264_fu_277606_p2         |     |        | add_ln405_264     | add | fabric    | 0       |
|   add_ln405_265_fu_277616_p2         |     |        | add_ln405_265     | add | fabric    | 0       |
|   add_ln405_266_fu_277626_p2         |     |        | add_ln405_266     | add | fabric    | 0       |
|   add_ln405_267_fu_277636_p2         |     |        | add_ln405_267     | add | fabric    | 0       |
|   add_ln405_268_fu_277646_p2         |     |        | add_ln405_268     | add | fabric    | 0       |
|   add_ln405_269_fu_277656_p2         |     |        | add_ln405_269     | add | fabric    | 0       |
|   add_ln405_270_fu_277666_p2         |     |        | add_ln405_270     | add | fabric    | 0       |
|   add_ln405_271_fu_277676_p2         |     |        | add_ln405_271     | add | fabric    | 0       |
|   add_ln405_272_fu_277686_p2         |     |        | add_ln405_272     | add | fabric    | 0       |
|   add_ln405_273_fu_277696_p2         |     |        | add_ln405_273     | add | fabric    | 0       |
|   add_ln405_274_fu_277706_p2         |     |        | add_ln405_274     | add | fabric    | 0       |
|   add_ln405_275_fu_277716_p2         |     |        | add_ln405_275     | add | fabric    | 0       |
|   add_ln405_276_fu_277726_p2         |     |        | add_ln405_276     | add | fabric    | 0       |
|   add_ln405_277_fu_277736_p2         |     |        | add_ln405_277     | add | fabric    | 0       |
|   add_ln405_278_fu_277746_p2         |     |        | add_ln405_278     | add | fabric    | 0       |
|   add_ln405_279_fu_284873_p2         |     |        | add_ln405_279     | add | fabric    | 0       |
|   add_ln405_280_fu_277752_p2         |     |        | add_ln405_280     | add | fabric    | 0       |
|   add_ln405_281_fu_277762_p2         |     |        | add_ln405_281     | add | fabric    | 0       |
|   add_ln405_282_fu_277772_p2         |     |        | add_ln405_282     | add | fabric    | 0       |
|   add_ln405_283_fu_277782_p2         |     |        | add_ln405_283     | add | fabric    | 0       |
|   add_ln405_284_fu_277792_p2         |     |        | add_ln405_284     | add | fabric    | 0       |
|   add_ln405_285_fu_277802_p2         |     |        | add_ln405_285     | add | fabric    | 0       |
|   add_ln405_286_fu_277812_p2         |     |        | add_ln405_286     | add | fabric    | 0       |
|   add_ln405_287_fu_277822_p2         |     |        | add_ln405_287     | add | fabric    | 0       |
|   add_ln405_288_fu_277832_p2         |     |        | add_ln405_288     | add | fabric    | 0       |
|   add_ln405_289_fu_277842_p2         |     |        | add_ln405_289     | add | fabric    | 0       |
|   add_ln405_290_fu_277852_p2         |     |        | add_ln405_290     | add | fabric    | 0       |
|   add_ln405_291_fu_277862_p2         |     |        | add_ln405_291     | add | fabric    | 0       |
|   add_ln405_292_fu_277872_p2         |     |        | add_ln405_292     | add | fabric    | 0       |
|   add_ln405_293_fu_277882_p2         |     |        | add_ln405_293     | add | fabric    | 0       |
|   add_ln405_294_fu_277892_p2         |     |        | add_ln405_294     | add | fabric    | 0       |
|   add_ln405_295_fu_277902_p2         |     |        | add_ln405_295     | add | fabric    | 0       |
|   add_ln405_296_fu_277912_p2         |     |        | add_ln405_296     | add | fabric    | 0       |
|   add_ln405_297_fu_277922_p2         |     |        | add_ln405_297     | add | fabric    | 0       |
|   add_ln405_298_fu_277932_p2         |     |        | add_ln405_298     | add | fabric    | 0       |
|   add_ln405_299_fu_277938_p2         |     |        | add_ln405_299     | add | fabric    | 0       |
|   add_ln405_300_fu_277948_p2         |     |        | add_ln405_300     | add | fabric    | 0       |
|   add_ln405_301_fu_277958_p2         |     |        | add_ln405_301     | add | fabric    | 0       |
|   add_ln405_302_fu_277968_p2         |     |        | add_ln405_302     | add | fabric    | 0       |
|   add_ln405_303_fu_277978_p2         |     |        | add_ln405_303     | add | fabric    | 0       |
|   add_ln405_304_fu_277988_p2         |     |        | add_ln405_304     | add | fabric    | 0       |
|   add_ln405_305_fu_277998_p2         |     |        | add_ln405_305     | add | fabric    | 0       |
|   add_ln405_306_fu_278008_p2         |     |        | add_ln405_306     | add | fabric    | 0       |
|   add_ln405_307_fu_278018_p2         |     |        | add_ln405_307     | add | fabric    | 0       |
|   add_ln405_308_fu_278028_p2         |     |        | add_ln405_308     | add | fabric    | 0       |
|   add_ln405_309_fu_278038_p2         |     |        | add_ln405_309     | add | fabric    | 0       |
|   add_ln405_310_fu_278048_p2         |     |        | add_ln405_310     | add | fabric    | 0       |
|   add_ln405_311_fu_278058_p2         |     |        | add_ln405_311     | add | fabric    | 0       |
|   add_ln405_312_fu_278068_p2         |     |        | add_ln405_312     | add | fabric    | 0       |
|   add_ln405_313_fu_278078_p2         |     |        | add_ln405_313     | add | fabric    | 0       |
|   add_ln405_314_fu_278088_p2         |     |        | add_ln405_314     | add | fabric    | 0       |
|   add_ln405_315_fu_278098_p2         |     |        | add_ln405_315     | add | fabric    | 0       |
|   add_ln405_316_fu_278108_p2         |     |        | add_ln405_316     | add | fabric    | 0       |
|   add_ln405_317_fu_278118_p2         |     |        | add_ln405_317     | add | fabric    | 0       |
|   add_ln405_318_fu_278128_p2         |     |        | add_ln405_318     | add | fabric    | 0       |
|   add_ln405_319_fu_284889_p2         |     |        | add_ln405_319     | add | fabric    | 0       |
|   add_ln405_320_fu_284899_p2         |     |        | add_ln405_320     | add | fabric    | 0       |
|   add_ln405_321_fu_284909_p2         |     |        | add_ln405_321     | add | fabric    | 0       |
|   A_sum_fu_284919_p2                 |     |        | A_sum             | add | fabric    | 0       |
|   add_ln405_323_fu_278147_p2         |     |        | add_ln405_323     | add | fabric    | 0       |
|   add_ln405_324_fu_281377_p2         |     |        | add_ln405_324     | add | fabric    | 0       |
|   add_ln405_325_fu_281387_p2         |     |        | add_ln405_325     | add | fabric    | 0       |
|   add_ln405_326_fu_281397_p2         |     |        | add_ln405_326     | add | fabric    | 0       |
|   add_ln405_327_fu_281407_p2         |     |        | add_ln405_327     | add | fabric    | 0       |
|   add_ln405_328_fu_281417_p2         |     |        | add_ln405_328     | add | fabric    | 0       |
|   add_ln405_329_fu_281427_p2         |     |        | add_ln405_329     | add | fabric    | 0       |
|   add_ln405_330_fu_281437_p2         |     |        | add_ln405_330     | add | fabric    | 0       |
|   add_ln405_331_fu_281447_p2         |     |        | add_ln405_331     | add | fabric    | 0       |
|   add_ln405_332_fu_281457_p2         |     |        | add_ln405_332     | add | fabric    | 0       |
|   add_ln405_333_fu_281467_p2         |     |        | add_ln405_333     | add | fabric    | 0       |
|   add_ln405_334_fu_281477_p2         |     |        | add_ln405_334     | add | fabric    | 0       |
|   add_ln405_335_fu_281487_p2         |     |        | add_ln405_335     | add | fabric    | 0       |
|   add_ln405_336_fu_281497_p2         |     |        | add_ln405_336     | add | fabric    | 0       |
|   add_ln405_337_fu_281507_p2         |     |        | add_ln405_337     | add | fabric    | 0       |
|   add_ln405_338_fu_281517_p2         |     |        | add_ln405_338     | add | fabric    | 0       |
|   add_ln405_339_fu_281527_p2         |     |        | add_ln405_339     | add | fabric    | 0       |
|   add_ln405_340_fu_281537_p2         |     |        | add_ln405_340     | add | fabric    | 0       |
|   add_ln405_341_fu_281547_p2         |     |        | add_ln405_341     | add | fabric    | 0       |
|   add_ln405_342_fu_281557_p2         |     |        | add_ln405_342     | add | fabric    | 0       |
|   add_ln405_343_fu_281563_p2         |     |        | add_ln405_343     | add | fabric    | 0       |
|   add_ln405_344_fu_281573_p2         |     |        | add_ln405_344     | add | fabric    | 0       |
|   add_ln405_345_fu_281583_p2         |     |        | add_ln405_345     | add | fabric    | 0       |
|   add_ln405_346_fu_281593_p2         |     |        | add_ln405_346     | add | fabric    | 0       |
|   add_ln405_347_fu_281603_p2         |     |        | add_ln405_347     | add | fabric    | 0       |
|   add_ln405_348_fu_281613_p2         |     |        | add_ln405_348     | add | fabric    | 0       |
|   add_ln405_349_fu_281623_p2         |     |        | add_ln405_349     | add | fabric    | 0       |
|   add_ln405_350_fu_281633_p2         |     |        | add_ln405_350     | add | fabric    | 0       |
|   add_ln405_351_fu_281643_p2         |     |        | add_ln405_351     | add | fabric    | 0       |
|   add_ln405_352_fu_281653_p2         |     |        | add_ln405_352     | add | fabric    | 0       |
|   add_ln405_353_fu_281663_p2         |     |        | add_ln405_353     | add | fabric    | 0       |
|   add_ln405_354_fu_281673_p2         |     |        | add_ln405_354     | add | fabric    | 0       |
|   add_ln405_355_fu_281683_p2         |     |        | add_ln405_355     | add | fabric    | 0       |
|   add_ln405_356_fu_281693_p2         |     |        | add_ln405_356     | add | fabric    | 0       |
|   add_ln405_357_fu_281703_p2         |     |        | add_ln405_357     | add | fabric    | 0       |
|   add_ln405_358_fu_281713_p2         |     |        | add_ln405_358     | add | fabric    | 0       |
|   add_ln405_359_fu_281723_p2         |     |        | add_ln405_359     | add | fabric    | 0       |
|   add_ln405_360_fu_281733_p2         |     |        | add_ln405_360     | add | fabric    | 0       |
|   add_ln405_361_fu_281743_p2         |     |        | add_ln405_361     | add | fabric    | 0       |
|   add_ln405_362_fu_284931_p2         |     |        | add_ln405_362     | add | fabric    | 0       |
|   add_ln405_363_fu_281749_p2         |     |        | add_ln405_363     | add | fabric    | 0       |
|   add_ln405_364_fu_281759_p2         |     |        | add_ln405_364     | add | fabric    | 0       |
|   add_ln405_365_fu_281769_p2         |     |        | add_ln405_365     | add | fabric    | 0       |
|   add_ln405_366_fu_281779_p2         |     |        | add_ln405_366     | add | fabric    | 0       |
|   add_ln405_367_fu_281789_p2         |     |        | add_ln405_367     | add | fabric    | 0       |
|   add_ln405_368_fu_281799_p2         |     |        | add_ln405_368     | add | fabric    | 0       |
|   add_ln405_369_fu_281809_p2         |     |        | add_ln405_369     | add | fabric    | 0       |
|   add_ln405_370_fu_281819_p2         |     |        | add_ln405_370     | add | fabric    | 0       |
|   add_ln405_371_fu_281829_p2         |     |        | add_ln405_371     | add | fabric    | 0       |
|   add_ln405_372_fu_281839_p2         |     |        | add_ln405_372     | add | fabric    | 0       |
|   add_ln405_373_fu_281849_p2         |     |        | add_ln405_373     | add | fabric    | 0       |
|   add_ln405_374_fu_281859_p2         |     |        | add_ln405_374     | add | fabric    | 0       |
|   add_ln405_375_fu_281869_p2         |     |        | add_ln405_375     | add | fabric    | 0       |
|   add_ln405_376_fu_281879_p2         |     |        | add_ln405_376     | add | fabric    | 0       |
|   add_ln405_377_fu_281889_p2         |     |        | add_ln405_377     | add | fabric    | 0       |
|   add_ln405_378_fu_281899_p2         |     |        | add_ln405_378     | add | fabric    | 0       |
|   add_ln405_379_fu_281909_p2         |     |        | add_ln405_379     | add | fabric    | 0       |
|   add_ln405_380_fu_281919_p2         |     |        | add_ln405_380     | add | fabric    | 0       |
|   add_ln405_381_fu_281929_p2         |     |        | add_ln405_381     | add | fabric    | 0       |
|   add_ln405_382_fu_281935_p2         |     |        | add_ln405_382     | add | fabric    | 0       |
|   add_ln405_383_fu_281945_p2         |     |        | add_ln405_383     | add | fabric    | 0       |
|   add_ln405_384_fu_281955_p2         |     |        | add_ln405_384     | add | fabric    | 0       |
|   add_ln405_385_fu_281965_p2         |     |        | add_ln405_385     | add | fabric    | 0       |
|   add_ln405_386_fu_281975_p2         |     |        | add_ln405_386     | add | fabric    | 0       |
|   add_ln405_387_fu_281985_p2         |     |        | add_ln405_387     | add | fabric    | 0       |
|   add_ln405_388_fu_281995_p2         |     |        | add_ln405_388     | add | fabric    | 0       |
|   add_ln405_389_fu_282005_p2         |     |        | add_ln405_389     | add | fabric    | 0       |
|   add_ln405_390_fu_282015_p2         |     |        | add_ln405_390     | add | fabric    | 0       |
|   add_ln405_391_fu_282025_p2         |     |        | add_ln405_391     | add | fabric    | 0       |
|   add_ln405_392_fu_282035_p2         |     |        | add_ln405_392     | add | fabric    | 0       |
|   add_ln405_393_fu_282045_p2         |     |        | add_ln405_393     | add | fabric    | 0       |
|   add_ln405_394_fu_282055_p2         |     |        | add_ln405_394     | add | fabric    | 0       |
|   add_ln405_395_fu_282065_p2         |     |        | add_ln405_395     | add | fabric    | 0       |
|   add_ln405_396_fu_282075_p2         |     |        | add_ln405_396     | add | fabric    | 0       |
|   add_ln405_397_fu_282085_p2         |     |        | add_ln405_397     | add | fabric    | 0       |
|   add_ln405_398_fu_282095_p2         |     |        | add_ln405_398     | add | fabric    | 0       |
|   add_ln405_399_fu_282105_p2         |     |        | add_ln405_399     | add | fabric    | 0       |
|   add_ln405_400_fu_282115_p2         |     |        | add_ln405_400     | add | fabric    | 0       |
|   add_ln405_401_fu_284947_p2         |     |        | add_ln405_401     | add | fabric    | 0       |
|   add_ln405_402_fu_284957_p2         |     |        | add_ln405_402     | add | fabric    | 0       |
|   add_ln405_403_fu_282121_p2         |     |        | add_ln405_403     | add | fabric    | 0       |
|   add_ln405_404_fu_282131_p2         |     |        | add_ln405_404     | add | fabric    | 0       |
|   add_ln405_405_fu_282141_p2         |     |        | add_ln405_405     | add | fabric    | 0       |
|   add_ln405_406_fu_282151_p2         |     |        | add_ln405_406     | add | fabric    | 0       |
|   add_ln405_407_fu_282161_p2         |     |        | add_ln405_407     | add | fabric    | 0       |
|   add_ln405_408_fu_282171_p2         |     |        | add_ln405_408     | add | fabric    | 0       |
|   add_ln405_409_fu_282181_p2         |     |        | add_ln405_409     | add | fabric    | 0       |
|   add_ln405_410_fu_282191_p2         |     |        | add_ln405_410     | add | fabric    | 0       |
|   add_ln405_411_fu_282201_p2         |     |        | add_ln405_411     | add | fabric    | 0       |
|   add_ln405_412_fu_282211_p2         |     |        | add_ln405_412     | add | fabric    | 0       |
|   add_ln405_413_fu_282221_p2         |     |        | add_ln405_413     | add | fabric    | 0       |
|   add_ln405_414_fu_282231_p2         |     |        | add_ln405_414     | add | fabric    | 0       |
|   add_ln405_415_fu_282241_p2         |     |        | add_ln405_415     | add | fabric    | 0       |
|   add_ln405_416_fu_282251_p2         |     |        | add_ln405_416     | add | fabric    | 0       |
|   add_ln405_417_fu_282261_p2         |     |        | add_ln405_417     | add | fabric    | 0       |
|   add_ln405_418_fu_282271_p2         |     |        | add_ln405_418     | add | fabric    | 0       |
|   add_ln405_419_fu_282281_p2         |     |        | add_ln405_419     | add | fabric    | 0       |
|   add_ln405_420_fu_282291_p2         |     |        | add_ln405_420     | add | fabric    | 0       |
|   add_ln405_421_fu_282301_p2         |     |        | add_ln405_421     | add | fabric    | 0       |
|   add_ln405_422_fu_282307_p2         |     |        | add_ln405_422     | add | fabric    | 0       |
|   add_ln405_423_fu_282317_p2         |     |        | add_ln405_423     | add | fabric    | 0       |
|   add_ln405_424_fu_282327_p2         |     |        | add_ln405_424     | add | fabric    | 0       |
|   add_ln405_425_fu_282337_p2         |     |        | add_ln405_425     | add | fabric    | 0       |
|   add_ln405_426_fu_282347_p2         |     |        | add_ln405_426     | add | fabric    | 0       |
|   add_ln405_427_fu_282357_p2         |     |        | add_ln405_427     | add | fabric    | 0       |
|   add_ln405_428_fu_282367_p2         |     |        | add_ln405_428     | add | fabric    | 0       |
|   add_ln405_429_fu_282377_p2         |     |        | add_ln405_429     | add | fabric    | 0       |
|   add_ln405_430_fu_282387_p2         |     |        | add_ln405_430     | add | fabric    | 0       |
|   add_ln405_431_fu_282397_p2         |     |        | add_ln405_431     | add | fabric    | 0       |
|   add_ln405_432_fu_282407_p2         |     |        | add_ln405_432     | add | fabric    | 0       |
|   add_ln405_433_fu_282417_p2         |     |        | add_ln405_433     | add | fabric    | 0       |
|   add_ln405_434_fu_282427_p2         |     |        | add_ln405_434     | add | fabric    | 0       |
|   add_ln405_435_fu_282437_p2         |     |        | add_ln405_435     | add | fabric    | 0       |
|   add_ln405_436_fu_282447_p2         |     |        | add_ln405_436     | add | fabric    | 0       |
|   add_ln405_437_fu_282457_p2         |     |        | add_ln405_437     | add | fabric    | 0       |
|   add_ln405_438_fu_282467_p2         |     |        | add_ln405_438     | add | fabric    | 0       |
|   add_ln405_439_fu_282477_p2         |     |        | add_ln405_439     | add | fabric    | 0       |
|   add_ln405_440_fu_282487_p2         |     |        | add_ln405_440     | add | fabric    | 0       |
|   add_ln405_441_fu_284973_p2         |     |        | add_ln405_441     | add | fabric    | 0       |
|   add_ln405_442_fu_282493_p2         |     |        | add_ln405_442     | add | fabric    | 0       |
|   add_ln405_443_fu_282503_p2         |     |        | add_ln405_443     | add | fabric    | 0       |
|   add_ln405_444_fu_282513_p2         |     |        | add_ln405_444     | add | fabric    | 0       |
|   add_ln405_445_fu_282523_p2         |     |        | add_ln405_445     | add | fabric    | 0       |
|   add_ln405_446_fu_282533_p2         |     |        | add_ln405_446     | add | fabric    | 0       |
|   add_ln405_447_fu_282543_p2         |     |        | add_ln405_447     | add | fabric    | 0       |
|   add_ln405_448_fu_282553_p2         |     |        | add_ln405_448     | add | fabric    | 0       |
|   add_ln405_449_fu_282563_p2         |     |        | add_ln405_449     | add | fabric    | 0       |
|   add_ln405_450_fu_282573_p2         |     |        | add_ln405_450     | add | fabric    | 0       |
|   add_ln405_451_fu_282583_p2         |     |        | add_ln405_451     | add | fabric    | 0       |
|   add_ln405_452_fu_282593_p2         |     |        | add_ln405_452     | add | fabric    | 0       |
|   add_ln405_453_fu_282603_p2         |     |        | add_ln405_453     | add | fabric    | 0       |
|   add_ln405_454_fu_282613_p2         |     |        | add_ln405_454     | add | fabric    | 0       |
|   add_ln405_455_fu_282623_p2         |     |        | add_ln405_455     | add | fabric    | 0       |
|   add_ln405_456_fu_282633_p2         |     |        | add_ln405_456     | add | fabric    | 0       |
|   add_ln405_457_fu_282643_p2         |     |        | add_ln405_457     | add | fabric    | 0       |
|   add_ln405_458_fu_282653_p2         |     |        | add_ln405_458     | add | fabric    | 0       |
|   add_ln405_459_fu_282663_p2         |     |        | add_ln405_459     | add | fabric    | 0       |
|   add_ln405_460_fu_282673_p2         |     |        | add_ln405_460     | add | fabric    | 0       |
|   add_ln405_461_fu_282679_p2         |     |        | add_ln405_461     | add | fabric    | 0       |
|   add_ln405_462_fu_282689_p2         |     |        | add_ln405_462     | add | fabric    | 0       |
|   add_ln405_463_fu_282699_p2         |     |        | add_ln405_463     | add | fabric    | 0       |
|   add_ln405_464_fu_282709_p2         |     |        | add_ln405_464     | add | fabric    | 0       |
|   add_ln405_465_fu_282719_p2         |     |        | add_ln405_465     | add | fabric    | 0       |
|   add_ln405_466_fu_282729_p2         |     |        | add_ln405_466     | add | fabric    | 0       |
|   add_ln405_467_fu_282739_p2         |     |        | add_ln405_467     | add | fabric    | 0       |
|   add_ln405_468_fu_282749_p2         |     |        | add_ln405_468     | add | fabric    | 0       |
|   add_ln405_469_fu_282759_p2         |     |        | add_ln405_469     | add | fabric    | 0       |
|   add_ln405_470_fu_282769_p2         |     |        | add_ln405_470     | add | fabric    | 0       |
|   add_ln405_471_fu_282779_p2         |     |        | add_ln405_471     | add | fabric    | 0       |
|   add_ln405_472_fu_282789_p2         |     |        | add_ln405_472     | add | fabric    | 0       |
|   add_ln405_473_fu_282799_p2         |     |        | add_ln405_473     | add | fabric    | 0       |
|   add_ln405_474_fu_282809_p2         |     |        | add_ln405_474     | add | fabric    | 0       |
|   add_ln405_475_fu_282819_p2         |     |        | add_ln405_475     | add | fabric    | 0       |
|   add_ln405_476_fu_282829_p2         |     |        | add_ln405_476     | add | fabric    | 0       |
|   add_ln405_477_fu_282839_p2         |     |        | add_ln405_477     | add | fabric    | 0       |
|   add_ln405_478_fu_282849_p2         |     |        | add_ln405_478     | add | fabric    | 0       |
|   add_ln405_479_fu_282859_p2         |     |        | add_ln405_479     | add | fabric    | 0       |
|   add_ln405_480_fu_282869_p2         |     |        | add_ln405_480     | add | fabric    | 0       |
|   add_ln405_481_fu_284989_p2         |     |        | add_ln405_481     | add | fabric    | 0       |
|   add_ln405_482_fu_284999_p2         |     |        | add_ln405_482     | add | fabric    | 0       |
|   add_ln405_483_fu_285009_p2         |     |        | add_ln405_483     | add | fabric    | 0       |
|   add_ln405_484_fu_282875_p2         |     |        | add_ln405_484     | add | fabric    | 0       |
|   add_ln405_485_fu_282885_p2         |     |        | add_ln405_485     | add | fabric    | 0       |
|   add_ln405_486_fu_282895_p2         |     |        | add_ln405_486     | add | fabric    | 0       |
|   add_ln405_487_fu_282905_p2         |     |        | add_ln405_487     | add | fabric    | 0       |
|   add_ln405_488_fu_282915_p2         |     |        | add_ln405_488     | add | fabric    | 0       |
|   add_ln405_489_fu_282925_p2         |     |        | add_ln405_489     | add | fabric    | 0       |
|   add_ln405_490_fu_282935_p2         |     |        | add_ln405_490     | add | fabric    | 0       |
|   add_ln405_491_fu_282945_p2         |     |        | add_ln405_491     | add | fabric    | 0       |
|   add_ln405_492_fu_282955_p2         |     |        | add_ln405_492     | add | fabric    | 0       |
|   add_ln405_493_fu_282965_p2         |     |        | add_ln405_493     | add | fabric    | 0       |
|   add_ln405_494_fu_282975_p2         |     |        | add_ln405_494     | add | fabric    | 0       |
|   add_ln405_495_fu_282985_p2         |     |        | add_ln405_495     | add | fabric    | 0       |
|   add_ln405_496_fu_282995_p2         |     |        | add_ln405_496     | add | fabric    | 0       |
|   add_ln405_497_fu_283005_p2         |     |        | add_ln405_497     | add | fabric    | 0       |
|   add_ln405_498_fu_283015_p2         |     |        | add_ln405_498     | add | fabric    | 0       |
|   add_ln405_499_fu_283025_p2         |     |        | add_ln405_499     | add | fabric    | 0       |
|   add_ln405_500_fu_283035_p2         |     |        | add_ln405_500     | add | fabric    | 0       |
|   add_ln405_501_fu_283045_p2         |     |        | add_ln405_501     | add | fabric    | 0       |
|   add_ln405_502_fu_283055_p2         |     |        | add_ln405_502     | add | fabric    | 0       |
|   add_ln405_503_fu_283061_p2         |     |        | add_ln405_503     | add | fabric    | 0       |
|   add_ln405_504_fu_283071_p2         |     |        | add_ln405_504     | add | fabric    | 0       |
|   add_ln405_505_fu_283081_p2         |     |        | add_ln405_505     | add | fabric    | 0       |
|   add_ln405_506_fu_283091_p2         |     |        | add_ln405_506     | add | fabric    | 0       |
|   add_ln405_507_fu_283101_p2         |     |        | add_ln405_507     | add | fabric    | 0       |
|   add_ln405_508_fu_283111_p2         |     |        | add_ln405_508     | add | fabric    | 0       |
|   add_ln405_509_fu_283121_p2         |     |        | add_ln405_509     | add | fabric    | 0       |
|   add_ln405_510_fu_283131_p2         |     |        | add_ln405_510     | add | fabric    | 0       |
|   add_ln405_511_fu_283141_p2         |     |        | add_ln405_511     | add | fabric    | 0       |
|   add_ln405_512_fu_283151_p2         |     |        | add_ln405_512     | add | fabric    | 0       |
|   add_ln405_513_fu_283161_p2         |     |        | add_ln405_513     | add | fabric    | 0       |
|   add_ln405_514_fu_283171_p2         |     |        | add_ln405_514     | add | fabric    | 0       |
|   add_ln405_515_fu_283181_p2         |     |        | add_ln405_515     | add | fabric    | 0       |
|   add_ln405_516_fu_283191_p2         |     |        | add_ln405_516     | add | fabric    | 0       |
|   add_ln405_517_fu_283201_p2         |     |        | add_ln405_517     | add | fabric    | 0       |
|   add_ln405_518_fu_283211_p2         |     |        | add_ln405_518     | add | fabric    | 0       |
|   add_ln405_519_fu_283221_p2         |     |        | add_ln405_519     | add | fabric    | 0       |
|   add_ln405_520_fu_283231_p2         |     |        | add_ln405_520     | add | fabric    | 0       |
|   add_ln405_521_fu_283241_p2         |     |        | add_ln405_521     | add | fabric    | 0       |
|   add_ln405_522_fu_285025_p2         |     |        | add_ln405_522     | add | fabric    | 0       |
|   add_ln405_523_fu_283247_p2         |     |        | add_ln405_523     | add | fabric    | 0       |
|   add_ln405_524_fu_283257_p2         |     |        | add_ln405_524     | add | fabric    | 0       |
|   add_ln405_525_fu_283267_p2         |     |        | add_ln405_525     | add | fabric    | 0       |
|   add_ln405_526_fu_283277_p2         |     |        | add_ln405_526     | add | fabric    | 0       |
|   add_ln405_527_fu_283287_p2         |     |        | add_ln405_527     | add | fabric    | 0       |
|   add_ln405_528_fu_283297_p2         |     |        | add_ln405_528     | add | fabric    | 0       |
|   add_ln405_529_fu_283307_p2         |     |        | add_ln405_529     | add | fabric    | 0       |
|   add_ln405_530_fu_283317_p2         |     |        | add_ln405_530     | add | fabric    | 0       |
|   add_ln405_531_fu_283327_p2         |     |        | add_ln405_531     | add | fabric    | 0       |
|   add_ln405_532_fu_283337_p2         |     |        | add_ln405_532     | add | fabric    | 0       |
|   add_ln405_533_fu_283347_p2         |     |        | add_ln405_533     | add | fabric    | 0       |
|   add_ln405_534_fu_283357_p2         |     |        | add_ln405_534     | add | fabric    | 0       |
|   add_ln405_535_fu_283367_p2         |     |        | add_ln405_535     | add | fabric    | 0       |
|   add_ln405_536_fu_283377_p2         |     |        | add_ln405_536     | add | fabric    | 0       |
|   add_ln405_537_fu_283387_p2         |     |        | add_ln405_537     | add | fabric    | 0       |
|   add_ln405_538_fu_283397_p2         |     |        | add_ln405_538     | add | fabric    | 0       |
|   add_ln405_539_fu_283407_p2         |     |        | add_ln405_539     | add | fabric    | 0       |
|   add_ln405_540_fu_283417_p2         |     |        | add_ln405_540     | add | fabric    | 0       |
|   add_ln405_541_fu_283427_p2         |     |        | add_ln405_541     | add | fabric    | 0       |
|   add_ln405_542_fu_283433_p2         |     |        | add_ln405_542     | add | fabric    | 0       |
|   add_ln405_543_fu_283443_p2         |     |        | add_ln405_543     | add | fabric    | 0       |
|   add_ln405_544_fu_283453_p2         |     |        | add_ln405_544     | add | fabric    | 0       |
|   add_ln405_545_fu_283463_p2         |     |        | add_ln405_545     | add | fabric    | 0       |
|   add_ln405_546_fu_283473_p2         |     |        | add_ln405_546     | add | fabric    | 0       |
|   add_ln405_547_fu_283483_p2         |     |        | add_ln405_547     | add | fabric    | 0       |
|   add_ln405_548_fu_283493_p2         |     |        | add_ln405_548     | add | fabric    | 0       |
|   add_ln405_549_fu_283503_p2         |     |        | add_ln405_549     | add | fabric    | 0       |
|   add_ln405_550_fu_283513_p2         |     |        | add_ln405_550     | add | fabric    | 0       |
|   add_ln405_551_fu_283523_p2         |     |        | add_ln405_551     | add | fabric    | 0       |
|   add_ln405_552_fu_283533_p2         |     |        | add_ln405_552     | add | fabric    | 0       |
|   add_ln405_553_fu_283543_p2         |     |        | add_ln405_553     | add | fabric    | 0       |
|   add_ln405_554_fu_283553_p2         |     |        | add_ln405_554     | add | fabric    | 0       |
|   add_ln405_555_fu_283563_p2         |     |        | add_ln405_555     | add | fabric    | 0       |
|   add_ln405_556_fu_283573_p2         |     |        | add_ln405_556     | add | fabric    | 0       |
|   add_ln405_557_fu_283583_p2         |     |        | add_ln405_557     | add | fabric    | 0       |
|   add_ln405_558_fu_283593_p2         |     |        | add_ln405_558     | add | fabric    | 0       |
|   add_ln405_559_fu_283603_p2         |     |        | add_ln405_559     | add | fabric    | 0       |
|   add_ln405_560_fu_283613_p2         |     |        | add_ln405_560     | add | fabric    | 0       |
|   add_ln405_561_fu_283623_p2         |     |        | add_ln405_561     | add | fabric    | 0       |
|   add_ln405_562_fu_285041_p2         |     |        | add_ln405_562     | add | fabric    | 0       |
|   add_ln405_563_fu_285051_p2         |     |        | add_ln405_563     | add | fabric    | 0       |
|   add_ln405_564_fu_283629_p2         |     |        | add_ln405_564     | add | fabric    | 0       |
|   add_ln405_565_fu_283639_p2         |     |        | add_ln405_565     | add | fabric    | 0       |
|   add_ln405_566_fu_283649_p2         |     |        | add_ln405_566     | add | fabric    | 0       |
|   add_ln405_567_fu_283659_p2         |     |        | add_ln405_567     | add | fabric    | 0       |
|   add_ln405_568_fu_283669_p2         |     |        | add_ln405_568     | add | fabric    | 0       |
|   add_ln405_569_fu_283679_p2         |     |        | add_ln405_569     | add | fabric    | 0       |
|   add_ln405_570_fu_283689_p2         |     |        | add_ln405_570     | add | fabric    | 0       |
|   add_ln405_571_fu_283699_p2         |     |        | add_ln405_571     | add | fabric    | 0       |
|   add_ln405_572_fu_283709_p2         |     |        | add_ln405_572     | add | fabric    | 0       |
|   add_ln405_573_fu_283719_p2         |     |        | add_ln405_573     | add | fabric    | 0       |
|   add_ln405_574_fu_283729_p2         |     |        | add_ln405_574     | add | fabric    | 0       |
|   add_ln405_575_fu_283739_p2         |     |        | add_ln405_575     | add | fabric    | 0       |
|   add_ln405_576_fu_283749_p2         |     |        | add_ln405_576     | add | fabric    | 0       |
|   add_ln405_577_fu_283759_p2         |     |        | add_ln405_577     | add | fabric    | 0       |
|   add_ln405_578_fu_283769_p2         |     |        | add_ln405_578     | add | fabric    | 0       |
|   add_ln405_579_fu_283779_p2         |     |        | add_ln405_579     | add | fabric    | 0       |
|   add_ln405_580_fu_283789_p2         |     |        | add_ln405_580     | add | fabric    | 0       |
|   add_ln405_581_fu_283799_p2         |     |        | add_ln405_581     | add | fabric    | 0       |
|   add_ln405_582_fu_283809_p2         |     |        | add_ln405_582     | add | fabric    | 0       |
|   add_ln405_583_fu_283815_p2         |     |        | add_ln405_583     | add | fabric    | 0       |
|   add_ln405_584_fu_283825_p2         |     |        | add_ln405_584     | add | fabric    | 0       |
|   add_ln405_585_fu_283835_p2         |     |        | add_ln405_585     | add | fabric    | 0       |
|   add_ln405_586_fu_283845_p2         |     |        | add_ln405_586     | add | fabric    | 0       |
|   add_ln405_587_fu_283855_p2         |     |        | add_ln405_587     | add | fabric    | 0       |
|   add_ln405_588_fu_283865_p2         |     |        | add_ln405_588     | add | fabric    | 0       |
|   add_ln405_589_fu_283875_p2         |     |        | add_ln405_589     | add | fabric    | 0       |
|   add_ln405_590_fu_283885_p2         |     |        | add_ln405_590     | add | fabric    | 0       |
|   add_ln405_591_fu_283895_p2         |     |        | add_ln405_591     | add | fabric    | 0       |
|   add_ln405_592_fu_283905_p2         |     |        | add_ln405_592     | add | fabric    | 0       |
|   add_ln405_593_fu_283915_p2         |     |        | add_ln405_593     | add | fabric    | 0       |
|   add_ln405_594_fu_283925_p2         |     |        | add_ln405_594     | add | fabric    | 0       |
|   add_ln405_595_fu_283935_p2         |     |        | add_ln405_595     | add | fabric    | 0       |
|   add_ln405_596_fu_283945_p2         |     |        | add_ln405_596     | add | fabric    | 0       |
|   add_ln405_597_fu_283955_p2         |     |        | add_ln405_597     | add | fabric    | 0       |
|   add_ln405_598_fu_283965_p2         |     |        | add_ln405_598     | add | fabric    | 0       |
|   add_ln405_599_fu_283975_p2         |     |        | add_ln405_599     | add | fabric    | 0       |
|   add_ln405_600_fu_283985_p2         |     |        | add_ln405_600     | add | fabric    | 0       |
|   add_ln405_601_fu_283995_p2         |     |        | add_ln405_601     | add | fabric    | 0       |
|   add_ln405_602_fu_285067_p2         |     |        | add_ln405_602     | add | fabric    | 0       |
|   add_ln405_603_fu_284001_p2         |     |        | add_ln405_603     | add | fabric    | 0       |
|   add_ln405_604_fu_284011_p2         |     |        | add_ln405_604     | add | fabric    | 0       |
|   add_ln405_605_fu_284021_p2         |     |        | add_ln405_605     | add | fabric    | 0       |
|   add_ln405_606_fu_284031_p2         |     |        | add_ln405_606     | add | fabric    | 0       |
|   add_ln405_607_fu_284041_p2         |     |        | add_ln405_607     | add | fabric    | 0       |
|   add_ln405_608_fu_284051_p2         |     |        | add_ln405_608     | add | fabric    | 0       |
|   add_ln405_609_fu_284061_p2         |     |        | add_ln405_609     | add | fabric    | 0       |
|   add_ln405_610_fu_284071_p2         |     |        | add_ln405_610     | add | fabric    | 0       |
|   add_ln405_611_fu_284081_p2         |     |        | add_ln405_611     | add | fabric    | 0       |
|   add_ln405_612_fu_284091_p2         |     |        | add_ln405_612     | add | fabric    | 0       |
|   add_ln405_613_fu_284101_p2         |     |        | add_ln405_613     | add | fabric    | 0       |
|   add_ln405_614_fu_284111_p2         |     |        | add_ln405_614     | add | fabric    | 0       |
|   add_ln405_615_fu_284121_p2         |     |        | add_ln405_615     | add | fabric    | 0       |
|   add_ln405_616_fu_284131_p2         |     |        | add_ln405_616     | add | fabric    | 0       |
|   add_ln405_617_fu_284141_p2         |     |        | add_ln405_617     | add | fabric    | 0       |
|   add_ln405_618_fu_284151_p2         |     |        | add_ln405_618     | add | fabric    | 0       |
|   add_ln405_619_fu_284161_p2         |     |        | add_ln405_619     | add | fabric    | 0       |
|   add_ln405_620_fu_284171_p2         |     |        | add_ln405_620     | add | fabric    | 0       |
|   add_ln405_621_fu_284181_p2         |     |        | add_ln405_621     | add | fabric    | 0       |
|   add_ln405_622_fu_284187_p2         |     |        | add_ln405_622     | add | fabric    | 0       |
|   add_ln405_623_fu_284197_p2         |     |        | add_ln405_623     | add | fabric    | 0       |
|   add_ln405_624_fu_284207_p2         |     |        | add_ln405_624     | add | fabric    | 0       |
|   add_ln405_625_fu_284217_p2         |     |        | add_ln405_625     | add | fabric    | 0       |
|   add_ln405_626_fu_284227_p2         |     |        | add_ln405_626     | add | fabric    | 0       |
|   add_ln405_627_fu_284237_p2         |     |        | add_ln405_627     | add | fabric    | 0       |
|   add_ln405_628_fu_284247_p2         |     |        | add_ln405_628     | add | fabric    | 0       |
|   add_ln405_629_fu_284257_p2         |     |        | add_ln405_629     | add | fabric    | 0       |
|   add_ln405_630_fu_284267_p2         |     |        | add_ln405_630     | add | fabric    | 0       |
|   add_ln405_631_fu_284277_p2         |     |        | add_ln405_631     | add | fabric    | 0       |
|   add_ln405_632_fu_284287_p2         |     |        | add_ln405_632     | add | fabric    | 0       |
|   add_ln405_633_fu_284297_p2         |     |        | add_ln405_633     | add | fabric    | 0       |
|   add_ln405_634_fu_284307_p2         |     |        | add_ln405_634     | add | fabric    | 0       |
|   add_ln405_635_fu_284317_p2         |     |        | add_ln405_635     | add | fabric    | 0       |
|   add_ln405_636_fu_284327_p2         |     |        | add_ln405_636     | add | fabric    | 0       |
|   add_ln405_637_fu_284337_p2         |     |        | add_ln405_637     | add | fabric    | 0       |
|   add_ln405_638_fu_284347_p2         |     |        | add_ln405_638     | add | fabric    | 0       |
|   add_ln405_639_fu_284357_p2         |     |        | add_ln405_639     | add | fabric    | 0       |
|   add_ln405_640_fu_284367_p2         |     |        | add_ln405_640     | add | fabric    | 0       |
|   add_ln405_641_fu_284377_p2         |     |        | add_ln405_641     | add | fabric    | 0       |
|   add_ln405_642_fu_285083_p2         |     |        | add_ln405_642     | add | fabric    | 0       |
|   add_ln405_643_fu_285093_p2         |     |        | add_ln405_643     | add | fabric    | 0       |
|   add_ln405_644_fu_285103_p2         |     |        | add_ln405_644     | add | fabric    | 0       |
|   A_sum_1_fu_285113_p2               |     |        | A_sum_1           | add | fabric    | 0       |
|   add_ln415_fu_284383_p2             |     |        | add_ln415         | add | fabric    | 0       |
|   add_ln415_1_fu_284401_p2           |     |        | add_ln415_1       | add | fabric    | 0       |
|   add_ln415_2_fu_284411_p2           |     |        | add_ln415_2       | add | fabric    | 0       |
|   add_ln415_3_fu_284421_p2           |     |        | add_ln415_3       | add | fabric    | 0       |
|   add_ln415_4_fu_284431_p2           |     |        | add_ln415_4       | add | fabric    | 0       |
|   add_ln415_5_fu_284441_p2           |     |        | add_ln415_5       | add | fabric    | 0       |
|   add_ln415_6_fu_284451_p2           |     |        | add_ln415_6       | add | fabric    | 0       |
|   add_ln415_7_fu_284461_p2           |     |        | add_ln415_7       | add | fabric    | 0       |
|   add_ln415_8_fu_284471_p2           |     |        | add_ln415_8       | add | fabric    | 0       |
|   add_ln415_9_fu_284481_p2           |     |        | add_ln415_9       | add | fabric    | 0       |
|   add_ln415_10_fu_284491_p2          |     |        | add_ln415_10      | add | fabric    | 0       |
|   add_ln415_11_fu_284501_p2          |     |        | add_ln415_11      | add | fabric    | 0       |
|   add_ln415_12_fu_284511_p2          |     |        | add_ln415_12      | add | fabric    | 0       |
|   add_ln415_13_fu_284521_p2          |     |        | add_ln415_13      | add | fabric    | 0       |
|   add_ln415_14_fu_284531_p2          |     |        | add_ln415_14      | add | fabric    | 0       |
|   add_ln415_15_fu_284541_p2          |     |        | add_ln415_15      | add | fabric    | 0       |
|   A_trace_fu_284551_p2               |     |        | A_trace           | add | fabric    | 0       |
|   add_ln415_17_fu_284557_p2          |     |        | add_ln415_17      | add | fabric    | 0       |
|   add_ln415_18_fu_284575_p2          |     |        | add_ln415_18      | add | fabric    | 0       |
|   add_ln415_19_fu_284585_p2          |     |        | add_ln415_19      | add | fabric    | 0       |
|   add_ln415_20_fu_284595_p2          |     |        | add_ln415_20      | add | fabric    | 0       |
|   add_ln415_21_fu_284605_p2          |     |        | add_ln415_21      | add | fabric    | 0       |
|   add_ln415_22_fu_284615_p2          |     |        | add_ln415_22      | add | fabric    | 0       |
|   add_ln415_23_fu_284625_p2          |     |        | add_ln415_23      | add | fabric    | 0       |
|   add_ln415_24_fu_284635_p2          |     |        | add_ln415_24      | add | fabric    | 0       |
|   add_ln415_25_fu_284645_p2          |     |        | add_ln415_25      | add | fabric    | 0       |
|   add_ln415_26_fu_284655_p2          |     |        | add_ln415_26      | add | fabric    | 0       |
|   add_ln415_27_fu_284665_p2          |     |        | add_ln415_27      | add | fabric    | 0       |
|   add_ln415_28_fu_284675_p2          |     |        | add_ln415_28      | add | fabric    | 0       |
|   add_ln415_29_fu_284685_p2          |     |        | add_ln415_29      | add | fabric    | 0       |
|   add_ln415_30_fu_284695_p2          |     |        | add_ln415_30      | add | fabric    | 0       |
|   add_ln415_31_fu_284705_p2          |     |        | add_ln415_31      | add | fabric    | 0       |
|   add_ln415_32_fu_284715_p2          |     |        | add_ln415_32      | add | fabric    | 0       |
|   A_trace_1_fu_284725_p2             |     |        | A_trace_1         | add | fabric    | 0       |
|   mul_14ns_34ns_47_1_1_U6            | 2   |        | mul_ln428         | mul | auto      | 0       |
|   mul_9ns_32s_40_1_1_U2              | 2   |        | mul_ln428_1       | mul | auto      | 0       |
|   add_ln428_fu_285205_p2             |     |        | add_ln428         | add | fabric    | 0       |
|   mul_47s_25ns_71_1_1_U10            | 3   |        | mul_ln428_2       | mul | auto      | 0       |
|   add_ln428_1_fu_285731_p2           |     |        | add_ln428_1       | add | fabric    | 0       |
|   mul_10ns_34ns_43_1_1_U4            | 2   |        | mul_ln429         | mul | auto      | 0       |
|   mul_5ns_32s_36_1_1_U391            | 2   |        | mul_ln429_1       | mul | auto      | 0       |
|   add_ln429_fu_285147_p2             |     |        | add_ln429         | add | fabric    | 0       |
|   mul_43s_31ns_73_1_1_U8             | 4   |        | mul_ln429_2       | mul | auto      | 0       |
|   add_ln429_1_fu_285386_p2           |     |        | add_ln429_1       | add | fabric    | 0       |
|   mul_14ns_32ns_45_1_1_U5            | 2   |        | mul_ln428_3       | mul | auto      | 0       |
|   mul_9ns_30s_38_1_1_U1              | 2   |        | mul_ln428_4       | mul | auto      | 0       |
|   add_ln428_2_fu_285281_p2           |     |        | add_ln428_2       | add | fabric    | 0       |
|   mul_45s_25ns_70_1_1_U9             | 3   |        | mul_ln428_5       | mul | auto      | 0       |
|   add_ln428_3_fu_285878_p2           |     |        | add_ln428_3       | add | fabric    | 0       |
|   mul_10ns_32ns_41_1_1_U3            | 2   |        | mul_ln429_3       | mul | auto      | 0       |
|   mul_5ns_30s_34_1_1_U392            | 2   |        | mul_ln429_4       | mul | auto      | 0       |
|   add_ln429_2_fu_285175_p2           |     |        | add_ln429_2       | add | fabric    | 0       |
|   mul_41s_31ns_71_1_1_U7             | 4   |        | mul_ln429_5       | mul | auto      | 0       |
|   add_ln429_3_fu_285584_p2           |     |        | add_ln429_3       | add | fabric    | 0       |
|   mac_muladd_6s_6s_10s_12_1_1_U909   | 1   |        | mul_ln451         | mul | dsp_slice | 0       |
|   add_ln451_fu_285980_p2             |     |        | add_ln451         | add | fabric    | 0       |
|   mac_muladd_6s_6s_10s_12_1_1_U909   | 1   |        | tmp4137           | add | dsp_slice | 0       |
|   tmp7495683_fu_286020_p2            |     |        | tmp7495683        | add | fabric    | 0       |
|   mul_6s_6s_11_1_1_U393              |     |        | mul_ln451_1       | mul | auto      | 0       |
|   add_ln451_2_fu_286053_p2           |     |        | add_ln451_2       | add | fabric    | 0       |
|   add_ln451_1_fu_286063_p2           |     |        | add_ln451_1       | add | fabric    | 0       |
|   add_ln533_fu_286111_p2             |     |        | add_ln533         | add | fabric    | 0       |
+--------------------------------------+-----+--------+-------------------+-----+-----------+---------+


================================================================
== Storage Report
================================================================
  No bind storage info in design

================================================================
== Pragma Report
================================================================
* Valid Pragma Syntax
+-----------------+----------------------------------------------+------------------------------------------------------------------------+
| Type            | Options                                      | Location                                                               |
+-----------------+----------------------------------------------+------------------------------------------------------------------------+
| array_reshape   | variable=model_input complete dim=0          | firmware/nPELICAN.cpp:56 in npelican, model_input                      |
| array_reshape   | variable=beam_input complete dim=0           | firmware/nPELICAN.cpp:57 in npelican, beam_input                       |
| array_partition | variable=model_out complete dim=0            | firmware/nPELICAN.cpp:58 in npelican, model_out                        |
| interface       | ap_vld port=model_input,beam_input,model_out | firmware/nPELICAN.cpp:59 in npelican, model_input,beam_input,model_out |
| pipeline        | II=1                                         | firmware/nPELICAN.cpp:61 in npelican                                   |
| array_partition | variable=batch1_2to2 complete dim=0          | firmware/nPELICAN.cpp:64 in npelican, batch1_2to2                      |
| array_partition | variable=w1_2to2 complete dim=0              | firmware/nPELICAN.cpp:65 in npelican, w1_2to2                          |
| array_partition | variable=b1_2to2 complete dim=0              | firmware/nPELICAN.cpp:66 in npelican, b1_2to2                          |
| array_partition | variable=b1_diag_2to2 complete dim=0         | firmware/nPELICAN.cpp:67 in npelican, b1_diag_2to2                     |
| array_partition | variable=b1_diag_total_2to2 complete dim=0   | firmware/nPELICAN.cpp:68 in npelican, b1_diag_total_2to2               |
| array_partition | variable=batch2_2to0 complete dim=0          | firmware/nPELICAN.cpp:69 in npelican, batch2_2to0                      |
| array_partition | variable=w2_2to0 complete dim=0              | firmware/nPELICAN.cpp:70 in npelican, w2_2to0                          |
| array_partition | variable=b2_2to0 complete dim=0              | firmware/nPELICAN.cpp:71 in npelican, b2_2to0                          |
| array_partition | variable=bn1_t0_rom complete dim=0           | firmware/nPELICAN.cpp:73 in npelican, bn1_t0_rom                       |
| array_partition | variable=nobjmask complete dim=0             | firmware/nPELICAN.cpp:89 in npelican, nobjmask                         |
| array_partition | variable=dots complete dim=0                 | firmware/nPELICAN.cpp:102 in npelican, dots                            |
| array_partition | variable=p1 complete dim=0                   | firmware/nPELICAN.cpp:104 in npelican, p1                              |
| unroll          |                                              | firmware/nPELICAN.cpp:106 in npelican                                  |
| unroll          |                                              | firmware/nPELICAN.cpp:108 in npelican                                  |
| unroll          |                                              | firmware/nPELICAN.cpp:133 in npelican                                  |
| unroll          |                                              | firmware/nPELICAN.cpp:135 in npelican                                  |
| unroll          |                                              | firmware/nPELICAN.cpp:158 in npelican                                  |
| unroll          |                                              | firmware/nPELICAN.cpp:160 in npelican                                  |
| array_partition | variable=rowsum complete dim=0               | firmware/nPELICAN.cpp:222 in npelican, rowsum                          |
| unroll          |                                              | firmware/nPELICAN.cpp:224 in npelican                                  |
| unroll          |                                              | firmware/nPELICAN.cpp:231 in npelican                                  |
| unroll          |                                              | firmware/nPELICAN.cpp:233 in npelican                                  |
| unroll          |                                              | firmware/nPELICAN.cpp:238 in npelican                                  |
| array_partition | variable=jdotp complete dim=0                | firmware/nPELICAN.cpp:245 in npelican, jdotp                           |
| unroll          |                                              | firmware/nPELICAN.cpp:247 in npelican                                  |
| array_partition | variable=T complete dim=0                    | firmware/nPELICAN.cpp:255 in npelican, T                               |
| unroll          |                                              | firmware/nPELICAN.cpp:257 in npelican                                  |
| unroll          |                                              | firmware/nPELICAN.cpp:259 in npelican                                  |
| unroll          |                                              | firmware/nPELICAN.cpp:261 in npelican                                  |
| unroll          |                                              | firmware/nPELICAN.cpp:270 in npelican                                  |
| unroll          |                                              | firmware/nPELICAN.cpp:272 in npelican                                  |
| unroll          |                                              | firmware/nPELICAN.cpp:287 in npelican                                  |
| unroll          |                                              | firmware/nPELICAN.cpp:289 in npelican                                  |
| unroll          |                                              | firmware/nPELICAN.cpp:297 in npelican                                  |
| array_partition | variable=Tp complete dim=0                   | firmware/nPELICAN.cpp:305 in npelican, Tp                              |
| unroll          |                                              | firmware/nPELICAN.cpp:320 in npelican                                  |
| unroll          |                                              | firmware/nPELICAN.cpp:322 in npelican                                  |
| unroll          |                                              | firmware/nPELICAN.cpp:324 in npelican                                  |
| unroll          |                                              | firmware/nPELICAN.cpp:332 in npelican                                  |
| unroll          |                                              | firmware/nPELICAN.cpp:334 in npelican                                  |
| unroll          |                                              | firmware/nPELICAN.cpp:336 in npelican                                  |
| unroll          |                                              | firmware/nPELICAN.cpp:338 in npelican                                  |
| array_partition | variable=Tp_q complete dim=0                 | firmware/nPELICAN.cpp:347 in npelican, Tp_q                            |
| unroll          |                                              | firmware/nPELICAN.cpp:352 in npelican                                  |
| unroll          |                                              | firmware/nPELICAN.cpp:354 in npelican                                  |
| unroll          |                                              | firmware/nPELICAN.cpp:356 in npelican                                  |
| array_partition | variable=bn2_beta complete dim=0             | firmware/nPELICAN.cpp:381 in npelican, bn2_beta                        |
| unroll          |                                              | firmware/nPELICAN.cpp:383 in npelican                                  |
| array_partition | variable=A_sum complete dim=0                | firmware/nPELICAN.cpp:390 in npelican, A_sum                           |
| array_partition | variable=A_trace complete dim=0              | firmware/nPELICAN.cpp:391 in npelican, A_trace                         |
| unroll          |                                              | firmware/nPELICAN.cpp:393 in npelican                                  |
| unroll          |                                              | firmware/nPELICAN.cpp:400 in npelican                                  |
| unroll          |                                              | firmware/nPELICAN.cpp:402 in npelican                                  |
| unroll          |                                              | firmware/nPELICAN.cpp:404 in npelican                                  |
| unroll          |                                              | firmware/nPELICAN.cpp:412 in npelican                                  |
| unroll          |                                              | firmware/nPELICAN.cpp:414 in npelican                                  |
| array_partition | variable=R complete dim=0                    | firmware/nPELICAN.cpp:425 in npelican, R                               |
| unroll          |                                              | firmware/nPELICAN.cpp:427 in npelican                                  |
| array_partition | variable=Rp complete dim=0                   | firmware/nPELICAN.cpp:435 in npelican, Rp                              |
| unroll          |                                              | firmware/nPELICAN.cpp:440 in npelican                                  |
| unroll          |                                              | firmware/nPELICAN.cpp:446 in npelican                                  |
| unroll          |                                              | firmware/nPELICAN.cpp:448 in npelican                                  |
| unroll          |                                              | firmware/nPELICAN.cpp:450 in npelican                                  |
+-----------------+----------------------------------------------+------------------------------------------------------------------------+


