

================================================================
== Synthesis Summary Report of 'nPELICAN'
================================================================
+ General Information: 
    * Date:           Mon Sep 28 15:09:13 2026
    * Version:        2023.2 (Build 4023990 on Oct 11 2023)
    * Project:        nPELICAN_prj
    * Solution:       solution (Vivado IP Flow Target)
    * Product family: virtexuplus
    * Target device:  xcu250-figd2104-2L-e
    

+ Performance & Resource Estimates: 
    
    PS: '+' for module; 'o' for loop; '*' for dataflow
    +------------+--------+-------+---------+--------+----------+---------+------+----------+------+----------+-------------+-------------+-----+
    |   Modules  |  Issue |       | Latency | Latency| Iteration|         | Trip |          |      |          |             |             |     |
    |   & Loops  |  Type  | Slack | (cycles)|  (ns)  |  Latency | Interval| Count| Pipelined| BRAM |    DSP   |      FF     |     LUT     | URAM|
    +------------+--------+-------+---------+--------+----------+---------+------+----------+------+----------+-------------+-------------+-----+
    |+ nPELICAN  |  Timing|  -0.01|       14|  70.000|         -|        1|     -|       yes|     -|  223 (1%)|  23763 (~0%)|  133855 (7%)|    -|
    +------------+--------+-------+---------+--------+----------+---------+------+----------+------+----------+-------------+-------------+-----+


================================================================
== HW Interfaces
================================================================
* Other Ports
+-------------+---------+-----------+----------+
| Port        | Mode    | Direction | Bitwidth |
+-------------+---------+-----------+----------+
| beam_input  | ap_vld  | in        | 96       |
| model_input | ap_vld  | in        | 576      |
| model_out   | ap_vld  | out       | 6        |
| nobj        | ap_none | in        | 5        |
+-------------+---------+-----------+----------+

* TOP LEVEL CONTROL
+-----------+------------+-----------------------------------+
| Interface | Type       | Ports                             |
+-----------+------------+-----------------------------------+
| ap_clk    | clock      | ap_clk                            |
| ap_rst    | reset      | ap_rst                            |
| ap_ctrl   | ap_ctrl_hs | ap_done ap_idle ap_ready ap_start |
+-----------+------------+-----------------------------------+


================================================================
== SW I/O Information
================================================================
* Top Function Arguments
+-------------+-----------+-------------------------------------------+
| Argument    | Direction | Datatype                                  |
+-------------+-----------+-------------------------------------------+
| model_input | in        | ap_fixed<12, 11, AP_RND_CONV, AP_SAT, 0>* |
| beam_input  | unused    | ap_fixed<12, 11, AP_RND_CONV, AP_SAT, 0>* |
| nobj        | in        | ap_uint<5>                                |
| model_out   | out       | ap_fixed<6, 2, AP_RND_CONV, AP_SAT, 0>*   |
+-------------+-----------+-------------------------------------------+

* SW-to-HW Mapping
+-------------+--------------------+---------+
| Argument    | HW Interface       | HW Type |
+-------------+--------------------+---------+
| model_input | model_input_ap_vld | port    |
| model_input | model_input        | port    |
| beam_input  | beam_input         | port    |
| beam_input  | beam_input_ap_vld  | port    |
| nobj        | nobj               | port    |
| model_out   | model_out          | port    |
| model_out   | model_out_ap_vld   | port    |
+-------------+--------------------+---------+


================================================================
== Bind Op Report
================================================================
+---------------------------------------------+-----+--------+-------------------+-----+-----------+---------+
| Name                                        | DSP | Pragma | Variable          | Op  | Impl      | Latency |
+---------------------------------------------+-----+--------+-------------------+-----+-----------+---------+
| + nPELICAN                                  | 223 |        |                   |     |           |         |
|   nobj_1_fu_763_p2                          |     |        | nobj_1            | add | fabric    | 0       |
|   mul_12s_12s_24_1_1_U11                    | 1   |        | mul_ln176         | mul | auto      | 0       |
|   mul_12s_12s_24_1_1_U12                    | 1   |        | mul_ln176_1       | mul | auto      | 0       |
|   add_ln176_fu_9988_p2                      |     |        | add_ln176         | add | fabric    | 0       |
|   sub_ln177_fu_9994_p2                      |     |        | sub_ln177         | sub | fabric    | 0       |
|   mul_12s_12s_24_1_1_U13                    | 1   |        | mul_ln176_2       | mul | auto      | 0       |
|   mul_12s_12s_24_1_1_U14                    | 1   |        | mul_ln176_3       | mul | auto      | 0       |
|   add_ln176_1_fu_10004_p2                   |     |        | add_ln176_1       | add | fabric    | 0       |
|   sub_ln177_1_fu_10010_p2                   |     |        | sub_ln177_1       | sub | fabric    | 0       |
|   mul_12s_12s_24_1_1_U15                    | 1   |        | mul_ln176_4       | mul | auto      | 0       |
|   mul_12s_12s_24_1_1_U16                    | 1   |        | mul_ln176_5       | mul | auto      | 0       |
|   add_ln176_2_fu_10020_p2                   |     |        | add_ln176_2       | add | fabric    | 0       |
|   sub_ln177_2_fu_10026_p2                   |     |        | sub_ln177_2       | sub | fabric    | 0       |
|   mul_12s_12s_24_1_1_U17                    | 1   |        | mul_ln176_6       | mul | auto      | 0       |
|   mul_12s_12s_24_1_1_U18                    | 1   |        | mul_ln176_7       | mul | auto      | 0       |
|   add_ln176_3_fu_10036_p2                   |     |        | add_ln176_3       | add | fabric    | 0       |
|   sub_ln177_3_fu_10042_p2                   |     |        | sub_ln177_3       | sub | fabric    | 0       |
|   mul_12s_12s_24_1_1_U19                    | 1   |        | mul_ln176_8       | mul | auto      | 0       |
|   mul_12s_12s_24_1_1_U20                    | 1   |        | mul_ln176_9       | mul | auto      | 0       |
|   add_ln176_4_fu_10052_p2                   |     |        | add_ln176_4       | add | fabric    | 0       |
|   sub_ln177_4_fu_10058_p2                   |     |        | sub_ln177_4       | sub | fabric    | 0       |
|   mul_12s_12s_24_1_1_U21                    | 1   |        | mul_ln176_10      | mul | auto      | 0       |
|   mul_12s_12s_24_1_1_U22                    | 1   |        | mul_ln176_11      | mul | auto      | 0       |
|   add_ln176_5_fu_10068_p2                   |     |        | add_ln176_5       | add | fabric    | 0       |
|   sub_ln177_5_fu_10074_p2                   |     |        | sub_ln177_5       | sub | fabric    | 0       |
|   mul_12s_12s_24_1_1_U23                    | 1   |        | mul_ln176_12      | mul | auto      | 0       |
|   mul_12s_12s_24_1_1_U24                    | 1   |        | mul_ln176_13      | mul | auto      | 0       |
|   add_ln176_6_fu_10084_p2                   |     |        | add_ln176_6       | add | fabric    | 0       |
|   sub_ln177_6_fu_10090_p2                   |     |        | sub_ln177_6       | sub | fabric    | 0       |
|   mul_12s_12s_24_1_1_U25                    | 1   |        | mul_ln176_14      | mul | auto      | 0       |
|   mul_12s_12s_24_1_1_U26                    | 1   |        | mul_ln176_15      | mul | auto      | 0       |
|   add_ln176_7_fu_10100_p2                   |     |        | add_ln176_7       | add | fabric    | 0       |
|   sub_ln177_7_fu_10106_p2                   |     |        | sub_ln177_7       | sub | fabric    | 0       |
|   mul_12s_12s_24_1_1_U27                    | 1   |        | mul_ln176_16      | mul | auto      | 0       |
|   mul_12s_12s_24_1_1_U28                    | 1   |        | mul_ln176_17      | mul | auto      | 0       |
|   add_ln176_8_fu_10116_p2                   |     |        | add_ln176_8       | add | fabric    | 0       |
|   sub_ln177_8_fu_10122_p2                   |     |        | sub_ln177_8       | sub | fabric    | 0       |
|   mul_12s_12s_24_1_1_U29                    | 1   |        | mul_ln176_18      | mul | auto      | 0       |
|   mul_12s_12s_24_1_1_U30                    | 1   |        | mul_ln176_19      | mul | auto      | 0       |
|   add_ln176_9_fu_10132_p2                   |     |        | add_ln176_9       | add | fabric    | 0       |
|   sub_ln177_9_fu_10138_p2                   |     |        | sub_ln177_9       | sub | fabric    | 0       |
|   mul_12s_12s_24_1_1_U31                    | 1   |        | mul_ln176_20      | mul | auto      | 0       |
|   mul_12s_12s_24_1_1_U32                    | 1   |        | mul_ln176_21      | mul | auto      | 0       |
|   add_ln176_10_fu_10148_p2                  |     |        | add_ln176_10      | add | fabric    | 0       |
|   sub_ln177_10_fu_10154_p2                  |     |        | sub_ln177_10      | sub | fabric    | 0       |
|   mul_12s_12s_24_1_1_U33                    | 1   |        | mul_ln176_22      | mul | auto      | 0       |
|   mul_12s_12s_24_1_1_U34                    | 1   |        | mul_ln176_23      | mul | auto      | 0       |
|   add_ln176_11_fu_10164_p2                  |     |        | add_ln176_11      | add | fabric    | 0       |
|   sub_ln177_11_fu_10170_p2                  |     |        | sub_ln177_11      | sub | fabric    | 0       |
|   sub_ln46_fu_2878_p2                       |     |        | sub_ln46          | sub | fabric    | 0       |
|   add_ln46_fu_2952_p2                       |     |        | add_ln46          | add | fabric    | 0       |
|   sub_ln46_1_fu_3150_p2                     |     |        | sub_ln46_1        | sub | fabric    | 0       |
|   add_ln46_1_fu_3224_p2                     |     |        | add_ln46_1        | add | fabric    | 0       |
|   sub_ln46_2_fu_3422_p2                     |     |        | sub_ln46_2        | sub | fabric    | 0       |
|   add_ln46_2_fu_3496_p2                     |     |        | add_ln46_2        | add | fabric    | 0       |
|   sub_ln46_3_fu_3694_p2                     |     |        | sub_ln46_3        | sub | fabric    | 0       |
|   add_ln46_3_fu_3768_p2                     |     |        | add_ln46_3        | add | fabric    | 0       |
|   sub_ln46_4_fu_3966_p2                     |     |        | sub_ln46_4        | sub | fabric    | 0       |
|   add_ln46_4_fu_4040_p2                     |     |        | add_ln46_4        | add | fabric    | 0       |
|   sub_ln46_5_fu_4238_p2                     |     |        | sub_ln46_5        | sub | fabric    | 0       |
|   add_ln46_5_fu_4312_p2                     |     |        | add_ln46_5        | add | fabric    | 0       |
|   sub_ln46_6_fu_4510_p2                     |     |        | sub_ln46_6        | sub | fabric    | 0       |
|   add_ln46_6_fu_4584_p2                     |     |        | add_ln46_6        | add | fabric    | 0       |
|   sub_ln46_7_fu_4782_p2                     |     |        | sub_ln46_7        | sub | fabric    | 0       |
|   add_ln46_7_fu_4856_p2                     |     |        | add_ln46_7        | add | fabric    | 0       |
|   sub_ln46_8_fu_5054_p2                     |     |        | sub_ln46_8        | sub | fabric    | 0       |
|   add_ln46_8_fu_5128_p2                     |     |        | add_ln46_8        | add | fabric    | 0       |
|   sub_ln46_9_fu_5326_p2                     |     |        | sub_ln46_9        | sub | fabric    | 0       |
|   add_ln46_9_fu_5400_p2                     |     |        | add_ln46_9        | add | fabric    | 0       |
|   sub_ln46_10_fu_5598_p2                    |     |        | sub_ln46_10       | sub | fabric    | 0       |
|   add_ln46_10_fu_5672_p2                    |     |        | add_ln46_10       | add | fabric    | 0       |
|   sub_ln46_11_fu_5870_p2                    |     |        | sub_ln46_11       | sub | fabric    | 0       |
|   add_ln46_11_fu_5944_p2                    |     |        | add_ln46_11       | add | fabric    | 0       |
|   add_ln46_24_fu_6120_p2                    |     |        | add_ln46_24       | add | fabric    | 0       |
|   add_ln46_12_fu_6194_p2                    |     |        | add_ln46_12       | add | fabric    | 0       |
|   add_ln46_25_fu_6370_p2                    |     |        | add_ln46_25       | add | fabric    | 0       |
|   add_ln46_13_fu_6444_p2                    |     |        | add_ln46_13       | add | fabric    | 0       |
|   add_ln46_26_fu_6620_p2                    |     |        | add_ln46_26       | add | fabric    | 0       |
|   add_ln46_14_fu_6694_p2                    |     |        | add_ln46_14       | add | fabric    | 0       |
|   add_ln46_27_fu_6870_p2                    |     |        | add_ln46_27       | add | fabric    | 0       |
|   add_ln46_15_fu_6944_p2                    |     |        | add_ln46_15       | add | fabric    | 0       |
|   add_ln46_28_fu_7120_p2                    |     |        | add_ln46_28       | add | fabric    | 0       |
|   add_ln46_16_fu_7194_p2                    |     |        | add_ln46_16       | add | fabric    | 0       |
|   add_ln46_29_fu_7370_p2                    |     |        | add_ln46_29       | add | fabric    | 0       |
|   add_ln46_17_fu_7444_p2                    |     |        | add_ln46_17       | add | fabric    | 0       |
|   add_ln46_30_fu_7620_p2                    |     |        | add_ln46_30       | add | fabric    | 0       |
|   add_ln46_18_fu_7694_p2                    |     |        | add_ln46_18       | add | fabric    | 0       |
|   add_ln46_31_fu_7870_p2                    |     |        | add_ln46_31       | add | fabric    | 0       |
|   add_ln46_19_fu_7944_p2                    |     |        | add_ln46_19       | add | fabric    | 0       |
|   add_ln46_32_fu_8120_p2                    |     |        | add_ln46_32       | add | fabric    | 0       |
|   add_ln46_20_fu_8194_p2                    |     |        | add_ln46_20       | add | fabric    | 0       |
|   add_ln46_33_fu_8370_p2                    |     |        | add_ln46_33       | add | fabric    | 0       |
|   add_ln46_21_fu_8444_p2                    |     |        | add_ln46_21       | add | fabric    | 0       |
|   add_ln46_34_fu_8620_p2                    |     |        | add_ln46_34       | add | fabric    | 0       |
|   add_ln46_22_fu_8694_p2                    |     |        | add_ln46_22       | add | fabric    | 0       |
|   add_ln46_35_fu_8870_p2                    |     |        | add_ln46_35       | add | fabric    | 0       |
|   add_ln46_23_fu_8944_p2                    |     |        | add_ln46_23       | add | fabric    | 0       |
|   sub_ln58_fu_9126_p2                       |     |        | sub_ln58          | sub | fabric    | 0       |
|   ama_addmuladd_12s_12s_13s_26s_26_1_1_U248 | 1   |        | add_ln58          | add | dsp_slice | 0       |
|   ama_addmuladd_12s_12s_13s_26s_26_1_1_U248 | 1   |        | mul_ln58          | mul | dsp_slice | 0       |
|   am_submul_12s_12s_13s_26_1_1_U170         | 1   |        | sub_ln58_1        | sub | dsp_slice | 0       |
|   sub_ln58_2_fu_1710_p2                     |     |        | sub_ln58_2        | sub | fabric    | 0       |
|   am_submul_12s_12s_13s_26_1_1_U170         | 1   |        | mul_ln58_1        | mul | dsp_slice | 0       |
|   ama_addmuladd_12s_12s_13s_26s_26_1_1_U248 | 1   |        | add_ln58_1        | add | dsp_slice | 0       |
|   add_ln58_2_fu_10265_p2                    |     |        | add_ln58_2        | add | fabric    | 0       |
|   sub_ln58_5_fu_9139_p2                     |     |        | sub_ln58_5        | sub | fabric    | 0       |
|   ama_addmuladd_12s_12s_13s_26s_26_1_1_U249 | 1   |        | add_ln58_3        | add | dsp_slice | 0       |
|   ama_addmuladd_12s_12s_13s_26s_26_1_1_U249 | 1   |        | mul_ln58_2        | mul | dsp_slice | 0       |
|   am_submul_12s_12s_13s_26_1_1_U171         | 1   |        | sub_ln58_6        | sub | dsp_slice | 0       |
|   sub_ln58_7_fu_1726_p2                     |     |        | sub_ln58_7        | sub | fabric    | 0       |
|   am_submul_12s_12s_13s_26_1_1_U171         | 1   |        | mul_ln58_3        | mul | dsp_slice | 0       |
|   ama_addmuladd_12s_12s_13s_26s_26_1_1_U249 | 1   |        | add_ln58_4        | add | dsp_slice | 0       |
|   add_ln58_5_fu_10528_p2                    |     |        | add_ln58_5        | add | fabric    | 0       |
|   sub_ln58_10_fu_9155_p2                    |     |        | sub_ln58_10       | sub | fabric    | 0       |
|   ama_addmuladd_12s_12s_13s_26s_26_1_1_U250 | 1   |        | add_ln58_6        | add | dsp_slice | 0       |
|   ama_addmuladd_12s_12s_13s_26s_26_1_1_U250 | 1   |        | mul_ln58_4        | mul | dsp_slice | 0       |
|   am_submul_12s_12s_13s_26_1_1_U172         | 1   |        | sub_ln58_11       | sub | dsp_slice | 0       |
|   sub_ln58_12_fu_1744_p2                    |     |        | sub_ln58_12       | sub | fabric    | 0       |
|   am_submul_12s_12s_13s_26_1_1_U172         | 1   |        | mul_ln58_5        | mul | dsp_slice | 0       |
|   ama_addmuladd_12s_12s_13s_26s_26_1_1_U250 | 1   |        | add_ln58_7        | add | dsp_slice | 0       |
|   add_ln58_8_fu_10791_p2                    |     |        | add_ln58_8        | add | fabric    | 0       |
|   sub_ln58_15_fu_9171_p2                    |     |        | sub_ln58_15       | sub | fabric    | 0       |
|   ama_addmuladd_12s_12s_13s_26s_26_1_1_U251 | 1   |        | add_ln58_9        | add | dsp_slice | 0       |
|   ama_addmuladd_12s_12s_13s_26s_26_1_1_U251 | 1   |        | mul_ln58_6        | mul | dsp_slice | 0       |
|   am_submul_12s_12s_13s_26_1_1_U173         | 1   |        | sub_ln58_16       | sub | dsp_slice | 0       |
|   sub_ln58_17_fu_1760_p2                    |     |        | sub_ln58_17       | sub | fabric    | 0       |
|   am_submul_12s_12s_13s_26_1_1_U173         | 1   |        | mul_ln58_7        | mul | dsp_slice | 0       |
|   ama_addmuladd_12s_12s_13s_26s_26_1_1_U251 | 1   |        | add_ln58_10       | add | dsp_slice | 0       |
|   add_ln58_11_fu_11054_p2                   |     |        | add_ln58_11       | add | fabric    | 0       |
|   sub_ln58_20_fu_9187_p2                    |     |        | sub_ln58_20       | sub | fabric    | 0       |
|   ama_addmuladd_12s_12s_13s_26s_26_1_1_U252 | 1   |        | add_ln58_12       | add | dsp_slice | 0       |
|   ama_addmuladd_12s_12s_13s_26s_26_1_1_U252 | 1   |        | mul_ln58_8        | mul | dsp_slice | 0       |
|   am_submul_12s_12s_13s_26_1_1_U174         | 1   |        | sub_ln58_21       | sub | dsp_slice | 0       |
|   sub_ln58_22_fu_1778_p2                    |     |        | sub_ln58_22       | sub | fabric    | 0       |
|   am_submul_12s_12s_13s_26_1_1_U174         | 1   |        | mul_ln58_9        | mul | dsp_slice | 0       |
|   ama_addmuladd_12s_12s_13s_26s_26_1_1_U252 | 1   |        | add_ln58_13       | add | dsp_slice | 0       |
|   add_ln58_14_fu_11317_p2                   |     |        | add_ln58_14       | add | fabric    | 0       |
|   sub_ln58_25_fu_9203_p2                    |     |        | sub_ln58_25       | sub | fabric    | 0       |
|   ama_addmuladd_12s_12s_13s_26s_26_1_1_U253 | 1   |        | add_ln58_15       | add | dsp_slice | 0       |
|   ama_addmuladd_12s_12s_13s_26s_26_1_1_U253 | 1   |        | mul_ln58_10       | mul | dsp_slice | 0       |
|   am_submul_12s_12s_13s_26_1_1_U175         | 1   |        | sub_ln58_26       | sub | dsp_slice | 0       |
|   sub_ln58_27_fu_1794_p2                    |     |        | sub_ln58_27       | sub | fabric    | 0       |
|   am_submul_12s_12s_13s_26_1_1_U175         | 1   |        | mul_ln58_11       | mul | dsp_slice | 0       |
|   ama_addmuladd_12s_12s_13s_26s_26_1_1_U253 | 1   |        | add_ln58_16       | add | dsp_slice | 0       |
|   add_ln58_17_fu_11580_p2                   |     |        | add_ln58_17       | add | fabric    | 0       |
|   sub_ln58_30_fu_9219_p2                    |     |        | sub_ln58_30       | sub | fabric    | 0       |
|   ama_addmuladd_12s_12s_13s_26s_26_1_1_U254 | 1   |        | add_ln58_18       | add | dsp_slice | 0       |
|   ama_addmuladd_12s_12s_13s_26s_26_1_1_U254 | 1   |        | mul_ln58_12       | mul | dsp_slice | 0       |
|   am_submul_12s_12s_13s_26_1_1_U176         | 1   |        | sub_ln58_31       | sub | dsp_slice | 0       |
|   sub_ln58_32_fu_1812_p2                    |     |        | sub_ln58_32       | sub | fabric    | 0       |
|   am_submul_12s_12s_13s_26_1_1_U176         | 1   |        | mul_ln58_13       | mul | dsp_slice | 0       |
|   ama_addmuladd_12s_12s_13s_26s_26_1_1_U254 | 1   |        | add_ln58_19       | add | dsp_slice | 0       |
|   add_ln58_20_fu_11843_p2                   |     |        | add_ln58_20       | add | fabric    | 0       |
|   sub_ln58_35_fu_9235_p2                    |     |        | sub_ln58_35       | sub | fabric    | 0       |
|   ama_addmuladd_12s_12s_13s_26s_26_1_1_U255 | 1   |        | add_ln58_21       | add | dsp_slice | 0       |
|   ama_addmuladd_12s_12s_13s_26s_26_1_1_U255 | 1   |        | mul_ln58_14       | mul | dsp_slice | 0       |
|   am_submul_12s_12s_13s_26_1_1_U177         | 1   |        | sub_ln58_36       | sub | dsp_slice | 0       |
|   sub_ln58_37_fu_1828_p2                    |     |        | sub_ln58_37       | sub | fabric    | 0       |
|   am_submul_12s_12s_13s_26_1_1_U177         | 1   |        | mul_ln58_15       | mul | dsp_slice | 0       |
|   ama_addmuladd_12s_12s_13s_26s_26_1_1_U255 | 1   |        | add_ln58_22       | add | dsp_slice | 0       |
|   add_ln58_23_fu_12106_p2                   |     |        | add_ln58_23       | add | fabric    | 0       |
|   sub_ln58_40_fu_9251_p2                    |     |        | sub_ln58_40       | sub | fabric    | 0       |
|   ama_addmuladd_12s_12s_13s_26s_26_1_1_U256 | 1   |        | add_ln58_24       | add | dsp_slice | 0       |
|   ama_addmuladd_12s_12s_13s_26s_26_1_1_U256 | 1   |        | mul_ln58_16       | mul | dsp_slice | 0       |
|   am_submul_12s_12s_13s_26_1_1_U178         | 1   |        | sub_ln58_41       | sub | dsp_slice | 0       |
|   sub_ln58_42_fu_1846_p2                    |     |        | sub_ln58_42       | sub | fabric    | 0       |
|   am_submul_12s_12s_13s_26_1_1_U178         | 1   |        | mul_ln58_17       | mul | dsp_slice | 0       |
|   ama_addmuladd_12s_12s_13s_26s_26_1_1_U256 | 1   |        | add_ln58_25       | add | dsp_slice | 0       |
|   add_ln58_26_fu_12369_p2                   |     |        | add_ln58_26       | add | fabric    | 0       |
|   sub_ln58_45_fu_9267_p2                    |     |        | sub_ln58_45       | sub | fabric    | 0       |
|   ama_addmuladd_12s_12s_13s_26s_26_1_1_U257 | 1   |        | add_ln58_27       | add | dsp_slice | 0       |
|   ama_addmuladd_12s_12s_13s_26s_26_1_1_U257 | 1   |        | mul_ln58_18       | mul | dsp_slice | 0       |
|   am_submul_12s_12s_13s_26_1_1_U179         | 1   |        | sub_ln58_46       | sub | dsp_slice | 0       |
|   sub_ln58_47_fu_1862_p2                    |     |        | sub_ln58_47       | sub | fabric    | 0       |
|   am_submul_12s_12s_13s_26_1_1_U179         | 1   |        | mul_ln58_19       | mul | dsp_slice | 0       |
|   ama_addmuladd_12s_12s_13s_26s_26_1_1_U257 | 1   |        | add_ln58_28       | add | dsp_slice | 0       |
|   add_ln58_29_fu_12632_p2                   |     |        | add_ln58_29       | add | fabric    | 0       |
|   sub_ln58_50_fu_9283_p2                    |     |        | sub_ln58_50       | sub | fabric    | 0       |
|   ama_addmuladd_12s_12s_13s_26s_26_1_1_U258 | 1   |        | add_ln58_30       | add | dsp_slice | 0       |
|   ama_addmuladd_12s_12s_13s_26s_26_1_1_U258 | 1   |        | mul_ln58_20       | mul | dsp_slice | 0       |
|   am_submul_12s_12s_13s_26_1_1_U180         | 1   |        | sub_ln58_51       | sub | dsp_slice | 0       |
|   sub_ln58_52_fu_1880_p2                    |     |        | sub_ln58_52       | sub | fabric    | 0       |
|   am_submul_12s_12s_13s_26_1_1_U180         | 1   |        | mul_ln58_21       | mul | dsp_slice | 0       |
|   ama_addmuladd_12s_12s_13s_26s_26_1_1_U258 | 1   |        | add_ln58_31       | add | dsp_slice | 0       |
|   add_ln58_32_fu_12895_p2                   |     |        | add_ln58_32       | add | fabric    | 0       |
|   sub_ln58_55_fu_9299_p2                    |     |        | sub_ln58_55       | sub | fabric    | 0       |
|   ama_addmuladd_12s_12s_13s_26s_26_1_1_U259 | 1   |        | add_ln58_33       | add | dsp_slice | 0       |
|   ama_addmuladd_12s_12s_13s_26s_26_1_1_U259 | 1   |        | mul_ln58_22       | mul | dsp_slice | 0       |
|   am_submul_12s_12s_13s_26_1_1_U181         | 1   |        | sub_ln58_56       | sub | dsp_slice | 0       |
|   sub_ln58_57_fu_1898_p2                    |     |        | sub_ln58_57       | sub | fabric    | 0       |
|   am_submul_12s_12s_13s_26_1_1_U181         | 1   |        | mul_ln58_23       | mul | dsp_slice | 0       |
|   ama_addmuladd_12s_12s_13s_26s_26_1_1_U259 | 1   |        | add_ln58_34       | add | dsp_slice | 0       |
|   add_ln58_35_fu_13158_p2                   |     |        | add_ln58_35       | add | fabric    | 0       |
|   sub_ln58_60_fu_9312_p2                    |     |        | sub_ln58_60       | sub | fabric    | 0       |
|   ama_addmuladd_12s_12s_13s_26s_26_1_1_U260 | 1   |        | add_ln58_36       | add | dsp_slice | 0       |
|   ama_addmuladd_12s_12s_13s_26s_26_1_1_U260 | 1   |        | mul_ln58_24       | mul | dsp_slice | 0       |
|   am_submul_12s_12s_13s_26_1_1_U182         | 1   |        | sub_ln58_61       | sub | dsp_slice | 0       |
|   sub_ln58_62_fu_1908_p2                    |     |        | sub_ln58_62       | sub | fabric    | 0       |
|   am_submul_12s_12s_13s_26_1_1_U182         | 1   |        | mul_ln58_25       | mul | dsp_slice | 0       |
|   ama_addmuladd_12s_12s_13s_26s_26_1_1_U260 | 1   |        | add_ln58_37       | add | dsp_slice | 0       |
|   add_ln58_38_fu_13421_p2                   |     |        | add_ln58_38       | add | fabric    | 0       |
|   sub_ln58_65_fu_9322_p2                    |     |        | sub_ln58_65       | sub | fabric    | 0       |
|   ama_addmuladd_12s_12s_13s_26s_26_1_1_U261 | 1   |        | add_ln58_39       | add | dsp_slice | 0       |
|   ama_addmuladd_12s_12s_13s_26s_26_1_1_U261 | 1   |        | mul_ln58_26       | mul | dsp_slice | 0       |
|   am_submul_12s_12s_13s_26_1_1_U183         | 1   |        | sub_ln58_66       | sub | dsp_slice | 0       |
|   sub_ln58_67_fu_1918_p2                    |     |        | sub_ln58_67       | sub | fabric    | 0       |
|   am_submul_12s_12s_13s_26_1_1_U183         | 1   |        | mul_ln58_27       | mul | dsp_slice | 0       |
|   ama_addmuladd_12s_12s_13s_26s_26_1_1_U261 | 1   |        | add_ln58_40       | add | dsp_slice | 0       |
|   add_ln58_41_fu_13680_p2                   |     |        | add_ln58_41       | add | fabric    | 0       |
|   sub_ln58_70_fu_9332_p2                    |     |        | sub_ln58_70       | sub | fabric    | 0       |
|   ama_addmuladd_12s_12s_13s_26s_26_1_1_U262 | 1   |        | add_ln58_42       | add | dsp_slice | 0       |
|   ama_addmuladd_12s_12s_13s_26s_26_1_1_U262 | 1   |        | mul_ln58_28       | mul | dsp_slice | 0       |
|   am_submul_12s_12s_13s_26_1_1_U184         | 1   |        | sub_ln58_71       | sub | dsp_slice | 0       |
|   sub_ln58_72_fu_1928_p2                    |     |        | sub_ln58_72       | sub | fabric    | 0       |
|   am_submul_12s_12s_13s_26_1_1_U184         | 1   |        | mul_ln58_29       | mul | dsp_slice | 0       |
|   ama_addmuladd_12s_12s_13s_26s_26_1_1_U262 | 1   |        | add_ln58_43       | add | dsp_slice | 0       |
|   add_ln58_44_fu_13939_p2                   |     |        | add_ln58_44       | add | fabric    | 0       |
|   sub_ln58_75_fu_9342_p2                    |     |        | sub_ln58_75       | sub | fabric    | 0       |
|   ama_addmuladd_12s_12s_13s_26s_26_1_1_U263 | 1   |        | add_ln58_45       | add | dsp_slice | 0       |
|   ama_addmuladd_12s_12s_13s_26s_26_1_1_U263 | 1   |        | mul_ln58_30       | mul | dsp_slice | 0       |
|   am_submul_12s_12s_13s_26_1_1_U185         | 1   |        | sub_ln58_76       | sub | dsp_slice | 0       |
|   sub_ln58_77_fu_1938_p2                    |     |        | sub_ln58_77       | sub | fabric    | 0       |
|   am_submul_12s_12s_13s_26_1_1_U185         | 1   |        | mul_ln58_31       | mul | dsp_slice | 0       |
|   ama_addmuladd_12s_12s_13s_26s_26_1_1_U263 | 1   |        | add_ln58_46       | add | dsp_slice | 0       |
|   add_ln58_47_fu_14198_p2                   |     |        | add_ln58_47       | add | fabric    | 0       |
|   sub_ln58_80_fu_9352_p2                    |     |        | sub_ln58_80       | sub | fabric    | 0       |
|   ama_addmuladd_12s_12s_13s_26s_26_1_1_U264 | 1   |        | add_ln58_48       | add | dsp_slice | 0       |
|   ama_addmuladd_12s_12s_13s_26s_26_1_1_U264 | 1   |        | mul_ln58_32       | mul | dsp_slice | 0       |
|   am_submul_12s_12s_13s_26_1_1_U186         | 1   |        | sub_ln58_81       | sub | dsp_slice | 0       |
|   sub_ln58_82_fu_1948_p2                    |     |        | sub_ln58_82       | sub | fabric    | 0       |
|   am_submul_12s_12s_13s_26_1_1_U186         | 1   |        | mul_ln58_33       | mul | dsp_slice | 0       |
|   ama_addmuladd_12s_12s_13s_26s_26_1_1_U264 | 1   |        | add_ln58_49       | add | dsp_slice | 0       |
|   add_ln58_50_fu_14457_p2                   |     |        | add_ln58_50       | add | fabric    | 0       |
|   sub_ln58_85_fu_9362_p2                    |     |        | sub_ln58_85       | sub | fabric    | 0       |
|   ama_addmuladd_12s_12s_13s_26s_26_1_1_U265 | 1   |        | add_ln58_51       | add | dsp_slice | 0       |
|   ama_addmuladd_12s_12s_13s_26s_26_1_1_U265 | 1   |        | mul_ln58_34       | mul | dsp_slice | 0       |
|   am_submul_12s_12s_13s_26_1_1_U187         | 1   |        | sub_ln58_86       | sub | dsp_slice | 0       |
|   sub_ln58_87_fu_1958_p2                    |     |        | sub_ln58_87       | sub | fabric    | 0       |
|   am_submul_12s_12s_13s_26_1_1_U187         | 1   |        | mul_ln58_35       | mul | dsp_slice | 0       |
|   ama_addmuladd_12s_12s_13s_26s_26_1_1_U265 | 1   |        | add_ln58_52       | add | dsp_slice | 0       |
|   add_ln58_53_fu_14716_p2                   |     |        | add_ln58_53       | add | fabric    | 0       |
|   sub_ln58_90_fu_9372_p2                    |     |        | sub_ln58_90       | sub | fabric    | 0       |
|   ama_addmuladd_12s_12s_13s_26s_26_1_1_U266 | 1   |        | add_ln58_54       | add | dsp_slice | 0       |
|   ama_addmuladd_12s_12s_13s_26s_26_1_1_U266 | 1   |        | mul_ln58_36       | mul | dsp_slice | 0       |
|   am_submul_12s_12s_13s_26_1_1_U188         | 1   |        | sub_ln58_91       | sub | dsp_slice | 0       |
|   sub_ln58_92_fu_1968_p2                    |     |        | sub_ln58_92       | sub | fabric    | 0       |
|   am_submul_12s_12s_13s_26_1_1_U188         | 1   |        | mul_ln58_37       | mul | dsp_slice | 0       |
|   ama_addmuladd_12s_12s_13s_26s_26_1_1_U266 | 1   |        | add_ln58_55       | add | dsp_slice | 0       |
|   add_ln58_56_fu_14975_p2                   |     |        | add_ln58_56       | add | fabric    | 0       |
|   sub_ln58_95_fu_9382_p2                    |     |        | sub_ln58_95       | sub | fabric    | 0       |
|   ama_addmuladd_12s_12s_13s_26s_26_1_1_U267 | 1   |        | add_ln58_57       | add | dsp_slice | 0       |
|   ama_addmuladd_12s_12s_13s_26s_26_1_1_U267 | 1   |        | mul_ln58_38       | mul | dsp_slice | 0       |
|   am_submul_12s_12s_13s_26_1_1_U189         | 1   |        | sub_ln58_96       | sub | dsp_slice | 0       |
|   sub_ln58_97_fu_1978_p2                    |     |        | sub_ln58_97       | sub | fabric    | 0       |
|   am_submul_12s_12s_13s_26_1_1_U189         | 1   |        | mul_ln58_39       | mul | dsp_slice | 0       |
|   ama_addmuladd_12s_12s_13s_26s_26_1_1_U267 | 1   |        | add_ln58_58       | add | dsp_slice | 0       |
|   add_ln58_59_fu_15234_p2                   |     |        | add_ln58_59       | add | fabric    | 0       |
|   sub_ln58_100_fu_9392_p2                   |     |        | sub_ln58_100      | sub | fabric    | 0       |
|   ama_addmuladd_12s_12s_13s_26s_26_1_1_U268 | 1   |        | add_ln58_60       | add | dsp_slice | 0       |
|   ama_addmuladd_12s_12s_13s_26s_26_1_1_U268 | 1   |        | mul_ln58_40       | mul | dsp_slice | 0       |
|   am_submul_12s_12s_13s_26_1_1_U190         | 1   |        | sub_ln58_101      | sub | dsp_slice | 0       |
|   sub_ln58_102_fu_1988_p2                   |     |        | sub_ln58_102      | sub | fabric    | 0       |
|   am_submul_12s_12s_13s_26_1_1_U190         | 1   |        | mul_ln58_41       | mul | dsp_slice | 0       |
|   ama_addmuladd_12s_12s_13s_26s_26_1_1_U268 | 1   |        | add_ln58_61       | add | dsp_slice | 0       |
|   add_ln58_62_fu_15493_p2                   |     |        | add_ln58_62       | add | fabric    | 0       |
|   sub_ln58_105_fu_9402_p2                   |     |        | sub_ln58_105      | sub | fabric    | 0       |
|   ama_addmuladd_12s_12s_13s_26s_26_1_1_U269 | 1   |        | add_ln58_63       | add | dsp_slice | 0       |
|   ama_addmuladd_12s_12s_13s_26s_26_1_1_U269 | 1   |        | mul_ln58_42       | mul | dsp_slice | 0       |
|   am_submul_12s_12s_13s_26_1_1_U191         | 1   |        | sub_ln58_106      | sub | dsp_slice | 0       |
|   sub_ln58_107_fu_1998_p2                   |     |        | sub_ln58_107      | sub | fabric    | 0       |
|   am_submul_12s_12s_13s_26_1_1_U191         | 1   |        | mul_ln58_43       | mul | dsp_slice | 0       |
|   ama_addmuladd_12s_12s_13s_26s_26_1_1_U269 | 1   |        | add_ln58_64       | add | dsp_slice | 0       |
|   add_ln58_65_fu_15752_p2                   |     |        | add_ln58_65       | add | fabric    | 0       |
|   sub_ln58_110_fu_9412_p2                   |     |        | sub_ln58_110      | sub | fabric    | 0       |
|   ama_addmuladd_12s_12s_13s_26s_26_1_1_U270 | 1   |        | add_ln58_66       | add | dsp_slice | 0       |
|   ama_addmuladd_12s_12s_13s_26s_26_1_1_U270 | 1   |        | mul_ln58_44       | mul | dsp_slice | 0       |
|   am_submul_12s_12s_13s_26_1_1_U192         | 1   |        | sub_ln58_111      | sub | dsp_slice | 0       |
|   sub_ln58_112_fu_2008_p2                   |     |        | sub_ln58_112      | sub | fabric    | 0       |
|   am_submul_12s_12s_13s_26_1_1_U192         | 1   |        | mul_ln58_45       | mul | dsp_slice | 0       |
|   ama_addmuladd_12s_12s_13s_26s_26_1_1_U270 | 1   |        | add_ln58_67       | add | dsp_slice | 0       |
|   add_ln58_68_fu_16011_p2                   |     |        | add_ln58_68       | add | fabric    | 0       |
|   sub_ln58_115_fu_9422_p2                   |     |        | sub_ln58_115      | sub | fabric    | 0       |
|   ama_addmuladd_12s_12s_13s_26s_26_1_1_U271 | 1   |        | add_ln58_69       | add | dsp_slice | 0       |
|   ama_addmuladd_12s_12s_13s_26s_26_1_1_U271 | 1   |        | mul_ln58_46       | mul | dsp_slice | 0       |
|   am_submul_12s_12s_13s_26_1_1_U193         | 1   |        | sub_ln58_116      | sub | dsp_slice | 0       |
|   sub_ln58_117_fu_2018_p2                   |     |        | sub_ln58_117      | sub | fabric    | 0       |
|   am_submul_12s_12s_13s_26_1_1_U193         | 1   |        | mul_ln58_47       | mul | dsp_slice | 0       |
|   ama_addmuladd_12s_12s_13s_26s_26_1_1_U271 | 1   |        | add_ln58_70       | add | dsp_slice | 0       |
|   add_ln58_71_fu_16274_p2                   |     |        | add_ln58_71       | add | fabric    | 0       |
|   sub_ln58_120_fu_9432_p2                   |     |        | sub_ln58_120      | sub | fabric    | 0       |
|   ama_addmuladd_12s_12s_13s_26s_26_1_1_U272 | 1   |        | add_ln58_72       | add | dsp_slice | 0       |
|   ama_addmuladd_12s_12s_13s_26s_26_1_1_U272 | 1   |        | mul_ln58_48       | mul | dsp_slice | 0       |
|   am_submul_12s_12s_13s_26_1_1_U194         | 1   |        | sub_ln58_121      | sub | dsp_slice | 0       |
|   sub_ln58_122_fu_2028_p2                   |     |        | sub_ln58_122      | sub | fabric    | 0       |
|   am_submul_12s_12s_13s_26_1_1_U194         | 1   |        | mul_ln58_49       | mul | dsp_slice | 0       |
|   ama_addmuladd_12s_12s_13s_26s_26_1_1_U272 | 1   |        | add_ln58_73       | add | dsp_slice | 0       |
|   add_ln58_74_fu_16533_p2                   |     |        | add_ln58_74       | add | fabric    | 0       |
|   sub_ln58_125_fu_9442_p2                   |     |        | sub_ln58_125      | sub | fabric    | 0       |
|   ama_addmuladd_12s_12s_13s_26s_26_1_1_U273 | 1   |        | add_ln58_75       | add | dsp_slice | 0       |
|   ama_addmuladd_12s_12s_13s_26s_26_1_1_U273 | 1   |        | mul_ln58_50       | mul | dsp_slice | 0       |
|   am_submul_12s_12s_13s_26_1_1_U195         | 1   |        | sub_ln58_126      | sub | dsp_slice | 0       |
|   sub_ln58_127_fu_2038_p2                   |     |        | sub_ln58_127      | sub | fabric    | 0       |
|   am_submul_12s_12s_13s_26_1_1_U195         | 1   |        | mul_ln58_51       | mul | dsp_slice | 0       |
|   ama_addmuladd_12s_12s_13s_26s_26_1_1_U273 | 1   |        | add_ln58_76       | add | dsp_slice | 0       |
|   add_ln58_77_fu_16792_p2                   |     |        | add_ln58_77       | add | fabric    | 0       |
|   sub_ln58_130_fu_9452_p2                   |     |        | sub_ln58_130      | sub | fabric    | 0       |
|   ama_addmuladd_12s_12s_13s_26s_26_1_1_U274 | 1   |        | add_ln58_78       | add | dsp_slice | 0       |
|   ama_addmuladd_12s_12s_13s_26s_26_1_1_U274 | 1   |        | mul_ln58_52       | mul | dsp_slice | 0       |
|   am_submul_12s_12s_13s_26_1_1_U196         | 1   |        | sub_ln58_131      | sub | dsp_slice | 0       |
|   sub_ln58_132_fu_2048_p2                   |     |        | sub_ln58_132      | sub | fabric    | 0       |
|   am_submul_12s_12s_13s_26_1_1_U196         | 1   |        | mul_ln58_53       | mul | dsp_slice | 0       |
|   ama_addmuladd_12s_12s_13s_26s_26_1_1_U274 | 1   |        | add_ln58_79       | add | dsp_slice | 0       |
|   add_ln58_80_fu_17051_p2                   |     |        | add_ln58_80       | add | fabric    | 0       |
|   sub_ln58_135_fu_9462_p2                   |     |        | sub_ln58_135      | sub | fabric    | 0       |
|   ama_addmuladd_12s_12s_13s_26s_26_1_1_U275 | 1   |        | add_ln58_81       | add | dsp_slice | 0       |
|   ama_addmuladd_12s_12s_13s_26s_26_1_1_U275 | 1   |        | mul_ln58_54       | mul | dsp_slice | 0       |
|   am_submul_12s_12s_13s_26_1_1_U197         | 1   |        | sub_ln58_136      | sub | dsp_slice | 0       |
|   sub_ln58_137_fu_2058_p2                   |     |        | sub_ln58_137      | sub | fabric    | 0       |
|   am_submul_12s_12s_13s_26_1_1_U197         | 1   |        | mul_ln58_55       | mul | dsp_slice | 0       |
|   ama_addmuladd_12s_12s_13s_26s_26_1_1_U275 | 1   |        | add_ln58_82       | add | dsp_slice | 0       |
|   add_ln58_83_fu_17310_p2                   |     |        | add_ln58_83       | add | fabric    | 0       |
|   sub_ln58_140_fu_9472_p2                   |     |        | sub_ln58_140      | sub | fabric    | 0       |
|   ama_addmuladd_12s_12s_13s_26s_26_1_1_U276 | 1   |        | add_ln58_84       | add | dsp_slice | 0       |
|   ama_addmuladd_12s_12s_13s_26s_26_1_1_U276 | 1   |        | mul_ln58_56       | mul | dsp_slice | 0       |
|   am_submul_12s_12s_13s_26_1_1_U198         | 1   |        | sub_ln58_141      | sub | dsp_slice | 0       |
|   sub_ln58_142_fu_2068_p2                   |     |        | sub_ln58_142      | sub | fabric    | 0       |
|   am_submul_12s_12s_13s_26_1_1_U198         | 1   |        | mul_ln58_57       | mul | dsp_slice | 0       |
|   ama_addmuladd_12s_12s_13s_26s_26_1_1_U276 | 1   |        | add_ln58_85       | add | dsp_slice | 0       |
|   add_ln58_86_fu_17569_p2                   |     |        | add_ln58_86       | add | fabric    | 0       |
|   sub_ln58_145_fu_9482_p2                   |     |        | sub_ln58_145      | sub | fabric    | 0       |
|   ama_addmuladd_12s_12s_13s_26s_26_1_1_U277 | 1   |        | add_ln58_87       | add | dsp_slice | 0       |
|   ama_addmuladd_12s_12s_13s_26s_26_1_1_U277 | 1   |        | mul_ln58_58       | mul | dsp_slice | 0       |
|   am_submul_12s_12s_13s_26_1_1_U199         | 1   |        | sub_ln58_146      | sub | dsp_slice | 0       |
|   sub_ln58_147_fu_2078_p2                   |     |        | sub_ln58_147      | sub | fabric    | 0       |
|   am_submul_12s_12s_13s_26_1_1_U199         | 1   |        | mul_ln58_59       | mul | dsp_slice | 0       |
|   ama_addmuladd_12s_12s_13s_26s_26_1_1_U277 | 1   |        | add_ln58_88       | add | dsp_slice | 0       |
|   add_ln58_89_fu_17828_p2                   |     |        | add_ln58_89       | add | fabric    | 0       |
|   sub_ln58_150_fu_9492_p2                   |     |        | sub_ln58_150      | sub | fabric    | 0       |
|   ama_addmuladd_12s_12s_13s_26s_26_1_1_U278 | 1   |        | add_ln58_90       | add | dsp_slice | 0       |
|   ama_addmuladd_12s_12s_13s_26s_26_1_1_U278 | 1   |        | mul_ln58_60       | mul | dsp_slice | 0       |
|   am_submul_12s_12s_13s_26_1_1_U200         | 1   |        | sub_ln58_151      | sub | dsp_slice | 0       |
|   sub_ln58_152_fu_2088_p2                   |     |        | sub_ln58_152      | sub | fabric    | 0       |
|   am_submul_12s_12s_13s_26_1_1_U200         | 1   |        | mul_ln58_61       | mul | dsp_slice | 0       |
|   ama_addmuladd_12s_12s_13s_26s_26_1_1_U278 | 1   |        | add_ln58_91       | add | dsp_slice | 0       |
|   add_ln58_92_fu_18087_p2                   |     |        | add_ln58_92       | add | fabric    | 0       |
|   sub_ln58_155_fu_9502_p2                   |     |        | sub_ln58_155      | sub | fabric    | 0       |
|   ama_addmuladd_12s_12s_13s_26s_26_1_1_U279 | 1   |        | add_ln58_93       | add | dsp_slice | 0       |
|   ama_addmuladd_12s_12s_13s_26s_26_1_1_U279 | 1   |        | mul_ln58_62       | mul | dsp_slice | 0       |
|   am_submul_12s_12s_13s_26_1_1_U201         | 1   |        | sub_ln58_156      | sub | dsp_slice | 0       |
|   sub_ln58_157_fu_2098_p2                   |     |        | sub_ln58_157      | sub | fabric    | 0       |
|   am_submul_12s_12s_13s_26_1_1_U201         | 1   |        | mul_ln58_63       | mul | dsp_slice | 0       |
|   ama_addmuladd_12s_12s_13s_26s_26_1_1_U279 | 1   |        | add_ln58_94       | add | dsp_slice | 0       |
|   add_ln58_95_fu_18346_p2                   |     |        | add_ln58_95       | add | fabric    | 0       |
|   sub_ln58_160_fu_9512_p2                   |     |        | sub_ln58_160      | sub | fabric    | 0       |
|   ama_addmuladd_12s_12s_13s_26s_26_1_1_U280 | 1   |        | add_ln58_96       | add | dsp_slice | 0       |
|   ama_addmuladd_12s_12s_13s_26s_26_1_1_U280 | 1   |        | mul_ln58_64       | mul | dsp_slice | 0       |
|   am_submul_12s_12s_13s_26_1_1_U202         | 1   |        | sub_ln58_161      | sub | dsp_slice | 0       |
|   sub_ln58_162_fu_2108_p2                   |     |        | sub_ln58_162      | sub | fabric    | 0       |
|   am_submul_12s_12s_13s_26_1_1_U202         | 1   |        | mul_ln58_65       | mul | dsp_slice | 0       |
|   ama_addmuladd_12s_12s_13s_26s_26_1_1_U280 | 1   |        | add_ln58_97       | add | dsp_slice | 0       |
|   add_ln58_98_fu_18605_p2                   |     |        | add_ln58_98       | add | fabric    | 0       |
|   sub_ln58_165_fu_9522_p2                   |     |        | sub_ln58_165      | sub | fabric    | 0       |
|   ama_addmuladd_12s_12s_13s_26s_26_1_1_U281 | 1   |        | add_ln58_99       | add | dsp_slice | 0       |
|   ama_addmuladd_12s_12s_13s_26s_26_1_1_U281 | 1   |        | mul_ln58_66       | mul | dsp_slice | 0       |
|   am_submul_12s_12s_13s_26_1_1_U203         | 1   |        | sub_ln58_166      | sub | dsp_slice | 0       |
|   sub_ln58_167_fu_2118_p2                   |     |        | sub_ln58_167      | sub | fabric    | 0       |
|   am_submul_12s_12s_13s_26_1_1_U203         | 1   |        | mul_ln58_67       | mul | dsp_slice | 0       |
|   ama_addmuladd_12s_12s_13s_26s_26_1_1_U281 | 1   |        | add_ln58_100      | add | dsp_slice | 0       |
|   add_ln58_101_fu_18868_p2                  |     |        | add_ln58_101      | add | fabric    | 0       |
|   sub_ln58_170_fu_9532_p2                   |     |        | sub_ln58_170      | sub | fabric    | 0       |
|   ama_addmuladd_12s_12s_13s_26s_26_1_1_U282 | 1   |        | add_ln58_102      | add | dsp_slice | 0       |
|   ama_addmuladd_12s_12s_13s_26s_26_1_1_U282 | 1   |        | mul_ln58_68       | mul | dsp_slice | 0       |
|   am_submul_12s_12s_13s_26_1_1_U204         | 1   |        | sub_ln58_171      | sub | dsp_slice | 0       |
|   sub_ln58_172_fu_2128_p2                   |     |        | sub_ln58_172      | sub | fabric    | 0       |
|   am_submul_12s_12s_13s_26_1_1_U204         | 1   |        | mul_ln58_69       | mul | dsp_slice | 0       |
|   ama_addmuladd_12s_12s_13s_26s_26_1_1_U282 | 1   |        | add_ln58_103      | add | dsp_slice | 0       |
|   add_ln58_104_fu_19127_p2                  |     |        | add_ln58_104      | add | fabric    | 0       |
|   sub_ln58_175_fu_9542_p2                   |     |        | sub_ln58_175      | sub | fabric    | 0       |
|   ama_addmuladd_12s_12s_13s_26s_26_1_1_U283 | 1   |        | add_ln58_105      | add | dsp_slice | 0       |
|   ama_addmuladd_12s_12s_13s_26s_26_1_1_U283 | 1   |        | mul_ln58_70       | mul | dsp_slice | 0       |
|   am_submul_12s_12s_13s_26_1_1_U205         | 1   |        | sub_ln58_176      | sub | dsp_slice | 0       |
|   sub_ln58_177_fu_2138_p2                   |     |        | sub_ln58_177      | sub | fabric    | 0       |
|   am_submul_12s_12s_13s_26_1_1_U205         | 1   |        | mul_ln58_71       | mul | dsp_slice | 0       |
|   ama_addmuladd_12s_12s_13s_26s_26_1_1_U283 | 1   |        | add_ln58_106      | add | dsp_slice | 0       |
|   add_ln58_107_fu_19386_p2                  |     |        | add_ln58_107      | add | fabric    | 0       |
|   sub_ln58_180_fu_9552_p2                   |     |        | sub_ln58_180      | sub | fabric    | 0       |
|   ama_addmuladd_12s_12s_13s_26s_26_1_1_U284 | 1   |        | add_ln58_108      | add | dsp_slice | 0       |
|   ama_addmuladd_12s_12s_13s_26s_26_1_1_U284 | 1   |        | mul_ln58_72       | mul | dsp_slice | 0       |
|   am_submul_12s_12s_13s_26_1_1_U206         | 1   |        | sub_ln58_181      | sub | dsp_slice | 0       |
|   sub_ln58_182_fu_2148_p2                   |     |        | sub_ln58_182      | sub | fabric    | 0       |
|   am_submul_12s_12s_13s_26_1_1_U206         | 1   |        | mul_ln58_73       | mul | dsp_slice | 0       |
|   ama_addmuladd_12s_12s_13s_26s_26_1_1_U284 | 1   |        | add_ln58_109      | add | dsp_slice | 0       |
|   add_ln58_110_fu_19645_p2                  |     |        | add_ln58_110      | add | fabric    | 0       |
|   sub_ln58_185_fu_9562_p2                   |     |        | sub_ln58_185      | sub | fabric    | 0       |
|   ama_addmuladd_12s_12s_13s_26s_26_1_1_U285 | 1   |        | add_ln58_111      | add | dsp_slice | 0       |
|   ama_addmuladd_12s_12s_13s_26s_26_1_1_U285 | 1   |        | mul_ln58_74       | mul | dsp_slice | 0       |
|   am_submul_12s_12s_13s_26_1_1_U207         | 1   |        | sub_ln58_186      | sub | dsp_slice | 0       |
|   sub_ln58_187_fu_2158_p2                   |     |        | sub_ln58_187      | sub | fabric    | 0       |
|   am_submul_12s_12s_13s_26_1_1_U207         | 1   |        | mul_ln58_75       | mul | dsp_slice | 0       |
|   ama_addmuladd_12s_12s_13s_26s_26_1_1_U285 | 1   |        | add_ln58_112      | add | dsp_slice | 0       |
|   add_ln58_113_fu_19904_p2                  |     |        | add_ln58_113      | add | fabric    | 0       |
|   sub_ln58_190_fu_9572_p2                   |     |        | sub_ln58_190      | sub | fabric    | 0       |
|   ama_addmuladd_12s_12s_13s_26s_26_1_1_U286 | 1   |        | add_ln58_114      | add | dsp_slice | 0       |
|   ama_addmuladd_12s_12s_13s_26s_26_1_1_U286 | 1   |        | mul_ln58_76       | mul | dsp_slice | 0       |
|   am_submul_12s_12s_13s_26_1_1_U208         | 1   |        | sub_ln58_191      | sub | dsp_slice | 0       |
|   sub_ln58_192_fu_2168_p2                   |     |        | sub_ln58_192      | sub | fabric    | 0       |
|   am_submul_12s_12s_13s_26_1_1_U208         | 1   |        | mul_ln58_77       | mul | dsp_slice | 0       |
|   ama_addmuladd_12s_12s_13s_26s_26_1_1_U286 | 1   |        | add_ln58_115      | add | dsp_slice | 0       |
|   add_ln58_116_fu_20163_p2                  |     |        | add_ln58_116      | add | fabric    | 0       |
|   sub_ln58_195_fu_9582_p2                   |     |        | sub_ln58_195      | sub | fabric    | 0       |
|   ama_addmuladd_12s_12s_13s_26s_26_1_1_U287 | 1   |        | add_ln58_117      | add | dsp_slice | 0       |
|   ama_addmuladd_12s_12s_13s_26s_26_1_1_U287 | 1   |        | mul_ln58_78       | mul | dsp_slice | 0       |
|   am_submul_12s_12s_13s_26_1_1_U209         | 1   |        | sub_ln58_196      | sub | dsp_slice | 0       |
|   sub_ln58_197_fu_2178_p2                   |     |        | sub_ln58_197      | sub | fabric    | 0       |
|   am_submul_12s_12s_13s_26_1_1_U209         | 1   |        | mul_ln58_79       | mul | dsp_slice | 0       |
|   ama_addmuladd_12s_12s_13s_26s_26_1_1_U287 | 1   |        | add_ln58_118      | add | dsp_slice | 0       |
|   add_ln58_119_fu_20422_p2                  |     |        | add_ln58_119      | add | fabric    | 0       |
|   sub_ln58_200_fu_9592_p2                   |     |        | sub_ln58_200      | sub | fabric    | 0       |
|   ama_addmuladd_12s_12s_13s_26s_26_1_1_U288 | 1   |        | add_ln58_120      | add | dsp_slice | 0       |
|   ama_addmuladd_12s_12s_13s_26s_26_1_1_U288 | 1   |        | mul_ln58_80       | mul | dsp_slice | 0       |
|   am_submul_12s_12s_13s_26_1_1_U210         | 1   |        | sub_ln58_201      | sub | dsp_slice | 0       |
|   sub_ln58_202_fu_2188_p2                   |     |        | sub_ln58_202      | sub | fabric    | 0       |
|   am_submul_12s_12s_13s_26_1_1_U210         | 1   |        | mul_ln58_81       | mul | dsp_slice | 0       |
|   ama_addmuladd_12s_12s_13s_26s_26_1_1_U288 | 1   |        | add_ln58_121      | add | dsp_slice | 0       |
|   add_ln58_122_fu_20681_p2                  |     |        | add_ln58_122      | add | fabric    | 0       |
|   sub_ln58_205_fu_9602_p2                   |     |        | sub_ln58_205      | sub | fabric    | 0       |
|   ama_addmuladd_12s_12s_13s_26s_26_1_1_U289 | 1   |        | add_ln58_123      | add | dsp_slice | 0       |
|   ama_addmuladd_12s_12s_13s_26s_26_1_1_U289 | 1   |        | mul_ln58_82       | mul | dsp_slice | 0       |
|   am_submul_12s_12s_13s_26_1_1_U211         | 1   |        | sub_ln58_206      | sub | dsp_slice | 0       |
|   sub_ln58_207_fu_2198_p2                   |     |        | sub_ln58_207      | sub | fabric    | 0       |
|   am_submul_12s_12s_13s_26_1_1_U211         | 1   |        | mul_ln58_83       | mul | dsp_slice | 0       |
|   ama_addmuladd_12s_12s_13s_26s_26_1_1_U289 | 1   |        | add_ln58_124      | add | dsp_slice | 0       |
|   add_ln58_125_fu_20940_p2                  |     |        | add_ln58_125      | add | fabric    | 0       |
|   sub_ln58_210_fu_9612_p2                   |     |        | sub_ln58_210      | sub | fabric    | 0       |
|   ama_addmuladd_12s_12s_13s_26s_26_1_1_U290 | 1   |        | add_ln58_126      | add | dsp_slice | 0       |
|   ama_addmuladd_12s_12s_13s_26s_26_1_1_U290 | 1   |        | mul_ln58_84       | mul | dsp_slice | 0       |
|   am_submul_12s_12s_13s_26_1_1_U212         | 1   |        | sub_ln58_211      | sub | dsp_slice | 0       |
|   sub_ln58_212_fu_2208_p2                   |     |        | sub_ln58_212      | sub | fabric    | 0       |
|   am_submul_12s_12s_13s_26_1_1_U212         | 1   |        | mul_ln58_85       | mul | dsp_slice | 0       |
|   ama_addmuladd_12s_12s_13s_26s_26_1_1_U290 | 1   |        | add_ln58_127      | add | dsp_slice | 0       |
|   add_ln58_128_fu_21203_p2                  |     |        | add_ln58_128      | add | fabric    | 0       |
|   sub_ln58_215_fu_9622_p2                   |     |        | sub_ln58_215      | sub | fabric    | 0       |
|   ama_addmuladd_12s_12s_13s_26s_26_1_1_U291 | 1   |        | add_ln58_129      | add | dsp_slice | 0       |
|   ama_addmuladd_12s_12s_13s_26s_26_1_1_U291 | 1   |        | mul_ln58_86       | mul | dsp_slice | 0       |
|   am_submul_12s_12s_13s_26_1_1_U213         | 1   |        | sub_ln58_216      | sub | dsp_slice | 0       |
|   sub_ln58_217_fu_2218_p2                   |     |        | sub_ln58_217      | sub | fabric    | 0       |
|   am_submul_12s_12s_13s_26_1_1_U213         | 1   |        | mul_ln58_87       | mul | dsp_slice | 0       |
|   ama_addmuladd_12s_12s_13s_26s_26_1_1_U291 | 1   |        | add_ln58_130      | add | dsp_slice | 0       |
|   add_ln58_131_fu_21462_p2                  |     |        | add_ln58_131      | add | fabric    | 0       |
|   sub_ln58_220_fu_9632_p2                   |     |        | sub_ln58_220      | sub | fabric    | 0       |
|   ama_addmuladd_12s_12s_13s_26s_26_1_1_U292 | 1   |        | add_ln58_132      | add | dsp_slice | 0       |
|   ama_addmuladd_12s_12s_13s_26s_26_1_1_U292 | 1   |        | mul_ln58_88       | mul | dsp_slice | 0       |
|   am_submul_12s_12s_13s_26_1_1_U214         | 1   |        | sub_ln58_221      | sub | dsp_slice | 0       |
|   sub_ln58_222_fu_2228_p2                   |     |        | sub_ln58_222      | sub | fabric    | 0       |
|   am_submul_12s_12s_13s_26_1_1_U214         | 1   |        | mul_ln58_89       | mul | dsp_slice | 0       |
|   ama_addmuladd_12s_12s_13s_26s_26_1_1_U292 | 1   |        | add_ln58_133      | add | dsp_slice | 0       |
|   add_ln58_134_fu_21721_p2                  |     |        | add_ln58_134      | add | fabric    | 0       |
|   sub_ln58_225_fu_9642_p2                   |     |        | sub_ln58_225      | sub | fabric    | 0       |
|   ama_addmuladd_12s_12s_13s_26s_26_1_1_U293 | 1   |        | add_ln58_135      | add | dsp_slice | 0       |
|   ama_addmuladd_12s_12s_13s_26s_26_1_1_U293 | 1   |        | mul_ln58_90       | mul | dsp_slice | 0       |
|   am_submul_12s_12s_13s_26_1_1_U215         | 1   |        | sub_ln58_226      | sub | dsp_slice | 0       |
|   sub_ln58_227_fu_2238_p2                   |     |        | sub_ln58_227      | sub | fabric    | 0       |
|   am_submul_12s_12s_13s_26_1_1_U215         | 1   |        | mul_ln58_91       | mul | dsp_slice | 0       |
|   ama_addmuladd_12s_12s_13s_26s_26_1_1_U293 | 1   |        | add_ln58_136      | add | dsp_slice | 0       |
|   add_ln58_137_fu_21980_p2                  |     |        | add_ln58_137      | add | fabric    | 0       |
|   sub_ln58_230_fu_9652_p2                   |     |        | sub_ln58_230      | sub | fabric    | 0       |
|   ama_addmuladd_12s_12s_13s_26s_26_1_1_U294 | 1   |        | add_ln58_138      | add | dsp_slice | 0       |
|   ama_addmuladd_12s_12s_13s_26s_26_1_1_U294 | 1   |        | mul_ln58_92       | mul | dsp_slice | 0       |
|   am_submul_12s_12s_13s_26_1_1_U216         | 1   |        | sub_ln58_231      | sub | dsp_slice | 0       |
|   sub_ln58_232_fu_2248_p2                   |     |        | sub_ln58_232      | sub | fabric    | 0       |
|   am_submul_12s_12s_13s_26_1_1_U216         | 1   |        | mul_ln58_93       | mul | dsp_slice | 0       |
|   ama_addmuladd_12s_12s_13s_26s_26_1_1_U294 | 1   |        | add_ln58_139      | add | dsp_slice | 0       |
|   add_ln58_140_fu_22239_p2                  |     |        | add_ln58_140      | add | fabric    | 0       |
|   sub_ln58_235_fu_9662_p2                   |     |        | sub_ln58_235      | sub | fabric    | 0       |
|   ama_addmuladd_12s_12s_13s_26s_26_1_1_U295 | 1   |        | add_ln58_141      | add | dsp_slice | 0       |
|   ama_addmuladd_12s_12s_13s_26s_26_1_1_U295 | 1   |        | mul_ln58_94       | mul | dsp_slice | 0       |
|   am_submul_12s_12s_13s_26_1_1_U217         | 1   |        | sub_ln58_236      | sub | dsp_slice | 0       |
|   sub_ln58_237_fu_2258_p2                   |     |        | sub_ln58_237      | sub | fabric    | 0       |
|   am_submul_12s_12s_13s_26_1_1_U217         | 1   |        | mul_ln58_95       | mul | dsp_slice | 0       |
|   ama_addmuladd_12s_12s_13s_26s_26_1_1_U295 | 1   |        | add_ln58_142      | add | dsp_slice | 0       |
|   add_ln58_143_fu_22498_p2                  |     |        | add_ln58_143      | add | fabric    | 0       |
|   sub_ln58_240_fu_9672_p2                   |     |        | sub_ln58_240      | sub | fabric    | 0       |
|   ama_addmuladd_12s_12s_13s_26s_26_1_1_U296 | 1   |        | add_ln58_144      | add | dsp_slice | 0       |
|   ama_addmuladd_12s_12s_13s_26s_26_1_1_U296 | 1   |        | mul_ln58_96       | mul | dsp_slice | 0       |
|   am_submul_12s_12s_13s_26_1_1_U218         | 1   |        | sub_ln58_241      | sub | dsp_slice | 0       |
|   sub_ln58_242_fu_2268_p2                   |     |        | sub_ln58_242      | sub | fabric    | 0       |
|   am_submul_12s_12s_13s_26_1_1_U218         | 1   |        | mul_ln58_97       | mul | dsp_slice | 0       |
|   ama_addmuladd_12s_12s_13s_26s_26_1_1_U296 | 1   |        | add_ln58_145      | add | dsp_slice | 0       |
|   add_ln58_146_fu_22757_p2                  |     |        | add_ln58_146      | add | fabric    | 0       |
|   sub_ln58_245_fu_9682_p2                   |     |        | sub_ln58_245      | sub | fabric    | 0       |
|   ama_addmuladd_12s_12s_13s_26s_26_1_1_U297 | 1   |        | add_ln58_147      | add | dsp_slice | 0       |
|   ama_addmuladd_12s_12s_13s_26s_26_1_1_U297 | 1   |        | mul_ln58_98       | mul | dsp_slice | 0       |
|   am_submul_12s_12s_13s_26_1_1_U219         | 1   |        | sub_ln58_246      | sub | dsp_slice | 0       |
|   sub_ln58_247_fu_2278_p2                   |     |        | sub_ln58_247      | sub | fabric    | 0       |
|   am_submul_12s_12s_13s_26_1_1_U219         | 1   |        | mul_ln58_99       | mul | dsp_slice | 0       |
|   ama_addmuladd_12s_12s_13s_26s_26_1_1_U297 | 1   |        | add_ln58_148      | add | dsp_slice | 0       |
|   add_ln58_149_fu_23016_p2                  |     |        | add_ln58_149      | add | fabric    | 0       |
|   sub_ln58_250_fu_9692_p2                   |     |        | sub_ln58_250      | sub | fabric    | 0       |
|   ama_addmuladd_12s_12s_13s_26s_26_1_1_U298 | 1   |        | add_ln58_150      | add | dsp_slice | 0       |
|   ama_addmuladd_12s_12s_13s_26s_26_1_1_U298 | 1   |        | mul_ln58_100      | mul | dsp_slice | 0       |
|   am_submul_12s_12s_13s_26_1_1_U220         | 1   |        | sub_ln58_251      | sub | dsp_slice | 0       |
|   sub_ln58_252_fu_2288_p2                   |     |        | sub_ln58_252      | sub | fabric    | 0       |
|   am_submul_12s_12s_13s_26_1_1_U220         | 1   |        | mul_ln58_101      | mul | dsp_slice | 0       |
|   ama_addmuladd_12s_12s_13s_26s_26_1_1_U298 | 1   |        | add_ln58_151      | add | dsp_slice | 0       |
|   add_ln58_152_fu_23279_p2                  |     |        | add_ln58_152      | add | fabric    | 0       |
|   sub_ln58_255_fu_9702_p2                   |     |        | sub_ln58_255      | sub | fabric    | 0       |
|   ama_addmuladd_12s_12s_13s_26s_26_1_1_U299 | 1   |        | add_ln58_153      | add | dsp_slice | 0       |
|   ama_addmuladd_12s_12s_13s_26s_26_1_1_U299 | 1   |        | mul_ln58_102      | mul | dsp_slice | 0       |
|   am_submul_12s_12s_13s_26_1_1_U221         | 1   |        | sub_ln58_256      | sub | dsp_slice | 0       |
|   sub_ln58_257_fu_2298_p2                   |     |        | sub_ln58_257      | sub | fabric    | 0       |
|   am_submul_12s_12s_13s_26_1_1_U221         | 1   |        | mul_ln58_103      | mul | dsp_slice | 0       |
|   ama_addmuladd_12s_12s_13s_26s_26_1_1_U299 | 1   |        | add_ln58_154      | add | dsp_slice | 0       |
|   add_ln58_155_fu_23538_p2                  |     |        | add_ln58_155      | add | fabric    | 0       |
|   sub_ln58_260_fu_9712_p2                   |     |        | sub_ln58_260      | sub | fabric    | 0       |
|   ama_addmuladd_12s_12s_13s_26s_26_1_1_U300 | 1   |        | add_ln58_156      | add | dsp_slice | 0       |
|   ama_addmuladd_12s_12s_13s_26s_26_1_1_U300 | 1   |        | mul_ln58_104      | mul | dsp_slice | 0       |
|   am_submul_12s_12s_13s_26_1_1_U222         | 1   |        | sub_ln58_261      | sub | dsp_slice | 0       |
|   sub_ln58_262_fu_2308_p2                   |     |        | sub_ln58_262      | sub | fabric    | 0       |
|   am_submul_12s_12s_13s_26_1_1_U222         | 1   |        | mul_ln58_105      | mul | dsp_slice | 0       |
|   ama_addmuladd_12s_12s_13s_26s_26_1_1_U300 | 1   |        | add_ln58_157      | add | dsp_slice | 0       |
|   add_ln58_158_fu_23797_p2                  |     |        | add_ln58_158      | add | fabric    | 0       |
|   sub_ln58_265_fu_9722_p2                   |     |        | sub_ln58_265      | sub | fabric    | 0       |
|   ama_addmuladd_12s_12s_13s_26s_26_1_1_U301 | 1   |        | add_ln58_159      | add | dsp_slice | 0       |
|   ama_addmuladd_12s_12s_13s_26s_26_1_1_U301 | 1   |        | mul_ln58_106      | mul | dsp_slice | 0       |
|   am_submul_12s_12s_13s_26_1_1_U223         | 1   |        | sub_ln58_266      | sub | dsp_slice | 0       |
|   sub_ln58_267_fu_2318_p2                   |     |        | sub_ln58_267      | sub | fabric    | 0       |
|   am_submul_12s_12s_13s_26_1_1_U223         | 1   |        | mul_ln58_107      | mul | dsp_slice | 0       |
|   ama_addmuladd_12s_12s_13s_26s_26_1_1_U301 | 1   |        | add_ln58_160      | add | dsp_slice | 0       |
|   add_ln58_161_fu_24056_p2                  |     |        | add_ln58_161      | add | fabric    | 0       |
|   sub_ln58_270_fu_9732_p2                   |     |        | sub_ln58_270      | sub | fabric    | 0       |
|   ama_addmuladd_12s_12s_13s_26s_26_1_1_U302 | 1   |        | add_ln58_162      | add | dsp_slice | 0       |
|   ama_addmuladd_12s_12s_13s_26s_26_1_1_U302 | 1   |        | mul_ln58_108      | mul | dsp_slice | 0       |
|   am_submul_12s_12s_13s_26_1_1_U224         | 1   |        | sub_ln58_271      | sub | dsp_slice | 0       |
|   sub_ln58_272_fu_2328_p2                   |     |        | sub_ln58_272      | sub | fabric    | 0       |
|   am_submul_12s_12s_13s_26_1_1_U224         | 1   |        | mul_ln58_109      | mul | dsp_slice | 0       |
|   ama_addmuladd_12s_12s_13s_26s_26_1_1_U302 | 1   |        | add_ln58_163      | add | dsp_slice | 0       |
|   add_ln58_164_fu_24315_p2                  |     |        | add_ln58_164      | add | fabric    | 0       |
|   sub_ln58_275_fu_9742_p2                   |     |        | sub_ln58_275      | sub | fabric    | 0       |
|   ama_addmuladd_12s_12s_13s_26s_26_1_1_U303 | 1   |        | add_ln58_165      | add | dsp_slice | 0       |
|   ama_addmuladd_12s_12s_13s_26s_26_1_1_U303 | 1   |        | mul_ln58_110      | mul | dsp_slice | 0       |
|   am_submul_12s_12s_13s_26_1_1_U225         | 1   |        | sub_ln58_276      | sub | dsp_slice | 0       |
|   sub_ln58_277_fu_2338_p2                   |     |        | sub_ln58_277      | sub | fabric    | 0       |
|   am_submul_12s_12s_13s_26_1_1_U225         | 1   |        | mul_ln58_111      | mul | dsp_slice | 0       |
|   ama_addmuladd_12s_12s_13s_26s_26_1_1_U303 | 1   |        | add_ln58_166      | add | dsp_slice | 0       |
|   add_ln58_167_fu_24574_p2                  |     |        | add_ln58_167      | add | fabric    | 0       |
|   sub_ln58_280_fu_9752_p2                   |     |        | sub_ln58_280      | sub | fabric    | 0       |
|   ama_addmuladd_12s_12s_13s_26s_26_1_1_U304 | 1   |        | add_ln58_168      | add | dsp_slice | 0       |
|   ama_addmuladd_12s_12s_13s_26s_26_1_1_U304 | 1   |        | mul_ln58_112      | mul | dsp_slice | 0       |
|   am_submul_12s_12s_13s_26_1_1_U226         | 1   |        | sub_ln58_281      | sub | dsp_slice | 0       |
|   sub_ln58_282_fu_2348_p2                   |     |        | sub_ln58_282      | sub | fabric    | 0       |
|   am_submul_12s_12s_13s_26_1_1_U226         | 1   |        | mul_ln58_113      | mul | dsp_slice | 0       |
|   ama_addmuladd_12s_12s_13s_26s_26_1_1_U304 | 1   |        | add_ln58_169      | add | dsp_slice | 0       |
|   add_ln58_170_fu_24833_p2                  |     |        | add_ln58_170      | add | fabric    | 0       |
|   sub_ln58_285_fu_9762_p2                   |     |        | sub_ln58_285      | sub | fabric    | 0       |
|   ama_addmuladd_12s_12s_13s_26s_26_1_1_U305 | 1   |        | add_ln58_171      | add | dsp_slice | 0       |
|   ama_addmuladd_12s_12s_13s_26s_26_1_1_U305 | 1   |        | mul_ln58_114      | mul | dsp_slice | 0       |
|   am_submul_12s_12s_13s_26_1_1_U227         | 1   |        | sub_ln58_286      | sub | dsp_slice | 0       |
|   sub_ln58_287_fu_2358_p2                   |     |        | sub_ln58_287      | sub | fabric    | 0       |
|   am_submul_12s_12s_13s_26_1_1_U227         | 1   |        | mul_ln58_115      | mul | dsp_slice | 0       |
|   ama_addmuladd_12s_12s_13s_26s_26_1_1_U305 | 1   |        | add_ln58_172      | add | dsp_slice | 0       |
|   add_ln58_173_fu_25096_p2                  |     |        | add_ln58_173      | add | fabric    | 0       |
|   sub_ln58_290_fu_9772_p2                   |     |        | sub_ln58_290      | sub | fabric    | 0       |
|   ama_addmuladd_12s_12s_13s_26s_26_1_1_U306 | 1   |        | add_ln58_174      | add | dsp_slice | 0       |
|   ama_addmuladd_12s_12s_13s_26s_26_1_1_U306 | 1   |        | mul_ln58_116      | mul | dsp_slice | 0       |
|   am_submul_12s_12s_13s_26_1_1_U228         | 1   |        | sub_ln58_291      | sub | dsp_slice | 0       |
|   sub_ln58_292_fu_2368_p2                   |     |        | sub_ln58_292      | sub | fabric    | 0       |
|   am_submul_12s_12s_13s_26_1_1_U228         | 1   |        | mul_ln58_117      | mul | dsp_slice | 0       |
|   ama_addmuladd_12s_12s_13s_26s_26_1_1_U306 | 1   |        | add_ln58_175      | add | dsp_slice | 0       |
|   add_ln58_176_fu_25355_p2                  |     |        | add_ln58_176      | add | fabric    | 0       |
|   sub_ln58_295_fu_9782_p2                   |     |        | sub_ln58_295      | sub | fabric    | 0       |
|   ama_addmuladd_12s_12s_13s_26s_26_1_1_U307 | 1   |        | add_ln58_177      | add | dsp_slice | 0       |
|   ama_addmuladd_12s_12s_13s_26s_26_1_1_U307 | 1   |        | mul_ln58_118      | mul | dsp_slice | 0       |
|   am_submul_12s_12s_13s_26_1_1_U229         | 1   |        | sub_ln58_296      | sub | dsp_slice | 0       |
|   sub_ln58_297_fu_2378_p2                   |     |        | sub_ln58_297      | sub | fabric    | 0       |
|   am_submul_12s_12s_13s_26_1_1_U229         | 1   |        | mul_ln58_119      | mul | dsp_slice | 0       |
|   ama_addmuladd_12s_12s_13s_26s_26_1_1_U307 | 1   |        | add_ln58_178      | add | dsp_slice | 0       |
|   add_ln58_179_fu_25614_p2                  |     |        | add_ln58_179      | add | fabric    | 0       |
|   sub_ln58_300_fu_9792_p2                   |     |        | sub_ln58_300      | sub | fabric    | 0       |
|   ama_addmuladd_12s_12s_13s_26s_26_1_1_U308 | 1   |        | add_ln58_180      | add | dsp_slice | 0       |
|   ama_addmuladd_12s_12s_13s_26s_26_1_1_U308 | 1   |        | mul_ln58_120      | mul | dsp_slice | 0       |
|   am_submul_12s_12s_13s_26_1_1_U230         | 1   |        | sub_ln58_301      | sub | dsp_slice | 0       |
|   sub_ln58_302_fu_2388_p2                   |     |        | sub_ln58_302      | sub | fabric    | 0       |
|   am_submul_12s_12s_13s_26_1_1_U230         | 1   |        | mul_ln58_121      | mul | dsp_slice | 0       |
|   ama_addmuladd_12s_12s_13s_26s_26_1_1_U308 | 1   |        | add_ln58_181      | add | dsp_slice | 0       |
|   add_ln58_182_fu_25873_p2                  |     |        | add_ln58_182      | add | fabric    | 0       |
|   sub_ln58_305_fu_9802_p2                   |     |        | sub_ln58_305      | sub | fabric    | 0       |
|   ama_addmuladd_12s_12s_13s_26s_26_1_1_U309 | 1   |        | add_ln58_183      | add | dsp_slice | 0       |
|   ama_addmuladd_12s_12s_13s_26s_26_1_1_U309 | 1   |        | mul_ln58_122      | mul | dsp_slice | 0       |
|   am_submul_12s_12s_13s_26_1_1_U231         | 1   |        | sub_ln58_306      | sub | dsp_slice | 0       |
|   sub_ln58_307_fu_2398_p2                   |     |        | sub_ln58_307      | sub | fabric    | 0       |
|   am_submul_12s_12s_13s_26_1_1_U231         | 1   |        | mul_ln58_123      | mul | dsp_slice | 0       |
|   ama_addmuladd_12s_12s_13s_26s_26_1_1_U309 | 1   |        | add_ln58_184      | add | dsp_slice | 0       |
|   add_ln58_185_fu_26132_p2                  |     |        | add_ln58_185      | add | fabric    | 0       |
|   sub_ln58_310_fu_9812_p2                   |     |        | sub_ln58_310      | sub | fabric    | 0       |
|   ama_addmuladd_12s_12s_13s_26s_26_1_1_U310 | 1   |        | add_ln58_186      | add | dsp_slice | 0       |
|   ama_addmuladd_12s_12s_13s_26s_26_1_1_U310 | 1   |        | mul_ln58_124      | mul | dsp_slice | 0       |
|   am_submul_12s_12s_13s_26_1_1_U232         | 1   |        | sub_ln58_311      | sub | dsp_slice | 0       |
|   sub_ln58_312_fu_2408_p2                   |     |        | sub_ln58_312      | sub | fabric    | 0       |
|   am_submul_12s_12s_13s_26_1_1_U232         | 1   |        | mul_ln58_125      | mul | dsp_slice | 0       |
|   ama_addmuladd_12s_12s_13s_26s_26_1_1_U310 | 1   |        | add_ln58_187      | add | dsp_slice | 0       |
|   add_ln58_188_fu_26391_p2                  |     |        | add_ln58_188      | add | fabric    | 0       |
|   sub_ln58_315_fu_9822_p2                   |     |        | sub_ln58_315      | sub | fabric    | 0       |
|   ama_addmuladd_12s_12s_13s_26s_26_1_1_U311 | 1   |        | add_ln58_189      | add | dsp_slice | 0       |
|   ama_addmuladd_12s_12s_13s_26s_26_1_1_U311 | 1   |        | mul_ln58_126      | mul | dsp_slice | 0       |
|   am_submul_12s_12s_13s_26_1_1_U233         | 1   |        | sub_ln58_316      | sub | dsp_slice | 0       |
|   sub_ln58_317_fu_2418_p2                   |     |        | sub_ln58_317      | sub | fabric    | 0       |
|   am_submul_12s_12s_13s_26_1_1_U233         | 1   |        | mul_ln58_127      | mul | dsp_slice | 0       |
|   ama_addmuladd_12s_12s_13s_26s_26_1_1_U311 | 1   |        | add_ln58_190      | add | dsp_slice | 0       |
|   add_ln58_191_fu_26654_p2                  |     |        | add_ln58_191      | add | fabric    | 0       |
|   sub_ln58_320_fu_9832_p2                   |     |        | sub_ln58_320      | sub | fabric    | 0       |
|   ama_addmuladd_12s_12s_13s_26s_26_1_1_U312 | 1   |        | add_ln58_192      | add | dsp_slice | 0       |
|   ama_addmuladd_12s_12s_13s_26s_26_1_1_U312 | 1   |        | mul_ln58_128      | mul | dsp_slice | 0       |
|   am_submul_12s_12s_13s_26_1_1_U234         | 1   |        | sub_ln58_321      | sub | dsp_slice | 0       |
|   sub_ln58_322_fu_2428_p2                   |     |        | sub_ln58_322      | sub | fabric    | 0       |
|   am_submul_12s_12s_13s_26_1_1_U234         | 1   |        | mul_ln58_129      | mul | dsp_slice | 0       |
|   ama_addmuladd_12s_12s_13s_26s_26_1_1_U312 | 1   |        | add_ln58_193      | add | dsp_slice | 0       |
|   add_ln58_194_fu_26913_p2                  |     |        | add_ln58_194      | add | fabric    | 0       |
|   sub_ln58_325_fu_9842_p2                   |     |        | sub_ln58_325      | sub | fabric    | 0       |
|   ama_addmuladd_12s_12s_13s_26s_26_1_1_U313 | 1   |        | add_ln58_195      | add | dsp_slice | 0       |
|   ama_addmuladd_12s_12s_13s_26s_26_1_1_U313 | 1   |        | mul_ln58_130      | mul | dsp_slice | 0       |
|   am_submul_12s_12s_13s_26_1_1_U235         | 1   |        | sub_ln58_326      | sub | dsp_slice | 0       |
|   sub_ln58_327_fu_2438_p2                   |     |        | sub_ln58_327      | sub | fabric    | 0       |
|   am_submul_12s_12s_13s_26_1_1_U235         | 1   |        | mul_ln58_131      | mul | dsp_slice | 0       |
|   ama_addmuladd_12s_12s_13s_26s_26_1_1_U313 | 1   |        | add_ln58_196      | add | dsp_slice | 0       |
|   add_ln58_197_fu_27172_p2                  |     |        | add_ln58_197      | add | fabric    | 0       |
|   sub_ln58_330_fu_9852_p2                   |     |        | sub_ln58_330      | sub | fabric    | 0       |
|   ama_addmuladd_12s_12s_13s_26s_26_1_1_U314 | 1   |        | add_ln58_198      | add | dsp_slice | 0       |
|   ama_addmuladd_12s_12s_13s_26s_26_1_1_U314 | 1   |        | mul_ln58_132      | mul | dsp_slice | 0       |
|   am_submul_12s_12s_13s_26_1_1_U236         | 1   |        | sub_ln58_331      | sub | dsp_slice | 0       |
|   sub_ln58_332_fu_2448_p2                   |     |        | sub_ln58_332      | sub | fabric    | 0       |
|   am_submul_12s_12s_13s_26_1_1_U236         | 1   |        | mul_ln58_133      | mul | dsp_slice | 0       |
|   ama_addmuladd_12s_12s_13s_26s_26_1_1_U314 | 1   |        | add_ln58_199      | add | dsp_slice | 0       |
|   add_ln58_200_fu_27431_p2                  |     |        | add_ln58_200      | add | fabric    | 0       |
|   sub_ln58_335_fu_9862_p2                   |     |        | sub_ln58_335      | sub | fabric    | 0       |
|   ama_addmuladd_12s_12s_13s_26s_26_1_1_U315 | 1   |        | add_ln58_201      | add | dsp_slice | 0       |
|   ama_addmuladd_12s_12s_13s_26s_26_1_1_U315 | 1   |        | mul_ln58_134      | mul | dsp_slice | 0       |
|   am_submul_12s_12s_13s_26_1_1_U237         | 1   |        | sub_ln58_336      | sub | dsp_slice | 0       |
|   sub_ln58_337_fu_2458_p2                   |     |        | sub_ln58_337      | sub | fabric    | 0       |
|   am_submul_12s_12s_13s_26_1_1_U237         | 1   |        | mul_ln58_135      | mul | dsp_slice | 0       |
|   ama_addmuladd_12s_12s_13s_26s_26_1_1_U315 | 1   |        | add_ln58_202      | add | dsp_slice | 0       |
|   add_ln58_203_fu_27690_p2                  |     |        | add_ln58_203      | add | fabric    | 0       |
|   sub_ln58_340_fu_9872_p2                   |     |        | sub_ln58_340      | sub | fabric    | 0       |
|   ama_addmuladd_12s_12s_13s_26s_26_1_1_U316 | 1   |        | add_ln58_204      | add | dsp_slice | 0       |
|   ama_addmuladd_12s_12s_13s_26s_26_1_1_U316 | 1   |        | mul_ln58_136      | mul | dsp_slice | 0       |
|   am_submul_12s_12s_13s_26_1_1_U238         | 1   |        | sub_ln58_341      | sub | dsp_slice | 0       |
|   sub_ln58_342_fu_2468_p2                   |     |        | sub_ln58_342      | sub | fabric    | 0       |
|   am_submul_12s_12s_13s_26_1_1_U238         | 1   |        | mul_ln58_137      | mul | dsp_slice | 0       |
|   ama_addmuladd_12s_12s_13s_26s_26_1_1_U316 | 1   |        | add_ln58_205      | add | dsp_slice | 0       |
|   add_ln58_206_fu_27953_p2                  |     |        | add_ln58_206      | add | fabric    | 0       |
|   sub_ln58_345_fu_9882_p2                   |     |        | sub_ln58_345      | sub | fabric    | 0       |
|   ama_addmuladd_12s_12s_13s_26s_26_1_1_U317 | 1   |        | add_ln58_207      | add | dsp_slice | 0       |
|   ama_addmuladd_12s_12s_13s_26s_26_1_1_U317 | 1   |        | mul_ln58_138      | mul | dsp_slice | 0       |
|   am_submul_12s_12s_13s_26_1_1_U239         | 1   |        | sub_ln58_346      | sub | dsp_slice | 0       |
|   sub_ln58_347_fu_2478_p2                   |     |        | sub_ln58_347      | sub | fabric    | 0       |
|   am_submul_12s_12s_13s_26_1_1_U239         | 1   |        | mul_ln58_139      | mul | dsp_slice | 0       |
|   ama_addmuladd_12s_12s_13s_26s_26_1_1_U317 | 1   |        | add_ln58_208      | add | dsp_slice | 0       |
|   add_ln58_209_fu_28212_p2                  |     |        | add_ln58_209      | add | fabric    | 0       |
|   sub_ln58_350_fu_9892_p2                   |     |        | sub_ln58_350      | sub | fabric    | 0       |
|   ama_addmuladd_12s_12s_13s_26s_26_1_1_U318 | 1   |        | add_ln58_210      | add | dsp_slice | 0       |
|   ama_addmuladd_12s_12s_13s_26s_26_1_1_U318 | 1   |        | mul_ln58_140      | mul | dsp_slice | 0       |
|   am_submul_12s_12s_13s_26_1_1_U240         | 1   |        | sub_ln58_351      | sub | dsp_slice | 0       |
|   sub_ln58_352_fu_2488_p2                   |     |        | sub_ln58_352      | sub | fabric    | 0       |
|   am_submul_12s_12s_13s_26_1_1_U240         | 1   |        | mul_ln58_141      | mul | dsp_slice | 0       |
|   ama_addmuladd_12s_12s_13s_26s_26_1_1_U318 | 1   |        | add_ln58_211      | add | dsp_slice | 0       |
|   add_ln58_212_fu_28471_p2                  |     |        | add_ln58_212      | add | fabric    | 0       |
|   sub_ln58_355_fu_9902_p2                   |     |        | sub_ln58_355      | sub | fabric    | 0       |
|   ama_addmuladd_12s_12s_13s_26s_26_1_1_U319 | 1   |        | add_ln58_213      | add | dsp_slice | 0       |
|   ama_addmuladd_12s_12s_13s_26s_26_1_1_U319 | 1   |        | mul_ln58_142      | mul | dsp_slice | 0       |
|   am_submul_12s_12s_13s_26_1_1_U241         | 1   |        | sub_ln58_356      | sub | dsp_slice | 0       |
|   sub_ln58_357_fu_2498_p2                   |     |        | sub_ln58_357      | sub | fabric    | 0       |
|   am_submul_12s_12s_13s_26_1_1_U241         | 1   |        | mul_ln58_143      | mul | dsp_slice | 0       |
|   ama_addmuladd_12s_12s_13s_26s_26_1_1_U319 | 1   |        | add_ln58_214      | add | dsp_slice | 0       |
|   add_ln58_215_fu_28730_p2                  |     |        | add_ln58_215      | add | fabric    | 0       |
|   sub_ln58_360_fu_9912_p2                   |     |        | sub_ln58_360      | sub | fabric    | 0       |
|   ama_addmuladd_12s_12s_13s_26s_26_1_1_U320 | 1   |        | add_ln58_216      | add | dsp_slice | 0       |
|   ama_addmuladd_12s_12s_13s_26s_26_1_1_U320 | 1   |        | mul_ln58_144      | mul | dsp_slice | 0       |
|   am_submul_12s_12s_13s_26_1_1_U242         | 1   |        | sub_ln58_361      | sub | dsp_slice | 0       |
|   sub_ln58_362_fu_2508_p2                   |     |        | sub_ln58_362      | sub | fabric    | 0       |
|   am_submul_12s_12s_13s_26_1_1_U242         | 1   |        | mul_ln58_145      | mul | dsp_slice | 0       |
|   ama_addmuladd_12s_12s_13s_26s_26_1_1_U320 | 1   |        | add_ln58_217      | add | dsp_slice | 0       |
|   add_ln58_218_fu_28993_p2                  |     |        | add_ln58_218      | add | fabric    | 0       |
|   sub_ln58_365_fu_9922_p2                   |     |        | sub_ln58_365      | sub | fabric    | 0       |
|   ama_addmuladd_12s_12s_13s_26s_26_1_1_U321 | 1   |        | add_ln58_219      | add | dsp_slice | 0       |
|   ama_addmuladd_12s_12s_13s_26s_26_1_1_U321 | 1   |        | mul_ln58_146      | mul | dsp_slice | 0       |
|   am_submul_12s_12s_13s_26_1_1_U243         | 1   |        | sub_ln58_366      | sub | dsp_slice | 0       |
|   sub_ln58_367_fu_2518_p2                   |     |        | sub_ln58_367      | sub | fabric    | 0       |
|   am_submul_12s_12s_13s_26_1_1_U243         | 1   |        | mul_ln58_147      | mul | dsp_slice | 0       |
|   ama_addmuladd_12s_12s_13s_26s_26_1_1_U321 | 1   |        | add_ln58_220      | add | dsp_slice | 0       |
|   add_ln58_221_fu_29252_p2                  |     |        | add_ln58_221      | add | fabric    | 0       |
|   sub_ln58_370_fu_9932_p2                   |     |        | sub_ln58_370      | sub | fabric    | 0       |
|   ama_addmuladd_12s_12s_13s_26s_26_1_1_U322 | 1   |        | add_ln58_222      | add | dsp_slice | 0       |
|   ama_addmuladd_12s_12s_13s_26s_26_1_1_U322 | 1   |        | mul_ln58_148      | mul | dsp_slice | 0       |
|   am_submul_12s_12s_13s_26_1_1_U244         | 1   |        | sub_ln58_371      | sub | dsp_slice | 0       |
|   sub_ln58_372_fu_2528_p2                   |     |        | sub_ln58_372      | sub | fabric    | 0       |
|   am_submul_12s_12s_13s_26_1_1_U244         | 1   |        | mul_ln58_149      | mul | dsp_slice | 0       |
|   ama_addmuladd_12s_12s_13s_26s_26_1_1_U322 | 1   |        | add_ln58_223      | add | dsp_slice | 0       |
|   add_ln58_224_fu_29511_p2                  |     |        | add_ln58_224      | add | fabric    | 0       |
|   sub_ln58_375_fu_9942_p2                   |     |        | sub_ln58_375      | sub | fabric    | 0       |
|   ama_addmuladd_12s_12s_13s_26s_26_1_1_U323 | 1   |        | add_ln58_225      | add | dsp_slice | 0       |
|   ama_addmuladd_12s_12s_13s_26s_26_1_1_U323 | 1   |        | mul_ln58_150      | mul | dsp_slice | 0       |
|   am_submul_12s_12s_13s_26_1_1_U245         | 1   |        | sub_ln58_376      | sub | dsp_slice | 0       |
|   sub_ln58_377_fu_2538_p2                   |     |        | sub_ln58_377      | sub | fabric    | 0       |
|   am_submul_12s_12s_13s_26_1_1_U245         | 1   |        | mul_ln58_151      | mul | dsp_slice | 0       |
|   ama_addmuladd_12s_12s_13s_26s_26_1_1_U323 | 1   |        | add_ln58_226      | add | dsp_slice | 0       |
|   add_ln58_227_fu_29774_p2                  |     |        | add_ln58_227      | add | fabric    | 0       |
|   sub_ln58_380_fu_9952_p2                   |     |        | sub_ln58_380      | sub | fabric    | 0       |
|   ama_addmuladd_12s_12s_13s_26s_26_1_1_U324 | 1   |        | add_ln58_228      | add | dsp_slice | 0       |
|   ama_addmuladd_12s_12s_13s_26s_26_1_1_U324 | 1   |        | mul_ln58_152      | mul | dsp_slice | 0       |
|   am_submul_12s_12s_13s_26_1_1_U246         | 1   |        | sub_ln58_381      | sub | dsp_slice | 0       |
|   sub_ln58_382_fu_2548_p2                   |     |        | sub_ln58_382      | sub | fabric    | 0       |
|   am_submul_12s_12s_13s_26_1_1_U246         | 1   |        | mul_ln58_153      | mul | dsp_slice | 0       |
|   ama_addmuladd_12s_12s_13s_26s_26_1_1_U324 | 1   |        | add_ln58_229      | add | dsp_slice | 0       |
|   add_ln58_230_fu_30033_p2                  |     |        | add_ln58_230      | add | fabric    | 0       |
|   sub_ln58_385_fu_9962_p2                   |     |        | sub_ln58_385      | sub | fabric    | 0       |
|   ama_addmuladd_12s_12s_13s_26s_26_1_1_U325 | 1   |        | add_ln58_231      | add | dsp_slice | 0       |
|   ama_addmuladd_12s_12s_13s_26s_26_1_1_U325 | 1   |        | mul_ln58_154      | mul | dsp_slice | 0       |
|   am_submul_12s_12s_13s_26_1_1_U247         | 1   |        | sub_ln58_386      | sub | dsp_slice | 0       |
|   sub_ln58_387_fu_2558_p2                   |     |        | sub_ln58_387      | sub | fabric    | 0       |
|   am_submul_12s_12s_13s_26_1_1_U247         | 1   |        | mul_ln58_155      | mul | dsp_slice | 0       |
|   ama_addmuladd_12s_12s_13s_26s_26_1_1_U325 | 1   |        | add_ln58_232      | add | dsp_slice | 0       |
|   add_ln58_233_fu_30296_p2                  |     |        | add_ln58_233      | add | fabric    | 0       |
|   mul_4ns_4ns_8_1_1_U39                     |     |        | ncount2           | mul | auto      | 0       |
|   add_ln276_fu_30681_p2                     |     |        | add_ln276         | add | fabric    | 0       |
|   add_ln276_1_fu_30696_p2                   |     |        | add_ln276_1       | add | fabric    | 0       |
|   add_ln276_2_fu_30711_p2                   |     |        | add_ln276_2       | add | fabric    | 0       |
|   add_ln276_3_fu_30726_p2                   |     |        | add_ln276_3       | add | fabric    | 0       |
|   add_ln276_4_fu_30741_p2                   |     |        | add_ln276_4       | add | fabric    | 0       |
|   add_ln276_5_fu_30760_p2                   |     |        | add_ln276_5       | add | fabric    | 0       |
|   add_ln276_6_fu_30775_p2                   |     |        | add_ln276_6       | add | fabric    | 0       |
|   add_ln276_7_fu_30790_p2                   |     |        | add_ln276_7       | add | fabric    | 0       |
|   add_ln276_8_fu_30809_p2                   |     |        | add_ln276_8       | add | fabric    | 0       |
|   add_ln276_9_fu_30824_p2                   |     |        | add_ln276_9       | add | fabric    | 0       |
|   add_ln276_10_fu_30839_p2                  |     |        | add_ln276_10      | add | fabric    | 0       |
|   add_ln276_11_fu_30854_p2                  |     |        | add_ln276_11      | add | fabric    | 0       |
|   add_ln276_12_fu_31048_p2                  |     |        | add_ln276_12      | add | fabric    | 0       |
|   add_ln276_13_fu_31054_p2                  |     |        | add_ln276_13      | add | fabric    | 0       |
|   add_ln276_14_fu_31749_p2                  |     |        | add_ln276_14      | add | fabric    | 0       |
|   add_ln276_15_fu_31759_p2                  |     |        | add_ln276_15      | add | fabric    | 0       |
|   add_ln276_16_fu_31769_p2                  |     |        | add_ln276_16      | add | fabric    | 0       |
|   add_ln276_17_fu_31779_p2                  |     |        | add_ln276_17      | add | fabric    | 0       |
|   add_ln276_18_fu_31789_p2                  |     |        | add_ln276_18      | add | fabric    | 0       |
|   add_ln276_19_fu_31799_p2                  |     |        | add_ln276_19      | add | fabric    | 0       |
|   add_ln276_20_fu_31809_p2                  |     |        | add_ln276_20      | add | fabric    | 0       |
|   add_ln276_21_fu_31819_p2                  |     |        | add_ln276_21      | add | fabric    | 0       |
|   add_ln276_22_fu_31829_p2                  |     |        | add_ln276_22      | add | fabric    | 0       |
|   add_ln276_23_fu_31839_p2                  |     |        | add_ln276_23      | add | fabric    | 0       |
|   add_ln276_24_fu_31845_p2                  |     |        | add_ln276_24      | add | fabric    | 0       |
|   add_ln276_25_fu_31855_p2                  |     |        | add_ln276_25      | add | fabric    | 0       |
|   add_ln276_26_fu_31865_p2                  |     |        | add_ln276_26      | add | fabric    | 0       |
|   add_ln276_27_fu_31875_p2                  |     |        | add_ln276_27      | add | fabric    | 0       |
|   add_ln276_28_fu_31885_p2                  |     |        | add_ln276_28      | add | fabric    | 0       |
|   add_ln276_29_fu_31895_p2                  |     |        | add_ln276_29      | add | fabric    | 0       |
|   add_ln276_30_fu_31905_p2                  |     |        | add_ln276_30      | add | fabric    | 0       |
|   add_ln276_31_fu_31915_p2                  |     |        | add_ln276_31      | add | fabric    | 0       |
|   add_ln276_32_fu_31925_p2                  |     |        | add_ln276_32      | add | fabric    | 0       |
|   add_ln276_33_fu_31935_p2                  |     |        | add_ln276_33      | add | fabric    | 0       |
|   add_ln276_34_fu_31941_p2                  |     |        | add_ln276_34      | add | fabric    | 0       |
|   add_ln276_35_fu_31951_p2                  |     |        | add_ln276_35      | add | fabric    | 0       |
|   add_ln276_36_fu_31961_p2                  |     |        | add_ln276_36      | add | fabric    | 0       |
|   add_ln276_37_fu_31971_p2                  |     |        | add_ln276_37      | add | fabric    | 0       |
|   add_ln276_38_fu_31981_p2                  |     |        | add_ln276_38      | add | fabric    | 0       |
|   add_ln276_41_fu_32007_p2                  |     |        | add_ln276_41      | add | fabric    | 0       |
|   add_ln276_42_fu_32017_p2                  |     |        | add_ln276_42      | add | fabric    | 0       |
|   add_ln276_43_fu_32027_p2                  |     |        | add_ln276_43      | add | fabric    | 0       |
|   add_ln276_44_fu_32037_p2                  |     |        | add_ln276_44      | add | fabric    | 0       |
|   add_ln276_45_fu_32047_p2                  |     |        | add_ln276_45      | add | fabric    | 0       |
|   add_ln276_46_fu_32053_p2                  |     |        | add_ln276_46      | add | fabric    | 0       |
|   add_ln276_47_fu_32063_p2                  |     |        | add_ln276_47      | add | fabric    | 0       |
|   add_ln276_48_fu_32073_p2                  |     |        | add_ln276_48      | add | fabric    | 0       |
|   add_ln276_49_fu_32083_p2                  |     |        | add_ln276_49      | add | fabric    | 0       |
|   add_ln276_50_fu_32093_p2                  |     |        | add_ln276_50      | add | fabric    | 0       |
|   add_ln276_53_fu_32119_p2                  |     |        | add_ln276_53      | add | fabric    | 0       |
|   add_ln276_54_fu_32129_p2                  |     |        | add_ln276_54      | add | fabric    | 0       |
|   add_ln276_55_fu_32139_p2                  |     |        | add_ln276_55      | add | fabric    | 0       |
|   add_ln276_56_fu_32149_p2                  |     |        | add_ln276_56      | add | fabric    | 0       |
|   add_ln276_57_fu_32159_p2                  |     |        | add_ln276_57      | add | fabric    | 0       |
|   add_ln276_58_fu_32165_p2                  |     |        | add_ln276_58      | add | fabric    | 0       |
|   add_ln276_59_fu_32175_p2                  |     |        | add_ln276_59      | add | fabric    | 0       |
|   add_ln276_60_fu_32185_p2                  |     |        | add_ln276_60      | add | fabric    | 0       |
|   add_ln276_61_fu_32195_p2                  |     |        | add_ln276_61      | add | fabric    | 0       |
|   add_ln276_62_fu_32205_p2                  |     |        | add_ln276_62      | add | fabric    | 0       |
|   add_ln276_65_fu_32231_p2                  |     |        | add_ln276_65      | add | fabric    | 0       |
|   add_ln276_66_fu_32241_p2                  |     |        | add_ln276_66      | add | fabric    | 0       |
|   add_ln276_67_fu_32251_p2                  |     |        | add_ln276_67      | add | fabric    | 0       |
|   add_ln276_68_fu_32261_p2                  |     |        | add_ln276_68      | add | fabric    | 0       |
|   add_ln276_69_fu_32271_p2                  |     |        | add_ln276_69      | add | fabric    | 0       |
|   add_ln276_70_fu_32277_p2                  |     |        | add_ln276_70      | add | fabric    | 0       |
|   add_ln276_71_fu_32287_p2                  |     |        | add_ln276_71      | add | fabric    | 0       |
|   add_ln276_72_fu_32297_p2                  |     |        | add_ln276_72      | add | fabric    | 0       |
|   add_ln276_73_fu_32307_p2                  |     |        | add_ln276_73      | add | fabric    | 0       |
|   add_ln276_74_fu_32317_p2                  |     |        | add_ln276_74      | add | fabric    | 0       |
|   add_ln276_77_fu_32343_p2                  |     |        | add_ln276_77      | add | fabric    | 0       |
|   add_ln276_78_fu_32353_p2                  |     |        | add_ln276_78      | add | fabric    | 0       |
|   add_ln276_79_fu_32363_p2                  |     |        | add_ln276_79      | add | fabric    | 0       |
|   add_ln276_80_fu_32373_p2                  |     |        | add_ln276_80      | add | fabric    | 0       |
|   add_ln276_81_fu_32383_p2                  |     |        | add_ln276_81      | add | fabric    | 0       |
|   add_ln276_82_fu_32389_p2                  |     |        | add_ln276_82      | add | fabric    | 0       |
|   add_ln276_83_fu_32399_p2                  |     |        | add_ln276_83      | add | fabric    | 0       |
|   add_ln276_84_fu_32409_p2                  |     |        | add_ln276_84      | add | fabric    | 0       |
|   add_ln276_85_fu_32419_p2                  |     |        | add_ln276_85      | add | fabric    | 0       |
|   add_ln276_86_fu_32429_p2                  |     |        | add_ln276_86      | add | fabric    | 0       |
|   add_ln276_89_fu_32455_p2                  |     |        | add_ln276_89      | add | fabric    | 0       |
|   add_ln276_90_fu_32465_p2                  |     |        | add_ln276_90      | add | fabric    | 0       |
|   add_ln276_91_fu_32475_p2                  |     |        | add_ln276_91      | add | fabric    | 0       |
|   add_ln276_92_fu_32485_p2                  |     |        | add_ln276_92      | add | fabric    | 0       |
|   add_ln276_93_fu_32495_p2                  |     |        | add_ln276_93      | add | fabric    | 0       |
|   add_ln276_94_fu_32501_p2                  |     |        | add_ln276_94      | add | fabric    | 0       |
|   add_ln276_95_fu_32511_p2                  |     |        | add_ln276_95      | add | fabric    | 0       |
|   add_ln276_96_fu_32521_p2                  |     |        | add_ln276_96      | add | fabric    | 0       |
|   add_ln276_97_fu_32531_p2                  |     |        | add_ln276_97      | add | fabric    | 0       |
|   add_ln276_98_fu_32541_p2                  |     |        | add_ln276_98      | add | fabric    | 0       |
|   add_ln276_101_fu_32567_p2                 |     |        | add_ln276_101     | add | fabric    | 0       |
|   add_ln276_102_fu_32577_p2                 |     |        | add_ln276_102     | add | fabric    | 0       |
|   add_ln276_103_fu_32587_p2                 |     |        | add_ln276_103     | add | fabric    | 0       |
|   add_ln276_104_fu_32597_p2                 |     |        | add_ln276_104     | add | fabric    | 0       |
|   add_ln276_105_fu_32607_p2                 |     |        | add_ln276_105     | add | fabric    | 0       |
|   add_ln276_106_fu_32613_p2                 |     |        | add_ln276_106     | add | fabric    | 0       |
|   add_ln276_107_fu_32623_p2                 |     |        | add_ln276_107     | add | fabric    | 0       |
|   add_ln276_108_fu_32633_p2                 |     |        | add_ln276_108     | add | fabric    | 0       |
|   add_ln276_109_fu_32643_p2                 |     |        | add_ln276_109     | add | fabric    | 0       |
|   add_ln276_110_fu_32653_p2                 |     |        | add_ln276_110     | add | fabric    | 0       |
|   add_ln276_113_fu_32679_p2                 |     |        | add_ln276_113     | add | fabric    | 0       |
|   add_ln276_114_fu_32689_p2                 |     |        | add_ln276_114     | add | fabric    | 0       |
|   add_ln276_115_fu_32699_p2                 |     |        | add_ln276_115     | add | fabric    | 0       |
|   add_ln276_116_fu_32709_p2                 |     |        | add_ln276_116     | add | fabric    | 0       |
|   add_ln276_117_fu_32719_p2                 |     |        | add_ln276_117     | add | fabric    | 0       |
|   add_ln276_118_fu_32725_p2                 |     |        | add_ln276_118     | add | fabric    | 0       |
|   add_ln276_119_fu_32735_p2                 |     |        | add_ln276_119     | add | fabric    | 0       |
|   add_ln276_120_fu_32745_p2                 |     |        | add_ln276_120     | add | fabric    | 0       |
|   add_ln276_121_fu_32755_p2                 |     |        | add_ln276_121     | add | fabric    | 0       |
|   add_ln276_122_fu_32765_p2                 |     |        | add_ln276_122     | add | fabric    | 0       |
|   add_ln276_125_fu_32791_p2                 |     |        | add_ln276_125     | add | fabric    | 0       |
|   add_ln276_126_fu_32801_p2                 |     |        | add_ln276_126     | add | fabric    | 0       |
|   add_ln276_127_fu_32811_p2                 |     |        | add_ln276_127     | add | fabric    | 0       |
|   add_ln276_128_fu_32821_p2                 |     |        | add_ln276_128     | add | fabric    | 0       |
|   add_ln276_129_fu_32831_p2                 |     |        | add_ln276_129     | add | fabric    | 0       |
|   add_ln276_130_fu_32837_p2                 |     |        | add_ln276_130     | add | fabric    | 0       |
|   add_ln276_131_fu_32847_p2                 |     |        | add_ln276_131     | add | fabric    | 0       |
|   add_ln276_132_fu_32857_p2                 |     |        | add_ln276_132     | add | fabric    | 0       |
|   add_ln276_133_fu_32867_p2                 |     |        | add_ln276_133     | add | fabric    | 0       |
|   add_ln276_134_fu_32877_p2                 |     |        | add_ln276_134     | add | fabric    | 0       |
|   add_ln276_137_fu_32903_p2                 |     |        | add_ln276_137     | add | fabric    | 0       |
|   add_ln276_138_fu_32913_p2                 |     |        | add_ln276_138     | add | fabric    | 0       |
|   add_ln276_139_fu_32923_p2                 |     |        | add_ln276_139     | add | fabric    | 0       |
|   add_ln276_140_fu_32933_p2                 |     |        | add_ln276_140     | add | fabric    | 0       |
|   add_ln276_141_fu_32943_p2                 |     |        | add_ln276_141     | add | fabric    | 0       |
|   add_ln276_142_fu_32949_p2                 |     |        | add_ln276_142     | add | fabric    | 0       |
|   add_ln276_143_fu_32959_p2                 |     |        | add_ln276_143     | add | fabric    | 0       |
|   add_ln276_144_fu_32969_p2                 |     |        | add_ln276_144     | add | fabric    | 0       |
|   add_ln276_145_fu_32979_p2                 |     |        | add_ln276_145     | add | fabric    | 0       |
|   add_ln276_146_fu_32989_p2                 |     |        | add_ln276_146     | add | fabric    | 0       |
|   add_ln276_149_fu_33015_p2                 |     |        | add_ln276_149     | add | fabric    | 0       |
|   add_ln276_150_fu_33025_p2                 |     |        | add_ln276_150     | add | fabric    | 0       |
|   add_ln276_151_fu_33035_p2                 |     |        | add_ln276_151     | add | fabric    | 0       |
|   add_ln276_152_fu_33045_p2                 |     |        | add_ln276_152     | add | fabric    | 0       |
|   add_ln276_153_fu_33055_p2                 |     |        | add_ln276_153     | add | fabric    | 0       |
|   add_ln276_154_fu_33061_p2                 |     |        | add_ln276_154     | add | fabric    | 0       |
|   add_ln276_155_fu_33071_p2                 |     |        | add_ln276_155     | add | fabric    | 0       |
|   add_ln276_156_fu_33081_p2                 |     |        | add_ln276_156     | add | fabric    | 0       |
|   add_ln276_157_fu_33091_p2                 |     |        | add_ln276_157     | add | fabric    | 0       |
|   add_ln276_158_fu_33101_p2                 |     |        | add_ln276_158     | add | fabric    | 0       |
|   add_ln276_161_fu_33127_p2                 |     |        | add_ln276_161     | add | fabric    | 0       |
|   add_ln276_162_fu_33137_p2                 |     |        | add_ln276_162     | add | fabric    | 0       |
|   add_ln276_163_fu_33147_p2                 |     |        | add_ln276_163     | add | fabric    | 0       |
|   add_ln276_164_fu_33157_p2                 |     |        | add_ln276_164     | add | fabric    | 0       |
|   add_ln276_165_fu_33167_p2                 |     |        | add_ln276_165     | add | fabric    | 0       |
|   add_ln276_166_fu_33182_p2                 |     |        | add_ln276_166     | add | fabric    | 0       |
|   add_ln276_167_fu_33192_p2                 |     |        | add_ln276_167     | add | fabric    | 0       |
|   add_ln276_168_fu_33202_p2                 |     |        | add_ln276_168     | add | fabric    | 0       |
|   add_ln276_169_fu_33212_p2                 |     |        | add_ln276_169     | add | fabric    | 0       |
|   add_ln276_170_fu_33222_p2                 |     |        | add_ln276_170     | add | fabric    | 0       |
|   add_ln276_173_fu_33248_p2                 |     |        | add_ln276_173     | add | fabric    | 0       |
|   add_ln276_174_fu_33258_p2                 |     |        | add_ln276_174     | add | fabric    | 0       |
|   add_ln276_175_fu_33268_p2                 |     |        | add_ln276_175     | add | fabric    | 0       |
|   add_ln276_176_fu_33278_p2                 |     |        | add_ln276_176     | add | fabric    | 0       |
|   add_ln276_177_fu_33288_p2                 |     |        | add_ln276_177     | add | fabric    | 0       |
|   add_ln281_1_fu_33342_p2                   |     |        | add_ln281_1       | add | fabric    | 0       |
|   add_ln281_2_fu_34479_p2                   |     |        | add_ln281_2       | add | fabric    | 0       |
|   add_ln281_3_fu_33348_p2                   |     |        | add_ln281_3       | add | fabric    | 0       |
|   add_ln281_4_fu_33354_p2                   |     |        | add_ln281_4       | add | fabric    | 0       |
|   add_ln281_5_fu_34495_p2                   |     |        | add_ln281_5       | add | fabric    | 0       |
|   add_ln281_6_fu_34505_p2                   |     |        | add_ln281_6       | add | fabric    | 0       |
|   add_ln281_7_fu_33360_p2                   |     |        | add_ln281_7       | add | fabric    | 0       |
|   add_ln281_8_fu_34518_p2                   |     |        | add_ln281_8       | add | fabric    | 0       |
|   add_ln281_9_fu_33366_p2                   |     |        | add_ln281_9       | add | fabric    | 0       |
|   add_ln281_10_fu_33372_p2                  |     |        | add_ln281_10      | add | fabric    | 0       |
|   add_ln281_11_fu_34534_p2                  |     |        | add_ln281_11      | add | fabric    | 0       |
|   add_ln281_12_fu_34544_p2                  |     |        | add_ln281_12      | add | fabric    | 0       |
|   am_addmul_13s_13s_11ns_25_1_1_U326        | 1   |        | add_ln281         | add | dsp_slice | 0       |
|   am_addmul_13s_13s_11ns_25_1_1_U326        | 1   |        | mul_ln285         | mul | dsp_slice | 0       |
|   mac_muladd_8ns_16s_28s_28_1_1_U327        | 1   |        | mul_ln285_1       | mul | dsp_slice | 0       |
|   mac_muladd_8ns_16s_28s_28_1_1_U327        | 1   |        | add_ln285         | add | dsp_slice | 0       |
|   jmass_1_fu_34758_p2                       |     |        | jmass_1           | add | fabric    | 0       |
|   mul_4ns_21s_25_1_1_U40                    |     |        | mul_i_i2182       | mul | auto      | 0       |
|   mul_10s_18ns_26_1_1_U41                   | 1   |        | mul_ln290         | mul | auto      | 0       |
|   add_ln290_fu_34863_p2                     |     |        | add_ln290         | add | fabric    | 0       |
|   add_ln290_1_fu_35001_p2                   |     |        | add_ln290_1       | add | fabric    | 0       |
|   mul_10s_18ns_26_1_1_U42                   | 1   |        | mul_ln290_1       | mul | auto      | 0       |
|   add_ln290_2_fu_35168_p2                   |     |        | add_ln290_2       | add | fabric    | 0       |
|   add_ln290_3_fu_35306_p2                   |     |        | add_ln290_3       | add | fabric    | 0       |
|   mul_10s_18ns_27_1_1_U43                   | 1   |        | mul_ln290_2       | mul | auto      | 0       |
|   add_ln290_4_fu_35473_p2                   |     |        | add_ln290_4       | add | fabric    | 0       |
|   add_ln290_5_fu_35611_p2                   |     |        | add_ln290_5       | add | fabric    | 0       |
|   mul_10s_18ns_27_1_1_U44                   | 1   |        | mul_ln290_3       | mul | auto      | 0       |
|   add_ln290_6_fu_35794_p2                   |     |        | add_ln290_6       | add | fabric    | 0       |
|   add_ln290_7_fu_35932_p2                   |     |        | add_ln290_7       | add | fabric    | 0       |
|   mul_10s_18ns_27_1_1_U45                   | 1   |        | mul_ln290_4       | mul | auto      | 0       |
|   add_ln290_8_fu_36115_p2                   |     |        | add_ln290_8       | add | fabric    | 0       |
|   add_ln290_9_fu_36253_p2                   |     |        | add_ln290_9       | add | fabric    | 0       |
|   mul_10s_18ns_27_1_1_U46                   | 1   |        | mul_ln290_5       | mul | auto      | 0       |
|   add_ln290_10_fu_36436_p2                  |     |        | add_ln290_10      | add | fabric    | 0       |
|   add_ln290_11_fu_36574_p2                  |     |        | add_ln290_11      | add | fabric    | 0       |
|   mul_10s_18ns_27_1_1_U47                   | 1   |        | mul_ln290_6       | mul | auto      | 0       |
|   add_ln290_12_fu_36757_p2                  |     |        | add_ln290_12      | add | fabric    | 0       |
|   add_ln290_13_fu_36895_p2                  |     |        | add_ln290_13      | add | fabric    | 0       |
|   mul_10s_18ns_27_1_1_U48                   | 1   |        | mul_ln290_7       | mul | auto      | 0       |
|   add_ln290_14_fu_37078_p2                  |     |        | add_ln290_14      | add | fabric    | 0       |
|   add_ln290_15_fu_37216_p2                  |     |        | add_ln290_15      | add | fabric    | 0       |
|   mul_10s_18ns_27_1_1_U49                   | 1   |        | mul_ln290_8       | mul | auto      | 0       |
|   add_ln290_16_fu_37399_p2                  |     |        | add_ln290_16      | add | fabric    | 0       |
|   add_ln290_17_fu_37537_p2                  |     |        | add_ln290_17      | add | fabric    | 0       |
|   mul_10s_18ns_27_1_1_U50                   | 1   |        | mul_ln290_9       | mul | auto      | 0       |
|   add_ln290_18_fu_37720_p2                  |     |        | add_ln290_18      | add | fabric    | 0       |
|   add_ln290_19_fu_37858_p2                  |     |        | add_ln290_19      | add | fabric    | 0       |
|   mul_10s_18ns_27_1_1_U51                   | 1   |        | mul_ln290_10      | mul | auto      | 0       |
|   add_ln290_20_fu_38041_p2                  |     |        | add_ln290_20      | add | fabric    | 0       |
|   add_ln290_21_fu_38179_p2                  |     |        | add_ln290_21      | add | fabric    | 0       |
|   mul_10s_18ns_27_1_1_U52                   | 1   |        | mul_ln290_11      | mul | auto      | 0       |
|   add_ln290_22_fu_38362_p2                  |     |        | add_ln290_22      | add | fabric    | 0       |
|   add_ln290_23_fu_38500_p2                  |     |        | add_ln290_23      | add | fabric    | 0       |
|   mul_10s_18ns_27_1_1_U53                   | 1   |        | mul_ln290_12      | mul | auto      | 0       |
|   add_ln290_24_fu_38683_p2                  |     |        | add_ln290_24      | add | fabric    | 0       |
|   add_ln290_25_fu_38821_p2                  |     |        | add_ln290_25      | add | fabric    | 0       |
|   mul_10s_18ns_27_1_1_U54                   | 1   |        | mul_ln290_13      | mul | auto      | 0       |
|   add_ln290_26_fu_39004_p2                  |     |        | add_ln290_26      | add | fabric    | 0       |
|   add_ln290_27_fu_39142_p2                  |     |        | add_ln290_27      | add | fabric    | 0       |
|   sub_ln381_fu_64982_p2                     |     |        | sub_ln381         | sub | fabric    | 0       |
|   sub_ln381_1_fu_65012_p2                   |     |        | sub_ln381_1       | sub | fabric    | 0       |
|   sub_ln381_2_fu_67085_p2                   |     |        | sub_ln381_2       | sub | fabric    | 0       |
|   sub_ln381_3_fu_67103_p2                   |     |        | sub_ln381_3       | sub | fabric    | 0       |
|   sub_ln381_4_fu_67183_p2                   |     |        | sub_ln381_4       | sub | fabric    | 0       |
|   add_ln381_fu_67201_p2                     |     |        | add_ln381         | add | fabric    | 0       |
|   Tp_fu_67227_p2                            |     |        | Tp                | add | fabric    | 0       |
|   mul_6s_6s_11_1_1_U153                     |     |        | mul_ln381         | mul | auto      | 0       |
|   sub_ln381_6_fu_67271_p2                   |     |        | sub_ln381_6       | sub | fabric    | 0       |
|   mul_ln381_110964_fu_67326_p2              |     |        | mul_ln381_110964  | sub | fabric    | 0       |
|   add_ln381_4_fu_67344_p2                   |     |        | add_ln381_4       | add | fabric    | 0       |
|   Tp_1_fu_67370_p2                          |     |        | Tp_1              | add | fabric    | 0       |
|   sub_ln381_7_fu_65032_p2                   |     |        | sub_ln381_7       | sub | fabric    | 0       |
|   sub_ln381_8_fu_67431_p2                   |     |        | sub_ln381_8       | sub | fabric    | 0       |
|   add_ln381_10_fu_67481_p2                  |     |        | add_ln381_10      | add | fabric    | 0       |
|   Tp_2_fu_67491_p2                          |     |        | Tp_2              | add | fabric    | 0       |
|   mul_6s_6s_11_1_1_U154                     |     |        | mul_ln381_1       | mul | auto      | 0       |
|   sub_ln381_290_fu_67548_p2                 |     |        | sub_ln381_290     | sub | fabric    | 0       |
|   add_ln381_16_fu_67611_p2                  |     |        | add_ln381_16      | add | fabric    | 0       |
|   sub_ln381_11_fu_65070_p2                  |     |        | sub_ln381_11      | sub | fabric    | 0       |
|   add_ln381_17_fu_67644_p2                  |     |        | add_ln381_17      | add | fabric    | 0       |
|   add_ln381_20_fu_67684_p2                  |     |        | add_ln381_20      | add | fabric    | 0       |
|   mul_6s_6s_11_1_1_U155                     |     |        | mul_ln381_2       | mul | auto      | 0       |
|   sub_ln381_291_fu_67731_p2                 |     |        | sub_ln381_291     | sub | fabric    | 0       |
|   add_ln381_21_fu_67741_p2                  |     |        | add_ln381_21      | add | fabric    | 0       |
|   add_ln381_22_fu_67751_p2                  |     |        | add_ln381_22      | add | fabric    | 0       |
|   Tp_5_fu_114407_p2                         |     |        | Tp_5              | add | fabric    | 0       |
|   add_ln381_24_fu_67802_p2                  |     |        | add_ln381_24      | add | fabric    | 0       |
|   sub_ln381_14_fu_65108_p2                  |     |        | sub_ln381_14      | sub | fabric    | 0       |
|   add_ln381_26_fu_67835_p2                  |     |        | add_ln381_26      | add | fabric    | 0       |
|   add_ln381_28_fu_67875_p2                  |     |        | add_ln381_28      | add | fabric    | 0       |
|   mul_6s_6s_11_1_1_U156                     |     |        | mul_ln381_3       | mul | auto      | 0       |
|   sub_ln381_292_fu_67922_p2                 |     |        | sub_ln381_292     | sub | fabric    | 0       |
|   add_ln381_30_fu_67932_p2                  |     |        | add_ln381_30      | add | fabric    | 0       |
|   add_ln381_31_fu_67942_p2                  |     |        | add_ln381_31      | add | fabric    | 0       |
|   Tp_7_fu_114419_p2                         |     |        | Tp_7              | add | fabric    | 0       |
|   add_ln381_32_fu_67993_p2                  |     |        | add_ln381_32      | add | fabric    | 0       |
|   sub_ln381_17_fu_65146_p2                  |     |        | sub_ln381_17      | sub | fabric    | 0       |
|   add_ln381_35_fu_68026_p2                  |     |        | add_ln381_35      | add | fabric    | 0       |
|   add_ln381_36_fu_68066_p2                  |     |        | add_ln381_36      | add | fabric    | 0       |
|   mul_6s_6s_11_1_1_U157                     |     |        | mul_ln381_4       | mul | auto      | 0       |
|   sub_ln381_293_fu_68113_p2                 |     |        | sub_ln381_293     | sub | fabric    | 0       |
|   add_ln381_39_fu_68123_p2                  |     |        | add_ln381_39      | add | fabric    | 0       |
|   add_ln381_41_fu_68133_p2                  |     |        | add_ln381_41      | add | fabric    | 0       |
|   Tp_9_fu_114431_p2                         |     |        | Tp_9              | add | fabric    | 0       |
|   add_ln381_40_fu_68184_p2                  |     |        | add_ln381_40      | add | fabric    | 0       |
|   sub_ln381_20_fu_65184_p2                  |     |        | sub_ln381_20      | sub | fabric    | 0       |
|   add_ln381_45_fu_68217_p2                  |     |        | add_ln381_45      | add | fabric    | 0       |
|   add_ln381_44_fu_68257_p2                  |     |        | add_ln381_44      | add | fabric    | 0       |
|   mul_6s_6s_11_1_1_U158                     |     |        | mul_ln381_5       | mul | auto      | 0       |
|   sub_ln381_294_fu_68304_p2                 |     |        | sub_ln381_294     | sub | fabric    | 0       |
|   add_ln381_49_fu_68314_p2                  |     |        | add_ln381_49      | add | fabric    | 0       |
|   add_ln381_50_fu_68324_p2                  |     |        | add_ln381_50      | add | fabric    | 0       |
|   Tp_11_fu_114443_p2                        |     |        | Tp_11             | add | fabric    | 0       |
|   add_ln381_48_fu_68375_p2                  |     |        | add_ln381_48      | add | fabric    | 0       |
|   sub_ln381_23_fu_65222_p2                  |     |        | sub_ln381_23      | sub | fabric    | 0       |
|   add_ln381_54_fu_68408_p2                  |     |        | add_ln381_54      | add | fabric    | 0       |
|   add_ln381_52_fu_68448_p2                  |     |        | add_ln381_52      | add | fabric    | 0       |
|   mul_6s_6s_11_1_1_U159                     |     |        | mul_ln381_6       | mul | auto      | 0       |
|   sub_ln381_295_fu_68495_p2                 |     |        | sub_ln381_295     | sub | fabric    | 0       |
|   add_ln381_58_fu_68505_p2                  |     |        | add_ln381_58      | add | fabric    | 0       |
|   add_ln381_59_fu_68515_p2                  |     |        | add_ln381_59      | add | fabric    | 0       |
|   Tp_13_fu_114455_p2                        |     |        | Tp_13             | add | fabric    | 0       |
|   add_ln381_56_fu_68566_p2                  |     |        | add_ln381_56      | add | fabric    | 0       |
|   sub_ln381_26_fu_65260_p2                  |     |        | sub_ln381_26      | sub | fabric    | 0       |
|   add_ln381_63_fu_68599_p2                  |     |        | add_ln381_63      | add | fabric    | 0       |
|   add_ln381_60_fu_68639_p2                  |     |        | add_ln381_60      | add | fabric    | 0       |
|   mul_6s_6s_11_1_1_U160                     |     |        | mul_ln381_7       | mul | auto      | 0       |
|   sub_ln381_296_fu_68686_p2                 |     |        | sub_ln381_296     | sub | fabric    | 0       |
|   add_ln381_67_fu_68696_p2                  |     |        | add_ln381_67      | add | fabric    | 0       |
|   add_ln381_69_fu_68706_p2                  |     |        | add_ln381_69      | add | fabric    | 0       |
|   Tp_15_fu_114467_p2                        |     |        | Tp_15             | add | fabric    | 0       |
|   add_ln381_64_fu_68757_p2                  |     |        | add_ln381_64      | add | fabric    | 0       |
|   sub_ln381_29_fu_65298_p2                  |     |        | sub_ln381_29      | sub | fabric    | 0       |
|   add_ln381_73_fu_68790_p2                  |     |        | add_ln381_73      | add | fabric    | 0       |
|   add_ln381_68_fu_68830_p2                  |     |        | add_ln381_68      | add | fabric    | 0       |
|   mul_6s_6s_11_1_1_U161                     |     |        | mul_ln381_8       | mul | auto      | 0       |
|   sub_ln381_297_fu_68877_p2                 |     |        | sub_ln381_297     | sub | fabric    | 0       |
|   add_ln381_77_fu_68887_p2                  |     |        | add_ln381_77      | add | fabric    | 0       |
|   add_ln381_78_fu_68897_p2                  |     |        | add_ln381_78      | add | fabric    | 0       |
|   Tp_17_fu_114479_p2                        |     |        | Tp_17             | add | fabric    | 0       |
|   add_ln381_72_fu_68948_p2                  |     |        | add_ln381_72      | add | fabric    | 0       |
|   sub_ln381_32_fu_65336_p2                  |     |        | sub_ln381_32      | sub | fabric    | 0       |
|   add_ln381_82_fu_68981_p2                  |     |        | add_ln381_82      | add | fabric    | 0       |
|   add_ln381_76_fu_69021_p2                  |     |        | add_ln381_76      | add | fabric    | 0       |
|   mul_6s_6s_11_1_1_U162                     |     |        | mul_ln381_9       | mul | auto      | 0       |
|   sub_ln381_298_fu_69068_p2                 |     |        | sub_ln381_298     | sub | fabric    | 0       |
|   add_ln381_86_fu_69078_p2                  |     |        | add_ln381_86      | add | fabric    | 0       |
|   add_ln381_87_fu_69088_p2                  |     |        | add_ln381_87      | add | fabric    | 0       |
|   Tp_19_fu_114491_p2                        |     |        | Tp_19             | add | fabric    | 0       |
|   add_ln381_80_fu_69139_p2                  |     |        | add_ln381_80      | add | fabric    | 0       |
|   sub_ln381_35_fu_69178_p2                  |     |        | sub_ln381_35      | sub | fabric    | 0       |
|   add_ln381_91_fu_69208_p2                  |     |        | add_ln381_91      | add | fabric    | 0       |
|   add_ln381_84_fu_69248_p2                  |     |        | add_ln381_84      | add | fabric    | 0       |
|   mul_6s_6s_11_1_1_U163                     |     |        | mul_ln381_10      | mul | auto      | 0       |
|   sub_ln381_299_fu_69296_p2                 |     |        | sub_ln381_299     | sub | fabric    | 0       |
|   add_ln381_95_fu_69306_p2                  |     |        | add_ln381_95      | add | fabric    | 0       |
|   add_ln381_97_fu_69316_p2                  |     |        | add_ln381_97      | add | fabric    | 0       |
|   Tp_21_fu_114503_p2                        |     |        | Tp_21             | add | fabric    | 0       |
|   add_ln381_88_fu_69367_p2                  |     |        | add_ln381_88      | add | fabric    | 0       |
|   sub_ln381_38_fu_69406_p2                  |     |        | sub_ln381_38      | sub | fabric    | 0       |
|   add_ln381_101_fu_69436_p2                 |     |        | add_ln381_101     | add | fabric    | 0       |
|   add_ln381_92_fu_69476_p2                  |     |        | add_ln381_92      | add | fabric    | 0       |
|   mul_6s_6s_11_1_1_U164                     |     |        | mul_ln381_11      | mul | auto      | 0       |
|   sub_ln381_300_fu_69524_p2                 |     |        | sub_ln381_300     | sub | fabric    | 0       |
|   add_ln381_105_fu_69534_p2                 |     |        | add_ln381_105     | add | fabric    | 0       |
|   add_ln381_106_fu_69544_p2                 |     |        | add_ln381_106     | add | fabric    | 0       |
|   Tp_23_fu_114515_p2                        |     |        | Tp_23             | add | fabric    | 0       |
|   add_ln381_96_fu_69595_p2                  |     |        | add_ln381_96      | add | fabric    | 0       |
|   sub_ln381_41_fu_69634_p2                  |     |        | sub_ln381_41      | sub | fabric    | 0       |
|   add_ln381_110_fu_69664_p2                 |     |        | add_ln381_110     | add | fabric    | 0       |
|   add_ln381_100_fu_69704_p2                 |     |        | add_ln381_100     | add | fabric    | 0       |
|   mul_6s_6s_11_1_1_U165                     |     |        | mul_ln381_12      | mul | auto      | 0       |
|   sub_ln381_301_fu_69752_p2                 |     |        | sub_ln381_301     | sub | fabric    | 0       |
|   add_ln381_113_fu_69762_p2                 |     |        | add_ln381_113     | add | fabric    | 0       |
|   add_ln381_114_fu_69772_p2                 |     |        | add_ln381_114     | add | fabric    | 0       |
|   Tp_25_fu_114527_p2                        |     |        | Tp_25             | add | fabric    | 0       |
|   add_ln381_104_fu_69823_p2                 |     |        | add_ln381_104     | add | fabric    | 0       |
|   sub_ln381_44_fu_65374_p2                  |     |        | sub_ln381_44      | sub | fabric    | 0       |
|   add_ln381_117_fu_69856_p2                 |     |        | add_ln381_117     | add | fabric    | 0       |
|   add_ln381_108_fu_69896_p2                 |     |        | add_ln381_108     | add | fabric    | 0       |
|   mul_6s_6s_11_1_1_U166                     |     |        | mul_ln381_13      | mul | auto      | 0       |
|   sub_ln381_302_fu_69943_p2                 |     |        | sub_ln381_302     | sub | fabric    | 0       |
|   add_ln381_120_fu_69953_p2                 |     |        | add_ln381_120     | add | fabric    | 0       |
|   add_ln381_121_fu_69963_p2                 |     |        | add_ln381_121     | add | fabric    | 0       |
|   Tp_27_fu_114539_p2                        |     |        | Tp_27             | add | fabric    | 0       |
|   sub_ln381_45_fu_69973_p2                  |     |        | sub_ln381_45      | sub | fabric    | 0       |
|   add_ln381_124_fu_69991_p2                 |     |        | add_ln381_124     | add | fabric    | 0       |
|   Tp_28_fu_70001_p2                         |     |        | Tp_28             | add | fabric    | 0       |
|   sub_ln381_46_fu_70018_p2                  |     |        | sub_ln381_46      | sub | fabric    | 0       |
|   sub_ln381_48_fu_70072_p2                  |     |        | sub_ln381_48      | sub | fabric    | 0       |
|   add_ln381_130_fu_70100_p2                 |     |        | add_ln381_130     | add | fabric    | 0       |
|   add_ln381_131_fu_70110_p2                 |     |        | add_ln381_131     | add | fabric    | 0       |
|   Tp_30_fu_70136_p2                         |     |        | Tp_30             | add | fabric    | 0       |
|   sub_ln381_49_fu_70149_p2                  |     |        | sub_ln381_49      | sub | fabric    | 0       |
|   tmp4138371_fu_70159_p2                    |     |        | tmp4138371        | add | fabric    | 0       |
|   add_ln381_136_fu_70177_p2                 |     |        | add_ln381_136     | add | fabric    | 0       |
|   add_ln381_138_fu_70187_p2                 |     |        | add_ln381_138     | add | fabric    | 0       |
|   add_ln381_125_fu_70239_p2                 |     |        | add_ln381_125     | add | fabric    | 0       |
|   add_ln381_129_fu_70272_p2                 |     |        | add_ln381_129     | add | fabric    | 0       |
|   add_ln381_144_fu_70278_p2                 |     |        | add_ln381_144     | add | fabric    | 0       |
|   Tp_33_fu_114569_p2                        |     |        | Tp_33             | add | fabric    | 0       |
|   add_ln381_133_fu_70322_p2                 |     |        | add_ln381_133     | add | fabric    | 0       |
|   add_ln381_137_fu_70355_p2                 |     |        | add_ln381_137     | add | fabric    | 0       |
|   add_ln381_150_fu_70361_p2                 |     |        | add_ln381_150     | add | fabric    | 0       |
|   Tp_35_fu_114578_p2                        |     |        | Tp_35             | add | fabric    | 0       |
|   add_ln381_141_fu_70405_p2                 |     |        | add_ln381_141     | add | fabric    | 0       |
|   add_ln381_145_fu_70438_p2                 |     |        | add_ln381_145     | add | fabric    | 0       |
|   add_ln381_155_fu_70444_p2                 |     |        | add_ln381_155     | add | fabric    | 0       |
|   Tp_37_fu_114587_p2                        |     |        | Tp_37             | add | fabric    | 0       |
|   add_ln381_149_fu_70488_p2                 |     |        | add_ln381_149     | add | fabric    | 0       |
|   add_ln381_153_fu_70521_p2                 |     |        | add_ln381_153     | add | fabric    | 0       |
|   add_ln381_160_fu_70527_p2                 |     |        | add_ln381_160     | add | fabric    | 0       |
|   Tp_39_fu_114596_p2                        |     |        | Tp_39             | add | fabric    | 0       |
|   add_ln381_157_fu_70571_p2                 |     |        | add_ln381_157     | add | fabric    | 0       |
|   add_ln381_161_fu_70604_p2                 |     |        | add_ln381_161     | add | fabric    | 0       |
|   add_ln381_166_fu_70610_p2                 |     |        | add_ln381_166     | add | fabric    | 0       |
|   Tp_41_fu_114605_p2                        |     |        | Tp_41             | add | fabric    | 0       |
|   add_ln381_165_fu_70654_p2                 |     |        | add_ln381_165     | add | fabric    | 0       |
|   add_ln381_169_fu_70687_p2                 |     |        | add_ln381_169     | add | fabric    | 0       |
|   add_ln381_171_fu_70693_p2                 |     |        | add_ln381_171     | add | fabric    | 0       |
|   Tp_43_fu_114614_p2                        |     |        | Tp_43             | add | fabric    | 0       |
|   add_ln381_173_fu_70737_p2                 |     |        | add_ln381_173     | add | fabric    | 0       |
|   add_ln381_176_fu_70770_p2                 |     |        | add_ln381_176     | add | fabric    | 0       |
|   add_ln381_177_fu_70776_p2                 |     |        | add_ln381_177     | add | fabric    | 0       |
|   Tp_45_fu_114623_p2                        |     |        | Tp_45             | add | fabric    | 0       |
|   add_ln381_179_fu_70820_p2                 |     |        | add_ln381_179     | add | fabric    | 0       |
|   add_ln381_182_fu_70853_p2                 |     |        | add_ln381_182     | add | fabric    | 0       |
|   add_ln381_183_fu_70859_p2                 |     |        | add_ln381_183     | add | fabric    | 0       |
|   Tp_47_fu_114632_p2                        |     |        | Tp_47             | add | fabric    | 0       |
|   add_ln381_185_fu_70903_p2                 |     |        | add_ln381_185     | add | fabric    | 0       |
|   add_ln381_188_fu_70936_p2                 |     |        | add_ln381_188     | add | fabric    | 0       |
|   add_ln381_189_fu_70942_p2                 |     |        | add_ln381_189     | add | fabric    | 0       |
|   Tp_49_fu_114641_p2                        |     |        | Tp_49             | add | fabric    | 0       |
|   add_ln381_191_fu_70986_p2                 |     |        | add_ln381_191     | add | fabric    | 0       |
|   add_ln381_194_fu_71019_p2                 |     |        | add_ln381_194     | add | fabric    | 0       |
|   add_ln381_195_fu_71025_p2                 |     |        | add_ln381_195     | add | fabric    | 0       |
|   Tp_51_fu_114650_p2                        |     |        | Tp_51             | add | fabric    | 0       |
|   add_ln381_197_fu_71069_p2                 |     |        | add_ln381_197     | add | fabric    | 0       |
|   add_ln381_200_fu_71102_p2                 |     |        | add_ln381_200     | add | fabric    | 0       |
|   add_ln381_201_fu_71108_p2                 |     |        | add_ln381_201     | add | fabric    | 0       |
|   Tp_53_fu_114659_p2                        |     |        | Tp_53             | add | fabric    | 0       |
|   add_ln381_203_fu_71152_p2                 |     |        | add_ln381_203     | add | fabric    | 0       |
|   add_ln381_206_fu_71185_p2                 |     |        | add_ln381_206     | add | fabric    | 0       |
|   add_ln381_207_fu_71191_p2                 |     |        | add_ln381_207     | add | fabric    | 0       |
|   Tp_55_fu_114668_p2                        |     |        | Tp_55             | add | fabric    | 0       |
|   sub_ln381_74_fu_65380_p2                  |     |        | sub_ln381_74      | sub | fabric    | 0       |
|   add_ln381_209_fu_71212_p2                 |     |        | add_ln381_209     | add | fabric    | 0       |
|   sub_ln381_75_fu_65398_p2                  |     |        | sub_ln381_75      | sub | fabric    | 0       |
|   add_ln381_212_fu_71245_p2                 |     |        | add_ln381_212     | add | fabric    | 0       |
|   add_ln381_213_fu_71255_p2                 |     |        | add_ln381_213     | add | fabric    | 0       |
|   Tp_57_fu_114680_p2                        |     |        | Tp_57             | add | fabric    | 0       |
|   add_ln381_217_fu_71277_p2                 |     |        | add_ln381_217     | add | fabric    | 0       |
|   Tp_59_fu_114689_p2                        |     |        | Tp_59             | add | fabric    | 0       |
|   sub_ln381_79_fu_71324_p2                  |     |        | sub_ln381_79      | sub | fabric    | 0       |
|   add_ln381_219_fu_71342_p2                 |     |        | add_ln381_219     | add | fabric    | 0       |
|   Tp_60_fu_71368_p2                         |     |        | Tp_60             | add | fabric    | 0       |
|   sub_ln381_80_fu_65458_p2                  |     |        | sub_ln381_80      | sub | fabric    | 0       |
|   addconv_fu_71388_p2                       |     |        | addconv           | add | fabric    | 0       |
|   mul_ln381_510901_fu_71406_p2              |     |        | mul_ln381_510901  | sub | fabric    | 0       |
|   add_ln381_223_fu_71424_p2                 |     |        | add_ln381_223     | add | fabric    | 0       |
|   add_ln381_224_fu_71434_p2                 |     |        | add_ln381_224     | add | fabric    | 0       |
|   add_ln381_228_fu_71494_p2                 |     |        | add_ln381_228     | add | fabric    | 0       |
|   add_ln381_231_fu_71527_p2                 |     |        | add_ln381_231     | add | fabric    | 0       |
|   add_ln381_232_fu_71533_p2                 |     |        | add_ln381_232     | add | fabric    | 0       |
|   Tp_63_fu_114698_p2                        |     |        | Tp_63             | add | fabric    | 0       |
|   add_ln381_234_fu_71577_p2                 |     |        | add_ln381_234     | add | fabric    | 0       |
|   add_ln381_237_fu_71610_p2                 |     |        | add_ln381_237     | add | fabric    | 0       |
|   add_ln381_238_fu_71616_p2                 |     |        | add_ln381_238     | add | fabric    | 0       |
|   Tp_65_fu_114707_p2                        |     |        | Tp_65             | add | fabric    | 0       |
|   add_ln381_240_fu_71660_p2                 |     |        | add_ln381_240     | add | fabric    | 0       |
|   add_ln381_243_fu_71693_p2                 |     |        | add_ln381_243     | add | fabric    | 0       |
|   add_ln381_244_fu_71699_p2                 |     |        | add_ln381_244     | add | fabric    | 0       |
|   Tp_67_fu_114716_p2                        |     |        | Tp_67             | add | fabric    | 0       |
|   add_ln381_246_fu_71743_p2                 |     |        | add_ln381_246     | add | fabric    | 0       |
|   add_ln381_249_fu_71776_p2                 |     |        | add_ln381_249     | add | fabric    | 0       |
|   add_ln381_250_fu_71782_p2                 |     |        | add_ln381_250     | add | fabric    | 0       |
|   Tp_69_fu_114725_p2                        |     |        | Tp_69             | add | fabric    | 0       |
|   add_ln381_252_fu_71826_p2                 |     |        | add_ln381_252     | add | fabric    | 0       |
|   add_ln381_255_fu_71859_p2                 |     |        | add_ln381_255     | add | fabric    | 0       |
|   add_ln381_256_fu_71865_p2                 |     |        | add_ln381_256     | add | fabric    | 0       |
|   Tp_71_fu_114734_p2                        |     |        | Tp_71             | add | fabric    | 0       |
|   add_ln381_258_fu_71909_p2                 |     |        | add_ln381_258     | add | fabric    | 0       |
|   add_ln381_261_fu_71942_p2                 |     |        | add_ln381_261     | add | fabric    | 0       |
|   add_ln381_262_fu_71948_p2                 |     |        | add_ln381_262     | add | fabric    | 0       |
|   Tp_73_fu_114743_p2                        |     |        | Tp_73             | add | fabric    | 0       |
|   add_ln381_264_fu_71992_p2                 |     |        | add_ln381_264     | add | fabric    | 0       |
|   add_ln381_267_fu_72025_p2                 |     |        | add_ln381_267     | add | fabric    | 0       |
|   add_ln381_268_fu_72031_p2                 |     |        | add_ln381_268     | add | fabric    | 0       |
|   Tp_75_fu_114752_p2                        |     |        | Tp_75             | add | fabric    | 0       |
|   add_ln381_270_fu_72075_p2                 |     |        | add_ln381_270     | add | fabric    | 0       |
|   add_ln381_273_fu_72108_p2                 |     |        | add_ln381_273     | add | fabric    | 0       |
|   add_ln381_274_fu_72114_p2                 |     |        | add_ln381_274     | add | fabric    | 0       |
|   Tp_77_fu_114761_p2                        |     |        | Tp_77             | add | fabric    | 0       |
|   add_ln381_276_fu_72158_p2                 |     |        | add_ln381_276     | add | fabric    | 0       |
|   add_ln381_279_fu_72191_p2                 |     |        | add_ln381_279     | add | fabric    | 0       |
|   add_ln381_280_fu_72197_p2                 |     |        | add_ln381_280     | add | fabric    | 0       |
|   Tp_79_fu_114770_p2                        |     |        | Tp_79             | add | fabric    | 0       |
|   add_ln381_282_fu_72241_p2                 |     |        | add_ln381_282     | add | fabric    | 0       |
|   add_ln381_285_fu_72274_p2                 |     |        | add_ln381_285     | add | fabric    | 0       |
|   add_ln381_286_fu_72280_p2                 |     |        | add_ln381_286     | add | fabric    | 0       |
|   Tp_81_fu_114779_p2                        |     |        | Tp_81             | add | fabric    | 0       |
|   add_ln381_288_fu_72324_p2                 |     |        | add_ln381_288     | add | fabric    | 0       |
|   add_ln381_291_fu_72357_p2                 |     |        | add_ln381_291     | add | fabric    | 0       |
|   add_ln381_292_fu_72363_p2                 |     |        | add_ln381_292     | add | fabric    | 0       |
|   Tp_83_fu_114788_p2                        |     |        | Tp_83             | add | fabric    | 0       |
|   sub_ln381_103_fu_65464_p2                 |     |        | sub_ln381_103     | sub | fabric    | 0       |
|   add_ln381_294_fu_72384_p2                 |     |        | add_ln381_294     | add | fabric    | 0       |
|   sub_ln381_104_fu_65482_p2                 |     |        | sub_ln381_104     | sub | fabric    | 0       |
|   add_ln381_297_fu_72417_p2                 |     |        | add_ln381_297     | add | fabric    | 0       |
|   add_ln381_298_fu_72427_p2                 |     |        | add_ln381_298     | add | fabric    | 0       |
|   Tp_85_fu_114800_p2                        |     |        | Tp_85             | add | fabric    | 0       |
|   add_ln381_302_fu_72449_p2                 |     |        | add_ln381_302     | add | fabric    | 0       |
|   Tp_87_fu_114809_p2                        |     |        | Tp_87             | add | fabric    | 0       |
|   add_ln381_306_fu_72471_p2                 |     |        | add_ln381_306     | add | fabric    | 0       |
|   Tp_89_fu_114818_p2                        |     |        | Tp_89             | add | fabric    | 0       |
|   sub_ln381_108_fu_72518_p2                 |     |        | sub_ln381_108     | sub | fabric    | 0       |
|   add_ln381_308_fu_72536_p2                 |     |        | add_ln381_308     | add | fabric    | 0       |
|   Tp_90_fu_72562_p2                         |     |        | Tp_90             | add | fabric    | 0       |
|   sub_ln381_109_fu_65544_p2                 |     |        | sub_ln381_109     | sub | fabric    | 0       |
|   addconv498_fu_72582_p2                    |     |        | addconv498        | add | fabric    | 0       |
|   mul_ln381_710899_fu_72600_p2              |     |        | mul_ln381_710899  | sub | fabric    | 0       |
|   add_ln381_312_fu_72618_p2                 |     |        | add_ln381_312     | add | fabric    | 0       |
|   add_ln381_313_fu_72628_p2                 |     |        | add_ln381_313     | add | fabric    | 0       |
|   add_ln381_316_fu_72688_p2                 |     |        | add_ln381_316     | add | fabric    | 0       |
|   add_ln381_319_fu_72721_p2                 |     |        | add_ln381_319     | add | fabric    | 0       |
|   add_ln381_320_fu_72727_p2                 |     |        | add_ln381_320     | add | fabric    | 0       |
|   Tp_93_fu_114827_p2                        |     |        | Tp_93             | add | fabric    | 0       |
|   add_ln381_322_fu_72771_p2                 |     |        | add_ln381_322     | add | fabric    | 0       |
|   add_ln381_326_fu_72804_p2                 |     |        | add_ln381_326     | add | fabric    | 0       |
|   add_ln381_327_fu_72810_p2                 |     |        | add_ln381_327     | add | fabric    | 0       |
|   Tp_95_fu_114836_p2                        |     |        | Tp_95             | add | fabric    | 0       |
|   add_ln381_329_fu_72854_p2                 |     |        | add_ln381_329     | add | fabric    | 0       |
|   add_ln381_332_fu_72887_p2                 |     |        | add_ln381_332     | add | fabric    | 0       |
|   add_ln381_333_fu_72893_p2                 |     |        | add_ln381_333     | add | fabric    | 0       |
|   Tp_97_fu_114845_p2                        |     |        | Tp_97             | add | fabric    | 0       |
|   add_ln381_335_fu_72937_p2                 |     |        | add_ln381_335     | add | fabric    | 0       |
|   add_ln381_338_fu_72970_p2                 |     |        | add_ln381_338     | add | fabric    | 0       |
|   add_ln381_339_fu_72976_p2                 |     |        | add_ln381_339     | add | fabric    | 0       |
|   Tp_99_fu_114854_p2                        |     |        | Tp_99             | add | fabric    | 0       |
|   add_ln381_341_fu_73020_p2                 |     |        | add_ln381_341     | add | fabric    | 0       |
|   add_ln381_344_fu_73053_p2                 |     |        | add_ln381_344     | add | fabric    | 0       |
|   add_ln381_345_fu_73059_p2                 |     |        | add_ln381_345     | add | fabric    | 0       |
|   Tp_101_fu_114863_p2                       |     |        | Tp_101            | add | fabric    | 0       |
|   add_ln381_347_fu_73103_p2                 |     |        | add_ln381_347     | add | fabric    | 0       |
|   add_ln381_350_fu_73136_p2                 |     |        | add_ln381_350     | add | fabric    | 0       |
|   add_ln381_351_fu_73142_p2                 |     |        | add_ln381_351     | add | fabric    | 0       |
|   Tp_103_fu_114872_p2                       |     |        | Tp_103            | add | fabric    | 0       |
|   add_ln381_353_fu_73186_p2                 |     |        | add_ln381_353     | add | fabric    | 0       |
|   add_ln381_356_fu_73219_p2                 |     |        | add_ln381_356     | add | fabric    | 0       |
|   add_ln381_357_fu_73225_p2                 |     |        | add_ln381_357     | add | fabric    | 0       |
|   Tp_105_fu_114881_p2                       |     |        | Tp_105            | add | fabric    | 0       |
|   add_ln381_359_fu_73269_p2                 |     |        | add_ln381_359     | add | fabric    | 0       |
|   add_ln381_362_fu_73302_p2                 |     |        | add_ln381_362     | add | fabric    | 0       |
|   add_ln381_363_fu_73308_p2                 |     |        | add_ln381_363     | add | fabric    | 0       |
|   Tp_107_fu_114890_p2                       |     |        | Tp_107            | add | fabric    | 0       |
|   add_ln381_365_fu_73352_p2                 |     |        | add_ln381_365     | add | fabric    | 0       |
|   add_ln381_368_fu_73385_p2                 |     |        | add_ln381_368     | add | fabric    | 0       |
|   add_ln381_369_fu_73391_p2                 |     |        | add_ln381_369     | add | fabric    | 0       |
|   Tp_109_fu_114899_p2                       |     |        | Tp_109            | add | fabric    | 0       |
|   add_ln381_371_fu_73435_p2                 |     |        | add_ln381_371     | add | fabric    | 0       |
|   add_ln381_374_fu_73468_p2                 |     |        | add_ln381_374     | add | fabric    | 0       |
|   add_ln381_375_fu_73474_p2                 |     |        | add_ln381_375     | add | fabric    | 0       |
|   Tp_111_fu_114908_p2                       |     |        | Tp_111            | add | fabric    | 0       |
|   sub_ln381_130_fu_65550_p2                 |     |        | sub_ln381_130     | sub | fabric    | 0       |
|   add_ln381_377_fu_73495_p2                 |     |        | add_ln381_377     | add | fabric    | 0       |
|   sub_ln381_131_fu_65568_p2                 |     |        | sub_ln381_131     | sub | fabric    | 0       |
|   add_ln381_380_fu_73528_p2                 |     |        | add_ln381_380     | add | fabric    | 0       |
|   add_ln381_381_fu_73538_p2                 |     |        | add_ln381_381     | add | fabric    | 0       |
|   Tp_113_fu_114920_p2                       |     |        | Tp_113            | add | fabric    | 0       |
|   add_ln381_385_fu_73560_p2                 |     |        | add_ln381_385     | add | fabric    | 0       |
|   Tp_115_fu_114929_p2                       |     |        | Tp_115            | add | fabric    | 0       |
|   add_ln381_389_fu_73582_p2                 |     |        | add_ln381_389     | add | fabric    | 0       |
|   Tp_117_fu_114938_p2                       |     |        | Tp_117            | add | fabric    | 0       |
|   add_ln381_393_fu_73604_p2                 |     |        | add_ln381_393     | add | fabric    | 0       |
|   Tp_119_fu_114947_p2                       |     |        | Tp_119            | add | fabric    | 0       |
|   sub_ln381_135_fu_73651_p2                 |     |        | sub_ln381_135     | sub | fabric    | 0       |
|   add_ln381_395_fu_73669_p2                 |     |        | add_ln381_395     | add | fabric    | 0       |
|   Tp_120_fu_73695_p2                        |     |        | Tp_120            | add | fabric    | 0       |
|   sub_ln381_136_fu_65630_p2                 |     |        | sub_ln381_136     | sub | fabric    | 0       |
|   addconv499_fu_73715_p2                    |     |        | addconv499        | add | fabric    | 0       |
|   mul_ln381_910897_fu_73733_p2              |     |        | mul_ln381_910897  | sub | fabric    | 0       |
|   add_ln381_399_fu_73751_p2                 |     |        | add_ln381_399     | add | fabric    | 0       |
|   add_ln381_400_fu_73761_p2                 |     |        | add_ln381_400     | add | fabric    | 0       |
|   add_ln381_403_fu_73821_p2                 |     |        | add_ln381_403     | add | fabric    | 0       |
|   add_ln381_406_fu_73854_p2                 |     |        | add_ln381_406     | add | fabric    | 0       |
|   add_ln381_407_fu_73860_p2                 |     |        | add_ln381_407     | add | fabric    | 0       |
|   Tp_123_fu_114956_p2                       |     |        | Tp_123            | add | fabric    | 0       |
|   add_ln381_409_fu_73904_p2                 |     |        | add_ln381_409     | add | fabric    | 0       |
|   add_ln381_412_fu_73937_p2                 |     |        | add_ln381_412     | add | fabric    | 0       |
|   add_ln381_413_fu_73943_p2                 |     |        | add_ln381_413     | add | fabric    | 0       |
|   Tp_125_fu_114965_p2                       |     |        | Tp_125            | add | fabric    | 0       |
|   add_ln381_415_fu_73987_p2                 |     |        | add_ln381_415     | add | fabric    | 0       |
|   add_ln381_419_fu_74020_p2                 |     |        | add_ln381_419     | add | fabric    | 0       |
|   add_ln381_420_fu_74026_p2                 |     |        | add_ln381_420     | add | fabric    | 0       |
|   Tp_127_fu_114974_p2                       |     |        | Tp_127            | add | fabric    | 0       |
|   add_ln381_422_fu_74070_p2                 |     |        | add_ln381_422     | add | fabric    | 0       |
|   add_ln381_425_fu_74103_p2                 |     |        | add_ln381_425     | add | fabric    | 0       |
|   add_ln381_426_fu_74109_p2                 |     |        | add_ln381_426     | add | fabric    | 0       |
|   Tp_129_fu_114983_p2                       |     |        | Tp_129            | add | fabric    | 0       |
|   add_ln381_428_fu_74153_p2                 |     |        | add_ln381_428     | add | fabric    | 0       |
|   add_ln381_431_fu_74186_p2                 |     |        | add_ln381_431     | add | fabric    | 0       |
|   add_ln381_432_fu_74192_p2                 |     |        | add_ln381_432     | add | fabric    | 0       |
|   Tp_131_fu_114992_p2                       |     |        | Tp_131            | add | fabric    | 0       |
|   add_ln381_434_fu_74236_p2                 |     |        | add_ln381_434     | add | fabric    | 0       |
|   add_ln381_437_fu_74269_p2                 |     |        | add_ln381_437     | add | fabric    | 0       |
|   add_ln381_438_fu_74275_p2                 |     |        | add_ln381_438     | add | fabric    | 0       |
|   Tp_133_fu_115001_p2                       |     |        | Tp_133            | add | fabric    | 0       |
|   add_ln381_440_fu_74319_p2                 |     |        | add_ln381_440     | add | fabric    | 0       |
|   add_ln381_443_fu_74352_p2                 |     |        | add_ln381_443     | add | fabric    | 0       |
|   add_ln381_444_fu_74358_p2                 |     |        | add_ln381_444     | add | fabric    | 0       |
|   Tp_135_fu_115010_p2                       |     |        | Tp_135            | add | fabric    | 0       |
|   add_ln381_446_fu_74402_p2                 |     |        | add_ln381_446     | add | fabric    | 0       |
|   add_ln381_449_fu_74435_p2                 |     |        | add_ln381_449     | add | fabric    | 0       |
|   add_ln381_450_fu_74441_p2                 |     |        | add_ln381_450     | add | fabric    | 0       |
|   Tp_137_fu_115019_p2                       |     |        | Tp_137            | add | fabric    | 0       |
|   add_ln381_452_fu_74485_p2                 |     |        | add_ln381_452     | add | fabric    | 0       |
|   add_ln381_455_fu_74518_p2                 |     |        | add_ln381_455     | add | fabric    | 0       |
|   add_ln381_456_fu_74524_p2                 |     |        | add_ln381_456     | add | fabric    | 0       |
|   Tp_139_fu_115028_p2                       |     |        | Tp_139            | add | fabric    | 0       |
|   sub_ln381_155_fu_65636_p2                 |     |        | sub_ln381_155     | sub | fabric    | 0       |
|   add_ln381_458_fu_74545_p2                 |     |        | add_ln381_458     | add | fabric    | 0       |
|   sub_ln381_156_fu_65654_p2                 |     |        | sub_ln381_156     | sub | fabric    | 0       |
|   add_ln381_461_fu_74578_p2                 |     |        | add_ln381_461     | add | fabric    | 0       |
|   add_ln381_462_fu_74588_p2                 |     |        | add_ln381_462     | add | fabric    | 0       |
|   Tp_141_fu_115040_p2                       |     |        | Tp_141            | add | fabric    | 0       |
|   add_ln381_466_fu_74610_p2                 |     |        | add_ln381_466     | add | fabric    | 0       |
|   Tp_143_fu_115049_p2                       |     |        | Tp_143            | add | fabric    | 0       |
|   add_ln381_470_fu_74632_p2                 |     |        | add_ln381_470     | add | fabric    | 0       |
|   Tp_145_fu_115058_p2                       |     |        | Tp_145            | add | fabric    | 0       |
|   add_ln381_474_fu_74654_p2                 |     |        | add_ln381_474     | add | fabric    | 0       |
|   Tp_147_fu_115067_p2                       |     |        | Tp_147            | add | fabric    | 0       |
|   add_ln381_478_fu_74676_p2                 |     |        | add_ln381_478     | add | fabric    | 0       |
|   Tp_149_fu_115076_p2                       |     |        | Tp_149            | add | fabric    | 0       |
|   sub_ln381_160_fu_74723_p2                 |     |        | sub_ln381_160     | sub | fabric    | 0       |
|   add_ln381_480_fu_74741_p2                 |     |        | add_ln381_480     | add | fabric    | 0       |
|   Tp_150_fu_74767_p2                        |     |        | Tp_150            | add | fabric    | 0       |
|   sub_ln381_161_fu_65716_p2                 |     |        | sub_ln381_161     | sub | fabric    | 0       |
|   addconv500_fu_74787_p2                    |     |        | addconv500        | add | fabric    | 0       |
|   mul_ln381_1110895_fu_74805_p2             |     |        | mul_ln381_1110895 | sub | fabric    | 0       |
|   add_ln381_484_fu_74823_p2                 |     |        | add_ln381_484     | add | fabric    | 0       |
|   add_ln381_485_fu_74833_p2                 |     |        | add_ln381_485     | add | fabric    | 0       |
|   add_ln381_488_fu_74893_p2                 |     |        | add_ln381_488     | add | fabric    | 0       |
|   add_ln381_491_fu_74926_p2                 |     |        | add_ln381_491     | add | fabric    | 0       |
|   add_ln381_492_fu_74932_p2                 |     |        | add_ln381_492     | add | fabric    | 0       |
|   Tp_153_fu_115085_p2                       |     |        | Tp_153            | add | fabric    | 0       |
|   add_ln381_494_fu_74976_p2                 |     |        | add_ln381_494     | add | fabric    | 0       |
|   add_ln381_497_fu_75009_p2                 |     |        | add_ln381_497     | add | fabric    | 0       |
|   add_ln381_498_fu_75015_p2                 |     |        | add_ln381_498     | add | fabric    | 0       |
|   Tp_155_fu_115094_p2                       |     |        | Tp_155            | add | fabric    | 0       |
|   add_ln381_500_fu_75059_p2                 |     |        | add_ln381_500     | add | fabric    | 0       |
|   add_ln381_503_fu_75092_p2                 |     |        | add_ln381_503     | add | fabric    | 0       |
|   add_ln381_504_fu_75098_p2                 |     |        | add_ln381_504     | add | fabric    | 0       |
|   Tp_157_fu_115103_p2                       |     |        | Tp_157            | add | fabric    | 0       |
|   add_ln381_506_fu_75142_p2                 |     |        | add_ln381_506     | add | fabric    | 0       |
|   add_ln381_509_fu_75175_p2                 |     |        | add_ln381_509     | add | fabric    | 0       |
|   add_ln381_510_fu_75181_p2                 |     |        | add_ln381_510     | add | fabric    | 0       |
|   Tp_159_fu_115112_p2                       |     |        | Tp_159            | add | fabric    | 0       |
|   add_ln381_513_fu_75225_p2                 |     |        | add_ln381_513     | add | fabric    | 0       |
|   add_ln381_516_fu_75258_p2                 |     |        | add_ln381_516     | add | fabric    | 0       |
|   add_ln381_517_fu_75264_p2                 |     |        | add_ln381_517     | add | fabric    | 0       |
|   Tp_161_fu_115121_p2                       |     |        | Tp_161            | add | fabric    | 0       |
|   add_ln381_519_fu_75308_p2                 |     |        | add_ln381_519     | add | fabric    | 0       |
|   add_ln381_522_fu_75341_p2                 |     |        | add_ln381_522     | add | fabric    | 0       |
|   add_ln381_523_fu_75347_p2                 |     |        | add_ln381_523     | add | fabric    | 0       |
|   Tp_163_fu_115130_p2                       |     |        | Tp_163            | add | fabric    | 0       |
|   add_ln381_525_fu_75391_p2                 |     |        | add_ln381_525     | add | fabric    | 0       |
|   add_ln381_528_fu_75424_p2                 |     |        | add_ln381_528     | add | fabric    | 0       |
|   add_ln381_529_fu_75430_p2                 |     |        | add_ln381_529     | add | fabric    | 0       |
|   Tp_165_fu_115139_p2                       |     |        | Tp_165            | add | fabric    | 0       |
|   add_ln381_531_fu_75474_p2                 |     |        | add_ln381_531     | add | fabric    | 0       |
|   add_ln381_534_fu_75507_p2                 |     |        | add_ln381_534     | add | fabric    | 0       |
|   add_ln381_535_fu_75513_p2                 |     |        | add_ln381_535     | add | fabric    | 0       |
|   Tp_167_fu_115148_p2                       |     |        | Tp_167            | add | fabric    | 0       |
|   sub_ln381_178_fu_65722_p2                 |     |        | sub_ln381_178     | sub | fabric    | 0       |
|   add_ln381_537_fu_75534_p2                 |     |        | add_ln381_537     | add | fabric    | 0       |
|   sub_ln381_179_fu_65740_p2                 |     |        | sub_ln381_179     | sub | fabric    | 0       |
|   add_ln381_540_fu_75567_p2                 |     |        | add_ln381_540     | add | fabric    | 0       |
|   add_ln381_541_fu_75577_p2                 |     |        | add_ln381_541     | add | fabric    | 0       |
|   Tp_169_fu_115160_p2                       |     |        | Tp_169            | add | fabric    | 0       |
|   add_ln381_545_fu_75599_p2                 |     |        | add_ln381_545     | add | fabric    | 0       |
|   Tp_171_fu_115169_p2                       |     |        | Tp_171            | add | fabric    | 0       |
|   add_ln381_549_fu_75621_p2                 |     |        | add_ln381_549     | add | fabric    | 0       |
|   Tp_173_fu_115178_p2                       |     |        | Tp_173            | add | fabric    | 0       |
|   add_ln381_553_fu_75643_p2                 |     |        | add_ln381_553     | add | fabric    | 0       |
|   Tp_175_fu_115187_p2                       |     |        | Tp_175            | add | fabric    | 0       |
|   add_ln381_557_fu_75665_p2                 |     |        | add_ln381_557     | add | fabric    | 0       |
|   Tp_177_fu_115196_p2                       |     |        | Tp_177            | add | fabric    | 0       |
|   add_ln381_561_fu_75687_p2                 |     |        | add_ln381_561     | add | fabric    | 0       |
|   Tp_179_fu_115205_p2                       |     |        | Tp_179            | add | fabric    | 0       |
|   sub_ln381_183_fu_75734_p2                 |     |        | sub_ln381_183     | sub | fabric    | 0       |
|   add_ln381_563_fu_75752_p2                 |     |        | add_ln381_563     | add | fabric    | 0       |
|   Tp_180_fu_75778_p2                        |     |        | Tp_180            | add | fabric    | 0       |
|   sub_ln381_184_fu_65802_p2                 |     |        | sub_ln381_184     | sub | fabric    | 0       |
|   addconv501_fu_75798_p2                    |     |        | addconv501        | add | fabric    | 0       |
|   mul_ln381_1310893_fu_75816_p2             |     |        | mul_ln381_1310893 | sub | fabric    | 0       |
|   add_ln381_567_fu_75834_p2                 |     |        | add_ln381_567     | add | fabric    | 0       |
|   add_ln381_568_fu_75844_p2                 |     |        | add_ln381_568     | add | fabric    | 0       |
|   add_ln381_571_fu_75904_p2                 |     |        | add_ln381_571     | add | fabric    | 0       |
|   add_ln381_574_fu_75937_p2                 |     |        | add_ln381_574     | add | fabric    | 0       |
|   add_ln381_575_fu_75943_p2                 |     |        | add_ln381_575     | add | fabric    | 0       |
|   Tp_183_fu_115214_p2                       |     |        | Tp_183            | add | fabric    | 0       |
|   add_ln381_577_fu_75987_p2                 |     |        | add_ln381_577     | add | fabric    | 0       |
|   add_ln381_580_fu_76020_p2                 |     |        | add_ln381_580     | add | fabric    | 0       |
|   add_ln381_581_fu_76026_p2                 |     |        | add_ln381_581     | add | fabric    | 0       |
|   Tp_185_fu_115223_p2                       |     |        | Tp_185            | add | fabric    | 0       |
|   add_ln381_583_fu_76070_p2                 |     |        | add_ln381_583     | add | fabric    | 0       |
|   add_ln381_586_fu_76103_p2                 |     |        | add_ln381_586     | add | fabric    | 0       |
|   add_ln381_587_fu_76109_p2                 |     |        | add_ln381_587     | add | fabric    | 0       |
|   Tp_187_fu_115232_p2                       |     |        | Tp_187            | add | fabric    | 0       |
|   add_ln381_589_fu_76153_p2                 |     |        | add_ln381_589     | add | fabric    | 0       |
|   add_ln381_592_fu_76186_p2                 |     |        | add_ln381_592     | add | fabric    | 0       |
|   add_ln381_593_fu_76192_p2                 |     |        | add_ln381_593     | add | fabric    | 0       |
|   Tp_189_fu_115241_p2                       |     |        | Tp_189            | add | fabric    | 0       |
|   add_ln381_595_fu_76236_p2                 |     |        | add_ln381_595     | add | fabric    | 0       |
|   add_ln381_598_fu_76269_p2                 |     |        | add_ln381_598     | add | fabric    | 0       |
|   add_ln381_599_fu_76275_p2                 |     |        | add_ln381_599     | add | fabric    | 0       |
|   Tp_191_fu_115250_p2                       |     |        | Tp_191            | add | fabric    | 0       |
|   add_ln381_601_fu_76319_p2                 |     |        | add_ln381_601     | add | fabric    | 0       |
|   add_ln381_605_fu_76352_p2                 |     |        | add_ln381_605     | add | fabric    | 0       |
|   add_ln381_606_fu_76358_p2                 |     |        | add_ln381_606     | add | fabric    | 0       |
|   Tp_193_fu_115259_p2                       |     |        | Tp_193            | add | fabric    | 0       |
|   add_ln381_608_fu_76402_p2                 |     |        | add_ln381_608     | add | fabric    | 0       |
|   add_ln381_611_fu_76435_p2                 |     |        | add_ln381_611     | add | fabric    | 0       |
|   add_ln381_612_fu_76441_p2                 |     |        | add_ln381_612     | add | fabric    | 0       |
|   Tp_195_fu_115268_p2                       |     |        | Tp_195            | add | fabric    | 0       |
|   sub_ln381_199_fu_65808_p2                 |     |        | sub_ln381_199     | sub | fabric    | 0       |
|   add_ln381_614_fu_76462_p2                 |     |        | add_ln381_614     | add | fabric    | 0       |
|   sub_ln381_200_fu_65826_p2                 |     |        | sub_ln381_200     | sub | fabric    | 0       |
|   add_ln381_617_fu_76495_p2                 |     |        | add_ln381_617     | add | fabric    | 0       |
|   add_ln381_618_fu_76505_p2                 |     |        | add_ln381_618     | add | fabric    | 0       |
|   Tp_197_fu_115280_p2                       |     |        | Tp_197            | add | fabric    | 0       |
|   add_ln381_622_fu_76527_p2                 |     |        | add_ln381_622     | add | fabric    | 0       |
|   Tp_199_fu_115289_p2                       |     |        | Tp_199            | add | fabric    | 0       |
|   add_ln381_626_fu_76549_p2                 |     |        | add_ln381_626     | add | fabric    | 0       |
|   Tp_201_fu_115298_p2                       |     |        | Tp_201            | add | fabric    | 0       |
|   add_ln381_630_fu_76571_p2                 |     |        | add_ln381_630     | add | fabric    | 0       |
|   Tp_203_fu_115307_p2                       |     |        | Tp_203            | add | fabric    | 0       |
|   add_ln381_634_fu_76593_p2                 |     |        | add_ln381_634     | add | fabric    | 0       |
|   Tp_205_fu_115316_p2                       |     |        | Tp_205            | add | fabric    | 0       |
|   add_ln381_638_fu_76615_p2                 |     |        | add_ln381_638     | add | fabric    | 0       |
|   Tp_207_fu_115325_p2                       |     |        | Tp_207            | add | fabric    | 0       |
|   add_ln381_642_fu_76637_p2                 |     |        | add_ln381_642     | add | fabric    | 0       |
|   Tp_209_fu_115334_p2                       |     |        | Tp_209            | add | fabric    | 0       |
|   sub_ln381_204_fu_76684_p2                 |     |        | sub_ln381_204     | sub | fabric    | 0       |
|   add_ln381_644_fu_76702_p2                 |     |        | add_ln381_644     | add | fabric    | 0       |
|   Tp_210_fu_76728_p2                        |     |        | Tp_210            | add | fabric    | 0       |
|   sub_ln381_205_fu_65888_p2                 |     |        | sub_ln381_205     | sub | fabric    | 0       |
|   addconv502_fu_76748_p2                    |     |        | addconv502        | add | fabric    | 0       |
|   mul_ln381_1510891_fu_76766_p2             |     |        | mul_ln381_1510891 | sub | fabric    | 0       |
|   add_ln381_648_fu_76784_p2                 |     |        | add_ln381_648     | add | fabric    | 0       |
|   add_ln381_649_fu_76794_p2                 |     |        | add_ln381_649     | add | fabric    | 0       |
|   add_ln381_652_fu_76854_p2                 |     |        | add_ln381_652     | add | fabric    | 0       |
|   add_ln381_655_fu_76887_p2                 |     |        | add_ln381_655     | add | fabric    | 0       |
|   add_ln381_656_fu_76893_p2                 |     |        | add_ln381_656     | add | fabric    | 0       |
|   Tp_213_fu_115343_p2                       |     |        | Tp_213            | add | fabric    | 0       |
|   add_ln381_658_fu_76937_p2                 |     |        | add_ln381_658     | add | fabric    | 0       |
|   add_ln381_661_fu_76970_p2                 |     |        | add_ln381_661     | add | fabric    | 0       |
|   add_ln381_662_fu_76976_p2                 |     |        | add_ln381_662     | add | fabric    | 0       |
|   Tp_215_fu_115352_p2                       |     |        | Tp_215            | add | fabric    | 0       |
|   add_ln381_664_fu_77020_p2                 |     |        | add_ln381_664     | add | fabric    | 0       |
|   add_ln381_667_fu_77053_p2                 |     |        | add_ln381_667     | add | fabric    | 0       |
|   add_ln381_668_fu_77059_p2                 |     |        | add_ln381_668     | add | fabric    | 0       |
|   Tp_217_fu_115361_p2                       |     |        | Tp_217            | add | fabric    | 0       |
|   add_ln381_670_fu_77103_p2                 |     |        | add_ln381_670     | add | fabric    | 0       |
|   add_ln381_673_fu_77136_p2                 |     |        | add_ln381_673     | add | fabric    | 0       |
|   add_ln381_674_fu_77142_p2                 |     |        | add_ln381_674     | add | fabric    | 0       |
|   Tp_219_fu_115370_p2                       |     |        | Tp_219            | add | fabric    | 0       |
|   add_ln381_676_fu_77186_p2                 |     |        | add_ln381_676     | add | fabric    | 0       |
|   add_ln381_679_fu_77219_p2                 |     |        | add_ln381_679     | add | fabric    | 0       |
|   add_ln381_680_fu_77225_p2                 |     |        | add_ln381_680     | add | fabric    | 0       |
|   Tp_221_fu_115379_p2                       |     |        | Tp_221            | add | fabric    | 0       |
|   add_ln381_682_fu_77269_p2                 |     |        | add_ln381_682     | add | fabric    | 0       |
|   add_ln381_685_fu_77302_p2                 |     |        | add_ln381_685     | add | fabric    | 0       |
|   add_ln381_686_fu_77308_p2                 |     |        | add_ln381_686     | add | fabric    | 0       |
|   Tp_223_fu_115388_p2                       |     |        | Tp_223            | add | fabric    | 0       |
|   sub_ln381_218_fu_65894_p2                 |     |        | sub_ln381_218     | sub | fabric    | 0       |
|   add_ln381_688_fu_77329_p2                 |     |        | add_ln381_688     | add | fabric    | 0       |
|   sub_ln381_219_fu_65912_p2                 |     |        | sub_ln381_219     | sub | fabric    | 0       |
|   add_ln381_692_fu_77362_p2                 |     |        | add_ln381_692     | add | fabric    | 0       |
|   add_ln381_693_fu_77372_p2                 |     |        | add_ln381_693     | add | fabric    | 0       |
|   Tp_225_fu_115400_p2                       |     |        | Tp_225            | add | fabric    | 0       |
|   add_ln381_697_fu_77394_p2                 |     |        | add_ln381_697     | add | fabric    | 0       |
|   Tp_227_fu_115409_p2                       |     |        | Tp_227            | add | fabric    | 0       |
|   add_ln381_701_fu_77416_p2                 |     |        | add_ln381_701     | add | fabric    | 0       |
|   Tp_229_fu_115418_p2                       |     |        | Tp_229            | add | fabric    | 0       |
|   add_ln381_705_fu_77438_p2                 |     |        | add_ln381_705     | add | fabric    | 0       |
|   Tp_231_fu_115427_p2                       |     |        | Tp_231            | add | fabric    | 0       |
|   add_ln381_709_fu_77460_p2                 |     |        | add_ln381_709     | add | fabric    | 0       |
|   Tp_233_fu_115436_p2                       |     |        | Tp_233            | add | fabric    | 0       |
|   add_ln381_713_fu_77482_p2                 |     |        | add_ln381_713     | add | fabric    | 0       |
|   Tp_235_fu_115445_p2                       |     |        | Tp_235            | add | fabric    | 0       |
|   add_ln381_717_fu_77504_p2                 |     |        | add_ln381_717     | add | fabric    | 0       |
|   Tp_237_fu_115454_p2                       |     |        | Tp_237            | add | fabric    | 0       |
|   add_ln381_721_fu_77526_p2                 |     |        | add_ln381_721     | add | fabric    | 0       |
|   Tp_239_fu_115463_p2                       |     |        | Tp_239            | add | fabric    | 0       |
|   sub_ln381_223_fu_77573_p2                 |     |        | sub_ln381_223     | sub | fabric    | 0       |
|   add_ln381_723_fu_77591_p2                 |     |        | add_ln381_723     | add | fabric    | 0       |
|   Tp_240_fu_77617_p2                        |     |        | Tp_240            | add | fabric    | 0       |
|   sub_ln381_224_fu_65974_p2                 |     |        | sub_ln381_224     | sub | fabric    | 0       |
|   addconv503_fu_77637_p2                    |     |        | addconv503        | add | fabric    | 0       |
|   mul_ln381_1710889_fu_77655_p2             |     |        | mul_ln381_1710889 | sub | fabric    | 0       |
|   add_ln381_727_fu_77673_p2                 |     |        | add_ln381_727     | add | fabric    | 0       |
|   add_ln381_728_fu_77683_p2                 |     |        | add_ln381_728     | add | fabric    | 0       |
|   add_ln381_731_fu_77743_p2                 |     |        | add_ln381_731     | add | fabric    | 0       |
|   add_ln381_734_fu_77776_p2                 |     |        | add_ln381_734     | add | fabric    | 0       |
|   add_ln381_735_fu_77782_p2                 |     |        | add_ln381_735     | add | fabric    | 0       |
|   Tp_243_fu_115472_p2                       |     |        | Tp_243            | add | fabric    | 0       |
|   add_ln381_737_fu_77826_p2                 |     |        | add_ln381_737     | add | fabric    | 0       |
|   add_ln381_740_fu_77859_p2                 |     |        | add_ln381_740     | add | fabric    | 0       |
|   add_ln381_741_fu_77865_p2                 |     |        | add_ln381_741     | add | fabric    | 0       |
|   Tp_245_fu_115481_p2                       |     |        | Tp_245            | add | fabric    | 0       |
|   add_ln381_743_fu_77909_p2                 |     |        | add_ln381_743     | add | fabric    | 0       |
|   add_ln381_746_fu_77942_p2                 |     |        | add_ln381_746     | add | fabric    | 0       |
|   add_ln381_747_fu_77948_p2                 |     |        | add_ln381_747     | add | fabric    | 0       |
|   Tp_247_fu_115490_p2                       |     |        | Tp_247            | add | fabric    | 0       |
|   add_ln381_749_fu_77992_p2                 |     |        | add_ln381_749     | add | fabric    | 0       |
|   add_ln381_752_fu_78025_p2                 |     |        | add_ln381_752     | add | fabric    | 0       |
|   add_ln381_753_fu_78031_p2                 |     |        | add_ln381_753     | add | fabric    | 0       |
|   Tp_249_fu_115499_p2                       |     |        | Tp_249            | add | fabric    | 0       |
|   add_ln381_755_fu_78075_p2                 |     |        | add_ln381_755     | add | fabric    | 0       |
|   add_ln381_758_fu_78108_p2                 |     |        | add_ln381_758     | add | fabric    | 0       |
|   add_ln381_759_fu_78114_p2                 |     |        | add_ln381_759     | add | fabric    | 0       |
|   Tp_251_fu_115508_p2                       |     |        | Tp_251            | add | fabric    | 0       |
|   sub_ln381_235_fu_65980_p2                 |     |        | sub_ln381_235     | sub | fabric    | 0       |
|   add_ln381_761_fu_78135_p2                 |     |        | add_ln381_761     | add | fabric    | 0       |
|   sub_ln381_236_fu_65998_p2                 |     |        | sub_ln381_236     | sub | fabric    | 0       |
|   add_ln381_764_fu_78168_p2                 |     |        | add_ln381_764     | add | fabric    | 0       |
|   add_ln381_765_fu_78178_p2                 |     |        | add_ln381_765     | add | fabric    | 0       |
|   Tp_253_fu_115520_p2                       |     |        | Tp_253            | add | fabric    | 0       |
|   add_ln381_769_fu_78200_p2                 |     |        | add_ln381_769     | add | fabric    | 0       |
|   Tp_255_fu_115529_p2                       |     |        | Tp_255            | add | fabric    | 0       |
|   add_ln381_773_fu_78222_p2                 |     |        | add_ln381_773     | add | fabric    | 0       |
|   Tp_257_fu_115538_p2                       |     |        | Tp_257            | add | fabric    | 0       |
|   add_ln381_777_fu_78244_p2                 |     |        | add_ln381_777     | add | fabric    | 0       |
|   Tp_259_fu_115547_p2                       |     |        | Tp_259            | add | fabric    | 0       |
|   add_ln381_782_fu_78266_p2                 |     |        | add_ln381_782     | add | fabric    | 0       |
|   Tp_261_fu_115556_p2                       |     |        | Tp_261            | add | fabric    | 0       |
|   add_ln381_786_fu_78288_p2                 |     |        | add_ln381_786     | add | fabric    | 0       |
|   Tp_263_fu_115565_p2                       |     |        | Tp_263            | add | fabric    | 0       |
|   add_ln381_790_fu_78310_p2                 |     |        | add_ln381_790     | add | fabric    | 0       |
|   Tp_265_fu_115574_p2                       |     |        | Tp_265            | add | fabric    | 0       |
|   add_ln381_794_fu_78332_p2                 |     |        | add_ln381_794     | add | fabric    | 0       |
|   Tp_267_fu_115583_p2                       |     |        | Tp_267            | add | fabric    | 0       |
|   add_ln381_798_fu_78354_p2                 |     |        | add_ln381_798     | add | fabric    | 0       |
|   Tp_269_fu_115592_p2                       |     |        | Tp_269            | add | fabric    | 0       |
|   sub_ln381_240_fu_78401_p2                 |     |        | sub_ln381_240     | sub | fabric    | 0       |
|   add_ln381_800_fu_78419_p2                 |     |        | add_ln381_800     | add | fabric    | 0       |
|   Tp_270_fu_78445_p2                        |     |        | Tp_270            | add | fabric    | 0       |
|   sub_ln381_241_fu_66060_p2                 |     |        | sub_ln381_241     | sub | fabric    | 0       |
|   addconv504_fu_78465_p2                    |     |        | addconv504        | add | fabric    | 0       |
|   mul_ln381_1910887_fu_78483_p2             |     |        | mul_ln381_1910887 | sub | fabric    | 0       |
|   add_ln381_804_fu_78501_p2                 |     |        | add_ln381_804     | add | fabric    | 0       |
|   add_ln381_805_fu_78511_p2                 |     |        | add_ln381_805     | add | fabric    | 0       |
|   add_ln381_808_fu_78571_p2                 |     |        | add_ln381_808     | add | fabric    | 0       |
|   add_ln381_811_fu_78604_p2                 |     |        | add_ln381_811     | add | fabric    | 0       |
|   add_ln381_812_fu_78610_p2                 |     |        | add_ln381_812     | add | fabric    | 0       |
|   Tp_273_fu_115601_p2                       |     |        | Tp_273            | add | fabric    | 0       |
|   add_ln381_814_fu_78654_p2                 |     |        | add_ln381_814     | add | fabric    | 0       |
|   add_ln381_817_fu_78687_p2                 |     |        | add_ln381_817     | add | fabric    | 0       |
|   add_ln381_818_fu_78693_p2                 |     |        | add_ln381_818     | add | fabric    | 0       |
|   Tp_275_fu_115610_p2                       |     |        | Tp_275            | add | fabric    | 0       |
|   add_ln381_820_fu_78737_p2                 |     |        | add_ln381_820     | add | fabric    | 0       |
|   add_ln381_823_fu_78770_p2                 |     |        | add_ln381_823     | add | fabric    | 0       |
|   add_ln381_824_fu_78776_p2                 |     |        | add_ln381_824     | add | fabric    | 0       |
|   Tp_277_fu_115619_p2                       |     |        | Tp_277            | add | fabric    | 0       |
|   add_ln381_826_fu_78820_p2                 |     |        | add_ln381_826     | add | fabric    | 0       |
|   add_ln381_829_fu_78853_p2                 |     |        | add_ln381_829     | add | fabric    | 0       |
|   add_ln381_830_fu_78859_p2                 |     |        | add_ln381_830     | add | fabric    | 0       |
|   Tp_279_fu_115628_p2                       |     |        | Tp_279            | add | fabric    | 0       |
|   sub_ln381_250_fu_78869_p2                 |     |        | sub_ln381_250     | sub | fabric    | 0       |
|   add_ln381_832_fu_78887_p2                 |     |        | add_ln381_832     | add | fabric    | 0       |
|   sub_ln381_251_fu_78920_p2                 |     |        | sub_ln381_251     | sub | fabric    | 0       |
|   add_ln381_835_fu_78938_p2                 |     |        | add_ln381_835     | add | fabric    | 0       |
|   add_ln381_836_fu_78948_p2                 |     |        | add_ln381_836     | add | fabric    | 0       |
|   Tp_281_fu_115640_p2                       |     |        | Tp_281            | add | fabric    | 0       |
|   add_ln381_840_fu_78970_p2                 |     |        | add_ln381_840     | add | fabric    | 0       |
|   Tp_283_fu_115649_p2                       |     |        | Tp_283            | add | fabric    | 0       |
|   add_ln381_844_fu_78992_p2                 |     |        | add_ln381_844     | add | fabric    | 0       |
|   Tp_285_fu_115658_p2                       |     |        | Tp_285            | add | fabric    | 0       |
|   add_ln381_848_fu_79014_p2                 |     |        | add_ln381_848     | add | fabric    | 0       |
|   Tp_287_fu_115667_p2                       |     |        | Tp_287            | add | fabric    | 0       |
|   add_ln381_852_fu_79036_p2                 |     |        | add_ln381_852     | add | fabric    | 0       |
|   Tp_289_fu_115676_p2                       |     |        | Tp_289            | add | fabric    | 0       |
|   add_ln381_856_fu_79058_p2                 |     |        | add_ln381_856     | add | fabric    | 0       |
|   Tp_291_fu_115685_p2                       |     |        | Tp_291            | add | fabric    | 0       |
|   add_ln381_860_fu_79080_p2                 |     |        | add_ln381_860     | add | fabric    | 0       |
|   Tp_293_fu_115694_p2                       |     |        | Tp_293            | add | fabric    | 0       |
|   add_ln381_865_fu_79102_p2                 |     |        | add_ln381_865     | add | fabric    | 0       |
|   Tp_295_fu_115703_p2                       |     |        | Tp_295            | add | fabric    | 0       |
|   add_ln381_869_fu_79124_p2                 |     |        | add_ln381_869     | add | fabric    | 0       |
|   Tp_297_fu_115712_p2                       |     |        | Tp_297            | add | fabric    | 0       |
|   add_ln381_873_fu_79146_p2                 |     |        | add_ln381_873     | add | fabric    | 0       |
|   Tp_299_fu_115721_p2                       |     |        | Tp_299            | add | fabric    | 0       |
|   sub_ln381_255_fu_79250_p2                 |     |        | sub_ln381_255     | sub | fabric    | 0       |
|   add_ln381_875_fu_79268_p2                 |     |        | add_ln381_875     | add | fabric    | 0       |
|   Tp_300_fu_115733_p2                       |     |        | Tp_300            | add | fabric    | 0       |
|   sub_ln381_256_fu_79286_p2                 |     |        | sub_ln381_256     | sub | fabric    | 0       |
|   addconv505_fu_79296_p2                    |     |        | addconv505        | add | fabric    | 0       |
|   mul_ln381_2110885_fu_79314_p2             |     |        | mul_ln381_2110885 | sub | fabric    | 0       |
|   add_ln381_879_fu_79332_p2                 |     |        | add_ln381_879     | add | fabric    | 0       |
|   add_ln381_880_fu_79338_p2                 |     |        | add_ln381_880     | add | fabric    | 0       |
|   add_ln381_883_fu_79378_p2                 |     |        | add_ln381_883     | add | fabric    | 0       |
|   add_ln381_886_fu_79411_p2                 |     |        | add_ln381_886     | add | fabric    | 0       |
|   add_ln381_887_fu_79417_p2                 |     |        | add_ln381_887     | add | fabric    | 0       |
|   Tp_303_fu_115775_p2                       |     |        | Tp_303            | add | fabric    | 0       |
|   add_ln381_889_fu_79461_p2                 |     |        | add_ln381_889     | add | fabric    | 0       |
|   add_ln381_892_fu_79494_p2                 |     |        | add_ln381_892     | add | fabric    | 0       |
|   add_ln381_893_fu_79500_p2                 |     |        | add_ln381_893     | add | fabric    | 0       |
|   Tp_305_fu_115784_p2                       |     |        | Tp_305            | add | fabric    | 0       |
|   add_ln381_895_fu_79544_p2                 |     |        | add_ln381_895     | add | fabric    | 0       |
|   add_ln381_898_fu_79577_p2                 |     |        | add_ln381_898     | add | fabric    | 0       |
|   add_ln381_899_fu_79583_p2                 |     |        | add_ln381_899     | add | fabric    | 0       |
|   Tp_307_fu_115793_p2                       |     |        | Tp_307            | add | fabric    | 0       |
|   sub_ln381_263_fu_79593_p2                 |     |        | sub_ln381_263     | sub | fabric    | 0       |
|   add_ln381_901_fu_79611_p2                 |     |        | add_ln381_901     | add | fabric    | 0       |
|   sub_ln381_264_fu_79644_p2                 |     |        | sub_ln381_264     | sub | fabric    | 0       |
|   add_ln381_904_fu_79662_p2                 |     |        | add_ln381_904     | add | fabric    | 0       |
|   add_ln381_905_fu_79672_p2                 |     |        | add_ln381_905     | add | fabric    | 0       |
|   Tp_309_fu_115805_p2                       |     |        | Tp_309            | add | fabric    | 0       |
|   add_ln381_909_fu_79694_p2                 |     |        | add_ln381_909     | add | fabric    | 0       |
|   Tp_311_fu_115814_p2                       |     |        | Tp_311            | add | fabric    | 0       |
|   add_ln381_913_fu_79716_p2                 |     |        | add_ln381_913     | add | fabric    | 0       |
|   Tp_313_fu_115823_p2                       |     |        | Tp_313            | add | fabric    | 0       |
|   add_ln381_917_fu_79738_p2                 |     |        | add_ln381_917     | add | fabric    | 0       |
|   Tp_315_fu_115832_p2                       |     |        | Tp_315            | add | fabric    | 0       |
|   add_ln381_921_fu_79760_p2                 |     |        | add_ln381_921     | add | fabric    | 0       |
|   Tp_317_fu_115841_p2                       |     |        | Tp_317            | add | fabric    | 0       |
|   add_ln381_925_fu_79782_p2                 |     |        | add_ln381_925     | add | fabric    | 0       |
|   Tp_319_fu_115850_p2                       |     |        | Tp_319            | add | fabric    | 0       |
|   add_ln381_929_fu_79804_p2                 |     |        | add_ln381_929     | add | fabric    | 0       |
|   Tp_321_fu_115859_p2                       |     |        | Tp_321            | add | fabric    | 0       |
|   add_ln381_933_fu_79826_p2                 |     |        | add_ln381_933     | add | fabric    | 0       |
|   Tp_323_fu_115868_p2                       |     |        | Tp_323            | add | fabric    | 0       |
|   add_ln381_937_fu_79848_p2                 |     |        | add_ln381_937     | add | fabric    | 0       |
|   Tp_325_fu_115877_p2                       |     |        | Tp_325            | add | fabric    | 0       |
|   add_ln381_941_fu_79870_p2                 |     |        | add_ln381_941     | add | fabric    | 0       |
|   Tp_327_fu_115886_p2                       |     |        | Tp_327            | add | fabric    | 0       |
|   add_ln381_945_fu_79892_p2                 |     |        | add_ln381_945     | add | fabric    | 0       |
|   Tp_329_fu_115895_p2                       |     |        | Tp_329            | add | fabric    | 0       |
|   sub_ln381_268_fu_79996_p2                 |     |        | sub_ln381_268     | sub | fabric    | 0       |
|   add_ln381_948_fu_80014_p2                 |     |        | add_ln381_948     | add | fabric    | 0       |
|   Tp_330_fu_115907_p2                       |     |        | Tp_330            | add | fabric    | 0       |
|   sub_ln381_269_fu_80032_p2                 |     |        | sub_ln381_269     | sub | fabric    | 0       |
|   addconv506_fu_80042_p2                    |     |        | addconv506        | add | fabric    | 0       |
|   mul_ln381_2310883_fu_80060_p2             |     |        | mul_ln381_2310883 | sub | fabric    | 0       |
|   add_ln381_952_fu_80078_p2                 |     |        | add_ln381_952     | add | fabric    | 0       |
|   add_ln381_953_fu_80084_p2                 |     |        | add_ln381_953     | add | fabric    | 0       |
|   add_ln381_956_fu_80124_p2                 |     |        | add_ln381_956     | add | fabric    | 0       |
|   add_ln381_959_fu_80157_p2                 |     |        | add_ln381_959     | add | fabric    | 0       |
|   add_ln381_960_fu_80163_p2                 |     |        | add_ln381_960     | add | fabric    | 0       |
|   Tp_333_fu_115949_p2                       |     |        | Tp_333            | add | fabric    | 0       |
|   add_ln381_962_fu_80207_p2                 |     |        | add_ln381_962     | add | fabric    | 0       |
|   add_ln381_965_fu_80240_p2                 |     |        | add_ln381_965     | add | fabric    | 0       |
|   add_ln381_966_fu_80246_p2                 |     |        | add_ln381_966     | add | fabric    | 0       |
|   Tp_335_fu_115958_p2                       |     |        | Tp_335            | add | fabric    | 0       |
|   sub_ln381_274_fu_80256_p2                 |     |        | sub_ln381_274     | sub | fabric    | 0       |
|   add_ln381_968_fu_80274_p2                 |     |        | add_ln381_968     | add | fabric    | 0       |
|   sub_ln381_275_fu_80307_p2                 |     |        | sub_ln381_275     | sub | fabric    | 0       |
|   add_ln381_971_fu_80325_p2                 |     |        | add_ln381_971     | add | fabric    | 0       |
|   add_ln381_972_fu_80335_p2                 |     |        | add_ln381_972     | add | fabric    | 0       |
|   Tp_337_fu_115970_p2                       |     |        | Tp_337            | add | fabric    | 0       |
|   add_ln381_976_fu_80357_p2                 |     |        | add_ln381_976     | add | fabric    | 0       |
|   Tp_339_fu_115979_p2                       |     |        | Tp_339            | add | fabric    | 0       |
|   add_ln381_980_fu_80379_p2                 |     |        | add_ln381_980     | add | fabric    | 0       |
|   Tp_341_fu_115988_p2                       |     |        | Tp_341            | add | fabric    | 0       |
|   add_ln381_984_fu_80401_p2                 |     |        | add_ln381_984     | add | fabric    | 0       |
|   Tp_343_fu_115997_p2                       |     |        | Tp_343            | add | fabric    | 0       |
|   add_ln381_988_fu_80423_p2                 |     |        | add_ln381_988     | add | fabric    | 0       |
|   Tp_345_fu_116006_p2                       |     |        | Tp_345            | add | fabric    | 0       |
|   add_ln381_992_fu_80445_p2                 |     |        | add_ln381_992     | add | fabric    | 0       |
|   Tp_347_fu_116015_p2                       |     |        | Tp_347            | add | fabric    | 0       |
|   add_ln381_996_fu_80467_p2                 |     |        | add_ln381_996     | add | fabric    | 0       |
|   Tp_349_fu_116024_p2                       |     |        | Tp_349            | add | fabric    | 0       |
|   add_ln381_1000_fu_80489_p2                |     |        | add_ln381_1000    | add | fabric    | 0       |
|   Tp_351_fu_116033_p2                       |     |        | Tp_351            | add | fabric    | 0       |
|   add_ln381_1004_fu_80511_p2                |     |        | add_ln381_1004    | add | fabric    | 0       |
|   Tp_353_fu_116042_p2                       |     |        | Tp_353            | add | fabric    | 0       |
|   add_ln381_1008_fu_80533_p2                |     |        | add_ln381_1008    | add | fabric    | 0       |
|   Tp_355_fu_116051_p2                       |     |        | Tp_355            | add | fabric    | 0       |
|   add_ln381_1012_fu_80555_p2                |     |        | add_ln381_1012    | add | fabric    | 0       |
|   Tp_357_fu_116060_p2                       |     |        | Tp_357            | add | fabric    | 0       |
|   add_ln381_1016_fu_80577_p2                |     |        | add_ln381_1016    | add | fabric    | 0       |
|   Tp_359_fu_116069_p2                       |     |        | Tp_359            | add | fabric    | 0       |
|   sub_ln381_279_fu_80681_p2                 |     |        | sub_ln381_279     | sub | fabric    | 0       |
|   add_ln381_1018_fu_80699_p2                |     |        | add_ln381_1018    | add | fabric    | 0       |
|   Tp_360_fu_116081_p2                       |     |        | Tp_360            | add | fabric    | 0       |
|   sub_ln381_280_fu_80717_p2                 |     |        | sub_ln381_280     | sub | fabric    | 0       |
|   addconv507_fu_80727_p2                    |     |        | addconv507        | add | fabric    | 0       |
|   mul_ln381_2510881_fu_80745_p2             |     |        | mul_ln381_2510881 | sub | fabric    | 0       |
|   add_ln381_1022_fu_80763_p2                |     |        | add_ln381_1022    | add | fabric    | 0       |
|   add_ln381_1023_fu_80769_p2                |     |        | add_ln381_1023    | add | fabric    | 0       |
|   add_ln381_1026_fu_80809_p2                |     |        | add_ln381_1026    | add | fabric    | 0       |
|   add_ln381_1030_fu_80842_p2                |     |        | add_ln381_1030    | add | fabric    | 0       |
|   add_ln381_1031_fu_80848_p2                |     |        | add_ln381_1031    | add | fabric    | 0       |
|   Tp_363_fu_116123_p2                       |     |        | Tp_363            | add | fabric    | 0       |
|   sub_ln381_283_fu_66066_p2                 |     |        | sub_ln381_283     | sub | fabric    | 0       |
|   add_ln381_1033_fu_80865_p2                |     |        | add_ln381_1033    | add | fabric    | 0       |
|   sub_ln381_284_fu_66084_p2                 |     |        | sub_ln381_284     | sub | fabric    | 0       |
|   add_ln381_1036_fu_80898_p2                |     |        | add_ln381_1036    | add | fabric    | 0       |
|   add_ln381_1037_fu_80908_p2                |     |        | add_ln381_1037    | add | fabric    | 0       |
|   Tp_365_fu_116135_p2                       |     |        | Tp_365            | add | fabric    | 0       |
|   add_ln381_1041_fu_80930_p2                |     |        | add_ln381_1041    | add | fabric    | 0       |
|   Tp_367_fu_116144_p2                       |     |        | Tp_367            | add | fabric    | 0       |
|   add_ln381_1045_fu_80952_p2                |     |        | add_ln381_1045    | add | fabric    | 0       |
|   Tp_369_fu_116153_p2                       |     |        | Tp_369            | add | fabric    | 0       |
|   add_ln381_1049_fu_80974_p2                |     |        | add_ln381_1049    | add | fabric    | 0       |
|   Tp_371_fu_116162_p2                       |     |        | Tp_371            | add | fabric    | 0       |
|   add_ln381_1053_fu_80996_p2                |     |        | add_ln381_1053    | add | fabric    | 0       |
|   Tp_373_fu_116171_p2                       |     |        | Tp_373            | add | fabric    | 0       |
|   add_ln381_1057_fu_81018_p2                |     |        | add_ln381_1057    | add | fabric    | 0       |
|   Tp_375_fu_116180_p2                       |     |        | Tp_375            | add | fabric    | 0       |
|   add_ln381_1061_fu_81040_p2                |     |        | add_ln381_1061    | add | fabric    | 0       |
|   Tp_377_fu_116189_p2                       |     |        | Tp_377            | add | fabric    | 0       |
|   add_ln381_1065_fu_81062_p2                |     |        | add_ln381_1065    | add | fabric    | 0       |
|   Tp_379_fu_116198_p2                       |     |        | Tp_379            | add | fabric    | 0       |
|   add_ln381_1069_fu_81084_p2                |     |        | add_ln381_1069    | add | fabric    | 0       |
|   Tp_381_fu_116207_p2                       |     |        | Tp_381            | add | fabric    | 0       |
|   add_ln381_1073_fu_81106_p2                |     |        | add_ln381_1073    | add | fabric    | 0       |
|   Tp_383_fu_116216_p2                       |     |        | Tp_383            | add | fabric    | 0       |
|   add_ln381_1077_fu_81128_p2                |     |        | add_ln381_1077    | add | fabric    | 0       |
|   Tp_385_fu_116225_p2                       |     |        | Tp_385            | add | fabric    | 0       |
|   add_ln381_1081_fu_81150_p2                |     |        | add_ln381_1081    | add | fabric    | 0       |
|   Tp_387_fu_116234_p2                       |     |        | Tp_387            | add | fabric    | 0       |
|   add_ln381_1085_fu_81172_p2                |     |        | add_ln381_1085    | add | fabric    | 0       |
|   Tp_389_fu_116243_p2                       |     |        | Tp_389            | add | fabric    | 0       |
|   sub_ln381_288_fu_81219_p2                 |     |        | sub_ln381_288     | sub | fabric    | 0       |
|   add_ln381_1087_fu_81237_p2                |     |        | add_ln381_1087    | add | fabric    | 0       |
|   Tp_390_fu_81263_p2                        |     |        | Tp_390            | add | fabric    | 0       |
|   sub_ln381_289_fu_66146_p2                 |     |        | sub_ln381_289     | sub | fabric    | 0       |
|   addconv508_fu_81283_p2                    |     |        | addconv508        | add | fabric    | 0       |
|   mul_ln381_2710879_fu_81301_p2             |     |        | mul_ln381_2710879 | sub | fabric    | 0       |
|   add_ln381_1091_fu_81319_p2                |     |        | add_ln381_1091    | add | fabric    | 0       |
|   add_ln381_1092_fu_81329_p2                |     |        | add_ln381_1092    | add | fabric    | 0       |
|   q_1_fu_81423_p2                           |     |        | q_1               | add | fabric    | 0       |
|   q_5_fu_81555_p2                           |     |        | q_5               | add | fabric    | 0       |
|   q_9_fu_81687_p2                           |     |        | q_9               | add | fabric    | 0       |
|   q_13_fu_116657_p2                         |     |        | q_13              | add | fabric    | 0       |
|   q_17_fu_81769_p2                          |     |        | q_17              | add | fabric    | 0       |
|   sub_ln399_fu_81861_p2                     |     |        | sub_ln399         | sub | fabric    | 0       |
|   q_21_fu_116927_p2                         |     |        | q_21              | add | fabric    | 0       |
|   q_25_fu_81941_p2                          |     |        | q_25              | add | fabric    | 0       |
|   sub_ln399_1_fu_82033_p2                   |     |        | sub_ln399_1       | sub | fabric    | 0       |
|   q_29_fu_117197_p2                         |     |        | q_29              | add | fabric    | 0       |
|   q_33_fu_82113_p2                          |     |        | q_33              | add | fabric    | 0       |
|   sub_ln399_2_fu_82205_p2                   |     |        | sub_ln399_2       | sub | fabric    | 0       |
|   q_37_fu_117467_p2                         |     |        | q_37              | add | fabric    | 0       |
|   q_41_fu_82285_p2                          |     |        | q_41              | add | fabric    | 0       |
|   sub_ln399_3_fu_82377_p2                   |     |        | sub_ln399_3       | sub | fabric    | 0       |
|   q_45_fu_117737_p2                         |     |        | q_45              | add | fabric    | 0       |
|   q_49_fu_82457_p2                          |     |        | q_49              | add | fabric    | 0       |
|   sub_ln399_4_fu_82549_p2                   |     |        | sub_ln399_4       | sub | fabric    | 0       |
|   q_53_fu_118007_p2                         |     |        | q_53              | add | fabric    | 0       |
|   q_57_fu_82629_p2                          |     |        | q_57              | add | fabric    | 0       |
|   sub_ln399_5_fu_82721_p2                   |     |        | sub_ln399_5       | sub | fabric    | 0       |
|   q_61_fu_118277_p2                         |     |        | q_61              | add | fabric    | 0       |
|   q_65_fu_82801_p2                          |     |        | q_65              | add | fabric    | 0       |
|   sub_ln399_6_fu_82893_p2                   |     |        | sub_ln399_6       | sub | fabric    | 0       |
|   q_69_fu_118547_p2                         |     |        | q_69              | add | fabric    | 0       |
|   q_73_fu_82973_p2                          |     |        | q_73              | add | fabric    | 0       |
|   sub_ln399_7_fu_83065_p2                   |     |        | sub_ln399_7       | sub | fabric    | 0       |
|   q_77_fu_118817_p2                         |     |        | q_77              | add | fabric    | 0       |
|   q_81_fu_83145_p2                          |     |        | q_81              | add | fabric    | 0       |
|   sub_ln399_8_fu_83237_p2                   |     |        | sub_ln399_8       | sub | fabric    | 0       |
|   q_85_fu_119087_p2                         |     |        | q_85              | add | fabric    | 0       |
|   q_89_fu_83317_p2                          |     |        | q_89              | add | fabric    | 0       |
|   sub_ln399_9_fu_83409_p2                   |     |        | sub_ln399_9       | sub | fabric    | 0       |
|   q_93_fu_119357_p2                         |     |        | q_93              | add | fabric    | 0       |
|   q_97_fu_83489_p2                          |     |        | q_97              | add | fabric    | 0       |
|   sub_ln399_10_fu_83581_p2                  |     |        | sub_ln399_10      | sub | fabric    | 0       |
|   q_101_fu_119627_p2                        |     |        | q_101             | add | fabric    | 0       |
|   q_105_fu_83661_p2                         |     |        | q_105             | add | fabric    | 0       |
|   sub_ln399_11_fu_83753_p2                  |     |        | sub_ln399_11      | sub | fabric    | 0       |
|   q_109_fu_119897_p2                        |     |        | q_109             | add | fabric    | 0       |
|   q_113_fu_83833_p2                         |     |        | q_113             | add | fabric    | 0       |
|   q_117_fu_120249_p2                        |     |        | q_117             | add | fabric    | 0       |
|   q_121_fu_120484_p2                        |     |        | q_121             | add | fabric    | 0       |
|   q_125_fu_120691_p2                        |     |        | q_125             | add | fabric    | 0       |
|   q_129_fu_84011_p2                         |     |        | q_129             | add | fabric    | 0       |
|   q_133_fu_120933_p2                        |     |        | q_133             | add | fabric    | 0       |
|   q_137_fu_84177_p2                         |     |        | q_137             | add | fabric    | 0       |
|   q_141_fu_121203_p2                        |     |        | q_141             | add | fabric    | 0       |
|   q_145_fu_84343_p2                         |     |        | q_145             | add | fabric    | 0       |
|   q_149_fu_121473_p2                        |     |        | q_149             | add | fabric    | 0       |
|   q_153_fu_84509_p2                         |     |        | q_153             | add | fabric    | 0       |
|   q_157_fu_121743_p2                        |     |        | q_157             | add | fabric    | 0       |
|   q_161_fu_84675_p2                         |     |        | q_161             | add | fabric    | 0       |
|   q_165_fu_122013_p2                        |     |        | q_165             | add | fabric    | 0       |
|   q_169_fu_84841_p2                         |     |        | q_169             | add | fabric    | 0       |
|   q_173_fu_122283_p2                        |     |        | q_173             | add | fabric    | 0       |
|   q_177_fu_85007_p2                         |     |        | q_177             | add | fabric    | 0       |
|   q_181_fu_122553_p2                        |     |        | q_181             | add | fabric    | 0       |
|   q_185_fu_85173_p2                         |     |        | q_185             | add | fabric    | 0       |
|   q_189_fu_122823_p2                        |     |        | q_189             | add | fabric    | 0       |
|   q_193_fu_85339_p2                         |     |        | q_193             | add | fabric    | 0       |
|   q_197_fu_123093_p2                        |     |        | q_197             | add | fabric    | 0       |
|   q_201_fu_85505_p2                         |     |        | q_201             | add | fabric    | 0       |
|   q_205_fu_123363_p2                        |     |        | q_205             | add | fabric    | 0       |
|   q_209_fu_85671_p2                         |     |        | q_209             | add | fabric    | 0       |
|   q_213_fu_123633_p2                        |     |        | q_213             | add | fabric    | 0       |
|   q_217_fu_85837_p2                         |     |        | q_217             | add | fabric    | 0       |
|   q_221_fu_123903_p2                        |     |        | q_221             | add | fabric    | 0       |
|   q_225_fu_86003_p2                         |     |        | q_225             | add | fabric    | 0       |
|   sub_ln399_12_fu_86095_p2                  |     |        | sub_ln399_12      | sub | fabric    | 0       |
|   q_229_fu_124173_p2                        |     |        | q_229             | add | fabric    | 0       |
|   q_233_fu_86175_p2                         |     |        | q_233             | add | fabric    | 0       |
|   q_237_fu_124443_p2                        |     |        | q_237             | add | fabric    | 0       |
|   q_241_fu_86341_p2                         |     |        | q_241             | add | fabric    | 0       |
|   q_245_fu_86473_p2                         |     |        | q_245             | add | fabric    | 0       |
|   q_249_fu_86605_p2                         |     |        | q_249             | add | fabric    | 0       |
|   q_253_fu_124949_p2                        |     |        | q_253             | add | fabric    | 0       |
|   q_257_fu_86771_p2                         |     |        | q_257             | add | fabric    | 0       |
|   q_261_fu_125219_p2                        |     |        | q_261             | add | fabric    | 0       |
|   q_265_fu_86937_p2                         |     |        | q_265             | add | fabric    | 0       |
|   q_269_fu_125489_p2                        |     |        | q_269             | add | fabric    | 0       |
|   q_273_fu_87103_p2                         |     |        | q_273             | add | fabric    | 0       |
|   q_277_fu_125759_p2                        |     |        | q_277             | add | fabric    | 0       |
|   q_281_fu_87269_p2                         |     |        | q_281             | add | fabric    | 0       |
|   q_285_fu_126029_p2                        |     |        | q_285             | add | fabric    | 0       |
|   q_289_fu_87435_p2                         |     |        | q_289             | add | fabric    | 0       |
|   q_293_fu_126299_p2                        |     |        | q_293             | add | fabric    | 0       |
|   q_297_fu_87601_p2                         |     |        | q_297             | add | fabric    | 0       |
|   q_301_fu_126569_p2                        |     |        | q_301             | add | fabric    | 0       |
|   q_305_fu_87767_p2                         |     |        | q_305             | add | fabric    | 0       |
|   q_309_fu_126839_p2                        |     |        | q_309             | add | fabric    | 0       |
|   q_313_fu_87933_p2                         |     |        | q_313             | add | fabric    | 0       |
|   q_317_fu_127109_p2                        |     |        | q_317             | add | fabric    | 0       |
|   q_321_fu_88099_p2                         |     |        | q_321             | add | fabric    | 0       |
|   q_325_fu_127379_p2                        |     |        | q_325             | add | fabric    | 0       |
|   q_329_fu_88265_p2                         |     |        | q_329             | add | fabric    | 0       |
|   q_333_fu_127649_p2                        |     |        | q_333             | add | fabric    | 0       |
|   q_337_fu_88431_p2                         |     |        | q_337             | add | fabric    | 0       |
|   sub_ln399_13_fu_88523_p2                  |     |        | sub_ln399_13      | sub | fabric    | 0       |
|   q_341_fu_127919_p2                        |     |        | q_341             | add | fabric    | 0       |
|   q_345_fu_88603_p2                         |     |        | q_345             | add | fabric    | 0       |
|   q_349_fu_128189_p2                        |     |        | q_349             | add | fabric    | 0       |
|   q_353_fu_88769_p2                         |     |        | q_353             | add | fabric    | 0       |
|   q_357_fu_128459_p2                        |     |        | q_357             | add | fabric    | 0       |
|   q_361_fu_88935_p2                         |     |        | q_361             | add | fabric    | 0       |
|   q_365_fu_89067_p2                         |     |        | q_365             | add | fabric    | 0       |
|   q_369_fu_89199_p2                         |     |        | q_369             | add | fabric    | 0       |
|   q_373_fu_128965_p2                        |     |        | q_373             | add | fabric    | 0       |
|   q_377_fu_89365_p2                         |     |        | q_377             | add | fabric    | 0       |
|   q_381_fu_129235_p2                        |     |        | q_381             | add | fabric    | 0       |
|   q_385_fu_89531_p2                         |     |        | q_385             | add | fabric    | 0       |
|   q_389_fu_129505_p2                        |     |        | q_389             | add | fabric    | 0       |
|   q_393_fu_89697_p2                         |     |        | q_393             | add | fabric    | 0       |
|   q_397_fu_129775_p2                        |     |        | q_397             | add | fabric    | 0       |
|   q_401_fu_89863_p2                         |     |        | q_401             | add | fabric    | 0       |
|   q_405_fu_130045_p2                        |     |        | q_405             | add | fabric    | 0       |
|   q_409_fu_90029_p2                         |     |        | q_409             | add | fabric    | 0       |
|   q_413_fu_130315_p2                        |     |        | q_413             | add | fabric    | 0       |
|   q_417_fu_90195_p2                         |     |        | q_417             | add | fabric    | 0       |
|   q_421_fu_130585_p2                        |     |        | q_421             | add | fabric    | 0       |
|   q_425_fu_90361_p2                         |     |        | q_425             | add | fabric    | 0       |
|   q_429_fu_130855_p2                        |     |        | q_429             | add | fabric    | 0       |
|   q_433_fu_90527_p2                         |     |        | q_433             | add | fabric    | 0       |
|   q_437_fu_131125_p2                        |     |        | q_437             | add | fabric    | 0       |
|   q_441_fu_90693_p2                         |     |        | q_441             | add | fabric    | 0       |
|   q_445_fu_131395_p2                        |     |        | q_445             | add | fabric    | 0       |
|   q_449_fu_90859_p2                         |     |        | q_449             | add | fabric    | 0       |
|   sub_ln399_14_fu_90951_p2                  |     |        | sub_ln399_14      | sub | fabric    | 0       |
|   q_453_fu_131665_p2                        |     |        | q_453             | add | fabric    | 0       |
|   q_457_fu_91031_p2                         |     |        | q_457             | add | fabric    | 0       |
|   q_461_fu_131935_p2                        |     |        | q_461             | add | fabric    | 0       |
|   q_465_fu_91197_p2                         |     |        | q_465             | add | fabric    | 0       |
|   q_469_fu_132205_p2                        |     |        | q_469             | add | fabric    | 0       |
|   q_473_fu_91363_p2                         |     |        | q_473             | add | fabric    | 0       |
|   q_477_fu_132475_p2                        |     |        | q_477             | add | fabric    | 0       |
|   q_481_fu_91529_p2                         |     |        | q_481             | add | fabric    | 0       |
|   q_485_fu_91661_p2                         |     |        | q_485             | add | fabric    | 0       |
|   q_489_fu_91793_p2                         |     |        | q_489             | add | fabric    | 0       |
|   q_493_fu_132981_p2                        |     |        | q_493             | add | fabric    | 0       |
|   q_497_fu_91959_p2                         |     |        | q_497             | add | fabric    | 0       |
|   q_501_fu_133251_p2                        |     |        | q_501             | add | fabric    | 0       |
|   q_505_fu_92125_p2                         |     |        | q_505             | add | fabric    | 0       |
|   q_509_fu_133521_p2                        |     |        | q_509             | add | fabric    | 0       |
|   q_513_fu_92291_p2                         |     |        | q_513             | add | fabric    | 0       |
|   q_517_fu_133791_p2                        |     |        | q_517             | add | fabric    | 0       |
|   q_521_fu_92457_p2                         |     |        | q_521             | add | fabric    | 0       |
|   q_525_fu_134061_p2                        |     |        | q_525             | add | fabric    | 0       |
|   q_529_fu_92623_p2                         |     |        | q_529             | add | fabric    | 0       |
|   q_533_fu_134331_p2                        |     |        | q_533             | add | fabric    | 0       |
|   q_537_fu_92789_p2                         |     |        | q_537             | add | fabric    | 0       |
|   q_541_fu_134601_p2                        |     |        | q_541             | add | fabric    | 0       |
|   q_545_fu_92955_p2                         |     |        | q_545             | add | fabric    | 0       |
|   q_549_fu_134871_p2                        |     |        | q_549             | add | fabric    | 0       |
|   q_553_fu_93121_p2                         |     |        | q_553             | add | fabric    | 0       |
|   q_557_fu_135141_p2                        |     |        | q_557             | add | fabric    | 0       |
|   q_561_fu_93287_p2                         |     |        | q_561             | add | fabric    | 0       |
|   sub_ln399_15_fu_93379_p2                  |     |        | sub_ln399_15      | sub | fabric    | 0       |
|   q_565_fu_135411_p2                        |     |        | q_565             | add | fabric    | 0       |
|   q_569_fu_93459_p2                         |     |        | q_569             | add | fabric    | 0       |
|   q_573_fu_135681_p2                        |     |        | q_573             | add | fabric    | 0       |
|   q_577_fu_93625_p2                         |     |        | q_577             | add | fabric    | 0       |
|   q_581_fu_135951_p2                        |     |        | q_581             | add | fabric    | 0       |
|   q_585_fu_93791_p2                         |     |        | q_585             | add | fabric    | 0       |
|   q_589_fu_136221_p2                        |     |        | q_589             | add | fabric    | 0       |
|   q_593_fu_93957_p2                         |     |        | q_593             | add | fabric    | 0       |
|   q_597_fu_136491_p2                        |     |        | q_597             | add | fabric    | 0       |
|   q_601_fu_94123_p2                         |     |        | q_601             | add | fabric    | 0       |
|   q_605_fu_94255_p2                         |     |        | q_605             | add | fabric    | 0       |
|   q_609_fu_94387_p2                         |     |        | q_609             | add | fabric    | 0       |
|   q_613_fu_136997_p2                        |     |        | q_613             | add | fabric    | 0       |
|   q_617_fu_94553_p2                         |     |        | q_617             | add | fabric    | 0       |
|   q_621_fu_137267_p2                        |     |        | q_621             | add | fabric    | 0       |
|   q_625_fu_94719_p2                         |     |        | q_625             | add | fabric    | 0       |
|   q_629_fu_137537_p2                        |     |        | q_629             | add | fabric    | 0       |
|   q_633_fu_94885_p2                         |     |        | q_633             | add | fabric    | 0       |
|   q_637_fu_137807_p2                        |     |        | q_637             | add | fabric    | 0       |
|   q_641_fu_95051_p2                         |     |        | q_641             | add | fabric    | 0       |
|   q_645_fu_138077_p2                        |     |        | q_645             | add | fabric    | 0       |
|   q_649_fu_95217_p2                         |     |        | q_649             | add | fabric    | 0       |
|   q_653_fu_138347_p2                        |     |        | q_653             | add | fabric    | 0       |
|   q_657_fu_95383_p2                         |     |        | q_657             | add | fabric    | 0       |
|   q_661_fu_138617_p2                        |     |        | q_661             | add | fabric    | 0       |
|   q_665_fu_95549_p2                         |     |        | q_665             | add | fabric    | 0       |
|   q_669_fu_138887_p2                        |     |        | q_669             | add | fabric    | 0       |
|   q_673_fu_95715_p2                         |     |        | q_673             | add | fabric    | 0       |
|   sub_ln399_16_fu_95807_p2                  |     |        | sub_ln399_16      | sub | fabric    | 0       |
|   q_677_fu_139157_p2                        |     |        | q_677             | add | fabric    | 0       |
|   q_681_fu_95887_p2                         |     |        | q_681             | add | fabric    | 0       |
|   q_685_fu_139427_p2                        |     |        | q_685             | add | fabric    | 0       |
|   q_689_fu_96053_p2                         |     |        | q_689             | add | fabric    | 0       |
|   q_693_fu_139697_p2                        |     |        | q_693             | add | fabric    | 0       |
|   q_697_fu_96219_p2                         |     |        | q_697             | add | fabric    | 0       |
|   q_701_fu_139967_p2                        |     |        | q_701             | add | fabric    | 0       |
|   q_705_fu_96385_p2                         |     |        | q_705             | add | fabric    | 0       |
|   q_709_fu_140237_p2                        |     |        | q_709             | add | fabric    | 0       |
|   q_713_fu_96551_p2                         |     |        | q_713             | add | fabric    | 0       |
|   q_717_fu_140507_p2                        |     |        | q_717             | add | fabric    | 0       |
|   q_721_fu_96717_p2                         |     |        | q_721             | add | fabric    | 0       |
|   q_725_fu_96849_p2                         |     |        | q_725             | add | fabric    | 0       |
|   q_729_fu_96981_p2                         |     |        | q_729             | add | fabric    | 0       |
|   q_733_fu_141013_p2                        |     |        | q_733             | add | fabric    | 0       |
|   q_737_fu_97147_p2                         |     |        | q_737             | add | fabric    | 0       |
|   q_741_fu_141283_p2                        |     |        | q_741             | add | fabric    | 0       |
|   q_745_fu_97313_p2                         |     |        | q_745             | add | fabric    | 0       |
|   q_749_fu_141553_p2                        |     |        | q_749             | add | fabric    | 0       |
|   q_753_fu_97479_p2                         |     |        | q_753             | add | fabric    | 0       |
|   q_757_fu_141823_p2                        |     |        | q_757             | add | fabric    | 0       |
|   q_761_fu_97645_p2                         |     |        | q_761             | add | fabric    | 0       |
|   q_765_fu_142093_p2                        |     |        | q_765             | add | fabric    | 0       |
|   q_769_fu_97811_p2                         |     |        | q_769             | add | fabric    | 0       |
|   q_773_fu_142363_p2                        |     |        | q_773             | add | fabric    | 0       |
|   q_777_fu_97977_p2                         |     |        | q_777             | add | fabric    | 0       |
|   q_781_fu_142633_p2                        |     |        | q_781             | add | fabric    | 0       |
|   q_785_fu_98143_p2                         |     |        | q_785             | add | fabric    | 0       |
|   sub_ln399_17_fu_98235_p2                  |     |        | sub_ln399_17      | sub | fabric    | 0       |
|   q_789_fu_142903_p2                        |     |        | q_789             | add | fabric    | 0       |
|   q_793_fu_98315_p2                         |     |        | q_793             | add | fabric    | 0       |
|   q_797_fu_143173_p2                        |     |        | q_797             | add | fabric    | 0       |
|   q_801_fu_98481_p2                         |     |        | q_801             | add | fabric    | 0       |
|   q_805_fu_143443_p2                        |     |        | q_805             | add | fabric    | 0       |
|   q_809_fu_98647_p2                         |     |        | q_809             | add | fabric    | 0       |
|   q_813_fu_143713_p2                        |     |        | q_813             | add | fabric    | 0       |
|   q_817_fu_98813_p2                         |     |        | q_817             | add | fabric    | 0       |
|   q_821_fu_143983_p2                        |     |        | q_821             | add | fabric    | 0       |
|   q_825_fu_98979_p2                         |     |        | q_825             | add | fabric    | 0       |
|   q_829_fu_144253_p2                        |     |        | q_829             | add | fabric    | 0       |
|   q_833_fu_99145_p2                         |     |        | q_833             | add | fabric    | 0       |
|   q_837_fu_144523_p2                        |     |        | q_837             | add | fabric    | 0       |
|   q_841_fu_99311_p2                         |     |        | q_841             | add | fabric    | 0       |
|   q_845_fu_99443_p2                         |     |        | q_845             | add | fabric    | 0       |
|   q_849_fu_99575_p2                         |     |        | q_849             | add | fabric    | 0       |
|   q_853_fu_145029_p2                        |     |        | q_853             | add | fabric    | 0       |
|   q_857_fu_99741_p2                         |     |        | q_857             | add | fabric    | 0       |
|   q_861_fu_145299_p2                        |     |        | q_861             | add | fabric    | 0       |
|   q_865_fu_99907_p2                         |     |        | q_865             | add | fabric    | 0       |
|   q_869_fu_145569_p2                        |     |        | q_869             | add | fabric    | 0       |
|   q_873_fu_100073_p2                        |     |        | q_873             | add | fabric    | 0       |
|   q_877_fu_145839_p2                        |     |        | q_877             | add | fabric    | 0       |
|   q_881_fu_100239_p2                        |     |        | q_881             | add | fabric    | 0       |
|   q_885_fu_146109_p2                        |     |        | q_885             | add | fabric    | 0       |
|   q_889_fu_100405_p2                        |     |        | q_889             | add | fabric    | 0       |
|   q_893_fu_146379_p2                        |     |        | q_893             | add | fabric    | 0       |
|   q_897_fu_100571_p2                        |     |        | q_897             | add | fabric    | 0       |
|   sub_ln399_18_fu_100663_p2                 |     |        | sub_ln399_18      | sub | fabric    | 0       |
|   q_901_fu_146649_p2                        |     |        | q_901             | add | fabric    | 0       |
|   q_905_fu_100743_p2                        |     |        | q_905             | add | fabric    | 0       |
|   q_909_fu_146919_p2                        |     |        | q_909             | add | fabric    | 0       |
|   q_913_fu_100909_p2                        |     |        | q_913             | add | fabric    | 0       |
|   q_917_fu_147189_p2                        |     |        | q_917             | add | fabric    | 0       |
|   q_921_fu_101075_p2                        |     |        | q_921             | add | fabric    | 0       |
|   q_925_fu_147459_p2                        |     |        | q_925             | add | fabric    | 0       |
|   q_929_fu_101241_p2                        |     |        | q_929             | add | fabric    | 0       |
|   q_933_fu_147729_p2                        |     |        | q_933             | add | fabric    | 0       |
|   q_937_fu_101407_p2                        |     |        | q_937             | add | fabric    | 0       |
|   q_941_fu_147999_p2                        |     |        | q_941             | add | fabric    | 0       |
|   q_945_fu_101573_p2                        |     |        | q_945             | add | fabric    | 0       |
|   q_949_fu_148269_p2                        |     |        | q_949             | add | fabric    | 0       |
|   q_953_fu_101739_p2                        |     |        | q_953             | add | fabric    | 0       |
|   q_957_fu_148539_p2                        |     |        | q_957             | add | fabric    | 0       |
|   q_961_fu_101905_p2                        |     |        | q_961             | add | fabric    | 0       |
|   q_965_fu_102037_p2                        |     |        | q_965             | add | fabric    | 0       |
|   q_969_fu_102169_p2                        |     |        | q_969             | add | fabric    | 0       |
|   q_973_fu_149045_p2                        |     |        | q_973             | add | fabric    | 0       |
|   q_977_fu_102335_p2                        |     |        | q_977             | add | fabric    | 0       |
|   q_981_fu_149315_p2                        |     |        | q_981             | add | fabric    | 0       |
|   q_985_fu_102501_p2                        |     |        | q_985             | add | fabric    | 0       |
|   q_989_fu_149585_p2                        |     |        | q_989             | add | fabric    | 0       |
|   q_993_fu_102667_p2                        |     |        | q_993             | add | fabric    | 0       |
|   q_997_fu_149855_p2                        |     |        | q_997             | add | fabric    | 0       |
|   q_1001_fu_102833_p2                       |     |        | q_1001            | add | fabric    | 0       |
|   q_1005_fu_150125_p2                       |     |        | q_1005            | add | fabric    | 0       |
|   q_1009_fu_102999_p2                       |     |        | q_1009            | add | fabric    | 0       |
|   sub_ln399_19_fu_103091_p2                 |     |        | sub_ln399_19      | sub | fabric    | 0       |
|   q_1013_fu_150395_p2                       |     |        | q_1013            | add | fabric    | 0       |
|   q_1017_fu_103171_p2                       |     |        | q_1017            | add | fabric    | 0       |
|   q_1021_fu_150665_p2                       |     |        | q_1021            | add | fabric    | 0       |
|   q_1025_fu_103337_p2                       |     |        | q_1025            | add | fabric    | 0       |
|   q_1029_fu_150935_p2                       |     |        | q_1029            | add | fabric    | 0       |
|   q_1033_fu_103503_p2                       |     |        | q_1033            | add | fabric    | 0       |
|   q_1037_fu_151205_p2                       |     |        | q_1037            | add | fabric    | 0       |
|   q_1041_fu_103669_p2                       |     |        | q_1041            | add | fabric    | 0       |
|   q_1045_fu_151475_p2                       |     |        | q_1045            | add | fabric    | 0       |
|   q_1049_fu_103835_p2                       |     |        | q_1049            | add | fabric    | 0       |
|   q_1053_fu_151745_p2                       |     |        | q_1053            | add | fabric    | 0       |
|   q_1057_fu_104001_p2                       |     |        | q_1057            | add | fabric    | 0       |
|   q_1061_fu_152015_p2                       |     |        | q_1061            | add | fabric    | 0       |
|   q_1065_fu_104167_p2                       |     |        | q_1065            | add | fabric    | 0       |
|   q_1069_fu_152285_p2                       |     |        | q_1069            | add | fabric    | 0       |
|   q_1073_fu_104333_p2                       |     |        | q_1073            | add | fabric    | 0       |
|   q_1077_fu_152555_p2                       |     |        | q_1077            | add | fabric    | 0       |
|   q_1081_fu_104499_p2                       |     |        | q_1081            | add | fabric    | 0       |
|   q_1085_fu_104631_p2                       |     |        | q_1085            | add | fabric    | 0       |
|   q_1089_fu_104763_p2                       |     |        | q_1089            | add | fabric    | 0       |
|   q_1093_fu_153061_p2                       |     |        | q_1093            | add | fabric    | 0       |
|   q_1097_fu_104929_p2                       |     |        | q_1097            | add | fabric    | 0       |
|   q_1101_fu_153331_p2                       |     |        | q_1101            | add | fabric    | 0       |
|   q_1105_fu_105095_p2                       |     |        | q_1105            | add | fabric    | 0       |
|   q_1109_fu_153601_p2                       |     |        | q_1109            | add | fabric    | 0       |
|   q_1113_fu_105261_p2                       |     |        | q_1113            | add | fabric    | 0       |
|   q_1117_fu_153871_p2                       |     |        | q_1117            | add | fabric    | 0       |
|   q_1121_fu_105427_p2                       |     |        | q_1121            | add | fabric    | 0       |
|   sub_ln399_20_fu_105519_p2                 |     |        | sub_ln399_20      | sub | fabric    | 0       |
|   q_1125_fu_154141_p2                       |     |        | q_1125            | add | fabric    | 0       |
|   q_1129_fu_105599_p2                       |     |        | q_1129            | add | fabric    | 0       |
|   q_1133_fu_154411_p2                       |     |        | q_1133            | add | fabric    | 0       |
|   q_1137_fu_105765_p2                       |     |        | q_1137            | add | fabric    | 0       |
|   q_1141_fu_154681_p2                       |     |        | q_1141            | add | fabric    | 0       |
|   q_1145_fu_105931_p2                       |     |        | q_1145            | add | fabric    | 0       |
|   q_1149_fu_154951_p2                       |     |        | q_1149            | add | fabric    | 0       |
|   q_1153_fu_106097_p2                       |     |        | q_1153            | add | fabric    | 0       |
|   q_1157_fu_155221_p2                       |     |        | q_1157            | add | fabric    | 0       |
|   q_1161_fu_106263_p2                       |     |        | q_1161            | add | fabric    | 0       |
|   q_1165_fu_155491_p2                       |     |        | q_1165            | add | fabric    | 0       |
|   q_1169_fu_106429_p2                       |     |        | q_1169            | add | fabric    | 0       |
|   q_1173_fu_155761_p2                       |     |        | q_1173            | add | fabric    | 0       |
|   q_1177_fu_106595_p2                       |     |        | q_1177            | add | fabric    | 0       |
|   q_1181_fu_156031_p2                       |     |        | q_1181            | add | fabric    | 0       |
|   q_1185_fu_106761_p2                       |     |        | q_1185            | add | fabric    | 0       |
|   q_1189_fu_156301_p2                       |     |        | q_1189            | add | fabric    | 0       |
|   q_1193_fu_106927_p2                       |     |        | q_1193            | add | fabric    | 0       |
|   q_1197_fu_156571_p2                       |     |        | q_1197            | add | fabric    | 0       |
|   q_1201_fu_156819_p2                       |     |        | q_1201            | add | fabric    | 0       |
|   q_1205_fu_157083_p2                       |     |        | q_1205            | add | fabric    | 0       |
|   q_1209_fu_107093_p2                       |     |        | q_1209            | add | fabric    | 0       |
|   q_1213_fu_157369_p2                       |     |        | q_1213            | add | fabric    | 0       |
|   q_1217_fu_107259_p2                       |     |        | q_1217            | add | fabric    | 0       |
|   q_1221_fu_157639_p2                       |     |        | q_1221            | add | fabric    | 0       |
|   q_1225_fu_107425_p2                       |     |        | q_1225            | add | fabric    | 0       |
|   q_1229_fu_157909_p2                       |     |        | q_1229            | add | fabric    | 0       |
|   q_1233_fu_107591_p2                       |     |        | q_1233            | add | fabric    | 0       |
|   sub_ln399_21_fu_107683_p2                 |     |        | sub_ln399_21      | sub | fabric    | 0       |
|   q_1237_fu_158179_p2                       |     |        | q_1237            | add | fabric    | 0       |
|   q_1241_fu_107763_p2                       |     |        | q_1241            | add | fabric    | 0       |
|   q_1245_fu_158449_p2                       |     |        | q_1245            | add | fabric    | 0       |
|   q_1249_fu_107929_p2                       |     |        | q_1249            | add | fabric    | 0       |
|   q_1253_fu_158719_p2                       |     |        | q_1253            | add | fabric    | 0       |
|   q_1257_fu_108095_p2                       |     |        | q_1257            | add | fabric    | 0       |
|   q_1261_fu_158989_p2                       |     |        | q_1261            | add | fabric    | 0       |
|   q_1265_fu_108261_p2                       |     |        | q_1265            | add | fabric    | 0       |
|   q_1269_fu_159259_p2                       |     |        | q_1269            | add | fabric    | 0       |
|   q_1273_fu_108427_p2                       |     |        | q_1273            | add | fabric    | 0       |
|   q_1277_fu_159529_p2                       |     |        | q_1277            | add | fabric    | 0       |
|   q_1281_fu_108593_p2                       |     |        | q_1281            | add | fabric    | 0       |
|   q_1285_fu_159799_p2                       |     |        | q_1285            | add | fabric    | 0       |
|   q_1289_fu_108759_p2                       |     |        | q_1289            | add | fabric    | 0       |
|   q_1293_fu_160069_p2                       |     |        | q_1293            | add | fabric    | 0       |
|   q_1297_fu_108925_p2                       |     |        | q_1297            | add | fabric    | 0       |
|   q_1301_fu_160339_p2                       |     |        | q_1301            | add | fabric    | 0       |
|   q_1305_fu_109091_p2                       |     |        | q_1305            | add | fabric    | 0       |
|   q_1309_fu_160609_p2                       |     |        | q_1309            | add | fabric    | 0       |
|   q_1313_fu_109257_p2                       |     |        | q_1313            | add | fabric    | 0       |
|   q_1317_fu_160879_p2                       |     |        | q_1317            | add | fabric    | 0       |
|   q_1321_fu_161127_p2                       |     |        | q_1321            | add | fabric    | 0       |
|   q_1325_fu_161391_p2                       |     |        | q_1325            | add | fabric    | 0       |
|   q_1329_fu_109423_p2                       |     |        | q_1329            | add | fabric    | 0       |
|   q_1333_fu_161677_p2                       |     |        | q_1333            | add | fabric    | 0       |
|   q_1337_fu_109589_p2                       |     |        | q_1337            | add | fabric    | 0       |
|   q_1341_fu_161947_p2                       |     |        | q_1341            | add | fabric    | 0       |
|   q_1345_fu_109755_p2                       |     |        | q_1345            | add | fabric    | 0       |
|   sub_ln399_22_fu_109847_p2                 |     |        | sub_ln399_22      | sub | fabric    | 0       |
|   q_1349_fu_162217_p2                       |     |        | q_1349            | add | fabric    | 0       |
|   q_1353_fu_109927_p2                       |     |        | q_1353            | add | fabric    | 0       |
|   q_1357_fu_162487_p2                       |     |        | q_1357            | add | fabric    | 0       |
|   q_1361_fu_110093_p2                       |     |        | q_1361            | add | fabric    | 0       |
|   q_1365_fu_162757_p2                       |     |        | q_1365            | add | fabric    | 0       |
|   q_1369_fu_110259_p2                       |     |        | q_1369            | add | fabric    | 0       |
|   q_1373_fu_163027_p2                       |     |        | q_1373            | add | fabric    | 0       |
|   q_1377_fu_110425_p2                       |     |        | q_1377            | add | fabric    | 0       |
|   q_1381_fu_163297_p2                       |     |        | q_1381            | add | fabric    | 0       |
|   q_1385_fu_110591_p2                       |     |        | q_1385            | add | fabric    | 0       |
|   q_1389_fu_163567_p2                       |     |        | q_1389            | add | fabric    | 0       |
|   q_1393_fu_110757_p2                       |     |        | q_1393            | add | fabric    | 0       |
|   q_1397_fu_163837_p2                       |     |        | q_1397            | add | fabric    | 0       |
|   q_1401_fu_110923_p2                       |     |        | q_1401            | add | fabric    | 0       |
|   q_1405_fu_164107_p2                       |     |        | q_1405            | add | fabric    | 0       |
|   q_1409_fu_111089_p2                       |     |        | q_1409            | add | fabric    | 0       |
|   q_1413_fu_164377_p2                       |     |        | q_1413            | add | fabric    | 0       |
|   q_1417_fu_111255_p2                       |     |        | q_1417            | add | fabric    | 0       |
|   q_1421_fu_164647_p2                       |     |        | q_1421            | add | fabric    | 0       |
|   q_1425_fu_111421_p2                       |     |        | q_1425            | add | fabric    | 0       |
|   q_1429_fu_164917_p2                       |     |        | q_1429            | add | fabric    | 0       |
|   q_1433_fu_111587_p2                       |     |        | q_1433            | add | fabric    | 0       |
|   q_1437_fu_165187_p2                       |     |        | q_1437            | add | fabric    | 0       |
|   q_1441_fu_165435_p2                       |     |        | q_1441            | add | fabric    | 0       |
|   q_1445_fu_165699_p2                       |     |        | q_1445            | add | fabric    | 0       |
|   q_1449_fu_111753_p2                       |     |        | q_1449            | add | fabric    | 0       |
|   q_1453_fu_165985_p2                       |     |        | q_1453            | add | fabric    | 0       |
|   q_1457_fu_111919_p2                       |     |        | q_1457            | add | fabric    | 0       |
|   sub_ln399_23_fu_112011_p2                 |     |        | sub_ln399_23      | sub | fabric    | 0       |
|   q_1461_fu_166255_p2                       |     |        | q_1461            | add | fabric    | 0       |
|   q_1465_fu_112091_p2                       |     |        | q_1465            | add | fabric    | 0       |
|   q_1469_fu_166525_p2                       |     |        | q_1469            | add | fabric    | 0       |
|   q_1473_fu_112257_p2                       |     |        | q_1473            | add | fabric    | 0       |
|   q_1477_fu_166795_p2                       |     |        | q_1477            | add | fabric    | 0       |
|   q_1481_fu_112423_p2                       |     |        | q_1481            | add | fabric    | 0       |
|   q_1485_fu_167065_p2                       |     |        | q_1485            | add | fabric    | 0       |
|   q_1489_fu_112589_p2                       |     |        | q_1489            | add | fabric    | 0       |
|   q_1493_fu_167335_p2                       |     |        | q_1493            | add | fabric    | 0       |
|   q_1497_fu_112755_p2                       |     |        | q_1497            | add | fabric    | 0       |
|   q_1501_fu_167605_p2                       |     |        | q_1501            | add | fabric    | 0       |
|   q_1505_fu_112921_p2                       |     |        | q_1505            | add | fabric    | 0       |
|   q_1509_fu_167875_p2                       |     |        | q_1509            | add | fabric    | 0       |
|   q_1513_fu_113087_p2                       |     |        | q_1513            | add | fabric    | 0       |
|   q_1517_fu_168145_p2                       |     |        | q_1517            | add | fabric    | 0       |
|   q_1521_fu_113253_p2                       |     |        | q_1521            | add | fabric    | 0       |
|   q_1525_fu_168415_p2                       |     |        | q_1525            | add | fabric    | 0       |
|   q_1529_fu_113419_p2                       |     |        | q_1529            | add | fabric    | 0       |
|   q_1533_fu_168685_p2                       |     |        | q_1533            | add | fabric    | 0       |
|   q_1537_fu_113585_p2                       |     |        | q_1537            | add | fabric    | 0       |
|   q_1541_fu_168955_p2                       |     |        | q_1541            | add | fabric    | 0       |
|   q_1545_fu_113751_p2                       |     |        | q_1545            | add | fabric    | 0       |
|   q_1549_fu_169225_p2                       |     |        | q_1549            | add | fabric    | 0       |
|   q_1553_fu_113917_p2                       |     |        | q_1553            | add | fabric    | 0       |
|   q_1557_fu_169495_p2                       |     |        | q_1557            | add | fabric    | 0       |
|   q_1561_fu_114083_p2                       |     |        | q_1561            | add | fabric    | 0       |
|   q_1565_fu_114215_p2                       |     |        | q_1565            | add | fabric    | 0       |
|   add_ln447_fu_169931_p2                    |     |        | add_ln447         | add | fabric    | 0       |
|   add_ln447_3_fu_171897_p2                  |     |        | add_ln447_3       | add | fabric    | 0       |
|   add_ln447_4_fu_171907_p2                  |     |        | add_ln447_4       | add | fabric    | 0       |
|   add_ln447_5_fu_171917_p2                  |     |        | add_ln447_5       | add | fabric    | 0       |
|   add_ln447_6_fu_171927_p2                  |     |        | add_ln447_6       | add | fabric    | 0       |
|   add_ln447_7_fu_171937_p2                  |     |        | add_ln447_7       | add | fabric    | 0       |
|   add_ln447_8_fu_171947_p2                  |     |        | add_ln447_8       | add | fabric    | 0       |
|   add_ln447_9_fu_171957_p2                  |     |        | add_ln447_9       | add | fabric    | 0       |
|   add_ln447_10_fu_171967_p2                 |     |        | add_ln447_10      | add | fabric    | 0       |
|   add_ln447_11_fu_171977_p2                 |     |        | add_ln447_11      | add | fabric    | 0       |
|   add_ln447_12_fu_171983_p2                 |     |        | add_ln447_12      | add | fabric    | 0       |
|   add_ln447_13_fu_171993_p2                 |     |        | add_ln447_13      | add | fabric    | 0       |
|   add_ln447_14_fu_172003_p2                 |     |        | add_ln447_14      | add | fabric    | 0       |
|   add_ln447_15_fu_172013_p2                 |     |        | add_ln447_15      | add | fabric    | 0       |
|   add_ln447_16_fu_172023_p2                 |     |        | add_ln447_16      | add | fabric    | 0       |
|   add_ln447_17_fu_172029_p2                 |     |        | add_ln447_17      | add | fabric    | 0       |
|   add_ln447_18_fu_172039_p2                 |     |        | add_ln447_18      | add | fabric    | 0       |
|   add_ln447_19_fu_172049_p2                 |     |        | add_ln447_19      | add | fabric    | 0       |
|   add_ln447_20_fu_172059_p2                 |     |        | add_ln447_20      | add | fabric    | 0       |
|   add_ln447_21_fu_172069_p2                 |     |        | add_ln447_21      | add | fabric    | 0       |
|   add_ln447_22_fu_176750_p2                 |     |        | add_ln447_22      | add | fabric    | 0       |
|   add_ln447_23_fu_176760_p2                 |     |        | add_ln447_23      | add | fabric    | 0       |
|   add_ln447_24_fu_172075_p2                 |     |        | add_ln447_24      | add | fabric    | 0       |
|   add_ln447_25_fu_172085_p2                 |     |        | add_ln447_25      | add | fabric    | 0       |
|   add_ln447_26_fu_172095_p2                 |     |        | add_ln447_26      | add | fabric    | 0       |
|   add_ln447_27_fu_172105_p2                 |     |        | add_ln447_27      | add | fabric    | 0       |
|   add_ln447_28_fu_172115_p2                 |     |        | add_ln447_28      | add | fabric    | 0       |
|   add_ln447_29_fu_172125_p2                 |     |        | add_ln447_29      | add | fabric    | 0       |
|   add_ln447_30_fu_172135_p2                 |     |        | add_ln447_30      | add | fabric    | 0       |
|   add_ln447_31_fu_172145_p2                 |     |        | add_ln447_31      | add | fabric    | 0       |
|   add_ln447_32_fu_172155_p2                 |     |        | add_ln447_32      | add | fabric    | 0       |
|   add_ln447_33_fu_172165_p2                 |     |        | add_ln447_33      | add | fabric    | 0       |
|   add_ln447_34_fu_172175_p2                 |     |        | add_ln447_34      | add | fabric    | 0       |
|   add_ln447_35_fu_172181_p2                 |     |        | add_ln447_35      | add | fabric    | 0       |
|   add_ln447_36_fu_172191_p2                 |     |        | add_ln447_36      | add | fabric    | 0       |
|   add_ln447_37_fu_172201_p2                 |     |        | add_ln447_37      | add | fabric    | 0       |
|   add_ln447_38_fu_172211_p2                 |     |        | add_ln447_38      | add | fabric    | 0       |
|   add_ln447_39_fu_172221_p2                 |     |        | add_ln447_39      | add | fabric    | 0       |
|   add_ln447_40_fu_172231_p2                 |     |        | add_ln447_40      | add | fabric    | 0       |
|   add_ln447_41_fu_172241_p2                 |     |        | add_ln447_41      | add | fabric    | 0       |
|   add_ln447_42_fu_172251_p2                 |     |        | add_ln447_42      | add | fabric    | 0       |
|   add_ln447_43_fu_172261_p2                 |     |        | add_ln447_43      | add | fabric    | 0       |
|   add_ln447_44_fu_172271_p2                 |     |        | add_ln447_44      | add | fabric    | 0       |
|   add_ln447_45_fu_172281_p2                 |     |        | add_ln447_45      | add | fabric    | 0       |
|   add_ln447_46_fu_176776_p2                 |     |        | add_ln447_46      | add | fabric    | 0       |
|   add_ln447_47_fu_176786_p2                 |     |        | add_ln447_47      | add | fabric    | 0       |
|   add_ln447_48_fu_172287_p2                 |     |        | add_ln447_48      | add | fabric    | 0       |
|   add_ln447_49_fu_172297_p2                 |     |        | add_ln447_49      | add | fabric    | 0       |
|   add_ln447_50_fu_172307_p2                 |     |        | add_ln447_50      | add | fabric    | 0       |
|   add_ln447_51_fu_172317_p2                 |     |        | add_ln447_51      | add | fabric    | 0       |
|   add_ln447_52_fu_172327_p2                 |     |        | add_ln447_52      | add | fabric    | 0       |
|   add_ln447_53_fu_172337_p2                 |     |        | add_ln447_53      | add | fabric    | 0       |
|   add_ln447_54_fu_172347_p2                 |     |        | add_ln447_54      | add | fabric    | 0       |
|   add_ln447_55_fu_172357_p2                 |     |        | add_ln447_55      | add | fabric    | 0       |
|   add_ln447_56_fu_172367_p2                 |     |        | add_ln447_56      | add | fabric    | 0       |
|   add_ln447_57_fu_172377_p2                 |     |        | add_ln447_57      | add | fabric    | 0       |
|   add_ln447_58_fu_172387_p2                 |     |        | add_ln447_58      | add | fabric    | 0       |
|   add_ln447_59_fu_172393_p2                 |     |        | add_ln447_59      | add | fabric    | 0       |
|   add_ln447_60_fu_172403_p2                 |     |        | add_ln447_60      | add | fabric    | 0       |
|   add_ln447_61_fu_172413_p2                 |     |        | add_ln447_61      | add | fabric    | 0       |
|   add_ln447_62_fu_172423_p2                 |     |        | add_ln447_62      | add | fabric    | 0       |
|   add_ln447_63_fu_172433_p2                 |     |        | add_ln447_63      | add | fabric    | 0       |
|   add_ln447_64_fu_172443_p2                 |     |        | add_ln447_64      | add | fabric    | 0       |
|   add_ln447_65_fu_172453_p2                 |     |        | add_ln447_65      | add | fabric    | 0       |
|   add_ln447_66_fu_172463_p2                 |     |        | add_ln447_66      | add | fabric    | 0       |
|   add_ln447_67_fu_172473_p2                 |     |        | add_ln447_67      | add | fabric    | 0       |
|   add_ln447_68_fu_172483_p2                 |     |        | add_ln447_68      | add | fabric    | 0       |
|   add_ln447_69_fu_172493_p2                 |     |        | add_ln447_69      | add | fabric    | 0       |
|   add_ln447_70_fu_176802_p2                 |     |        | add_ln447_70      | add | fabric    | 0       |
|   add_ln447_71_fu_172499_p2                 |     |        | add_ln447_71      | add | fabric    | 0       |
|   add_ln447_72_fu_172509_p2                 |     |        | add_ln447_72      | add | fabric    | 0       |
|   add_ln447_73_fu_172519_p2                 |     |        | add_ln447_73      | add | fabric    | 0       |
|   add_ln447_74_fu_172529_p2                 |     |        | add_ln447_74      | add | fabric    | 0       |
|   add_ln447_75_fu_172539_p2                 |     |        | add_ln447_75      | add | fabric    | 0       |
|   add_ln447_76_fu_172549_p2                 |     |        | add_ln447_76      | add | fabric    | 0       |
|   add_ln447_77_fu_172559_p2                 |     |        | add_ln447_77      | add | fabric    | 0       |
|   add_ln447_78_fu_172569_p2                 |     |        | add_ln447_78      | add | fabric    | 0       |
|   add_ln447_79_fu_172579_p2                 |     |        | add_ln447_79      | add | fabric    | 0       |
|   add_ln447_80_fu_172589_p2                 |     |        | add_ln447_80      | add | fabric    | 0       |
|   add_ln447_81_fu_172599_p2                 |     |        | add_ln447_81      | add | fabric    | 0       |
|   add_ln447_82_fu_172605_p2                 |     |        | add_ln447_82      | add | fabric    | 0       |
|   add_ln447_83_fu_172615_p2                 |     |        | add_ln447_83      | add | fabric    | 0       |
|   add_ln447_84_fu_172625_p2                 |     |        | add_ln447_84      | add | fabric    | 0       |
|   add_ln447_85_fu_172635_p2                 |     |        | add_ln447_85      | add | fabric    | 0       |
|   add_ln447_86_fu_172645_p2                 |     |        | add_ln447_86      | add | fabric    | 0       |
|   add_ln447_87_fu_172655_p2                 |     |        | add_ln447_87      | add | fabric    | 0       |
|   add_ln447_88_fu_172665_p2                 |     |        | add_ln447_88      | add | fabric    | 0       |
|   add_ln447_89_fu_172675_p2                 |     |        | add_ln447_89      | add | fabric    | 0       |
|   add_ln447_90_fu_172685_p2                 |     |        | add_ln447_90      | add | fabric    | 0       |
|   add_ln447_91_fu_172695_p2                 |     |        | add_ln447_91      | add | fabric    | 0       |
|   add_ln447_92_fu_172705_p2                 |     |        | add_ln447_92      | add | fabric    | 0       |
|   add_ln447_93_fu_172715_p2                 |     |        | add_ln447_93      | add | fabric    | 0       |
|   add_ln447_94_fu_176818_p2                 |     |        | add_ln447_94      | add | fabric    | 0       |
|   add_ln447_95_fu_176828_p2                 |     |        | add_ln447_95      | add | fabric    | 0       |
|   add_ln447_96_fu_176838_p2                 |     |        | add_ln447_96      | add | fabric    | 0       |
|   add_ln447_97_fu_172721_p2                 |     |        | add_ln447_97      | add | fabric    | 0       |
|   add_ln447_98_fu_172731_p2                 |     |        | add_ln447_98      | add | fabric    | 0       |
|   add_ln447_99_fu_172741_p2                 |     |        | add_ln447_99      | add | fabric    | 0       |
|   add_ln447_100_fu_172751_p2                |     |        | add_ln447_100     | add | fabric    | 0       |
|   add_ln447_101_fu_172761_p2                |     |        | add_ln447_101     | add | fabric    | 0       |
|   add_ln447_102_fu_172771_p2                |     |        | add_ln447_102     | add | fabric    | 0       |
|   add_ln447_103_fu_172781_p2                |     |        | add_ln447_103     | add | fabric    | 0       |
|   add_ln447_104_fu_172791_p2                |     |        | add_ln447_104     | add | fabric    | 0       |
|   add_ln447_105_fu_172801_p2                |     |        | add_ln447_105     | add | fabric    | 0       |
|   add_ln447_106_fu_172811_p2                |     |        | add_ln447_106     | add | fabric    | 0       |
|   add_ln447_107_fu_172821_p2                |     |        | add_ln447_107     | add | fabric    | 0       |
|   add_ln447_108_fu_172827_p2                |     |        | add_ln447_108     | add | fabric    | 0       |
|   add_ln447_109_fu_172837_p2                |     |        | add_ln447_109     | add | fabric    | 0       |
|   add_ln447_110_fu_172847_p2                |     |        | add_ln447_110     | add | fabric    | 0       |
|   add_ln447_111_fu_172857_p2                |     |        | add_ln447_111     | add | fabric    | 0       |
|   add_ln447_112_fu_172867_p2                |     |        | add_ln447_112     | add | fabric    | 0       |
|   add_ln447_113_fu_172877_p2                |     |        | add_ln447_113     | add | fabric    | 0       |
|   add_ln447_114_fu_172887_p2                |     |        | add_ln447_114     | add | fabric    | 0       |
|   add_ln447_115_fu_172897_p2                |     |        | add_ln447_115     | add | fabric    | 0       |
|   add_ln447_116_fu_172907_p2                |     |        | add_ln447_116     | add | fabric    | 0       |
|   add_ln447_117_fu_172917_p2                |     |        | add_ln447_117     | add | fabric    | 0       |
|   add_ln447_118_fu_172927_p2                |     |        | add_ln447_118     | add | fabric    | 0       |
|   add_ln447_119_fu_176854_p2                |     |        | add_ln447_119     | add | fabric    | 0       |
|   add_ln447_120_fu_172933_p2                |     |        | add_ln447_120     | add | fabric    | 0       |
|   add_ln447_121_fu_172943_p2                |     |        | add_ln447_121     | add | fabric    | 0       |
|   add_ln447_122_fu_172953_p2                |     |        | add_ln447_122     | add | fabric    | 0       |
|   add_ln447_123_fu_172963_p2                |     |        | add_ln447_123     | add | fabric    | 0       |
|   add_ln447_124_fu_172973_p2                |     |        | add_ln447_124     | add | fabric    | 0       |
|   add_ln447_125_fu_172983_p2                |     |        | add_ln447_125     | add | fabric    | 0       |
|   add_ln447_126_fu_172993_p2                |     |        | add_ln447_126     | add | fabric    | 0       |
|   add_ln447_127_fu_173003_p2                |     |        | add_ln447_127     | add | fabric    | 0       |
|   add_ln447_128_fu_173013_p2                |     |        | add_ln447_128     | add | fabric    | 0       |
|   add_ln447_129_fu_173023_p2                |     |        | add_ln447_129     | add | fabric    | 0       |
|   add_ln447_130_fu_173033_p2                |     |        | add_ln447_130     | add | fabric    | 0       |
|   add_ln447_131_fu_173039_p2                |     |        | add_ln447_131     | add | fabric    | 0       |
|   add_ln447_132_fu_173049_p2                |     |        | add_ln447_132     | add | fabric    | 0       |
|   add_ln447_133_fu_173059_p2                |     |        | add_ln447_133     | add | fabric    | 0       |
|   add_ln447_134_fu_173069_p2                |     |        | add_ln447_134     | add | fabric    | 0       |
|   add_ln447_135_fu_173079_p2                |     |        | add_ln447_135     | add | fabric    | 0       |
|   add_ln447_136_fu_173089_p2                |     |        | add_ln447_136     | add | fabric    | 0       |
|   add_ln447_137_fu_173099_p2                |     |        | add_ln447_137     | add | fabric    | 0       |
|   add_ln447_138_fu_173109_p2                |     |        | add_ln447_138     | add | fabric    | 0       |
|   add_ln447_139_fu_173119_p2                |     |        | add_ln447_139     | add | fabric    | 0       |
|   add_ln447_140_fu_173129_p2                |     |        | add_ln447_140     | add | fabric    | 0       |
|   add_ln447_141_fu_173139_p2                |     |        | add_ln447_141     | add | fabric    | 0       |
|   add_ln447_142_fu_173149_p2                |     |        | add_ln447_142     | add | fabric    | 0       |
|   add_ln447_143_fu_176870_p2                |     |        | add_ln447_143     | add | fabric    | 0       |
|   add_ln447_144_fu_176880_p2                |     |        | add_ln447_144     | add | fabric    | 0       |
|   add_ln447_145_fu_173155_p2                |     |        | add_ln447_145     | add | fabric    | 0       |
|   add_ln447_146_fu_173165_p2                |     |        | add_ln447_146     | add | fabric    | 0       |
|   add_ln447_147_fu_173171_p2                |     |        | add_ln447_147     | add | fabric    | 0       |
|   add_ln447_148_fu_173181_p2                |     |        | add_ln447_148     | add | fabric    | 0       |
|   add_ln447_149_fu_176896_p2                |     |        | add_ln447_149     | add | fabric    | 0       |
|   add_ln447_150_fu_173187_p2                |     |        | add_ln447_150     | add | fabric    | 0       |
|   add_ln447_151_fu_173197_p2                |     |        | add_ln447_151     | add | fabric    | 0       |
|   add_ln447_152_fu_173207_p2                |     |        | add_ln447_152     | add | fabric    | 0       |
|   add_ln447_153_fu_173217_p2                |     |        | add_ln447_153     | add | fabric    | 0       |
|   add_ln447_154_fu_173227_p2                |     |        | add_ln447_154     | add | fabric    | 0       |
|   add_ln447_155_fu_176909_p2                |     |        | add_ln447_155     | add | fabric    | 0       |
|   add_ln447_156_fu_173233_p2                |     |        | add_ln447_156     | add | fabric    | 0       |
|   add_ln447_157_fu_173243_p2                |     |        | add_ln447_157     | add | fabric    | 0       |
|   add_ln447_158_fu_173253_p2                |     |        | add_ln447_158     | add | fabric    | 0       |
|   add_ln447_159_fu_173263_p2                |     |        | add_ln447_159     | add | fabric    | 0       |
|   add_ln447_160_fu_173273_p2                |     |        | add_ln447_160     | add | fabric    | 0       |
|   add_ln447_161_fu_173279_p2                |     |        | add_ln447_161     | add | fabric    | 0       |
|   add_ln447_162_fu_173289_p2                |     |        | add_ln447_162     | add | fabric    | 0       |
|   add_ln447_163_fu_173295_p2                |     |        | add_ln447_163     | add | fabric    | 0       |
|   add_ln447_164_fu_173305_p2                |     |        | add_ln447_164     | add | fabric    | 0       |
|   add_ln447_165_fu_176928_p2                |     |        | add_ln447_165     | add | fabric    | 0       |
|   add_ln447_166_fu_176938_p2                |     |        | add_ln447_166     | add | fabric    | 0       |
|   add_ln447_167_fu_176948_p2                |     |        | add_ln447_167     | add | fabric    | 0       |
|   add_ln447_168_fu_173311_p2                |     |        | add_ln447_168     | add | fabric    | 0       |
|   add_ln447_169_fu_173321_p2                |     |        | add_ln447_169     | add | fabric    | 0       |
|   add_ln447_170_fu_173331_p2                |     |        | add_ln447_170     | add | fabric    | 0       |
|   add_ln447_171_fu_173341_p2                |     |        | add_ln447_171     | add | fabric    | 0       |
|   add_ln447_172_fu_173351_p2                |     |        | add_ln447_172     | add | fabric    | 0       |
|   add_ln447_173_fu_173357_p2                |     |        | add_ln447_173     | add | fabric    | 0       |
|   add_ln447_174_fu_173367_p2                |     |        | add_ln447_174     | add | fabric    | 0       |
|   add_ln447_175_fu_173373_p2                |     |        | add_ln447_175     | add | fabric    | 0       |
|   add_ln447_176_fu_173383_p2                |     |        | add_ln447_176     | add | fabric    | 0       |
|   add_ln447_177_fu_176967_p2                |     |        | add_ln447_177     | add | fabric    | 0       |
|   add_ln447_178_fu_176977_p2                |     |        | add_ln447_178     | add | fabric    | 0       |
|   add_ln447_179_fu_173389_p2                |     |        | add_ln447_179     | add | fabric    | 0       |
|   add_ln447_180_fu_173399_p2                |     |        | add_ln447_180     | add | fabric    | 0       |
|   add_ln447_181_fu_173409_p2                |     |        | add_ln447_181     | add | fabric    | 0       |
|   add_ln447_182_fu_173419_p2                |     |        | add_ln447_182     | add | fabric    | 0       |
|   add_ln447_183_fu_173429_p2                |     |        | add_ln447_183     | add | fabric    | 0       |
|   add_ln447_184_fu_173439_p2                |     |        | add_ln447_184     | add | fabric    | 0       |
|   add_ln447_185_fu_173449_p2                |     |        | add_ln447_185     | add | fabric    | 0       |
|   add_ln447_186_fu_173459_p2                |     |        | add_ln447_186     | add | fabric    | 0       |
|   add_ln447_187_fu_173469_p2                |     |        | add_ln447_187     | add | fabric    | 0       |
|   add_ln447_188_fu_173479_p2                |     |        | add_ln447_188     | add | fabric    | 0       |
|   add_ln447_189_fu_173489_p2                |     |        | add_ln447_189     | add | fabric    | 0       |
|   add_ln447_190_fu_173499_p2                |     |        | add_ln447_190     | add | fabric    | 0       |
|   add_ln447_191_fu_176990_p2                |     |        | add_ln447_191     | add | fabric    | 0       |
|   add_ln447_192_fu_177000_p2                |     |        | add_ln447_192     | add | fabric    | 0       |
|   add_ln447_193_fu_177010_p2                |     |        | add_ln447_193     | add | fabric    | 0       |
|   A_sum_fu_177020_p2                        |     |        | A_sum             | add | fabric    | 0       |
|   add_ln447_195_fu_173525_p2                |     |        | add_ln447_195     | add | fabric    | 0       |
|   add_ln447_198_fu_175487_p2                |     |        | add_ln447_198     | add | fabric    | 0       |
|   add_ln447_199_fu_175497_p2                |     |        | add_ln447_199     | add | fabric    | 0       |
|   add_ln447_200_fu_177032_p2                |     |        | add_ln447_200     | add | fabric    | 0       |
|   add_ln447_201_fu_175503_p2                |     |        | add_ln447_201     | add | fabric    | 0       |
|   add_ln447_202_fu_175513_p2                |     |        | add_ln447_202     | add | fabric    | 0       |
|   add_ln447_203_fu_175519_p2                |     |        | add_ln447_203     | add | fabric    | 0       |
|   add_ln447_204_fu_175529_p2                |     |        | add_ln447_204     | add | fabric    | 0       |
|   add_ln447_205_fu_177048_p2                |     |        | add_ln447_205     | add | fabric    | 0       |
|   add_ln447_206_fu_177058_p2                |     |        | add_ln447_206     | add | fabric    | 0       |
|   add_ln447_207_fu_175535_p2                |     |        | add_ln447_207     | add | fabric    | 0       |
|   add_ln447_208_fu_175545_p2                |     |        | add_ln447_208     | add | fabric    | 0       |
|   add_ln447_209_fu_175551_p2                |     |        | add_ln447_209     | add | fabric    | 0       |
|   add_ln447_210_fu_175561_p2                |     |        | add_ln447_210     | add | fabric    | 0       |
|   add_ln447_211_fu_177074_p2                |     |        | add_ln447_211     | add | fabric    | 0       |
|   add_ln447_212_fu_175567_p2                |     |        | add_ln447_212     | add | fabric    | 0       |
|   add_ln447_213_fu_175577_p2                |     |        | add_ln447_213     | add | fabric    | 0       |
|   add_ln447_214_fu_175583_p2                |     |        | add_ln447_214     | add | fabric    | 0       |
|   add_ln447_215_fu_175593_p2                |     |        | add_ln447_215     | add | fabric    | 0       |
|   add_ln447_216_fu_177090_p2                |     |        | add_ln447_216     | add | fabric    | 0       |
|   add_ln447_217_fu_177100_p2                |     |        | add_ln447_217     | add | fabric    | 0       |
|   add_ln447_218_fu_177110_p2                |     |        | add_ln447_218     | add | fabric    | 0       |
|   add_ln447_219_fu_175599_p2                |     |        | add_ln447_219     | add | fabric    | 0       |
|   add_ln447_220_fu_175609_p2                |     |        | add_ln447_220     | add | fabric    | 0       |
|   add_ln447_221_fu_175615_p2                |     |        | add_ln447_221     | add | fabric    | 0       |
|   add_ln447_222_fu_175625_p2                |     |        | add_ln447_222     | add | fabric    | 0       |
|   add_ln447_223_fu_177126_p2                |     |        | add_ln447_223     | add | fabric    | 0       |
|   add_ln447_224_fu_175631_p2                |     |        | add_ln447_224     | add | fabric    | 0       |
|   add_ln447_225_fu_175641_p2                |     |        | add_ln447_225     | add | fabric    | 0       |
|   add_ln447_226_fu_175647_p2                |     |        | add_ln447_226     | add | fabric    | 0       |
|   add_ln447_227_fu_175657_p2                |     |        | add_ln447_227     | add | fabric    | 0       |
|   add_ln447_228_fu_177142_p2                |     |        | add_ln447_228     | add | fabric    | 0       |
|   add_ln447_229_fu_177152_p2                |     |        | add_ln447_229     | add | fabric    | 0       |
|   add_ln447_230_fu_175663_p2                |     |        | add_ln447_230     | add | fabric    | 0       |
|   add_ln447_231_fu_175673_p2                |     |        | add_ln447_231     | add | fabric    | 0       |
|   add_ln447_232_fu_175679_p2                |     |        | add_ln447_232     | add | fabric    | 0       |
|   add_ln447_233_fu_175689_p2                |     |        | add_ln447_233     | add | fabric    | 0       |
|   add_ln447_234_fu_177168_p2                |     |        | add_ln447_234     | add | fabric    | 0       |
|   add_ln447_235_fu_175695_p2                |     |        | add_ln447_235     | add | fabric    | 0       |
|   add_ln447_236_fu_175705_p2                |     |        | add_ln447_236     | add | fabric    | 0       |
|   add_ln447_237_fu_175711_p2                |     |        | add_ln447_237     | add | fabric    | 0       |
|   add_ln447_238_fu_175721_p2                |     |        | add_ln447_238     | add | fabric    | 0       |
|   add_ln447_239_fu_177184_p2                |     |        | add_ln447_239     | add | fabric    | 0       |
|   add_ln447_240_fu_177194_p2                |     |        | add_ln447_240     | add | fabric    | 0       |
|   add_ln447_241_fu_177204_p2                |     |        | add_ln447_241     | add | fabric    | 0       |
|   add_ln447_242_fu_177214_p2                |     |        | add_ln447_242     | add | fabric    | 0       |
|   add_ln447_243_fu_175727_p2                |     |        | add_ln447_243     | add | fabric    | 0       |
|   add_ln447_244_fu_175737_p2                |     |        | add_ln447_244     | add | fabric    | 0       |
|   add_ln447_245_fu_175743_p2                |     |        | add_ln447_245     | add | fabric    | 0       |
|   add_ln447_246_fu_175753_p2                |     |        | add_ln447_246     | add | fabric    | 0       |
|   add_ln447_247_fu_177230_p2                |     |        | add_ln447_247     | add | fabric    | 0       |
|   add_ln447_248_fu_175759_p2                |     |        | add_ln447_248     | add | fabric    | 0       |
|   add_ln447_249_fu_175769_p2                |     |        | add_ln447_249     | add | fabric    | 0       |
|   add_ln447_250_fu_175775_p2                |     |        | add_ln447_250     | add | fabric    | 0       |
|   add_ln447_251_fu_175785_p2                |     |        | add_ln447_251     | add | fabric    | 0       |
|   add_ln447_252_fu_177246_p2                |     |        | add_ln447_252     | add | fabric    | 0       |
|   add_ln447_253_fu_177256_p2                |     |        | add_ln447_253     | add | fabric    | 0       |
|   add_ln447_254_fu_175791_p2                |     |        | add_ln447_254     | add | fabric    | 0       |
|   add_ln447_255_fu_175801_p2                |     |        | add_ln447_255     | add | fabric    | 0       |
|   add_ln447_256_fu_175807_p2                |     |        | add_ln447_256     | add | fabric    | 0       |
|   add_ln447_257_fu_175817_p2                |     |        | add_ln447_257     | add | fabric    | 0       |
|   add_ln447_258_fu_177272_p2                |     |        | add_ln447_258     | add | fabric    | 0       |
|   add_ln447_259_fu_175823_p2                |     |        | add_ln447_259     | add | fabric    | 0       |
|   add_ln447_260_fu_175833_p2                |     |        | add_ln447_260     | add | fabric    | 0       |
|   add_ln447_261_fu_175839_p2                |     |        | add_ln447_261     | add | fabric    | 0       |
|   add_ln447_262_fu_175849_p2                |     |        | add_ln447_262     | add | fabric    | 0       |
|   add_ln447_263_fu_177288_p2                |     |        | add_ln447_263     | add | fabric    | 0       |
|   add_ln447_264_fu_177298_p2                |     |        | add_ln447_264     | add | fabric    | 0       |
|   add_ln447_265_fu_177308_p2                |     |        | add_ln447_265     | add | fabric    | 0       |
|   add_ln447_266_fu_175855_p2                |     |        | add_ln447_266     | add | fabric    | 0       |
|   add_ln447_267_fu_175865_p2                |     |        | add_ln447_267     | add | fabric    | 0       |
|   add_ln447_268_fu_175871_p2                |     |        | add_ln447_268     | add | fabric    | 0       |
|   add_ln447_269_fu_175881_p2                |     |        | add_ln447_269     | add | fabric    | 0       |
|   add_ln447_270_fu_177324_p2                |     |        | add_ln447_270     | add | fabric    | 0       |
|   add_ln447_271_fu_175887_p2                |     |        | add_ln447_271     | add | fabric    | 0       |
|   add_ln447_272_fu_175897_p2                |     |        | add_ln447_272     | add | fabric    | 0       |
|   add_ln447_273_fu_175903_p2                |     |        | add_ln447_273     | add | fabric    | 0       |
|   add_ln447_274_fu_175913_p2                |     |        | add_ln447_274     | add | fabric    | 0       |
|   add_ln447_275_fu_177340_p2                |     |        | add_ln447_275     | add | fabric    | 0       |
|   add_ln447_276_fu_177350_p2                |     |        | add_ln447_276     | add | fabric    | 0       |
|   add_ln447_277_fu_175919_p2                |     |        | add_ln447_277     | add | fabric    | 0       |
|   add_ln447_278_fu_175929_p2                |     |        | add_ln447_278     | add | fabric    | 0       |
|   add_ln447_279_fu_175935_p2                |     |        | add_ln447_279     | add | fabric    | 0       |
|   add_ln447_280_fu_175945_p2                |     |        | add_ln447_280     | add | fabric    | 0       |
|   add_ln447_281_fu_177366_p2                |     |        | add_ln447_281     | add | fabric    | 0       |
|   add_ln447_282_fu_175951_p2                |     |        | add_ln447_282     | add | fabric    | 0       |
|   add_ln447_283_fu_175961_p2                |     |        | add_ln447_283     | add | fabric    | 0       |
|   add_ln447_284_fu_175967_p2                |     |        | add_ln447_284     | add | fabric    | 0       |
|   add_ln447_285_fu_175977_p2                |     |        | add_ln447_285     | add | fabric    | 0       |
|   add_ln447_286_fu_175987_p2                |     |        | add_ln447_286     | add | fabric    | 0       |
|   add_ln447_287_fu_177382_p2                |     |        | add_ln447_287     | add | fabric    | 0       |
|   add_ln447_288_fu_177392_p2                |     |        | add_ln447_288     | add | fabric    | 0       |
|   add_ln447_289_fu_177402_p2                |     |        | add_ln447_289     | add | fabric    | 0       |
|   add_ln447_290_fu_177412_p2                |     |        | add_ln447_290     | add | fabric    | 0       |
|   add_ln447_291_fu_177422_p2                |     |        | add_ln447_291     | add | fabric    | 0       |
|   add_ln447_292_fu_175993_p2                |     |        | add_ln447_292     | add | fabric    | 0       |
|   add_ln447_293_fu_176003_p2                |     |        | add_ln447_293     | add | fabric    | 0       |
|   add_ln447_294_fu_176009_p2                |     |        | add_ln447_294     | add | fabric    | 0       |
|   add_ln447_295_fu_176019_p2                |     |        | add_ln447_295     | add | fabric    | 0       |
|   add_ln447_296_fu_177438_p2                |     |        | add_ln447_296     | add | fabric    | 0       |
|   add_ln447_297_fu_176025_p2                |     |        | add_ln447_297     | add | fabric    | 0       |
|   add_ln447_298_fu_176035_p2                |     |        | add_ln447_298     | add | fabric    | 0       |
|   add_ln447_299_fu_176041_p2                |     |        | add_ln447_299     | add | fabric    | 0       |
|   add_ln447_300_fu_176051_p2                |     |        | add_ln447_300     | add | fabric    | 0       |
|   add_ln447_301_fu_177454_p2                |     |        | add_ln447_301     | add | fabric    | 0       |
|   add_ln447_302_fu_177464_p2                |     |        | add_ln447_302     | add | fabric    | 0       |
|   add_ln447_303_fu_176057_p2                |     |        | add_ln447_303     | add | fabric    | 0       |
|   add_ln447_304_fu_176067_p2                |     |        | add_ln447_304     | add | fabric    | 0       |
|   add_ln447_305_fu_176073_p2                |     |        | add_ln447_305     | add | fabric    | 0       |
|   add_ln447_306_fu_176083_p2                |     |        | add_ln447_306     | add | fabric    | 0       |
|   add_ln447_307_fu_177480_p2                |     |        | add_ln447_307     | add | fabric    | 0       |
|   add_ln447_308_fu_176089_p2                |     |        | add_ln447_308     | add | fabric    | 0       |
|   add_ln447_309_fu_176099_p2                |     |        | add_ln447_309     | add | fabric    | 0       |
|   add_ln447_310_fu_176105_p2                |     |        | add_ln447_310     | add | fabric    | 0       |
|   add_ln447_311_fu_176115_p2                |     |        | add_ln447_311     | add | fabric    | 0       |
|   add_ln447_312_fu_177496_p2                |     |        | add_ln447_312     | add | fabric    | 0       |
|   add_ln447_313_fu_177506_p2                |     |        | add_ln447_313     | add | fabric    | 0       |
|   add_ln447_314_fu_177516_p2                |     |        | add_ln447_314     | add | fabric    | 0       |
|   add_ln447_315_fu_176121_p2                |     |        | add_ln447_315     | add | fabric    | 0       |
|   add_ln447_316_fu_176131_p2                |     |        | add_ln447_316     | add | fabric    | 0       |
|   add_ln447_317_fu_176137_p2                |     |        | add_ln447_317     | add | fabric    | 0       |
|   add_ln447_318_fu_176147_p2                |     |        | add_ln447_318     | add | fabric    | 0       |
|   add_ln447_319_fu_177532_p2                |     |        | add_ln447_319     | add | fabric    | 0       |
|   add_ln447_320_fu_176153_p2                |     |        | add_ln447_320     | add | fabric    | 0       |
|   add_ln447_321_fu_176163_p2                |     |        | add_ln447_321     | add | fabric    | 0       |
|   add_ln447_322_fu_176169_p2                |     |        | add_ln447_322     | add | fabric    | 0       |
|   add_ln447_323_fu_176179_p2                |     |        | add_ln447_323     | add | fabric    | 0       |
|   add_ln447_324_fu_177548_p2                |     |        | add_ln447_324     | add | fabric    | 0       |
|   add_ln447_325_fu_177558_p2                |     |        | add_ln447_325     | add | fabric    | 0       |
|   add_ln447_326_fu_176185_p2                |     |        | add_ln447_326     | add | fabric    | 0       |
|   add_ln447_327_fu_176195_p2                |     |        | add_ln447_327     | add | fabric    | 0       |
|   add_ln447_328_fu_176201_p2                |     |        | add_ln447_328     | add | fabric    | 0       |
|   add_ln447_329_fu_176211_p2                |     |        | add_ln447_329     | add | fabric    | 0       |
|   add_ln447_330_fu_177574_p2                |     |        | add_ln447_330     | add | fabric    | 0       |
|   add_ln447_331_fu_176217_p2                |     |        | add_ln447_331     | add | fabric    | 0       |
|   add_ln447_332_fu_176227_p2                |     |        | add_ln447_332     | add | fabric    | 0       |
|   add_ln447_333_fu_176233_p2                |     |        | add_ln447_333     | add | fabric    | 0       |
|   add_ln447_334_fu_176243_p2                |     |        | add_ln447_334     | add | fabric    | 0       |
|   add_ln447_335_fu_176253_p2                |     |        | add_ln447_335     | add | fabric    | 0       |
|   add_ln447_336_fu_177590_p2                |     |        | add_ln447_336     | add | fabric    | 0       |
|   add_ln447_337_fu_177600_p2                |     |        | add_ln447_337     | add | fabric    | 0       |
|   add_ln447_338_fu_177610_p2                |     |        | add_ln447_338     | add | fabric    | 0       |
|   add_ln447_339_fu_177620_p2                |     |        | add_ln447_339     | add | fabric    | 0       |
|   add_ln447_340_fu_176259_p2                |     |        | add_ln447_340     | add | fabric    | 0       |
|   add_ln447_341_fu_176269_p2                |     |        | add_ln447_341     | add | fabric    | 0       |
|   add_ln447_342_fu_176275_p2                |     |        | add_ln447_342     | add | fabric    | 0       |
|   add_ln447_343_fu_176285_p2                |     |        | add_ln447_343     | add | fabric    | 0       |
|   add_ln447_344_fu_177636_p2                |     |        | add_ln447_344     | add | fabric    | 0       |
|   add_ln447_345_fu_176291_p2                |     |        | add_ln447_345     | add | fabric    | 0       |
|   add_ln447_346_fu_176301_p2                |     |        | add_ln447_346     | add | fabric    | 0       |
|   add_ln447_347_fu_176307_p2                |     |        | add_ln447_347     | add | fabric    | 0       |
|   add_ln447_348_fu_176317_p2                |     |        | add_ln447_348     | add | fabric    | 0       |
|   add_ln447_349_fu_177652_p2                |     |        | add_ln447_349     | add | fabric    | 0       |
|   add_ln447_350_fu_177662_p2                |     |        | add_ln447_350     | add | fabric    | 0       |
|   add_ln447_351_fu_176323_p2                |     |        | add_ln447_351     | add | fabric    | 0       |
|   add_ln447_352_fu_176333_p2                |     |        | add_ln447_352     | add | fabric    | 0       |
|   add_ln447_353_fu_176339_p2                |     |        | add_ln447_353     | add | fabric    | 0       |
|   add_ln447_354_fu_176349_p2                |     |        | add_ln447_354     | add | fabric    | 0       |
|   add_ln447_355_fu_177678_p2                |     |        | add_ln447_355     | add | fabric    | 0       |
|   add_ln447_356_fu_176355_p2                |     |        | add_ln447_356     | add | fabric    | 0       |
|   add_ln447_357_fu_176365_p2                |     |        | add_ln447_357     | add | fabric    | 0       |
|   add_ln447_358_fu_176371_p2                |     |        | add_ln447_358     | add | fabric    | 0       |
|   add_ln447_359_fu_176381_p2                |     |        | add_ln447_359     | add | fabric    | 0       |
|   add_ln447_360_fu_177694_p2                |     |        | add_ln447_360     | add | fabric    | 0       |
|   add_ln447_361_fu_177704_p2                |     |        | add_ln447_361     | add | fabric    | 0       |
|   add_ln447_362_fu_177714_p2                |     |        | add_ln447_362     | add | fabric    | 0       |
|   add_ln447_363_fu_176387_p2                |     |        | add_ln447_363     | add | fabric    | 0       |
|   add_ln447_364_fu_176397_p2                |     |        | add_ln447_364     | add | fabric    | 0       |
|   add_ln447_365_fu_176403_p2                |     |        | add_ln447_365     | add | fabric    | 0       |
|   add_ln447_366_fu_176413_p2                |     |        | add_ln447_366     | add | fabric    | 0       |
|   add_ln447_367_fu_177730_p2                |     |        | add_ln447_367     | add | fabric    | 0       |
|   add_ln447_368_fu_176419_p2                |     |        | add_ln447_368     | add | fabric    | 0       |
|   add_ln447_369_fu_176429_p2                |     |        | add_ln447_369     | add | fabric    | 0       |
|   add_ln447_370_fu_176435_p2                |     |        | add_ln447_370     | add | fabric    | 0       |
|   add_ln447_371_fu_176445_p2                |     |        | add_ln447_371     | add | fabric    | 0       |
|   add_ln447_372_fu_177746_p2                |     |        | add_ln447_372     | add | fabric    | 0       |
|   add_ln447_373_fu_177756_p2                |     |        | add_ln447_373     | add | fabric    | 0       |
|   add_ln447_374_fu_176451_p2                |     |        | add_ln447_374     | add | fabric    | 0       |
|   add_ln447_375_fu_176461_p2                |     |        | add_ln447_375     | add | fabric    | 0       |
|   add_ln447_376_fu_176467_p2                |     |        | add_ln447_376     | add | fabric    | 0       |
|   add_ln447_377_fu_176477_p2                |     |        | add_ln447_377     | add | fabric    | 0       |
|   add_ln447_378_fu_177772_p2                |     |        | add_ln447_378     | add | fabric    | 0       |
|   add_ln447_379_fu_176483_p2                |     |        | add_ln447_379     | add | fabric    | 0       |
|   add_ln447_380_fu_176493_p2                |     |        | add_ln447_380     | add | fabric    | 0       |
|   add_ln447_381_fu_176499_p2                |     |        | add_ln447_381     | add | fabric    | 0       |
|   add_ln447_382_fu_176509_p2                |     |        | add_ln447_382     | add | fabric    | 0       |
|   add_ln447_383_fu_176519_p2                |     |        | add_ln447_383     | add | fabric    | 0       |
|   add_ln447_384_fu_177788_p2                |     |        | add_ln447_384     | add | fabric    | 0       |
|   add_ln447_385_fu_177798_p2                |     |        | add_ln447_385     | add | fabric    | 0       |
|   add_ln447_386_fu_177808_p2                |     |        | add_ln447_386     | add | fabric    | 0       |
|   add_ln447_387_fu_177818_p2                |     |        | add_ln447_387     | add | fabric    | 0       |
|   add_ln447_388_fu_177828_p2                |     |        | add_ln447_388     | add | fabric    | 0       |
|   A_sum_1_fu_177838_p2                      |     |        | A_sum_1           | add | fabric    | 0       |
|   add_ln457_fu_176525_p2                    |     |        | add_ln457         | add | fabric    | 0       |
|   add_ln457_3_fu_176579_p2                  |     |        | add_ln457_3       | add | fabric    | 0       |
|   add_ln457_4_fu_176589_p2                  |     |        | add_ln457_4       | add | fabric    | 0       |
|   add_ln457_5_fu_176599_p2                  |     |        | add_ln457_5       | add | fabric    | 0       |
|   add_ln457_6_fu_176605_p2                  |     |        | add_ln457_6       | add | fabric    | 0       |
|   add_ln457_7_fu_176615_p2                  |     |        | add_ln457_7       | add | fabric    | 0       |
|   add_ln457_8_fu_176621_p2                  |     |        | add_ln457_8       | add | fabric    | 0       |
|   add_ln457_9_fu_176627_p2                  |     |        | add_ln457_9       | add | fabric    | 0       |
|   add_ln457_10_fu_177856_p2                 |     |        | add_ln457_10      | add | fabric    | 0       |
|   add_ln457_11_fu_177866_p2                 |     |        | add_ln457_11      | add | fabric    | 0       |
|   A_trace_fu_177876_p2                      |     |        | A_trace           | add | fabric    | 0       |
|   add_ln457_13_fu_176633_p2                 |     |        | add_ln457_13      | add | fabric    | 0       |
|   add_ln457_16_fu_176687_p2                 |     |        | add_ln457_16      | add | fabric    | 0       |
|   add_ln457_17_fu_176697_p2                 |     |        | add_ln457_17      | add | fabric    | 0       |
|   add_ln457_18_fu_176707_p2                 |     |        | add_ln457_18      | add | fabric    | 0       |
|   add_ln457_19_fu_176713_p2                 |     |        | add_ln457_19      | add | fabric    | 0       |
|   add_ln457_20_fu_176723_p2                 |     |        | add_ln457_20      | add | fabric    | 0       |
|   add_ln457_21_fu_176729_p2                 |     |        | add_ln457_21      | add | fabric    | 0       |
|   add_ln457_22_fu_176735_p2                 |     |        | add_ln457_22      | add | fabric    | 0       |
|   add_ln457_23_fu_177894_p2                 |     |        | add_ln457_23      | add | fabric    | 0       |
|   add_ln457_24_fu_177904_p2                 |     |        | add_ln457_24      | add | fabric    | 0       |
|   A_trace_1_fu_177914_p2                    |     |        | A_trace_1         | add | fabric    | 0       |
|   mul_13ns_34ns_46_1_1_U6                   | 2   |        | mul_ln470         | mul | auto      | 0       |
|   mul_8ns_32s_39_1_1_U2                     | 2   |        | mul_ln470_1       | mul | auto      | 0       |
|   add_ln470_fu_177954_p2                    |     |        | add_ln470         | add | fabric    | 0       |
|   mul_47s_25ns_70_1_1_U10                   | 3   |        | mul_ln470_2       | mul | auto      | 0       |
|   add_ln470_1_fu_178168_p2                  |     |        | add_ln470_1       | add | fabric    | 0       |
|   mul_9ns_34ns_42_1_1_U4                    | 2   |        | mul_ln471         | mul | auto      | 0       |
|   mul_4ns_32s_35_1_1_U167                   |     |        | mul_ln471_1       | mul | auto      | 0       |
|   add_ln471_fu_177986_p2                    |     |        | add_ln471         | add | fabric    | 0       |
|   mul_43s_31ns_72_1_1_U8                    | 4   |        | mul_ln471_2       | mul | auto      | 0       |
|   add_ln471_1_fu_178275_p2                  |     |        | add_ln471_1       | add | fabric    | 0       |
|   mul_13ns_32ns_44_1_1_U5                   | 2   |        | mul_ln470_3       | mul | auto      | 0       |
|   mul_8ns_30s_38_1_1_U1                     | 2   |        | mul_ln470_4       | mul | auto      | 0       |
|   add_ln470_2_fu_178012_p2                  |     |        | add_ln470_2       | add | fabric    | 0       |
|   mul_45s_25ns_68_1_1_U9                    | 3   |        | mul_ln470_5       | mul | auto      | 0       |
|   add_ln470_3_fu_178467_p2                  |     |        | add_ln470_3       | add | fabric    | 0       |
|   mul_9ns_32ns_40_1_1_U3                    | 2   |        | mul_ln471_3       | mul | auto      | 0       |
|   mul_4ns_30s_34_1_1_U168                   |     |        | mul_ln471_4       | mul | auto      | 0       |
|   add_ln471_2_fu_178044_p2                  |     |        | add_ln471_2       | add | fabric    | 0       |
|   mul_41s_31ns_70_1_1_U7                    | 4   |        | mul_ln471_5       | mul | auto      | 0       |
|   add_ln471_3_fu_178517_p2                  |     |        | add_ln471_3       | add | fabric    | 0       |
|   mac_muladd_6s_6s_10s_12_1_1_U328          | 1   |        | mul_ln493         | mul | dsp_slice | 0       |
|   add_ln493_fu_178643_p2                    |     |        | add_ln493         | add | fabric    | 0       |
|   mac_muladd_6s_6s_10s_12_1_1_U328          | 1   |        | tmp2498           | add | dsp_slice | 0       |
|   tmp4080493_fu_178685_p2                   |     |        | tmp4080493        | add | fabric    | 0       |
|   mul_6s_6s_11_1_1_U169                     |     |        | mul_ln493_1       | mul | auto      | 0       |
|   add_ln493_2_fu_178718_p2                  |     |        | add_ln493_2       | add | fabric    | 0       |
|   add_ln493_1_fu_178728_p2                  |     |        | add_ln493_1       | add | fabric    | 0       |
|   add_ln575_fu_178776_p2                    |     |        | add_ln575         | add | fabric    | 0       |
+---------------------------------------------+-----+--------+-------------------+-----+-----------+---------+


================================================================
== Storage Report
================================================================
  No bind storage info in design

================================================================
== Pragma Report
================================================================
* Valid Pragma Syntax
+-----------------+----------------------------------------------+------------------------------------------------------------------------+
| Type            | Options                                      | Location                                                               |
+-----------------+----------------------------------------------+------------------------------------------------------------------------+
| array_reshape   | variable=model_input complete dim=0          | firmware/nPELICAN.cpp:67 in npelican, model_input                      |
| array_reshape   | variable=beam_input complete dim=0           | firmware/nPELICAN.cpp:68 in npelican, beam_input                       |
| array_partition | variable=model_out complete dim=0            | firmware/nPELICAN.cpp:69 in npelican, model_out                        |
| interface       | ap_vld port=model_input,beam_input,model_out | firmware/nPELICAN.cpp:70 in npelican, model_input,beam_input,model_out |
| pipeline        | II=1                                         | firmware/nPELICAN.cpp:72 in npelican                                   |
| array_partition | variable=batch1_2to2 complete dim=0          | firmware/nPELICAN.cpp:75 in npelican, batch1_2to2                      |
| array_partition | variable=w1_2to2 complete dim=0              | firmware/nPELICAN.cpp:76 in npelican, w1_2to2                          |
| array_partition | variable=b1_2to2 complete dim=0              | firmware/nPELICAN.cpp:77 in npelican, b1_2to2                          |
| array_partition | variable=b1_diag_2to2 complete dim=0         | firmware/nPELICAN.cpp:78 in npelican, b1_diag_2to2                     |
| array_partition | variable=b1_diag_total_2to2 complete dim=0   | firmware/nPELICAN.cpp:79 in npelican, b1_diag_total_2to2               |
| array_partition | variable=batch2_2to0 complete dim=0          | firmware/nPELICAN.cpp:80 in npelican, batch2_2to0                      |
| array_partition | variable=w2_2to0 complete dim=0              | firmware/nPELICAN.cpp:81 in npelican, w2_2to0                          |
| array_partition | variable=b2_2to0 complete dim=0              | firmware/nPELICAN.cpp:82 in npelican, b2_2to0                          |
| array_partition | variable=bn1_t0_rom complete dim=0           | firmware/nPELICAN.cpp:84 in npelican, bn1_t0_rom                       |
| array_partition | variable=nobjmask complete dim=0             | firmware/nPELICAN.cpp:100 in npelican, nobjmask                        |
| array_partition | variable=dots complete dim=0                 | firmware/nPELICAN.cpp:113 in npelican, dots                            |
| array_partition | variable=p1 complete dim=0                   | firmware/nPELICAN.cpp:115 in npelican, p1                              |
| unroll          |                                              | firmware/nPELICAN.cpp:117 in npelican                                  |
| unroll          |                                              | firmware/nPELICAN.cpp:119 in npelican                                  |
| unroll          |                                              | firmware/nPELICAN.cpp:136 in npelican                                  |
| unroll          |                                              | firmware/nPELICAN.cpp:138 in npelican                                  |
| array_partition | variable=xi complete dim=0                   | firmware/nPELICAN.cpp:172 in npelican, xi                              |
| array_partition | variable=eta complete dim=0                  | firmware/nPELICAN.cpp:173 in npelican, eta                             |
| unroll          |                                              | firmware/nPELICAN.cpp:175 in npelican                                  |
| unroll          |                                              | firmware/nPELICAN.cpp:187 in npelican                                  |
| unroll          |                                              | firmware/nPELICAN.cpp:189 in npelican                                  |
| array_partition | variable=rowsum complete dim=0               | firmware/nPELICAN.cpp:264 in npelican, rowsum                          |
| unroll          |                                              | firmware/nPELICAN.cpp:266 in npelican                                  |
| unroll          |                                              | firmware/nPELICAN.cpp:273 in npelican                                  |
| unroll          |                                              | firmware/nPELICAN.cpp:275 in npelican                                  |
| unroll          |                                              | firmware/nPELICAN.cpp:280 in npelican                                  |
| array_partition | variable=jdotp complete dim=0                | firmware/nPELICAN.cpp:287 in npelican, jdotp                           |
| unroll          |                                              | firmware/nPELICAN.cpp:289 in npelican                                  |
| array_partition | variable=T complete dim=0                    | firmware/nPELICAN.cpp:297 in npelican, T                               |
| unroll          |                                              | firmware/nPELICAN.cpp:299 in npelican                                  |
| unroll          |                                              | firmware/nPELICAN.cpp:301 in npelican                                  |
| unroll          |                                              | firmware/nPELICAN.cpp:303 in npelican                                  |
| unroll          |                                              | firmware/nPELICAN.cpp:312 in npelican                                  |
| unroll          |                                              | firmware/nPELICAN.cpp:314 in npelican                                  |
| unroll          |                                              | firmware/nPELICAN.cpp:329 in npelican                                  |
| unroll          |                                              | firmware/nPELICAN.cpp:331 in npelican                                  |
| unroll          |                                              | firmware/nPELICAN.cpp:339 in npelican                                  |
| array_partition | variable=Tp complete dim=0                   | firmware/nPELICAN.cpp:347 in npelican, Tp                              |
| unroll          |                                              | firmware/nPELICAN.cpp:362 in npelican                                  |
| unroll          |                                              | firmware/nPELICAN.cpp:364 in npelican                                  |
| unroll          |                                              | firmware/nPELICAN.cpp:366 in npelican                                  |
| unroll          |                                              | firmware/nPELICAN.cpp:374 in npelican                                  |
| unroll          |                                              | firmware/nPELICAN.cpp:376 in npelican                                  |
| unroll          |                                              | firmware/nPELICAN.cpp:378 in npelican                                  |
| unroll          |                                              | firmware/nPELICAN.cpp:380 in npelican                                  |
| array_partition | variable=Tp_q complete dim=0                 | firmware/nPELICAN.cpp:389 in npelican, Tp_q                            |
| unroll          |                                              | firmware/nPELICAN.cpp:394 in npelican                                  |
| unroll          |                                              | firmware/nPELICAN.cpp:396 in npelican                                  |
| unroll          |                                              | firmware/nPELICAN.cpp:398 in npelican                                  |
| array_partition | variable=bn2_beta complete dim=0             | firmware/nPELICAN.cpp:423 in npelican, bn2_beta                        |
| unroll          |                                              | firmware/nPELICAN.cpp:425 in npelican                                  |
| array_partition | variable=A_sum complete dim=0                | firmware/nPELICAN.cpp:432 in npelican, A_sum                           |
| array_partition | variable=A_trace complete dim=0              | firmware/nPELICAN.cpp:433 in npelican, A_trace                         |
| unroll          |                                              | firmware/nPELICAN.cpp:435 in npelican                                  |
| unroll          |                                              | firmware/nPELICAN.cpp:442 in npelican                                  |
| unroll          |                                              | firmware/nPELICAN.cpp:444 in npelican                                  |
| unroll          |                                              | firmware/nPELICAN.cpp:446 in npelican                                  |
| unroll          |                                              | firmware/nPELICAN.cpp:454 in npelican                                  |
| unroll          |                                              | firmware/nPELICAN.cpp:456 in npelican                                  |
| array_partition | variable=R complete dim=0                    | firmware/nPELICAN.cpp:467 in npelican, R                               |
| unroll          |                                              | firmware/nPELICAN.cpp:469 in npelican                                  |
| array_partition | variable=Rp complete dim=0                   | firmware/nPELICAN.cpp:477 in npelican, Rp                              |
| unroll          |                                              | firmware/nPELICAN.cpp:482 in npelican                                  |
| unroll          |                                              | firmware/nPELICAN.cpp:488 in npelican                                  |
| unroll          |                                              | firmware/nPELICAN.cpp:490 in npelican                                  |
| unroll          |                                              | firmware/nPELICAN.cpp:492 in npelican                                  |
+-----------------+----------------------------------------------+------------------------------------------------------------------------+


